# This file uses centimeters as units for non-parametric coordinates.

mtllib YVR_D1_Left_Controller.mtl
usemtl Material_75

v -0.013978 -0.024616 -0.026282
v -0.012543 -0.024907 -0.030122
v -0.022494 -0.017562 -0.033418
v -0.012331 -0.023554 -0.039306
v -0.006236 -0.026897 -0.036499
v -0.009952 -0.025804 -0.033920
v -0.001922 -0.027702 -0.038157
v -0.007136 -0.025276 -0.040464
v -0.015069 -0.022654 -0.032061
v -0.016420 -0.021916 -0.027611
v -0.019536 -0.019288 -0.028451
v -0.019081 -0.020054 -0.032978
v -0.021998 -0.018204 -0.039485
v -0.022468 -0.016707 -0.028970
v -0.017834 -0.020827 -0.039473
v -0.002290 -0.026251 -0.041170
v -0.014557 -0.024974 -0.022917
v -0.016930 -0.021579 -0.023720
v -0.019572 -0.018567 -0.024227
v -0.022121 -0.015615 -0.024607
v -0.006455 0.058828 -0.038845
v -0.014844 0.055987 -0.038829
v -0.022393 0.051401 -0.038811
v -0.028749 0.045272 -0.038790
v -0.033602 0.037876 -0.038762
v -0.036708 0.029544 -0.038720
v -0.037896 0.020646 -0.038638
v -0.037105 0.011585 -0.038505
v -0.034309 0.002802 -0.038362
v -0.029561 -0.005198 -0.038260
v -0.023227 -0.012074 -0.038198
v -0.015597 -0.017339 -0.038156
v -0.006849 -0.020443 -0.038127
v -0.007373 0.065516 -0.028524
v -0.017002 0.062063 -0.028465
v -0.025278 0.056822 -0.028389
v -0.032057 0.050054 -0.028298
v -0.037774 0.041274 -0.028156
v -0.040831 0.032211 -0.027955
v -0.041844 0.022488 -0.027990
v -0.040919 0.012817 -0.027945
v -0.037575 0.003234 -0.028202
v -0.031907 -0.005928 -0.028675
v -0.002111 0.060719 -0.032881
v -0.010850 0.058753 -0.032855
v -0.018926 0.054912 -0.032826
v -0.025932 0.049379 -0.032791
v -0.031517 0.042422 -0.032744
v -0.035398 0.034384 -0.032680
v -0.037377 0.025656 -0.032570
v -0.037385 0.016652 -0.032379
v -0.035438 0.007792 -0.032134
v -0.031544 -0.000446 -0.031914
v -0.025972 -0.007721 -0.031764
v -0.019127 -0.013718 -0.031666
v -0.002604 0.066249 -0.032917
v -0.012525 0.063926 -0.032832
v -0.021704 0.059457 -0.032695
v -0.029420 0.053302 -0.032533
v -0.035844 0.045327 -0.032363
v -0.040359 0.036210 -0.032170
v -0.042471 0.026603 -0.032109
v -0.042560 0.016602 -0.032149
v -0.040406 0.006722 -0.032307
v -0.033411 0.000149 -0.024085
v -0.029027 -0.011485 -0.033318
v -0.002289 0.065377 -0.024154
v -0.002577 0.064298 -0.039292
v -0.011602 0.063233 -0.024129
v -0.012280 0.062099 -0.039198
v -0.020219 0.059106 -0.024097
v -0.021258 0.057825 -0.039045
v -0.027446 0.053431 -0.024060
v -0.029051 0.051715 -0.038865
v -0.033494 0.046027 -0.024006
v -0.035351 0.044011 -0.038699
v -0.037791 0.037333 -0.023888
v -0.039801 0.035118 -0.038580
v -0.039777 0.028032 -0.023841
v -0.042127 0.025475 -0.038543
v -0.039849 0.018641 -0.023817
v -0.042267 0.015483 -0.038580
v -0.037803 0.009389 -0.023836
v -0.040166 0.005611 -0.038707
v -0.035820 -0.003624 -0.038969
v -0.027037 -0.009196 -0.024438
v -0.029257 -0.011969 -0.039352
v -0.035877 -0.002644 -0.032726
v -0.002048 0.061047 -0.026728
v -0.006536 0.059979 -0.032868
v -0.002068 0.059548 -0.038853
v -0.010666 0.059076 -0.026702
v -0.014999 0.057058 -0.032841
v -0.010730 0.057636 -0.038837
v -0.018619 0.055224 -0.026683
v -0.022586 0.052344 -0.032810
v -0.018746 0.053901 -0.038820
v -0.025479 0.049683 -0.026663
v -0.028922 0.046058 -0.032769
v -0.025740 0.048513 -0.038801
v -0.030885 0.042744 -0.026636
v -0.033686 0.038515 -0.032715
v -0.031379 0.041713 -0.038777
v -0.034555 0.034781 -0.026587
v -0.036634 0.030081 -0.032633
v -0.035386 0.033804 -0.038745
v -0.036310 0.026211 -0.026482
v -0.037626 0.021161 -0.032486
v -0.037547 0.025141 -0.038686
v -0.036125 0.017469 -0.026272
v -0.036655 0.012178 -0.032259
v -0.037750 0.016109 -0.038576
v -0.034071 0.008968 -0.025988
v -0.033735 0.003562 -0.032015
v -0.035958 0.007126 -0.038431
v -0.030171 0.001156 -0.025735
v -0.028934 -0.004213 -0.031831
v -0.032158 -0.001318 -0.038305
v -0.024738 -0.005711 -0.025569
v -0.022691 -0.010909 -0.031710
v -0.026571 -0.008804 -0.038225
v -0.018204 -0.011398 -0.025469
v -0.015261 -0.016045 -0.031630
v -0.019566 -0.014947 -0.038175
v -0.011325 -0.019164 -0.038140
v -0.002265 -0.021194 -0.038119
v -0.006411 0.060305 -0.026714
v -0.014755 0.057376 -0.026692
v -0.022210 0.052650 -0.026674
v -0.028384 0.046366 -0.026651
v -0.032952 0.038865 -0.026615
v -0.035680 0.030545 -0.026546
v -0.036455 0.021834 -0.026393
v -0.035328 0.013165 -0.026133
v -0.032352 0.004944 -0.025850
v -0.027607 -0.002397 -0.025641
v -0.021594 -0.008731 -0.025513
v -0.007485 0.063472 -0.039254
v -0.016894 0.060208 -0.039127
v -0.025326 0.054982 -0.038956
v -0.032403 0.048049 -0.038778
v -0.037837 0.039676 -0.038632
v -0.041234 0.030372 -0.038549
v -0.042473 0.020492 -0.038556
v -0.041501 0.010505 -0.038626
v -0.038270 0.000876 -0.038821
v -0.032816 -0.007901 -0.039147
v -0.007580 0.065389 -0.032883
v -0.006956 0.064585 -0.024142
v -0.017285 0.061926 -0.032769
v -0.016074 0.061385 -0.024113
v -0.025758 0.056567 -0.032615
v -0.024017 0.056441 -0.024079
v -0.032759 0.049582 -0.032449
v -0.030580 0.049990 -0.024038
v -0.038451 0.040786 -0.032272
v -0.035969 0.041741 -0.023958
v -0.041667 0.031511 -0.032102
v -0.039034 0.032772 -0.023836
v -0.042769 0.021597 -0.032142
v -0.040040 0.023269 -0.023851
v -0.041790 0.011637 -0.032186
v -0.039128 0.014048 -0.023793
v -0.038428 0.001935 -0.032493
v -0.035892 0.004732 -0.023937
v -0.032745 -0.007092 -0.033002
v -0.030435 -0.004461 -0.024260
v -0.002488 0.066362 -0.028542
v -0.012279 0.064054 -0.028497
v -0.021339 0.059635 -0.028428
v -0.028808 0.053677 -0.028346
v -0.035150 0.045808 -0.028238
v -0.039616 0.036790 -0.028040
v -0.041572 0.027395 -0.027964
v -0.041655 0.017640 -0.027957
v -0.039550 0.007989 -0.028036
v -0.028264 -0.010547 -0.028967
v -0.002232 0.059868 -0.046065
v -0.035019 -0.001370 -0.028418
v 0.018770 -0.024616 -0.026282
v 0.002396 -0.027982 -0.038741
v 0.017334 -0.024907 -0.030122
v 0.027273 -0.017576 -0.033419
v 0.022626 -0.020827 -0.039473
v 0.011028 -0.026897 -0.036499
v 0.014743 -0.025804 -0.033920
v 0.006714 -0.027702 -0.038157
v 0.019861 -0.022654 -0.032061
v 0.021212 -0.021916 -0.027611
v 0.024326 -0.019290 -0.028451
v 0.023872 -0.020055 -0.032978
v 0.007082 -0.026251 -0.041170
v 0.027233 -0.016740 -0.028972
v 0.017122 -0.023554 -0.039306
v 0.011928 -0.025276 -0.040464
v 0.026789 -0.018205 -0.039485
v 0.002396 -0.026568 -0.041415
v 0.019349 -0.024974 -0.022917
v 0.021722 -0.021579 -0.023720
v 0.024360 -0.018572 -0.024227
v 0.026873 -0.015668 -0.024609
v 0.011202 0.060305 -0.026714
v 0.002396 0.059790 -0.038857
v 0.019547 0.057376 -0.026692
v 0.027002 0.052650 -0.026674
v 0.033176 0.046366 -0.026651
v 0.037744 0.038865 -0.026615
v 0.040472 0.030545 -0.026546
v 0.041247 0.021834 -0.026393
v 0.040120 0.013165 -0.026133
v 0.037144 0.004944 -0.025850
v 0.032399 -0.002397 -0.025641
v 0.026386 -0.008731 -0.025513
v 0.012277 0.063472 -0.039254
v 0.012165 0.065516 -0.028524
v 0.002396 0.066630 -0.028550
v 0.021686 0.060208 -0.039127
v 0.021794 0.062063 -0.028465
v 0.030117 0.054982 -0.038956
v 0.030070 0.056822 -0.028389
v 0.037194 0.048049 -0.038778
v 0.036849 0.050054 -0.028297
v 0.042629 0.039676 -0.038632
v 0.042566 0.041274 -0.028156
v 0.046026 0.030372 -0.038549
v 0.045623 0.032211 -0.027955
v 0.047265 0.020492 -0.038556
v 0.046636 0.022488 -0.027990
v 0.046292 0.010505 -0.038626
v 0.045711 0.012817 -0.027945
v 0.043062 0.000876 -0.038821
v 0.042367 0.003234 -0.028202
v 0.037608 -0.007901 -0.039147
v 0.036699 -0.005928 -0.028675
v 0.002396 0.060118 -0.046069
v 0.006903 0.060719 -0.032881
v 0.015642 0.058753 -0.032855
v 0.023718 0.054912 -0.032826
v 0.030724 0.049379 -0.032791
v 0.036309 0.042422 -0.032744
v 0.040190 0.034384 -0.032680
v 0.042169 0.025656 -0.032570
v 0.042177 0.016652 -0.032379
v 0.040230 0.007792 -0.032134
v 0.036336 -0.000446 -0.031914
v 0.030764 -0.007721 -0.031764
v 0.023918 -0.013718 -0.031666
v 0.006860 0.059548 -0.038853
v 0.015522 0.057636 -0.038837
v 0.023538 0.053901 -0.038820
v 0.030532 0.048513 -0.038801
v 0.036171 0.041713 -0.038777
v 0.040178 0.033804 -0.038745
v 0.042338 0.025141 -0.038686
v 0.042542 0.016109 -0.038576
v 0.040750 0.007126 -0.038431
v 0.036950 -0.001318 -0.038305
v 0.031363 -0.008804 -0.038225
v 0.024358 -0.014947 -0.038175
v 0.016117 -0.019164 -0.038140
v 0.007056 -0.021194 -0.038119
v 0.006840 0.061047 -0.026728
v 0.015458 0.059076 -0.026702
v 0.023411 0.055224 -0.026683
v 0.030271 0.049683 -0.026663
v 0.035677 0.042744 -0.026636
v 0.039347 0.034781 -0.026587
v 0.041102 0.026211 -0.026482
v 0.040917 0.017469 -0.026272
v 0.038862 0.008968 -0.025988
v 0.034963 0.001155 -0.025735
v 0.029530 -0.005711 -0.025569
v 0.022996 -0.011398 -0.025469
v 0.007396 0.066249 -0.032917
v 0.017317 0.063926 -0.032832
v 0.026496 0.059457 -0.032695
v 0.034212 0.053302 -0.032533
v 0.040636 0.045327 -0.032363
v 0.045151 0.036210 -0.032170
v 0.047263 0.026603 -0.032109
v 0.047352 0.016602 -0.032149
v 0.045197 0.006722 -0.032307
v 0.038203 0.000149 -0.024085
v 0.033819 -0.011485 -0.033318
v 0.007081 0.065377 -0.024154
v 0.016393 0.063233 -0.024129
v 0.025011 0.059106 -0.024097
v 0.032238 0.053431 -0.024060
v 0.038285 0.046027 -0.024006
v 0.042583 0.037333 -0.023888
v 0.044568 0.028032 -0.023841
v 0.044641 0.018641 -0.023817
v 0.042595 0.009389 -0.023836
v 0.031829 -0.009196 -0.024438
v 0.019527 -0.025472 -0.019668
v 0.022114 -0.008309 -0.019578
v 0.040668 -0.002644 -0.032726
v 0.011328 0.059979 -0.032868
v 0.002396 0.060967 -0.032888
v 0.019790 0.057058 -0.032841
v 0.027378 0.052344 -0.032810
v 0.033714 0.046058 -0.032769
v 0.038477 0.038515 -0.032715
v 0.041426 0.030081 -0.032633
v 0.042418 0.021161 -0.032486
v 0.041447 0.012178 -0.032259
v 0.038527 0.003562 -0.032015
v 0.033726 -0.004213 -0.031831
v 0.027483 -0.010909 -0.031710
v 0.020053 -0.016045 -0.031630
v 0.011247 0.058828 -0.038845
v 0.019636 0.055987 -0.038829
v 0.027185 0.051401 -0.038811
v 0.033540 0.045272 -0.038790
v 0.038394 0.037876 -0.038762
v 0.041500 0.029544 -0.038720
v 0.042688 0.020646 -0.038638
v 0.041897 0.011585 -0.038505
v 0.039101 0.002802 -0.038362
v 0.034353 -0.005198 -0.038260
v 0.028019 -0.012074 -0.038198
v 0.020388 -0.017339 -0.038156
v 0.011641 -0.020443 -0.038127
v 0.002396 -0.021438 -0.038117
v 0.002396 0.061295 -0.026736
v 0.002396 0.064575 -0.039307
v 0.012371 0.065389 -0.032883
v 0.011747 0.064585 -0.024142
v 0.002396 0.066527 -0.032930
v 0.002396 0.065632 -0.024159
v 0.022077 0.061926 -0.032769
v 0.020866 0.061385 -0.024113
v 0.030549 0.056567 -0.032615
v 0.028809 0.056441 -0.024079
v 0.037551 0.049583 -0.032449
v 0.035372 0.049990 -0.024038
v 0.043243 0.040786 -0.032272
v 0.040761 0.041741 -0.023958
v 0.046459 0.031511 -0.032102
v 0.043826 0.032772 -0.023836
v 0.047561 0.021597 -0.032142
v 0.044832 0.023269 -0.023851
v 0.046582 0.011637 -0.032186
v 0.043920 0.014048 -0.023793
v 0.043220 0.001935 -0.032493
v 0.040684 0.004732 -0.023937
v 0.037537 -0.007092 -0.033002
v 0.035227 -0.004461 -0.024260
v 0.007280 0.066362 -0.028542
v 0.007369 0.064298 -0.039292
v 0.017071 0.064054 -0.028497
v 0.017072 0.062099 -0.039198
v 0.026130 0.059635 -0.028428
v 0.026050 0.057825 -0.039045
v 0.033600 0.053677 -0.028346
v 0.033843 0.051715 -0.038865
v 0.039942 0.045808 -0.028238
v 0.040143 0.044011 -0.038699
v 0.044408 0.036790 -0.028040
v 0.044593 0.035118 -0.038580
v 0.046363 0.027395 -0.027964
v 0.046919 0.025475 -0.038543
v 0.046447 0.017640 -0.027957
v 0.047059 0.015483 -0.038580
v 0.044342 0.007989 -0.028036
v 0.044958 0.005611 -0.038707
v 0.040612 -0.003624 -0.038969
v 0.033056 -0.010547 -0.028967
v 0.034049 -0.011969 -0.039352
v 0.016030 0.057891 -0.046050
v 0.024364 0.054032 -0.046038
v 0.031639 0.048466 -0.046028
v 0.037513 0.041443 -0.046022
v 0.041698 0.033274 -0.046019
v 0.043972 0.024318 -0.046003
v 0.044210 0.014974 -0.045953
v 0.042368 0.005671 -0.045880
v 0.038428 -0.003082 -0.045834
v 0.032613 -0.010843 -0.045831
v 0.025300 -0.017205 -0.045849
v 0.016697 -0.021577 -0.045863
v 0.007245 -0.023690 -0.045864
v 0.039811 -0.001370 -0.028418
v -0.006794 0.059124 -0.046057
v -0.015515 0.056187 -0.046044
v -0.023365 0.051450 -0.046033
v -0.029980 0.045119 -0.046024
v -0.035041 0.037481 -0.046020
v -0.038294 0.028870 -0.046014
v -0.039557 0.019669 -0.045984
v -0.038760 0.010290 -0.045917
v -0.035868 0.001190 -0.045851
v -0.030936 -0.007106 -0.045827
v -0.024332 -0.014231 -0.045839
v -0.016362 -0.019681 -0.045858
v -0.007236 -0.022907 -0.045865
v -0.011238 0.057891 -0.046050
v -0.019572 0.054032 -0.046038
v -0.026847 0.048466 -0.046028
v -0.032722 0.041443 -0.046022
v -0.036906 0.033274 -0.046018
v -0.039180 0.024318 -0.046004
v -0.039419 0.014974 -0.045953
v -0.037576 0.005671 -0.045880
v -0.033636 -0.003082 -0.045834
v -0.027821 -0.010843 -0.045831
v -0.020509 -0.017205 -0.045849
v -0.011905 -0.021577 -0.045863
v -0.002453 -0.023690 -0.045864
v 0.011585 0.059124 -0.046057
v 0.020307 0.056187 -0.046044
v 0.028157 0.051450 -0.046033
v 0.034771 0.045119 -0.046024
v 0.039833 0.037481 -0.046020
v 0.043086 0.028870 -0.046014
v 0.044349 0.019669 -0.045984
v 0.043552 0.010290 -0.045917
v 0.040660 0.001190 -0.045851
v 0.035728 -0.007106 -0.045827
v 0.029124 -0.014231 -0.045839
v 0.021154 -0.019681 -0.045858
v 0.012028 -0.022907 -0.045865
v 0.002396 -0.023945 -0.045856
v 0.007024 0.059868 -0.046065
v -0.011152 -0.026271 -0.025520
v -0.014735 -0.025472 -0.019668
v -0.004704 -0.027563 -0.033905
v -0.007599 -0.026793 -0.031523
v -0.009815 -0.026301 -0.028596
v -0.011777 -0.026711 -0.022454
v -0.000971 -0.028303 -0.035580
v -0.017056 -0.021645 -0.019670
v -0.019379 -0.017816 -0.019669
v -0.021437 -0.014155 -0.019667
v -0.009364 -0.025034 -0.024398
v -0.010028 -0.026195 -0.019726
v -0.010087 -0.026170 -0.019689
v -0.003830 -0.025946 -0.032099
v -0.006333 -0.025297 -0.029944
v -0.008238 -0.024939 -0.027247
v -0.009746 -0.025454 -0.022226
v -0.000591 -0.026595 -0.033621
v -0.006360 0.057165 -0.044736
v -0.014671 0.054359 -0.044741
v -0.022153 0.049831 -0.044758
v -0.028460 0.043780 -0.044785
v -0.033288 0.036478 -0.044820
v -0.036392 0.028248 -0.044855
v -0.037600 0.019455 -0.044862
v -0.036843 0.010494 -0.044830
v -0.034088 0.001802 -0.044793
v -0.029386 -0.006120 -0.044789
v -0.023091 -0.012922 -0.044813
v -0.015492 -0.018125 -0.044837
v -0.006789 -0.021203 -0.044847
v -0.006071 0.060294 -0.020457
v -0.014093 0.057484 -0.020451
v -0.021257 0.052951 -0.020457
v -0.027186 0.046924 -0.020467
v -0.031566 0.039732 -0.020470
v -0.034182 0.031750 -0.020441
v -0.034911 0.023406 -0.020331
v -0.033808 0.015134 -0.020115
v -0.030933 0.007281 -0.019874
v -0.026344 0.000263 -0.019706
v -0.020561 -0.005772 -0.019609
v -0.007068 0.060298 -0.045572
v -0.016052 0.057285 -0.045541
v -0.024140 0.052421 -0.045503
v -0.030959 0.045918 -0.045463
v -0.036178 0.038067 -0.045424
v -0.039532 0.029214 -0.045385
v -0.040836 0.019750 -0.045324
v -0.040015 0.010099 -0.045230
v -0.037034 0.000734 -0.045144
v -0.031949 -0.007805 -0.045107
v -0.025137 -0.015145 -0.045111
v -0.016937 -0.020751 -0.045126
v -0.007524 -0.024087 -0.045134
v -0.010690 0.061868 -0.019723
v -0.018692 0.058159 -0.019711
v -0.025668 0.052817 -0.019704
v -0.031307 0.046065 -0.019700
v -0.035360 0.037821 -0.019706
v -0.037458 0.028575 -0.019708
v -0.037513 0.019625 -0.019679
v -0.035532 0.010873 -0.019645
v -0.025540 -0.007565 -0.019794
v -0.031360 0.001842 -0.019719
v -0.002044 0.063769 -0.019737
v -0.014798 0.060230 -0.019716
v -0.022330 0.055679 -0.019707
v -0.028672 0.049602 -0.019703
v -0.033544 0.042155 -0.019701
v -0.036687 0.033237 -0.019710
v -0.037719 0.023988 -0.019698
v -0.036797 0.015312 -0.019659
v -0.033719 0.006365 -0.019658
v -0.006421 0.063054 -0.019730
v -0.028589 -0.002775 -0.019781
v -0.002014 0.057876 -0.044738
v -0.010595 0.055987 -0.044736
v -0.018538 0.052299 -0.044748
v -0.025473 0.046980 -0.044770
v -0.031075 0.040266 -0.044802
v -0.035068 0.032457 -0.044839
v -0.037238 0.023898 -0.044863
v -0.037469 0.014970 -0.044850
v -0.035715 0.006082 -0.044810
v -0.031961 -0.002277 -0.044787
v -0.026417 -0.009688 -0.044799
v -0.019445 -0.015761 -0.044826
v -0.011242 -0.019934 -0.044844
v -0.002228 -0.021950 -0.044848
v -0.001877 0.061005 -0.020468
v -0.010162 0.059115 -0.020452
v -0.017807 0.055420 -0.020453
v -0.024397 0.050104 -0.020462
v -0.029584 0.043451 -0.020471
v -0.033104 0.035814 -0.020462
v -0.034780 0.027595 -0.020399
v -0.034584 0.019239 -0.020233
v -0.032593 0.011127 -0.019991
v -0.028823 0.003658 -0.019780
v -0.023578 -0.002898 -0.019651
v -0.017322 -0.008309 -0.019578
v -0.002370 0.061062 -0.045584
v -0.011646 0.059033 -0.045557
v -0.020232 0.055072 -0.045523
v -0.027730 0.049357 -0.045483
v -0.033786 0.042140 -0.045443
v -0.038101 0.033742 -0.045406
v -0.040446 0.024532 -0.045358
v -0.040694 0.014919 -0.045279
v -0.038795 0.005346 -0.045183
v -0.034734 -0.003663 -0.045119
v -0.028735 -0.011655 -0.045106
v -0.021203 -0.018203 -0.045119
v -0.012339 -0.022710 -0.045131
v -0.002596 -0.024901 -0.045136
v 0.015944 -0.026271 -0.025520
v 0.009496 -0.027563 -0.033905
v 0.012391 -0.026793 -0.031523
v 0.014607 -0.026301 -0.028596
v 0.016569 -0.026711 -0.022454
v 0.005763 -0.028303 -0.035580
v 0.021848 -0.021645 -0.019670
v 0.024171 -0.017816 -0.019669
v 0.026229 -0.014155 -0.019667
v 0.014156 -0.025034 -0.024398
v 0.014879 -0.026170 -0.019689
v 0.008622 -0.025946 -0.032099
v 0.011125 -0.025297 -0.029944
v 0.013030 -0.024939 -0.027247
v 0.014538 -0.025454 -0.022226
v 0.005382 -0.026595 -0.033621
v 0.002396 -0.028626 -0.036221
v 0.002396 -0.026891 -0.034201
v 0.011152 0.057165 -0.044736
v 0.002396 0.058116 -0.044740
v 0.019463 0.054359 -0.044741
v 0.026945 0.049831 -0.044758
v 0.033252 0.043780 -0.044785
v 0.038080 0.036478 -0.044820
v 0.041183 0.028248 -0.044855
v 0.042392 0.019455 -0.044862
v 0.041635 0.010494 -0.044830
v 0.038880 0.001802 -0.044793
v 0.034178 -0.006120 -0.044789
v 0.027882 -0.012922 -0.044813
v 0.020284 -0.018125 -0.044837
v 0.011581 -0.021203 -0.044847
v 0.002396 0.061243 -0.020474
v 0.010863 0.060294 -0.020457
v 0.018884 0.057484 -0.020451
v 0.026049 0.052951 -0.020457
v 0.031978 0.046924 -0.020467
v 0.036358 0.039732 -0.020470
v 0.038973 0.031750 -0.020441
v 0.039702 0.023406 -0.020331
v 0.038600 0.015134 -0.020115
v 0.035725 0.007281 -0.019874
v 0.031136 0.000263 -0.019706
v 0.025352 -0.005772 -0.019609
v 0.011859 0.060298 -0.045572
v 0.002396 0.061319 -0.045589
v 0.020844 0.057285 -0.045541
v 0.028932 0.052421 -0.045503
v 0.035750 0.045918 -0.045463
v 0.040969 0.038067 -0.045424
v 0.044324 0.029214 -0.045385
v 0.045628 0.019750 -0.045324
v 0.044806 0.010099 -0.045230
v 0.041826 0.000734 -0.045144
v 0.036741 -0.007805 -0.045107
v 0.029929 -0.015145 -0.045111
v 0.021729 -0.020751 -0.045126
v 0.012316 -0.024087 -0.045134
v 0.002396 -0.025205 -0.045078
v 0.015482 0.061868 -0.019723
v 0.023484 0.058159 -0.019711
v 0.030460 0.052817 -0.019704
v 0.036098 0.046065 -0.019700
v 0.040152 0.037821 -0.019706
v 0.042250 0.028575 -0.019708
v 0.042305 0.019625 -0.019679
v 0.040324 0.010873 -0.019645
v 0.030332 -0.007565 -0.019794
v 0.036152 0.001842 -0.019719
v 0.006836 0.063769 -0.019737
v 0.019590 0.060230 -0.019716
v 0.027121 0.055679 -0.019707
v 0.033464 0.049602 -0.019703
v 0.038336 0.042155 -0.019701
v 0.041479 0.033237 -0.019710
v 0.042511 0.023988 -0.019698
v 0.041589 0.015312 -0.019659
v 0.038511 0.006364 -0.019658
v 0.002396 0.064009 -0.019741
v 0.011213 0.063054 -0.019730
v 0.002396 -0.022199 -0.044844
v 0.033381 -0.002775 -0.019781
v 0.006806 0.057876 -0.044738
v 0.015387 0.055987 -0.044736
v 0.023329 0.052299 -0.044748
v 0.030265 0.046980 -0.044770
v 0.035867 0.040266 -0.044802
v 0.039859 0.032457 -0.044839
v 0.042030 0.023898 -0.044863
v 0.042261 0.014970 -0.044850
v 0.040507 0.006082 -0.044810
v 0.036752 -0.002277 -0.044787
v 0.031209 -0.009688 -0.044799
v 0.024237 -0.015761 -0.044826
v 0.016034 -0.019934 -0.044844
v 0.007020 -0.021950 -0.044848
v 0.006669 0.061005 -0.020468
v 0.014954 0.059115 -0.020452
v 0.022599 0.055420 -0.020453
v 0.029189 0.050104 -0.020462
v 0.034376 0.043451 -0.020471
v 0.037896 0.035814 -0.020462
v 0.039572 0.027595 -0.020399
v 0.039375 0.019239 -0.020233
v 0.037385 0.011127 -0.019991
v 0.033615 0.003658 -0.019780
v 0.028370 -0.002898 -0.019651
v 0.007162 0.061062 -0.045584
v 0.016438 0.059033 -0.045557
v 0.025024 0.055072 -0.045523
v 0.032521 0.049357 -0.045483
v 0.038578 0.042140 -0.045443
v 0.042893 0.033742 -0.045406
v 0.045238 0.024532 -0.045358
v 0.045485 0.014919 -0.045279
v 0.043586 0.005346 -0.045183
v 0.039525 -0.003663 -0.045119
v 0.033527 -0.011655 -0.045106
v 0.025995 -0.018203 -0.045119
v 0.017130 -0.022710 -0.045131
v 0.007388 -0.024901 -0.045136
v -0.012033 -0.027589 -0.019695
v 0.016804 -0.027579 -0.019668
v -0.025639 -0.015338 -0.039383
v -0.025672 -0.014769 -0.033461
v -0.025281 -0.013807 -0.029090
v -0.024586 -0.012491 -0.024720
v -0.023619 -0.010601 -0.019715
v 0.030425 -0.015345 -0.039383
v 0.030423 -0.014817 -0.033464
v 0.029988 -0.013913 -0.029096
v 0.029233 -0.012694 -0.024726
v 0.028071 -0.011138 -0.019701
v 0.002396 -0.026170 -0.019689
v 0.008675 0.009739 0.011726
v 0.002369 0.011315 0.013344
v 0.022590 -0.007369 -0.004156
v 0.026214 -0.010236 -0.019670
v 0.002369 -0.003294 -0.019165
v 0.002369 -0.000447 -0.013917
v 0.013580 -0.004378 -0.018976
v 0.004712 -0.014059 -0.038132
v 0.002369 -0.014050 -0.038194
v 0.002369 -0.008228 -0.028327
v 0.006805 -0.013752 -0.037458
v 0.006199 -0.022143 -0.044259
v 0.013199 -0.011204 -0.031911
v 0.021487 -0.016659 -0.035163
v 0.012104 -0.012178 -0.033934
v 0.009931 -0.021629 -0.043405
v 0.016564 -0.019660 -0.040141
v 0.013368 -0.020714 -0.041892
v 0.020821 -0.003350 -0.012847
v 0.022707 -0.005316 -0.012345
v 0.023887 -0.007151 -0.011849
v 0.016626 0.002445 -0.001864
v 0.002369 0.002290 -0.008803
v 0.018312 0.000147 -0.006285
v 0.020167 -0.002186 -0.004523
v 0.011486 0.001508 -0.008083
v 0.002369 -0.005506 -0.023255
v 0.005374 0.002184 -0.008747
v 0.006085 -0.003415 -0.019115
v 0.006257 -0.007390 -0.026528
v 0.006240 -0.005530 -0.023033
v 0.002369 -0.009858 -0.031256
v 0.003837 -0.009731 -0.031004
v 0.005066 -0.009333 -0.030231
v 0.010428 -0.012842 -0.035428
v 0.008798 -0.013450 -0.036722
v 0.005922 -0.008595 -0.028817
v 0.009678 0.007602 0.004389
v 0.002369 0.010397 0.009675
v 0.014368 0.005403 0.004393
v 0.015803 0.003944 0.005931
v 0.008845 0.008854 0.007814
v 0.013638 0.006304 0.006728
v 0.004474 0.006661 -0.000448
v 0.006260 0.007058 0.000715
v 0.007452 0.007677 0.002449
v 0.007871 0.008438 0.004486
v 0.007452 0.009208 0.006522
v 0.006289 0.009867 0.008261
v 0.004474 0.010302 0.009411
v 0.002369 0.004572 -0.004445
v 0.004899 0.004531 -0.004301
v 0.010482 0.004016 -0.003272
v 0.015416 0.004036 0.001367
v 0.017207 0.002187 0.004174
v 0.007324 0.010369 0.012349
v 0.002369 0.010796 0.011401
v 0.004715 0.010587 0.011047
v 0.006908 0.009951 0.009891
v 0.009959 0.006278 0.001258
v 0.005481 -0.016026 -0.041228
v 0.017135 -0.005093 -0.019018
v 0.016702 -0.012721 -0.033619
v 0.012831 -0.014657 -0.037946
v 0.008214 -0.015747 -0.040477
v 0.014977 -0.013738 -0.035894
v 0.010628 -0.015278 -0.039380
v 0.017564 -0.011188 -0.030420
v 0.015598 -0.001938 -0.013272
v 0.014023 0.001081 -0.007610
v 0.010497 0.008617 0.010633
v 0.010822 0.007867 0.007305
v 0.012799 0.003518 -0.002879
v 0.011427 0.006812 0.004237
v 0.011984 0.005459 0.001071
v 0.009822 -0.003781 -0.019015
v 0.008432 0.001919 -0.008489
v 0.007509 0.004424 -0.003813
v 0.002369 -0.012239 -0.035244
v 0.005569 -0.012010 -0.034733
v 0.008203 -0.011301 -0.033230
v 0.010083 -0.009949 -0.030529
v 0.004213 -0.012680 -0.035933
v 0.007483 -0.012171 -0.034821
v 0.010050 -0.011089 -0.032549
v -0.003938 0.009739 0.011726
v -0.019811 -0.009407 -0.011416
v -0.022334 -0.012338 -0.019670
v -0.021476 -0.010236 -0.019670
v -0.020121 -0.008579 -0.019670
v -0.008842 -0.004378 -0.018976
v 0.002369 0.006525 -0.000854
v 0.000026 -0.014059 -0.038132
v -0.002067 -0.013752 -0.037458
v -0.008461 -0.011204 -0.031911
v -0.018656 -0.014486 -0.031557
v -0.016749 -0.016659 -0.035163
v -0.014534 -0.018273 -0.037839
v -0.007367 -0.012178 -0.033934
v -0.005193 -0.021629 -0.043405
v -0.011826 -0.019660 -0.040141
v -0.009536 -0.008391 -0.026461
v -0.016083 -0.003350 -0.012848
v -0.017970 -0.005316 -0.012345
v -0.019149 -0.007151 -0.011849
v -0.011889 0.002445 -0.001864
v -0.009408 -0.009964 -0.029438
v -0.013575 0.000147 -0.006285
v -0.015429 -0.002186 -0.004523
v -0.007876 -0.001387 -0.013486
v -0.006748 0.001508 -0.008083
v -0.009381 -0.006548 -0.022978
v -0.001061 -0.000562 -0.013860
v -0.000636 0.002184 -0.008747
v -0.001348 -0.003415 -0.019115
v -0.001520 -0.007390 -0.026528
v -0.001502 -0.005530 -0.023033
v 0.000900 -0.009731 -0.031004
v -0.000328 -0.009333 -0.030231
v -0.005691 -0.012842 -0.035428
v -0.004060 -0.013450 -0.036722
v -0.001184 -0.008595 -0.028817
v -0.016089 -0.003323 -0.001336
v -0.004941 0.007602 0.004389
v -0.009630 0.005403 0.004393
v -0.011065 0.003944 0.005931
v -0.004107 0.008854 0.007814
v -0.008900 0.006304 0.006728
v 0.000263 0.006661 -0.000448
v -0.001522 0.007058 0.000715
v -0.002715 0.007677 0.002449
v -0.003133 0.008438 0.004486
v -0.002715 0.009208 0.006522
v -0.001551 0.009867 0.008261
v 0.000263 0.010302 0.009411
v -0.000161 0.004531 -0.004301
v -0.005744 0.004016 -0.003272
v -0.010678 0.004036 0.001367
v -0.012469 0.002187 0.004174
v 0.000022 0.010587 0.011047
v -0.002170 0.009951 0.009891
v -0.005221 0.006278 0.001258
v -0.000743 -0.016026 -0.041228
v 0.002369 -0.016109 -0.041536
v -0.012398 -0.005093 -0.019018
v -0.011965 -0.012721 -0.033619
v -0.013318 -0.009400 -0.026977
v -0.008093 -0.014657 -0.037946
v -0.003476 -0.015747 -0.040477
v -0.010239 -0.013738 -0.035894
v -0.005890 -0.015278 -0.039380
v -0.012826 -0.011188 -0.030420
v -0.013230 -0.007407 -0.023216
v -0.010860 -0.001938 -0.013272
v -0.009286 0.001081 -0.007610
v -0.005759 0.008617 0.010633
v -0.006084 0.007867 0.007305
v -0.008061 0.003518 -0.002879
v -0.006689 0.006812 0.004237
v -0.007246 0.005459 0.001071
v -0.005084 -0.003781 -0.019015
v -0.005777 -0.007668 -0.026218
v -0.004501 -0.000889 -0.013697
v -0.003694 0.001919 -0.008489
v -0.005445 -0.005883 -0.022908
v -0.002771 0.004424 -0.003813
v -0.000831 -0.012010 -0.034733
v -0.003466 -0.011301 -0.033230
v -0.005345 -0.009949 -0.030529
v 0.000525 -0.012680 -0.035933
v -0.002745 -0.012171 -0.034821
v -0.005313 -0.011089 -0.032549
v -0.006759 -0.009145 -0.028765
v 0.002369 0.009897 0.008907
v 0.006970 0.008258 0.004566
v 0.005621 0.007101 0.001415
v 0.006619 0.007622 0.002863
v 0.004129 0.006765 0.000446
v 0.005647 0.009454 0.007723
v 0.006620 0.008902 0.006268
v 0.004130 0.009817 0.008685
v 0.002369 0.006649 0.000108
v -0.002232 0.008258 0.004566
v -0.000883 0.007101 0.001415
v -0.001881 0.007622 0.002863
v 0.000609 0.006765 0.000446
v -0.000909 0.009454 0.007723
v -0.001882 0.008902 0.006268
v 0.000608 0.009817 0.008685
v 0.018611 0.000431 0.002417
v 0.024549 -0.009407 -0.011416
v 0.027071 -0.012338 -0.019670
v 0.024859 -0.008579 -0.019670
v 0.002369 -0.022317 -0.044546
v 0.023433 -0.007349 -0.019670
v 0.024410 -0.009713 -0.023625
v 0.023393 -0.014486 -0.031557
v 0.019271 -0.018273 -0.037839
v 0.024390 -0.012130 -0.027645
v 0.004898 0.011030 0.013047
v -0.013873 0.000431 0.002417
v -0.017853 -0.007369 -0.004156
v -0.001461 -0.022143 -0.044259
v -0.018695 -0.007349 -0.019670
v -0.019672 -0.009713 -0.023625
v -0.019652 -0.012130 -0.027645
v -0.008630 -0.020714 -0.041892
v -0.000160 0.011030 0.013047
v -0.002586 0.010369 0.012349
v 0.020827 -0.003323 -0.001336
v 0.003468 0.006040 0.002494
v 0.002369 0.005968 0.002284
v 0.001270 0.006040 0.002494
v 0.000337 0.006249 0.003099
v -0.000291 0.006573 0.004003
v -0.000513 0.006971 0.005070
v -0.000293 0.007375 0.006137
v 0.000318 0.007719 0.007046
v 0.001267 0.007946 0.007646
v 0.002369 0.007996 0.007785
v 0.003471 0.007946 0.007646
v 0.004420 0.007719 0.007046
v 0.005031 0.007375 0.006137
v 0.005251 0.006971 0.005070
v 0.005028 0.006573 0.004003
v 0.004401 0.006249 0.003099
v 0.020099 -0.005942 -0.019109
v 0.021032 -0.010496 -0.027413
v 0.016938 -0.015537 -0.037049
v 0.020473 -0.012565 -0.031156
v 0.021001 -0.008361 -0.023455
v 0.002369 -0.018584 -0.043226
v -0.001092 -0.018465 -0.042917
v -0.007120 -0.017444 -0.040827
v -0.015361 -0.005942 -0.019109
v -0.016294 -0.010496 -0.027413
v -0.016263 -0.008361 -0.023455
v 0.005829 -0.018465 -0.042917
v 0.011858 -0.017444 -0.040827
v -0.014162 -0.014257 -0.034552
v -0.009751 -0.016640 -0.039236
v -0.004265 -0.018089 -0.042108
v -0.012200 -0.015537 -0.037049
v -0.015736 -0.012490 -0.031200
v 0.018900 -0.014257 -0.034552
v 0.014488 -0.016640 -0.039236
v 0.009003 -0.018089 -0.042108
v 0.018190 -0.002589 -0.013060
v 0.016229 0.000610 -0.007077
v 0.011645 0.007855 0.009899
v 0.012168 0.007133 0.007009
v 0.014740 0.003015 -0.002421
v 0.012842 0.006132 0.004216
v 0.013682 0.004772 0.001146
v -0.013452 -0.002589 -0.013060
v -0.011491 0.000610 -0.007077
v -0.006908 0.007855 0.009899
v -0.007430 0.007133 0.007009
v -0.010002 0.003015 -0.002421
v -0.008104 0.006132 0.004216
v -0.008944 0.004772 0.001146
v 0.022192 -0.005031 -0.006027
v 0.023428 -0.008242 -0.007264
v -0.017416 -0.004961 -0.006014
v -0.018692 -0.008243 -0.007269
v 0.013842 -0.011245 -0.028037
v 0.012310 -0.011016 -0.027878
v 0.011089 -0.010548 -0.027203
v 0.010239 -0.009852 -0.026029
v 0.009971 -0.009165 -0.024815
v 0.010259 -0.008435 -0.023460
v 0.011122 -0.007860 -0.022335
v 0.012334 -0.007543 -0.021550
v 0.013835 -0.007506 -0.021228
v 0.015307 -0.007773 -0.021409
v 0.016557 -0.008302 -0.022121
v 0.017415 -0.009033 -0.023242
v 0.017708 -0.009759 -0.024474
v 0.017430 -0.010423 -0.025780
v 0.016599 -0.010932 -0.026912
v 0.015364 -0.011241 -0.027724
v 0.005144 0.000502 -0.011885
v 0.009814 -0.004205 -0.015800
v 0.008347 -0.003974 -0.015603
v 0.007170 -0.003521 -0.014952
v 0.006339 -0.002915 -0.013905
v 0.006070 -0.002246 -0.012698
v 0.006364 -0.001504 -0.011336
v 0.007166 -0.000970 -0.010252
v 0.008353 -0.000684 -0.009511
v 0.009812 -0.000709 -0.009158
v 0.011268 -0.001044 -0.009332
v 0.012456 -0.001594 -0.009936
v 0.013272 -0.002260 -0.010938
v 0.013589 -0.002931 -0.012195
v 0.013324 -0.003551 -0.013514
v 0.012538 -0.003971 -0.014624
v 0.011281 -0.004229 -0.015462
v 0.013857 -0.010296 -0.030050
v 0.015873 -0.010419 -0.029574
v 0.017482 -0.010125 -0.028448
v 0.018613 -0.009541 -0.026872
v 0.018973 -0.008713 -0.025109
v 0.018596 -0.007736 -0.023447
v 0.017443 -0.006710 -0.021989
v 0.015806 -0.005933 -0.021093
v 0.013823 -0.005459 -0.020913
v 0.011825 -0.005395 -0.021410
v 0.010234 -0.005711 -0.022502
v 0.009068 -0.006404 -0.024049
v 0.008688 -0.007333 -0.025879
v 0.009044 -0.008240 -0.027501
v 0.010187 -0.009192 -0.029044
v 0.011855 -0.009887 -0.029892
v 0.007879 -0.002818 -0.017556
v 0.009818 -0.003173 -0.017796
v 0.011755 -0.003251 -0.017315
v 0.013363 -0.002965 -0.016211
v 0.014419 -0.002444 -0.014717
v 0.014786 -0.001643 -0.012946
v 0.014355 -0.000766 -0.011303
v 0.013276 0.000148 -0.009936
v 0.011703 0.000896 -0.009162
v 0.009781 0.001369 -0.008980
v 0.007921 0.001451 -0.009450
v 0.006324 0.001127 -0.010457
v 0.004867 -0.000481 -0.013718
v 0.006349 -0.002194 -0.016721
v 0.005241 -0.001378 -0.015348
v 0.005254 0.000432 -0.011932
v -0.008502 0.006731 0.008810
v 0.013240 0.006731 0.008810
v -0.011065 0.003944 0.005931
v -0.017853 -0.007369 -0.004156
v -0.005040 -0.006712 0.068794
v -0.016328 -0.006033 0.002211
v -0.015210 -0.005289 0.008643
v -0.000160 0.011030 0.013047
v -0.016089 -0.003323 -0.001336
v 0.002369 0.011315 0.013344
v 0.016983 -0.005646 0.044283
v 0.013703 -0.006445 0.062118
v 0.012024 -0.006608 0.065608
v 0.020827 -0.003323 -0.001336
v -0.013873 0.000431 0.002417
v -0.000308 0.000896 0.069233
v -0.006516 -0.002300 0.065882
v -0.011959 0.000671 0.033148
v -0.011091 0.000370 0.044476
v -0.009823 -0.000228 0.054121
v -0.007926 -0.001445 0.062344
v -0.007286 -0.006608 0.065608
v -0.003943 0.003811 0.063132
v -0.005623 0.002402 0.062879
v -0.001735 0.005025 0.063439
v -0.007087 0.004513 0.054519
v -0.002553 0.007852 0.055190
v -0.003000 0.009538 0.045628
v -0.003318 0.010539 0.034589
v -0.008569 0.006521 0.033984
v -0.007844 0.005851 0.045109
v -0.012850 -0.002259 0.032777
v -0.011958 -0.002638 0.044380
v -0.010754 -0.003119 0.053951
v -0.008596 -0.003857 0.062288
v -0.006976 -0.004328 0.065769
v -0.015196 -0.002703 0.003910
v 0.000224 0.005665 0.063707
v -0.000215 0.008600 0.055359
v -0.000487 0.010370 0.045720
v -0.000598 0.011379 0.034667
v -0.005003 0.006250 0.054830
v -0.006148 0.008696 0.034284
v -0.005572 0.007862 0.045390
v -0.006897 0.000662 0.062634
v -0.008690 0.002202 0.054273
v -0.010598 0.003599 0.033524
v -0.009799 0.003111 0.044793
v -0.001063 0.002889 0.066932
v 0.000886 0.001175 0.069340
v 0.000545 0.003278 0.067117
v -0.004318 0.001097 0.066407
v -0.005503 -0.000489 0.066126
v -0.001552 0.000413 0.069086
v -0.002811 0.002182 0.066657
v -0.000914 -0.006859 0.070947
v -0.000911 -0.005091 0.069577
v -0.004382 -0.003178 0.068771
v -0.004920 -0.004842 0.068786
v 0.000054 -0.001276 0.069539
v -0.000673 -0.002346 0.069559
v -0.003571 -0.001562 0.068756
v 0.002369 -0.000326 0.069443
v 0.001131 -0.000566 0.069498
v -0.002747 -0.000572 0.068894
v -0.000910 -0.003607 0.069552
v 0.002369 -0.003751 0.069501
v -0.000911 -0.005086 0.070883
v -0.000911 -0.003606 0.070783
v -0.000638 -0.002301 0.070603
v 0.000082 -0.001201 0.070493
v 0.001155 -0.000472 0.070424
v 0.002369 -0.000226 0.070383
v -0.013416 -0.002173 0.023883
v -0.012517 0.000636 0.024522
v -0.011084 0.003631 0.025202
v -0.008995 0.006617 0.025881
v -0.006468 0.008837 0.026386
v -0.003445 0.010741 0.026819
v -0.000580 0.011599 0.027014
v -0.013922 -0.002159 0.016325
v -0.012954 0.000629 0.017066
v -0.011520 0.003592 0.017853
v -0.009413 0.006400 0.018600
v -0.006629 0.008807 0.019240
v -0.003528 0.010600 0.019716
v -0.000506 0.011512 0.019959
v -0.014510 -0.002357 0.009953
v -0.013304 0.000542 0.011248
v -0.011592 0.003513 0.012576
v -0.009430 0.006247 0.013797
v -0.006580 0.008689 0.014888
v -0.003480 0.010412 0.015658
v -0.000444 0.011358 0.016081
v -0.013611 0.000474 0.006290
v -0.011500 0.003518 0.008702
v -0.009238 0.006208 0.010839
v -0.006392 0.008544 0.012485
v -0.003178 0.010302 0.013724
v -0.000294 0.011172 0.014224
v 0.015803 0.003944 0.005931
v 0.002369 0.011681 0.016225
v 0.018611 0.000431 0.002417
v 0.022590 -0.007369 -0.004156
v 0.005046 0.000896 0.069233
v 0.011253 -0.002300 0.065882
v 0.016697 0.000671 0.033148
v 0.017900 -0.005190 0.032405
v 0.015829 0.000370 0.044476
v 0.015801 -0.006053 0.053993
v 0.014561 -0.000228 0.054121
v 0.012664 -0.001445 0.062344
v 0.008680 0.003811 0.063132
v 0.010361 0.002402 0.062879
v 0.002369 0.001326 0.069388
v 0.006473 0.005025 0.063439
v 0.011824 0.004513 0.054519
v 0.007291 0.007852 0.055190
v 0.002369 0.008849 0.055421
v 0.002369 0.005826 0.063803
v 0.002369 0.010752 0.045730
v 0.007738 0.009538 0.045628
v 0.002369 0.011764 0.034777
v 0.008056 0.010539 0.034589
v 0.013307 0.006521 0.033984
v 0.012582 0.005851 0.045109
v 0.021066 -0.006033 0.002211
v 0.019948 -0.005289 0.008643
v 0.017588 -0.002259 0.032777
v 0.016695 -0.002638 0.044380
v 0.015492 -0.003119 0.053951
v 0.013334 -0.003857 0.062288
v 0.011713 -0.004328 0.065769
v 0.019934 -0.002703 0.003910
v 0.004513 0.005665 0.063707
v 0.004953 0.008600 0.055359
v 0.005225 0.010370 0.045720
v 0.005336 0.011379 0.034667
v 0.009741 0.006250 0.054830
v 0.010886 0.008696 0.034284
v 0.010310 0.007862 0.045390
v 0.011635 0.000662 0.062634
v 0.013427 0.002202 0.054273
v 0.015336 0.003599 0.033524
v 0.014537 0.003111 0.044793
v 0.005801 0.002889 0.066932
v 0.002369 0.003444 0.067212
v 0.003851 0.001175 0.069340
v 0.004193 0.003278 0.067117
v 0.009056 0.001097 0.066407
v 0.010241 -0.000489 0.066126
v 0.006290 0.000413 0.069086
v 0.007549 0.002182 0.066657
v 0.005651 -0.006859 0.070947
v 0.005648 -0.005091 0.069577
v 0.009120 -0.003178 0.068771
v 0.009658 -0.004842 0.068786
v 0.004684 -0.001276 0.069539
v 0.005411 -0.002346 0.069559
v 0.008308 -0.001562 0.068756
v 0.003607 -0.000566 0.069498
v 0.007485 -0.000572 0.068894
v 0.005648 -0.003607 0.069552
v 0.005648 -0.005086 0.070883
v 0.005648 -0.003606 0.070783
v 0.005376 -0.002301 0.070603
v 0.004656 -0.001201 0.070493
v 0.003583 -0.000472 0.070424
v 0.015822 0.003631 0.025202
v 0.013733 0.006617 0.025881
v 0.011205 0.008837 0.026386
v 0.008183 0.010741 0.026819
v 0.005318 0.011599 0.027014
v 0.002369 0.012002 0.027105
v 0.016257 0.003592 0.017853
v 0.014150 0.006400 0.018600
v 0.011366 0.008807 0.019240
v 0.008266 0.010600 0.019716
v 0.005244 0.011512 0.019959
v 0.002369 0.011871 0.020054
v 0.019247 -0.002357 0.009953
v 0.018042 0.000542 0.011248
v 0.016330 0.003513 0.012576
v 0.014168 0.006247 0.013797
v 0.011318 0.008689 0.014888
v 0.008218 0.010412 0.015658
v 0.005182 0.011358 0.016081
v 0.018348 0.000474 0.006290
v 0.016237 0.003518 0.008702
v 0.013976 0.006208 0.010839
v 0.011129 0.008544 0.012485
v 0.007916 0.010302 0.013724
v 0.005108 0.011083 0.014275
v 0.002369 0.011468 0.014546
v 0.018100 -0.000024 0.013955
v 0.019030 -0.002309 0.012432
v 0.017074 0.002060 0.015741
v 0.016411 0.003253 0.017963
v 0.016094 0.003628 0.020452
v 0.016178 0.003117 0.023158
v 0.016673 0.001791 0.025272
v 0.017340 -0.000110 0.026746
v 0.018073 -0.003795 0.027622
v 0.016393 -0.005172 0.026602
v 0.016261 -0.003785 0.026914
v 0.015598 -0.000452 0.026121
v 0.014989 0.001303 0.024707
v 0.014542 0.002504 0.022794
v 0.014466 0.002965 0.020346
v 0.014753 0.002626 0.018094
v 0.015352 0.001547 0.016084
v 0.016280 -0.000338 0.014468
v 0.017122 -0.002406 0.013091
v 0.017719 -0.005276 0.011506
v 0.019527 -0.025472 -0.019668
v 0.018330 -0.028395 -0.014179
v 0.002369 -0.038485 -0.008898
v 0.006377 -0.037589 -0.009281
v 0.016804 -0.027579 -0.019668
v 0.019198 -0.026772 -0.016706
v 0.016625 -0.030667 -0.011393
v 0.014397 -0.032983 -0.009386
v 0.011746 -0.035198 -0.007935
v 0.007928 -0.037596 -0.006748
v 0.002369 -0.038980 -0.006256
v 0.021848 -0.021645 -0.019670
v 0.021034 -0.022647 -0.015688
v 0.019461 -0.024601 -0.012517
v 0.017308 -0.027188 -0.009748
v 0.014612 -0.030191 -0.007864
v 0.011547 -0.032864 -0.006409
v 0.007571 -0.035260 -0.005271
v 0.002369 -0.033395 -0.002962
v 0.026229 -0.014155 -0.019667
v 0.022545 -0.017992 -0.013333
v 0.019964 -0.021098 -0.009768
v 0.002369 -0.028163 0.001151
v 0.002369 -0.024106 0.015884
v 0.023462 -0.011571 -0.009064
v 0.021403 -0.015510 -0.007064
v 0.019361 -0.018841 -0.005496
v 0.016878 -0.022097 -0.004151
v 0.013874 -0.025221 -0.002971
v 0.010483 -0.027921 -0.002017
v 0.006663 -0.029929 -0.001366
v 0.014512 -0.018487 0.015883
v 0.011735 -0.020825 0.015883
v 0.008911 -0.022644 0.015883
v 0.005677 -0.023722 0.015913
v 0.005685 -0.024130 0.008559
v 0.008940 -0.023160 0.008590
v 0.011999 -0.021524 0.008639
v 0.014870 -0.019041 0.008717
v 0.017015 -0.016250 0.008809
v 0.018761 -0.012663 0.008641
v 0.019684 -0.008843 0.008661
v 0.020738 -0.009540 0.002195
v 0.005846 -0.025566 0.003666
v 0.009191 -0.024388 0.003569
v 0.012412 -0.022493 0.003392
v 0.015348 -0.019924 0.003121
v 0.017696 -0.016996 0.002785
v 0.019539 -0.013447 0.002522
v 0.005651 -0.009821 0.070730
v 0.005651 -0.009834 0.069442
v 0.002369 -0.013129 0.069475
v 0.004686 -0.012164 0.069465
v 0.002369 -0.024217 0.022972
v 0.002369 -0.023828 0.043129
v 0.002369 -0.022865 0.053109
v 0.002369 -0.021320 0.059772
v 0.002369 -0.013120 0.070388
v 0.002369 -0.016428 0.068537
v 0.005401 -0.011084 0.070591
v 0.003618 -0.012868 0.070425
v 0.004686 -0.012154 0.070479
v 0.009363 -0.010391 0.068618
v 0.011717 -0.010637 0.065241
v 0.006922 -0.015258 0.068191
v 0.012429 -0.013749 0.061066
v 0.013344 -0.010895 0.061566
v 0.006808 -0.018489 0.064030
v 0.011226 -0.016248 0.060706
v 0.015119 -0.011373 0.054025
v 0.016378 -0.011750 0.043941
v 0.017133 -0.011962 0.032223
v 0.012381 -0.017312 0.053790
v 0.013317 -0.018049 0.043663
v 0.013892 -0.018406 0.031815
v 0.014238 -0.018459 0.023114
v 0.008340 -0.022290 0.043549
v 0.008730 -0.022716 0.031690
v 0.008853 -0.022723 0.022988
v 0.014162 -0.031902 -0.013221
v 0.007925 -0.021278 0.053452
v 0.007391 -0.019839 0.060104
v 0.015681 -0.008561 0.054004
v 0.017035 -0.008450 0.044160
v 0.017936 -0.008264 0.032238
v 0.016123 -0.015426 0.023225
v 0.014081 -0.014360 0.054040
v 0.015178 -0.014900 0.043802
v 0.015843 -0.015184 0.032019
v 0.011624 -0.020770 0.023072
v 0.010994 -0.020275 0.043619
v 0.011459 -0.020685 0.031675
v 0.010279 -0.019366 0.053632
v 0.005624 -0.023820 0.023057
v 0.005528 -0.023758 0.031598
v 0.005414 -0.023357 0.043346
v 0.005239 -0.022339 0.053335
v 0.005649 -0.008387 0.070844
v 0.011994 -0.008499 0.065450
v 0.009651 -0.008434 0.068746
v 0.013694 -0.008481 0.061866
v 0.005652 -0.008348 0.069475
v 0.004841 -0.019397 0.063976
v 0.004265 -0.016277 0.068350
v 0.005059 -0.020887 0.059865
v 0.003618 -0.012878 0.069473
v 0.005401 -0.011095 0.069455
v 0.008872 -0.012155 0.068400
v 0.010995 -0.013139 0.064923
v 0.008491 -0.017073 0.064259
v 0.009368 -0.018161 0.060385
v 0.008192 -0.013824 0.068252
v 0.010010 -0.015223 0.064519
v 0.005679 -0.015944 0.068193
v 0.002369 -0.030654 -0.001089
v 0.021930 -0.010351 -0.003406
v 0.020336 -0.014229 -0.002304
v 0.018466 -0.017737 -0.001297
v 0.015990 -0.020919 -0.000481
v 0.013077 -0.023687 0.000142
v 0.009802 -0.025994 0.000649
v 0.006238 -0.027630 0.000961
v 0.017571 -0.024082 -0.007505
v 0.014520 -0.027334 -0.005697
v 0.011128 -0.030229 -0.004334
v 0.007120 -0.032500 -0.003357
v 0.002369 -0.036275 -0.004739
v 0.024910 -0.012752 -0.014262
v 0.025562 -0.010585 -0.014733
v -0.014735 -0.025472 -0.019668
v -0.013592 -0.028395 -0.014179
v -0.004830 -0.036019 -0.010077
v -0.007447 -0.033953 -0.011461
v -0.014460 -0.026772 -0.016706
v -0.011887 -0.030667 -0.011393
v -0.009659 -0.032983 -0.009386
v -0.007008 -0.035198 -0.007935
v -0.003190 -0.037596 -0.006748
v -0.017056 -0.021645 -0.019670
v -0.016297 -0.022647 -0.015688
v -0.014723 -0.024601 -0.012517
v -0.012571 -0.027188 -0.009748
v -0.009875 -0.030191 -0.007864
v -0.006810 -0.032864 -0.006409
v -0.002833 -0.035260 -0.005271
v -0.019379 -0.017816 -0.019669
v -0.017807 -0.017992 -0.013333
v -0.015226 -0.021098 -0.009768
v -0.022331 -0.012335 -0.019662
v 0.002369 -0.024409 0.008813
v 0.002369 -0.026034 0.003626
v -0.018725 -0.011571 -0.009064
v -0.016665 -0.015510 -0.007064
v -0.014623 -0.018841 -0.005496
v -0.012141 -0.022097 -0.004151
v -0.009136 -0.025221 -0.002971
v -0.005745 -0.027921 -0.002017
v -0.001925 -0.029929 -0.001366
v -0.014162 -0.008369 0.015711
v -0.013334 -0.012267 0.015883
v -0.011670 -0.015641 0.015883
v -0.009775 -0.018487 0.015883
v -0.006997 -0.020825 0.015883
v -0.004173 -0.022644 0.015883
v -0.000939 -0.023722 0.015913
v -0.000947 -0.024130 0.008559
v -0.004202 -0.023160 0.008590
v -0.007261 -0.021524 0.008639
v -0.010132 -0.019041 0.008717
v -0.012277 -0.016250 0.008809
v -0.014023 -0.012663 0.008641
v -0.014947 -0.008843 0.008661
v -0.016001 -0.009539 0.002195
v -0.001108 -0.025566 0.003666
v -0.004454 -0.024388 0.003569
v -0.007674 -0.022493 0.003392
v -0.010611 -0.019924 0.003121
v -0.012958 -0.016996 0.002785
v -0.014802 -0.013447 0.002522
v -0.014313 -0.004935 0.015587
v -0.008965 -0.006445 0.062118
v -0.011063 -0.006053 0.053993
v -0.012245 -0.005646 0.044283
v -0.013162 -0.005190 0.032405
v -0.013734 -0.004965 0.023248
v 0.002369 -0.006790 0.069475
v -0.000914 -0.009821 0.070730
v -0.000914 -0.009834 0.069442
v 0.000051 -0.012164 0.069465
v 0.002369 -0.024223 0.031469
v 0.002369 -0.019793 0.063942
v -0.000663 -0.011084 0.070591
v 0.001120 -0.012868 0.070425
v 0.000051 -0.012154 0.070479
v -0.004625 -0.010391 0.068618
v -0.006980 -0.010637 0.065241
v -0.002184 -0.015258 0.068191
v -0.007691 -0.013749 0.061066
v -0.008606 -0.010895 0.061566
v -0.002070 -0.018489 0.064030
v -0.006489 -0.016248 0.060706
v -0.010381 -0.011373 0.054025
v -0.011640 -0.011750 0.043941
v -0.012395 -0.011962 0.032223
v -0.012848 -0.012087 0.023346
v -0.007643 -0.017312 0.053790
v -0.008579 -0.018049 0.043663
v -0.009154 -0.018406 0.031815
v -0.009500 -0.018459 0.023114
v -0.003602 -0.022290 0.043549
v -0.003993 -0.022716 0.031690
v -0.004116 -0.022723 0.022988
v -0.003187 -0.021278 0.053452
v -0.002654 -0.019839 0.060104
v -0.013691 -0.008320 0.023409
v -0.010943 -0.008561 0.054004
v -0.012297 -0.008450 0.044160
v -0.013198 -0.008264 0.032238
v -0.011385 -0.015426 0.023225
v -0.009343 -0.014360 0.054040
v -0.010441 -0.014900 0.043802
v -0.011105 -0.015184 0.032019
v -0.006886 -0.020770 0.023072
v -0.006257 -0.020275 0.043619
v -0.006722 -0.020685 0.031675
v -0.005541 -0.019366 0.053632
v -0.000886 -0.023820 0.023057
v -0.000790 -0.023758 0.031598
v -0.000677 -0.023357 0.043346
v -0.000501 -0.022339 0.053335
v -0.000912 -0.008387 0.070844
v -0.007256 -0.008499 0.065450
v -0.004914 -0.008434 0.068746
v -0.008957 -0.008481 0.061866
v -0.000914 -0.008348 0.069475
v -0.000104 -0.019397 0.063976
v 0.000473 -0.016277 0.068350
v -0.000321 -0.020887 0.059865
v 0.001120 -0.012878 0.069473
v -0.000663 -0.011095 0.069455
v -0.004134 -0.012155 0.068400
v -0.006257 -0.013139 0.064923
v -0.003753 -0.017073 0.064259
v -0.004630 -0.018161 0.060385
v -0.003455 -0.013824 0.068252
v -0.005273 -0.015223 0.064519
v -0.000942 -0.015944 0.068193
v -0.017193 -0.010351 -0.003406
v -0.015598 -0.014229 -0.002304
v -0.013728 -0.017737 -0.001297
v -0.011252 -0.020919 -0.000481
v -0.008339 -0.023687 0.000142
v -0.005064 -0.025994 0.000649
v -0.001500 -0.027630 0.000961
v -0.012833 -0.024082 -0.007505
v -0.009782 -0.027334 -0.005697
v -0.006390 -0.030229 -0.004334
v -0.002382 -0.032500 -0.003357
v -0.020173 -0.012752 -0.014262
v 0.015525 -0.030251 -0.015090
v 0.016384 -0.028629 -0.017578
v 0.012184 -0.033953 -0.011461
v 0.009568 -0.036019 -0.010077
v 0.024171 -0.017816 -0.019669
v 0.027071 -0.012338 -0.019670
v 0.009778 -0.006712 0.068794
v -0.010787 -0.030251 -0.015090
v -0.011646 -0.028629 -0.017578
v -0.009424 -0.031902 -0.013221
v -0.001640 -0.037589 -0.009281
v -0.021437 -0.014155 -0.019667
v -0.020812 -0.010570 -0.014693
v 0.005652 -0.006790 0.069475
v 0.002369 -0.009712 0.069484
v -0.000914 -0.006790 0.069475
v -0.012033 -0.027589 -0.019695
v 0.018220 -0.005082 0.027329
v 0.018252 -0.007366 0.026826
v 0.017556 -0.012075 0.024015
v 0.017161 -0.013056 0.023378
v 0.016169 -0.015496 0.021789
v 0.015045 -0.017463 0.018861
v 0.014824 -0.018000 0.016304
v 0.015403 -0.017544 0.014069
v 0.016589 -0.016275 0.011725
v 0.017916 -0.014130 0.009762
v 0.018701 -0.012624 0.009321
v 0.019273 -0.010456 0.008893
v 0.019629 -0.008764 0.009271
v 0.019690 -0.006841 0.009828
v 0.019691 -0.005236 0.010732
v 0.017719 -0.007061 0.010629
v 0.017663 -0.008800 0.010126
v 0.017341 -0.010331 0.009783
v 0.016824 -0.012292 0.010171
v 0.016114 -0.013655 0.010570
v 0.014913 -0.015596 0.012346
v 0.013840 -0.016743 0.014466
v 0.013316 -0.017155 0.016488
v 0.013517 -0.016670 0.018801
v 0.014533 -0.014891 0.021450
v 0.015430 -0.012683 0.022888
v 0.015788 -0.011796 0.023464
v 0.016418 -0.007535 0.026007
v 0.002369 -0.035550 -0.008680
v 0.005639 -0.034849 -0.009001
v 0.014892 -0.026157 -0.019706
v 0.012319 -0.030445 -0.012584
v -0.003555 -0.033640 -0.009676
v -0.005807 -0.032059 -0.010912
v 0.013594 -0.029041 -0.014493
v 0.014477 -0.027446 -0.017241
v 0.010545 -0.032059 -0.010912
v 0.008293 -0.033640 -0.009676
v -0.008856 -0.029041 -0.014493
v -0.009740 -0.027446 -0.017241
v -0.007581 -0.030445 -0.012584
v -0.000901 -0.034849 -0.009001
v -0.010028 -0.026195 -0.019726
v 0.013240 0.006731 0.008810
v 0.004898 0.011030 0.013047
v 0.007324 0.010369 0.012349
v 0.010497 0.008617 0.010633
v 0.011645 0.007855 0.009899
v 0.008675 0.009739 0.011726
v -0.002586 0.010369 0.012349
v -0.003938 0.009739 0.011726
v -0.005759 0.008617 0.010633
v -0.006908 0.007855 0.009899
v -0.008502 0.006731 0.008810
v -0.012469 0.002187 0.004174
v 0.024540 -0.009398 -0.011387
v 0.023428 -0.008242 -0.007264
v -0.019811 -0.009407 -0.011416
v -0.018692 -0.008243 -0.007269
v 0.002432 -0.026176 -0.019716
v -0.015007 -0.006418 -0.020421
v -0.014015 -0.004853 -0.021559
v -0.014518 -0.005717 -0.022991
v -0.015559 -0.007339 -0.021940
v -0.012892 -0.004677 -0.017888
v -0.012102 -0.003314 -0.019145
v -0.013195 -0.004045 -0.020259
v -0.014105 -0.005533 -0.019042
v -0.009712 -0.003241 -0.016469
v -0.009275 -0.002184 -0.017651
v -0.010781 -0.002684 -0.018266
v -0.011406 -0.003886 -0.017039
v -0.006005 -0.002424 -0.016250
v -0.005921 -0.001665 -0.017296
v -0.007626 -0.001836 -0.017330
v -0.007873 -0.002742 -0.016205
v -0.002540 -0.002454 -0.017234
v -0.002653 -0.001848 -0.018077
v -0.004250 -0.001678 -0.017549
v -0.004220 -0.002347 -0.016597
v 0.000399 -0.003309 -0.019135
v 0.000138 -0.002710 -0.019811
v -0.001169 -0.002192 -0.018848
v -0.000977 -0.002774 -0.018099
v 0.002341 -0.004630 -0.021727
v 0.001998 -0.003991 -0.022277
v 0.001205 -0.003308 -0.020975
v 0.001519 -0.003926 -0.020364
v 0.003022 -0.006242 -0.024696
v 0.002649 -0.005536 -0.025105
v 0.002483 -0.004743 -0.023670
v 0.002853 -0.005415 -0.023193
v 0.002345 -0.007827 -0.027673
v 0.001998 -0.007076 -0.027935
v 0.002483 -0.006332 -0.026537
v 0.002850 -0.007065 -0.026201
v 0.001205 -0.007790 -0.029220
v 0.001517 -0.008564 -0.029022
v 0.000397 -0.009264 -0.030199
v 0.000138 -0.008451 -0.030347
v -0.001170 -0.009044 -0.031263
v -0.000985 -0.009899 -0.031153
v -0.002537 -0.010417 -0.031871
v -0.002653 -0.009532 -0.031947
v -0.004245 -0.009861 -0.032379
v -0.004178 -0.010787 -0.032316
v -0.005910 -0.011050 -0.032444
v -0.005909 -0.010067 -0.032518
v -0.007609 -0.010141 -0.032344
v -0.007747 -0.011197 -0.032233
v -0.009571 -0.011172 -0.031718
v -0.009256 -0.010040 -0.031885
v -0.010762 -0.009786 -0.031129
v -0.011269 -0.011031 -0.030867
v -0.012775 -0.010757 -0.029732
v -0.012086 -0.009394 -0.030115
v -0.013184 -0.008876 -0.028883
v -0.014019 -0.010359 -0.028350
v -0.014955 -0.009779 -0.026831
v -0.014009 -0.008212 -0.027507
v -0.014689 -0.006594 -0.024498
v -0.014515 -0.007440 -0.026023
v -0.015537 -0.009068 -0.025199
v -0.015741 -0.008241 -0.023542
v -0.011975 -0.005875 -0.023471
v -0.012099 -0.006498 -0.024550
v -0.011613 -0.005266 -0.022439
v -0.011022 -0.004695 -0.021495
v -0.010229 -0.004184 -0.020672
v -0.009261 -0.003753 -0.020004
v -0.008158 -0.003417 -0.019514
v -0.006959 -0.003191 -0.019225
v -0.005712 -0.003081 -0.019144
v -0.004465 -0.003094 -0.019279
v -0.003265 -0.003225 -0.019621
v -0.002160 -0.003472 -0.020161
v -0.001190 -0.003823 -0.020874
v -0.000396 -0.004267 -0.021737
v 0.000196 -0.004784 -0.022713
v 0.000559 -0.005357 -0.023766
v 0.000683 -0.005963 -0.024856
v 0.000559 -0.006580 -0.025940
v 0.000196 -0.007181 -0.026978
v -0.000396 -0.007747 -0.027927
v -0.001191 -0.008257 -0.028752
v -0.002160 -0.008690 -0.029419
v -0.003265 -0.009032 -0.029904
v -0.004465 -0.009266 -0.030187
v -0.005712 -0.009383 -0.030262
v -0.006958 -0.009377 -0.030122
v -0.008157 -0.009251 -0.029775
v -0.009260 -0.009005 -0.029234
v -0.010229 -0.008656 -0.028519
v -0.011022 -0.008212 -0.027656
v -0.011613 -0.007690 -0.026683
v -0.011975 -0.007111 -0.025634
v -0.012766 -0.004581 -0.024035
v -0.012525 -0.004643 -0.024055
v -0.012358 -0.003894 -0.022872
v -0.012131 -0.003979 -0.022932
v -0.011692 -0.003250 -0.021808
v -0.011487 -0.003357 -0.021905
v -0.010798 -0.002674 -0.020881
v -0.010624 -0.002801 -0.021009
v -0.009706 -0.002188 -0.020129
v -0.009571 -0.002332 -0.020283
v -0.008463 -0.001810 -0.019578
v -0.008370 -0.001967 -0.019750
v -0.007112 -0.001556 -0.019253
v -0.007065 -0.001722 -0.019436
v -0.005708 -0.001434 -0.019162
v -0.005709 -0.001603 -0.019349
v -0.004304 -0.001448 -0.019314
v -0.004353 -0.001617 -0.019496
v -0.002954 -0.001596 -0.019701
v -0.003048 -0.001760 -0.019868
v -0.001710 -0.001872 -0.020310
v -0.001847 -0.002028 -0.020456
v -0.000618 -0.002273 -0.021111
v -0.000792 -0.002412 -0.021231
v 0.000276 -0.002772 -0.022083
v 0.000071 -0.002895 -0.022170
v 0.000942 -0.003355 -0.023183
v 0.000715 -0.003458 -0.023232
v 0.001351 -0.004000 -0.024370
v 0.001109 -0.004081 -0.024378
v 0.001490 -0.004682 -0.025598
v 0.001244 -0.004739 -0.025564
v 0.001351 -0.005374 -0.026819
v 0.001109 -0.005409 -0.026743
v 0.000942 -0.006039 -0.027995
v 0.000715 -0.006056 -0.027876
v 0.000276 -0.006669 -0.029067
v 0.000071 -0.006668 -0.028910
v -0.000618 -0.007232 -0.030002
v -0.000792 -0.007216 -0.029811
v -0.001710 -0.007717 -0.030755
v -0.001847 -0.007685 -0.030537
v -0.002954 -0.008109 -0.031298
v -0.003048 -0.008062 -0.031063
v -0.004304 -0.008381 -0.031612
v -0.004353 -0.008323 -0.031367
v -0.005708 -0.008521 -0.031693
v -0.005709 -0.008456 -0.031446
v -0.007112 -0.008524 -0.031529
v -0.007065 -0.008453 -0.031292
v -0.008463 -0.008386 -0.031137
v -0.008369 -0.008317 -0.030915
v -0.009706 -0.008105 -0.030530
v -0.009570 -0.008048 -0.030327
v -0.010798 -0.007714 -0.029724
v -0.010624 -0.007669 -0.029549
v -0.011692 -0.007216 -0.028751
v -0.011487 -0.007187 -0.028610
v -0.012358 -0.006628 -0.027654
v -0.012131 -0.006619 -0.027551
v -0.012766 -0.005975 -0.026472
v -0.012525 -0.005989 -0.026409
v -0.012660 -0.005321 -0.025229
v -0.012906 -0.005284 -0.025250
v -0.015188 -0.006446 -0.020317
v -0.015751 -0.007386 -0.021868
v -0.015936 -0.008308 -0.023504
v -0.013029 -0.004669 -0.017731
v -0.014267 -0.005542 -0.018909
v -0.009784 -0.003204 -0.016284
v -0.011513 -0.003861 -0.016864
v -0.006001 -0.002373 -0.016062
v -0.007907 -0.002696 -0.016015
v -0.002465 -0.002405 -0.017068
v -0.004180 -0.002295 -0.016417
v 0.000534 -0.003277 -0.019009
v -0.000870 -0.002731 -0.017951
v 0.002516 -0.004624 -0.021654
v 0.001677 -0.003906 -0.020264
v 0.003211 -0.006268 -0.024682
v 0.003038 -0.005424 -0.023149
v 0.002520 -0.007887 -0.027716
v 0.003035 -0.007108 -0.026216
v 0.000532 -0.009355 -0.030291
v 0.001676 -0.008641 -0.029090
v -0.002462 -0.010531 -0.031999
v -0.000878 -0.010001 -0.031266
v -0.005904 -0.011184 -0.032582
v -0.004136 -0.010913 -0.032452
v -0.009641 -0.011311 -0.031843
v -0.007779 -0.011335 -0.032369
v -0.012910 -0.010884 -0.029820
v -0.011373 -0.011167 -0.030976
v -0.015134 -0.009882 -0.026861
v -0.014179 -0.010475 -0.028411
v -0.015728 -0.009153 -0.025196
v 0.004881 -0.002503 -0.012450
v 0.005244 -0.001614 -0.010847
v 0.006278 -0.000915 -0.009457
v 0.007826 -0.000511 -0.008491
v 0.009651 -0.000466 -0.008097
v 0.011477 -0.000785 -0.008333
v 0.013025 -0.001419 -0.009166
v 0.014059 -0.002273 -0.010466
v 0.014422 -0.003217 -0.012038
v 0.014059 -0.004106 -0.013640
v 0.013025 -0.004805 -0.015030
v 0.011477 -0.005208 -0.015996
v 0.009651 -0.005254 -0.016390
v 0.007826 -0.004935 -0.016154
v 0.006278 -0.004301 -0.015322
v 0.005244 -0.003446 -0.014021
v 0.005191 0.000603 -0.014243
v 0.005554 0.001492 -0.012640
v 0.006588 0.002192 -0.011250
v 0.008136 0.002595 -0.010285
v 0.009961 0.002641 -0.009890
v 0.011787 0.002322 -0.010127
v 0.013335 0.001687 -0.010959
v 0.014369 0.000833 -0.012260
v 0.014732 -0.000111 -0.013831
v 0.014369 -0.001000 -0.015434
v 0.013335 -0.001699 -0.016824
v 0.011787 -0.002102 -0.017789
v 0.009961 -0.002148 -0.018184
v 0.008136 -0.001829 -0.017947
v 0.006588 -0.001194 -0.017115
v 0.005554 -0.000340 -0.015814
v 0.010085 0.001340 -0.014668
v 0.006506 0.001229 -0.014604
v 0.006774 0.001885 -0.013422
v 0.007537 0.002401 -0.012397
v 0.008679 0.002698 -0.011684
v 0.010025 0.002732 -0.011393
v 0.011372 0.002496 -0.011568
v 0.012514 0.002028 -0.012182
v 0.013276 0.001398 -0.013141
v 0.013544 0.000702 -0.014300
v 0.013276 0.000047 -0.015482
v 0.012514 -0.000469 -0.016508
v 0.011372 -0.000767 -0.017220
v 0.010025 -0.000800 -0.017511
v 0.008679 -0.000565 -0.017336
v 0.007537 -0.000097 -0.016723
v 0.006774 0.000533 -0.015763
v 0.008801 -0.009937 -0.024360
v 0.009172 -0.009023 -0.022731
v 0.010228 -0.008287 -0.021327
v 0.011809 -0.007842 -0.020363
v 0.013673 -0.007755 -0.019984
v 0.015537 -0.008040 -0.020249
v 0.017118 -0.008652 -0.021117
v 0.018174 -0.009500 -0.022456
v 0.018545 -0.010454 -0.024062
v 0.018174 -0.011368 -0.025691
v 0.017118 -0.012104 -0.027095
v 0.015537 -0.012549 -0.028059
v 0.013673 -0.012636 -0.028438
v 0.011809 -0.012351 -0.028173
v 0.010228 -0.011739 -0.027305
v 0.009172 -0.010891 -0.025967
v 0.009025 -0.006765 -0.026192
v 0.009396 -0.005851 -0.024563
v 0.010452 -0.005115 -0.023159
v 0.012033 -0.004670 -0.022194
v 0.013897 -0.004583 -0.021815
v 0.015761 -0.004867 -0.022080
v 0.017342 -0.005480 -0.022948
v 0.018398 -0.006328 -0.024287
v 0.018769 -0.007282 -0.025894
v 0.018398 -0.008196 -0.027522
v 0.017342 -0.008932 -0.028926
v 0.015761 -0.009377 -0.029891
v 0.013897 -0.009464 -0.030270
v 0.012033 -0.009179 -0.030005
v 0.010452 -0.008566 -0.029137
v 0.009396 -0.007719 -0.027798
v 0.013991 -0.005907 -0.026687
v 0.010352 -0.006102 -0.026574
v 0.010626 -0.005428 -0.025373
v 0.011405 -0.004885 -0.024337
v 0.012571 -0.004556 -0.023626
v 0.013946 -0.004492 -0.023346
v 0.015321 -0.004702 -0.023542
v 0.016487 -0.005154 -0.024182
v 0.017266 -0.005779 -0.025170
v 0.017540 -0.006483 -0.026355
v 0.017266 -0.007157 -0.027556
v 0.016487 -0.007700 -0.028592
v 0.015321 -0.008029 -0.029303
v 0.013946 -0.008093 -0.029583
v 0.012571 -0.007883 -0.029387
v 0.011405 -0.007431 -0.028747
v 0.010626 -0.006805 -0.027759
v 0.017643 0.001873 0.015870
v 0.018335 -0.000960 0.015234
v 0.018618 -0.000094 0.014115
v 0.020137 -0.006897 0.010113
v 0.019592 -0.003354 0.012184
v 0.019595 -0.006323 0.012298
v 0.018097 -0.001198 0.016751
v 0.019246 -0.007892 0.012645
v 0.016810 0.003051 0.018014
v 0.017835 -0.001600 0.018498
v 0.018490 -0.009753 0.013654
v 0.016678 0.002935 0.022916
v 0.017761 -0.002329 0.020353
v 0.016484 0.003432 0.020357
v 0.017763 -0.011244 0.015180
v 0.017915 -0.000201 0.026513
v 0.017340 -0.012341 0.016931
v 0.017254 0.001685 0.024991
v 0.018689 -0.003784 0.027438
v 0.018501 -0.006483 0.024926
v 0.018795 -0.007413 0.026487
v 0.018350 -0.010999 0.024316
v 0.016805 -0.015194 0.021677
v 0.019639 -0.010461 0.009171
v 0.018297 -0.013964 0.010012
v 0.016892 -0.016083 0.011929
v 0.015928 -0.017288 0.014203
v 0.015742 -0.017154 0.018832
v 0.015447 -0.017747 0.016318
v 0.017150 -0.013784 0.020392
v 0.019281 -0.003952 0.013774
v 0.017205 -0.013134 0.018679
v 0.018269 -0.004786 0.023583
v 0.017955 -0.003396 0.022074
v 0.018939 -0.004809 0.014965
v 0.018592 -0.005836 0.016333
v 0.018316 -0.006873 0.017891
v 0.018184 -0.010014 0.022618
v 0.018117 -0.008944 0.021076
v 0.018155 -0.007899 0.019502
v 0.005057 0.001873 0.015870
v 0.005147 -0.000094 0.014115
v 0.005457 -0.006897 0.010113
v 0.005296 -0.003354 0.012184
v 0.005005 0.003051 0.018014
v 0.005021 0.002935 0.022916
v 0.004992 0.003432 0.020357
v 0.005177 -0.000201 0.026513
v 0.005085 0.001685 0.024991
v 0.005345 -0.003784 0.027438
v 0.005509 -0.007413 0.026487
v 0.005668 -0.010999 0.024316
v 0.005849 -0.015194 0.021677
v 0.005617 -0.010461 0.009171
v 0.005776 -0.013964 0.010012
v 0.005873 -0.016083 0.011929
v 0.005929 -0.017288 0.014203
v 0.005930 -0.017154 0.018832
v 0.005952 -0.017747 0.016318
v -0.003379 -0.025560 -0.032445
v -0.005781 -0.024966 -0.030721
v -0.008182 -0.024380 -0.028095
v -0.010124 -0.024149 -0.024675
v -0.011166 -0.024555 -0.021014
v -0.011235 -0.025624 -0.017500
v -0.010329 -0.027330 -0.014222
v -0.008518 -0.029445 -0.011491
v -0.006440 -0.031271 -0.009747
v -0.002646 -0.033583 -0.008067
v 0.002373 -0.026194 -0.033695
v 0.008126 -0.025559 -0.032445
v 0.010528 -0.024966 -0.030721
v 0.012929 -0.024380 -0.028095
v 0.014871 -0.024149 -0.024675
v 0.015914 -0.024555 -0.021014
v 0.015982 -0.025624 -0.017500
v 0.015076 -0.027330 -0.014222
v 0.013265 -0.029445 -0.011491
v 0.011187 -0.031271 -0.009747
v 0.007394 -0.033583 -0.008067
v 0.002374 -0.034449 -0.007564
v -0.003342 -0.028183 -0.033595
v -0.005726 -0.027911 -0.031980
v -0.008108 -0.027858 -0.029606
v -0.010034 -0.028408 -0.026748
v -0.011067 -0.029673 -0.023785
v -0.011134 -0.031606 -0.021137
v -0.010235 -0.034165 -0.018875
v -0.008437 -0.037050 -0.017192
v -0.006376 -0.039398 -0.016170
v -0.002612 -0.042172 -0.015390
v 0.002369 -0.028402 -0.034748
v 0.008080 -0.028183 -0.033595
v 0.010463 -0.027911 -0.031980
v 0.012845 -0.027858 -0.029606
v 0.014771 -0.028408 -0.026748
v 0.015805 -0.029673 -0.023785
v 0.015872 -0.031606 -0.021137
v 0.014972 -0.034165 -0.018875
v 0.013175 -0.037050 -0.017192
v 0.011113 -0.039398 -0.016170
v 0.007349 -0.042172 -0.015390
v 0.002369 -0.043244 -0.015198
v 0.002369 -0.029118 -0.034136
v 0.002369 -0.029683 -0.032787
v 0.002369 -0.030482 -0.030935
v 0.002369 -0.031820 -0.028391
v 0.002369 -0.033308 -0.025980
v 0.002369 -0.035130 -0.023516
v 0.002369 -0.037420 -0.020944
v 0.002369 -0.039348 -0.018972
v 0.002369 -0.041103 -0.017498
v 0.002369 -0.043302 -0.015672
v 0.005181 -0.028906 -0.033702
v 0.006344 -0.029247 -0.032512
v 0.007516 -0.029930 -0.030635
v 0.008461 -0.031048 -0.028041
v 0.008966 -0.032459 -0.025479
v 0.008999 -0.034322 -0.022961
v 0.008558 -0.036675 -0.020386
v 0.007673 -0.038800 -0.018467
v 0.006659 -0.040647 -0.017052
v 0.004810 -0.042687 -0.015783
v -0.000443 -0.028906 -0.033702
v -0.001606 -0.029247 -0.032512
v -0.002778 -0.029930 -0.030635
v -0.003724 -0.031048 -0.028041
v -0.004229 -0.032459 -0.025479
v -0.004261 -0.034322 -0.022961
v -0.003821 -0.036675 -0.020386
v -0.002935 -0.038800 -0.018467
v -0.001921 -0.040647 -0.017052
v -0.000073 -0.042687 -0.015783
v -0.003363 -0.026659 -0.032931
v -0.005756 -0.026242 -0.031256
v -0.008148 -0.025956 -0.028739
v -0.010082 -0.026159 -0.025523
v -0.011119 -0.027072 -0.022160
v -0.011187 -0.028665 -0.019017
v -0.010284 -0.030902 -0.016176
v -0.008479 -0.033508 -0.013899
v -0.006409 -0.035688 -0.012505
v -0.002630 -0.038398 -0.011232
v 0.002371 -0.027149 -0.034150
v 0.008106 -0.026659 -0.032931
v 0.010499 -0.026242 -0.031256
v 0.012891 -0.025956 -0.028739
v 0.014825 -0.026159 -0.025523
v 0.015862 -0.027072 -0.022160
v 0.015929 -0.028665 -0.019017
v 0.015026 -0.030902 -0.016176
v 0.013222 -0.033508 -0.013899
v 0.011152 -0.035688 -0.012505
v 0.007372 -0.038398 -0.011232
v 0.002371 -0.039446 -0.010919
v -0.001824 0.009041 0.006252
v -0.002170 0.008405 0.004572
v -0.001824 0.007768 0.002889
v -0.000839 0.007223 0.001450
v 0.000634 0.006861 0.000495
v 0.002368 0.006731 0.000153
v 0.004102 0.006861 0.000495
v 0.005575 0.007223 0.001450
v 0.006560 0.007768 0.002889
v 0.006906 0.008405 0.004572
v 0.006559 0.009041 0.006252
v 0.005640 0.009573 0.007655
v 0.004105 0.009929 0.008594
v 0.002368 0.010046 0.008904
v 0.000631 0.009929 0.008594
v -0.000905 0.009573 0.007655
v -0.001983 0.003097 0.008504
v -0.002342 0.002461 0.006823
v -0.001983 0.001824 0.005140
v -0.000962 0.001280 0.003700
v 0.000566 0.000918 0.002744
v 0.002368 0.000789 0.002402
v 0.004169 0.000918 0.002744
v 0.005698 0.001280 0.003700
v 0.006719 0.001824 0.005140
v 0.007077 0.002461 0.006823
v 0.006719 0.003097 0.008504
v 0.005764 0.003630 0.009907
v 0.004169 0.003987 0.010846
v 0.002368 0.004106 0.011156
v 0.000566 0.003987 0.010846
v -0.001028 0.003630 0.009907
v 0.000115 0.008856 0.006312
v -0.000557 0.008580 0.005581
v 0.001217 0.009026 0.006760
v -0.000799 0.008224 0.004639
v 0.000134 0.007584 0.002953
v -0.000552 0.007865 0.003694
v 0.001223 0.007411 0.002497
v 0.002368 0.009082 0.006910
v 0.004621 0.008856 0.006312
v 0.005293 0.008580 0.005581
v 0.003519 0.009026 0.006760
v 0.002368 0.007351 0.002339
v 0.005536 0.008224 0.004639
v 0.004602 0.007584 0.002953
v 0.005289 0.007865 0.003694
v 0.003514 0.007411 0.002497
v 0.000161 0.008022 0.004237
v 0.002369 0.007957 0.004067
v 0.004136 0.007957 0.004066
v 0.002369 0.008406 0.005251
v 0.000602 0.008769 0.005114
v 0.004136 0.008769 0.005114
v 0.004136 0.008320 0.003930
v 0.000602 0.008320 0.003930
v 0.004576 0.008703 0.004940
v 0.004760 0.008544 0.004520
v 0.004576 0.008385 0.004101
v 0.000161 0.008702 0.004939
v -0.000022 0.008544 0.004520
v 0.000162 0.008385 0.004100
v 0.004136 0.008405 0.005250
v 0.004577 0.008339 0.005075
v 0.004760 0.008181 0.004657
v 0.004577 0.008022 0.004237
v 0.000602 0.008405 0.005251
v 0.000602 0.007957 0.004066
v -0.000021 0.008181 0.004657
v 0.000160 0.008339 0.005075
v 0.002369 0.008544 0.004520
v 0.002369 0.008321 0.003930
v 0.002369 0.008769 0.005115
v -0.011932 -0.001365 -0.027557
v -0.011457 -0.000169 -0.025486
v -0.010102 0.000845 -0.023730
v -0.008075 0.001522 -0.022557
v -0.005683 0.001760 -0.022145
v -0.003291 0.001522 -0.022557
v -0.001264 0.000845 -0.023730
v 0.000091 -0.000169 -0.025486
v 0.000566 -0.001365 -0.027557
v 0.000091 -0.002560 -0.029628
v -0.001264 -0.003574 -0.031384
v -0.003291 -0.004251 -0.032557
v -0.005683 -0.004489 -0.032970
v -0.008075 -0.004251 -0.032557
v -0.010102 -0.003574 -0.031384
v -0.011457 -0.002560 -0.029628
v -0.012393 -0.006385 -0.021449
v -0.008914 -0.004470 -0.024219
v -0.011412 -0.001835 -0.024546
v -0.011884 -0.003021 -0.026601
v -0.009180 -0.005139 -0.025378
v -0.012946 -0.007775 -0.023856
v -0.010819 -0.005207 -0.019409
v -0.008156 -0.003903 -0.023237
v -0.010068 -0.000829 -0.022804
v -0.008462 -0.004419 -0.018045
v -0.007021 -0.003523 -0.022580
v -0.008056 -0.000157 -0.021640
v -0.005683 -0.004143 -0.017567
v -0.005683 -0.003390 -0.022350
v -0.005683 0.000079 -0.021231
v -0.002904 -0.004419 -0.018045
v -0.004345 -0.003523 -0.022580
v -0.003310 -0.000157 -0.021640
v -0.000547 -0.005207 -0.019409
v -0.003210 -0.003903 -0.023237
v -0.001298 -0.000829 -0.022804
v 0.001027 -0.006385 -0.021449
v -0.002452 -0.004470 -0.024219
v 0.000046 -0.001835 -0.024546
v 0.001580 -0.007775 -0.023856
v -0.002186 -0.005139 -0.025378
v 0.000518 -0.003021 -0.026601
v 0.001027 -0.009164 -0.026264
v -0.002452 -0.005808 -0.026537
v 0.000046 -0.004208 -0.028656
v -0.000547 -0.010343 -0.028304
v -0.003210 -0.006375 -0.027520
v -0.001298 -0.005214 -0.030398
v -0.002904 -0.011130 -0.029668
v -0.004345 -0.006754 -0.028176
v -0.003310 -0.005886 -0.031562
v -0.005683 -0.011406 -0.030146
v -0.005683 -0.006887 -0.028407
v -0.005683 -0.006122 -0.031971
v -0.008462 -0.011130 -0.029668
v -0.007021 -0.006754 -0.028176
v -0.008056 -0.005886 -0.031562
v -0.010819 -0.010343 -0.028304
v -0.008156 -0.006375 -0.027520
v -0.010068 -0.005214 -0.030398
v -0.012393 -0.009164 -0.026264
v -0.008914 -0.005808 -0.026537
v -0.011412 -0.004208 -0.028656
v -0.008924 -0.003213 -0.024940
v -0.009191 -0.003884 -0.026103
v -0.008163 -0.002644 -0.023955
v -0.007025 -0.002264 -0.023296
v -0.005683 -0.002130 -0.023065
v -0.004341 -0.002264 -0.023296
v -0.003203 -0.002644 -0.023955
v -0.002442 -0.003213 -0.024940
v -0.002175 -0.003884 -0.026103
v -0.002442 -0.004555 -0.027265
v -0.003203 -0.005124 -0.028251
v -0.004341 -0.005504 -0.028909
v -0.005683 -0.005638 -0.029141
v -0.007025 -0.005504 -0.028909
v -0.008163 -0.005124 -0.028251
v -0.008924 -0.004555 -0.027265
v -0.005683 -0.001655 -0.027390
v -0.010173 -0.000182 -0.028240
v -0.009831 0.000677 -0.026752
v -0.008858 0.001405 -0.025491
v -0.007401 0.001892 -0.024648
v -0.005683 0.002063 -0.024352
v -0.003965 0.001892 -0.024648
v -0.002508 0.001405 -0.025491
v -0.001535 0.000677 -0.026752
v -0.001193 -0.000182 -0.028240
v -0.001535 -0.001041 -0.029728
v -0.002508 -0.001770 -0.030990
v -0.003965 -0.002256 -0.031832
v -0.005683 -0.002427 -0.032128
v -0.007401 -0.002256 -0.031832
v -0.008858 -0.001770 -0.030990
v -0.009831 -0.001041 -0.029728
v -0.010906 -0.005226 -0.022830
v -0.011337 -0.006307 -0.024704
v -0.009681 -0.004308 -0.021242
v -0.007847 -0.003696 -0.020180
v -0.005683 -0.003481 -0.019807
v -0.003519 -0.003696 -0.020180
v -0.001685 -0.004308 -0.021242
v -0.000460 -0.005226 -0.022830
v -0.000029 -0.006307 -0.024704
v -0.000460 -0.007389 -0.026577
v -0.001685 -0.008306 -0.028166
v -0.003519 -0.008919 -0.029227
v -0.005683 -0.009134 -0.029600
v -0.007847 -0.008919 -0.029227
v -0.009681 -0.008306 -0.028166
v -0.010906 -0.007389 -0.026577
v -0.012115 -0.002193 -0.027079
v -0.011625 -0.000962 -0.024948
v -0.010231 0.000081 -0.023140
v -0.008144 0.000778 -0.021933
v -0.005683 0.001023 -0.021509
v -0.003222 0.000778 -0.021933
v -0.001135 0.000081 -0.023140
v 0.000259 -0.000962 -0.024948
v 0.000749 -0.002193 -0.027079
v 0.000259 -0.003424 -0.029211
v -0.001135 -0.004467 -0.031018
v -0.003222 -0.005164 -0.032225
v -0.005683 -0.005409 -0.032649
v -0.008144 -0.005164 -0.032225
v -0.010231 -0.004467 -0.031018
v -0.011625 -0.003424 -0.029211
v -0.010357 -0.002761 -0.024516
v -0.010742 -0.003729 -0.026192
v -0.009260 -0.001940 -0.023094
v -0.007619 -0.001392 -0.022144
v -0.005683 -0.001199 -0.021811
v -0.003747 -0.001392 -0.022144
v -0.002106 -0.001940 -0.023094
v -0.001009 -0.002761 -0.024516
v -0.000624 -0.003729 -0.026192
v -0.001009 -0.004697 -0.027869
v -0.002106 -0.005518 -0.029290
v -0.003747 -0.006066 -0.030240
v -0.005683 -0.006259 -0.030574
v -0.007619 -0.006066 -0.030240
v -0.009260 -0.005518 -0.029290
v -0.010357 -0.004697 -0.027869
vt 0.949652 0.934758
vt 0.953115 0.945934
vt 0.964828 0.943906
vt 0.961668 0.932752
vt 0.910968 0.977004
vt 0.897262 0.974420
vt 0.895907 0.990912
vt 0.907844 0.990912
vt 0.924282 0.949594
vt 0.932379 0.958171
vt 0.942456 0.950396
vt 0.936912 0.940085
vt 0.959441 0.919354
vt 0.976089 0.918080
vt 0.976089 0.906680
vt 0.959114 0.906680
vt 0.946047 0.922677
vt 0.943145 0.906680
vt 0.927853 0.908398
vt 0.931181 0.927372
vt 0.905093 0.911517
vt 0.905093 0.935909
vt 0.916531 0.990912
vt 0.919426 0.980879
vt 0.916992 0.962566
vt 0.925564 0.968264
vt 0.900294 0.957967
vt 0.976089 0.932203
vt 0.959114 0.892309
vt 0.976079 0.892309
vt 0.943145 0.892309
vt 0.927853 0.892309
vt 0.905093 0.893276
vt 0.976079 0.877320
vt 0.959114 0.877320
vt 0.943145 0.877320
vt 0.927853 0.877320
vt 0.905093 0.877320
vt 0.881553 0.912683
vt 0.881508 0.933713
vt 0.881508 0.954658
vt 0.881508 0.972097
vt 0.881508 0.990912
vt 0.881508 0.893276
vt 0.881508 0.877462
vt 0.976089 0.942364
vt 0.791879 0.497618
vt 0.791879 0.514578
vt 0.814595 0.514578
vt 0.814595 0.497618
vt 0.791879 0.531696
vt 0.814595 0.531696
vt 0.834430 0.531696
vt 0.834430 0.514578
vt 0.834430 0.497618
vt 0.814595 0.548788
vt 0.834430 0.548788
vt 0.791879 0.548788
vt 0.791879 0.565855
vt 0.814595 0.565855
vt 0.834430 0.565855
vt 0.814595 0.582883
vt 0.834430 0.582883
vt 0.791879 0.582883
vt 0.791879 0.599885
vt 0.814595 0.599885
vt 0.834430 0.599885
vt 0.814595 0.616866
vt 0.834430 0.616866
vt 0.791879 0.616866
vt 0.791879 0.633837
vt 0.814595 0.633837
vt 0.834430 0.633837
vt 0.814595 0.650797
vt 0.834430 0.650797
vt 0.791879 0.650797
vt 0.791879 0.667765
vt 0.814595 0.667765
vt 0.834430 0.667765
vt 0.814595 0.684751
vt 0.834430 0.684751
vt 0.791879 0.684751
vt 0.791879 0.701775
vt 0.814595 0.701775
vt 0.834430 0.701775
vt 0.814595 0.718845
vt 0.834430 0.718845
vt 0.791879 0.718845
vt 0.791879 0.735770
vt 0.814595 0.735770
vt 0.834430 0.735770
vt 0.814595 0.752759
vt 0.834430 0.752759
vt 0.791879 0.752759
vt 0.791879 0.769821
vt 0.814595 0.769821
vt 0.834430 0.769821
vt 0.814595 0.787108
vt 0.834430 0.787108
vt 0.791879 0.787108
vt 0.791879 0.804588
vt 0.814595 0.804588
vt 0.834430 0.804588
vt 0.814595 0.822232
vt 0.834430 0.822232
vt 0.791879 0.822232
vt 0.791879 0.840170
vt 0.814595 0.840170
vt 0.834430 0.840170
vt 0.814595 0.858447
vt 0.834430 0.858447
vt 0.791879 0.858447
vt 0.791879 0.875065
vt 0.814595 0.875065
vt 0.834430 0.875065
vt 0.814595 0.890692
vt 0.834430 0.890692
vt 0.791879 0.890692
vt 0.814640 0.910042
vt 0.834475 0.910042
vt 0.834479 0.931010
vt 0.857643 0.531696
vt 0.857643 0.514578
vt 0.857643 0.497618
vt 0.857643 0.565855
vt 0.857643 0.548788
vt 0.857643 0.599885
vt 0.857643 0.582883
vt 0.857643 0.633837
vt 0.857643 0.616866
vt 0.857643 0.667765
vt 0.857643 0.650797
vt 0.857643 0.701775
vt 0.857643 0.684751
vt 0.857643 0.735770
vt 0.857643 0.718845
vt 0.857643 0.769821
vt 0.857643 0.752759
vt 0.857643 0.804588
vt 0.857643 0.787108
vt 0.857643 0.840170
vt 0.857643 0.822232
vt 0.857643 0.875065
vt 0.857643 0.858447
vt 0.857468 0.910042
vt 0.857643 0.890692
vt 0.834479 0.951894
vt 0.857291 0.951894
vt 0.857291 0.931010
vt 0.834479 0.988042
vt 0.857291 0.988042
vt 0.857291 0.969282
vt 0.834479 0.969282
vt 0.768569 0.497618
vt 0.768569 0.514578
vt 0.768569 0.531696
vt 0.768569 0.548788
vt 0.768569 0.565855
vt 0.768569 0.582883
vt 0.768569 0.599885
vt 0.768569 0.616866
vt 0.768569 0.633837
vt 0.768569 0.650797
vt 0.768569 0.667765
vt 0.768569 0.684751
vt 0.768569 0.701775
vt 0.768569 0.718845
vt 0.768569 0.735770
vt 0.768569 0.752759
vt 0.768569 0.769821
vt 0.768569 0.787108
vt 0.768569 0.804588
vt 0.768569 0.822232
vt 0.768569 0.840170
vt 0.768569 0.858447
vt 0.768569 0.875065
vt 0.768569 0.890692
vt 0.905093 0.533308
vt 0.927853 0.533308
vt 0.927853 0.516271
vt 0.905093 0.516271
vt 0.943145 0.533308
vt 0.943145 0.516271
vt 0.943145 0.499051
vt 0.927853 0.499051
vt 0.905093 0.499051
vt 0.905093 0.567740
vt 0.927853 0.567740
vt 0.927853 0.550530
vt 0.905093 0.550530
vt 0.943145 0.567740
vt 0.943145 0.550530
vt 0.905093 0.601561
vt 0.927853 0.601561
vt 0.927853 0.584739
vt 0.905093 0.584739
vt 0.943145 0.601561
vt 0.943145 0.584739
vt 0.905093 0.635065
vt 0.927853 0.635065
vt 0.927853 0.618234
vt 0.905093 0.618234
vt 0.943145 0.635065
vt 0.943145 0.618234
vt 0.905093 0.669705
vt 0.927853 0.669705
vt 0.927853 0.652363
vt 0.905093 0.652363
vt 0.943145 0.669705
vt 0.943145 0.652363
vt 0.905093 0.703619
vt 0.927853 0.703619
vt 0.927853 0.686705
vt 0.905093 0.686705
vt 0.943145 0.703619
vt 0.943145 0.686705
vt 0.905093 0.737901
vt 0.927853 0.737901
vt 0.927853 0.720666
vt 0.905093 0.720666
vt 0.943145 0.737901
vt 0.943145 0.720666
vt 0.905093 0.772051
vt 0.927853 0.772051
vt 0.927853 0.754940
vt 0.905093 0.754940
vt 0.943145 0.772051
vt 0.943145 0.754940
vt 0.905093 0.806921
vt 0.927853 0.806921
vt 0.927853 0.789390
vt 0.905093 0.789390
vt 0.943145 0.806921
vt 0.943145 0.789390
vt 0.943145 0.824616
vt 0.959114 0.824616
vt 0.959114 0.806921
vt 0.943145 0.842594
vt 0.959114 0.842594
vt 0.976079 0.842594
vt 0.976079 0.824616
vt 0.976079 0.806921
vt 0.905093 0.860937
vt 0.927853 0.860937
vt 0.943145 0.860937
vt 0.927853 0.842594
vt 0.905093 0.842594
vt 0.959114 0.533308
vt 0.959114 0.516271
vt 0.976079 0.533308
vt 0.976079 0.516271
vt 0.959114 0.499051
vt 0.976079 0.499051
vt 0.881508 0.516166
vt 0.881508 0.499051
vt 0.881508 0.533268
vt 0.959114 0.567740
vt 0.959114 0.550530
vt 0.976079 0.567740
vt 0.976079 0.550530
vt 0.881508 0.550451
vt 0.881508 0.567614
vt 0.959114 0.601561
vt 0.959114 0.584739
vt 0.976079 0.601561
vt 0.976079 0.584739
vt 0.881508 0.584652
vt 0.881508 0.601589
vt 0.959114 0.635065
vt 0.959114 0.618234
vt 0.976079 0.635065
vt 0.976079 0.618234
vt 0.881508 0.618441
vt 0.881508 0.635367
vt 0.959114 0.669705
vt 0.959114 0.652363
vt 0.976079 0.669705
vt 0.976079 0.652363
vt 0.881508 0.652521
vt 0.881508 0.669701
vt 0.959114 0.703619
vt 0.959114 0.686705
vt 0.976079 0.703619
vt 0.976079 0.686705
vt 0.881508 0.686719
vt 0.881508 0.703713
vt 0.959114 0.737901
vt 0.959114 0.720666
vt 0.976079 0.737901
vt 0.976079 0.720666
vt 0.881508 0.720797
vt 0.881508 0.737901
vt 0.959114 0.772051
vt 0.959114 0.754940
vt 0.976079 0.754940
vt 0.976079 0.772051
vt 0.881508 0.754940
vt 0.881508 0.772051
vt 0.959114 0.789390
vt 0.976079 0.789390
vt 0.881508 0.789390
vt 0.881508 0.806921
vt 0.881508 0.824616
vt 0.905093 0.824616
vt 0.881508 0.842600
vt 0.959114 0.860937
vt 0.976079 0.860937
vt 0.881508 0.860937
vt 0.876373 0.516061
vt 0.876373 0.533228
vt 0.876373 0.499051
vt 0.876373 0.567488
vt 0.876373 0.550372
vt 0.876373 0.601617
vt 0.876373 0.584565
vt 0.876373 0.635668
vt 0.876373 0.618649
vt 0.876373 0.669697
vt 0.876373 0.652679
vt 0.876373 0.703806
vt 0.876373 0.686733
vt 0.876373 0.737901
vt 0.876373 0.720926
vt 0.876373 0.772051
vt 0.876373 0.754940
vt 0.876373 0.806921
vt 0.876373 0.789390
vt 0.876373 0.842606
vt 0.876373 0.824616
vt 0.876373 0.877604
vt 0.876373 0.860937
vt 0.876418 0.912683
vt 0.876373 0.893276
vt 0.876238 0.954658
vt 0.876238 0.933713
vt 0.876238 0.990912
vt 0.876238 0.972097
vt 0.927853 0.824616
vt 0.964053 0.067336
vt 0.966648 0.055815
vt 0.955324 0.054461
vt 0.951345 0.066076
vt 0.907337 0.008460
vt 0.896436 0.008460
vt 0.897972 0.025582
vt 0.910039 0.022066
vt 0.933841 0.042101
vt 0.922750 0.051231
vt 0.936951 0.060932
vt 0.944053 0.050053
vt 0.976079 0.094970
vt 0.975726 0.080883
vt 0.960112 0.080110
vt 0.959114 0.093399
vt 0.929351 0.071832
vt 0.927853 0.088899
vt 0.943145 0.091518
vt 0.945762 0.077427
vt 0.904919 0.062091
vt 0.905093 0.084694
vt 0.919227 0.018453
vt 0.916271 0.008460
vt 0.925485 0.031604
vt 0.915258 0.037470
vt 0.900079 0.042865
vt 0.975726 0.067247
vt 0.959114 0.105643
vt 0.976079 0.105643
vt 0.943145 0.105643
vt 0.927853 0.105643
vt 0.905093 0.105643
vt 0.976079 0.120408
vt 0.959114 0.120408
vt 0.943145 0.120408
vt 0.927853 0.120408
vt 0.905093 0.120408
vt 0.881508 0.079631
vt 0.881508 0.060680
vt 0.881508 0.043564
vt 0.881508 0.026621
vt 0.881508 0.008460
vt 0.881508 0.103640
vt 0.881508 0.120408
vt 0.975726 0.055581
vt 0.814595 0.480553
vt 0.791879 0.480553
vt 0.814595 0.463496
vt 0.791879 0.463496
vt 0.834430 0.463496
vt 0.834430 0.480553
vt 0.834430 0.446359
vt 0.814595 0.446359
vt 0.791879 0.446359
vt 0.791879 0.429239
vt 0.814595 0.429239
vt 0.834430 0.429239
vt 0.834430 0.412243
vt 0.814595 0.412243
vt 0.791879 0.412243
vt 0.791879 0.395347
vt 0.814595 0.395347
vt 0.834430 0.395347
vt 0.834430 0.378535
vt 0.814595 0.378535
vt 0.791879 0.378535
vt 0.791879 0.361649
vt 0.814595 0.361649
vt 0.834430 0.361649
vt 0.834430 0.344535
vt 0.814595 0.344535
vt 0.791879 0.344535
vt 0.791879 0.327398
vt 0.814595 0.327398
vt 0.834430 0.327398
vt 0.834430 0.310423
vt 0.814595 0.310423
vt 0.791879 0.310423
vt 0.791879 0.293475
vt 0.814595 0.293475
vt 0.834430 0.293475
vt 0.834430 0.276438
vt 0.814595 0.276438
vt 0.791879 0.276438
vt 0.791879 0.259384
vt 0.814595 0.259384
vt 0.834430 0.259384
vt 0.834430 0.242398
vt 0.814595 0.242398
vt 0.791879 0.242398
vt 0.791879 0.225340
vt 0.814595 0.225340
vt 0.834430 0.225340
vt 0.834430 0.208057
vt 0.814595 0.208057
vt 0.791879 0.208057
vt 0.791879 0.190585
vt 0.814595 0.190585
vt 0.834430 0.190585
vt 0.834430 0.172953
vt 0.814595 0.172953
vt 0.791879 0.172953
vt 0.791879 0.155039
vt 0.814595 0.155039
vt 0.834430 0.155039
vt 0.834430 0.136786
vt 0.814595 0.136786
vt 0.791879 0.136786
vt 0.791879 0.120081
vt 0.814595 0.120081
vt 0.834430 0.120081
vt 0.834430 0.103362
vt 0.814595 0.103362
vt 0.791879 0.103362
vt 0.814595 0.079423
vt 0.834430 0.079423
vt 0.834430 0.060527
vt 0.857643 0.463496
vt 0.857643 0.480553
vt 0.857643 0.429239
vt 0.857643 0.446359
vt 0.857643 0.395347
vt 0.857643 0.412243
vt 0.857643 0.361649
vt 0.857643 0.378535
vt 0.857643 0.327398
vt 0.857643 0.344535
vt 0.857643 0.293475
vt 0.857643 0.310423
vt 0.857643 0.259384
vt 0.857643 0.276438
vt 0.857643 0.225340
vt 0.857643 0.242398
vt 0.857643 0.190585
vt 0.857643 0.208057
vt 0.857643 0.155039
vt 0.857643 0.172953
vt 0.857643 0.120081
vt 0.857643 0.136786
vt 0.857643 0.079423
vt 0.857643 0.103362
vt 0.857643 0.043462
vt 0.834430 0.043462
vt 0.857643 0.060527
vt 0.857643 0.026568
vt 0.857643 0.008460
vt 0.834430 0.008460
vt 0.834430 0.026568
vt 0.768569 0.480553
vt 0.768569 0.463496
vt 0.768569 0.446359
vt 0.768569 0.429239
vt 0.768569 0.412243
vt 0.768569 0.395347
vt 0.768569 0.378535
vt 0.768569 0.361649
vt 0.768569 0.344535
vt 0.768569 0.327398
vt 0.768569 0.310423
vt 0.768569 0.293475
vt 0.768569 0.276438
vt 0.768569 0.259384
vt 0.768569 0.242398
vt 0.768569 0.225340
vt 0.768569 0.208057
vt 0.768569 0.190585
vt 0.768569 0.172953
vt 0.768569 0.155039
vt 0.768569 0.136786
vt 0.768569 0.120081
vt 0.768569 0.103362
vt 0.905093 0.464830
vt 0.905093 0.481936
vt 0.927853 0.481936
vt 0.927853 0.464830
vt 0.943145 0.481936
vt 0.943145 0.464830
vt 0.905093 0.430472
vt 0.905093 0.447642
vt 0.927853 0.447642
vt 0.927853 0.430472
vt 0.943145 0.447642
vt 0.943145 0.430472
vt 0.905093 0.396481
vt 0.905093 0.413426
vt 0.927853 0.413426
vt 0.927853 0.396481
vt 0.943145 0.413426
vt 0.943145 0.396481
vt 0.905093 0.362683
vt 0.905093 0.379619
vt 0.927853 0.379619
vt 0.927853 0.362683
vt 0.943145 0.379619
vt 0.943145 0.362683
vt 0.905093 0.328333
vt 0.905093 0.345520
vt 0.927853 0.345520
vt 0.927853 0.328333
vt 0.943145 0.345520
vt 0.943145 0.328333
vt 0.905093 0.294310
vt 0.905093 0.311308
vt 0.927853 0.311308
vt 0.927853 0.294310
vt 0.943145 0.311308
vt 0.943145 0.294310
vt 0.905093 0.260119
vt 0.905093 0.277223
vt 0.927853 0.277223
vt 0.927853 0.260119
vt 0.943145 0.277223
vt 0.943145 0.260119
vt 0.905093 0.225975
vt 0.905093 0.243083
vt 0.927853 0.243083
vt 0.927853 0.225975
vt 0.943145 0.243083
vt 0.943145 0.225975
vt 0.905093 0.191119
vt 0.905093 0.208642
vt 0.927853 0.208642
vt 0.927853 0.191119
vt 0.943145 0.208642
vt 0.943145 0.191119
vt 0.959114 0.191119
vt 0.959114 0.173435
vt 0.943145 0.173435
vt 0.959114 0.155469
vt 0.943145 0.155469
vt 0.976079 0.173435
vt 0.976079 0.155469
vt 0.976079 0.191119
vt 0.943145 0.137162
vt 0.927853 0.137162
vt 0.927853 0.155469
vt 0.905093 0.137162
vt 0.905093 0.155469
vt 0.959114 0.481936
vt 0.959114 0.464830
vt 0.976079 0.481936
vt 0.976079 0.464830
vt 0.881508 0.481936
vt 0.881508 0.464830
vt 0.959114 0.447642
vt 0.959114 0.430472
vt 0.976079 0.447642
vt 0.976079 0.430472
vt 0.881508 0.447642
vt 0.881508 0.430472
vt 0.959114 0.413426
vt 0.959114 0.396481
vt 0.976079 0.413426
vt 0.976079 0.396481
vt 0.881508 0.413426
vt 0.881508 0.396481
vt 0.959114 0.379619
vt 0.959114 0.362683
vt 0.976079 0.379619
vt 0.976079 0.362683
vt 0.881508 0.379619
vt 0.881508 0.362683
vt 0.959114 0.345520
vt 0.959114 0.328333
vt 0.976079 0.345520
vt 0.976079 0.328333
vt 0.881508 0.345520
vt 0.881508 0.328333
vt 0.959114 0.311308
vt 0.959114 0.294310
vt 0.976079 0.311308
vt 0.976079 0.294310
vt 0.881508 0.311308
vt 0.881508 0.294310
vt 0.959114 0.277223
vt 0.959114 0.260119
vt 0.976079 0.277223
vt 0.976079 0.260119
vt 0.881508 0.277223
vt 0.881508 0.260119
vt 0.959114 0.243083
vt 0.959114 0.225975
vt 0.976079 0.243083
vt 0.976079 0.225975
vt 0.881508 0.243083
vt 0.881508 0.225975
vt 0.959114 0.208642
vt 0.976079 0.208642
vt 0.881508 0.208642
vt 0.881508 0.191119
vt 0.905093 0.173435
vt 0.881508 0.173435
vt 0.881508 0.155469
vt 0.959114 0.137162
vt 0.976079 0.137162
vt 0.881508 0.137162
vt 0.876373 0.464830
vt 0.876373 0.481936
vt 0.876373 0.430472
vt 0.876373 0.447642
vt 0.876373 0.396481
vt 0.876373 0.413426
vt 0.876373 0.362683
vt 0.876373 0.379619
vt 0.876373 0.328333
vt 0.876373 0.345520
vt 0.876373 0.294310
vt 0.876373 0.311308
vt 0.876373 0.260119
vt 0.876373 0.277223
vt 0.876373 0.225975
vt 0.876373 0.243083
vt 0.876373 0.191119
vt 0.876373 0.208642
vt 0.876373 0.155469
vt 0.876373 0.173435
vt 0.876373 0.120408
vt 0.876373 0.137162
vt 0.876373 0.079631
vt 0.876373 0.103640
vt 0.876373 0.043564
vt 0.876373 0.060680
vt 0.876373 0.008460
vt 0.876373 0.026621
vt 0.927853 0.173435
vt 0.967429 0.047370
vt 0.975726 0.047635
vt 0.957219 0.953304
vt 0.966446 0.952052
vt 0.925497 0.990912
vt 0.928025 0.982398
vt 0.933551 0.971474
vt 0.939283 0.963030
vt 0.947913 0.956771
vt 0.868150 0.516061
vt 0.868150 0.533228
vt 0.868150 0.499051
vt 0.868150 0.550372
vt 0.868150 0.567488
vt 0.868150 0.584565
vt 0.868150 0.601617
vt 0.868150 0.618649
vt 0.868150 0.635668
vt 0.868150 0.652679
vt 0.868150 0.669697
vt 0.868150 0.686733
vt 0.868150 0.703806
vt 0.868150 0.720926
vt 0.868150 0.737901
vt 0.868150 0.754940
vt 0.868150 0.772051
vt 0.868150 0.789390
vt 0.868150 0.806921
vt 0.868150 0.824616
vt 0.868150 0.842606
vt 0.868150 0.860937
vt 0.868150 0.877604
vt 0.868150 0.893276
vt 0.867975 0.912683
vt 0.867797 0.933713
vt 0.867797 0.954658
vt 0.867797 0.972097
vt 0.867797 0.990912
vt 0.989115 0.499051
vt 0.989115 0.516271
vt 0.989115 0.533308
vt 0.989115 0.550530
vt 0.989115 0.567740
vt 0.989115 0.584739
vt 0.989115 0.601561
vt 0.989115 0.618234
vt 0.989115 0.635065
vt 0.989115 0.652363
vt 0.989115 0.669705
vt 0.989115 0.686705
vt 0.989115 0.703619
vt 0.989115 0.720666
vt 0.989115 0.737901
vt 0.989115 0.754940
vt 0.989115 0.772051
vt 0.989115 0.789390
vt 0.989115 0.806921
vt 0.989115 0.824616
vt 0.989115 0.842594
vt 0.993458 0.860937
vt 0.996064 0.877320
vt 0.998670 0.892309
vt 0.976089 0.950298
vt 0.976089 0.947498
vt 0.958921 0.046629
vt 0.925283 0.008460
vt 0.927908 0.016793
vt 0.933502 0.028212
vt 0.940680 0.036957
vt 0.949544 0.043272
vt 0.868150 0.464830
vt 0.868150 0.481936
vt 0.868150 0.430472
vt 0.868150 0.447642
vt 0.868150 0.396481
vt 0.868150 0.413426
vt 0.868150 0.362683
vt 0.868150 0.379619
vt 0.868150 0.328333
vt 0.868150 0.345520
vt 0.868150 0.294310
vt 0.868150 0.311308
vt 0.868150 0.260119
vt 0.868150 0.277223
vt 0.868150 0.225975
vt 0.868150 0.243083
vt 0.868150 0.191119
vt 0.868150 0.208642
vt 0.868150 0.155469
vt 0.868150 0.173435
vt 0.868150 0.120408
vt 0.868150 0.137162
vt 0.868150 0.079631
vt 0.868150 0.103640
vt 0.868150 0.043564
vt 0.868150 0.060680
vt 0.868150 0.008460
vt 0.868150 0.026621
vt 0.989115 0.481936
vt 0.989115 0.464830
vt 0.989115 0.447642
vt 0.989115 0.430472
vt 0.989115 0.413426
vt 0.989115 0.396481
vt 0.989115 0.379619
vt 0.989115 0.362683
vt 0.989115 0.345520
vt 0.989115 0.328333
vt 0.989115 0.311308
vt 0.989115 0.294310
vt 0.989115 0.277223
vt 0.989115 0.260119
vt 0.989115 0.243083
vt 0.989115 0.225975
vt 0.989115 0.208642
vt 0.989115 0.191119
vt 0.989115 0.173435
vt 0.989115 0.155469
vt 0.993458 0.137162
vt 0.996064 0.120408
vt 0.998670 0.105643
vt 0.952604 0.045969
vt 0.952760 0.045980
vt 0.952749 0.046016
vt 0.952777 0.045913
vt 0.952770 0.045950
vt 0.952766 0.045849
vt 0.952777 0.045878
vt 0.952714 0.045809
vt 0.952743 0.045825
vt 0.952478 0.045889
vt 0.952497 0.045862
vt 0.952459 0.045922
vt 0.952460 0.045922
vt 0.952530 0.045833
vt 0.952574 0.045812
vt 0.952622 0.045802
vt 0.952674 0.045802
vt 0.361985 0.642151
vt 0.378068 0.642819
vt 0.387746 0.703831
vt 0.372872 0.700119
vt 0.358786 0.696675
vt 0.347017 0.641749
vt 0.215484 0.825506
vt 0.212130 0.808117
vt 0.221274 0.798935
vt 0.229606 0.820619
vt 0.220592 0.850025
vt 0.223383 0.869757
vt 0.199733 0.872125
vt 0.199737 0.852160
vt 0.223575 0.753261
vt 0.217861 0.763837
vt 0.199632 0.748983
vt 0.225816 0.735708
vt 0.234219 0.800081
vt 0.243119 0.815447
vt 0.346162 0.694256
vt 0.328631 0.640440
vt 0.322694 0.686608
vt 0.310284 0.639496
vt 0.285372 0.811984
vt 0.297468 0.795534
vt 0.313250 0.806433
vt 0.299557 0.825447
vt 0.255491 0.837071
vt 0.264615 0.854093
vt 0.245047 0.863767
vt 0.239095 0.844867
vt 0.282639 0.841982
vt 0.270557 0.826818
vt 0.254249 0.806019
vt 0.353386 0.599486
vt 0.374333 0.612694
vt 0.332838 0.583854
vt 0.310372 0.590483
vt 0.198834 0.599524
vt 0.198758 0.566461
vt 0.216072 0.565678
vt 0.219214 0.599359
vt 0.261528 0.597531
vt 0.255040 0.560961
vt 0.271408 0.559995
vt 0.279391 0.596013
vt 0.298853 0.556715
vt 0.324246 0.533233
vt 0.199534 0.710254
vt 0.199338 0.679023
vt 0.224998 0.679000
vt 0.225788 0.708959
vt 0.240269 0.598543
vt 0.234170 0.563069
vt 0.265759 0.795264
vt 0.251709 0.783478
vt 0.251927 0.768025
vt 0.273404 0.780402
vt 0.209583 0.769542
vt 0.199701 0.771417
vt 0.243186 0.479110
vt 0.243395 0.452058
vt 0.257191 0.461759
vt 0.257755 0.484904
vt 0.229467 0.463239
vt 0.232996 0.446548
vt 0.198680 0.539057
vt 0.213133 0.536228
vt 0.225399 0.528087
vt 0.251174 0.526886
vt 0.265587 0.530257
vt 0.214053 0.454458
vt 0.212215 0.465568
vt 0.197717 0.463537
vt 0.197685 0.451566
vt 0.224716 0.473959
vt 0.197782 0.438000
vt 0.215566 0.440679
vt 0.232788 0.486547
vt 0.249067 0.503880
vt 0.236034 0.501184
vt 0.261675 0.506926
vt 0.283668 0.509642
vt 0.278925 0.492631
vt 0.277797 0.478126
vt 0.299352 0.502386
vt 0.233450 0.515782
vt 0.312007 0.517695
vt 0.290761 0.532194
vt 0.227793 0.513345
vt 0.230013 0.501093
vt 0.210717 0.530425
vt 0.220992 0.523648
vt 0.198611 0.532735
vt 0.199733 0.825807
vt 0.324152 0.780686
vt 0.303827 0.771771
vt 0.295258 0.594088
vt 0.292292 0.638874
vt 0.285213 0.558594
vt 0.265953 0.468361
vt 0.267871 0.488708
vt 0.277917 0.531643
vt 0.272147 0.508886
vt 0.199724 0.802603
vt 0.239128 0.788001
vt 0.038556 0.644818
vt 0.028587 0.702896
vt 0.013807 0.706960
vt 0.022465 0.645934
vt 0.053611 0.643983
vt 0.042511 0.698942
vt 0.174136 0.679088
vt 0.175821 0.638754
vt 0.198925 0.638633
vt 0.183991 0.825504
vt 0.169898 0.820607
vt 0.178194 0.798908
vt 0.187327 0.808108
vt 0.176100 0.869803
vt 0.178894 0.850038
vt 0.181530 0.763768
vt 0.175720 0.753119
vt 0.173346 0.735723
vt 0.156433 0.815412
vt 0.165284 0.800032
vt 0.072191 0.642233
vt 0.054903 0.695736
vt 0.090692 0.640912
vt 0.078323 0.687733
vt 0.093457 0.716685
vt 0.072482 0.721363
vt 0.098832 0.684301
vt 0.126444 0.780124
vt 0.102638 0.795348
vt 0.096586 0.771562
vt 0.119925 0.761567
vt 0.114493 0.811888
vt 0.100338 0.825358
vt 0.086957 0.806331
vt 0.093089 0.745410
vt 0.118903 0.738892
vt 0.160430 0.844878
vt 0.154478 0.863803
vt 0.134969 0.854100
vt 0.144101 0.837065
vt 0.129142 0.826779
vt 0.117056 0.841945
vt 0.145375 0.805941
vt 0.045967 0.601703
vt 0.025038 0.615881
vt 0.026935 0.593387
vt 0.050969 0.567392
vt 0.129342 0.639375
vt 0.108793 0.639975
vt 0.118820 0.596548
vt 0.136532 0.597971
vt 0.065416 0.585689
vt 0.088038 0.591713
vt 0.072501 0.534831
vt 0.178462 0.599624
vt 0.181464 0.565795
vt 0.126404 0.560510
vt 0.142787 0.561341
vt 0.098485 0.557724
vt 0.119737 0.712316
vt 0.146545 0.709592
vt 0.144481 0.734937
vt 0.157588 0.599009
vt 0.152440 0.638924
vt 0.173302 0.709083
vt 0.072475 0.751772
vt 0.148768 0.679762
vt 0.163497 0.563266
vt 0.133962 0.795114
vt 0.147592 0.767737
vt 0.147869 0.783315
vt 0.189838 0.769511
vt 0.137942 0.754796
vt 0.138028 0.485254
vt 0.138235 0.462097
vt 0.151919 0.452211
vt 0.152481 0.479269
vt 0.162303 0.446557
vt 0.165984 0.463214
vt 0.184216 0.536240
vt 0.171782 0.528090
vt 0.131109 0.530686
vt 0.145614 0.527161
vt 0.183237 0.465498
vt 0.181321 0.454333
vt 0.170793 0.473887
vt 0.179843 0.440496
vt 0.162962 0.486598
vt 0.160214 0.501323
vt 0.147185 0.504153
vt 0.134582 0.507346
vt 0.117867 0.478780
vt 0.117008 0.493308
vt 0.112618 0.510402
vt 0.096799 0.503448
vt 0.163255 0.515884
vt 0.084509 0.518976
vt 0.106001 0.533078
vt 0.166236 0.501137
vt 0.168888 0.513370
vt 0.176043 0.523594
vt 0.186471 0.530368
vt 0.123147 0.681591
vt 0.076428 0.780660
vt 0.103154 0.594908
vt 0.112334 0.559332
vt 0.127983 0.489201
vt 0.129557 0.468824
vt 0.118773 0.532289
vt 0.124123 0.509449
vt 0.160390 0.787904
vt 0.227271 0.488818
vt 0.220356 0.478354
vt 0.209888 0.471359
vt 0.197739 0.469598
vt 0.168516 0.488793
vt 0.185611 0.471285
vt 0.175172 0.478230
vt 0.209200 0.526899
vt 0.198552 0.528931
vt 0.198497 0.515504
vt 0.204273 0.514457
vt 0.187875 0.526850
vt 0.192660 0.514356
vt 0.178704 0.520892
vt 0.187683 0.511165
vt 0.172411 0.511900
vt 0.184317 0.506431
vt 0.170079 0.501140
vt 0.183064 0.500832
vt 0.172083 0.490284
vt 0.184126 0.495173
vt 0.177937 0.480994
vt 0.187214 0.490324
vt 0.187119 0.474885
vt 0.192122 0.487139
vt 0.197786 0.473402
vt 0.197793 0.486376
vt 0.208471 0.474950
vt 0.203484 0.487215
vt 0.217678 0.481103
vt 0.208500 0.490548
vt 0.223759 0.490306
vt 0.211848 0.495461
vt 0.226171 0.501102
vt 0.213167 0.501122
vt 0.224219 0.511878
vt 0.212189 0.506691
vt 0.218237 0.520939
vt 0.209076 0.511360
vt 0.227151 0.895965
vt 0.199806 0.898655
vt 0.352638 0.726164
vt 0.328558 0.720623
vt 0.333556 0.819479
vt 0.318394 0.841611
vt 0.277637 0.875773
vt 0.253503 0.888488
vt 0.299732 0.860801
vt 0.352627 0.758335
vt 0.328447 0.751501
vt 0.346372 0.789976
vt 0.172409 0.896046
vt 0.048355 0.726945
vt 0.081413 0.841418
vt 0.066573 0.819269
vt 0.146008 0.888531
vt 0.121893 0.875754
vt 0.099883 0.860694
vt 0.048218 0.758666
vt 0.054219 0.789929
vt 0.302080 0.683445
vt 0.346740 0.565118
vt 0.371648 0.590299
vt 0.278093 0.763270
vt 0.265501 0.761113
vt 0.271964 0.748494
vt 0.279726 0.750025
vt 0.255064 0.754414
vt 0.266031 0.744474
vt 0.247930 0.743205
vt 0.261894 0.737818
vt 0.245726 0.731691
vt 0.260639 0.731323
vt 0.248253 0.719041
vt 0.262077 0.723930
vt 0.255712 0.708613
vt 0.266341 0.717677
vt 0.265966 0.701762
vt 0.272511 0.713372
vt 0.278692 0.699203
vt 0.280279 0.711522
vt 0.291307 0.701541
vt 0.287972 0.712693
vt 0.301667 0.708623
vt 0.294591 0.716970
vt 0.308831 0.719700
vt 0.299133 0.723864
vt 0.311062 0.731805
vt 0.300531 0.731205
vt 0.308534 0.743932
vt 0.298870 0.738673
vt 0.301190 0.754237
vt 0.294267 0.744846
vt 0.290872 0.761078
vt 0.287645 0.748913
vt 0.217550 0.623409
vt 0.250992 0.666517
vt 0.238898 0.664324
vt 0.244907 0.652024
vt 0.252305 0.653403
vt 0.229263 0.658263
vt 0.239097 0.648471
vt 0.222276 0.648700
vt 0.235066 0.642952
vt 0.219801 0.637476
vt 0.233698 0.636833
vt 0.222040 0.625321
vt 0.234925 0.629635
vt 0.228545 0.615437
vt 0.238688 0.624090
vt 0.238360 0.609121
vt 0.244416 0.620403
vt 0.249875 0.606940
vt 0.251728 0.619097
vt 0.261868 0.609301
vt 0.259129 0.620665
vt 0.272013 0.615462
vt 0.265223 0.624410
vt 0.279517 0.625030
vt 0.269584 0.629717
vt 0.282672 0.636261
vt 0.271478 0.635944
vt 0.280179 0.648099
vt 0.270165 0.642485
vt 0.273337 0.657615
vt 0.266262 0.647925
vt 0.263144 0.664196
vt 0.259797 0.651975
vt 0.278060 0.766779
vt 0.292239 0.764346
vt 0.303686 0.756755
vt 0.311835 0.745323
vt 0.314640 0.731867
vt 0.312164 0.718437
vt 0.304215 0.706147
vt 0.292721 0.698289
vt 0.277211 0.681071
vt 0.278725 0.695695
vt 0.264605 0.698534
vt 0.250933 0.679337
vt 0.253228 0.706135
vt 0.244952 0.717706
vt 0.242149 0.731741
vt 0.244594 0.744515
vt 0.252510 0.756952
vt 0.264089 0.764385
vt 0.237259 0.667990
vt 0.250960 0.670475
vt 0.264726 0.667845
vt 0.276273 0.660389
vt 0.284025 0.649610
vt 0.286848 0.636199
vt 0.283274 0.623476
vt 0.274773 0.612637
vt 0.263280 0.605657
vt 0.249694 0.602983
vt 0.236649 0.605453
vt 0.225531 0.612608
vt 0.218161 0.623805
vt 0.215625 0.637575
vt 0.218428 0.650291
vt 0.226343 0.661124
vt 0.097667 0.465191
vt 0.097089 0.447105
vt 0.121448 0.437184
vt 0.125724 0.451321
vt 0.034913 0.500385
vt 0.046670 0.468706
vt 0.071336 0.458100
vt 0.066551 0.481784
vt 0.065092 0.388676
vt 0.073267 0.342100
vt 0.091236 0.342100
vt 0.083577 0.388676
vt 0.096843 0.215027
vt 0.114628 0.215027
vt 0.101220 0.288003
vt 0.083178 0.288003
vt 0.126920 0.153638
vt 0.109600 0.153638
vt 0.123037 0.100165
vt 0.137700 0.100165
vt 0.116981 0.074660
vt 0.130782 0.074660
vt 0.107397 0.100165
vt 0.148851 0.051655
vt 0.143196 0.074660
vt 0.137983 0.051655
vt 0.173570 0.100165
vt 0.162346 0.100165
vt 0.166923 0.074660
vt 0.177424 0.074660
vt 0.208312 0.074660
vt 0.208508 0.100165
vt 0.197341 0.100165
vt 0.197754 0.074660
vt 0.156584 0.153638
vt 0.141568 0.153638
vt 0.150963 0.100165
vt 0.185475 0.153638
vt 0.170626 0.153638
vt 0.186579 0.100165
vt 0.196696 0.153638
vt 0.104259 0.388676
vt 0.099656 0.422436
vt 0.077072 0.426919
vt 0.111510 0.342100
vt 0.133843 0.342100
vt 0.126245 0.388676
vt 0.131816 0.215027
vt 0.150616 0.215027
vt 0.141212 0.288003
vt 0.120225 0.288003
vt 0.167003 0.215027
vt 0.183018 0.215027
vt 0.178743 0.288003
vt 0.159919 0.288003
vt 0.082245 0.473359
vt 0.003924 0.512798
vt 0.023099 0.474671
vt 0.056153 0.342100
vt 0.047577 0.388676
vt 0.079005 0.215027
vt 0.065697 0.288003
vt 0.092474 0.153638
vt 0.127108 0.051655
vt 0.195545 0.215027
vt 0.193665 0.288003
vt 0.208720 0.153638
vt 0.208996 0.215027
vt 0.209346 0.288003
vt 0.191526 0.430631
vt 0.191223 0.422752
vt 0.209686 0.420538
vt 0.209836 0.428622
vt 0.155572 0.074660
vt 0.160698 0.051655
vt 0.188308 0.074660
vt 0.189024 0.051655
vt 0.197393 0.051655
vt 0.207994 0.051655
vt 0.169107 0.051655
vt 0.179798 0.051655
vt 0.139693 0.019045
vt 0.139505 0.011278
vt 0.150920 0.011278
vt 0.150759 0.019045
vt 0.654230 0.343116
vt 0.671247 0.361394
vt 0.676622 0.353535
vt 0.654167 0.368356
vt 0.663299 0.366607
vt 0.196304 0.019045
vt 0.196131 0.011278
vt 0.208446 0.011278
vt 0.208347 0.019045
vt 0.184213 0.023487
vt 0.172120 0.023487
vt 0.172120 0.019045
vt 0.172428 0.011278
vt 0.183992 0.011278
vt 0.184213 0.019045
vt 0.139693 0.023487
vt 0.150759 0.023487
vt 0.161810 0.011278
vt 0.160720 0.019045
vt 0.160720 0.023487
vt 0.654230 0.320577
vt 0.678421 0.333325
vt 0.678421 0.320577
vt 0.678421 0.344252
vt 0.196304 0.023487
vt 0.208347 0.023487
vt 0.154139 0.342100
vt 0.175323 0.342100
vt 0.192541 0.342100
vt 0.209574 0.342100
vt 0.149364 0.388676
vt 0.171833 0.388676
vt 0.191580 0.388676
vt 0.209773 0.388676
vt 0.056481 0.431223
vt 0.036756 0.435501
vt 0.122511 0.418214
vt 0.147058 0.414458
vt 0.170252 0.411826
vt 0.191095 0.410373
vt 0.209789 0.409653
vt 0.146474 0.429881
vt 0.171144 0.424364
vt 0.271576 0.439865
vt 0.272967 0.427858
vt 0.280926 0.443326
vt 0.350591 0.481124
vt 0.347190 0.456910
vt 0.370895 0.469025
vt 0.379923 0.502205
vt 0.322389 0.215027
vt 0.337645 0.288003
vt 0.318607 0.288003
vt 0.304042 0.215027
vt 0.290239 0.153638
vt 0.307653 0.153638
vt 0.278702 0.100165
vt 0.292115 0.100165
vt 0.306586 0.100165
vt 0.285180 0.074660
vt 0.298946 0.074660
vt 0.268182 0.051655
vt 0.278715 0.051655
vt 0.273234 0.074660
vt 0.243030 0.100165
vt 0.239783 0.074660
vt 0.250417 0.074660
vt 0.254585 0.100165
vt 0.219018 0.074660
vt 0.219506 0.100165
vt 0.266028 0.100165
vt 0.275532 0.153638
vt 0.260694 0.153638
vt 0.232027 0.153638
vt 0.229662 0.100165
vt 0.246825 0.153638
vt 0.220630 0.153638
vt 0.342609 0.425692
vt 0.320022 0.420670
vt 0.328251 0.398921
vt 0.344007 0.407262
vt 0.293474 0.388676
vt 0.285745 0.342100
vt 0.308369 0.342100
vt 0.313278 0.372382
vt 0.286398 0.215027
vt 0.298975 0.288003
vt 0.277741 0.288003
vt 0.267391 0.215027
vt 0.251231 0.215027
vt 0.259166 0.288003
vt 0.240279 0.288003
vt 0.235361 0.215027
vt 0.320889 0.462882
vt 0.322136 0.444929
vt 0.393671 0.477028
vt 0.409086 0.517483
vt 0.356226 0.288003
vt 0.340367 0.215027
vt 0.324192 0.153638
vt 0.289141 0.051655
vt 0.245951 0.432484
vt 0.248236 0.423104
vt 0.256701 0.435279
vt 0.222577 0.215027
vt 0.225108 0.288003
vt 0.228007 0.430152
vt 0.228487 0.421508
vt 0.261568 0.074660
vt 0.256652 0.051655
vt 0.218867 0.051655
vt 0.227966 0.051655
vt 0.228864 0.074660
vt 0.237491 0.051655
vt 0.248243 0.051655
vt 0.266069 0.019045
vt 0.266134 0.011278
vt 0.277551 0.011278
vt 0.276987 0.019045
vt 0.631789 0.353409
vt 0.637123 0.361301
vt 0.645043 0.366558
vt 0.220832 0.011278
vt 0.220539 0.019045
vt 0.245283 0.023487
vt 0.232921 0.023487
vt 0.232921 0.019045
vt 0.233161 0.011278
vt 0.244879 0.011278
vt 0.245283 0.019045
vt 0.266069 0.023487
vt 0.276987 0.023487
vt 0.256366 0.019045
vt 0.255381 0.011278
vt 0.256366 0.023487
vt 0.630040 0.320577
vt 0.630040 0.333176
vt 0.630040 0.344110
vt 0.220539 0.023487
vt 0.353644 0.317232
vt 0.361901 0.317992
vt 0.331596 0.327495
vt 0.320831 0.339468
vt 0.265348 0.342100
vt 0.244043 0.342100
vt 0.226674 0.342100
vt 0.270185 0.388676
vt 0.247684 0.388676
vt 0.227928 0.388676
vt 0.296951 0.416360
vt 0.315919 0.388676
vt 0.272308 0.412826
vt 0.249144 0.410656
vt 0.228377 0.409771
vt 0.363256 0.430823
vt 0.383004 0.436238
vt 0.298007 0.434761
vt 0.360462 0.414134
vt 0.380308 0.421523
vt 0.318275 0.387432
vt 0.314067 0.354615
vt 0.361995 0.320979
vt 0.362390 0.326758
vt 0.355677 0.327041
vt 0.354323 0.320272
vt 0.337820 0.335433
vt 0.333836 0.329809
vt 0.328859 0.345268
vt 0.323833 0.340934
vt 0.324139 0.356737
vt 0.317548 0.355009
vt 0.323620 0.370835
vt 0.316815 0.371518
vt 0.327452 0.381797
vt 0.321458 0.385502
vt 0.335324 0.391320
vt 0.330727 0.396178
vt 0.348515 0.398492
vt 0.345369 0.403928
vt 0.361755 0.405025
vt 0.360659 0.410314
vt 0.380336 0.411365
vt 0.379099 0.417179
vt 0.648958 0.974102
vt 0.662593 0.984737
vt 0.678093 0.971487
vt 0.664542 0.961118
vt 0.690008 0.985717
vt 0.713408 0.977220
vt 0.699741 0.956810
vt 0.618448 0.963875
vt 0.635315 0.968118
vt 0.645559 0.951607
vt 0.626861 0.947178
vt 0.599995 0.962426
vt 0.608719 0.946001
vt 0.581361 0.963945
vt 0.586095 0.947624
vt 0.559482 0.966057
vt 0.558070 0.951211
vt 0.681141 0.943099
vt 0.658776 0.933359
vt 0.634692 0.930443
vt 0.611649 0.930008
vt 0.586333 0.931897
vt 0.557978 0.933407
vt 0.736542 0.969970
vt 0.760430 0.963596
vt 0.752177 0.930094
vt 0.720051 0.934254
vt 0.667324 0.912663
vt 0.665613 0.888327
vt 0.638728 0.887451
vt 0.639687 0.909750
vt 0.692024 0.919597
vt 0.691329 0.890605
vt 0.611922 0.887685
vt 0.612947 0.909640
vt 0.558368 0.912068
vt 0.586054 0.911219
vt 0.585422 0.889024
vt 0.558791 0.889424
vt 0.715915 0.894322
vt 0.559067 0.865278
vt 0.584461 0.865616
vt 0.583280 0.841408
vt 0.559300 0.842007
vt 0.559400 0.806952
vt 0.582379 0.808301
vt 0.581672 0.762089
vt 0.559573 0.762089
vt 0.580174 0.720494
vt 0.559513 0.720494
vt 0.728120 0.837130
vt 0.703602 0.838605
vt 0.710101 0.865944
vt 0.735787 0.867596
vt 0.679474 0.840087
vt 0.685550 0.864724
vt 0.656243 0.840219
vt 0.660331 0.863892
vt 0.631385 0.840557
vt 0.635141 0.863791
vt 0.607001 0.841012
vt 0.609669 0.864466
vt 0.731962 0.793303
vt 0.721667 0.797945
vt 0.722081 0.801710
vt 0.742338 0.798898
vt 0.687449 0.797773
vt 0.670766 0.786759
vt 0.674096 0.804441
vt 0.667828 0.728923
vt 0.667144 0.720494
vt 0.645135 0.720494
vt 0.655330 0.745337
vt 0.628093 0.807132
vt 0.652273 0.805866
vt 0.649317 0.762089
vt 0.626108 0.762089
vt 0.604183 0.762089
vt 0.623151 0.720494
vt 0.601727 0.720494
vt 0.605259 0.807818
vt 0.698456 0.803966
vt 0.748111 0.832785
vt 0.652712 0.420828
vt 0.652715 0.413612
vt 0.641808 0.413612
vt 0.643575 0.420828
vt 0.658927 0.450102
vt 0.644956 0.451197
vt 0.657622 0.474036
vt 0.671377 0.472163
vt 0.681662 0.494465
vt 0.667669 0.496854
vt 0.709436 0.540832
vt 0.692459 0.489782
vt 0.693832 0.540832
vt 0.681551 0.599147
vt 0.704062 0.599147
vt 0.675033 0.540832
vt 0.711251 0.668968
vt 0.686673 0.668968
vt 0.689776 0.717032
vt 0.718397 0.700869
vt 0.654230 0.298858
vt 0.637120 0.280770
vt 0.631850 0.288639
vt 0.632460 0.424811
vt 0.618763 0.424811
vt 0.630474 0.451604
vt 0.654203 0.273679
vt 0.645000 0.275517
vt 0.560147 0.420828
vt 0.581281 0.420828
vt 0.579573 0.413612
vt 0.559667 0.413612
vt 0.578875 0.668968
vt 0.599515 0.668968
vt 0.578177 0.599147
vt 0.597650 0.599147
vt 0.577914 0.540832
vt 0.596098 0.540832
vt 0.577582 0.479391
vt 0.577979 0.503965
vt 0.594509 0.502757
vt 0.592815 0.479267
vt 0.602755 0.451523
vt 0.601511 0.424811
vt 0.591173 0.450414
vt 0.616230 0.452372
vt 0.601511 0.420828
vt 0.618763 0.420828
vt 0.615374 0.413612
vt 0.598602 0.413612
vt 0.624090 0.477742
vt 0.607639 0.478257
vt 0.611621 0.501270
vt 0.629596 0.500656
vt 0.633157 0.540832
vt 0.654923 0.540832
vt 0.648297 0.499284
vt 0.614854 0.540832
vt 0.660465 0.599147
vt 0.637112 0.599147
vt 0.664453 0.668968
vt 0.641037 0.668968
vt 0.617999 0.599147
vt 0.620440 0.668968
vt 0.671956 0.994446
vt 0.764083 0.928769
vt 0.769584 0.960754
vt 0.559771 0.504467
vt 0.559639 0.540832
vt 0.754376 0.868014
vt 0.722014 0.599147
vt 0.731234 0.668968
vt 0.683405 0.720494
vt 0.559425 0.668968
vt 0.559399 0.599147
vt 0.668675 0.447356
vt 0.652712 0.424811
vt 0.643575 0.424811
vt 0.629263 0.413612
vt 0.632460 0.420828
vt 0.681731 0.468147
vt 0.559711 0.479755
vt 0.577772 0.448288
vt 0.559685 0.446896
vt 0.581281 0.424811
vt 0.560147 0.424811
vt 0.630040 0.320577
vt 0.654230 0.320577
vt 0.630040 0.308880
vt 0.630040 0.297925
vt 0.640545 0.476101
vt 0.743740 0.899814
vt 0.756747 0.885033
vt 0.451186 0.985453
vt 0.465404 0.975906
vt 0.450384 0.962016
vt 0.436185 0.971822
vt 0.400139 0.976394
vt 0.423535 0.986081
vt 0.415094 0.956346
vt 0.479748 0.971258
vt 0.497421 0.968578
vt 0.489102 0.950346
vt 0.470042 0.953580
vt 0.517006 0.967887
vt 0.507363 0.950081
vt 0.537049 0.968137
vt 0.529972 0.951241
vt 0.434516 0.943052
vt 0.457574 0.934275
vt 0.481901 0.932288
vt 0.504875 0.932424
vt 0.529948 0.933822
vt 0.353663 0.959723
vt 0.377138 0.967530
vt 0.395678 0.933027
vt 0.362608 0.927330
vt 0.449663 0.913030
vt 0.477380 0.910584
vt 0.478873 0.887783
vt 0.451680 0.888514
vt 0.424425 0.919330
vt 0.426082 0.890411
vt 0.504085 0.910632
vt 0.505721 0.888198
vt 0.532184 0.889283
vt 0.530848 0.911710
vt 0.401018 0.893760
vt 0.535132 0.841293
vt 0.533737 0.865381
vt 0.537720 0.762089
vt 0.536332 0.808477
vt 0.538948 0.720494
vt 0.390589 0.836930
vt 0.381423 0.866773
vt 0.407699 0.866171
vt 0.414593 0.839085
vt 0.432686 0.864470
vt 0.438740 0.840152
vt 0.457771 0.863955
vt 0.462195 0.840335
vt 0.483077 0.864277
vt 0.486816 0.840735
vt 0.508545 0.864564
vt 0.511191 0.841056
vt 0.405863 0.762089
vt 0.399109 0.801615
vt 0.421488 0.804136
vt 0.429049 0.762089
vt 0.386442 0.762089
vt 0.379022 0.796802
vt 0.445174 0.804640
vt 0.450877 0.762089
vt 0.471725 0.762089
vt 0.476073 0.720494
vt 0.454625 0.720494
vt 0.466752 0.806003
vt 0.490530 0.807356
vt 0.493976 0.762089
vt 0.515410 0.762089
vt 0.517774 0.720494
vt 0.496984 0.720494
vt 0.513257 0.808060
vt 0.370682 0.830231
vt 0.466089 0.420828
vt 0.475011 0.420828
vt 0.476391 0.413612
vt 0.466004 0.413612
vt 0.460760 0.449717
vt 0.447549 0.471715
vt 0.462310 0.473874
vt 0.475141 0.450641
vt 0.436405 0.493122
vt 0.452770 0.496084
vt 0.423181 0.489181
vt 0.409853 0.540832
vt 0.425058 0.540832
vt 0.438039 0.599147
vt 0.443236 0.540832
vt 0.417964 0.599147
vt 0.413465 0.668968
vt 0.435496 0.668968
vt 0.411066 0.720494
vt 0.433440 0.720494
vt 0.676525 0.288685
vt 0.671271 0.280806
vt 0.487596 0.424811
vt 0.489112 0.450889
vt 0.502450 0.424811
vt 0.663401 0.275537
vt 0.539024 0.420828
vt 0.539866 0.413612
vt 0.540075 0.668968
vt 0.519877 0.668968
vt 0.541021 0.599147
vt 0.522498 0.599147
vt 0.541426 0.540832
vt 0.523321 0.540832
vt 0.541852 0.479631
vt 0.526183 0.479661
vt 0.524166 0.503195
vt 0.541460 0.504006
vt 0.541593 0.448561
vt 0.539024 0.424811
vt 0.528376 0.450904
vt 0.516450 0.451902
vt 0.519965 0.424811
vt 0.503408 0.451933
vt 0.502450 0.420828
vt 0.519965 0.420828
vt 0.521246 0.413612
vt 0.504267 0.413612
vt 0.495445 0.477432
vt 0.511406 0.478772
vt 0.507184 0.502005
vt 0.489519 0.500895
vt 0.471695 0.499107
vt 0.463426 0.540832
vt 0.484847 0.540832
vt 0.503842 0.540832
vt 0.459597 0.599147
vt 0.481731 0.599147
vt 0.456523 0.668968
vt 0.479200 0.668968
vt 0.502164 0.599147
vt 0.499381 0.668968
vt 0.441692 0.994948
vt 0.345048 0.957155
vt 0.349937 0.925453
vt 0.362225 0.865173
vt 0.402042 0.599147
vt 0.396509 0.668968
vt 0.392273 0.720494
vt 0.466089 0.424811
vt 0.448939 0.446277
vt 0.475011 0.424811
vt 0.489541 0.413612
vt 0.487596 0.420828
vt 0.434902 0.467119
vt 0.678421 0.320577
vt 0.678421 0.308929
vt 0.678421 0.297975
vt 0.479888 0.475258
vt 0.371748 0.897902
vt 0.358716 0.882524
vt 0.353833 0.905977
vt 0.653038 0.759720
vt 0.658708 0.773107
vt 0.697980 0.799689
vt 0.711686 0.800983
vt 0.741007 0.787509
vt 0.733237 0.697532
vt 0.739270 0.784809
vt 0.738065 0.776655
vt 0.726667 0.781921
vt 0.730761 0.790259
vt 0.717351 0.786383
vt 0.721076 0.794626
vt 0.709572 0.786559
vt 0.711686 0.797484
vt 0.701690 0.786748
vt 0.698792 0.796267
vt 0.693736 0.785810
vt 0.688885 0.794464
vt 0.682182 0.778405
vt 0.673191 0.784103
vt 0.672717 0.766451
vt 0.661846 0.771260
vt 0.669853 0.757051
vt 0.656512 0.758666
vt 0.670881 0.747172
vt 0.658668 0.745135
vt 0.677777 0.737991
vt 0.670427 0.729693
vt 0.692122 0.729828
vt 0.685080 0.721764
vt 0.699027 0.726677
vt 0.691074 0.718507
vt 0.723164 0.713972
vt 0.718000 0.703302
vt 0.734858 0.711806
vt 0.731960 0.700162
vt 0.646131 0.975722
vt 0.631886 0.987135
vt 0.642995 0.993610
vt 0.659349 0.985701
vt 0.616557 0.966125
vt 0.607029 0.980909
vt 0.620771 0.983492
vt 0.632907 0.970107
vt 0.598671 0.964765
vt 0.591996 0.980026
vt 0.580608 0.966190
vt 0.576814 0.980951
vt 0.559401 0.968172
vt 0.558990 0.982237
vt 0.650623 0.999522
vt 0.668424 0.994812
vt 0.454426 0.986373
vt 0.470760 0.994046
vt 0.482343 0.988233
vt 0.468208 0.977414
vt 0.482113 0.973053
vt 0.494030 0.985404
vt 0.508428 0.983772
vt 0.499243 0.970538
vt 0.524384 0.983351
vt 0.518227 0.969890
vt 0.540713 0.983503
vt 0.537656 0.970125
vt 0.445224 0.995283
vt 0.463026 0.999827
vt 0.294372 0.448488
vt 0.174437 0.433685
vt 0.164096 0.436637
vt 0.149422 0.441902
vt 0.139896 0.445696
vt 0.760594 0.908800
vt 0.574176 0.979334
vt 0.574193 0.979127
vt 0.574248 0.979134
vt 0.574146 0.979127
vt 0.574253 0.979529
vt 0.574207 0.979541
vt 0.574290 0.979149
vt 0.574331 0.979173
vt 0.574303 0.979507
vt 0.574339 0.979480
vt 0.574367 0.979206
vt 0.574393 0.979247
vt 0.574411 0.979299
vt 0.574409 0.979355
vt 0.574396 0.979402
vt 0.574372 0.979445
vt 0.232684 0.924832
vt 0.229149 0.934335
vt 0.216940 0.932164
vt 0.221052 0.920822
vt 0.245190 0.909251
vt 0.238157 0.916368
vt 0.227537 0.910648
vt 0.236132 0.902235
vt 0.262506 0.899853
vt 0.253415 0.903722
vt 0.246367 0.896041
vt 0.257571 0.891878
vt 0.282208 0.897050
vt 0.272233 0.897691
vt 0.269405 0.889822
vt 0.281191 0.889766
vt 0.301654 0.900740
vt 0.292072 0.898082
vt 0.292373 0.891472
vt 0.302992 0.894970
vt 0.319237 0.910411
vt 0.310810 0.904897
vt 0.313115 0.899942
vt 0.322431 0.906227
vt 0.331806 0.925719
vt 0.326342 0.917453
vt 0.330253 0.914118
vt 0.336227 0.923321
vt 0.336475 0.944625
vt 0.335267 0.934916
vt 0.340074 0.933642
vt 0.341361 0.944499
vt 0.331827 0.963529
vt 0.335389 0.954357
vt 0.340169 0.955363
vt 0.336168 0.965564
vt 0.330035 0.974677
vt 0.322185 0.982466
vt 0.319144 0.978691
vt 0.326282 0.971728
vt 0.313004 0.988757
vt 0.303000 0.993371
vt 0.301676 0.988475
vt 0.310807 0.984305
vt 0.292669 0.996238
vt 0.281933 0.997711
vt 0.282292 0.992119
vt 0.292114 0.991018
vt 0.270525 0.997375
vt 0.259037 0.995167
vt 0.262537 0.989374
vt 0.272301 0.991529
vt 0.247908 0.991125
vt 0.237594 0.985090
vt 0.244962 0.979986
vt 0.253340 0.985520
vt 0.228573 0.977119
vt 0.221669 0.967299
vt 0.232267 0.964263
vt 0.237743 0.972856
vt 0.217218 0.956068
vt 0.215568 0.944101
vt 0.227838 0.944430
vt 0.228883 0.954602
vt 0.250035 0.944819
vt 0.241652 0.944766
vt 0.242663 0.937331
vt 0.250783 0.939453
vt 0.245456 0.930349
vt 0.241550 0.937085
vt 0.244387 0.929871
vt 0.252862 0.934339
vt 0.249763 0.924142
vt 0.256140 0.929681
vt 0.255273 0.918900
vt 0.248773 0.923437
vt 0.254403 0.917981
vt 0.260432 0.925640
vt 0.261710 0.914740
vt 0.265553 0.922350
vt 0.268811 0.911700
vt 0.261008 0.913640
vt 0.268314 0.910461
vt 0.271302 0.919891
vt 0.276355 0.909819
vt 0.277482 0.918329
vt 0.284129 0.909066
vt 0.276093 0.908500
vt 0.284109 0.907687
vt 0.283874 0.917694
vt 0.291938 0.909588
vt 0.290285 0.918071
vt 0.299563 0.911335
vt 0.292164 0.908238
vt 0.300031 0.910059
vt 0.296527 0.919447
vt 0.306777 0.914307
vt 0.302389 0.921795
vt 0.313332 0.918471
vt 0.307465 0.913164
vt 0.314213 0.917502
vt 0.307659 0.925041
vt 0.318950 0.923774
vt 0.312101 0.929112
vt 0.323326 0.930093
vt 0.319981 0.923020
vt 0.324466 0.929576
vt 0.315502 0.933873
vt 0.326128 0.937214
vt 0.317651 0.939149
vt 0.327108 0.944788
vt 0.327331 0.936952
vt 0.328327 0.944786
vt 0.318412 0.944704
vt 0.326185 0.952370
vt 0.317720 0.950255
vt 0.323420 0.959512
vt 0.327417 0.952633
vt 0.324589 0.960030
vt 0.315603 0.955524
vt 0.319024 0.965828
vt 0.312180 0.960279
vt 0.313380 0.971129
vt 0.320096 0.966597
vt 0.314298 0.972115
vt 0.307680 0.964360
vt 0.306792 0.975295
vt 0.302334 0.967647
vt 0.299543 0.978294
vt 0.307514 0.976457
vt 0.300041 0.979595
vt 0.296390 0.970062
vt 0.291871 0.980099
vt 0.290076 0.971536
vt 0.284000 0.980712
vt 0.292122 0.981480
vt 0.283994 0.982134
vt 0.283605 0.972011
vt 0.276149 0.979982
vt 0.277151 0.971426
vt 0.268516 0.978144
vt 0.275889 0.981322
vt 0.268006 0.979402
vt 0.270911 0.969894
vt 0.261334 0.975124
vt 0.265119 0.967454
vt 0.254853 0.970922
vt 0.260611 0.976225
vt 0.253952 0.971836
vt 0.259999 0.964149
vt 0.249358 0.965596
vt 0.255763 0.960079
vt 0.245145 0.959287
vt 0.248333 0.966285
vt 0.244047 0.959739
vt 0.242532 0.952221
vt 0.250666 0.950210
vt 0.252599 0.955378
vt 0.241407 0.952437
vt 0.240525 0.944752
vt 0.215870 0.931932
vt 0.220047 0.920384
vt 0.214480 0.944089
vt 0.226636 0.910022
vt 0.235369 0.901442
vt 0.257159 0.890861
vt 0.245763 0.895109
vt 0.281185 0.888700
vt 0.269201 0.888755
vt 0.303353 0.893992
vt 0.292551 0.890431
vt 0.313647 0.899055
vt 0.323118 0.905480
vt 0.331083 0.913533
vt 0.337156 0.922915
vt 0.341070 0.933430
vt 0.342345 0.944489
vt 0.341171 0.955568
vt 0.337100 0.965973
vt 0.322893 0.983208
vt 0.330874 0.975266
vt 0.313549 0.989626
vt 0.303360 0.994341
vt 0.292850 0.997258
vt 0.281944 0.998799
vt 0.270329 0.998438
vt 0.258626 0.996190
vt 0.247305 0.992055
vt 0.236820 0.985887
vt 0.227665 0.977729
vt 0.220659 0.967709
vt 0.216181 0.956265
vt 0.524067 0.115300
vt 0.535826 0.120171
vt 0.532779 0.135487
vt 0.520052 0.135487
vt 0.535503 0.098186
vt 0.544502 0.107186
vt 0.552616 0.086751
vt 0.557487 0.098510
vt 0.572804 0.082736
vt 0.572804 0.095463
vt 0.592991 0.086751
vt 0.588120 0.098510
vt 0.610105 0.098186
vt 0.601105 0.107186
vt 0.621540 0.115300
vt 0.609781 0.120171
vt 0.625555 0.135487
vt 0.612828 0.135487
vt 0.621540 0.155675
vt 0.609781 0.150804
vt 0.610105 0.172788
vt 0.601105 0.163789
vt 0.592991 0.184224
vt 0.588120 0.172465
vt 0.572804 0.188239
vt 0.572804 0.175512
vt 0.552616 0.184224
vt 0.557487 0.172465
vt 0.535503 0.172788
vt 0.544502 0.163789
vt 0.524067 0.155675
vt 0.535826 0.150804
vt 0.545528 0.124189
vt 0.572804 0.135487
vt 0.543281 0.135487
vt 0.551928 0.114612
vt 0.561506 0.108212
vt 0.572804 0.105965
vt 0.584102 0.108212
vt 0.593679 0.114612
vt 0.600079 0.124189
vt 0.602326 0.135487
vt 0.600079 0.146785
vt 0.593679 0.156363
vt 0.584102 0.162763
vt 0.572804 0.165010
vt 0.561506 0.162763
vt 0.551928 0.156363
vt 0.545528 0.146785
vt 0.599700 0.195426
vt 0.612686 0.200805
vt 0.609742 0.215608
vt 0.595686 0.215608
vt 0.611132 0.178317
vt 0.621071 0.188256
vt 0.628241 0.166885
vt 0.633620 0.179871
vt 0.648423 0.162870
vt 0.648423 0.176926
vt 0.668605 0.166885
vt 0.663226 0.179871
vt 0.685714 0.178317
vt 0.675775 0.188256
vt 0.697146 0.195426
vt 0.684160 0.200805
vt 0.701160 0.215608
vt 0.687104 0.215608
vt 0.697146 0.235789
vt 0.684160 0.230410
vt 0.685714 0.252898
vt 0.675775 0.242959
vt 0.668605 0.264330
vt 0.663226 0.251344
vt 0.648423 0.268345
vt 0.648423 0.254289
vt 0.628241 0.264330
vt 0.633620 0.251344
vt 0.611132 0.252898
vt 0.621071 0.242959
vt 0.599700 0.235789
vt 0.612686 0.230410
vt 0.622063 0.204689
vt 0.648423 0.215608
vt 0.619891 0.215608
vt 0.628248 0.195432
vt 0.637504 0.189247
vt 0.648423 0.187075
vt 0.659342 0.189247
vt 0.668598 0.195432
vt 0.674783 0.204689
vt 0.676955 0.215608
vt 0.674783 0.226526
vt 0.668598 0.235783
vt 0.659342 0.241968
vt 0.648423 0.244140
vt 0.637504 0.241968
vt 0.628248 0.235783
vt 0.622063 0.226526
vt 0.088522 0.103924
vt 0.097255 0.105405
vt 0.093343 0.121699
vt 0.088820 0.065763
vt 0.099129 0.056098
vt 0.098290 0.081684
vt 0.087759 0.083114
vt 0.078478 0.081978
vt 0.081737 0.058012
vt 0.067683 0.080433
vt 0.069903 0.050443
vt 0.057988 0.148555
vt 0.056171 0.111800
vt 0.068563 0.110196
vt 0.073393 0.143807
vt 0.055823 0.079426
vt 0.056474 0.046467
vt 0.028974 0.142234
vt 0.031000 0.108284
vt 0.043504 0.111217
vt 0.042940 0.147854
vt 0.043180 0.045431
vt 0.043714 0.078651
vt 0.031780 0.077677
vt 0.030948 0.046120
vt 0.018476 0.103228
vt 0.013011 0.125632
vt 0.007026 0.102793
vt 0.092784 0.033308
vt 0.076036 0.015506
vt 0.057525 0.008142
vt 0.040483 0.007156
vt 0.027111 0.010267
vt 0.019475 0.047640
vt 0.020000 0.076531
vt 0.007523 0.076066
vt 0.007451 0.042850
vt 0.079401 0.107188
vt 0.015679 0.021662
vt 0.085026 0.134796
vt 0.572493 0.077880
vt 0.556897 0.077880
vt 0.556897 0.008091
vt 0.572493 0.008091
vt 0.534536 0.077880
vt 0.510352 0.077880
vt 0.510352 0.008091
vt 0.534536 0.008091
vt 0.586971 0.077880
vt 0.586971 0.008091
vt 0.600993 0.077880
vt 0.600993 0.008091
vt 0.616361 0.008091
vt 0.616361 0.077880
vt 0.630641 0.077880
vt 0.630641 0.008091
vt 0.644941 0.008091
vt 0.644941 0.077880
vt 0.666786 0.008091
vt 0.666786 0.077880
vt 0.688968 0.077880
vt 0.688968 0.008091
vt 0.357847 0.077880
vt 0.333081 0.077880
vt 0.333081 0.008091
vt 0.357847 0.008091
vt 0.387196 0.077880
vt 0.387196 0.008091
vt 0.488685 0.077880
vt 0.488685 0.008091
vt 0.467550 0.077880
vt 0.467550 0.008091
vt 0.450790 0.077880
vt 0.450790 0.008091
vt 0.435667 0.077880
vt 0.435667 0.008091
vt 0.422918 0.077880
vt 0.407653 0.077880
vt 0.407653 0.008091
vt 0.422918 0.008091
vt 0.521708 0.409054
vt 0.521580 0.404559
vt 0.549521 0.399430
vt 0.552978 0.403790
vt 0.563534 0.393097
vt 0.569396 0.396630
vt 0.577385 0.381851
vt 0.585423 0.384585
vt 0.588737 0.366527
vt 0.599225 0.368578
vt 0.595481 0.349196
vt 0.608695 0.350264
vt 0.596898 0.330785
vt 0.612787 0.329851
vt 0.592410 0.309477
vt 0.610412 0.304762
vt 0.600224 0.279830
vt 0.581799 0.290098
vt 0.584209 0.260405
vt 0.568528 0.276856
vt 0.555641 0.244392
vt 0.546163 0.266524
vt 0.520627 0.239617
vt 0.521054 0.265124
vt 0.490150 0.405304
vt 0.493391 0.400829
vt 0.473491 0.398575
vt 0.479251 0.394907
vt 0.457330 0.386685
vt 0.465336 0.383854
vt 0.443536 0.370696
vt 0.454015 0.368577
vt 0.434118 0.352373
vt 0.447330 0.351228
vt 0.430028 0.332285
vt 0.445934 0.333064
vt 0.432270 0.307194
vt 0.450355 0.311639
vt 0.442129 0.282162
vt 0.460791 0.292035
vt 0.457707 0.262433
vt 0.473870 0.278437
vt 0.485786 0.245580
vt 0.495993 0.267419
vt 0.521476 0.400381
vt 0.521390 0.395987
vt 0.533394 0.394255
vt 0.546357 0.395225
vt 0.521328 0.389334
vt 0.538638 0.388711
vt 0.521318 0.379725
vt 0.543970 0.379253
vt 0.521333 0.365982
vt 0.548203 0.365689
vt 0.521388 0.351903
vt 0.550302 0.351251
vt 0.521441 0.334883
vt 0.550046 0.334883
vt 0.521479 0.320730
vt 0.547474 0.319898
vt 0.521512 0.308576
vt 0.542940 0.307494
vt 0.521528 0.300097
vt 0.538453 0.298381
vt 0.521522 0.291599
vt 0.530066 0.292583
vt 0.521628 0.288535
vt 0.539910 0.290437
vt 0.509322 0.394879
vt 0.496374 0.396475
vt 0.504013 0.389514
vt 0.498682 0.380141
vt 0.494484 0.366588
vt 0.492484 0.352109
vt 0.492829 0.334883
vt 0.495462 0.320591
vt 0.500043 0.308074
vt 0.504533 0.298856
vt 0.512778 0.292884
vt 0.502946 0.291030
vt 0.557892 0.389679
vt 0.569748 0.379561
vt 0.579105 0.365355
vt 0.583708 0.349406
vt 0.583207 0.334883
vt 0.577571 0.318250
vt 0.567472 0.305662
vt 0.557029 0.297871
vt 0.484810 0.391272
vt 0.472946 0.381363
vt 0.463624 0.367225
vt 0.459081 0.351241
vt 0.459644 0.334883
vt 0.465318 0.319786
vt 0.475430 0.306937
vt 0.485892 0.298852
vt 0.006205 0.196489
vt 0.008747 0.183222
vt 0.018046 0.189060
vt 0.016271 0.196501
vt 0.008745 0.209779
vt 0.018082 0.203964
vt 0.015494 0.172138
vt 0.026763 0.164723
vt 0.031069 0.179752
vt 0.022981 0.183287
vt 0.026785 0.228690
vt 0.015975 0.221143
vt 0.023120 0.209820
vt 0.031109 0.213424
vt 0.039516 0.162275
vt 0.039519 0.178570
vt 0.039516 0.231393
vt 0.039520 0.214670
vt 0.070284 0.183221
vt 0.072826 0.196488
vt 0.062770 0.196500
vt 0.060992 0.189060
vt 0.070287 0.209778
vt 0.060958 0.203964
vt 0.052268 0.164722
vt 0.063537 0.172138
vt 0.056057 0.183289
vt 0.047969 0.179752
vt 0.063056 0.221143
vt 0.052247 0.228690
vt 0.047930 0.213424
vt 0.055919 0.209820
vt 0.753659 0.178646
vt 0.753659 0.165970
vt 0.709672 0.165970
vt 0.709672 0.178646
vt 0.753659 0.153273
vt 0.709672 0.153273
vt 0.753659 0.140553
vt 0.709672 0.140553
vt 0.753659 0.127981
vt 0.709672 0.127981
vt 0.753659 0.115478
vt 0.709672 0.115478
vt 0.753659 0.102979
vt 0.709672 0.102979
vt 0.753659 0.090415
vt 0.709672 0.090415
vt 0.753659 0.077707
vt 0.709672 0.077707
vt 0.753659 0.065023
vt 0.709672 0.065023
vt 0.753659 0.052359
vt 0.709672 0.052360
vt 0.753659 0.040118
vt 0.709672 0.040118
vt 0.753659 0.027253
vt 0.709672 0.027254
vt 0.753659 0.014796
vt 0.709672 0.014796
vt 0.753659 0.216242
vt 0.753659 0.203774
vt 0.709672 0.203774
vt 0.709672 0.216242
vt 0.753659 0.190899
vt 0.709672 0.190899
vt 0.023311 0.193185
vt 0.021979 0.196488
vt 0.039523 0.191797
vt 0.055732 0.193184
vt 0.052496 0.191805
vt 0.055734 0.199802
vt 0.057074 0.196488
vt 0.023316 0.199803
vt 0.026550 0.201153
vt 0.039523 0.201148
vt 0.052497 0.201153
vt 0.026550 0.191800
vt 0.388744 0.380466
vt 0.388744 0.386994
vt 0.394037 0.386994
vt 0.394037 0.380466
vt 0.388744 0.411107
vt 0.394037 0.411107
vt 0.388744 0.373857
vt 0.394037 0.373857
vt 0.388744 0.367239
vt 0.394037 0.367239
vt 0.388744 0.360725
vt 0.394037 0.360725
vt 0.388744 0.336603
vt 0.394037 0.336603
vt 0.388743 0.262105
vt 0.388744 0.286219
vt 0.394037 0.286219
vt 0.394037 0.262105
vt 0.388744 0.292757
vt 0.394037 0.292757
vt 0.424495 0.391990
vt 0.416361 0.391990
vt 0.424490 0.366289
vt 0.424490 0.417692
vt 0.388744 0.312482
vt 0.394037 0.312482
vt 0.388744 0.305976
vt 0.394037 0.305976
vt 0.388744 0.299357
vt 0.394037 0.299357
vt 0.408279 0.417692
vt 0.408286 0.391989
vt 0.408278 0.366289
vt 0.410614 0.359900
vt 0.416358 0.357218
vt 0.422098 0.359879
vt 0.422102 0.424088
vt 0.416359 0.426763
vt 0.410616 0.424090
vt 0.717426 0.286552
vt 0.701840 0.286552
vt 0.701840 0.298447
vt 0.717426 0.298447
vt 0.717426 0.275600
vt 0.701840 0.275600
vt 0.717426 0.265621
vt 0.701840 0.265621
vt 0.717426 0.256692
vt 0.701840 0.256692
vt 0.717426 0.450211
vt 0.717426 0.440738
vt 0.701840 0.440738
vt 0.701840 0.450211
vt 0.717426 0.430532
vt 0.701840 0.430532
vt 0.717426 0.419530
vt 0.701840 0.419530
vt 0.717426 0.407665
vt 0.701840 0.407665
vt 0.717426 0.395023
vt 0.701840 0.395023
vt 0.717426 0.381698
vt 0.701840 0.381698
vt 0.717426 0.367859
vt 0.701840 0.367859
vt 0.717426 0.353724
vt 0.701840 0.353724
vt 0.717426 0.339512
vt 0.701840 0.339512
vt 0.717426 0.325430
vt 0.701840 0.325430
vt 0.717426 0.311687
vt 0.701840 0.311687
vt 0.073272 0.878135
vt 0.053619 0.882035
vt 0.056165 0.888226
vt 0.073256 0.884828
vt 0.721568 0.286552
vt 0.721568 0.298447
vt 0.737006 0.295054
vt 0.737009 0.280582
vt 0.036954 0.893160
vt 0.041675 0.897905
vt 0.721568 0.275600
vt 0.737011 0.266286
vt 0.025815 0.909816
vt 0.031993 0.912393
vt 0.721568 0.265621
vt 0.737010 0.252267
vt 0.021898 0.929466
vt 0.028591 0.929483
vt 0.721568 0.256692
vt 0.737040 0.238546
vt 0.025798 0.949120
vt 0.031989 0.946574
vt 0.721568 0.440738
vt 0.721568 0.450211
vt 0.737030 0.464183
vt 0.736993 0.450782
vt 0.036923 0.965785
vt 0.041668 0.961064
vt 0.721568 0.430532
vt 0.736993 0.437004
vt 0.053579 0.976924
vt 0.056156 0.970746
vt 0.721568 0.419530
vt 0.736995 0.423009
vt 0.073229 0.980841
vt 0.073246 0.974148
vt 0.721568 0.407665
vt 0.736996 0.408984
vt 0.092883 0.976940
vt 0.090336 0.970750
vt 0.721568 0.395023
vt 0.736998 0.394863
vt 0.109548 0.965816
vt 0.104826 0.961071
vt 0.721568 0.381698
vt 0.737000 0.380641
vt 0.120687 0.949160
vt 0.114509 0.946583
vt 0.721568 0.367859
vt 0.737001 0.366318
vt 0.124604 0.929510
vt 0.117910 0.929493
vt 0.721568 0.353724
vt 0.737002 0.351923
vt 0.120703 0.909856
vt 0.114513 0.912402
vt 0.721568 0.339512
vt 0.737003 0.337547
vt 0.109578 0.893191
vt 0.104833 0.897912
vt 0.721568 0.325430
vt 0.737003 0.323280
vt 0.092923 0.882052
vt 0.090346 0.888230
vt 0.721568 0.311687
vt 0.737004 0.309122
vt 0.073251 0.861648
vt 0.047290 0.866812
vt 0.050498 0.873912
vt 0.073498 0.869436
vt 0.025281 0.881518
vt 0.030962 0.886850
vt 0.010575 0.903527
vt 0.017864 0.906278
vt 0.005411 0.929488
vt 0.013199 0.929241
vt 0.010575 0.955449
vt 0.017675 0.952240
vt 0.025281 0.977458
vt 0.030612 0.971776
vt 0.047290 0.992164
vt 0.050041 0.984874
vt 0.073251 0.997328
vt 0.073004 0.989540
vt 0.099212 0.992164
vt 0.096003 0.985064
vt 0.121221 0.977458
vt 0.115539 0.972126
vt 0.135927 0.955449
vt 0.128637 0.952697
vt 0.141091 0.929488
vt 0.133303 0.929735
vt 0.135927 0.903527
vt 0.128826 0.906735
vt 0.121221 0.881518
vt 0.115889 0.887199
vt 0.099212 0.866812
vt 0.096460 0.874102
vt 0.073251 0.902698
vt 0.073250 0.891643
vt 0.058768 0.894524
vt 0.062999 0.904737
vt 0.046490 0.902728
vt 0.054307 0.910545
vt 0.038286 0.915006
vt 0.048500 0.919236
vt 0.035406 0.929488
vt 0.046461 0.929488
vt 0.038287 0.943971
vt 0.048500 0.939740
vt 0.046491 0.956249
vt 0.054307 0.948431
vt 0.058769 0.964452
vt 0.062999 0.954239
vt 0.073251 0.967333
vt 0.073251 0.956278
vt 0.087734 0.964452
vt 0.083503 0.954239
vt 0.100011 0.956248
vt 0.092194 0.948431
vt 0.108215 0.943970
vt 0.098001 0.939740
vt 0.111095 0.929488
vt 0.100041 0.929488
vt 0.108215 0.915005
vt 0.098001 0.919236
vt 0.100011 0.902727
vt 0.092194 0.910545
vt 0.087733 0.894524
vt 0.083503 0.904737
vt 0.073251 0.929488
vt 0.755710 0.276335
vt 0.755704 0.292280
vt 0.755718 0.259581
vt 0.755725 0.242300
vt 0.755758 0.224560
vt 0.755667 0.460071
vt 0.755697 0.476930
vt 0.755676 0.442421
vt 0.755688 0.425187
vt 0.755697 0.408726
vt 0.755702 0.393067
vt 0.755704 0.378085
vt 0.755705 0.363573
vt 0.755704 0.349323
vt 0.755703 0.335171
vt 0.755703 0.321002
vt 0.755703 0.306730
vn -0.603484 -0.784427 -0.143114
vn 0.009711 -0.998872 -0.046479
vn 0.002875 -0.980894 -0.194523
vn -0.675008 -0.721909 -0.152353
vn -0.184236 -0.939352 -0.289265
vn -0.157963 -0.924598 -0.346649
vn 0.000000 -0.921370 -0.388687
vn 0.000000 -0.940040 -0.341063
vn -0.424379 -0.895872 -0.131589
vn -0.036640 -0.975285 0.217890
vn -0.007214 -0.994061 0.108586
vn -0.519212 -0.846140 -0.120273
vn -0.519212 -0.846140 -0.120273
vn -0.007214 -0.994061 0.108586
vn 0.009711 -0.998872 -0.046479
vn -0.603484 -0.784427 -0.143114
vn -0.779526 -0.626009 -0.021275
vn -0.822938 -0.568002 -0.012107
vn -0.811773 -0.568382 0.134040
vn -0.763267 -0.635038 0.118952
vn -0.678834 -0.733055 -0.042610
vn -0.662566 -0.744089 0.085663
vn -0.568857 -0.822040 0.025543
vn -0.569245 -0.819048 -0.071558
vn -0.763267 -0.635038 0.118952
vn -0.662566 -0.744089 0.085663
vn -0.678834 -0.733055 -0.042610
vn -0.779526 -0.626009 -0.021275
vn -0.569245 -0.819048 -0.071558
vn -0.568857 -0.822040 0.025543
vn -0.496406 -0.866440 -0.053498
vn -0.421150 -0.896529 -0.137363
vn 0.000000 -0.940040 -0.341063
vn 0.000000 -0.982382 0.186882
vn -0.055706 -0.971566 0.230124
vn -0.184236 -0.939352 -0.289265
vn -0.307744 -0.930704 -0.197696
vn -0.066490 -0.965850 0.250427
vn -0.036640 -0.975285 0.217890
vn -0.424379 -0.895872 -0.131589
vn -0.307744 -0.930704 -0.197696
vn -0.290849 -0.922959 -0.252098
vn -0.157963 -0.924598 -0.346649
vn -0.184236 -0.939352 -0.289265
vn -0.184236 -0.939352 -0.289265
vn -0.055706 -0.971566 0.230124
vn -0.066490 -0.965850 0.250427
vn -0.307744 -0.930704 -0.197696
vn -0.424379 -0.895872 -0.131589
vn -0.421150 -0.896529 -0.137363
vn -0.290849 -0.922959 -0.252098
vn -0.307744 -0.930704 -0.197696
vn -0.519212 -0.846140 -0.120273
vn -0.569245 -0.819048 -0.071558
vn -0.421150 -0.896529 -0.137363
vn -0.424379 -0.895872 -0.131589
vn -0.603484 -0.784427 -0.143114
vn -0.678834 -0.733055 -0.042610
vn -0.569245 -0.819048 -0.071558
vn -0.519212 -0.846140 -0.120273
vn -0.675008 -0.721909 -0.152353
vn -0.779526 -0.626009 -0.021275
vn -0.678834 -0.733055 -0.042610
vn -0.603484 -0.784427 -0.143114
vn -0.698354 -0.698244 -0.157343
vn -0.822938 -0.568002 -0.012107
vn -0.779526 -0.626009 -0.021275
vn -0.675008 -0.721909 -0.152353
vn -0.761769 -0.603162 0.236440
vn -0.763267 -0.635038 0.118952
vn -0.811773 -0.568382 0.134040
vn -0.691416 -0.470473 0.548269
vn -0.763267 -0.635038 0.118952
vn -0.761769 -0.603162 0.236440
vn -0.690347 -0.701045 0.178766
vn -0.662566 -0.744089 0.085663
vn -0.628955 -0.772627 0.086389
vn -0.568857 -0.822040 0.025543
vn -0.662566 -0.744089 0.085663
vn -0.690347 -0.701045 0.178766
vn -0.585264 -0.810399 -0.026827
vn -0.496406 -0.866440 -0.053498
vn -0.568857 -0.822040 0.025543
vn -0.628955 -0.772627 0.086389
vn -0.761769 -0.603162 0.236440
vn -0.691416 -0.470473 0.548269
vn -0.475305 -0.324662 0.817729
vn -0.746882 -0.580806 0.323776
vn -0.628955 -0.772627 0.086389
vn -0.690347 -0.701045 0.178766
vn -0.706326 -0.660850 0.253735
vn -0.677132 -0.723453 0.134567
vn -0.658961 -0.752063 -0.013127
vn -0.585264 -0.810399 -0.026827
vn -0.628955 -0.772627 0.086389
vn -0.677132 -0.723453 0.134567
vn -0.496406 -0.866440 -0.053498
vn -0.394789 -0.754338 -0.524515
vn -0.300717 -0.784369 -0.542526
vn -0.421150 -0.896529 -0.137363
vn -0.202836 -0.791894 -0.575987
vn -0.290849 -0.922959 -0.252098
vn -0.421150 -0.896529 -0.137363
vn -0.300717 -0.784369 -0.542526
vn -0.101298 -0.784774 -0.611448
vn -0.157963 -0.924598 -0.346649
vn -0.290849 -0.922959 -0.252098
vn -0.202836 -0.791894 -0.575987
vn 0.000000 -0.782753 -0.622332
vn 0.000000 -0.921370 -0.388687
vn -0.157963 -0.924598 -0.346649
vn -0.101298 -0.784774 -0.611448
vn -0.484152 -0.703043 -0.520891
vn -0.585264 -0.810399 -0.026827
vn -0.658961 -0.752063 -0.013127
vn -0.557319 -0.643778 -0.524352
vn -0.675008 -0.721909 -0.152353
vn 0.002875 -0.980894 -0.194523
vn -0.034029 -0.968922 -0.245014
vn -0.698354 -0.698244 -0.157343
vn 0.000000 -0.999750 0.022355
vn 0.111555 -0.993539 0.020879
vn 0.109562 -0.986520 0.121554
vn 0.000000 -0.992395 0.123094
vn 0.111555 -0.993539 0.020879
vn 0.222319 -0.974835 0.016485
vn 0.218277 -0.968847 0.117011
vn 0.109562 -0.986520 0.121554
vn 0.210949 -0.950569 0.227859
vn 0.105905 -0.966943 0.231958
vn 0.109562 -0.986520 0.121554
vn 0.218277 -0.968847 0.117011
vn 0.105905 -0.966943 0.231958
vn 0.000000 -0.972403 0.233308
vn 0.000000 -0.992395 0.123094
vn 0.109562 -0.986520 0.121554
vn 0.210949 -0.950569 0.227859
vn 0.218277 -0.968847 0.117011
vn 0.324583 -0.939483 0.109623
vn 0.313944 -0.923355 0.221033
vn 0.218277 -0.968847 0.117011
vn 0.222319 -0.974835 0.016485
vn 0.330421 -0.943788 0.009254
vn 0.324583 -0.939483 0.109623
vn 0.434847 -0.900504 -0.000817
vn 0.427570 -0.898494 0.099461
vn 0.324583 -0.939483 0.109623
vn 0.330421 -0.943788 0.009254
vn 0.427570 -0.898494 0.099461
vn 0.414058 -0.885327 0.211546
vn 0.313944 -0.923355 0.221033
vn 0.324583 -0.939483 0.109623
vn 0.414058 -0.885327 0.211546
vn 0.427570 -0.898494 0.099461
vn 0.525986 -0.846074 0.086584
vn 0.510245 -0.836588 0.199427
vn 0.427570 -0.898494 0.099461
vn 0.434847 -0.900504 -0.000817
vn 0.534169 -0.845267 -0.013672
vn 0.525986 -0.846074 0.086584
vn 0.626840 -0.778599 -0.029250
vn 0.618430 -0.782619 0.071074
vn 0.525986 -0.846074 0.086584
vn 0.534169 -0.845267 -0.013672
vn 0.618430 -0.782619 0.071074
vn 0.601289 -0.777381 0.184743
vn 0.510245 -0.836588 0.199427
vn 0.525986 -0.846074 0.086584
vn 0.601289 -0.777381 0.184743
vn 0.618430 -0.782619 0.071074
vn 0.703365 -0.708841 0.053119
vn 0.685853 -0.708168 0.167643
vn 0.618430 -0.782619 0.071074
vn 0.626840 -0.778599 -0.029250
vn 0.711156 -0.701437 -0.047359
vn 0.703365 -0.708841 0.053119
vn 0.785698 -0.614883 -0.067801
vn 0.779423 -0.625630 0.032975
vn 0.703365 -0.708841 0.053119
vn 0.711156 -0.701437 -0.047359
vn 0.779423 -0.625630 0.032975
vn 0.762644 -0.629576 0.148352
vn 0.685853 -0.708168 0.167643
vn 0.703365 -0.708841 0.053119
vn 0.762644 -0.629576 0.148352
vn 0.779423 -0.625630 0.032975
vn 0.845452 -0.533940 0.010920
vn 0.830517 -0.542292 0.127126
vn 0.779423 -0.625630 0.032975
vn 0.785698 -0.614883 -0.067801
vn 0.849301 -0.520129 -0.090303
vn 0.845452 -0.533940 0.010920
vn 0.900932 -0.418566 -0.114561
vn 0.900365 -0.434948 -0.012778
vn 0.845452 -0.533940 0.010920
vn 0.849301 -0.520129 -0.090303
vn 0.900365 -0.434948 -0.012778
vn 0.888304 -0.447264 0.104266
vn 0.830517 -0.542292 0.127126
vn 0.845452 -0.533940 0.010920
vn 0.888304 -0.447264 0.104266
vn 0.900365 -0.434948 -0.012778
vn 0.943153 -0.330205 -0.037781
vn 0.934921 -0.345691 0.080132
vn 0.900365 -0.434948 -0.012778
vn 0.900932 -0.418566 -0.114561
vn 0.939680 -0.312029 -0.140142
vn 0.943153 -0.330205 -0.037781
vn 0.964994 -0.202437 -0.166753
vn 0.973081 -0.221469 -0.063750
vn 0.943153 -0.330205 -0.037781
vn 0.939680 -0.312029 -0.140142
vn 0.973081 -0.221469 -0.063750
vn 0.969441 -0.239048 0.055138
vn 0.934921 -0.345691 0.080132
vn 0.943153 -0.330205 -0.037781
vn 0.969441 -0.239048 0.055138
vn 0.973081 -0.221469 -0.063750
vn 0.989666 -0.111573 -0.090073
vn 0.991106 -0.129675 0.029902
vn 0.973081 -0.221469 -0.063750
vn 0.964994 -0.202437 -0.166753
vn 0.976619 -0.093150 -0.193748
vn 0.989666 -0.111573 -0.090073
vn 0.975318 0.012749 -0.220438
vn 0.993257 -0.003352 -0.115888
vn 0.989666 -0.111573 -0.090073
vn 0.976619 -0.093150 -0.193748
vn 0.993257 -0.003352 -0.115888
vn 0.999783 -0.020145 0.005245
vn 0.991106 -0.129675 0.029902
vn 0.989666 -0.111573 -0.090073
vn 0.999783 -0.020145 0.005245
vn 0.993257 -0.003352 -0.115888
vn 0.984672 0.103035 -0.140731
vn 0.995874 0.088875 -0.018359
vn 0.993257 -0.003352 -0.115888
vn 0.975318 0.012749 -0.220438
vn 0.962167 0.115573 -0.246732
vn 0.984672 0.103035 -0.140731
vn 0.937675 0.215684 -0.272480
vn 0.964311 0.207612 -0.164322
vn 0.984672 0.103035 -0.140731
vn 0.962167 0.115573 -0.246732
vn 0.964311 0.207612 -0.164322
vn 0.979584 0.196894 -0.040589
vn 0.995874 0.088875 -0.018359
vn 0.984672 0.103035 -0.140731
vn 0.979584 0.196894 -0.040589
vn 0.964311 0.207612 -0.164322
vn 0.931825 0.311080 -0.186898
vn 0.950695 0.303974 -0.061478
vn 0.964311 0.207612 -0.164322
vn 0.937675 0.215684 -0.272480
vn 0.901318 0.314433 -0.297922
vn 0.931825 0.311080 -0.186898
vn 0.851429 0.412808 -0.323510
vn 0.885925 0.414009 -0.209124
vn 0.931825 0.311080 -0.186898
vn 0.901318 0.314433 -0.297922
vn 0.885925 0.414009 -0.209124
vn 0.908336 0.410246 -0.081385
vn 0.950695 0.303974 -0.061478
vn 0.931825 0.311080 -0.186898
vn 0.908336 0.410246 -0.081385
vn 0.885925 0.414009 -0.209124
vn 0.830050 0.507979 -0.230161
vn 0.854911 0.509132 -0.099561
vn 0.885925 0.414009 -0.209124
vn 0.851429 0.412808 -0.323510
vn 0.792922 0.500668 -0.347284
vn 0.830050 0.507979 -0.230161
vn 0.734220 0.570968 -0.367310
vn 0.771006 0.586611 -0.247864
vn 0.830050 0.507979 -0.230161
vn 0.792922 0.500668 -0.347284
vn 0.771006 0.586611 -0.247864
vn 0.795567 0.594959 -0.114443
vn 0.854911 0.509132 -0.099561
vn 0.830050 0.507979 -0.230161
vn 0.795567 0.594959 -0.114443
vn 0.771006 0.586611 -0.247864
vn 0.707561 0.656607 -0.261197
vn 0.729564 0.672269 -0.125658
vn 0.771006 0.586611 -0.247864
vn 0.734220 0.570968 -0.367310
vn 0.673156 0.631920 -0.384106
vn 0.707561 0.656607 -0.261197
vn 0.604503 0.689761 -0.398505
vn 0.635474 0.723126 -0.270669
vn 0.707561 0.656607 -0.261197
vn 0.673156 0.631920 -0.384106
vn 0.635474 0.723126 -0.270669
vn 0.653791 0.744758 -0.133766
vn 0.729564 0.672269 -0.125658
vn 0.707561 0.656607 -0.261197
vn 0.653791 0.744758 -0.133766
vn 0.635474 0.723126 -0.270669
vn 0.547226 0.789405 -0.278180
vn 0.562716 0.814662 -0.140271
vn 0.635474 0.723126 -0.270669
vn 0.604503 0.689761 -0.398505
vn 0.555933 0.730654 -0.396336
vn 0.547226 0.789405 -0.278180
vn 0.478996 0.842198 -0.247519
vn 0.547226 0.789405 -0.278180
vn 0.555933 0.730654 -0.396336
vn 0.478996 0.842198 -0.247519
vn 0.451077 0.880359 -0.146617
vn 0.562716 0.814662 -0.140271
vn 0.547226 0.789405 -0.278180
vn 0.451077 0.880359 -0.146617
vn 0.478996 0.842198 -0.247519
vn 0.346456 0.929620 -0.125596
vn 0.105905 -0.966943 0.231958
vn 0.210949 -0.950569 0.227859
vn 0.209152 -0.940230 0.268744
vn 0.104969 -0.956401 0.272541
vn 0.105905 -0.966943 0.231958
vn 0.104969 -0.956401 0.272541
vn 0.000000 -0.961799 0.273756
vn 0.000000 -0.972403 0.233308
vn 0.313944 -0.923355 0.221033
vn 0.414058 -0.885327 0.211546
vn 0.410811 -0.875871 0.253148
vn 0.311377 -0.913379 0.262266
vn 0.210949 -0.950569 0.227859
vn 0.313944 -0.923355 0.221033
vn 0.311377 -0.913379 0.262266
vn 0.209152 -0.940230 0.268744
vn 0.510245 -0.836588 0.199427
vn 0.601289 -0.777381 0.184743
vn 0.597009 -0.769419 0.227102
vn 0.506389 -0.827824 0.241407
vn 0.414058 -0.885327 0.211546
vn 0.510245 -0.836588 0.199427
vn 0.506389 -0.827824 0.241407
vn 0.410811 -0.875871 0.253148
vn 0.685853 -0.708168 0.167643
vn 0.762644 -0.629576 0.148352
vn 0.758080 -0.623441 0.191406
vn 0.681297 -0.701127 0.210372
vn 0.601289 -0.777381 0.184743
vn 0.685853 -0.708168 0.167643
vn 0.681297 -0.701127 0.210372
vn 0.597009 -0.769419 0.227102
vn 0.830517 -0.542292 0.127126
vn 0.888304 -0.447264 0.104266
vn 0.884304 -0.442878 0.147873
vn 0.826119 -0.537092 0.170468
vn 0.762644 -0.629576 0.148352
vn 0.830517 -0.542292 0.127126
vn 0.826119 -0.537092 0.170468
vn 0.758080 -0.623441 0.191406
vn 0.934921 -0.345691 0.080132
vn 0.969441 -0.239048 0.055138
vn 0.966657 -0.235967 0.099465
vn 0.931449 -0.342074 0.124051
vn 0.888304 -0.447264 0.104266
vn 0.934921 -0.345691 0.080132
vn 0.931449 -0.342074 0.124051
vn 0.884304 -0.442878 0.147873
vn 0.991106 -0.129675 0.029902
vn 0.999783 -0.020145 0.005245
vn 0.998554 -0.017480 0.050844
vn 0.989071 -0.127038 0.074832
vn 0.969441 -0.239048 0.055138
vn 0.991106 -0.129675 0.029902
vn 0.989071 -0.127038 0.074832
vn 0.966657 -0.235967 0.099465
vn 0.995874 0.088875 -0.018359
vn 0.979584 0.196894 -0.040589
vn 0.979694 0.200403 0.006210
vn 0.995382 0.091851 0.027885
vn 0.999783 -0.020145 0.005245
vn 0.995874 0.088875 -0.018359
vn 0.995382 0.091851 0.027885
vn 0.998554 -0.017480 0.050844
vn 0.950695 0.303974 -0.061478
vn 0.908336 0.410246 -0.081385
vn 0.909398 0.414608 -0.033103
vn 0.951284 0.307995 -0.014095
vn 0.979584 0.196894 -0.040589
vn 0.950695 0.303974 -0.061478
vn 0.951284 0.307995 -0.014095
vn 0.979694 0.200403 0.006210
vn 0.854911 0.509132 -0.099561
vn 0.795567 0.594959 -0.114443
vn 0.797132 0.600493 -0.063153
vn 0.856598 0.513581 -0.049746
vn 0.908336 0.410246 -0.081385
vn 0.854911 0.509132 -0.099561
vn 0.856598 0.513581 -0.049746
vn 0.909398 0.414608 -0.033103
vn 0.729564 0.672269 -0.125658
vn 0.653791 0.744758 -0.133766
vn 0.653150 0.752696 -0.082726
vn 0.730150 0.679277 -0.073918
vn 0.795567 0.594959 -0.114443
vn 0.729564 0.672269 -0.125658
vn 0.730150 0.679277 -0.073918
vn 0.797132 0.600493 -0.063153
vn 0.562716 0.814662 -0.140271
vn 0.451077 0.880359 -0.146617
vn 0.449803 0.887770 -0.097684
vn 0.561322 0.822644 -0.090415
vn 0.653791 0.744758 -0.133766
vn 0.562716 0.814662 -0.140271
vn 0.561322 0.822644 -0.090415
vn 0.653150 0.752696 -0.082726
vn 0.346456 0.929620 -0.125596
vn 0.218344 0.969889 -0.107892
vn 0.216031 0.970399 -0.107963
vn 0.330469 0.938099 -0.103733
vn 0.451077 0.880359 -0.146617
vn 0.346456 0.929620 -0.125596
vn 0.330469 0.938099 -0.103733
vn 0.449803 0.887770 -0.097684
vn 0.000000 0.993719 -0.111906
vn 0.000000 0.993719 -0.111906
vn 0.106271 0.988147 -0.110779
vn 0.107410 0.988027 -0.110755
vn 0.218344 0.969889 -0.107892
vn 0.107410 0.988027 -0.110755
vn 0.106271 0.988147 -0.110779
vn 0.216031 0.970399 -0.107963
vn 0.000000 -0.999750 0.022355
vn 0.000000 -0.999965 -0.008316
vn 0.110808 -0.993795 -0.009671
vn 0.111555 -0.993539 0.020879
vn 0.111555 -0.993539 0.020879
vn 0.110808 -0.993795 -0.009671
vn 0.220831 -0.975215 -0.013766
vn 0.222319 -0.974835 0.016485
vn 0.330421 -0.943788 0.009254
vn 0.222319 -0.974835 0.016485
vn 0.220831 -0.975215 -0.013766
vn 0.328216 -0.944378 -0.020613
vn 0.330421 -0.943788 0.009254
vn 0.328216 -0.944378 -0.020613
vn 0.431935 -0.901397 -0.030260
vn 0.434847 -0.900504 -0.000817
vn 0.534169 -0.845267 -0.013672
vn 0.434847 -0.900504 -0.000817
vn 0.431935 -0.901397 -0.030260
vn 0.530682 -0.846495 -0.042685
vn 0.534169 -0.845267 -0.013672
vn 0.530682 -0.846495 -0.042685
vn 0.622794 -0.780245 -0.057843
vn 0.626840 -0.778599 -0.029250
vn 0.711156 -0.701437 -0.047359
vn 0.626840 -0.778599 -0.029250
vn 0.622794 -0.780245 -0.057843
vn 0.706711 -0.703452 -0.075594
vn 0.711156 -0.701437 -0.047359
vn 0.706711 -0.703452 -0.075594
vn 0.780828 -0.617364 -0.095758
vn 0.785698 -0.614883 -0.067801
vn 0.849301 -0.520129 -0.090303
vn 0.785698 -0.614883 -0.067801
vn 0.780828 -0.617364 -0.095758
vn 0.844118 -0.522980 -0.118141
vn 0.849301 -0.520129 -0.090303
vn 0.844118 -0.522980 -0.118141
vn 0.895405 -0.421876 -0.142374
vn 0.900932 -0.418566 -0.114561
vn 0.939680 -0.312029 -0.140142
vn 0.900932 -0.418566 -0.114561
vn 0.895405 -0.421876 -0.142374
vn 0.933905 -0.315581 -0.168019
vn 0.939680 -0.312029 -0.140142
vn 0.933905 -0.315581 -0.168019
vn 0.958934 -0.206233 -0.194714
vn 0.964994 -0.202437 -0.166753
vn 0.976619 -0.093150 -0.193748
vn 0.964994 -0.202437 -0.166753
vn 0.958934 -0.206233 -0.194714
vn 0.970235 -0.096853 -0.221955
vn 0.976619 -0.093150 -0.193748
vn 0.970235 -0.096853 -0.221955
vn 0.968456 0.008698 -0.249032
vn 0.975318 0.012749 -0.220438
vn 0.962167 0.115573 -0.246732
vn 0.975318 0.012749 -0.220438
vn 0.968456 0.008698 -0.249032
vn 0.954746 0.110623 -0.276083
vn 0.962167 0.115573 -0.246732
vn 0.954746 0.110623 -0.276083
vn 0.929646 0.209470 -0.303119
vn 0.937675 0.215684 -0.272480
vn 0.901318 0.314433 -0.297922
vn 0.937675 0.215684 -0.272480
vn 0.929646 0.209470 -0.303119
vn 0.892725 0.306578 -0.330231
vn 0.901318 0.314433 -0.297922
vn 0.892725 0.306578 -0.330231
vn 0.842112 0.403563 -0.357748
vn 0.851429 0.412808 -0.323510
vn 0.792922 0.500668 -0.347284
vn 0.851429 0.412808 -0.323510
vn 0.842112 0.403563 -0.357748
vn 0.782172 0.491229 -0.383276
vn 0.792922 0.500668 -0.347284
vn 0.782172 0.491229 -0.383276
vn 0.722970 0.560075 -0.404512
vn 0.734220 0.570968 -0.367310
vn 0.673156 0.631920 -0.384106
vn 0.734220 0.570968 -0.367310
vn 0.722970 0.560075 -0.404512
vn 0.662741 0.617845 -0.423133
vn 0.673156 0.631920 -0.384106
vn 0.662741 0.617845 -0.423133
vn 0.595165 0.672111 -0.440505
vn 0.604503 0.689761 -0.398505
vn 0.555933 0.730654 -0.396336
vn 0.604503 0.689761 -0.398505
vn 0.595165 0.672111 -0.440505
vn 0.554892 0.700253 -0.449156
vn -0.208431 0.906534 -0.367087
vn -0.224894 0.962608 -0.151023
vn -0.111911 0.981181 -0.157350
vn -0.104363 0.921415 -0.374304
vn -0.224894 0.962608 -0.151023
vn -0.225340 0.968857 0.102655
vn -0.111493 0.988734 0.099868
vn -0.111911 0.981181 -0.157350
vn 0.000000 0.995089 0.098983
vn 0.000000 0.987228 -0.159312
vn -0.111911 0.981181 -0.157350
vn -0.111493 0.988734 0.099868
vn 0.000000 0.987228 -0.159312
vn 0.000000 0.926354 -0.376654
vn -0.104363 0.921415 -0.374304
vn -0.111911 0.981181 -0.157350
vn -0.407172 0.846740 -0.342408
vn -0.434673 0.891045 -0.130760
vn -0.332805 0.932324 -0.141468
vn -0.309594 0.881744 -0.355921
vn -0.434673 0.891045 -0.130760
vn -0.434634 0.893386 0.113821
vn -0.333542 0.936612 0.107274
vn -0.332805 0.932324 -0.141468
vn -0.225340 0.968857 0.102655
vn -0.224894 0.962608 -0.151023
vn -0.332805 0.932324 -0.141468
vn -0.333542 0.936612 0.107274
vn -0.224894 0.962608 -0.151023
vn -0.208431 0.906534 -0.367087
vn -0.309594 0.881744 -0.355921
vn -0.332805 0.932324 -0.141468
vn -0.589565 0.746026 -0.309610
vn -0.620714 0.777037 -0.104534
vn -0.531383 0.838771 -0.118726
vn -0.501002 0.801312 -0.326950
vn -0.620714 0.777037 -0.104534
vn -0.616717 0.775740 0.133745
vn -0.529924 0.839133 0.122624
vn -0.531383 0.838771 -0.118726
vn -0.434634 0.893386 0.113821
vn -0.434673 0.891045 -0.130760
vn -0.531383 0.838771 -0.118726
vn -0.529924 0.839133 0.122624
vn -0.434673 0.891045 -0.130760
vn -0.407172 0.846740 -0.342408
vn -0.501002 0.801312 -0.326950
vn -0.531383 0.838771 -0.118726
vn -0.747207 0.607273 -0.270003
vn -0.776281 0.626786 -0.067281
vn -0.703347 0.705503 -0.087000
vn -0.672354 0.680930 -0.290300
vn -0.776281 0.626786 -0.067281
vn -0.765111 0.622671 0.163969
vn -0.696135 0.702561 0.147662
vn -0.703347 0.705503 -0.087000
vn -0.616717 0.775740 0.133745
vn -0.620714 0.777037 -0.104534
vn -0.703347 0.705503 -0.087000
vn -0.696135 0.702561 0.147662
vn -0.620714 0.777037 -0.104534
vn -0.589565 0.746026 -0.309610
vn -0.672354 0.680930 -0.290300
vn -0.703347 0.705503 -0.087000
vn -0.870400 0.433209 -0.233956
vn -0.896702 0.441543 -0.031057
vn -0.838947 0.541955 -0.049527
vn -0.812628 0.525703 -0.251540
vn -0.896702 0.441543 -0.031057
vn -0.876599 0.434000 0.207892
vn -0.823272 0.537364 0.182932
vn -0.838947 0.541955 -0.049527
vn -0.765111 0.622671 0.163969
vn -0.776281 0.626786 -0.067281
vn -0.838947 0.541955 -0.049527
vn -0.823272 0.537364 0.182932
vn -0.776281 0.626786 -0.067281
vn -0.747207 0.607273 -0.270003
vn -0.812628 0.525703 -0.251540
vn -0.838947 0.541955 -0.049527
vn -0.955649 0.226546 -0.188183
vn -0.975827 0.216758 0.027894
vn -0.944645 0.328062 -0.004607
vn -0.919184 0.331365 -0.212833
vn -0.975827 0.216758 0.027894
vn -0.942602 0.202780 0.265295
vn -0.918559 0.316025 0.237440
vn -0.944645 0.328062 -0.004607
vn -0.876599 0.434000 0.207892
vn -0.896702 0.441543 -0.031057
vn -0.944645 0.328062 -0.004607
vn -0.918559 0.316025 0.237440
vn -0.896702 0.441543 -0.031057
vn -0.870400 0.433209 -0.233956
vn -0.919184 0.331365 -0.212833
vn -0.944645 0.328062 -0.004607
vn -0.989581 0.014087 -0.143288
vn -0.996585 0.009729 0.081997
vn -0.992048 0.111624 0.058140
vn -0.978999 0.120803 -0.164217
vn -0.996585 0.009729 0.081997
vn -0.951904 0.008847 0.306268
vn -0.952281 0.101339 0.287909
vn -0.992048 0.111624 0.058140
vn -0.942602 0.202780 0.265295
vn -0.975827 0.216758 0.027894
vn -0.992048 0.111624 0.058140
vn -0.952281 0.101339 0.287909
vn -0.975827 0.216758 0.027894
vn -0.955649 0.226546 -0.188183
vn -0.978999 0.120803 -0.164217
vn -0.992048 0.111624 0.058140
vn -0.972969 -0.206185 -0.104013
vn -0.969221 -0.211995 0.125177
vn -0.989992 -0.096896 0.102599
vn -0.987712 -0.094856 -0.124210
vn -0.969221 -0.211995 0.125177
vn -0.916821 -0.201238 0.344879
vn -0.941643 -0.089231 0.324572
vn -0.989992 -0.096896 0.102599
vn -0.951904 0.008847 0.306268
vn -0.996585 0.009729 0.081997
vn -0.989992 -0.096896 0.102599
vn -0.941643 -0.089231 0.324572
vn -0.996585 0.009729 0.081997
vn -0.989581 0.014087 -0.143288
vn -0.987712 -0.094856 -0.124210
vn -0.989992 -0.096896 0.102599
vn -0.903401 -0.424908 -0.057615
vn -0.884876 -0.432005 0.174261
vn -0.933440 -0.325796 0.150155
vn -0.944971 -0.316865 -0.081404
vn -0.884876 -0.432005 0.174261
vn -0.830354 -0.412140 0.375037
vn -0.877933 -0.312173 0.363017
vn -0.933440 -0.325796 0.150155
vn -0.916821 -0.201238 0.344879
vn -0.969221 -0.211995 0.125177
vn -0.933440 -0.325796 0.150155
vn -0.877933 -0.312173 0.363017
vn -0.969221 -0.211995 0.125177
vn -0.972969 -0.206185 -0.104013
vn -0.944971 -0.316865 -0.081404
vn -0.933440 -0.325796 0.150155
vn -0.830354 -0.412140 0.375037
vn -0.782257 -0.496899 0.375720
vn -0.749529 -0.458232 0.477734
vn -0.783487 -0.382533 0.489711
vn -0.782257 -0.496899 0.375720
vn -0.745254 -0.563376 0.356657
vn -0.733152 -0.513015 0.446434
vn -0.749529 -0.458232 0.477734
vn -0.436401 -0.287925 0.852440
vn -0.424408 -0.249524 0.870411
vn -0.749529 -0.458232 0.477734
vn -0.733152 -0.513015 0.446434
vn -0.783487 -0.382533 0.489711
vn -0.749529 -0.458232 0.477734
vn -0.424408 -0.249524 0.870411
vn -0.421769 -0.196166 0.885229
vn -0.724666 -0.688998 -0.011852
vn -0.658961 -0.752063 -0.013127
vn -0.677132 -0.723453 0.134567
vn -0.720431 -0.672054 0.171240
vn -0.720431 -0.672054 0.171240
vn -0.677132 -0.723453 0.134567
vn -0.706326 -0.660850 0.253735
vn -0.718060 -0.620795 0.314648
vn -0.745254 -0.563376 0.356657
vn -0.773699 -0.603913 0.191519
vn -0.720431 -0.672054 0.171240
vn -0.718060 -0.620795 0.314648
vn -0.773699 -0.603913 0.191519
vn -0.790272 -0.612463 -0.018976
vn -0.724666 -0.688998 -0.011852
vn -0.720431 -0.672054 0.171240
vn -0.225340 0.968857 0.102655
vn -0.213001 0.935545 0.281755
vn -0.105579 0.953335 0.282851
vn -0.111493 0.988734 0.099868
vn -0.105579 0.953335 0.282851
vn -0.213001 0.935545 0.281755
vn -0.103981 0.470473 0.876267
vn -0.051145 0.477570 0.877104
vn 0.000000 0.959108 0.283039
vn -0.105579 0.953335 0.282851
vn -0.051145 0.477570 0.877104
vn 0.000000 0.479954 0.877294
vn 0.000000 0.959108 0.283039
vn 0.000000 0.995089 0.098983
vn -0.111493 0.988734 0.099868
vn -0.105579 0.953335 0.282851
vn -0.075930 0.675331 -0.733596
vn -0.104363 0.921415 -0.374304
vn 0.000000 0.926354 -0.376654
vn 0.000000 0.678254 -0.734827
vn -0.151271 0.666523 -0.729976
vn -0.208431 0.906534 -0.367087
vn -0.104363 0.921415 -0.374304
vn -0.075930 0.675331 -0.733596
vn -0.434634 0.893386 0.113821
vn -0.413089 0.865563 0.283122
vn -0.316097 0.906200 0.280865
vn -0.333542 0.936612 0.107274
vn -0.316097 0.906200 0.280865
vn -0.413089 0.865563 0.283122
vn -0.203078 0.438035 0.875720
vn -0.155109 0.457581 0.875535
vn -0.213001 0.935545 0.281755
vn -0.316097 0.906200 0.280865
vn -0.155109 0.457581 0.875535
vn -0.103981 0.470473 0.876267
vn -0.213001 0.935545 0.281755
vn -0.225340 0.968857 0.102655
vn -0.333542 0.936612 0.107274
vn -0.316097 0.906200 0.280865
vn -0.208431 0.906534 -0.367087
vn -0.151271 0.666523 -0.729976
vn -0.225775 0.651384 -0.724379
vn -0.309594 0.881744 -0.355921
vn -0.299361 0.629513 -0.717006
vn -0.407172 0.846740 -0.342408
vn -0.309594 0.881744 -0.355921
vn -0.225775 0.651384 -0.724379
vn -0.616717 0.775740 0.133745
vn -0.588471 0.751980 0.297031
vn -0.504647 0.813572 0.288846
vn -0.529924 0.839133 0.122624
vn -0.504647 0.813572 0.288846
vn -0.588471 0.751980 0.297031
vn -0.289068 0.378991 0.879094
vn -0.248093 0.411252 0.877110
vn -0.413089 0.865563 0.283122
vn -0.504647 0.813572 0.288846
vn -0.248093 0.411252 0.877110
vn -0.203078 0.438035 0.875720
vn -0.413089 0.865563 0.283122
vn -0.434634 0.893386 0.113821
vn -0.529924 0.839133 0.122624
vn -0.504647 0.813572 0.288846
vn -0.407172 0.846740 -0.342408
vn -0.299361 0.629513 -0.717006
vn -0.371438 0.600296 -0.708293
vn -0.501002 0.801312 -0.326950
vn -0.441179 0.563475 -0.698467
vn -0.589565 0.746026 -0.309610
vn -0.501002 0.801312 -0.326950
vn -0.371438 0.600296 -0.708293
vn -0.765111 0.622671 0.163969
vn -0.731648 0.602509 0.318863
vn -0.664998 0.680854 0.306944
vn -0.696135 0.702561 0.147662
vn -0.664998 0.680854 0.306944
vn -0.731648 0.602509 0.318863
vn -0.357038 0.301229 0.884186
vn -0.325894 0.341656 0.881512
vn -0.588471 0.751980 0.297031
vn -0.664998 0.680854 0.306944
vn -0.325894 0.341656 0.881512
vn -0.289068 0.378991 0.879094
vn -0.588471 0.751980 0.297031
vn -0.616717 0.775740 0.133745
vn -0.696135 0.702561 0.147662
vn -0.664998 0.680854 0.306944
vn -0.589565 0.746026 -0.309610
vn -0.441179 0.563475 -0.698467
vn -0.507526 0.518767 -0.687967
vn -0.672354 0.680930 -0.290300
vn -0.569378 0.466330 -0.677012
vn -0.747207 0.607273 -0.270003
vn -0.672354 0.680930 -0.290300
vn -0.507526 0.518767 -0.687967
vn -0.876599 0.434000 0.207892
vn -0.831709 0.414408 0.369495
vn -0.786474 0.516502 0.338651
vn -0.823272 0.537364 0.182932
vn -0.786474 0.516502 0.338651
vn -0.831709 0.414408 0.369495
vn -0.393838 0.203908 0.896277
vn -0.380280 0.257370 0.888340
vn -0.731648 0.602509 0.318863
vn -0.786474 0.516502 0.338651
vn -0.380280 0.257370 0.888340
vn -0.357038 0.301229 0.884186
vn -0.731648 0.602509 0.318863
vn -0.765111 0.622671 0.163969
vn -0.823272 0.537364 0.182932
vn -0.786474 0.516502 0.338651
vn -0.747207 0.607273 -0.270003
vn -0.569378 0.466330 -0.677012
vn -0.625429 0.406240 -0.666189
vn -0.812628 0.525703 -0.251540
vn -0.675116 0.338560 -0.655435
vn -0.870400 0.433209 -0.233956
vn -0.812628 0.525703 -0.251540
vn -0.625429 0.406240 -0.666189
vn -0.942602 0.202780 0.265295
vn -0.886944 0.193472 0.419402
vn -0.865524 0.301879 0.399672
vn -0.918559 0.316025 0.237440
vn -0.865524 0.301879 0.399672
vn -0.886944 0.193472 0.419402
vn -0.408631 0.095842 0.907654
vn -0.400412 0.146353 0.904572
vn -0.831709 0.414408 0.369495
vn -0.865524 0.301879 0.399672
vn -0.400412 0.146353 0.904572
vn -0.393838 0.203908 0.896277
vn -0.831709 0.414408 0.369495
vn -0.876599 0.434000 0.207892
vn -0.918559 0.316025 0.237440
vn -0.865524 0.301879 0.399672
vn -0.870400 0.433209 -0.233956
vn -0.675116 0.338560 -0.655435
vn -0.717525 0.263914 -0.644599
vn -0.919184 0.331365 -0.212833
vn -0.751690 0.183574 -0.633453
vn -0.955649 0.226546 -0.188183
vn -0.919184 0.331365 -0.212833
vn -0.717525 0.263914 -0.644599
vn -0.951904 0.008847 0.306268
vn -0.896074 0.007575 0.443841
vn -0.896903 0.095452 0.431804
vn -0.952281 0.101339 0.287909
vn -0.896903 0.095452 0.431804
vn -0.896074 0.007575 0.443841
vn -0.422517 0.013253 0.906258
vn -0.415526 0.051790 0.908106
vn -0.886944 0.193472 0.419402
vn -0.896903 0.095452 0.431804
vn -0.415526 0.051790 0.908106
vn -0.408631 0.095842 0.907654
vn -0.886944 0.193472 0.419402
vn -0.942602 0.202780 0.265295
vn -0.952281 0.101339 0.287909
vn -0.896903 0.095452 0.431804
vn -0.955649 0.226546 -0.188183
vn -0.751690 0.183574 -0.633453
vn -0.776335 0.099087 -0.622484
vn -0.978999 0.120803 -0.164217
vn -0.791026 0.011971 -0.611665
vn -0.989581 0.014087 -0.143288
vn -0.978999 0.120803 -0.164217
vn -0.776335 0.099087 -0.622484
vn -0.916821 -0.201238 0.344879
vn -0.857649 -0.188680 0.478370
vn -0.883616 -0.084810 0.460468
vn -0.941643 -0.089231 0.324572
vn -0.427404 -0.029810 0.903569
vn -0.883616 -0.084810 0.460468
vn -0.857649 -0.188680 0.478370
vn -0.424648 -0.081846 0.901651
vn -0.896074 0.007575 0.443841
vn -0.883616 -0.084810 0.460468
vn -0.427404 -0.029810 0.903569
vn -0.422517 0.013253 0.906258
vn -0.896074 0.007575 0.443841
vn -0.951904 0.008847 0.306268
vn -0.941643 -0.089231 0.324572
vn -0.883616 -0.084810 0.460468
vn -0.989581 0.014087 -0.143288
vn -0.791026 0.011971 -0.611665
vn -0.795744 -0.076792 -0.600745
vn -0.987712 -0.094856 -0.124210
vn -0.790414 -0.166277 -0.589574
vn -0.972969 -0.206185 -0.104013
vn -0.987712 -0.094856 -0.124210
vn -0.795744 -0.076792 -0.600745
vn -0.830354 -0.412140 0.375037
vn -0.783487 -0.382533 0.489711
vn -0.822508 -0.290351 0.489058
vn -0.877933 -0.312173 0.363017
vn -0.822508 -0.290351 0.489058
vn -0.783487 -0.382533 0.489711
vn -0.421769 -0.196166 0.885229
vn -0.421538 -0.137285 0.896358
vn -0.857649 -0.188680 0.478370
vn -0.822508 -0.290351 0.489058
vn -0.421538 -0.137285 0.896358
vn -0.424648 -0.081846 0.901651
vn -0.857649 -0.188680 0.478370
vn -0.916821 -0.201238 0.344879
vn -0.877933 -0.312173 0.363017
vn -0.822508 -0.290351 0.489058
vn -0.972969 -0.206185 -0.104013
vn -0.790414 -0.166277 -0.589574
vn -0.774826 -0.256067 -0.577992
vn -0.944971 -0.316865 -0.081404
vn -0.748282 -0.345973 -0.566018
vn -0.903401 -0.424908 -0.057615
vn -0.944971 -0.316865 -0.081404
vn -0.774826 -0.256067 -0.577992
vn -0.903401 -0.424908 -0.057615
vn -0.748282 -0.345973 -0.566018
vn -0.711380 -0.431653 -0.554629
vn -0.850155 -0.525335 -0.035487
vn -0.667714 -0.509170 -0.543051
vn -0.790272 -0.612463 -0.018976
vn -0.850155 -0.525335 -0.035487
vn -0.711380 -0.431653 -0.554629
vn -0.718060 -0.620795 0.314648
vn -0.706326 -0.660850 0.253735
vn -0.746882 -0.580806 0.323776
vn -0.733157 -0.554218 0.394111
vn -0.733152 -0.513015 0.446434
vn -0.733157 -0.554218 0.394111
vn -0.456225 -0.311130 0.833701
vn -0.436401 -0.287925 0.852440
vn -0.733152 -0.513015 0.446434
vn -0.745254 -0.563376 0.356657
vn -0.718060 -0.620795 0.314648
vn -0.733157 -0.554218 0.394111
vn -0.616893 -0.579844 -0.532188
vn -0.724666 -0.688998 -0.011852
vn -0.790272 -0.612463 -0.018976
vn -0.667714 -0.509170 -0.543051
vn 0.008110 -0.085420 -0.996312
vn 0.016573 -0.081875 -0.996505
vn -0.151271 0.666523 -0.729976
vn -0.075930 0.675331 -0.733596
vn 0.000000 0.678254 -0.734827
vn 0.000000 -0.086499 -0.996252
vn 0.008110 -0.085420 -0.996312
vn -0.075930 0.675331 -0.733596
vn 0.030753 -0.068912 -0.997149
vn -0.299361 0.629513 -0.717006
vn -0.225775 0.651384 -0.724379
vn 0.024450 -0.076344 -0.996782
vn -0.151271 0.666523 -0.729976
vn 0.016573 -0.081875 -0.996505
vn 0.024450 -0.076344 -0.996782
vn -0.225775 0.651384 -0.724379
vn 0.037860 -0.050900 -0.997986
vn -0.441179 0.563475 -0.698467
vn -0.371438 0.600296 -0.708293
vn 0.035323 -0.060352 -0.997552
vn -0.299361 0.629513 -0.717006
vn 0.030753 -0.068912 -0.997149
vn 0.035323 -0.060352 -0.997552
vn -0.371438 0.600296 -0.708293
vn 0.037169 -0.031965 -0.998798
vn -0.569378 0.466330 -0.677012
vn -0.507526 0.518767 -0.687967
vn 0.038525 -0.041364 -0.998401
vn -0.441179 0.563475 -0.698467
vn 0.037860 -0.050900 -0.997986
vn 0.038525 -0.041364 -0.998401
vn -0.507526 0.518767 -0.687967
vn 0.029655 -0.015921 -0.999433
vn -0.675116 0.338560 -0.655435
vn -0.625429 0.406240 -0.666189
vn 0.034209 -0.023409 -0.999141
vn -0.569378 0.466330 -0.677012
vn 0.037169 -0.031965 -0.998798
vn 0.034209 -0.023409 -0.999141
vn -0.625429 0.406240 -0.666189
vn 0.017414 -0.006855 -0.999825
vn -0.751690 0.183574 -0.633453
vn -0.717525 0.263914 -0.644599
vn 0.024043 -0.010269 -0.999658
vn -0.675116 0.338560 -0.655435
vn 0.029655 -0.015921 -0.999433
vn 0.024043 -0.010269 -0.999658
vn -0.717525 0.263914 -0.644599
vn 0.004517 -0.006564 -0.999968
vn -0.791026 0.011971 -0.611665
vn -0.776335 0.099087 -0.622484
vn 0.010895 -0.005726 -0.999924
vn -0.751690 0.183574 -0.633453
vn 0.017414 -0.006855 -0.999825
vn 0.010895 -0.005726 -0.999924
vn -0.776335 0.099087 -0.622484
vn -0.006275 -0.010289 -0.999927
vn -0.790414 -0.166277 -0.589574
vn -0.795744 -0.076792 -0.600745
vn -0.001218 -0.008417 -0.999964
vn -0.791026 0.011971 -0.611665
vn 0.004517 -0.006564 -0.999968
vn -0.001218 -0.008417 -0.999964
vn -0.795744 -0.076792 -0.600745
vn -0.014743 -0.013605 -0.999799
vn -0.748282 -0.345973 -0.566018
vn -0.774826 -0.256067 -0.577992
vn -0.010717 -0.012034 -0.999870
vn -0.790414 -0.166277 -0.589574
vn -0.006275 -0.010289 -0.999927
vn -0.010717 -0.012034 -0.999870
vn -0.774826 -0.256067 -0.577992
vn -0.017981 -0.015243 -0.999722
vn -0.667714 -0.509170 -0.543051
vn -0.711380 -0.431653 -0.554629
vn -0.016543 -0.014257 -0.999762
vn -0.748282 -0.345973 -0.566018
vn -0.014743 -0.013605 -0.999799
vn -0.016543 -0.014257 -0.999762
vn -0.711380 -0.431653 -0.554629
vn -0.019379 -0.020158 -0.999609
vn -0.557319 -0.643778 -0.524352
vn -0.616893 -0.579844 -0.532188
vn -0.019354 -0.017336 -0.999662
vn -0.667714 -0.509170 -0.543051
vn -0.017981 -0.015243 -0.999722
vn -0.019354 -0.017336 -0.999662
vn -0.616893 -0.579844 -0.532188
vn -0.015572 -0.028885 -0.999461
vn -0.394789 -0.754338 -0.524515
vn -0.484152 -0.703043 -0.520891
vn -0.018453 -0.024436 -0.999531
vn -0.557319 -0.643778 -0.524352
vn -0.019379 -0.020158 -0.999609
vn -0.018453 -0.024436 -0.999531
vn -0.484152 -0.703043 -0.520891
vn -0.006014 -0.026707 -0.999625
vn -0.202836 -0.791894 -0.575987
vn -0.300717 -0.784369 -0.542526
vn -0.010339 -0.028465 -0.999541
vn -0.394789 -0.754338 -0.524515
vn -0.015572 -0.028885 -0.999461
vn -0.010339 -0.028465 -0.999541
vn -0.300717 -0.784369 -0.542526
vn 0.000000 -0.027680 -0.999617
vn 0.000000 -0.782753 -0.622332
vn -0.101298 -0.784774 -0.611448
vn -0.001241 -0.026862 -0.999638
vn -0.202836 -0.791894 -0.575987
vn -0.006014 -0.026707 -0.999625
vn -0.001241 -0.026862 -0.999638
vn -0.101298 -0.784774 -0.611448
vn -0.830354 -0.412140 0.375037
vn -0.884876 -0.432005 0.174261
vn -0.828649 -0.526156 0.191050
vn -0.782257 -0.496899 0.375720
vn -0.884876 -0.432005 0.174261
vn -0.903401 -0.424908 -0.057615
vn -0.850155 -0.525335 -0.035487
vn -0.828649 -0.526156 0.191050
vn -0.790272 -0.612463 -0.018976
vn -0.773699 -0.603913 0.191519
vn -0.828649 -0.526156 0.191050
vn -0.850155 -0.525335 -0.035487
vn -0.773699 -0.603913 0.191519
vn -0.745254 -0.563376 0.356657
vn -0.782257 -0.496899 0.375720
vn -0.828649 -0.526156 0.191050
vn -0.557319 -0.643778 -0.524352
vn -0.658961 -0.752063 -0.013127
vn -0.724666 -0.688998 -0.011852
vn -0.616893 -0.579844 -0.532188
vn -0.733157 -0.554218 0.394111
vn -0.746882 -0.580806 0.323776
vn -0.475305 -0.324662 0.817729
vn -0.456225 -0.311130 0.833701
vn 0.674497 -0.722565 -0.151503
vn -0.002212 -0.981170 -0.193133
vn -0.009711 -0.998872 -0.046479
vn 0.603484 -0.784427 -0.143114
vn 0.000000 -0.940040 -0.341063
vn 0.000000 -0.921370 -0.388687
vn 0.157963 -0.924598 -0.346649
vn 0.184236 -0.939353 -0.289264
vn 0.036640 -0.975285 0.217890
vn 0.424379 -0.895872 -0.131589
vn 0.519213 -0.846140 -0.120273
vn 0.007213 -0.994061 0.108586
vn 0.603484 -0.784427 -0.143114
vn -0.009711 -0.998872 -0.046479
vn 0.007213 -0.994061 0.108586
vn 0.519213 -0.846140 -0.120273
vn 0.811904 -0.568232 0.133880
vn 0.822942 -0.567996 -0.012115
vn 0.779507 -0.626032 -0.021293
vn 0.763137 -0.635243 0.118692
vn 0.569212 -0.819070 -0.071568
vn 0.568459 -0.822320 0.025366
vn 0.662055 -0.744569 0.085444
vn 0.678782 -0.733101 -0.042629
vn 0.763137 -0.635243 0.118692
vn 0.779507 -0.626032 -0.021293
vn 0.678782 -0.733101 -0.042629
vn 0.662055 -0.744569 0.085444
vn 0.421142 -0.896532 -0.137368
vn 0.496288 -0.866504 -0.053569
vn 0.568459 -0.822320 0.025366
vn 0.569212 -0.819070 -0.071568
vn 0.184236 -0.939353 -0.289264
vn 0.055706 -0.971565 0.230125
vn 0.000000 -0.982382 0.186882
vn 0.000000 -0.940040 -0.341063
vn 0.424379 -0.895872 -0.131589
vn 0.036640 -0.975285 0.217890
vn 0.066490 -0.965849 0.250428
vn 0.307744 -0.930704 -0.197696
vn 0.184236 -0.939353 -0.289264
vn 0.157963 -0.924598 -0.346649
vn 0.290849 -0.922959 -0.252098
vn 0.307744 -0.930704 -0.197696
vn 0.307744 -0.930704 -0.197696
vn 0.066490 -0.965849 0.250428
vn 0.055706 -0.971565 0.230125
vn 0.184236 -0.939353 -0.289264
vn 0.307744 -0.930704 -0.197696
vn 0.290849 -0.922959 -0.252098
vn 0.421142 -0.896532 -0.137368
vn 0.424379 -0.895872 -0.131589
vn 0.424379 -0.895872 -0.131589
vn 0.421142 -0.896532 -0.137368
vn 0.569212 -0.819070 -0.071568
vn 0.519213 -0.846140 -0.120273
vn 0.519213 -0.846140 -0.120273
vn 0.569212 -0.819070 -0.071568
vn 0.678782 -0.733101 -0.042629
vn 0.603484 -0.784427 -0.143114
vn 0.603484 -0.784427 -0.143114
vn 0.678782 -0.733101 -0.042629
vn 0.779507 -0.626032 -0.021293
vn 0.674497 -0.722565 -0.151503
vn 0.674497 -0.722565 -0.151503
vn 0.779507 -0.626032 -0.021293
vn 0.822942 -0.567996 -0.012115
vn 0.696886 -0.700117 -0.155520
vn 0.811904 -0.568232 0.133880
vn 0.763137 -0.635243 0.118692
vn 0.761044 -0.604728 0.234769
vn 0.691156 -0.472503 0.546849
vn 0.662055 -0.744569 0.085444
vn 0.689202 -0.702433 0.177730
vn 0.761044 -0.604728 0.234769
vn 0.763137 -0.635243 0.118692
vn 0.689202 -0.702433 0.177730
vn 0.662055 -0.744569 0.085444
vn 0.568459 -0.822320 0.025366
vn 0.628101 -0.773401 0.085677
vn 0.628101 -0.773401 0.085677
vn 0.568459 -0.822320 0.025366
vn 0.496288 -0.866504 -0.053569
vn 0.584966 -0.810604 -0.027129
vn 0.476352 -0.325259 0.816882
vn 0.691156 -0.472503 0.546849
vn 0.761044 -0.604728 0.234769
vn 0.747367 -0.581302 0.321762
vn 0.706449 -0.661267 0.252302
vn 0.689202 -0.702433 0.177730
vn 0.628101 -0.773401 0.085677
vn 0.677062 -0.723679 0.133700
vn 0.677062 -0.723679 0.133700
vn 0.628101 -0.773401 0.085677
vn 0.584966 -0.810604 -0.027129
vn 0.658937 -0.752077 -0.013480
vn 0.394777 -0.754340 -0.524521
vn 0.496288 -0.866504 -0.053569
vn 0.421142 -0.896532 -0.137368
vn 0.300717 -0.784369 -0.542526
vn 0.300717 -0.784369 -0.542526
vn 0.421142 -0.896532 -0.137368
vn 0.290849 -0.922959 -0.252098
vn 0.202836 -0.791894 -0.575987
vn 0.202836 -0.791894 -0.575987
vn 0.290849 -0.922959 -0.252098
vn 0.157963 -0.924598 -0.346649
vn 0.101298 -0.784774 -0.611448
vn 0.101298 -0.784774 -0.611448
vn 0.157963 -0.924598 -0.346649
vn 0.000000 -0.921370 -0.388687
vn 0.000000 -0.782753 -0.622332
vn 0.584966 -0.810604 -0.027129
vn 0.484105 -0.703049 -0.520927
vn 0.557306 -0.643751 -0.524400
vn 0.658937 -0.752077 -0.013480
vn -0.002212 -0.981170 -0.193133
vn 0.674497 -0.722565 -0.151503
vn 0.696886 -0.700117 -0.155520
vn 0.031021 -0.969705 -0.242301
vn 0.000000 -0.999750 0.022355
vn 0.000000 -0.992395 0.123094
vn -0.109562 -0.986520 0.121554
vn -0.111555 -0.993539 0.020879
vn -0.111555 -0.993539 0.020879
vn -0.109562 -0.986520 0.121554
vn -0.218277 -0.968847 0.117011
vn -0.222319 -0.974835 0.016486
vn -0.210948 -0.950569 0.227859
vn -0.218277 -0.968847 0.117011
vn -0.109562 -0.986520 0.121554
vn -0.105905 -0.966943 0.231958
vn -0.105905 -0.966943 0.231958
vn -0.109562 -0.986520 0.121554
vn 0.000000 -0.992395 0.123094
vn 0.000000 -0.972403 0.233308
vn -0.210948 -0.950569 0.227859
vn -0.313944 -0.923355 0.221033
vn -0.324583 -0.939483 0.109623
vn -0.218277 -0.968847 0.117011
vn -0.218277 -0.968847 0.117011
vn -0.324583 -0.939483 0.109623
vn -0.330421 -0.943788 0.009254
vn -0.222319 -0.974835 0.016486
vn -0.434847 -0.900504 -0.000817
vn -0.330421 -0.943788 0.009254
vn -0.324583 -0.939483 0.109623
vn -0.427570 -0.898494 0.099461
vn -0.427570 -0.898494 0.099461
vn -0.324583 -0.939483 0.109623
vn -0.313944 -0.923355 0.221033
vn -0.414057 -0.885328 0.211546
vn -0.414057 -0.885328 0.211546
vn -0.510245 -0.836588 0.199427
vn -0.525986 -0.846074 0.086584
vn -0.427570 -0.898494 0.099461
vn -0.427570 -0.898494 0.099461
vn -0.525986 -0.846074 0.086584
vn -0.534169 -0.845267 -0.013672
vn -0.434847 -0.900504 -0.000817
vn -0.626840 -0.778599 -0.029249
vn -0.534169 -0.845267 -0.013672
vn -0.525986 -0.846074 0.086584
vn -0.618430 -0.782619 0.071074
vn -0.618430 -0.782619 0.071074
vn -0.525986 -0.846074 0.086584
vn -0.510245 -0.836588 0.199427
vn -0.601289 -0.777381 0.184743
vn -0.601289 -0.777381 0.184743
vn -0.685853 -0.708168 0.167643
vn -0.703365 -0.708841 0.053119
vn -0.618430 -0.782619 0.071074
vn -0.618430 -0.782619 0.071074
vn -0.703365 -0.708841 0.053119
vn -0.711156 -0.701437 -0.047359
vn -0.626840 -0.778599 -0.029249
vn -0.785698 -0.614883 -0.067801
vn -0.711156 -0.701437 -0.047359
vn -0.703365 -0.708841 0.053119
vn -0.779423 -0.625630 0.032975
vn -0.779423 -0.625630 0.032975
vn -0.703365 -0.708841 0.053119
vn -0.685853 -0.708168 0.167643
vn -0.762644 -0.629576 0.148352
vn -0.762644 -0.629576 0.148352
vn -0.830517 -0.542292 0.127126
vn -0.845452 -0.533940 0.010920
vn -0.779423 -0.625630 0.032975
vn -0.779423 -0.625630 0.032975
vn -0.845452 -0.533940 0.010920
vn -0.849301 -0.520129 -0.090302
vn -0.785698 -0.614883 -0.067801
vn -0.900932 -0.418566 -0.114561
vn -0.849301 -0.520129 -0.090302
vn -0.845452 -0.533940 0.010920
vn -0.900365 -0.434948 -0.012778
vn -0.900365 -0.434948 -0.012778
vn -0.845452 -0.533940 0.010920
vn -0.830517 -0.542292 0.127126
vn -0.888304 -0.447264 0.104266
vn -0.888304 -0.447264 0.104266
vn -0.934921 -0.345690 0.080131
vn -0.943153 -0.330205 -0.037781
vn -0.900365 -0.434948 -0.012778
vn -0.900365 -0.434948 -0.012778
vn -0.943153 -0.330205 -0.037781
vn -0.939680 -0.312029 -0.140142
vn -0.900932 -0.418566 -0.114561
vn -0.964994 -0.202437 -0.166753
vn -0.939680 -0.312029 -0.140142
vn -0.943153 -0.330205 -0.037781
vn -0.973081 -0.221470 -0.063750
vn -0.973081 -0.221470 -0.063750
vn -0.943153 -0.330205 -0.037781
vn -0.934921 -0.345690 0.080131
vn -0.969441 -0.239048 0.055138
vn -0.969441 -0.239048 0.055138
vn -0.991105 -0.129676 0.029902
vn -0.989666 -0.111573 -0.090073
vn -0.973081 -0.221470 -0.063750
vn -0.973081 -0.221470 -0.063750
vn -0.989666 -0.111573 -0.090073
vn -0.976619 -0.093150 -0.193748
vn -0.964994 -0.202437 -0.166753
vn -0.975318 0.012748 -0.220439
vn -0.976619 -0.093150 -0.193748
vn -0.989666 -0.111573 -0.090073
vn -0.993257 -0.003352 -0.115888
vn -0.993257 -0.003352 -0.115888
vn -0.989666 -0.111573 -0.090073
vn -0.991105 -0.129676 0.029902
vn -0.999783 -0.020145 0.005244
vn -0.999783 -0.020145 0.005244
vn -0.995874 0.088875 -0.018359
vn -0.984672 0.103035 -0.140731
vn -0.993257 -0.003352 -0.115888
vn -0.993257 -0.003352 -0.115888
vn -0.984672 0.103035 -0.140731
vn -0.962167 0.115573 -0.246732
vn -0.975318 0.012748 -0.220439
vn -0.937675 0.215684 -0.272480
vn -0.962167 0.115573 -0.246732
vn -0.984672 0.103035 -0.140731
vn -0.964311 0.207612 -0.164322
vn -0.964311 0.207612 -0.164322
vn -0.984672 0.103035 -0.140731
vn -0.995874 0.088875 -0.018359
vn -0.979584 0.196894 -0.040589
vn -0.979584 0.196894 -0.040589
vn -0.950695 0.303974 -0.061478
vn -0.931825 0.311080 -0.186898
vn -0.964311 0.207612 -0.164322
vn -0.964311 0.207612 -0.164322
vn -0.931825 0.311080 -0.186898
vn -0.901318 0.314433 -0.297922
vn -0.937675 0.215684 -0.272480
vn -0.851429 0.412808 -0.323510
vn -0.901318 0.314433 -0.297922
vn -0.931825 0.311080 -0.186898
vn -0.885925 0.414009 -0.209124
vn -0.885925 0.414009 -0.209124
vn -0.931825 0.311080 -0.186898
vn -0.950695 0.303974 -0.061478
vn -0.908336 0.410246 -0.081385
vn -0.908336 0.410246 -0.081385
vn -0.854911 0.509132 -0.099561
vn -0.830050 0.507979 -0.230162
vn -0.885925 0.414009 -0.209124
vn -0.885925 0.414009 -0.209124
vn -0.830050 0.507979 -0.230162
vn -0.792922 0.500668 -0.347283
vn -0.851429 0.412808 -0.323510
vn -0.734220 0.570968 -0.367310
vn -0.792922 0.500668 -0.347283
vn -0.830050 0.507979 -0.230162
vn -0.771006 0.586611 -0.247865
vn -0.771006 0.586611 -0.247865
vn -0.830050 0.507979 -0.230162
vn -0.854911 0.509132 -0.099561
vn -0.795567 0.594959 -0.114444
vn -0.795567 0.594959 -0.114444
vn -0.729564 0.672269 -0.125658
vn -0.707561 0.656607 -0.261197
vn -0.771006 0.586611 -0.247865
vn -0.771006 0.586611 -0.247865
vn -0.707561 0.656607 -0.261197
vn -0.673156 0.631920 -0.384106
vn -0.734220 0.570968 -0.367310
vn -0.604503 0.689761 -0.398505
vn -0.673156 0.631920 -0.384106
vn -0.707561 0.656607 -0.261197
vn -0.635474 0.723126 -0.270669
vn -0.635474 0.723126 -0.270669
vn -0.707561 0.656607 -0.261197
vn -0.729564 0.672269 -0.125658
vn -0.653791 0.744758 -0.133766
vn -0.653791 0.744758 -0.133766
vn -0.562716 0.814662 -0.140271
vn -0.547226 0.789405 -0.278180
vn -0.635474 0.723126 -0.270669
vn -0.635474 0.723126 -0.270669
vn -0.547226 0.789405 -0.278180
vn -0.555933 0.730654 -0.396336
vn -0.604503 0.689761 -0.398505
vn -0.555933 0.730654 -0.396336
vn -0.547226 0.789405 -0.278180
vn -0.478996 0.842198 -0.247519
vn -0.478996 0.842198 -0.247519
vn -0.547226 0.789405 -0.278180
vn -0.562716 0.814662 -0.140271
vn -0.451077 0.880359 -0.146617
vn -0.451077 0.880359 -0.146617
vn -0.346456 0.929620 -0.125596
vn -0.478996 0.842198 -0.247519
vn -0.209152 -0.940230 0.268744
vn -0.210948 -0.950569 0.227859
vn -0.105905 -0.966943 0.231958
vn -0.104969 -0.956401 0.272541
vn 0.000000 -0.961799 0.273756
vn -0.104969 -0.956401 0.272541
vn -0.105905 -0.966943 0.231958
vn 0.000000 -0.972403 0.233308
vn -0.410810 -0.875872 0.253148
vn -0.414057 -0.885328 0.211546
vn -0.313944 -0.923355 0.221033
vn -0.311377 -0.913379 0.262266
vn -0.311377 -0.913379 0.262266
vn -0.313944 -0.923355 0.221033
vn -0.210948 -0.950569 0.227859
vn -0.209152 -0.940230 0.268744
vn -0.597009 -0.769419 0.227102
vn -0.601289 -0.777381 0.184743
vn -0.510245 -0.836588 0.199427
vn -0.506389 -0.827824 0.241407
vn -0.506389 -0.827824 0.241407
vn -0.510245 -0.836588 0.199427
vn -0.414057 -0.885328 0.211546
vn -0.410810 -0.875872 0.253148
vn -0.758080 -0.623441 0.191406
vn -0.762644 -0.629576 0.148352
vn -0.685853 -0.708168 0.167643
vn -0.681297 -0.701126 0.210372
vn -0.681297 -0.701126 0.210372
vn -0.685853 -0.708168 0.167643
vn -0.601289 -0.777381 0.184743
vn -0.597009 -0.769419 0.227102
vn -0.884304 -0.442877 0.147872
vn -0.888304 -0.447264 0.104266
vn -0.830517 -0.542292 0.127126
vn -0.826119 -0.537092 0.170468
vn -0.826119 -0.537092 0.170468
vn -0.830517 -0.542292 0.127126
vn -0.762644 -0.629576 0.148352
vn -0.758080 -0.623441 0.191406
vn -0.966657 -0.235967 0.099465
vn -0.969441 -0.239048 0.055138
vn -0.934921 -0.345690 0.080131
vn -0.931449 -0.342073 0.124050
vn -0.931449 -0.342073 0.124050
vn -0.934921 -0.345690 0.080131
vn -0.888304 -0.447264 0.104266
vn -0.884304 -0.442877 0.147872
vn -0.998554 -0.017480 0.050844
vn -0.999783 -0.020145 0.005244
vn -0.991105 -0.129676 0.029902
vn -0.989071 -0.127038 0.074833
vn -0.989071 -0.127038 0.074833
vn -0.991105 -0.129676 0.029902
vn -0.969441 -0.239048 0.055138
vn -0.966657 -0.235967 0.099465
vn -0.979694 0.200403 0.006210
vn -0.979584 0.196894 -0.040589
vn -0.995874 0.088875 -0.018359
vn -0.995382 0.091851 0.027885
vn -0.995382 0.091851 0.027885
vn -0.995874 0.088875 -0.018359
vn -0.999783 -0.020145 0.005244
vn -0.998554 -0.017480 0.050844
vn -0.909398 0.414608 -0.033103
vn -0.908336 0.410246 -0.081385
vn -0.950695 0.303974 -0.061478
vn -0.951284 0.307995 -0.014095
vn -0.951284 0.307995 -0.014095
vn -0.950695 0.303974 -0.061478
vn -0.979584 0.196894 -0.040589
vn -0.979694 0.200403 0.006210
vn -0.797132 0.600493 -0.063153
vn -0.795567 0.594959 -0.114444
vn -0.854911 0.509132 -0.099561
vn -0.856598 0.513581 -0.049746
vn -0.856598 0.513581 -0.049746
vn -0.854911 0.509132 -0.099561
vn -0.908336 0.410246 -0.081385
vn -0.909398 0.414608 -0.033103
vn -0.653151 0.752696 -0.082725
vn -0.653791 0.744758 -0.133766
vn -0.729564 0.672269 -0.125658
vn -0.730150 0.679277 -0.073918
vn -0.730150 0.679277 -0.073918
vn -0.729564 0.672269 -0.125658
vn -0.795567 0.594959 -0.114444
vn -0.797132 0.600493 -0.063153
vn -0.449803 0.887770 -0.097684
vn -0.451077 0.880359 -0.146617
vn -0.562716 0.814662 -0.140271
vn -0.561322 0.822644 -0.090415
vn -0.561322 0.822644 -0.090415
vn -0.562716 0.814662 -0.140271
vn -0.653791 0.744758 -0.133766
vn -0.653151 0.752696 -0.082725
vn -0.216031 0.970399 -0.107963
vn -0.218344 0.969889 -0.107892
vn -0.346456 0.929620 -0.125596
vn -0.330469 0.938099 -0.103733
vn -0.330469 0.938099 -0.103733
vn -0.346456 0.929620 -0.125596
vn -0.451077 0.880359 -0.146617
vn -0.449803 0.887770 -0.097684
vn -0.106271 0.988147 -0.110779
vn 0.000000 0.993719 -0.111906
vn 0.000000 0.993719 -0.111906
vn -0.107410 0.988027 -0.110755
vn -0.106271 0.988147 -0.110779
vn -0.107410 0.988027 -0.110755
vn -0.218344 0.969889 -0.107892
vn -0.216031 0.970399 -0.107963
vn -0.110808 -0.993795 -0.009671
vn 0.000000 -0.999965 -0.008316
vn 0.000000 -0.999750 0.022355
vn -0.111555 -0.993539 0.020879
vn -0.220831 -0.975215 -0.013766
vn -0.110808 -0.993795 -0.009671
vn -0.111555 -0.993539 0.020879
vn -0.222319 -0.974835 0.016486
vn -0.220831 -0.975215 -0.013766
vn -0.222319 -0.974835 0.016486
vn -0.330421 -0.943788 0.009254
vn -0.328216 -0.944378 -0.020614
vn -0.431935 -0.901397 -0.030260
vn -0.328216 -0.944378 -0.020614
vn -0.330421 -0.943788 0.009254
vn -0.434847 -0.900504 -0.000817
vn -0.431935 -0.901397 -0.030260
vn -0.434847 -0.900504 -0.000817
vn -0.534169 -0.845267 -0.013672
vn -0.530682 -0.846495 -0.042685
vn -0.622794 -0.780245 -0.057843
vn -0.530682 -0.846495 -0.042685
vn -0.534169 -0.845267 -0.013672
vn -0.626840 -0.778599 -0.029249
vn -0.622794 -0.780245 -0.057843
vn -0.626840 -0.778599 -0.029249
vn -0.711156 -0.701437 -0.047359
vn -0.706711 -0.703452 -0.075594
vn -0.780828 -0.617364 -0.095758
vn -0.706711 -0.703452 -0.075594
vn -0.711156 -0.701437 -0.047359
vn -0.785698 -0.614883 -0.067801
vn -0.780828 -0.617364 -0.095758
vn -0.785698 -0.614883 -0.067801
vn -0.849301 -0.520129 -0.090302
vn -0.844118 -0.522980 -0.118141
vn -0.895405 -0.421876 -0.142375
vn -0.844118 -0.522980 -0.118141
vn -0.849301 -0.520129 -0.090302
vn -0.900932 -0.418566 -0.114561
vn -0.895405 -0.421876 -0.142375
vn -0.900932 -0.418566 -0.114561
vn -0.939680 -0.312029 -0.140142
vn -0.933905 -0.315581 -0.168019
vn -0.958934 -0.206233 -0.194714
vn -0.933905 -0.315581 -0.168019
vn -0.939680 -0.312029 -0.140142
vn -0.964994 -0.202437 -0.166753
vn -0.958934 -0.206233 -0.194714
vn -0.964994 -0.202437 -0.166753
vn -0.976619 -0.093150 -0.193748
vn -0.970235 -0.096853 -0.221955
vn -0.968456 0.008697 -0.249032
vn -0.970235 -0.096853 -0.221955
vn -0.976619 -0.093150 -0.193748
vn -0.975318 0.012748 -0.220439
vn -0.968456 0.008697 -0.249032
vn -0.975318 0.012748 -0.220439
vn -0.962167 0.115573 -0.246732
vn -0.954746 0.110623 -0.276083
vn -0.929646 0.209470 -0.303119
vn -0.954746 0.110623 -0.276083
vn -0.962167 0.115573 -0.246732
vn -0.937675 0.215684 -0.272480
vn -0.929646 0.209470 -0.303119
vn -0.937675 0.215684 -0.272480
vn -0.901318 0.314433 -0.297922
vn -0.892725 0.306578 -0.330231
vn -0.842112 0.403563 -0.357748
vn -0.892725 0.306578 -0.330231
vn -0.901318 0.314433 -0.297922
vn -0.851429 0.412808 -0.323510
vn -0.842112 0.403563 -0.357748
vn -0.851429 0.412808 -0.323510
vn -0.792922 0.500668 -0.347283
vn -0.782172 0.491229 -0.383276
vn -0.722970 0.560076 -0.404512
vn -0.782172 0.491229 -0.383276
vn -0.792922 0.500668 -0.347283
vn -0.734220 0.570968 -0.367310
vn -0.722970 0.560076 -0.404512
vn -0.734220 0.570968 -0.367310
vn -0.673156 0.631920 -0.384106
vn -0.662741 0.617845 -0.423133
vn -0.595166 0.672112 -0.440504
vn -0.662741 0.617845 -0.423133
vn -0.673156 0.631920 -0.384106
vn -0.604503 0.689761 -0.398505
vn -0.595166 0.672112 -0.440504
vn -0.604503 0.689761 -0.398505
vn -0.555933 0.730654 -0.396336
vn -0.554892 0.700253 -0.449156
vn 0.208431 0.906534 -0.367087
vn 0.104363 0.921415 -0.374304
vn 0.111911 0.981181 -0.157350
vn 0.224894 0.962608 -0.151023
vn 0.224894 0.962608 -0.151023
vn 0.111911 0.981181 -0.157350
vn 0.111493 0.988734 0.099868
vn 0.225340 0.968857 0.102655
vn 0.000000 0.995089 0.098983
vn 0.111493 0.988734 0.099868
vn 0.111911 0.981181 -0.157350
vn 0.000000 0.987228 -0.159312
vn 0.000000 0.987228 -0.159312
vn 0.111911 0.981181 -0.157350
vn 0.104363 0.921415 -0.374304
vn 0.000000 0.926354 -0.376654
vn 0.407172 0.846740 -0.342408
vn 0.309594 0.881744 -0.355920
vn 0.332805 0.932324 -0.141468
vn 0.434672 0.891046 -0.130760
vn 0.434672 0.891046 -0.130760
vn 0.332805 0.932324 -0.141468
vn 0.333542 0.936612 0.107274
vn 0.434634 0.893386 0.113821
vn 0.225340 0.968857 0.102655
vn 0.333542 0.936612 0.107274
vn 0.332805 0.932324 -0.141468
vn 0.224894 0.962608 -0.151023
vn 0.224894 0.962608 -0.151023
vn 0.332805 0.932324 -0.141468
vn 0.309594 0.881744 -0.355920
vn 0.208431 0.906534 -0.367087
vn 0.589565 0.746026 -0.309610
vn 0.501002 0.801312 -0.326950
vn 0.531383 0.838771 -0.118726
vn 0.620714 0.777037 -0.104534
vn 0.620714 0.777037 -0.104534
vn 0.531383 0.838771 -0.118726
vn 0.529924 0.839133 0.122624
vn 0.616717 0.775740 0.133745
vn 0.434634 0.893386 0.113821
vn 0.529924 0.839133 0.122624
vn 0.531383 0.838771 -0.118726
vn 0.434672 0.891046 -0.130760
vn 0.434672 0.891046 -0.130760
vn 0.531383 0.838771 -0.118726
vn 0.501002 0.801312 -0.326950
vn 0.407172 0.846740 -0.342408
vn 0.747207 0.607273 -0.270003
vn 0.672354 0.680930 -0.290300
vn 0.703347 0.705503 -0.087000
vn 0.776281 0.626786 -0.067281
vn 0.776281 0.626786 -0.067281
vn 0.703347 0.705503 -0.087000
vn 0.696134 0.702562 0.147662
vn 0.765111 0.622671 0.163969
vn 0.616717 0.775740 0.133745
vn 0.696134 0.702562 0.147662
vn 0.703347 0.705503 -0.087000
vn 0.620714 0.777037 -0.104534
vn 0.620714 0.777037 -0.104534
vn 0.703347 0.705503 -0.087000
vn 0.672354 0.680930 -0.290300
vn 0.589565 0.746026 -0.309610
vn 0.870400 0.433209 -0.233955
vn 0.812628 0.525703 -0.251540
vn 0.838947 0.541955 -0.049527
vn 0.896702 0.441544 -0.031058
vn 0.896702 0.441544 -0.031058
vn 0.838947 0.541955 -0.049527
vn 0.823271 0.537364 0.182932
vn 0.876599 0.434000 0.207892
vn 0.765111 0.622671 0.163969
vn 0.823271 0.537364 0.182932
vn 0.838947 0.541955 -0.049527
vn 0.776281 0.626786 -0.067281
vn 0.776281 0.626786 -0.067281
vn 0.838947 0.541955 -0.049527
vn 0.812628 0.525703 -0.251540
vn 0.747207 0.607273 -0.270003
vn 0.955649 0.226546 -0.188183
vn 0.919184 0.331364 -0.212833
vn 0.944645 0.328063 -0.004608
vn 0.975827 0.216758 0.027894
vn 0.975827 0.216758 0.027894
vn 0.944645 0.328063 -0.004608
vn 0.918559 0.316025 0.237440
vn 0.942602 0.202780 0.265295
vn 0.876599 0.434000 0.207892
vn 0.918559 0.316025 0.237440
vn 0.944645 0.328063 -0.004608
vn 0.896702 0.441544 -0.031058
vn 0.896702 0.441544 -0.031058
vn 0.944645 0.328063 -0.004608
vn 0.919184 0.331364 -0.212833
vn 0.870400 0.433209 -0.233955
vn 0.989581 0.014087 -0.143288
vn 0.978999 0.120803 -0.164217
vn 0.992048 0.111624 0.058140
vn 0.996585 0.009729 0.081997
vn 0.996585 0.009729 0.081997
vn 0.992048 0.111624 0.058140
vn 0.952281 0.101339 0.287909
vn 0.951904 0.008847 0.306268
vn 0.942602 0.202780 0.265295
vn 0.952281 0.101339 0.287909
vn 0.992048 0.111624 0.058140
vn 0.975827 0.216758 0.027894
vn 0.975827 0.216758 0.027894
vn 0.992048 0.111624 0.058140
vn 0.978999 0.120803 -0.164217
vn 0.955649 0.226546 -0.188183
vn 0.972969 -0.206185 -0.104014
vn 0.987712 -0.094856 -0.124210
vn 0.989992 -0.096896 0.102599
vn 0.969221 -0.211995 0.125177
vn 0.969221 -0.211995 0.125177
vn 0.989992 -0.096896 0.102599
vn 0.941643 -0.089231 0.324572
vn 0.916821 -0.201238 0.344879
vn 0.951904 0.008847 0.306268
vn 0.941643 -0.089231 0.324572
vn 0.989992 -0.096896 0.102599
vn 0.996585 0.009729 0.081997
vn 0.996585 0.009729 0.081997
vn 0.989992 -0.096896 0.102599
vn 0.987712 -0.094856 -0.124210
vn 0.989581 0.014087 -0.143288
vn 0.903401 -0.424908 -0.057615
vn 0.944971 -0.316864 -0.081404
vn 0.933440 -0.325796 0.150155
vn 0.884876 -0.432005 0.174261
vn 0.884876 -0.432005 0.174261
vn 0.933440 -0.325796 0.150155
vn 0.877933 -0.312173 0.363017
vn 0.830354 -0.412140 0.375037
vn 0.916821 -0.201238 0.344879
vn 0.877933 -0.312173 0.363017
vn 0.933440 -0.325796 0.150155
vn 0.969221 -0.211995 0.125177
vn 0.969221 -0.211995 0.125177
vn 0.933440 -0.325796 0.150155
vn 0.944971 -0.316864 -0.081404
vn 0.972969 -0.206185 -0.104014
vn 0.783487 -0.382533 0.489711
vn 0.749529 -0.458232 0.477734
vn 0.782257 -0.496899 0.375720
vn 0.830354 -0.412140 0.375037
vn 0.749529 -0.458232 0.477734
vn 0.733152 -0.513015 0.446434
vn 0.745254 -0.563376 0.356657
vn 0.782257 -0.496899 0.375720
vn 0.424408 -0.249524 0.870411
vn 0.436401 -0.287925 0.852440
vn 0.733152 -0.513015 0.446434
vn 0.749529 -0.458232 0.477734
vn 0.749529 -0.458232 0.477734
vn 0.783487 -0.382533 0.489711
vn 0.421769 -0.196166 0.885229
vn 0.424408 -0.249524 0.870411
vn 0.745254 -0.563376 0.356657
vn 0.718917 -0.620158 0.313947
vn 0.720882 -0.671667 0.170857
vn 0.773699 -0.603913 0.191519
vn 0.773699 -0.603913 0.191519
vn 0.720882 -0.671667 0.170857
vn 0.724794 -0.688862 -0.011982
vn 0.790272 -0.612462 -0.018975
vn 0.225340 0.968857 0.102655
vn 0.111493 0.988734 0.099868
vn 0.105579 0.953335 0.282851
vn 0.213001 0.935545 0.281755
vn 0.051145 0.477570 0.877104
vn 0.103981 0.470473 0.876267
vn 0.213001 0.935545 0.281755
vn 0.105579 0.953335 0.282851
vn 0.105579 0.953335 0.282851
vn 0.000000 0.959108 0.283039
vn 0.000000 0.479954 0.877294
vn 0.051145 0.477570 0.877104
vn 0.000000 0.959108 0.283039
vn 0.105579 0.953335 0.282851
vn 0.111493 0.988734 0.099868
vn 0.000000 0.995089 0.098983
vn 0.000000 0.678254 -0.734827
vn 0.000000 0.926354 -0.376654
vn 0.104363 0.921415 -0.374304
vn 0.075930 0.675331 -0.733596
vn 0.208431 0.906534 -0.367087
vn 0.151271 0.666523 -0.729976
vn 0.075930 0.675331 -0.733596
vn 0.104363 0.921415 -0.374304
vn 0.434634 0.893386 0.113821
vn 0.333542 0.936612 0.107274
vn 0.316098 0.906199 0.280864
vn 0.413088 0.865564 0.283122
vn 0.413088 0.865564 0.283122
vn 0.316098 0.906199 0.280864
vn 0.155109 0.457581 0.875535
vn 0.203078 0.438035 0.875720
vn 0.316098 0.906199 0.280864
vn 0.213001 0.935545 0.281755
vn 0.103981 0.470473 0.876267
vn 0.155109 0.457581 0.875535
vn 0.213001 0.935545 0.281755
vn 0.316098 0.906199 0.280864
vn 0.333542 0.936612 0.107274
vn 0.225340 0.968857 0.102655
vn 0.151271 0.666523 -0.729976
vn 0.208431 0.906534 -0.367087
vn 0.309594 0.881744 -0.355920
vn 0.225775 0.651384 -0.724379
vn 0.407172 0.846740 -0.342408
vn 0.299361 0.629513 -0.717006
vn 0.225775 0.651384 -0.724379
vn 0.309594 0.881744 -0.355920
vn 0.616717 0.775740 0.133745
vn 0.529924 0.839133 0.122624
vn 0.504647 0.813572 0.288846
vn 0.588471 0.751980 0.297031
vn 0.248093 0.411252 0.877110
vn 0.289068 0.378991 0.879094
vn 0.588471 0.751980 0.297031
vn 0.504647 0.813572 0.288846
vn 0.504647 0.813572 0.288846
vn 0.413088 0.865564 0.283122
vn 0.203078 0.438035 0.875720
vn 0.248093 0.411252 0.877110
vn 0.413088 0.865564 0.283122
vn 0.504647 0.813572 0.288846
vn 0.529924 0.839133 0.122624
vn 0.434634 0.893386 0.113821
vn 0.299361 0.629513 -0.717006
vn 0.407172 0.846740 -0.342408
vn 0.501002 0.801312 -0.326950
vn 0.371438 0.600296 -0.708293
vn 0.589565 0.746026 -0.309610
vn 0.441179 0.563475 -0.698467
vn 0.371438 0.600296 -0.708293
vn 0.501002 0.801312 -0.326950
vn 0.765111 0.622671 0.163969
vn 0.696134 0.702562 0.147662
vn 0.664998 0.680854 0.306944
vn 0.731648 0.602509 0.318863
vn 0.325894 0.341656 0.881512
vn 0.357038 0.301229 0.884186
vn 0.731648 0.602509 0.318863
vn 0.664998 0.680854 0.306944
vn 0.664998 0.680854 0.306944
vn 0.588471 0.751980 0.297031
vn 0.289068 0.378991 0.879094
vn 0.325894 0.341656 0.881512
vn 0.588471 0.751980 0.297031
vn 0.664998 0.680854 0.306944
vn 0.696134 0.702562 0.147662
vn 0.616717 0.775740 0.133745
vn 0.441179 0.563475 -0.698467
vn 0.589565 0.746026 -0.309610
vn 0.672354 0.680930 -0.290300
vn 0.507526 0.518767 -0.687967
vn 0.747207 0.607273 -0.270003
vn 0.569378 0.466330 -0.677012
vn 0.507526 0.518767 -0.687967
vn 0.672354 0.680930 -0.290300
vn 0.876599 0.434000 0.207892
vn 0.823271 0.537364 0.182932
vn 0.786474 0.516502 0.338651
vn 0.831709 0.414408 0.369494
vn 0.380280 0.257370 0.888340
vn 0.393838 0.203907 0.896278
vn 0.831709 0.414408 0.369494
vn 0.786474 0.516502 0.338651
vn 0.786474 0.516502 0.338651
vn 0.731648 0.602509 0.318863
vn 0.357038 0.301229 0.884186
vn 0.380280 0.257370 0.888340
vn 0.731648 0.602509 0.318863
vn 0.786474 0.516502 0.338651
vn 0.823271 0.537364 0.182932
vn 0.765111 0.622671 0.163969
vn 0.569378 0.466330 -0.677012
vn 0.747207 0.607273 -0.270003
vn 0.812628 0.525703 -0.251540
vn 0.625429 0.406240 -0.666189
vn 0.870400 0.433209 -0.233955
vn 0.675116 0.338560 -0.655435
vn 0.625429 0.406240 -0.666189
vn 0.812628 0.525703 -0.251540
vn 0.942602 0.202780 0.265295
vn 0.918559 0.316025 0.237440
vn 0.865524 0.301879 0.399672
vn 0.886944 0.193472 0.419402
vn 0.400412 0.146353 0.904572
vn 0.408631 0.095842 0.907654
vn 0.886944 0.193472 0.419402
vn 0.865524 0.301879 0.399672
vn 0.865524 0.301879 0.399672
vn 0.831709 0.414408 0.369494
vn 0.393838 0.203907 0.896278
vn 0.400412 0.146353 0.904572
vn 0.831709 0.414408 0.369494
vn 0.865524 0.301879 0.399672
vn 0.918559 0.316025 0.237440
vn 0.876599 0.434000 0.207892
vn 0.675116 0.338560 -0.655435
vn 0.870400 0.433209 -0.233955
vn 0.919184 0.331364 -0.212833
vn 0.717525 0.263914 -0.644599
vn 0.955649 0.226546 -0.188183
vn 0.751690 0.183575 -0.633453
vn 0.717525 0.263914 -0.644599
vn 0.919184 0.331364 -0.212833
vn 0.951904 0.008847 0.306268
vn 0.952281 0.101339 0.287909
vn 0.896903 0.095452 0.431804
vn 0.896074 0.007575 0.443841
vn 0.415526 0.051790 0.908106
vn 0.422517 0.013253 0.906258
vn 0.896074 0.007575 0.443841
vn 0.896903 0.095452 0.431804
vn 0.896903 0.095452 0.431804
vn 0.886944 0.193472 0.419402
vn 0.408631 0.095842 0.907654
vn 0.415526 0.051790 0.908106
vn 0.886944 0.193472 0.419402
vn 0.896903 0.095452 0.431804
vn 0.952281 0.101339 0.287909
vn 0.942602 0.202780 0.265295
vn 0.751690 0.183575 -0.633453
vn 0.955649 0.226546 -0.188183
vn 0.978999 0.120803 -0.164217
vn 0.776335 0.099087 -0.622484
vn 0.989581 0.014087 -0.143288
vn 0.791026 0.011971 -0.611665
vn 0.776335 0.099087 -0.622484
vn 0.978999 0.120803 -0.164217
vn 0.916821 -0.201238 0.344879
vn 0.941643 -0.089231 0.324572
vn 0.883616 -0.084810 0.460468
vn 0.857649 -0.188680 0.478370
vn 0.427404 -0.029810 0.903569
vn 0.424648 -0.081846 0.901651
vn 0.857649 -0.188680 0.478370
vn 0.883616 -0.084810 0.460468
vn 0.883616 -0.084810 0.460468
vn 0.896074 0.007575 0.443841
vn 0.422517 0.013253 0.906258
vn 0.427404 -0.029810 0.903569
vn 0.896074 0.007575 0.443841
vn 0.883616 -0.084810 0.460468
vn 0.941643 -0.089231 0.324572
vn 0.951904 0.008847 0.306268
vn 0.791026 0.011971 -0.611665
vn 0.989581 0.014087 -0.143288
vn 0.987712 -0.094856 -0.124210
vn 0.795745 -0.076792 -0.600744
vn 0.972969 -0.206185 -0.104014
vn 0.790414 -0.166277 -0.589574
vn 0.795745 -0.076792 -0.600744
vn 0.987712 -0.094856 -0.124210
vn 0.830354 -0.412140 0.375037
vn 0.877933 -0.312173 0.363017
vn 0.822508 -0.290351 0.489058
vn 0.783487 -0.382533 0.489711
vn 0.421539 -0.137285 0.896358
vn 0.421769 -0.196166 0.885229
vn 0.783487 -0.382533 0.489711
vn 0.822508 -0.290351 0.489058
vn 0.822508 -0.290351 0.489058
vn 0.857649 -0.188680 0.478370
vn 0.424648 -0.081846 0.901651
vn 0.421539 -0.137285 0.896358
vn 0.857649 -0.188680 0.478370
vn 0.822508 -0.290351 0.489058
vn 0.877933 -0.312173 0.363017
vn 0.916821 -0.201238 0.344879
vn 0.790414 -0.166277 -0.589574
vn 0.972969 -0.206185 -0.104014
vn 0.944971 -0.316864 -0.081404
vn 0.774826 -0.256067 -0.577992
vn 0.903401 -0.424908 -0.057615
vn 0.748282 -0.345973 -0.566018
vn 0.774826 -0.256067 -0.577992
vn 0.944971 -0.316864 -0.081404
vn 0.748282 -0.345973 -0.566018
vn 0.903401 -0.424908 -0.057615
vn 0.850155 -0.525335 -0.035487
vn 0.711380 -0.431653 -0.554629
vn 0.790272 -0.612462 -0.018975
vn 0.667714 -0.509170 -0.543051
vn 0.711380 -0.431653 -0.554629
vn 0.850155 -0.525335 -0.035487
vn 0.689202 -0.702433 0.177730
vn 0.706449 -0.661267 0.252302
vn 0.747367 -0.581302 0.321762
vn 0.761044 -0.604728 0.234769
vn 0.734598 -0.553337 0.392663
vn 0.733152 -0.513015 0.446434
vn 0.436401 -0.287925 0.852440
vn 0.457614 -0.310409 0.833208
vn 0.733152 -0.513015 0.446434
vn 0.734598 -0.553337 0.392663
vn 0.718917 -0.620158 0.313947
vn 0.745254 -0.563376 0.356657
vn 0.667714 -0.509170 -0.543051
vn 0.790272 -0.612462 -0.018975
vn 0.724794 -0.688862 -0.011982
vn 0.616900 -0.579825 -0.532201
vn 0.151271 0.666523 -0.729976
vn -0.016573 -0.081875 -0.996505
vn -0.008110 -0.085420 -0.996312
vn 0.075930 0.675331 -0.733596
vn -0.008110 -0.085420 -0.996312
vn 0.000000 -0.086499 -0.996252
vn 0.000000 0.678254 -0.734827
vn 0.075930 0.675331 -0.733596
vn 0.225775 0.651384 -0.724379
vn 0.299361 0.629513 -0.717006
vn -0.030753 -0.068912 -0.997149
vn -0.024450 -0.076344 -0.996782
vn -0.024450 -0.076344 -0.996782
vn -0.016573 -0.081875 -0.996505
vn 0.151271 0.666523 -0.729976
vn 0.225775 0.651384 -0.724379
vn 0.371438 0.600296 -0.708293
vn 0.441179 0.563475 -0.698467
vn -0.037860 -0.050900 -0.997986
vn -0.035323 -0.060352 -0.997552
vn -0.035323 -0.060352 -0.997552
vn -0.030753 -0.068912 -0.997149
vn 0.299361 0.629513 -0.717006
vn 0.371438 0.600296 -0.708293
vn 0.507526 0.518767 -0.687967
vn 0.569378 0.466330 -0.677012
vn -0.037169 -0.031966 -0.998798
vn -0.038525 -0.041364 -0.998401
vn -0.038525 -0.041364 -0.998401
vn -0.037860 -0.050900 -0.997986
vn 0.441179 0.563475 -0.698467
vn 0.507526 0.518767 -0.687967
vn 0.625429 0.406240 -0.666189
vn 0.675116 0.338560 -0.655435
vn -0.029655 -0.015921 -0.999433
vn -0.034209 -0.023409 -0.999141
vn -0.034209 -0.023409 -0.999141
vn -0.037169 -0.031966 -0.998798
vn 0.569378 0.466330 -0.677012
vn 0.625429 0.406240 -0.666189
vn 0.717525 0.263914 -0.644599
vn 0.751690 0.183575 -0.633453
vn -0.017414 -0.006855 -0.999825
vn -0.024043 -0.010269 -0.999658
vn -0.024043 -0.010269 -0.999658
vn -0.029655 -0.015921 -0.999433
vn 0.675116 0.338560 -0.655435
vn 0.717525 0.263914 -0.644599
vn 0.776335 0.099087 -0.622484
vn 0.791026 0.011971 -0.611665
vn -0.004517 -0.006563 -0.999968
vn -0.010895 -0.005726 -0.999924
vn -0.010895 -0.005726 -0.999924
vn -0.017414 -0.006855 -0.999825
vn 0.751690 0.183575 -0.633453
vn 0.776335 0.099087 -0.622484
vn 0.795745 -0.076792 -0.600744
vn 0.790414 -0.166277 -0.589574
vn 0.006275 -0.010289 -0.999927
vn 0.001218 -0.008417 -0.999964
vn 0.001218 -0.008417 -0.999964
vn -0.004517 -0.006563 -0.999968
vn 0.791026 0.011971 -0.611665
vn 0.795745 -0.076792 -0.600744
vn 0.774826 -0.256067 -0.577992
vn 0.748282 -0.345973 -0.566018
vn 0.014743 -0.013605 -0.999799
vn 0.010717 -0.012034 -0.999870
vn 0.010717 -0.012034 -0.999870
vn 0.006275 -0.010289 -0.999927
vn 0.790414 -0.166277 -0.589574
vn 0.774826 -0.256067 -0.577992
vn 0.711380 -0.431653 -0.554629
vn 0.667714 -0.509170 -0.543051
vn 0.017981 -0.015243 -0.999722
vn 0.016543 -0.014257 -0.999762
vn 0.016543 -0.014257 -0.999762
vn 0.014743 -0.013605 -0.999799
vn 0.748282 -0.345973 -0.566018
vn 0.711380 -0.431653 -0.554629
vn 0.616900 -0.579825 -0.532201
vn 0.557306 -0.643751 -0.524400
vn 0.019379 -0.020158 -0.999609
vn 0.019354 -0.017336 -0.999662
vn 0.019354 -0.017336 -0.999662
vn 0.017981 -0.015243 -0.999722
vn 0.667714 -0.509170 -0.543051
vn 0.616900 -0.579825 -0.532201
vn 0.484105 -0.703049 -0.520927
vn 0.394777 -0.754340 -0.524521
vn 0.015572 -0.028885 -0.999461
vn 0.018453 -0.024436 -0.999531
vn 0.018453 -0.024436 -0.999531
vn 0.019379 -0.020158 -0.999609
vn 0.557306 -0.643751 -0.524400
vn 0.484105 -0.703049 -0.520927
vn 0.300717 -0.784369 -0.542526
vn 0.202836 -0.791894 -0.575987
vn 0.006014 -0.026707 -0.999625
vn 0.010339 -0.028465 -0.999541
vn 0.010339 -0.028465 -0.999541
vn 0.015572 -0.028885 -0.999461
vn 0.394777 -0.754340 -0.524521
vn 0.300717 -0.784369 -0.542526
vn 0.101298 -0.784774 -0.611448
vn 0.000000 -0.782753 -0.622332
vn 0.000000 -0.027680 -0.999617
vn 0.001241 -0.026862 -0.999638
vn 0.001241 -0.026862 -0.999638
vn 0.006014 -0.026707 -0.999625
vn 0.202836 -0.791894 -0.575987
vn 0.101298 -0.784774 -0.611448
vn 0.830354 -0.412140 0.375037
vn 0.782257 -0.496899 0.375720
vn 0.828649 -0.526156 0.191050
vn 0.884876 -0.432005 0.174261
vn 0.884876 -0.432005 0.174261
vn 0.828649 -0.526156 0.191050
vn 0.850155 -0.525335 -0.035487
vn 0.903401 -0.424908 -0.057615
vn 0.790272 -0.612462 -0.018975
vn 0.850155 -0.525335 -0.035487
vn 0.828649 -0.526156 0.191050
vn 0.773699 -0.603913 0.191519
vn 0.773699 -0.603913 0.191519
vn 0.828649 -0.526156 0.191050
vn 0.782257 -0.496899 0.375720
vn 0.745254 -0.563376 0.356657
vn -0.552217 -0.827682 -0.099998
vn -0.002212 -0.981170 -0.193133
vn 0.031021 -0.969705 -0.242301
vn -0.546422 -0.817056 -0.183964
vn 0.002875 -0.980894 -0.194523
vn 0.009711 -0.998872 -0.046479
vn 0.534989 -0.841772 0.072161
vn 0.552282 -0.827633 -0.100041
vn -0.055706 -0.971566 0.230124
vn 0.000000 -0.982382 0.186882
vn 0.000000 -0.758527 0.651642
vn 0.098589 -0.762196 0.639795
vn -0.036640 -0.975285 0.217890
vn -0.066490 -0.965850 0.250427
vn 0.207843 -0.779396 0.591052
vn 0.339895 -0.809231 0.479183
vn -0.007214 -0.994061 0.108586
vn -0.036640 -0.975285 0.217890
vn 0.339895 -0.809231 0.479183
vn 0.459403 -0.837385 0.296201
vn 0.009711 -0.998872 -0.046479
vn -0.007214 -0.994061 0.108586
vn 0.459403 -0.837385 0.296201
vn 0.534989 -0.841772 0.072161
vn -0.066490 -0.965850 0.250427
vn -0.055706 -0.971566 0.230124
vn 0.098589 -0.762196 0.639795
vn 0.207843 -0.779396 0.591052
vn 0.104969 -0.956401 0.272541
vn 0.209152 -0.940230 0.268744
vn 0.016573 -0.081875 -0.996505
vn 0.008110 -0.085420 -0.996312
vn 0.000000 -0.086499 -0.996252
vn 0.000000 -0.961799 0.273756
vn 0.104969 -0.956401 0.272541
vn 0.008110 -0.085420 -0.996312
vn 0.024450 -0.076344 -0.996782
vn 0.311377 -0.913379 0.262266
vn 0.410811 -0.875871 0.253148
vn 0.030753 -0.068912 -0.997149
vn 0.209152 -0.940230 0.268744
vn 0.311377 -0.913379 0.262266
vn 0.024450 -0.076344 -0.996782
vn 0.016573 -0.081875 -0.996505
vn 0.035323 -0.060352 -0.997552
vn 0.506389 -0.827824 0.241407
vn 0.597009 -0.769419 0.227102
vn 0.037860 -0.050900 -0.997986
vn 0.410811 -0.875871 0.253148
vn 0.506389 -0.827824 0.241407
vn 0.035323 -0.060352 -0.997552
vn 0.030753 -0.068912 -0.997149
vn 0.038525 -0.041364 -0.998401
vn 0.681297 -0.701127 0.210372
vn 0.758080 -0.623441 0.191406
vn 0.037169 -0.031965 -0.998798
vn 0.597009 -0.769419 0.227102
vn 0.681297 -0.701127 0.210372
vn 0.038525 -0.041364 -0.998401
vn 0.037860 -0.050900 -0.997986
vn 0.034209 -0.023409 -0.999141
vn 0.826119 -0.537092 0.170468
vn 0.884304 -0.442878 0.147873
vn 0.029655 -0.015921 -0.999433
vn 0.758080 -0.623441 0.191406
vn 0.826119 -0.537092 0.170468
vn 0.034209 -0.023409 -0.999141
vn 0.037169 -0.031965 -0.998798
vn 0.024043 -0.010269 -0.999658
vn 0.931449 -0.342074 0.124051
vn 0.966657 -0.235967 0.099465
vn 0.017414 -0.006855 -0.999825
vn 0.884304 -0.442878 0.147873
vn 0.931449 -0.342074 0.124051
vn 0.024043 -0.010269 -0.999658
vn 0.029655 -0.015921 -0.999433
vn 0.010895 -0.005726 -0.999924
vn 0.989071 -0.127038 0.074832
vn 0.998554 -0.017480 0.050844
vn 0.004517 -0.006564 -0.999968
vn 0.966657 -0.235967 0.099465
vn 0.989071 -0.127038 0.074832
vn 0.010895 -0.005726 -0.999924
vn 0.017414 -0.006855 -0.999825
vn -0.001218 -0.008417 -0.999964
vn 0.995382 0.091851 0.027885
vn 0.979694 0.200403 0.006210
vn -0.006275 -0.010289 -0.999927
vn 0.998554 -0.017480 0.050844
vn 0.995382 0.091851 0.027885
vn -0.001218 -0.008417 -0.999964
vn 0.004517 -0.006564 -0.999968
vn -0.010717 -0.012034 -0.999870
vn 0.951284 0.307995 -0.014095
vn 0.909398 0.414608 -0.033103
vn -0.014743 -0.013605 -0.999799
vn 0.979694 0.200403 0.006210
vn 0.951284 0.307995 -0.014095
vn -0.010717 -0.012034 -0.999870
vn -0.006275 -0.010289 -0.999927
vn -0.016543 -0.014257 -0.999762
vn 0.856598 0.513581 -0.049746
vn 0.797132 0.600493 -0.063153
vn -0.017981 -0.015243 -0.999722
vn 0.909398 0.414608 -0.033103
vn 0.856598 0.513581 -0.049746
vn -0.016543 -0.014257 -0.999762
vn -0.014743 -0.013605 -0.999799
vn -0.019354 -0.017336 -0.999662
vn 0.730150 0.679277 -0.073918
vn 0.653150 0.752696 -0.082726
vn -0.019379 -0.020158 -0.999609
vn 0.797132 0.600493 -0.063153
vn 0.730150 0.679277 -0.073918
vn -0.019354 -0.017336 -0.999662
vn -0.017981 -0.015243 -0.999722
vn -0.018453 -0.024436 -0.999531
vn 0.561322 0.822644 -0.090415
vn 0.449803 0.887770 -0.097684
vn -0.015572 -0.028885 -0.999461
vn 0.653150 0.752696 -0.082726
vn 0.561322 0.822644 -0.090415
vn -0.018453 -0.024436 -0.999531
vn -0.019379 -0.020158 -0.999609
vn -0.010339 -0.028465 -0.999541
vn 0.330469 0.938099 -0.103733
vn 0.216031 0.970399 -0.107963
vn -0.006014 -0.026707 -0.999625
vn 0.449803 0.887770 -0.097684
vn 0.330469 0.938099 -0.103733
vn -0.010339 -0.028465 -0.999541
vn -0.015572 -0.028885 -0.999461
vn -0.001241 -0.026862 -0.999638
vn 0.106271 0.988147 -0.110779
vn 0.000000 0.993719 -0.111906
vn 0.000000 -0.027680 -0.999617
vn 0.216031 0.970399 -0.107963
vn 0.106271 0.988147 -0.110779
vn -0.001241 -0.026862 -0.999638
vn -0.006014 -0.026707 -0.999625
vn 0.000000 -0.999965 -0.008316
vn 0.000000 0.479954 0.877294
vn -0.051145 0.477570 0.877104
vn 0.110808 -0.993795 -0.009671
vn -0.103981 0.470473 0.876267
vn 0.220831 -0.975215 -0.013766
vn 0.110808 -0.993795 -0.009671
vn -0.051145 0.477570 0.877104
vn 0.220831 -0.975215 -0.013766
vn -0.103981 0.470473 0.876267
vn -0.155109 0.457581 0.875535
vn 0.328216 -0.944378 -0.020613
vn 0.328216 -0.944378 -0.020613
vn -0.155109 0.457581 0.875535
vn -0.203078 0.438035 0.875720
vn 0.431935 -0.901397 -0.030260
vn 0.431935 -0.901397 -0.030260
vn -0.203078 0.438035 0.875720
vn -0.248093 0.411252 0.877110
vn 0.530682 -0.846495 -0.042685
vn -0.289068 0.378991 0.879094
vn 0.622794 -0.780245 -0.057843
vn 0.530682 -0.846495 -0.042685
vn -0.248093 0.411252 0.877110
vn 0.622794 -0.780245 -0.057843
vn -0.289068 0.378991 0.879094
vn -0.325894 0.341656 0.881512
vn 0.706711 -0.703452 -0.075594
vn -0.357038 0.301229 0.884186
vn 0.780828 -0.617364 -0.095758
vn 0.706711 -0.703452 -0.075594
vn -0.325894 0.341656 0.881512
vn 0.780828 -0.617364 -0.095758
vn -0.357038 0.301229 0.884186
vn -0.380280 0.257370 0.888340
vn 0.844118 -0.522980 -0.118141
vn -0.393838 0.203908 0.896277
vn 0.895405 -0.421876 -0.142374
vn 0.844118 -0.522980 -0.118141
vn -0.380280 0.257370 0.888340
vn 0.895405 -0.421876 -0.142374
vn -0.393838 0.203908 0.896277
vn -0.400412 0.146353 0.904572
vn 0.933905 -0.315581 -0.168019
vn -0.408631 0.095842 0.907654
vn 0.958934 -0.206233 -0.194714
vn 0.933905 -0.315581 -0.168019
vn -0.400412 0.146353 0.904572
vn -0.415526 0.051790 0.908106
vn 0.970235 -0.096853 -0.221955
vn 0.958934 -0.206233 -0.194714
vn -0.408631 0.095842 0.907654
vn 0.970235 -0.096853 -0.221955
vn -0.415526 0.051790 0.908106
vn -0.422517 0.013253 0.906258
vn 0.968456 0.008698 -0.249032
vn -0.427404 -0.029810 0.903569
vn 0.954746 0.110623 -0.276083
vn 0.968456 0.008698 -0.249032
vn -0.422517 0.013253 0.906258
vn 0.929646 0.209470 -0.303119
vn 0.954746 0.110623 -0.276083
vn -0.427404 -0.029810 0.903569
vn -0.424648 -0.081846 0.901651
vn -0.421538 -0.137285 0.896358
vn 0.892725 0.306578 -0.330231
vn 0.929646 0.209470 -0.303119
vn -0.424648 -0.081846 0.901651
vn 0.892725 0.306578 -0.330231
vn -0.421538 -0.137285 0.896358
vn -0.421769 -0.196166 0.885229
vn 0.842112 0.403563 -0.357748
vn 0.842112 0.403563 -0.357748
vn -0.421769 -0.196166 0.885229
vn -0.424408 -0.249524 0.870411
vn 0.782172 0.491229 -0.383276
vn -0.436401 -0.287925 0.852440
vn 0.722970 0.560075 -0.404512
vn 0.782172 0.491229 -0.383276
vn -0.424408 -0.249524 0.870411
vn -0.456225 -0.311130 0.833701
vn 0.662741 0.617845 -0.423133
vn 0.722970 0.560075 -0.404512
vn -0.436401 -0.287925 0.852440
vn 0.662741 0.617845 -0.423133
vn -0.456225 -0.311130 0.833701
vn -0.475305 -0.324662 0.817729
vn 0.595165 0.672111 -0.440505
vn 0.554892 0.700253 -0.449156
vn 0.595165 0.672111 -0.440505
vn -0.475305 -0.324662 0.817729
vn -0.691416 -0.470473 0.548269
vn -0.585264 -0.810399 -0.026827
vn -0.484152 -0.703043 -0.520891
vn -0.394789 -0.754338 -0.524515
vn -0.496406 -0.866440 -0.053498
vn -0.034029 -0.968922 -0.245014
vn 0.002875 -0.980894 -0.194523
vn 0.552282 -0.827633 -0.100041
vn 0.546559 -0.816943 -0.184058
vn 0.546559 -0.816943 -0.184058
vn -0.534989 -0.841772 0.072161
vn -0.009711 -0.998872 -0.046479
vn -0.002212 -0.981170 -0.193133
vn -0.552217 -0.827682 -0.099998
vn 0.000000 -0.758527 0.651642
vn 0.000000 -0.982382 0.186882
vn 0.055706 -0.971565 0.230125
vn -0.098589 -0.762196 0.639795
vn -0.207843 -0.779396 0.591052
vn 0.066490 -0.965849 0.250428
vn 0.036640 -0.975285 0.217890
vn -0.339895 -0.809231 0.479183
vn -0.339895 -0.809231 0.479183
vn 0.036640 -0.975285 0.217890
vn 0.007213 -0.994061 0.108586
vn -0.459403 -0.837385 0.296201
vn -0.459403 -0.837385 0.296201
vn 0.007213 -0.994061 0.108586
vn -0.009711 -0.998872 -0.046479
vn -0.534989 -0.841772 0.072161
vn -0.098589 -0.762196 0.639795
vn 0.055706 -0.971565 0.230125
vn 0.066490 -0.965849 0.250428
vn -0.207843 -0.779396 0.591052
vn -0.016573 -0.081875 -0.996505
vn -0.209152 -0.940230 0.268744
vn -0.104969 -0.956401 0.272541
vn -0.008110 -0.085420 -0.996312
vn -0.104969 -0.956401 0.272541
vn 0.000000 -0.961799 0.273756
vn 0.000000 -0.086499 -0.996252
vn -0.008110 -0.085420 -0.996312
vn -0.410810 -0.875872 0.253148
vn -0.311377 -0.913379 0.262266
vn -0.024450 -0.076344 -0.996782
vn -0.030753 -0.068912 -0.997149
vn -0.024450 -0.076344 -0.996782
vn -0.311377 -0.913379 0.262266
vn -0.209152 -0.940230 0.268744
vn -0.016573 -0.081875 -0.996505
vn -0.597009 -0.769419 0.227102
vn -0.506389 -0.827824 0.241407
vn -0.035323 -0.060352 -0.997552
vn -0.037860 -0.050900 -0.997986
vn -0.035323 -0.060352 -0.997552
vn -0.506389 -0.827824 0.241407
vn -0.410810 -0.875872 0.253148
vn -0.030753 -0.068912 -0.997149
vn -0.758080 -0.623441 0.191406
vn -0.681297 -0.701126 0.210372
vn -0.038525 -0.041364 -0.998401
vn -0.037169 -0.031966 -0.998798
vn -0.038525 -0.041364 -0.998401
vn -0.681297 -0.701126 0.210372
vn -0.597009 -0.769419 0.227102
vn -0.037860 -0.050900 -0.997986
vn -0.884304 -0.442877 0.147872
vn -0.826119 -0.537092 0.170468
vn -0.034209 -0.023409 -0.999141
vn -0.029655 -0.015921 -0.999433
vn -0.034209 -0.023409 -0.999141
vn -0.826119 -0.537092 0.170468
vn -0.758080 -0.623441 0.191406
vn -0.037169 -0.031966 -0.998798
vn -0.966657 -0.235967 0.099465
vn -0.931449 -0.342073 0.124050
vn -0.024043 -0.010269 -0.999658
vn -0.017414 -0.006855 -0.999825
vn -0.024043 -0.010269 -0.999658
vn -0.931449 -0.342073 0.124050
vn -0.884304 -0.442877 0.147872
vn -0.029655 -0.015921 -0.999433
vn -0.998554 -0.017480 0.050844
vn -0.989071 -0.127038 0.074833
vn -0.010895 -0.005726 -0.999924
vn -0.004517 -0.006563 -0.999968
vn -0.010895 -0.005726 -0.999924
vn -0.989071 -0.127038 0.074833
vn -0.966657 -0.235967 0.099465
vn -0.017414 -0.006855 -0.999825
vn -0.979694 0.200403 0.006210
vn -0.995382 0.091851 0.027885
vn 0.001218 -0.008417 -0.999964
vn 0.006275 -0.010289 -0.999927
vn 0.001218 -0.008417 -0.999964
vn -0.995382 0.091851 0.027885
vn -0.998554 -0.017480 0.050844
vn -0.004517 -0.006563 -0.999968
vn -0.909398 0.414608 -0.033103
vn -0.951284 0.307995 -0.014095
vn 0.010717 -0.012034 -0.999870
vn 0.014743 -0.013605 -0.999799
vn 0.010717 -0.012034 -0.999870
vn -0.951284 0.307995 -0.014095
vn -0.979694 0.200403 0.006210
vn 0.006275 -0.010289 -0.999927
vn -0.797132 0.600493 -0.063153
vn -0.856598 0.513581 -0.049746
vn 0.016543 -0.014257 -0.999762
vn 0.017981 -0.015243 -0.999722
vn 0.016543 -0.014257 -0.999762
vn -0.856598 0.513581 -0.049746
vn -0.909398 0.414608 -0.033103
vn 0.014743 -0.013605 -0.999799
vn -0.653151 0.752696 -0.082725
vn -0.730150 0.679277 -0.073918
vn 0.019354 -0.017336 -0.999662
vn 0.019379 -0.020158 -0.999609
vn 0.019354 -0.017336 -0.999662
vn -0.730150 0.679277 -0.073918
vn -0.797132 0.600493 -0.063153
vn 0.017981 -0.015243 -0.999722
vn -0.449803 0.887770 -0.097684
vn -0.561322 0.822644 -0.090415
vn 0.018453 -0.024436 -0.999531
vn 0.015572 -0.028885 -0.999461
vn 0.018453 -0.024436 -0.999531
vn -0.561322 0.822644 -0.090415
vn -0.653151 0.752696 -0.082725
vn 0.019379 -0.020158 -0.999609
vn -0.216031 0.970399 -0.107963
vn -0.330469 0.938099 -0.103733
vn 0.010339 -0.028465 -0.999541
vn 0.006014 -0.026707 -0.999625
vn 0.010339 -0.028465 -0.999541
vn -0.330469 0.938099 -0.103733
vn -0.449803 0.887770 -0.097684
vn 0.015572 -0.028885 -0.999461
vn 0.000000 0.993719 -0.111906
vn -0.106271 0.988147 -0.110779
vn 0.001241 -0.026862 -0.999638
vn 0.000000 -0.027680 -0.999617
vn 0.001241 -0.026862 -0.999638
vn -0.106271 0.988147 -0.110779
vn -0.216031 0.970399 -0.107963
vn 0.006014 -0.026707 -0.999625
vn 0.000000 0.479954 0.877294
vn 0.000000 -0.999965 -0.008316
vn -0.110808 -0.993795 -0.009671
vn 0.051145 0.477570 0.877104
vn -0.220831 -0.975215 -0.013766
vn 0.103981 0.470473 0.876267
vn 0.051145 0.477570 0.877104
vn -0.110808 -0.993795 -0.009671
vn 0.103981 0.470473 0.876267
vn -0.220831 -0.975215 -0.013766
vn -0.328216 -0.944378 -0.020614
vn 0.155109 0.457581 0.875535
vn 0.155109 0.457581 0.875535
vn -0.328216 -0.944378 -0.020614
vn -0.431935 -0.901397 -0.030260
vn 0.203078 0.438035 0.875720
vn 0.203078 0.438035 0.875720
vn -0.431935 -0.901397 -0.030260
vn -0.530682 -0.846495 -0.042685
vn 0.248093 0.411252 0.877110
vn -0.622794 -0.780245 -0.057843
vn 0.289068 0.378991 0.879094
vn 0.248093 0.411252 0.877110
vn -0.530682 -0.846495 -0.042685
vn 0.289068 0.378991 0.879094
vn -0.622794 -0.780245 -0.057843
vn -0.706711 -0.703452 -0.075594
vn 0.325894 0.341656 0.881512
vn -0.780828 -0.617364 -0.095758
vn 0.357038 0.301229 0.884186
vn 0.325894 0.341656 0.881512
vn -0.706711 -0.703452 -0.075594
vn 0.357038 0.301229 0.884186
vn -0.780828 -0.617364 -0.095758
vn -0.844118 -0.522980 -0.118141
vn 0.380280 0.257370 0.888340
vn -0.895405 -0.421876 -0.142375
vn 0.393838 0.203907 0.896278
vn 0.380280 0.257370 0.888340
vn -0.844118 -0.522980 -0.118141
vn 0.393838 0.203907 0.896278
vn -0.895405 -0.421876 -0.142375
vn -0.933905 -0.315581 -0.168019
vn 0.400412 0.146353 0.904572
vn -0.958934 -0.206233 -0.194714
vn 0.408631 0.095842 0.907654
vn 0.400412 0.146353 0.904572
vn -0.933905 -0.315581 -0.168019
vn -0.970235 -0.096853 -0.221955
vn 0.415526 0.051790 0.908106
vn 0.408631 0.095842 0.907654
vn -0.958934 -0.206233 -0.194714
vn 0.415526 0.051790 0.908106
vn -0.970235 -0.096853 -0.221955
vn -0.968456 0.008697 -0.249032
vn 0.422517 0.013253 0.906258
vn -0.954746 0.110623 -0.276083
vn 0.427404 -0.029810 0.903569
vn 0.422517 0.013253 0.906258
vn -0.968456 0.008697 -0.249032
vn 0.427404 -0.029810 0.903569
vn -0.954746 0.110623 -0.276083
vn -0.929646 0.209470 -0.303119
vn 0.424648 -0.081846 0.901651
vn -0.892725 0.306578 -0.330231
vn 0.421539 -0.137285 0.896358
vn 0.424648 -0.081846 0.901651
vn -0.929646 0.209470 -0.303119
vn 0.421539 -0.137285 0.896358
vn -0.892725 0.306578 -0.330231
vn -0.842112 0.403563 -0.357748
vn 0.421769 -0.196166 0.885229
vn 0.421769 -0.196166 0.885229
vn -0.842112 0.403563 -0.357748
vn -0.782172 0.491229 -0.383276
vn 0.424408 -0.249524 0.870411
vn -0.722970 0.560076 -0.404512
vn 0.436401 -0.287925 0.852440
vn 0.424408 -0.249524 0.870411
vn -0.782172 0.491229 -0.383276
vn -0.662741 0.617845 -0.423133
vn 0.457614 -0.310409 0.833208
vn 0.436401 -0.287925 0.852440
vn -0.722970 0.560076 -0.404512
vn 0.457614 -0.310409 0.833208
vn -0.662741 0.617845 -0.423133
vn -0.595166 0.672112 -0.440504
vn 0.476352 -0.325259 0.816882
vn 0.476352 -0.325259 0.816882
vn -0.595166 0.672112 -0.440504
vn -0.554892 0.700253 -0.449156
vn 0.691156 -0.472503 0.546849
vn 0.484105 -0.703049 -0.520927
vn 0.584966 -0.810604 -0.027129
vn 0.496288 -0.866504 -0.053569
vn 0.394777 -0.754340 -0.524521
vn -0.746882 -0.580806 0.323776
vn -0.706326 -0.660850 0.253735
vn -0.690347 -0.701045 0.178766
vn -0.761769 -0.603162 0.236440
vn 0.658937 -0.752077 -0.013480
vn 0.557306 -0.643751 -0.524400
vn 0.616900 -0.579825 -0.532201
vn 0.724794 -0.688862 -0.011982
vn 0.658937 -0.752077 -0.013480
vn 0.724794 -0.688862 -0.011982
vn 0.720882 -0.671667 0.170857
vn 0.677062 -0.723679 0.133700
vn 0.677062 -0.723679 0.133700
vn 0.720882 -0.671667 0.170857
vn 0.718917 -0.620158 0.313947
vn 0.706449 -0.661267 0.252302
vn 0.706449 -0.661267 0.252302
vn 0.718917 -0.620158 0.313947
vn 0.734598 -0.553337 0.392663
vn 0.747367 -0.581302 0.321762
vn 0.747367 -0.581302 0.321762
vn 0.734598 -0.553337 0.392663
vn 0.457614 -0.310409 0.833208
vn 0.476352 -0.325259 0.816882
vn 0.000149 -0.999903 -0.013948
vn 0.008449 -0.972199 -0.234002
vn 0.000000 -0.962392 -0.271666
vn 0.000149 -0.999903 -0.013948
vn 0.109690 -0.993937 -0.007544
vn 0.051162 -0.992438 -0.111574
vn 0.000149 -0.999903 -0.013948
vn 0.051162 -0.992438 -0.111574
vn 0.008449 -0.972199 -0.234002
vn 0.000149 -0.999903 -0.013948
vn 0.175731 -0.981915 0.070435
vn 0.165812 -0.984491 0.057314
vn 0.000149 -0.999903 -0.013948
vn 0.165812 -0.984491 0.057314
vn 0.109690 -0.993937 -0.007544
vn 0.000149 -0.999903 -0.013948
vn 0.000000 -0.998768 0.049621
vn 0.127751 -0.990134 0.057564
vn 0.000149 -0.999903 -0.013948
vn 0.127751 -0.990134 0.057564
vn 0.175731 -0.981915 0.070435
vn 0.000149 -0.999903 -0.013948
vn -0.007116 -0.972340 -0.233460
vn -0.051162 -0.992438 -0.111574
vn 0.002736 -0.962484 -0.271324
vn 0.002736 -0.962484 -0.271324
vn -0.007116 -0.972340 -0.233460
vn 0.000149 -0.999903 -0.013948
vn 0.000149 -0.999903 -0.013948
vn -0.109691 -0.993937 -0.007543
vn -0.165811 -0.984491 0.057313
vn 0.000149 -0.999903 -0.013948
vn -0.051162 -0.992438 -0.111574
vn -0.109691 -0.993937 -0.007543
vn 0.000149 -0.999903 -0.013948
vn -0.175731 -0.981915 0.070434
vn -0.127751 -0.990134 0.057564
vn 0.000149 -0.999903 -0.013948
vn -0.165811 -0.984491 0.057313
vn -0.175731 -0.981915 0.070434
vn 0.000149 -0.999903 -0.013948
vn -0.127751 -0.990134 0.057564
vn 0.000000 -0.998768 0.049621
vn 0.887228 0.452859 0.088005
vn 0.933206 0.322367 0.158764
vn 0.928300 0.338770 0.153276
vn 0.896556 0.432052 0.097558
vn 0.887228 0.452859 0.088005
vn 0.896556 0.432052 0.097558
vn 0.774606 0.630587 -0.048427
vn 0.776535 0.629203 -0.033120
vn 0.034107 0.849189 -0.526986
vn 0.025269 0.853207 -0.520961
vn 0.040536 0.856762 -0.514116
vn 0.056452 0.848278 -0.526533
vn 0.074529 0.720160 -0.689794
vn 0.111692 0.464565 -0.878467
vn 0.000000 0.453723 -0.891143
vn 0.000000 0.716418 -0.697672
vn 0.061959 0.877409 -0.475725
vn 0.046201 0.870938 -0.489215
vn 0.000000 0.880022 -0.474932
vn 0.067497 0.879534 -0.471024
vn 0.040536 0.856762 -0.514116
vn 0.066662 0.855385 -0.513686
vn 0.079205 0.849883 -0.520985
vn 0.056452 0.848278 -0.526533
vn 0.776535 0.629203 -0.033120
vn 0.774606 0.630587 -0.048427
vn 0.481465 0.821746 -0.304837
vn 0.541084 0.807473 -0.234980
vn 0.541084 0.807473 -0.234980
vn 0.481465 0.821746 -0.304837
vn 0.266506 0.869038 -0.416830
vn 0.277698 0.878408 -0.388952
vn 0.217249 0.794679 -0.566823
vn 0.232027 0.823172 -0.518219
vn 0.370352 0.709606 -0.599415
vn 0.360727 0.642538 -0.676034
vn 0.165459 0.746011 -0.645051
vn 0.274999 0.529871 -0.802255
vn 0.207429 0.491637 -0.845734
vn 0.126748 0.730058 -0.671529
vn 0.217249 0.794679 -0.566823
vn 0.360727 0.642538 -0.676034
vn 0.324434 0.580976 -0.746465
vn 0.197453 0.767417 -0.609987
vn 0.126748 0.730058 -0.671529
vn 0.207429 0.491637 -0.845734
vn 0.111692 0.464565 -0.878467
vn 0.074529 0.720160 -0.689794
vn 0.100994 0.853615 -0.511020
vn 0.197453 0.767417 -0.609987
vn 0.165459 0.746011 -0.645051
vn 0.079205 0.849883 -0.520985
vn 0.887228 0.452859 0.088005
vn 0.897158 0.429543 0.102957
vn 0.939434 0.299654 0.166345
vn 0.933206 0.322367 0.158764
vn 0.808196 0.588830 -0.009919
vn 0.776535 0.629203 -0.033120
vn 0.541084 0.807473 -0.234980
vn 0.573100 0.793797 -0.203573
vn 0.808196 0.588830 -0.009919
vn 0.897158 0.429543 0.102957
vn 0.887228 0.452859 0.088005
vn 0.776535 0.629203 -0.033120
vn 0.000976 0.883798 -0.467867
vn 0.000000 0.881981 -0.471284
vn 0.079107 0.880791 -0.466851
vn 0.081985 0.880379 -0.467132
vn 0.205531 0.877697 -0.432904
vn 0.227239 0.883099 -0.410486
vn 0.288698 0.879955 -0.377271
vn 0.253265 0.881661 -0.398158
vn 0.808196 0.588830 -0.009919
vn 0.573100 0.793797 -0.203573
vn 0.586838 0.786679 -0.191724
vn 0.777069 0.628335 -0.036871
vn 0.000000 0.880973 -0.473166
vn 0.002219 0.880352 -0.474315
vn 0.069201 0.881163 -0.467721
vn 0.067802 0.879493 -0.471057
vn 0.227239 0.883099 -0.410486
vn 0.205531 0.877697 -0.432904
vn 0.152870 0.872488 -0.464106
vn 0.162120 0.880325 -0.445808
vn 0.000000 0.880022 -0.474932
vn 0.000000 0.880973 -0.473166
vn 0.067802 0.879493 -0.471057
vn 0.067497 0.879534 -0.471024
vn 0.121118 0.858892 -0.497630
vn 0.104223 0.862217 -0.495700
vn 0.109449 0.872008 -0.477099
vn 0.141405 0.866525 -0.478684
vn 0.025937 0.866833 -0.497923
vn 0.000000 0.866079 -0.499908
vn 0.000000 0.880022 -0.474932
vn 0.046201 0.870938 -0.489215
vn 0.384678 0.903129 -0.190735
vn 0.352698 0.915677 -0.192715
vn 0.433989 0.885852 -0.164073
vn 0.423918 0.885341 -0.190959
vn 0.258386 0.948747 -0.181977
vn 0.243041 0.947629 -0.207195
vn 0.352698 0.915677 -0.192715
vn 0.384678 0.903129 -0.190735
vn 0.000000 0.943356 -0.331782
vn 0.015289 0.941323 -0.337162
vn 0.079107 0.880791 -0.466851
vn 0.000000 0.881981 -0.471284
vn 0.079107 0.880791 -0.466851
vn 0.015289 0.941323 -0.337162
vn 0.052052 0.936101 -0.347857
vn 0.162120 0.880325 -0.445808
vn 0.227239 0.883099 -0.410486
vn 0.294312 0.874665 -0.385151
vn 0.337398 0.877225 -0.341525
vn 0.288698 0.879955 -0.377271
vn 0.117427 0.971682 -0.205048
vn 0.032686 0.941912 -0.334266
vn 0.000000 0.930638 -0.365940
vn 0.000000 0.974801 -0.223075
vn 0.258386 0.948747 -0.181977
vn 0.093449 0.946694 -0.308282
vn 0.032686 0.941912 -0.334266
vn 0.117427 0.971682 -0.205048
vn 0.000000 0.974801 -0.223075
vn 0.000000 0.970798 -0.239897
vn 0.120158 0.966529 -0.226681
vn 0.117427 0.971682 -0.205048
vn 0.120158 0.966529 -0.226681
vn 0.243041 0.947629 -0.207195
vn 0.258386 0.948747 -0.181977
vn 0.117427 0.971682 -0.205048
vn 0.131557 0.941283 -0.310934
vn 0.093449 0.946694 -0.308282
vn 0.258386 0.948747 -0.181977
vn 0.384678 0.903129 -0.190735
vn 0.384678 0.903129 -0.190735
vn 0.370621 0.882551 -0.289386
vn 0.124877 0.936383 -0.328012
vn 0.131557 0.941283 -0.310934
vn 0.370621 0.882551 -0.289386
vn 0.384678 0.903129 -0.190735
vn 0.423918 0.885341 -0.190959
vn 0.386156 0.882202 -0.269450
vn 0.597443 0.789592 -0.140025
vn 0.602205 0.792245 -0.098473
vn 0.555108 0.827161 -0.087516
vn 0.741768 0.669680 -0.036177
vn 0.294312 0.874665 -0.385151
vn 0.085124 0.932787 -0.350233
vn 0.124877 0.936383 -0.328012
vn 0.370621 0.882551 -0.289386
vn 0.294312 0.874665 -0.385151
vn 0.370621 0.882551 -0.289386
vn 0.386156 0.882202 -0.269450
vn 0.337398 0.877225 -0.341525
vn 0.750767 0.658888 -0.047077
vn 0.589237 0.789320 -0.172552
vn 0.597443 0.789592 -0.140025
vn 0.741768 0.669680 -0.036177
vn 0.124877 0.936383 -0.328012
vn 0.085124 0.932787 -0.350233
vn -0.194787 0.944706 -0.263795
vn -0.212992 0.914436 -0.344152
vn 0.052052 0.936101 -0.347857
vn 0.015289 0.941323 -0.337162
vn -0.077837 0.986314 -0.145350
vn -0.146212 0.970386 -0.192283
vn 0.085124 0.932787 -0.350233
vn 0.052052 0.936101 -0.347857
vn -0.146212 0.970386 -0.192283
vn -0.194787 0.944706 -0.263795
vn 0.015289 0.941323 -0.337162
vn 0.000000 0.943356 -0.331782
vn 0.000000 0.991616 -0.129216
vn -0.077837 0.986314 -0.145350
vn 0.000000 0.849898 -0.526947
vn 0.034107 0.849189 -0.526986
vn 0.074529 0.720160 -0.689794
vn 0.000000 0.716418 -0.697672
vn 0.345255 0.775668 -0.528335
vn 0.370352 0.709606 -0.599415
vn 0.232027 0.823172 -0.518219
vn 0.218263 0.849542 -0.480249
vn 0.217249 0.794679 -0.566823
vn 0.121118 0.858892 -0.497630
vn 0.141405 0.866525 -0.478684
vn 0.232027 0.823172 -0.518219
vn 0.056452 0.848278 -0.526533
vn 0.079205 0.849883 -0.520985
vn 0.165459 0.746011 -0.645051
vn 0.126748 0.730058 -0.671529
vn 0.197453 0.767417 -0.609987
vn 0.100994 0.853615 -0.511020
vn 0.121118 0.858892 -0.497630
vn 0.217249 0.794679 -0.566823
vn 0.034107 0.849189 -0.526986
vn 0.056452 0.848278 -0.526533
vn 0.126748 0.730058 -0.671529
vn 0.074529 0.720160 -0.689794
vn 0.197453 0.767417 -0.609987
vn 0.324434 0.580976 -0.746465
vn 0.274999 0.529871 -0.802255
vn 0.165459 0.746011 -0.645051
vn 0.302182 0.880863 -0.364372
vn 0.277698 0.878408 -0.388952
vn 0.208258 0.883648 -0.419278
vn 0.253265 0.881661 -0.398158
vn 0.338549 0.877786 -0.338935
vn 0.302182 0.880863 -0.364372
vn 0.253265 0.881661 -0.398158
vn 0.288698 0.879955 -0.377271
vn 0.423918 0.885341 -0.190959
vn 0.433989 0.885852 -0.164073
vn 0.473878 0.870323 -0.134081
vn 0.460485 0.872064 -0.165707
vn 0.381246 0.873829 -0.301785
vn 0.338549 0.877786 -0.338935
vn 0.288698 0.879955 -0.377271
vn 0.337398 0.877225 -0.341525
vn 0.460485 0.872064 -0.165707
vn 0.419552 0.874132 -0.244683
vn 0.386156 0.882202 -0.269450
vn 0.423918 0.885341 -0.190959
vn 0.419552 0.874132 -0.244683
vn 0.381246 0.873829 -0.301785
vn 0.337398 0.877225 -0.341525
vn 0.386156 0.882202 -0.269450
vn 0.081985 0.880379 -0.467132
vn 0.079107 0.880791 -0.466851
vn 0.162120 0.880325 -0.445808
vn 0.152870 0.872488 -0.464106
vn 0.162120 0.880325 -0.445808
vn 0.052052 0.936101 -0.347857
vn 0.085124 0.932787 -0.350233
vn 0.294312 0.874665 -0.385151
vn 0.777069 0.628335 -0.036871
vn 0.586838 0.786679 -0.191724
vn 0.589237 0.789320 -0.172552
vn 0.750767 0.658888 -0.047077
vn 0.025269 0.853207 -0.520961
vn 0.000000 0.855818 -0.517277
vn 0.000000 0.866079 -0.499908
vn 0.025937 0.866833 -0.497923
vn 0.040536 0.856762 -0.514116
vn 0.066662 0.855385 -0.513686
vn 0.040536 0.856762 -0.514116
vn 0.025937 0.866833 -0.497923
vn 0.046201 0.870938 -0.489215
vn 0.075698 0.861272 -0.502475
vn 0.104223 0.862217 -0.495700
vn 0.075698 0.861272 -0.502475
vn 0.046201 0.870938 -0.489215
vn 0.061959 0.877409 -0.475725
vn 0.109449 0.872008 -0.477099
vn 0.000000 0.849898 -0.526947
vn 0.000000 0.855818 -0.517277
vn 0.025269 0.853207 -0.520961
vn 0.034107 0.849189 -0.526986
vn 0.075698 0.861272 -0.502475
vn 0.100994 0.853615 -0.511020
vn 0.079205 0.849883 -0.520985
vn 0.066662 0.855385 -0.513686
vn 0.121118 0.858892 -0.497630
vn 0.100994 0.853615 -0.511020
vn 0.075698 0.861272 -0.502475
vn 0.104223 0.862217 -0.495700
vn -0.886993 0.453310 0.088058
vn -0.896556 0.432052 0.097558
vn -0.928300 0.338770 0.153276
vn -0.932852 0.323299 0.158950
vn -0.776256 0.629528 -0.033482
vn -0.774606 0.630587 -0.048427
vn -0.896556 0.432052 0.097558
vn -0.886993 0.453310 0.088058
vn 0.002219 0.880352 -0.474315
vn -0.067193 0.879025 -0.472018
vn -0.072011 0.880126 -0.469247
vn 0.005966 0.880058 -0.474829
vn -0.034107 0.849189 -0.526986
vn -0.056452 0.848278 -0.526533
vn -0.040536 0.856762 -0.514116
vn -0.025269 0.853207 -0.520961
vn 0.000000 0.716418 -0.697672
vn 0.000000 0.453723 -0.891143
vn -0.111692 0.464565 -0.878467
vn -0.074529 0.720160 -0.689794
vn 0.000000 0.880022 -0.474932
vn -0.046201 0.870938 -0.489215
vn -0.059067 0.876797 -0.477220
vn -0.061723 0.880041 -0.470870
vn -0.079205 0.849883 -0.520985
vn -0.066662 0.855385 -0.513686
vn -0.040536 0.856762 -0.514116
vn -0.056452 0.848278 -0.526533
vn -0.776256 0.629528 -0.033482
vn -0.541084 0.807473 -0.234980
vn -0.481465 0.821746 -0.304837
vn -0.774606 0.630587 -0.048427
vn -0.541084 0.807473 -0.234980
vn -0.277698 0.878408 -0.388952
vn -0.269603 0.869139 -0.414623
vn -0.481465 0.821746 -0.304837
vn -0.205799 0.869894 -0.448253
vn -0.280121 0.851143 -0.443946
vn -0.269603 0.869139 -0.414623
vn -0.209129 0.876479 -0.433647
vn -0.140701 0.863400 -0.484504
vn -0.226892 0.822464 -0.521607
vn -0.214041 0.848774 -0.483497
vn -0.153662 0.866784 -0.474419
vn -0.217249 0.794679 -0.566824
vn -0.360727 0.642538 -0.676034
vn -0.368119 0.707368 -0.603423
vn -0.226892 0.822464 -0.521607
vn -0.153662 0.866784 -0.474419
vn -0.214041 0.848774 -0.483497
vn -0.208324 0.860650 -0.464632
vn -0.156380 0.873379 -0.461253
vn -0.126748 0.730058 -0.671529
vn -0.207429 0.491637 -0.845734
vn -0.274999 0.529871 -0.802255
vn -0.165460 0.746011 -0.645051
vn -0.217249 0.794679 -0.566824
vn -0.197453 0.767417 -0.609987
vn -0.324433 0.580976 -0.746465
vn -0.360727 0.642538 -0.676034
vn -0.074529 0.720160 -0.689794
vn -0.111692 0.464565 -0.878467
vn -0.207429 0.491637 -0.845734
vn -0.126748 0.730058 -0.671529
vn -0.165460 0.746011 -0.645051
vn -0.197453 0.767417 -0.609987
vn -0.100994 0.853615 -0.511020
vn -0.079205 0.849883 -0.520985
vn -0.895981 0.432480 0.100894
vn -0.938740 0.302128 0.165789
vn -0.940123 0.298114 0.165215
vn -0.868862 0.493232 0.042441
vn -0.177685 0.880285 -0.439917
vn -0.225758 0.880913 -0.415963
vn -0.252532 0.882908 -0.395856
vn -0.201033 0.883134 -0.423864
vn -0.808020 0.589070 -0.010013
vn -0.573101 0.793797 -0.203573
vn -0.541084 0.807473 -0.234980
vn -0.776256 0.629528 -0.033482
vn -0.868862 0.493232 0.042441
vn -0.777032 0.628382 -0.036846
vn -0.808020 0.589070 -0.010013
vn -0.895981 0.432480 0.100894
vn 0.000976 0.883798 -0.467867
vn -0.076844 0.883485 -0.462114
vn -0.079107 0.880791 -0.466851
vn 0.000000 0.881981 -0.471284
vn -0.201033 0.883134 -0.423864
vn -0.252532 0.882908 -0.395856
vn -0.288698 0.879955 -0.377271
vn -0.227239 0.883099 -0.410486
vn -0.808020 0.589070 -0.010013
vn -0.777032 0.628382 -0.036846
vn -0.586838 0.786678 -0.191724
vn -0.573101 0.793797 -0.203573
vn -0.155217 0.876350 -0.455981
vn -0.117484 0.878542 -0.462992
vn -0.114760 0.877609 -0.465438
vn -0.156380 0.873379 -0.461253
vn -0.201033 0.883134 -0.423864
vn -0.146128 0.882870 -0.446304
vn -0.133029 0.879445 -0.457033
vn -0.177685 0.880285 -0.439917
vn 0.000000 0.880973 -0.473166
vn -0.063521 0.880213 -0.470308
vn -0.067193 0.879025 -0.472018
vn 0.002219 0.880352 -0.474315
vn -0.208324 0.860650 -0.464632
vn -0.305008 0.823354 -0.478600
vn -0.280121 0.851143 -0.443946
vn -0.205799 0.869894 -0.448253
vn -0.067193 0.879025 -0.472018
vn -0.122923 0.877912 -0.462775
vn -0.133029 0.879445 -0.457033
vn -0.072011 0.880126 -0.469247
vn -0.227239 0.883099 -0.410486
vn -0.162120 0.880325 -0.445808
vn -0.146128 0.882870 -0.446304
vn -0.201033 0.883134 -0.423864
vn -0.063521 0.880213 -0.470308
vn 0.000000 0.880973 -0.473166
vn 0.000000 0.880022 -0.474932
vn -0.061723 0.880041 -0.470870
vn -0.076844 0.883485 -0.462114
vn 0.000976 0.883798 -0.467867
vn 0.005966 0.880058 -0.474829
vn -0.072011 0.880126 -0.469247
vn -0.063521 0.880213 -0.470308
vn -0.117484 0.878542 -0.462992
vn -0.122923 0.877912 -0.462775
vn -0.067193 0.879025 -0.472018
vn -0.121118 0.858892 -0.497630
vn -0.140701 0.863400 -0.484504
vn -0.103585 0.867889 -0.485839
vn -0.104223 0.862217 -0.495700
vn -0.025937 0.866833 -0.497923
vn -0.046201 0.870938 -0.489215
vn 0.000000 0.880022 -0.474932
vn 0.000000 0.866079 -0.499908
vn -0.123162 0.871781 -0.474162
vn -0.114760 0.877609 -0.465438
vn -0.061723 0.880041 -0.470870
vn -0.059067 0.876797 -0.477220
vn -0.103585 0.867889 -0.485839
vn -0.423918 0.885341 -0.190959
vn -0.433989 0.885852 -0.164073
vn -0.352698 0.915677 -0.192715
vn -0.384678 0.903129 -0.190735
vn -0.384678 0.903129 -0.190735
vn -0.352698 0.915677 -0.192715
vn -0.243041 0.947629 -0.207195
vn -0.258386 0.948747 -0.181977
vn -0.079107 0.880791 -0.466851
vn -0.015289 0.941323 -0.337162
vn 0.000000 0.943356 -0.331782
vn 0.000000 0.881981 -0.471284
vn -0.162120 0.880325 -0.445808
vn -0.052052 0.936101 -0.347857
vn -0.015289 0.941323 -0.337162
vn -0.079107 0.880791 -0.466851
vn -0.227239 0.883099 -0.410486
vn -0.288698 0.879955 -0.377271
vn -0.337398 0.877225 -0.341525
vn -0.294312 0.874665 -0.385151
vn 0.000000 0.974801 -0.223075
vn 0.000000 0.930638 -0.365940
vn -0.032686 0.941912 -0.334266
vn -0.117427 0.971682 -0.205048
vn -0.117427 0.971682 -0.205048
vn -0.032686 0.941912 -0.334266
vn -0.093449 0.946694 -0.308282
vn -0.258386 0.948747 -0.181977
vn 0.000000 0.974801 -0.223075
vn -0.117427 0.971682 -0.205048
vn -0.120158 0.966529 -0.226681
vn 0.000000 0.970798 -0.239897
vn -0.117427 0.971682 -0.205048
vn -0.258386 0.948747 -0.181977
vn -0.243041 0.947629 -0.207195
vn -0.120158 0.966529 -0.226681
vn -0.258386 0.948747 -0.181977
vn -0.093449 0.946694 -0.308282
vn -0.131557 0.941283 -0.310934
vn -0.384678 0.903129 -0.190735
vn -0.384678 0.903129 -0.190735
vn -0.131557 0.941283 -0.310934
vn -0.124877 0.936383 -0.328012
vn -0.370621 0.882551 -0.289386
vn -0.370621 0.882551 -0.289386
vn -0.386156 0.882202 -0.269450
vn -0.423918 0.885341 -0.190959
vn -0.384678 0.903129 -0.190735
vn -0.555108 0.827162 -0.087517
vn -0.602205 0.792245 -0.098473
vn -0.597443 0.789592 -0.140025
vn -0.741768 0.669680 -0.036177
vn -0.294312 0.874665 -0.385151
vn -0.370621 0.882551 -0.289386
vn -0.124877 0.936383 -0.328012
vn -0.085124 0.932786 -0.350233
vn -0.294312 0.874665 -0.385151
vn -0.337398 0.877225 -0.341525
vn -0.386156 0.882202 -0.269450
vn -0.370621 0.882551 -0.289386
vn -0.750767 0.658888 -0.047077
vn -0.741768 0.669680 -0.036177
vn -0.597443 0.789592 -0.140025
vn -0.589237 0.789320 -0.172552
vn -0.085124 0.932786 -0.350233
vn -0.124877 0.936383 -0.328012
vn 0.212992 0.914436 -0.344152
vn 0.194786 0.944706 -0.263796
vn -0.015289 0.941323 -0.337162
vn -0.052052 0.936101 -0.347857
vn 0.146212 0.970386 -0.192283
vn 0.077837 0.986314 -0.145350
vn -0.052052 0.936101 -0.347857
vn -0.085124 0.932786 -0.350233
vn 0.194786 0.944706 -0.263796
vn 0.146212 0.970386 -0.192283
vn 0.000000 0.943356 -0.331782
vn -0.015289 0.941323 -0.337162
vn 0.077837 0.986314 -0.145350
vn 0.000000 0.991616 -0.129216
vn -0.074529 0.720160 -0.689794
vn -0.034107 0.849189 -0.526986
vn 0.000000 0.849898 -0.526947
vn 0.000000 0.716418 -0.697672
vn -0.209129 0.876479 -0.433647
vn -0.161350 0.877770 -0.451094
vn -0.155217 0.876350 -0.455981
vn -0.205799 0.869894 -0.448253
vn -0.226892 0.822464 -0.521607
vn -0.368119 0.707368 -0.603423
vn -0.345747 0.774757 -0.529350
vn -0.214041 0.848774 -0.483497
vn -0.217249 0.794679 -0.566824
vn -0.226892 0.822464 -0.521607
vn -0.140701 0.863400 -0.484504
vn -0.121118 0.858892 -0.497630
vn -0.214041 0.848774 -0.483497
vn -0.345747 0.774757 -0.529350
vn -0.305008 0.823354 -0.478600
vn -0.208324 0.860650 -0.464632
vn -0.165460 0.746011 -0.645051
vn -0.079205 0.849883 -0.520985
vn -0.056452 0.848278 -0.526533
vn -0.126748 0.730058 -0.671529
vn -0.197453 0.767417 -0.609987
vn -0.217249 0.794679 -0.566824
vn -0.121118 0.858892 -0.497630
vn -0.100994 0.853615 -0.511020
vn -0.126748 0.730058 -0.671529
vn -0.056452 0.848278 -0.526533
vn -0.034107 0.849189 -0.526986
vn -0.074529 0.720160 -0.689794
vn -0.197453 0.767417 -0.609987
vn -0.165460 0.746011 -0.645051
vn -0.274999 0.529871 -0.802255
vn -0.324433 0.580976 -0.746465
vn -0.205799 0.869894 -0.448253
vn -0.155217 0.876350 -0.455981
vn -0.156380 0.873379 -0.461253
vn -0.208324 0.860650 -0.464632
vn -0.225758 0.880913 -0.415963
vn -0.277698 0.878408 -0.388952
vn -0.302182 0.880863 -0.364372
vn -0.252532 0.882908 -0.395856
vn -0.252532 0.882908 -0.395856
vn -0.302182 0.880863 -0.364372
vn -0.338549 0.877786 -0.338935
vn -0.288698 0.879955 -0.377271
vn -0.423918 0.885341 -0.190959
vn -0.460485 0.872064 -0.165707
vn -0.473878 0.870323 -0.134081
vn -0.433989 0.885852 -0.164073
vn -0.288698 0.879955 -0.377271
vn -0.338549 0.877786 -0.338935
vn -0.381246 0.873829 -0.301785
vn -0.337398 0.877225 -0.341525
vn -0.386156 0.882202 -0.269450
vn -0.419551 0.874132 -0.244683
vn -0.460485 0.872064 -0.165707
vn -0.423918 0.885341 -0.190959
vn -0.337398 0.877225 -0.341525
vn -0.381246 0.873829 -0.301785
vn -0.419551 0.874132 -0.244683
vn -0.386156 0.882202 -0.269450
vn -0.225758 0.880913 -0.415963
vn -0.177685 0.880285 -0.439917
vn -0.161350 0.877770 -0.451094
vn -0.209129 0.876479 -0.433647
vn -0.117484 0.878542 -0.462992
vn -0.063521 0.880213 -0.470308
vn -0.061723 0.880041 -0.470870
vn -0.114760 0.877609 -0.465438
vn -0.146128 0.882870 -0.446304
vn -0.076844 0.883485 -0.462114
vn -0.072011 0.880126 -0.469247
vn -0.133029 0.879445 -0.457033
vn -0.122923 0.877912 -0.462775
vn -0.161350 0.877770 -0.451094
vn -0.177685 0.880285 -0.439917
vn -0.133029 0.879445 -0.457033
vn -0.162120 0.880325 -0.445808
vn -0.079107 0.880791 -0.466851
vn -0.076844 0.883485 -0.462114
vn -0.146128 0.882870 -0.446304
vn -0.117484 0.878542 -0.462992
vn -0.155217 0.876350 -0.455981
vn -0.161350 0.877770 -0.451094
vn -0.122923 0.877912 -0.462775
vn -0.294312 0.874665 -0.385151
vn -0.085124 0.932786 -0.350233
vn -0.052052 0.936101 -0.347857
vn -0.162120 0.880325 -0.445808
vn -0.777032 0.628382 -0.036846
vn -0.750767 0.658888 -0.047077
vn -0.589237 0.789320 -0.172552
vn -0.586838 0.786678 -0.191724
vn -0.025269 0.853207 -0.520961
vn -0.040536 0.856762 -0.514116
vn -0.025937 0.866833 -0.497923
vn 0.000000 0.866079 -0.499908
vn 0.000000 0.855818 -0.517277
vn -0.066662 0.855385 -0.513686
vn -0.075698 0.861272 -0.502475
vn -0.046201 0.870938 -0.489215
vn -0.025937 0.866833 -0.497923
vn -0.040536 0.856762 -0.514116
vn -0.104223 0.862217 -0.495700
vn -0.103585 0.867889 -0.485839
vn -0.059067 0.876797 -0.477220
vn -0.046201 0.870938 -0.489215
vn -0.075698 0.861272 -0.502475
vn -0.123162 0.871781 -0.474162
vn -0.153662 0.866784 -0.474419
vn -0.156380 0.873379 -0.461253
vn -0.114760 0.877609 -0.465438
vn -0.025269 0.853207 -0.520961
vn 0.000000 0.855818 -0.517277
vn 0.000000 0.849898 -0.526947
vn -0.034107 0.849189 -0.526986
vn -0.079205 0.849883 -0.520985
vn -0.100994 0.853615 -0.511020
vn -0.075698 0.861272 -0.502475
vn -0.066662 0.855385 -0.513686
vn -0.121118 0.858892 -0.497630
vn -0.104223 0.862217 -0.495700
vn -0.075698 0.861272 -0.502475
vn -0.100994 0.853615 -0.511020
vn -0.153662 0.866784 -0.474419
vn -0.123162 0.871781 -0.474162
vn -0.103585 0.867889 -0.485839
vn -0.140701 0.863400 -0.484504
vn -0.198287 0.886384 -0.418338
vn 0.131557 0.941283 -0.310934
vn 0.124877 0.936383 -0.328012
vn -0.212992 0.914436 -0.344152
vn -0.152012 0.862769 -0.482206
vn -0.075032 0.845340 -0.528933
vn 0.032686 0.941912 -0.334266
vn 0.093449 0.946694 -0.308282
vn -0.198287 0.886384 -0.418338
vn -0.152012 0.862769 -0.482206
vn 0.093449 0.946694 -0.308282
vn 0.131557 0.941283 -0.310934
vn -0.075032 0.845340 -0.528933
vn 0.000000 0.838193 -0.545373
vn 0.000000 0.930638 -0.365940
vn 0.032686 0.941912 -0.334266
vn 0.212992 0.914436 -0.344152
vn -0.124877 0.936383 -0.328012
vn -0.131557 0.941283 -0.310934
vn 0.198287 0.886384 -0.418338
vn 0.075032 0.845341 -0.528933
vn 0.152012 0.862769 -0.482204
vn -0.093449 0.946694 -0.308282
vn -0.032686 0.941912 -0.334266
vn 0.152012 0.862769 -0.482204
vn 0.198287 0.886384 -0.418338
vn -0.131557 0.941283 -0.310934
vn -0.093449 0.946694 -0.308282
vn 0.000000 0.838193 -0.545373
vn 0.075032 0.845341 -0.528933
vn -0.032686 0.941912 -0.334266
vn 0.000000 0.930638 -0.365940
vn -0.231331 0.938130 0.257677
vn 0.000000 0.954279 0.298919
vn 0.000000 0.954279 0.298919
vn -0.234833 0.937616 0.256377
vn 0.000000 0.954279 0.298919
vn 0.231332 0.938130 0.257677
vn 0.234833 0.937616 0.256377
vn 0.000000 0.954279 0.298919
vn 0.231332 0.938130 0.257677
vn 0.433675 0.890594 0.136995
vn 0.437787 0.889140 0.133316
vn 0.234833 0.937616 0.256377
vn 0.433675 0.890594 0.136995
vn 0.574558 0.816918 -0.050274
vn 0.576315 0.815439 -0.054040
vn 0.437787 0.889140 0.133316
vn 0.574558 0.816918 -0.050274
vn 0.626354 0.730040 -0.273354
vn 0.626365 0.729592 -0.274521
vn 0.576315 0.815439 -0.054040
vn 0.626354 0.730040 -0.273354
vn 0.581901 0.647959 -0.491468
vn 0.582810 0.648717 -0.489387
vn 0.626365 0.729592 -0.274521
vn 0.581901 0.647959 -0.491468
vn 0.445123 0.580876 -0.681505
vn 0.447486 0.581667 -0.679279
vn 0.582810 0.648717 -0.489387
vn 0.445123 0.580876 -0.681505
vn 0.222051 0.531860 -0.817202
vn 0.219310 0.531454 -0.818205
vn 0.447486 0.581667 -0.679279
vn 0.000000 0.508339 -0.861157
vn 0.000000 0.508339 -0.861157
vn 0.219310 0.531454 -0.818205
vn 0.222051 0.531860 -0.817202
vn 0.000000 0.508339 -0.861157
vn -0.222051 0.531860 -0.817202
vn -0.219309 0.531454 -0.818205
vn 0.000000 0.508339 -0.861157
vn -0.222051 0.531860 -0.817202
vn -0.445122 0.580876 -0.681505
vn -0.447486 0.581668 -0.679278
vn -0.219309 0.531454 -0.818205
vn -0.581901 0.647959 -0.491468
vn -0.582810 0.648717 -0.489386
vn -0.447486 0.581668 -0.679278
vn -0.445122 0.580876 -0.681505
vn -0.581901 0.647959 -0.491468
vn -0.626355 0.730039 -0.273354
vn -0.626365 0.729592 -0.274521
vn -0.582810 0.648717 -0.489386
vn -0.626355 0.730039 -0.273354
vn -0.574558 0.816918 -0.050274
vn -0.576315 0.815439 -0.054040
vn -0.626365 0.729592 -0.274521
vn -0.574558 0.816918 -0.050274
vn -0.433675 0.890594 0.136995
vn -0.437787 0.889140 0.133316
vn -0.576315 0.815439 -0.054040
vn -0.433675 0.890594 0.136995
vn -0.231331 0.938130 0.257677
vn -0.234833 0.937616 0.256377
vn -0.437787 0.889140 0.133316
vn 0.116735 0.352963 -0.928326
vn 0.000000 0.340685 -0.940178
vn 0.000000 0.453723 -0.891143
vn 0.111692 0.464565 -0.878467
vn 0.481465 0.821746 -0.304837
vn 0.322109 0.832862 -0.450096
vn 0.273781 0.851891 -0.446459
vn 0.266506 0.869038 -0.416830
vn 0.429342 0.639049 -0.638187
vn 0.414085 0.561393 -0.716499
vn 0.360727 0.642538 -0.676034
vn 0.370352 0.709606 -0.599415
vn 0.274999 0.529871 -0.802255
vn 0.309415 0.426843 -0.849746
vn 0.228024 0.384757 -0.894409
vn 0.207429 0.491637 -0.845734
vn 0.360727 0.642538 -0.676034
vn 0.414085 0.561393 -0.716499
vn 0.367523 0.490068 -0.790418
vn 0.324434 0.580976 -0.746465
vn 0.228024 0.384757 -0.894409
vn 0.116735 0.352963 -0.928326
vn 0.111692 0.464565 -0.878467
vn 0.207429 0.491637 -0.845734
vn 0.273781 0.851891 -0.446459
vn 0.322109 0.832862 -0.450096
vn 0.360409 0.789462 -0.496846
vn 0.300107 0.823212 -0.481932
vn 0.345255 0.775668 -0.528335
vn 0.406912 0.722974 -0.558330
vn 0.429342 0.639049 -0.638187
vn 0.370352 0.709606 -0.599415
vn 0.360409 0.789462 -0.496846
vn 0.406912 0.722974 -0.558330
vn 0.345255 0.775668 -0.528335
vn 0.300107 0.823212 -0.481932
vn 0.324434 0.580976 -0.746465
vn 0.367523 0.490068 -0.790418
vn 0.309415 0.426843 -0.849746
vn 0.274999 0.529871 -0.802255
vn 0.000000 0.340685 -0.940178
vn -0.116735 0.352963 -0.928326
vn -0.111692 0.464565 -0.878467
vn 0.000000 0.453723 -0.891143
vn -0.322108 0.832863 -0.450095
vn -0.481465 0.821746 -0.304837
vn -0.269603 0.869139 -0.414623
vn -0.280121 0.851143 -0.443946
vn -0.414085 0.561394 -0.716499
vn -0.431442 0.634098 -0.641699
vn -0.368119 0.707368 -0.603423
vn -0.360727 0.642538 -0.676034
vn -0.207429 0.491637 -0.845734
vn -0.228024 0.384757 -0.894409
vn -0.309415 0.426843 -0.849746
vn -0.274999 0.529871 -0.802255
vn -0.324433 0.580976 -0.746465
vn -0.367522 0.490069 -0.790418
vn -0.414085 0.561394 -0.716499
vn -0.360727 0.642538 -0.676034
vn -0.111692 0.464565 -0.878467
vn -0.116735 0.352963 -0.928326
vn -0.228024 0.384757 -0.894409
vn -0.207429 0.491637 -0.845734
vn -0.305008 0.823354 -0.478600
vn -0.367719 0.788989 -0.492219
vn -0.322108 0.832863 -0.450095
vn -0.280121 0.851143 -0.443946
vn -0.368119 0.707368 -0.603423
vn -0.431442 0.634098 -0.641699
vn -0.415660 0.717575 -0.558849
vn -0.345747 0.774757 -0.529350
vn -0.345747 0.774757 -0.529350
vn -0.415660 0.717575 -0.558849
vn -0.367719 0.788989 -0.492219
vn -0.305008 0.823354 -0.478600
vn -0.309415 0.426843 -0.849746
vn -0.367522 0.490069 -0.790418
vn -0.324433 0.580976 -0.746465
vn -0.274999 0.529871 -0.802255
vn 0.573100 0.793797 -0.203573
vn 0.541084 0.807473 -0.234980
vn 0.277698 0.878408 -0.388952
vn 0.302182 0.880863 -0.364372
vn 0.586838 0.786679 -0.191724
vn 0.573100 0.793797 -0.203573
vn 0.302182 0.880863 -0.364372
vn 0.338549 0.877786 -0.338935
vn 0.589237 0.789320 -0.172552
vn 0.586838 0.786679 -0.191724
vn 0.338549 0.877786 -0.338935
vn 0.381246 0.873829 -0.301785
vn 0.602205 0.792245 -0.098473
vn 0.597443 0.789592 -0.140025
vn 0.419552 0.874132 -0.244683
vn 0.460485 0.872064 -0.165707
vn 0.419552 0.874132 -0.244683
vn 0.597443 0.789592 -0.140025
vn 0.589237 0.789320 -0.172552
vn 0.381246 0.873829 -0.301785
vn -0.277698 0.878408 -0.388952
vn -0.541084 0.807473 -0.234980
vn -0.573101 0.793797 -0.203573
vn -0.302182 0.880863 -0.364372
vn -0.302182 0.880863 -0.364372
vn -0.573101 0.793797 -0.203573
vn -0.586838 0.786678 -0.191724
vn -0.338549 0.877786 -0.338935
vn -0.338549 0.877786 -0.338935
vn -0.586838 0.786678 -0.191724
vn -0.589237 0.789320 -0.172552
vn -0.381246 0.873829 -0.301785
vn -0.419551 0.874132 -0.244683
vn -0.597443 0.789592 -0.140025
vn -0.602205 0.792245 -0.098473
vn -0.460485 0.872064 -0.165707
vn -0.381246 0.873829 -0.301785
vn -0.589237 0.789320 -0.172552
vn -0.597443 0.789592 -0.140025
vn -0.419551 0.874132 -0.244683
vn 0.205035 0.875795 -0.436971
vn 0.208258 0.883648 -0.419278
vn 0.277698 0.878408 -0.388952
vn 0.266506 0.869038 -0.416830
vn -0.277698 0.878408 -0.388952
vn -0.225758 0.880913 -0.415963
vn -0.209129 0.876479 -0.433647
vn -0.269603 0.869139 -0.414623
vn 0.808196 0.588830 -0.009919
vn 0.777069 0.628335 -0.036871
vn 0.868840 0.493286 0.042258
vn 0.897158 0.429543 0.102957
vn 0.897158 0.429543 0.102957
vn 0.868840 0.493286 0.042258
vn 0.940653 0.294725 0.168255
vn 0.939434 0.299654 0.166345
vn -0.808020 0.589070 -0.010013
vn -0.776256 0.629528 -0.033482
vn -0.886993 0.453310 0.088058
vn -0.895981 0.432480 0.100894
vn -0.886993 0.453310 0.088058
vn -0.932852 0.323299 0.158950
vn -0.938740 0.302128 0.165789
vn -0.895981 0.432480 0.100894
vn 0.079411 0.901575 0.425273
vn 0.363039 0.847383 0.387485
vn 0.348990 0.851253 0.391886
vn 0.063477 0.903505 0.423850
vn 0.363039 0.847383 0.387485
vn 0.628728 0.740892 0.236179
vn 0.624560 0.743236 0.239844
vn 0.348990 0.851253 0.391886
vn 0.628728 0.740892 0.236179
vn 0.797662 0.603000 0.011258
vn 0.797435 0.603290 0.011761
vn 0.624560 0.743236 0.239844
vn 0.797662 0.603000 0.011258
vn 0.854024 0.460057 -0.242879
vn 0.854052 0.457858 -0.246903
vn 0.797435 0.603290 0.011761
vn 0.854024 0.460057 -0.242879
vn 0.794608 0.316426 -0.518144
vn 0.791145 0.312570 -0.525727
vn 0.854052 0.457858 -0.246903
vn 0.794608 0.316426 -0.518144
vn 0.630729 0.205131 -0.748400
vn 0.623155 0.202288 -0.755485
vn 0.791145 0.312570 -0.525727
vn 0.630729 0.205131 -0.748400
vn 0.391862 0.152276 -0.907335
vn 0.373677 0.150327 -0.915296
vn 0.623155 0.202288 -0.755485
vn 0.391862 0.152276 -0.907335
vn 0.093649 0.150665 -0.984139
vn 0.074261 0.152985 -0.985434
vn 0.373677 0.150327 -0.915296
vn 0.093649 0.150665 -0.984139
vn -0.211881 0.216800 -0.952945
vn -0.229551 0.222493 -0.947525
vn 0.074261 0.152985 -0.985434
vn -0.211881 0.216800 -0.952945
vn -0.473417 0.329691 -0.816811
vn -0.483758 0.336193 -0.808055
vn -0.229551 0.222493 -0.947525
vn -0.473417 0.329691 -0.816811
vn -0.637712 0.473467 -0.607579
vn -0.639190 0.475472 -0.604452
vn -0.483758 0.336193 -0.808055
vn -0.637712 0.473467 -0.607579
vn -0.697006 0.632285 -0.338229
vn -0.696979 0.628261 -0.345700
vn -0.639190 0.475472 -0.604452
vn -0.697006 0.632285 -0.338229
vn -0.632685 0.772790 -0.050061
vn -0.638590 0.766920 -0.063529
vn -0.696979 0.628261 -0.345700
vn -0.632685 0.772790 -0.050061
vn -0.466371 0.864552 0.187214
vn -0.480283 0.859791 0.173459
vn -0.638590 0.766920 -0.063529
vn -0.466371 0.864552 0.187214
vn -0.207283 0.912868 0.351719
vn -0.226805 0.911449 0.343250
vn -0.480283 0.859791 0.173459
vn -0.207283 0.912868 0.351719
vn 0.079411 0.901575 0.425273
vn 0.063477 0.903505 0.423850
vn -0.226805 0.911449 0.343250
vn 0.075284 0.875221 -0.477828
vn 0.005966 0.880058 -0.474829
vn 0.000976 0.883798 -0.467867
vn 0.081985 0.880379 -0.467132
vn 0.073553 0.885264 0.459235
vn 0.368896 0.836177 0.405861
vn 0.356880 0.839320 0.410096
vn 0.056278 0.886596 0.459108
vn 0.368896 0.836177 0.405861
vn 0.618998 0.739469 0.264626
vn 0.616820 0.740634 0.266447
vn 0.356880 0.839320 0.410096
vn 0.618998 0.739469 0.264626
vn 0.793055 0.607711 0.041839
vn 0.794077 0.606515 0.039765
vn 0.616820 0.740634 0.266447
vn 0.793055 0.607711 0.041839
vn 0.860719 0.451033 -0.236074
vn 0.860751 0.448712 -0.240343
vn 0.794077 0.606515 0.039765
vn 0.860719 0.451033 -0.236074
vn 0.803608 0.302956 -0.512281
vn 0.800260 0.298996 -0.519794
vn 0.860751 0.448712 -0.240343
vn 0.803608 0.302956 -0.512281
vn 0.633528 0.179871 -0.752521
vn 0.624424 0.175702 -0.761067
vn 0.800260 0.298996 -0.519794
vn 0.633528 0.179871 -0.752521
vn 0.389201 0.105522 -0.915089
vn 0.373042 0.102957 -0.922084
vn 0.624424 0.175702 -0.761067
vn 0.389201 0.105522 -0.915089
vn 0.098124 0.088486 -0.991233
vn 0.068624 0.089630 -0.993608
vn 0.373042 0.102957 -0.922084
vn 0.098124 0.088486 -0.991233
vn -0.217803 0.130217 -0.967267
vn -0.242156 0.136504 -0.960587
vn 0.068624 0.089630 -0.993608
vn -0.217803 0.130217 -0.967267
vn -0.506859 0.232635 -0.830045
vn -0.522492 0.240097 -0.818142
vn -0.242156 0.136504 -0.960587
vn -0.506859 0.232635 -0.830045
vn -0.716682 0.381596 -0.583739
vn -0.715979 0.380753 -0.585151
vn -0.522492 0.240097 -0.818142
vn -0.716682 0.381596 -0.583739
vn -0.782380 0.554120 -0.284312
vn -0.782597 0.546981 -0.297243
vn -0.715979 0.380753 -0.585151
vn -0.782380 0.554120 -0.284312
vn -0.697627 0.716009 0.025432
vn -0.708642 0.705556 0.004232
vn -0.782597 0.546981 -0.297243
vn -0.697627 0.716009 0.025432
vn -0.500519 0.824998 0.262410
vn -0.520020 0.817860 0.246343
vn -0.708642 0.705556 0.004232
vn -0.500519 0.824998 0.262410
vn -0.228094 0.883909 0.408262
vn -0.251121 0.881385 0.400123
vn -0.520020 0.817860 0.246343
vn -0.228094 0.883909 0.408262
vn 0.073553 0.885264 0.459235
vn 0.056278 0.886596 0.459108
vn -0.251121 0.881385 0.400123
vn 0.218263 0.849542 -0.480249
vn 0.232027 0.823172 -0.518219
vn 0.141405 0.866525 -0.478684
vn 0.150125 0.870020 -0.469603
vn 0.159723 0.870580 -0.465380
vn 0.222525 0.850857 -0.475946
vn 0.218263 0.849542 -0.480249
vn 0.159723 0.870580 -0.465380
vn 0.218263 0.849542 -0.480249
vn 0.222525 0.850857 -0.475946
vn 0.241836 0.850572 -0.466950
vn 0.300107 0.823212 -0.481932
vn 0.345255 0.775668 -0.528335
vn 0.228502 0.859224 -0.457734
vn 0.300107 0.823212 -0.481932
vn 0.241836 0.850572 -0.466950
vn 0.226537 0.865271 -0.447199
vn 0.273781 0.851891 -0.446459
vn 0.300107 0.823212 -0.481932
vn 0.228502 0.859224 -0.457734
vn 0.211490 0.870156 -0.445085
vn 0.205035 0.875795 -0.436971
vn 0.266506 0.869038 -0.416830
vn 0.273781 0.851891 -0.446459
vn 0.226537 0.865271 -0.447199
vn 0.166294 0.871993 -0.460408
vn 0.205035 0.875795 -0.436971
vn 0.211490 0.870156 -0.445085
vn 0.157861 0.878096 -0.451693
vn 0.205035 0.875795 -0.436971
vn 0.166294 0.871993 -0.460408
vn 0.156724 0.871363 -0.464934
vn 0.144941 0.872308 -0.466980
vn 0.121759 0.880557 -0.458033
vn 0.157861 0.878096 -0.451693
vn 0.156724 0.871363 -0.464934
vn 0.115005 0.875610 -0.469127
vn 0.121759 0.880557 -0.458033
vn 0.144941 0.872308 -0.466980
vn 0.067802 0.879493 -0.471057
vn 0.069201 0.881163 -0.467721
vn 0.115005 0.875610 -0.469127
vn 0.102906 0.877621 -0.468179
vn 0.067497 0.879534 -0.471024
vn 0.067802 0.879493 -0.471057
vn 0.102906 0.877621 -0.468179
vn 0.102990 0.877003 -0.469317
vn 0.100372 0.878054 -0.467918
vn 0.061959 0.877409 -0.475725
vn 0.067497 0.879534 -0.471024
vn 0.102990 0.877003 -0.469317
vn 0.109449 0.872008 -0.477099
vn 0.061959 0.877409 -0.475725
vn 0.100372 0.878054 -0.467918
vn 0.109073 0.880345 -0.461624
vn 0.138404 0.871890 -0.469737
vn 0.109449 0.872008 -0.477099
vn 0.109073 0.880345 -0.461624
vn 0.141405 0.866525 -0.478684
vn 0.109449 0.872008 -0.477099
vn 0.138404 0.871890 -0.469737
vn 0.150125 0.870020 -0.469603
vn 0.121759 0.880557 -0.458033
vn 0.069201 0.881163 -0.467721
vn 0.103835 0.884716 -0.454417
vn 0.123494 0.886498 -0.445949
vn 0.157861 0.878096 -0.451693
vn 0.121759 0.880557 -0.458033
vn 0.123494 0.886498 -0.445949
vn 0.145394 0.885519 -0.441267
vn 0.165747 0.883965 -0.437189
vn 0.157861 0.878096 -0.451693
vn 0.145394 0.885519 -0.441267
vn 0.164667 0.883475 -0.438584
vn 0.205035 0.875795 -0.436971
vn 0.157861 0.878096 -0.451693
vn 0.165747 0.883965 -0.437189
vn 0.208258 0.883648 -0.419278
vn 0.205035 0.875795 -0.436971
vn 0.164667 0.883475 -0.438584
vn 0.152554 0.886470 -0.436919
vn 0.163670 0.887930 -0.429875
vn 0.208258 0.883648 -0.419278
vn 0.152554 0.886470 -0.436919
vn 0.214756 0.879171 -0.425369
vn 0.253265 0.881661 -0.398158
vn 0.163670 0.887930 -0.429875
vn 0.205531 0.877697 -0.432904
vn 0.253265 0.881661 -0.398158
vn 0.214756 0.879171 -0.425369
vn 0.203824 0.872663 -0.443752
vn 0.172993 0.863522 -0.473712
vn 0.152870 0.872488 -0.464106
vn 0.205531 0.877697 -0.432904
vn 0.203824 0.872663 -0.443752
vn 0.130635 0.865352 -0.483839
vn 0.152870 0.872488 -0.464106
vn 0.172993 0.863522 -0.473712
vn 0.081985 0.880379 -0.467132
vn 0.152870 0.872488 -0.464106
vn 0.130635 0.865352 -0.483839
vn 0.121098 0.868861 -0.480016
vn 0.075284 0.875221 -0.477828
vn 0.081985 0.880379 -0.467132
vn 0.121098 0.868861 -0.480016
vn 0.089670 0.872421 -0.480458
vn 0.055654 0.876961 -0.477329
vn 0.005966 0.880058 -0.474829
vn 0.075284 0.875221 -0.477828
vn 0.089670 0.872421 -0.480458
vn 0.046310 0.879888 -0.472919
vn 0.002219 0.880352 -0.474315
vn 0.005966 0.880058 -0.474829
vn 0.055654 0.876961 -0.477329
vn 0.103835 0.884716 -0.454417
vn 0.069201 0.881163 -0.467721
vn 0.063008 0.882569 -0.465942
vn 0.069201 0.881163 -0.467721
vn 0.002219 0.880352 -0.474315
vn 0.046310 0.879888 -0.472919
vn 0.063008 0.882569 -0.465942
vn -0.473878 0.870323 -0.134081
vn -0.460485 0.872064 -0.165707
vn -0.602205 0.792245 -0.098473
vn -0.555108 0.827162 -0.087517
vn 0.460485 0.872064 -0.165707
vn 0.473878 0.870323 -0.134081
vn 0.555108 0.827161 -0.087516
vn 0.602205 0.792245 -0.098473
vn 0.069201 0.881163 -0.467721
vn 0.121759 0.880557 -0.458033
vn 0.115005 0.875610 -0.469127
vn 0.294312 0.874665 -0.385151
vn 0.227239 0.883099 -0.410486
vn 0.162120 0.880325 -0.445808
vn -0.162120 0.880325 -0.445808
vn -0.227239 0.883099 -0.410486
vn -0.294312 0.874665 -0.385151
vn 0.253265 0.881661 -0.398158
vn 0.208258 0.883648 -0.419278
vn 0.163670 0.887930 -0.429875
vn -0.780205 0.625313 -0.016246
vn -0.793266 0.608728 -0.013407
vn -0.689392 0.722707 -0.049326
vn -0.670538 0.740231 -0.049370
vn -0.939987 0.313293 0.135175
vn -0.937939 0.330888 0.103846
vn -0.872517 0.486547 0.044564
vn -0.879657 0.470125 0.072020
vn -0.971201 0.226580 0.073687
vn -0.977560 0.200591 0.064340
vn -0.932009 0.357838 0.057541
vn -0.922839 0.381972 0.049656
vn -0.976140 0.189024 0.106871
vn -0.931172 0.347360 0.110723
vn -0.933985 0.350338 0.070255
vn -0.979013 0.190578 0.072203
vn -0.918186 0.341340 0.201051
vn -0.931172 0.347360 0.110723
vn -0.976140 0.189024 0.106871
vn -0.962101 0.191823 0.193821
vn -0.962101 0.191823 0.193821
vn -0.922870 0.172623 0.344256
vn -0.885670 0.314167 0.341889
vn -0.918186 0.341340 0.201051
vn -0.863373 0.009541 0.504476
vn -0.849387 0.141518 0.508443
vn -0.922870 0.172623 0.344256
vn -0.938553 0.028341 0.343970
vn -0.621552 0.221009 0.751550
vn -0.807797 0.278118 0.519725
vn -0.849387 0.141518 0.508443
vn -0.659233 0.103195 0.744824
vn -0.553658 0.731723 0.397548
vn -0.703863 0.602909 0.375603
vn -0.633546 0.527379 0.566119
vn -0.480991 0.653723 0.584204
vn 0.000000 0.770459 0.637489
vn 0.000000 0.887181 0.461421
vn -0.202226 0.867770 0.453961
vn -0.182027 0.755675 0.629144
vn -0.703863 0.602909 0.375603
vn -0.734433 0.642569 0.218433
vn -0.853905 0.477838 0.206198
vn -0.818873 0.449470 0.356964
vn -0.430921 0.866820 0.250861
vn -0.595580 0.768398 0.234199
vn -0.553658 0.731723 0.397548
vn -0.397529 0.811409 0.428469
vn -0.397529 0.811409 0.428469
vn -0.202226 0.867770 0.453961
vn -0.212156 0.941776 0.260861
vn -0.430921 0.866820 0.250861
vn -0.922839 0.381972 0.049656
vn -0.853386 0.520587 0.026860
vn -0.827737 0.561117 -0.000243
vn -0.901772 0.430020 0.043471
vn -0.865359 0.498785 0.048656
vn -0.745414 0.665658 0.035468
vn -0.733983 0.679147 0.005380
vn -0.853386 0.520587 0.026860
vn -0.864325 0.489644 0.114852
vn -0.744955 0.655995 0.121294
vn -0.749662 0.658425 0.066964
vn -0.867373 0.492988 0.068028
vn -0.853905 0.477838 0.206198
vn -0.734433 0.642569 0.218433
vn -0.744955 0.655995 0.121294
vn -0.864325 0.489644 0.114852
vn -0.607881 0.783558 0.128520
vn -0.433928 0.890793 0.134886
vn -0.426035 0.902559 0.062299
vn -0.608466 0.790998 0.063968
vn -0.595580 0.768398 0.234199
vn -0.430921 0.866820 0.250861
vn -0.433928 0.890793 0.134886
vn -0.607881 0.783558 0.128520
vn -0.879657 0.470125 0.072020
vn -0.872517 0.486547 0.044564
vn -0.806225 0.591279 0.019760
vn -0.939987 0.313293 0.135175
vn -0.967478 -0.053132 0.247314
vn -0.980522 0.089193 0.174987
vn -0.937939 0.330888 0.103846
vn -0.996769 0.045607 0.066118
vn -0.977560 0.200591 0.064340
vn -0.971201 0.226580 0.073687
vn -0.994488 0.048015 0.093212
vn -0.993576 0.046949 0.102966
vn -0.976140 0.189024 0.106871
vn -0.979013 0.190578 0.072203
vn -0.996262 0.050878 0.069813
vn -0.981039 0.038962 0.189856
vn -0.962101 0.191823 0.193821
vn -0.976140 0.189024 0.106871
vn -0.993576 0.046949 0.102966
vn -0.938553 0.028341 0.343970
vn -0.922870 0.172623 0.344256
vn -0.962101 0.191823 0.193821
vn -0.981039 0.038962 0.189856
vn -0.922870 0.172623 0.344256
vn -0.849387 0.141518 0.508443
vn -0.807797 0.278118 0.519725
vn -0.885670 0.314167 0.341889
vn -0.663301 -0.007588 0.748314
vn -0.659233 0.103195 0.744824
vn -0.849387 0.141518 0.508443
vn -0.863373 0.009541 0.504476
vn -0.433928 0.890793 0.134886
vn -0.430921 0.866820 0.250861
vn -0.212156 0.941776 0.260861
vn -0.217894 0.966113 0.138378
vn -0.426035 0.902559 0.062299
vn -0.433928 0.890793 0.134886
vn -0.217894 0.966113 0.138378
vn -0.216616 0.974390 0.060352
vn 0.000000 0.964592 0.263747
vn -0.212156 0.941776 0.260861
vn -0.202226 0.867770 0.453961
vn 0.000000 0.887181 0.461421
vn 0.000000 0.990157 0.139959
vn -0.217894 0.966113 0.138378
vn -0.212156 0.941776 0.260861
vn 0.000000 0.964592 0.263747
vn 0.000000 0.998107 0.061506
vn -0.216616 0.974390 0.060352
vn -0.217894 0.966113 0.138378
vn 0.000000 0.990157 0.139959
vn -0.187190 0.979989 -0.067691
vn -0.190632 0.976427 -0.101238
vn 0.001314 0.993298 -0.115578
vn 0.002808 0.996310 -0.085785
vn -0.744955 0.655995 0.121294
vn -0.607881 0.783558 0.128520
vn -0.608466 0.790998 0.063968
vn -0.749662 0.658425 0.066964
vn -0.734433 0.642569 0.218433
vn -0.595580 0.768398 0.234199
vn -0.607881 0.783558 0.128520
vn -0.744955 0.655995 0.121294
vn -0.703863 0.602909 0.375603
vn -0.553658 0.731723 0.397548
vn -0.595580 0.768398 0.234199
vn -0.734433 0.642569 0.218433
vn -0.818873 0.449470 0.356964
vn -0.853905 0.477838 0.206198
vn -0.918186 0.341340 0.201051
vn -0.885670 0.314167 0.341889
vn -0.932009 0.357838 0.057541
vn -0.865359 0.498785 0.048656
vn -0.853386 0.520587 0.026860
vn -0.922839 0.381972 0.049656
vn -0.931172 0.347360 0.110723
vn -0.864325 0.489644 0.114852
vn -0.867373 0.492988 0.068028
vn -0.933985 0.350338 0.070255
vn -0.918186 0.341340 0.201051
vn -0.853905 0.477838 0.206198
vn -0.864325 0.489644 0.114852
vn -0.931172 0.347360 0.110723
vn -0.737381 0.398244 0.545593
vn -0.807797 0.278118 0.519725
vn -0.621552 0.221009 0.751550
vn -0.584095 0.315528 0.747847
vn -0.182027 0.755675 0.629144
vn -0.332936 0.721721 0.606855
vn -0.271794 0.584264 0.764698
vn -0.153881 0.622545 0.767306
vn -0.182027 0.755675 0.629144
vn -0.153881 0.622545 0.767306
vn 0.000000 0.636340 0.771409
vn 0.000000 0.770459 0.637489
vn -0.332936 0.721721 0.606855
vn -0.182027 0.755675 0.629144
vn -0.202226 0.867770 0.453961
vn -0.397529 0.811409 0.428469
vn -0.480991 0.653723 0.584204
vn -0.633546 0.527379 0.566119
vn -0.518230 0.392600 0.759804
vn -0.399876 0.507122 0.763496
vn -0.737381 0.398244 0.545593
vn -0.584095 0.315528 0.747847
vn -0.518230 0.392600 0.759804
vn -0.633546 0.527379 0.566119
vn -0.480991 0.653723 0.584204
vn -0.399876 0.507122 0.763496
vn -0.271794 0.584264 0.764698
vn -0.332936 0.721721 0.606855
vn -0.397529 0.811409 0.428469
vn -0.553658 0.731723 0.397548
vn -0.480991 0.653723 0.584204
vn -0.332936 0.721721 0.606855
vn -0.807797 0.278118 0.519725
vn -0.737381 0.398244 0.545593
vn -0.818873 0.449470 0.356964
vn -0.885670 0.314167 0.341889
vn -0.737381 0.398244 0.545593
vn -0.633546 0.527379 0.566119
vn -0.703863 0.602909 0.375603
vn -0.818873 0.449470 0.356964
vn 1.000000 -0.000584 -0.000818
vn 1.000000 -0.000624 -0.000804
vn 1.000000 -0.001002 -0.000147
vn 1.000000 -0.001015 -0.000151
vn 0.000000 -0.004790 0.999989
vn 0.025631 0.008379 0.999636
vn 0.018213 -0.001937 0.999832
vn 0.000000 -0.004790 0.999989
vn 0.000000 0.017059 0.999855
vn 0.035930 0.014844 0.999244
vn 0.382383 -0.920424 0.081264
vn 0.387392 -0.918375 0.080713
vn 0.000000 -0.994855 0.101309
vn 0.000000 -0.994855 0.101309
vn -0.337742 0.399523 0.852239
vn -0.399876 0.507122 0.763496
vn -0.518230 0.392600 0.759804
vn -0.448755 0.273172 0.850879
vn 0.926712 -0.375765 -0.002290
vn 0.926189 -0.377053 -0.002225
vn 0.713022 -0.700357 0.033170
vn 0.707914 -0.705472 0.034148
vn -0.663301 -0.007588 0.748314
vn -0.462802 -0.013700 0.886356
vn -0.466203 0.071018 0.881823
vn -0.659233 0.103195 0.744824
vn 1.000000 -0.001015 -0.000151
vn 1.000000 -0.001002 -0.000147
vn 0.995102 -0.098703 -0.005508
vn 0.995738 -0.092084 -0.005132
vn -0.473953 0.166321 0.864700
vn -0.621552 0.221009 0.751550
vn -0.659233 0.103195 0.744824
vn -0.466203 0.071018 0.881823
vn 0.713022 -0.700357 0.033170
vn 0.387392 -0.918375 0.080713
vn 0.382383 -0.920424 0.081264
vn 0.707914 -0.705472 0.034148
vn 0.995102 -0.098703 -0.005508
vn 0.926189 -0.377053 -0.002225
vn 0.926712 -0.375765 -0.002290
vn 0.995738 -0.092084 -0.005132
vn 0.000000 -0.012506 0.999922
vn 0.000000 -0.004790 0.999989
vn 0.016853 -0.010405 0.999804
vn 0.008114 -0.012496 0.999889
vn 0.000000 -0.004790 0.999989
vn 0.015866 0.004731 0.999863
vn 0.016853 -0.010405 0.999804
vn 0.035930 0.014844 0.999244
vn 0.025631 0.008379 0.999636
vn 0.000000 -0.004790 0.999989
vn 0.018213 -0.001937 0.999832
vn 0.015866 0.004731 0.999863
vn 0.000000 -0.004790 0.999989
vn -0.518230 0.392600 0.759804
vn -0.584095 0.315528 0.747847
vn -0.448755 0.273172 0.850879
vn -0.271794 0.584264 0.764698
vn -0.171955 0.505929 0.845262
vn -0.153881 0.622545 0.767306
vn 0.000000 0.540226 0.841520
vn 0.000000 0.636340 0.771409
vn -0.153881 0.622545 0.767306
vn -0.171955 0.505929 0.845262
vn -0.996262 0.050878 0.069813
vn -0.979013 0.190578 0.072203
vn -0.977560 0.200591 0.064340
vn -0.996769 0.045607 0.066118
vn -0.932009 0.357838 0.057541
vn -0.977560 0.200591 0.064340
vn -0.979013 0.190578 0.072203
vn -0.933985 0.350338 0.070255
vn -0.865359 0.498785 0.048656
vn -0.932009 0.357838 0.057541
vn -0.933985 0.350338 0.070255
vn -0.867373 0.492988 0.068028
vn -0.745414 0.665658 0.035468
vn -0.865359 0.498785 0.048656
vn -0.867373 0.492988 0.068028
vn -0.749662 0.658425 0.066964
vn -0.598039 0.801165 0.022030
vn -0.745414 0.665658 0.035468
vn -0.749662 0.658425 0.066964
vn -0.608466 0.790998 0.063968
vn -0.413076 0.910622 0.011634
vn -0.598039 0.801165 0.022030
vn -0.608466 0.790998 0.063968
vn -0.426035 0.902559 0.062299
vn -0.210977 0.977467 0.006856
vn -0.413076 0.910622 0.011634
vn -0.426035 0.902559 0.062299
vn -0.216616 0.974390 0.060352
vn 0.000000 0.999974 0.007202
vn -0.210977 0.977467 0.006856
vn -0.216616 0.974390 0.060352
vn 0.000000 0.998107 0.061506
vn -0.598039 0.801165 0.022030
vn -0.580290 0.814318 -0.012232
vn -0.733983 0.679147 0.005380
vn -0.745414 0.665658 0.035468
vn -0.398814 0.916703 -0.024534
vn -0.580290 0.814318 -0.012232
vn -0.598039 0.801165 0.022030
vn -0.413076 0.910622 0.011634
vn -0.205992 0.978085 -0.030286
vn -0.398814 0.916703 -0.024534
vn -0.413076 0.910622 0.011634
vn -0.210977 0.977467 0.006856
vn 0.000000 0.999536 -0.030471
vn -0.205992 0.978085 -0.030286
vn -0.210977 0.977467 0.006856
vn 0.000000 0.999974 0.007202
vn -0.994488 0.048015 0.093212
vn -0.971201 0.226580 0.073687
vn -0.957761 0.273610 0.088499
vn -0.988855 0.069157 0.131849
vn -0.901772 0.430020 0.043471
vn -0.957761 0.273610 0.088499
vn -0.971201 0.226580 0.073687
vn -0.922839 0.381972 0.049656
vn -0.711726 0.701593 -0.034840
vn -0.827737 0.561117 -0.000243
vn -0.853386 0.520587 0.026860
vn -0.733983 0.679147 0.005380
vn -0.580290 0.814318 -0.012232
vn -0.556982 0.828402 -0.059337
vn -0.711726 0.701593 -0.034840
vn -0.733983 0.679147 0.005380
vn -0.380198 0.921685 -0.077111
vn -0.556982 0.828402 -0.059337
vn -0.580290 0.814318 -0.012232
vn -0.398814 0.916703 -0.024534
vn -0.205992 0.978085 -0.030286
vn -0.197032 0.976426 -0.088151
vn -0.380198 0.921685 -0.077111
vn -0.398814 0.916703 -0.024534
vn 0.000000 0.995793 -0.091628
vn -0.197032 0.976426 -0.088151
vn -0.205992 0.978085 -0.030286
vn 0.000000 0.999536 -0.030471
vn -0.988855 0.069157 0.131849
vn -0.957761 0.273610 0.088499
vn -0.937939 0.330888 0.103846
vn -0.980522 0.089193 0.174987
vn -0.872517 0.486547 0.044564
vn -0.937939 0.330888 0.103846
vn -0.957761 0.273610 0.088499
vn -0.901772 0.430020 0.043471
vn -0.793266 0.608728 -0.013407
vn -0.872517 0.486547 0.044564
vn -0.901772 0.430020 0.043471
vn -0.827737 0.561117 -0.000243
vn -0.689392 0.722707 -0.049326
vn -0.793266 0.608728 -0.013407
vn -0.827737 0.561117 -0.000243
vn -0.711726 0.701593 -0.034840
vn -0.531673 0.842307 -0.088560
vn -0.689392 0.722707 -0.049326
vn -0.711726 0.701593 -0.034840
vn -0.556982 0.828402 -0.059337
vn -0.358276 0.928190 -0.100510
vn -0.531673 0.842307 -0.088560
vn -0.556982 0.828402 -0.059337
vn -0.380198 0.921685 -0.077111
vn -0.190632 0.976427 -0.101238
vn -0.358276 0.928190 -0.100510
vn -0.380198 0.921685 -0.077111
vn -0.197032 0.976426 -0.088151
vn 0.001314 0.993298 -0.115578
vn -0.190632 0.976427 -0.101238
vn -0.197032 0.976426 -0.088151
vn 0.000000 0.995793 -0.091628
vn 0.477454 0.869138 -0.128987
vn 0.532184 0.841727 -0.090974
vn 0.566803 0.820333 -0.076078
vn 0.880318 0.469946 0.064736
vn 0.872637 0.486377 0.044069
vn 0.938147 0.330129 0.104378
vn 0.939986 0.313248 0.135286
vn 0.976140 0.189022 0.106871
vn 0.979402 0.189801 0.068906
vn 0.934341 0.349503 0.069679
vn 0.931172 0.347360 0.110723
vn 0.918186 0.341339 0.201051
vn 0.962101 0.191821 0.193820
vn 0.976140 0.189022 0.106871
vn 0.931172 0.347360 0.110723
vn 0.962101 0.191821 0.193820
vn 0.918186 0.341339 0.201051
vn 0.885670 0.314167 0.341889
vn 0.922870 0.172621 0.344256
vn 0.938553 0.028337 0.343970
vn 0.922870 0.172621 0.344256
vn 0.849388 0.141515 0.508443
vn 0.863373 0.009536 0.504477
vn 0.621552 0.221009 0.751550
vn 0.659233 0.103192 0.744824
vn 0.849388 0.141515 0.508443
vn 0.807798 0.278119 0.519724
vn 0.553658 0.731723 0.397548
vn 0.480991 0.653723 0.584204
vn 0.633546 0.527379 0.566119
vn 0.703863 0.602910 0.375602
vn 0.000000 0.770459 0.637489
vn 0.182027 0.755675 0.629144
vn 0.202226 0.867770 0.453961
vn 0.000000 0.887181 0.461421
vn 0.703863 0.602910 0.375602
vn 0.818873 0.449470 0.356964
vn 0.853905 0.477838 0.206198
vn 0.734433 0.642569 0.218433
vn 0.430921 0.866819 0.250862
vn 0.397529 0.811409 0.428469
vn 0.553658 0.731723 0.397548
vn 0.595580 0.768398 0.234199
vn 0.397529 0.811409 0.428469
vn 0.430921 0.866819 0.250862
vn 0.212156 0.941776 0.260861
vn 0.202226 0.867770 0.453961
vn 0.897933 0.437932 0.043949
vn 0.828057 0.560644 0.000559
vn 0.887782 0.459837 0.019839
vn 0.906919 0.418704 0.046744
vn 0.733080 0.680118 0.005751
vn 0.745751 0.665293 0.035227
vn 0.865966 0.497780 0.048137
vn 0.822034 0.568056 0.039653
vn 0.864325 0.489644 0.114853
vn 0.867436 0.492882 0.067982
vn 0.749662 0.658425 0.066964
vn 0.744955 0.655995 0.121294
vn 0.853905 0.477838 0.206198
vn 0.864325 0.489644 0.114853
vn 0.744955 0.655995 0.121294
vn 0.734433 0.642569 0.218433
vn 0.607881 0.783558 0.128520
vn 0.608466 0.790998 0.063968
vn 0.426035 0.902559 0.062299
vn 0.433928 0.890793 0.134886
vn 0.595580 0.768398 0.234199
vn 0.607881 0.783558 0.128520
vn 0.433928 0.890793 0.134886
vn 0.430921 0.866819 0.250862
vn 0.779553 0.626294 -0.007229
vn 0.792955 0.609184 -0.010824
vn 0.872637 0.486377 0.044069
vn 0.880318 0.469946 0.064736
vn 0.980523 0.089238 0.174960
vn 0.967482 -0.053113 0.247300
vn 0.939986 0.313248 0.135286
vn 0.938147 0.330129 0.104378
vn 0.996148 0.052365 0.070341
vn 0.979402 0.189801 0.068906
vn 0.976140 0.189022 0.106871
vn 0.993577 0.046945 0.102965
vn 0.993577 0.046945 0.102965
vn 0.976140 0.189022 0.106871
vn 0.962101 0.191821 0.193820
vn 0.981039 0.038958 0.189856
vn 0.981039 0.038958 0.189856
vn 0.962101 0.191821 0.193820
vn 0.922870 0.172621 0.344256
vn 0.938553 0.028337 0.343970
vn 0.922870 0.172621 0.344256
vn 0.885670 0.314167 0.341889
vn 0.807798 0.278119 0.519724
vn 0.849388 0.141515 0.508443
vn 0.863373 0.009536 0.504477
vn 0.849388 0.141515 0.508443
vn 0.659233 0.103192 0.744824
vn 0.663301 -0.007591 0.748314
vn 0.310458 0.946005 -0.093219
vn 0.355533 0.929241 -0.100538
vn 0.439650 0.892917 -0.096993
vn 0.433928 0.890793 0.134886
vn 0.217894 0.966113 0.138378
vn 0.212156 0.941776 0.260861
vn 0.430921 0.866819 0.250862
vn 0.426035 0.902559 0.062299
vn 0.216616 0.974390 0.060352
vn 0.217894 0.966113 0.138378
vn 0.433928 0.890793 0.134886
vn 0.184161 0.979425 -0.082526
vn 0.189454 0.975889 -0.108384
vn 0.355533 0.929241 -0.100538
vn 0.310458 0.946005 -0.093219
vn 0.000000 0.964592 0.263747
vn 0.000000 0.887181 0.461421
vn 0.202226 0.867770 0.453961
vn 0.212156 0.941776 0.260861
vn 0.000000 0.990157 0.139959
vn 0.000000 0.964592 0.263747
vn 0.212156 0.941776 0.260861
vn 0.217894 0.966113 0.138378
vn 0.000000 0.998107 0.061506
vn 0.000000 0.990157 0.139959
vn 0.217894 0.966113 0.138378
vn 0.216616 0.974390 0.060352
vn 0.002808 0.996310 -0.085785
vn 0.001314 0.993298 -0.115578
vn 0.189454 0.975889 -0.108384
vn 0.184161 0.979425 -0.082526
vn 0.744955 0.655995 0.121294
vn 0.749662 0.658425 0.066964
vn 0.608466 0.790998 0.063968
vn 0.607881 0.783558 0.128520
vn 0.734433 0.642569 0.218433
vn 0.744955 0.655995 0.121294
vn 0.607881 0.783558 0.128520
vn 0.595580 0.768398 0.234199
vn 0.703863 0.602910 0.375602
vn 0.734433 0.642569 0.218433
vn 0.595580 0.768398 0.234199
vn 0.553658 0.731723 0.397548
vn 0.818873 0.449470 0.356964
vn 0.885670 0.314167 0.341889
vn 0.918186 0.341339 0.201051
vn 0.853905 0.477838 0.206198
vn 0.931172 0.347360 0.110723
vn 0.934341 0.349503 0.069679
vn 0.867436 0.492882 0.067982
vn 0.864325 0.489644 0.114853
vn 0.918186 0.341339 0.201051
vn 0.931172 0.347360 0.110723
vn 0.864325 0.489644 0.114853
vn 0.853905 0.477838 0.206198
vn 0.737381 0.398244 0.545593
vn 0.584095 0.315528 0.747847
vn 0.621552 0.221009 0.751550
vn 0.807798 0.278119 0.519724
vn 0.182027 0.755675 0.629144
vn 0.153881 0.622545 0.767306
vn 0.271794 0.584264 0.764698
vn 0.332936 0.721721 0.606855
vn 0.182027 0.755675 0.629144
vn 0.000000 0.770459 0.637489
vn 0.000000 0.636340 0.771409
vn 0.153881 0.622545 0.767306
vn 0.332936 0.721721 0.606855
vn 0.397529 0.811409 0.428469
vn 0.202226 0.867770 0.453961
vn 0.182027 0.755675 0.629144
vn 0.480991 0.653723 0.584204
vn 0.399877 0.507122 0.763496
vn 0.518230 0.392600 0.759804
vn 0.633546 0.527379 0.566119
vn 0.737381 0.398244 0.545593
vn 0.633546 0.527379 0.566119
vn 0.518230 0.392600 0.759804
vn 0.584095 0.315528 0.747847
vn 0.480991 0.653723 0.584204
vn 0.332936 0.721721 0.606855
vn 0.271794 0.584264 0.764698
vn 0.399877 0.507122 0.763496
vn 0.397529 0.811409 0.428469
vn 0.332936 0.721721 0.606855
vn 0.480991 0.653723 0.584204
vn 0.553658 0.731723 0.397548
vn 0.807798 0.278119 0.519724
vn 0.885670 0.314167 0.341889
vn 0.818873 0.449470 0.356964
vn 0.737381 0.398244 0.545593
vn 0.737381 0.398244 0.545593
vn 0.818873 0.449470 0.356964
vn 0.703863 0.602910 0.375602
vn 0.633546 0.527379 0.566119
vn -1.000000 -0.001008 -0.000150
vn -1.000000 -0.000996 -0.000147
vn -1.000000 -0.000617 -0.000804
vn -1.000000 -0.000578 -0.000817
vn 0.000000 -0.004790 0.999989
vn -0.018213 -0.001937 0.999832
vn -0.025631 0.008379 0.999636
vn 0.000000 -0.004790 0.999989
vn -0.035930 0.014844 0.999244
vn 0.000000 0.017059 0.999855
vn 0.000000 -0.994855 0.101309
vn 0.000000 -0.994855 0.101309
vn -0.387392 -0.918375 0.080711
vn -0.382383 -0.920424 0.081264
vn 0.448755 0.273172 0.850879
vn 0.518230 0.392600 0.759804
vn 0.399877 0.507122 0.763496
vn 0.337742 0.399523 0.852239
vn -0.707914 -0.705473 0.034147
vn -0.713022 -0.700357 0.033170
vn -0.926189 -0.377052 -0.002225
vn -0.926712 -0.375765 -0.002290
vn 0.663301 -0.007591 0.748314
vn 0.659233 0.103192 0.744824
vn 0.466204 0.071015 0.881822
vn 0.462802 -0.013704 0.886356
vn -0.995738 -0.092084 -0.005132
vn -0.995102 -0.098703 -0.005508
vn -1.000000 -0.000996 -0.000147
vn -1.000000 -0.001008 -0.000150
vn 0.466204 0.071015 0.881822
vn 0.659233 0.103192 0.744824
vn 0.621552 0.221009 0.751550
vn 0.473953 0.166321 0.864700
vn -0.387392 -0.918375 0.080711
vn -0.713022 -0.700357 0.033170
vn -0.707914 -0.705473 0.034147
vn -0.382383 -0.920424 0.081264
vn -0.926189 -0.377052 -0.002225
vn -0.995102 -0.098703 -0.005508
vn -0.995738 -0.092084 -0.005132
vn -0.926712 -0.375765 -0.002290
vn -0.008114 -0.012496 0.999889
vn -0.016853 -0.010405 0.999804
vn 0.000000 -0.004790 0.999989
vn 0.000000 -0.012506 0.999922
vn 0.000000 -0.004790 0.999989
vn -0.016853 -0.010405 0.999804
vn -0.015866 0.004731 0.999863
vn -0.025631 0.008379 0.999636
vn -0.035930 0.014844 0.999244
vn 0.000000 -0.004790 0.999989
vn -0.015866 0.004731 0.999863
vn -0.018213 -0.001937 0.999832
vn 0.000000 -0.004790 0.999989
vn 0.621552 0.221009 0.751550
vn 0.584095 0.315528 0.747847
vn 0.473953 0.166321 0.864700
vn 0.271794 0.584264 0.764698
vn 0.337742 0.399523 0.852239
vn 0.399877 0.507122 0.763496
vn 0.171955 0.505929 0.845262
vn 0.153881 0.622545 0.767306
vn 0.000000 0.636340 0.771409
vn 0.000000 0.540226 0.841520
vn 0.988607 0.141615 0.050997
vn 0.979402 0.189801 0.068906
vn 0.996148 0.052365 0.070341
vn 0.997000 0.045514 0.062603
vn 0.979402 0.189801 0.068906
vn 0.950137 0.308416 0.046033
vn 0.934341 0.349503 0.069679
vn 0.934341 0.349503 0.069679
vn 0.912261 0.406153 0.053101
vn 0.865966 0.497780 0.048137
vn 0.867436 0.492882 0.067982
vn 0.745751 0.665293 0.035227
vn 0.749662 0.658425 0.066964
vn 0.867436 0.492882 0.067982
vn 0.865966 0.497780 0.048137
vn 0.598039 0.801165 0.022030
vn 0.608466 0.790998 0.063968
vn 0.749662 0.658425 0.066964
vn 0.745751 0.665293 0.035227
vn 0.413076 0.910622 0.011634
vn 0.426035 0.902559 0.062299
vn 0.608466 0.790998 0.063968
vn 0.598039 0.801165 0.022030
vn 0.210977 0.977467 0.006856
vn 0.216616 0.974390 0.060352
vn 0.426035 0.902559 0.062299
vn 0.413076 0.910622 0.011634
vn 0.000000 0.999974 0.007202
vn 0.000000 0.998107 0.061506
vn 0.216616 0.974390 0.060352
vn 0.210977 0.977467 0.006856
vn 0.598039 0.801165 0.022030
vn 0.745751 0.665293 0.035227
vn 0.733080 0.680118 0.005751
vn 0.580290 0.814318 -0.012232
vn 0.398814 0.916703 -0.024534
vn 0.413076 0.910622 0.011634
vn 0.598039 0.801165 0.022030
vn 0.580290 0.814318 -0.012232
vn 0.205992 0.978085 -0.030286
vn 0.210977 0.977467 0.006856
vn 0.413076 0.910622 0.011634
vn 0.398814 0.916703 -0.024534
vn 0.000000 0.999536 -0.030471
vn 0.000000 0.999974 0.007202
vn 0.210977 0.977467 0.006856
vn 0.205992 0.978085 -0.030286
vn 0.711726 0.701593 -0.034840
vn 0.733080 0.680118 0.005751
vn 0.849685 0.526901 0.020273
vn 0.828057 0.560644 0.000559
vn 0.580290 0.814318 -0.012232
vn 0.733080 0.680118 0.005751
vn 0.711726 0.701593 -0.034840
vn 0.556982 0.828402 -0.059337
vn 0.380198 0.921685 -0.077111
vn 0.398814 0.916703 -0.024534
vn 0.580290 0.814318 -0.012232
vn 0.556982 0.828402 -0.059337
vn 0.205992 0.978085 -0.030286
vn 0.398814 0.916703 -0.024534
vn 0.380198 0.921685 -0.077111
vn 0.197032 0.976426 -0.088151
vn 0.000000 0.995793 -0.091628
vn 0.000000 0.999536 -0.030471
vn 0.205992 0.978085 -0.030286
vn 0.197032 0.976426 -0.088151
vn 0.980523 0.089238 0.174960
vn 0.938147 0.330129 0.104378
vn 0.954665 0.284884 0.086348
vn 0.988917 0.071282 0.130240
vn 0.872637 0.486377 0.044069
vn 0.897933 0.437932 0.043949
vn 0.954665 0.284884 0.086348
vn 0.938147 0.330129 0.104378
vn 0.792955 0.609184 -0.010824
vn 0.828057 0.560644 0.000559
vn 0.897933 0.437932 0.043949
vn 0.872637 0.486377 0.044069
vn 0.689343 0.722734 -0.049613
vn 0.711726 0.701593 -0.034840
vn 0.828057 0.560644 0.000559
vn 0.792955 0.609184 -0.010824
vn 0.532184 0.841727 -0.090974
vn 0.556982 0.828402 -0.059337
vn 0.711726 0.701593 -0.034840
vn 0.689343 0.722734 -0.049613
vn 0.355533 0.929241 -0.100538
vn 0.380198 0.921685 -0.077111
vn 0.556982 0.828402 -0.059337
vn 0.532184 0.841727 -0.090974
vn 0.189454 0.975889 -0.108384
vn 0.197032 0.976426 -0.088151
vn 0.380198 0.921685 -0.077111
vn 0.355533 0.929241 -0.100538
vn 0.001314 0.993298 -0.115578
vn 0.000000 0.995793 -0.091628
vn 0.197032 0.976426 -0.088151
vn 0.189454 0.975889 -0.108384
vn -0.584095 0.315528 0.747847
vn -0.621552 0.221009 0.751550
vn -0.473953 0.166321 0.864700
vn -0.584095 0.315528 0.747847
vn -0.473953 0.166321 0.864700
vn -0.448755 0.273172 0.850879
vn 0.584095 0.315528 0.747847
vn 0.518230 0.392600 0.759804
vn 0.448755 0.273172 0.850879
vn 0.584095 0.315528 0.747847
vn 0.448755 0.273172 0.850879
vn 0.473953 0.166321 0.864700
vn -0.271794 0.584264 0.764698
vn -0.399876 0.507122 0.763496
vn -0.337742 0.399523 0.852239
vn -0.271794 0.584264 0.764698
vn -0.337742 0.399523 0.852239
vn -0.171955 0.505929 0.845262
vn 0.271794 0.584264 0.764698
vn 0.153881 0.622545 0.767306
vn 0.171955 0.505929 0.845262
vn 0.271794 0.584264 0.764698
vn 0.171955 0.505929 0.845262
vn 0.337742 0.399523 0.852239
vn 0.897933 0.437932 0.043949
vn 0.906919 0.418704 0.046744
vn 0.952192 0.296212 0.074753
vn 0.954665 0.284884 0.086348
vn 0.954665 0.284884 0.086348
vn 0.952192 0.296212 0.074753
vn 0.989553 0.097057 0.106611
vn 0.988917 0.071282 0.130240
vn 0.849685 0.526901 0.020273
vn 0.895243 0.444643 0.028842
vn 0.887782 0.459837 0.019839
vn 0.828057 0.560644 0.000559
vn 0.822034 0.568056 0.039653
vn 0.895243 0.444643 0.028842
vn 0.849685 0.526901 0.020273
vn 0.905167 0.421902 0.051689
vn 0.822034 0.568056 0.039653
vn 0.865966 0.497780 0.048137
vn 0.912261 0.406153 0.053101
vn 0.905167 0.421902 0.051689
vn 0.865966 0.497780 0.048137
vn 0.979402 0.189801 0.068906
vn 0.988607 0.141615 0.050997
vn 0.950137 0.308416 0.046033
vn 0.733080 0.680118 0.005751
vn 0.822034 0.568056 0.039653
vn 0.849685 0.526901 0.020273
vn 0.934341 0.349503 0.069679
vn 0.950137 0.308416 0.046033
vn 0.912261 0.406153 0.053101
vn 0.358692 0.230319 -0.904596
vn 0.359401 0.229217 -0.904594
vn 0.362677 0.031491 -0.931383
vn 0.361916 0.067899 -0.929735
vn 0.361916 0.067899 -0.929735
vn 0.362677 0.031491 -0.931383
vn 0.382363 -0.340587 -0.858952
vn 0.378551 -0.298073 -0.876271
vn 0.378551 -0.298073 -0.876271
vn 0.382363 -0.340587 -0.858952
vn 0.399723 -0.637502 -0.658645
vn 0.398313 -0.595134 -0.697970
vn 0.398313 -0.595134 -0.697970
vn 0.399723 -0.637502 -0.658645
vn 0.396380 -0.846500 -0.355417
vn 0.398225 -0.827595 -0.395605
vn 0.398225 -0.827595 -0.395605
vn 0.396380 -0.846500 -0.355417
vn 0.376621 -0.926366 0.001358
vn 0.376731 -0.926323 -0.000603
vn 0.376731 -0.926323 -0.000603
vn 0.376621 -0.926366 0.001358
vn 0.355553 -0.869344 0.343255
vn 0.353523 -0.857626 0.373497
vn 0.353523 -0.857626 0.373497
vn 0.355553 -0.869344 0.343255
vn 0.333314 -0.687208 0.645482
vn 0.329343 -0.643335 0.691125
vn 0.329343 -0.643335 0.691125
vn 0.333314 -0.687208 0.645482
vn 0.314048 -0.490005 0.813184
vn 0.313913 -0.469795 0.825077
vn 0.313913 -0.469795 0.825077
vn 0.314048 -0.490005 0.813184
vn 0.319153 -0.425541 0.846792
vn 0.322730 -0.419765 0.848318
vn 0.322730 -0.419765 0.848318
vn 0.319153 -0.425541 0.846792
vn 0.341346 -0.420902 0.840431
vn 0.346124 -0.424640 0.836588
vn 0.587348 -0.762910 -0.270168
vn 0.589180 -0.758703 -0.277915
vn 0.791405 -0.604967 -0.087715
vn 0.803516 -0.595244 -0.006923
vn 0.791405 -0.604967 -0.087715
vn 0.795192 -0.596091 -0.111114
vn 0.887163 -0.452200 0.091964
vn 0.894717 -0.423635 0.141472
vn 0.556123 -0.797742 -0.233098
vn 0.581070 -0.772270 -0.256819
vn 0.784020 -0.610345 0.113097
vn 0.725520 -0.653413 0.216038
vn 0.476280 -0.854843 -0.205916
vn 0.556123 -0.797742 -0.233098
vn 0.725520 -0.653413 0.216038
vn 0.624134 -0.719228 0.305234
vn 0.305507 -0.935976 -0.174970
vn 0.476280 -0.854843 -0.205916
vn 0.624134 -0.719228 0.305234
vn 0.411835 -0.825803 0.385281
vn 0.000000 -0.986832 -0.161749
vn 0.305507 -0.935976 -0.174970
vn 0.411835 -0.825803 0.385281
vn 0.000000 -0.907216 0.420666
vn 0.803516 -0.595244 -0.006923
vn 0.791405 -0.604967 -0.087715
vn 0.894717 -0.423635 0.141472
vn 0.887529 -0.378341 0.262965
vn 0.784020 -0.610345 0.113097
vn 0.803516 -0.595244 -0.006923
vn 0.887529 -0.378341 0.262965
vn 0.829391 -0.376669 0.412591
vn 0.725520 -0.653413 0.216038
vn 0.784020 -0.610345 0.113097
vn 0.829391 -0.376669 0.412591
vn 0.720606 -0.396031 0.569110
vn 0.624134 -0.719228 0.305234
vn 0.725520 -0.653413 0.216038
vn 0.720606 -0.396031 0.569110
vn 0.572734 -0.430801 0.697414
vn 0.411835 -0.825803 0.385281
vn 0.624134 -0.719228 0.305234
vn 0.572734 -0.430801 0.697414
vn 0.339017 -0.485333 0.805928
vn 0.000000 -0.907216 0.420666
vn 0.411835 -0.825803 0.385281
vn 0.339017 -0.485333 0.805928
vn 0.000000 -0.517729 0.855545
vn 0.879685 -0.424038 0.215280
vn 0.886021 -0.356500 0.296435
vn 0.903097 -0.300918 0.306373
vn 0.884172 -0.387369 0.261122
vn 0.803806 -0.417621 0.423661
vn 0.771845 -0.496336 0.397373
vn 0.668285 -0.547731 0.503375
vn 0.699863 -0.452093 0.552996
vn 0.863070 -0.388047 0.323311
vn 0.846163 -0.420501 0.327394
vn 0.771845 -0.496336 0.397373
vn 0.803806 -0.417621 0.423661
vn 0.668285 -0.547731 0.503375
vn 0.520071 -0.581732 0.625391
vn 0.552745 -0.486617 0.676518
vn 0.699863 -0.452093 0.552996
vn 0.000000 -0.556930 0.830559
vn 0.319846 -0.531775 0.784165
vn 0.294574 -0.612994 0.733119
vn 0.000000 -0.629521 0.776983
vn 0.884172 -0.387369 0.261122
vn 0.886865 -0.347883 0.304052
vn 0.846163 -0.420501 0.327394
vn 0.863070 -0.388047 0.323311
vn 0.000000 -0.727961 0.685618
vn 0.257273 -0.718258 0.646464
vn 0.223755 -0.866354 0.446503
vn 0.000000 -0.877082 0.480341
vn 0.000000 -0.985893 0.167379
vn 0.206981 -0.963294 0.170947
vn 0.211633 -0.977111 0.021582
vn 0.000000 -0.999843 0.017732
vn 0.211633 -0.977111 0.021582
vn 0.222570 -0.974913 -0.002798
vn 0.000000 -0.999986 -0.005270
vn 0.000000 -0.999843 0.017732
vn 0.000000 -0.877082 0.480341
vn 0.223755 -0.866354 0.446503
vn 0.206981 -0.963294 0.170947
vn 0.000000 -0.985893 0.167379
vn 0.960801 -0.188211 0.203566
vn 0.915214 -0.352306 0.195610
vn 0.899457 -0.350416 0.261123
vn 0.940126 -0.214192 0.265115
vn 0.915214 -0.352306 0.195610
vn 0.835419 -0.508937 0.207504
vn 0.836942 -0.470021 0.280372
vn 0.899457 -0.350416 0.261123
vn 0.835419 -0.508937 0.207504
vn 0.722764 -0.647994 0.240241
vn 0.739403 -0.582170 0.338172
vn 0.836942 -0.470021 0.280372
vn 0.722764 -0.647994 0.240241
vn 0.584777 -0.754764 0.297266
vn 0.622040 -0.654432 0.429866
vn 0.739403 -0.582170 0.338172
vn 0.584777 -0.754764 0.297266
vn 0.418088 -0.827231 0.375354
vn 0.468007 -0.696040 0.544516
vn 0.622040 -0.654432 0.429866
vn 0.418088 -0.827231 0.375354
vn 0.223755 -0.866354 0.446503
vn 0.257273 -0.718258 0.646464
vn 0.468007 -0.696040 0.544516
vn 0.990527 -0.070116 0.118070
vn 0.984320 -0.132302 0.116662
vn 0.976443 -0.160563 0.144151
vn 0.988917 0.071282 0.130240
vn 0.894212 -0.432647 0.114898
vn 0.822139 -0.560032 0.102234
vn 0.842589 -0.520141 0.139629
vn 0.866620 -0.497141 0.042666
vn 0.885186 -0.463169 0.043826
vn 0.762943 -0.645679 0.031871
vn 0.841462 -0.539056 0.036880
vn 0.574189 -0.806098 0.143222
vn 0.721857 -0.678913 0.134164
vn 0.738869 -0.670648 0.065606
vn 0.593232 -0.803412 0.051040
vn 0.425506 -0.904268 0.035274
vn 0.593232 -0.803412 0.051040
vn 0.618764 -0.785398 0.016757
vn 0.449604 -0.893217 0.004378
vn 0.401091 -0.902732 0.155569
vn 0.574189 -0.806098 0.143222
vn 0.593232 -0.803412 0.051040
vn 0.425506 -0.904268 0.035274
vn 0.206981 -0.963294 0.170947
vn 0.401091 -0.902732 0.155569
vn 0.425506 -0.904268 0.035274
vn 0.211633 -0.977111 0.021582
vn 0.223755 -0.866354 0.446503
vn 0.418088 -0.827231 0.375354
vn 0.401091 -0.902732 0.155569
vn 0.206981 -0.963294 0.170947
vn 0.418088 -0.827231 0.375354
vn 0.584777 -0.754764 0.297266
vn 0.574189 -0.806098 0.143222
vn 0.401091 -0.902732 0.155569
vn 0.584777 -0.754764 0.297266
vn 0.722764 -0.647994 0.240241
vn 0.721857 -0.678913 0.134164
vn 0.574189 -0.806098 0.143222
vn 0.722764 -0.647994 0.240241
vn 0.835419 -0.508937 0.207504
vn 0.842589 -0.520141 0.139629
vn 0.721857 -0.678913 0.134164
vn 0.835419 -0.508937 0.207504
vn 0.915214 -0.352306 0.195610
vn 0.930487 -0.340513 0.135076
vn 0.842589 -0.520141 0.139629
vn 0.915214 -0.352306 0.195610
vn 0.960801 -0.188211 0.203566
vn 0.976443 -0.160563 0.144151
vn 0.930487 -0.340513 0.135076
vn 0.980523 0.089238 0.174960
vn 0.988917 0.071282 0.130240
vn 0.976443 -0.160563 0.144151
vn 0.960801 -0.188211 0.203566
vn -1.000000 -0.000578 -0.000817
vn -1.000000 -0.000617 -0.000804
vn -0.999999 0.000160 -0.001128
vn -0.999999 0.000168 -0.001131
vn 0.657592 -0.099497 0.746775
vn 0.649475 -0.197271 0.734348
vn 0.841310 -0.236076 0.486277
vn 0.858603 -0.112752 0.500088
vn 0.936287 -0.110420 0.333429
vn 0.858603 -0.112752 0.500088
vn 0.841310 -0.236076 0.486277
vn 0.913111 -0.250185 0.321926
vn 0.981039 0.038958 0.189856
vn 0.938553 0.028337 0.343970
vn 0.936287 -0.110420 0.333429
vn 0.976364 -0.109247 0.186492
vn 0.955419 -0.279060 0.096438
vn 0.989561 -0.102373 0.101429
vn 0.976364 -0.109247 0.186492
vn 0.947330 -0.262432 0.183565
vn 0.993097 -0.099694 0.061796
vn 0.989561 -0.102373 0.101429
vn 0.955419 -0.279060 0.096438
vn 0.955840 -0.288574 0.055630
vn 0.993097 -0.099694 0.061796
vn 0.955840 -0.288574 0.055630
vn 0.944777 -0.324578 0.045232
vn 0.993261 -0.104193 0.050764
vn 0.000000 -0.001471 0.999999
vn 0.009059 0.001133 0.999958
vn 0.012003 0.005219 0.999914
vn 0.468600 -0.155865 0.869552
vn 0.432356 -0.271892 0.859734
vn 0.630946 -0.300706 0.715181
vn 0.649475 -0.197271 0.734348
vn 0.000000 -0.001471 0.999999
vn 0.000000 -0.002439 0.999997
vn 0.004861 -0.001526 0.999987
vn 0.000000 0.999948 -0.010246
vn -0.388120 0.921561 -0.009443
vn -0.383530 0.923480 -0.009462
vn 0.000000 0.999948 -0.010246
vn 0.230694 -0.972784 0.021701
vn 0.222570 -0.974913 -0.002798
vn 0.449604 -0.893217 0.004378
vn 0.461975 -0.886440 0.028353
vn 0.244823 -0.967045 0.069895
vn 0.230694 -0.972784 0.021701
vn 0.461975 -0.886440 0.028353
vn 0.475093 -0.876517 0.077491
vn 0.256764 -0.952763 0.162218
vn 0.244823 -0.967045 0.069895
vn 0.475093 -0.876517 0.077491
vn 0.488045 -0.857387 0.163400
vn 0.237173 -0.854762 0.461660
vn 0.258742 -0.924254 0.280726
vn 0.486851 -0.827274 0.280345
vn 0.437026 -0.780723 0.446632
vn 0.450581 -0.553858 0.700156
vn 0.324105 -0.395363 0.859444
vn 0.320147 -0.628054 0.709263
vn 0.630946 -0.300706 0.715181
vn 0.432356 -0.271892 0.859734
vn 0.575859 -0.424151 0.698915
vn -0.713400 0.700720 -0.007180
vn -0.928920 0.370260 -0.003793
vn -0.923880 0.382663 -0.003920
vn -0.707107 0.707069 -0.007244
vn 0.720241 -0.528744 0.449091
vn 0.575859 -0.424151 0.698915
vn 0.450581 -0.553858 0.700156
vn 0.588375 -0.677593 0.441229
vn 0.635028 -0.718421 0.283920
vn 0.588375 -0.677593 0.441229
vn 0.437026 -0.780723 0.446632
vn 0.486851 -0.827274 0.280345
vn 0.760509 -0.577518 0.296815
vn 0.775152 -0.608348 0.170448
vn 0.892384 -0.414338 0.178815
vn 0.865109 -0.396020 0.307821
vn 0.486851 -0.827274 0.280345
vn 0.488045 -0.857387 0.163400
vn 0.647787 -0.743656 0.165370
vn 0.635028 -0.718421 0.283920
vn 0.896089 -0.434448 0.090988
vn 0.892384 -0.414338 0.178815
vn 0.775152 -0.608348 0.170448
vn 0.778097 -0.622170 0.086426
vn 0.891650 -0.449703 0.052227
vn 0.896089 -0.434448 0.090988
vn 0.778097 -0.622170 0.086426
vn 0.773083 -0.632730 0.044669
vn 0.885186 -0.463169 0.043826
vn 0.891650 -0.449703 0.052227
vn 0.773083 -0.632730 0.044669
vn 0.762943 -0.645679 0.031871
vn 0.646937 -0.758102 0.082186
vn 0.647787 -0.743656 0.165370
vn 0.488045 -0.857387 0.163400
vn 0.475093 -0.876517 0.077491
vn 0.637014 -0.770034 0.035518
vn 0.646937 -0.758102 0.082186
vn 0.475093 -0.876517 0.077491
vn 0.461975 -0.886440 0.028353
vn 0.637014 -0.770034 0.035518
vn 0.461975 -0.886440 0.028353
vn 0.449604 -0.893217 0.004378
vn 0.618764 -0.785398 0.016757
vn 0.552745 -0.486617 0.676518
vn 0.520071 -0.581732 0.625391
vn 0.294574 -0.612994 0.733119
vn 0.319846 -0.531775 0.784165
vn 0.803516 -0.595244 -0.006923
vn 0.784020 -0.610345 0.113097
vn 0.581070 -0.772270 -0.256819
vn 0.587348 -0.762910 -0.270168
vn 0.795192 -0.596091 -0.111114
vn 0.791405 -0.604967 -0.087715
vn 0.589180 -0.758703 -0.277915
vn 0.588377 -0.763003 -0.267656
vn 0.884172 -0.387369 0.261122
vn 0.863070 -0.388047 0.323311
vn 0.887529 -0.378341 0.262965
vn 0.894717 -0.423635 0.141472
vn 0.887163 -0.452200 0.091964
vn 0.879685 -0.424038 0.215280
vn 0.884172 -0.387369 0.261122
vn 0.894717 -0.423635 0.141472
vn 0.916618 -0.231053 0.326231
vn 0.903097 -0.300918 0.306373
vn 0.886021 -0.356500 0.296435
vn 0.894610 -0.295874 0.334859
vn 0.256764 -0.952763 0.162218
vn 0.258742 -0.924254 0.280726
vn 0.000000 -0.959365 0.282170
vn 0.000000 -0.987438 0.158008
vn 0.967482 -0.053113 0.247300
vn 0.980523 0.089238 0.174960
vn 0.960801 -0.188211 0.203566
vn 0.940126 -0.214192 0.265115
vn 0.993577 0.046945 0.102965
vn 0.981039 0.038958 0.189856
vn 0.976364 -0.109247 0.186492
vn 0.989561 -0.102373 0.101429
vn 0.996148 0.052365 0.070341
vn 0.993577 0.046945 0.102965
vn 0.989561 -0.102373 0.101429
vn 0.993097 -0.099694 0.061796
vn 0.955419 -0.279060 0.096438
vn 0.947330 -0.262432 0.183565
vn 0.892384 -0.414338 0.178815
vn 0.896089 -0.434448 0.090988
vn 0.955840 -0.288574 0.055630
vn 0.955419 -0.279060 0.096438
vn 0.896089 -0.434448 0.090988
vn 0.891650 -0.449703 0.052227
vn 0.885186 -0.463169 0.043826
vn 0.919261 -0.390864 0.046739
vn 0.944777 -0.324578 0.045232
vn 0.955840 -0.288574 0.055630
vn 0.891650 -0.449703 0.052227
vn 0.885186 -0.463169 0.043826
vn 0.866620 -0.497141 0.042666
vn 0.919261 -0.390864 0.046739
vn 0.778097 -0.622170 0.086426
vn 0.775152 -0.608348 0.170448
vn 0.647787 -0.743656 0.165370
vn 0.646937 -0.758102 0.082186
vn 0.637014 -0.770034 0.035518
vn 0.773083 -0.632730 0.044669
vn 0.778097 -0.622170 0.086426
vn 0.646937 -0.758102 0.082186
vn 0.618764 -0.785398 0.016757
vn 0.762943 -0.645679 0.031871
vn 0.773083 -0.632730 0.044669
vn 0.637014 -0.770034 0.035518
vn 0.593232 -0.803412 0.051040
vn 0.738869 -0.670648 0.065606
vn 0.762943 -0.645679 0.031871
vn 0.618764 -0.785398 0.016757
vn 0.000000 -0.999820 0.018985
vn 0.000000 -0.999986 -0.005270
vn 0.222570 -0.974913 -0.002798
vn 0.230694 -0.972784 0.021701
vn 0.000000 -0.997836 0.065750
vn 0.000000 -0.999820 0.018985
vn 0.230694 -0.972784 0.021701
vn 0.244823 -0.967045 0.069895
vn 0.000000 -0.987438 0.158008
vn 0.000000 -0.997836 0.065750
vn 0.244823 -0.967045 0.069895
vn 0.256764 -0.952763 0.162218
vn 0.211633 -0.977111 0.021582
vn 0.425506 -0.904268 0.035274
vn 0.449604 -0.893217 0.004378
vn 0.222570 -0.974913 -0.002798
vn 0.663301 -0.007591 0.748314
vn 0.462802 -0.013704 0.886356
vn 0.466668 -0.080170 0.880792
vn 0.657592 -0.099497 0.746775
vn -0.999999 0.000168 -0.001131
vn -0.999999 0.000160 -0.001128
vn -0.995096 0.098904 -0.001516
vn -0.995819 0.091336 -0.001478
vn 0.863373 0.009536 0.504477
vn 0.663301 -0.007591 0.748314
vn 0.657592 -0.099497 0.746775
vn 0.858603 -0.112752 0.500088
vn 0.938553 0.028337 0.343970
vn 0.863373 0.009536 0.504477
vn 0.858603 -0.112752 0.500088
vn 0.936287 -0.110420 0.333429
vn 0.466668 -0.080170 0.880792
vn 0.468600 -0.155865 0.869552
vn 0.649475 -0.197271 0.734348
vn 0.657592 -0.099497 0.746775
vn 0.936287 -0.110420 0.333429
vn 0.913111 -0.250185 0.321926
vn 0.947330 -0.262432 0.183565
vn 0.976364 -0.109247 0.186492
vn 0.947330 -0.262432 0.183565
vn 0.913111 -0.250185 0.321926
vn 0.865109 -0.396020 0.307821
vn 0.892384 -0.414338 0.178815
vn 0.000000 -0.884677 0.466205
vn 0.000000 -0.959365 0.282170
vn 0.258742 -0.924254 0.280726
vn 0.237173 -0.854762 0.461660
vn 0.186775 -0.656479 0.730856
vn 0.000000 -0.665633 0.746279
vn 0.000000 -0.884677 0.466205
vn 0.237173 -0.854762 0.461660
vn 0.488045 -0.857387 0.163400
vn 0.486851 -0.827274 0.280345
vn 0.258742 -0.924254 0.280726
vn 0.256764 -0.952763 0.162218
vn 0.184780 -0.473474 0.861208
vn 0.000000 -0.496962 0.867773
vn 0.000000 -0.665633 0.746279
vn 0.186775 -0.656479 0.730856
vn 0.450581 -0.553858 0.700156
vn 0.320147 -0.628054 0.709263
vn 0.437026 -0.780723 0.446632
vn 0.588375 -0.677593 0.441229
vn -0.388120 0.921561 -0.009443
vn -0.713400 0.700720 -0.007180
vn -0.707107 0.707069 -0.007244
vn -0.383530 0.923480 -0.009462
vn -0.923880 0.382663 -0.003920
vn -0.928920 0.370260 -0.003793
vn -0.995819 0.091336 -0.001478
vn -0.995096 0.098904 -0.001516
vn -0.008114 -0.012496 0.999889
vn 0.000000 -0.012506 0.999922
vn 0.000000 -0.001471 0.999999
vn 0.005036 -0.007336 0.999960
vn 0.000000 -0.001471 0.999999
vn 0.012512 -0.008156 0.999888
vn 0.005036 -0.007336 0.999960
vn 0.009059 0.001133 0.999958
vn 0.000000 -0.001471 0.999999
vn 0.004861 -0.001526 0.999987
vn 0.012512 -0.008156 0.999888
vn 0.000000 -0.001471 0.999999
vn 0.012003 0.005219 0.999914
vn 0.841310 -0.236076 0.486277
vn 0.649475 -0.197271 0.734348
vn 0.630946 -0.300706 0.715181
vn 0.802956 -0.370044 0.467257
vn 0.841310 -0.236076 0.486277
vn 0.802956 -0.370044 0.467257
vn 0.865109 -0.396020 0.307821
vn 0.913111 -0.250185 0.321926
vn 0.760509 -0.577518 0.296815
vn 0.720241 -0.528744 0.449091
vn 0.588375 -0.677593 0.441229
vn 0.635028 -0.718421 0.283920
vn 0.775152 -0.608348 0.170448
vn 0.760509 -0.577518 0.296815
vn 0.635028 -0.718421 0.283920
vn 0.647787 -0.743656 0.165370
vn 0.802956 -0.370044 0.467257
vn 0.630946 -0.300706 0.715181
vn 0.575859 -0.424151 0.698915
vn 0.720241 -0.528744 0.449091
vn 0.865109 -0.396020 0.307821
vn 0.802956 -0.370044 0.467257
vn 0.720241 -0.528744 0.449091
vn 0.760509 -0.577518 0.296815
vn 0.186775 -0.656479 0.730856
vn 0.237173 -0.854762 0.461660
vn 0.437026 -0.780723 0.446632
vn 0.320147 -0.628054 0.709263
vn 0.739403 -0.582170 0.338172
vn 0.622040 -0.654432 0.429866
vn 0.668285 -0.547731 0.503375
vn 0.771845 -0.496336 0.397373
vn 0.622040 -0.654432 0.429866
vn 0.468007 -0.696040 0.544516
vn 0.520071 -0.581732 0.625391
vn 0.668285 -0.547731 0.503375
vn 0.468007 -0.696040 0.544516
vn 0.257273 -0.718258 0.646464
vn 0.294574 -0.612994 0.733119
vn 0.520071 -0.581732 0.625391
vn 0.257273 -0.718258 0.646464
vn 0.000000 -0.727961 0.685618
vn 0.000000 -0.629521 0.776983
vn 0.294574 -0.612994 0.733119
vn 0.940126 -0.214192 0.265115
vn 0.899457 -0.350416 0.261123
vn 0.886865 -0.347883 0.304052
vn 0.922657 -0.237955 0.303449
vn 0.899457 -0.350416 0.261123
vn 0.836942 -0.470021 0.280372
vn 0.846163 -0.420501 0.327394
vn 0.886865 -0.347883 0.304052
vn 0.836942 -0.470021 0.280372
vn 0.739403 -0.582170 0.338172
vn 0.771845 -0.496336 0.397373
vn 0.846163 -0.420501 0.327394
vn 0.945571 -0.144456 0.291595
vn 0.967482 -0.053113 0.247300
vn 0.940126 -0.214192 0.265115
vn 0.922657 -0.237955 0.303449
vn 0.887529 -0.378341 0.262965
vn 0.863070 -0.388047 0.323311
vn 0.803806 -0.417621 0.423661
vn 0.829391 -0.376669 0.412591
vn 0.803806 -0.417621 0.423661
vn 0.699863 -0.452093 0.552996
vn 0.720606 -0.396031 0.569110
vn 0.829391 -0.376669 0.412591
vn 0.699863 -0.452093 0.552996
vn 0.552745 -0.486617 0.676518
vn 0.572734 -0.430801 0.697414
vn 0.720606 -0.396031 0.569110
vn 0.552745 -0.486617 0.676518
vn 0.319846 -0.531775 0.784165
vn 0.339017 -0.485333 0.805928
vn 0.572734 -0.430801 0.697414
vn 0.319846 -0.531775 0.784165
vn 0.000000 -0.556930 0.830559
vn 0.000000 -0.517729 0.855545
vn 0.339017 -0.485333 0.805928
vn 0.922657 -0.237955 0.303449
vn 0.886865 -0.347883 0.304052
vn 0.884172 -0.387369 0.261122
vn 0.903097 -0.300918 0.306373
vn -0.590393 -0.756985 -0.280018
vn -0.587348 -0.762910 -0.270168
vn -0.803516 -0.595244 -0.006923
vn -0.792587 -0.602835 -0.091626
vn -0.888872 -0.450916 0.081124
vn -0.794603 -0.594612 -0.122649
vn -0.792587 -0.602835 -0.091626
vn -0.895876 -0.423050 0.135776
vn -0.581070 -0.772270 -0.256820
vn -0.556123 -0.797742 -0.233098
vn -0.725520 -0.653413 0.216038
vn -0.784020 -0.610345 0.113097
vn -0.556123 -0.797742 -0.233098
vn -0.476280 -0.854843 -0.205916
vn -0.624134 -0.719228 0.305234
vn -0.725520 -0.653413 0.216038
vn -0.476280 -0.854843 -0.205916
vn -0.305507 -0.935976 -0.174970
vn -0.411835 -0.825803 0.385281
vn -0.624134 -0.719228 0.305234
vn -0.305507 -0.935976 -0.174970
vn 0.000000 -0.986832 -0.161749
vn 0.000000 -0.907216 0.420666
vn -0.411835 -0.825803 0.385281
vn -0.792587 -0.602835 -0.091626
vn -0.803516 -0.595244 -0.006923
vn -0.887529 -0.378341 0.262965
vn -0.895876 -0.423050 0.135776
vn -0.803516 -0.595244 -0.006923
vn -0.784020 -0.610345 0.113097
vn -0.829391 -0.376669 0.412590
vn -0.887529 -0.378341 0.262965
vn -0.784020 -0.610345 0.113097
vn -0.725520 -0.653413 0.216038
vn -0.720606 -0.396031 0.569110
vn -0.829391 -0.376669 0.412590
vn -0.725520 -0.653413 0.216038
vn -0.624134 -0.719228 0.305234
vn -0.572734 -0.430801 0.697414
vn -0.720606 -0.396031 0.569110
vn -0.624134 -0.719228 0.305234
vn -0.411835 -0.825803 0.385281
vn -0.339017 -0.485333 0.805928
vn -0.572734 -0.430801 0.697414
vn -0.411835 -0.825803 0.385281
vn 0.000000 -0.907216 0.420666
vn 0.000000 -0.517729 0.855545
vn -0.339017 -0.485333 0.805928
vn -0.885390 -0.362245 0.291313
vn -0.881523 -0.424290 0.207113
vn -0.885059 -0.387456 0.257968
vn -0.902784 -0.304245 0.304001
vn -0.803806 -0.417621 0.423661
vn -0.699863 -0.452093 0.552996
vn -0.668285 -0.547731 0.503375
vn -0.771845 -0.496336 0.397373
vn -0.863070 -0.388047 0.323311
vn -0.803806 -0.417621 0.423661
vn -0.771845 -0.496336 0.397373
vn -0.846163 -0.420501 0.327394
vn -0.668285 -0.547731 0.503375
vn -0.699863 -0.452093 0.552996
vn -0.552745 -0.486617 0.676518
vn -0.520071 -0.581732 0.625391
vn 0.000000 -0.556930 0.830559
vn 0.000000 -0.629521 0.776983
vn -0.294574 -0.612994 0.733119
vn -0.319846 -0.531775 0.784165
vn -0.885059 -0.387456 0.257968
vn -0.863070 -0.388047 0.323311
vn -0.846163 -0.420501 0.327394
vn -0.886865 -0.347883 0.304052
vn 0.000000 -0.727961 0.685618
vn 0.000000 -0.877082 0.480341
vn -0.223755 -0.866354 0.446503
vn -0.257273 -0.718258 0.646464
vn 0.000000 -0.985893 0.167379
vn 0.000000 -0.999843 0.017732
vn -0.211633 -0.977111 0.021582
vn -0.206981 -0.963294 0.170947
vn -0.211633 -0.977111 0.021582
vn 0.000000 -0.999843 0.017732
vn 0.000000 -0.999986 -0.005270
vn -0.222570 -0.974913 -0.002798
vn 0.000000 -0.877082 0.480341
vn 0.000000 -0.985893 0.167379
vn -0.206981 -0.963294 0.170947
vn -0.223755 -0.866354 0.446503
vn -0.960801 -0.188208 0.203566
vn -0.940126 -0.214189 0.265115
vn -0.899457 -0.350416 0.261123
vn -0.915214 -0.352306 0.195610
vn -0.915214 -0.352306 0.195610
vn -0.899457 -0.350416 0.261123
vn -0.836942 -0.470021 0.280372
vn -0.835419 -0.508937 0.207504
vn -0.835419 -0.508937 0.207504
vn -0.836942 -0.470021 0.280372
vn -0.739403 -0.582170 0.338172
vn -0.722764 -0.647994 0.240241
vn -0.722764 -0.647994 0.240241
vn -0.739403 -0.582170 0.338172
vn -0.622040 -0.654432 0.429866
vn -0.584777 -0.754764 0.297266
vn -0.584777 -0.754764 0.297266
vn -0.622040 -0.654432 0.429866
vn -0.468007 -0.696040 0.544516
vn -0.418088 -0.827231 0.375354
vn -0.418088 -0.827231 0.375354
vn -0.468007 -0.696040 0.544516
vn -0.257273 -0.718258 0.646464
vn -0.223755 -0.866354 0.446503
vn -0.987566 -0.126923 0.092754
vn -0.977553 -0.152485 0.145390
vn -0.931219 -0.336418 0.140192
vn -0.942301 -0.323162 0.087379
vn -0.994488 0.048015 0.093212
vn -0.988855 0.069157 0.131849
vn -0.977553 -0.152485 0.145390
vn -0.987566 -0.126923 0.092754
vn -0.845976 -0.515954 0.134593
vn -0.864805 -0.495901 0.078705
vn -0.942301 -0.323162 0.087379
vn -0.931219 -0.336418 0.140192
vn -0.744779 -0.664075 0.065640
vn -0.761634 -0.647199 0.032366
vn -0.881245 -0.470367 0.046501
vn -0.864805 -0.495901 0.078705
vn -0.725497 -0.674765 0.135451
vn -0.744779 -0.664075 0.065640
vn -0.864805 -0.495901 0.078705
vn -0.845976 -0.515954 0.134593
vn -0.574189 -0.806098 0.143222
vn -0.593232 -0.803412 0.051040
vn -0.744779 -0.664075 0.065640
vn -0.725497 -0.674765 0.135451
vn -0.425506 -0.904268 0.035274
vn -0.449604 -0.893217 0.004378
vn -0.618764 -0.785398 0.016757
vn -0.593232 -0.803412 0.051040
vn -0.401091 -0.902732 0.155569
vn -0.425506 -0.904268 0.035274
vn -0.593232 -0.803412 0.051040
vn -0.574189 -0.806098 0.143222
vn -0.206981 -0.963294 0.170947
vn -0.211633 -0.977111 0.021582
vn -0.425506 -0.904268 0.035274
vn -0.401091 -0.902732 0.155569
vn -0.223755 -0.866354 0.446503
vn -0.206981 -0.963294 0.170947
vn -0.401091 -0.902732 0.155569
vn -0.418088 -0.827231 0.375354
vn -0.418088 -0.827231 0.375354
vn -0.401091 -0.902732 0.155569
vn -0.574189 -0.806098 0.143222
vn -0.584777 -0.754764 0.297266
vn -0.584777 -0.754764 0.297266
vn -0.574189 -0.806098 0.143222
vn -0.725497 -0.674765 0.135451
vn -0.722764 -0.647994 0.240241
vn -0.722764 -0.647994 0.240241
vn -0.725497 -0.674765 0.135451
vn -0.845976 -0.515954 0.134593
vn -0.835419 -0.508937 0.207504
vn -0.835419 -0.508937 0.207504
vn -0.845976 -0.515954 0.134593
vn -0.931219 -0.336418 0.140192
vn -0.915214 -0.352306 0.195610
vn -0.915214 -0.352306 0.195610
vn -0.931219 -0.336418 0.140192
vn -0.977553 -0.152485 0.145390
vn -0.960801 -0.188208 0.203566
vn -0.988855 0.069157 0.131849
vn -0.980522 0.089193 0.174987
vn -0.960801 -0.188208 0.203566
vn -0.977553 -0.152485 0.145390
vn 1.000000 -0.000584 -0.000818
vn 0.999999 0.000168 -0.001131
vn 0.999999 0.000160 -0.001128
vn 1.000000 -0.000624 -0.000804
vn -0.657592 -0.099497 0.746775
vn -0.858603 -0.112750 0.500088
vn -0.841310 -0.236076 0.486277
vn -0.649475 -0.197271 0.734348
vn -0.936287 -0.110418 0.333429
vn -0.913111 -0.250185 0.321926
vn -0.841310 -0.236076 0.486277
vn -0.858603 -0.112750 0.500088
vn -0.938553 0.028341 0.343970
vn -0.981039 0.038962 0.189856
vn -0.976364 -0.109246 0.186491
vn -0.936287 -0.110418 0.333429
vn -0.955419 -0.279061 0.096438
vn -0.947330 -0.262432 0.183565
vn -0.976364 -0.109246 0.186491
vn -0.989562 -0.102371 0.101430
vn -0.992589 -0.102775 0.064844
vn -0.953707 -0.294975 0.058586
vn -0.955419 -0.279061 0.096438
vn -0.989562 -0.102371 0.101430
vn -0.991561 -0.113957 0.061813
vn -0.948821 -0.310778 0.056183
vn -0.953707 -0.294975 0.058586
vn -0.992589 -0.102775 0.064844
vn 0.000000 -0.001471 0.999999
vn -0.012003 0.005219 0.999914
vn -0.009059 0.001133 0.999958
vn -0.468600 -0.155865 0.869552
vn -0.649475 -0.197271 0.734348
vn -0.630946 -0.300706 0.715181
vn -0.432356 -0.271892 0.859734
vn 0.000000 -0.001471 0.999999
vn -0.004861 -0.001526 0.999987
vn 0.000000 -0.002439 0.999997
vn 0.388120 0.921561 -0.009443
vn 0.000000 0.999948 -0.010246
vn 0.000000 0.999948 -0.010246
vn 0.383531 0.923480 -0.009463
vn -0.230694 -0.972784 0.021701
vn -0.461974 -0.886440 0.028354
vn -0.449604 -0.893217 0.004378
vn -0.222570 -0.974913 -0.002798
vn -0.244823 -0.967045 0.069895
vn -0.475093 -0.876517 0.077491
vn -0.461974 -0.886440 0.028354
vn -0.230694 -0.972784 0.021701
vn -0.256764 -0.952763 0.162218
vn -0.488045 -0.857387 0.163400
vn -0.475093 -0.876517 0.077491
vn -0.244823 -0.967045 0.069895
vn -0.237173 -0.854762 0.461660
vn -0.437026 -0.780723 0.446632
vn -0.486851 -0.827274 0.280345
vn -0.258742 -0.924254 0.280726
vn -0.186775 -0.656479 0.730856
vn -0.184780 -0.473474 0.861208
vn -0.320147 -0.628054 0.709263
vn -0.450581 -0.553858 0.700156
vn -0.324105 -0.395363 0.859444
vn -0.575859 -0.424151 0.698915
vn 0.928920 0.370260 -0.003793
vn 0.713400 0.700720 -0.007180
vn 0.707107 0.707069 -0.007244
vn 0.923880 0.382663 -0.003920
vn -0.720241 -0.528744 0.449091
vn -0.588375 -0.677593 0.441229
vn -0.450581 -0.553858 0.700156
vn -0.575859 -0.424151 0.698915
vn -0.635028 -0.718421 0.283920
vn -0.486851 -0.827274 0.280345
vn -0.437026 -0.780723 0.446632
vn -0.588375 -0.677593 0.441229
vn -0.760509 -0.577518 0.296815
vn -0.865109 -0.396020 0.307821
vn -0.892384 -0.414338 0.178815
vn -0.775152 -0.608348 0.170448
vn -0.486851 -0.827274 0.280345
vn -0.635028 -0.718421 0.283920
vn -0.647787 -0.743656 0.165370
vn -0.488045 -0.857387 0.163400
vn -0.896089 -0.434448 0.090988
vn -0.778097 -0.622170 0.086426
vn -0.775152 -0.608348 0.170448
vn -0.892384 -0.414338 0.178815
vn -0.891671 -0.449664 0.052201
vn -0.773083 -0.632730 0.044669
vn -0.778097 -0.622170 0.086426
vn -0.896089 -0.434448 0.090988
vn -0.881245 -0.470367 0.046501
vn -0.761634 -0.647199 0.032366
vn -0.773083 -0.632730 0.044669
vn -0.891671 -0.449664 0.052201
vn -0.646937 -0.758102 0.082186
vn -0.475093 -0.876517 0.077491
vn -0.488045 -0.857387 0.163400
vn -0.647787 -0.743656 0.165370
vn -0.637014 -0.770034 0.035518
vn -0.461974 -0.886440 0.028354
vn -0.475093 -0.876517 0.077491
vn -0.646937 -0.758102 0.082186
vn -0.637014 -0.770034 0.035518
vn -0.618764 -0.785398 0.016757
vn -0.449604 -0.893217 0.004378
vn -0.461974 -0.886440 0.028354
vn -0.552745 -0.486617 0.676518
vn -0.319846 -0.531775 0.784165
vn -0.294574 -0.612994 0.733119
vn -0.520071 -0.581732 0.625391
vn -0.784020 -0.610345 0.113097
vn -0.803516 -0.595244 -0.006923
vn -0.587348 -0.762910 -0.270168
vn -0.581070 -0.772270 -0.256820
vn -0.794603 -0.594612 -0.122649
vn -0.591228 -0.759016 -0.272661
vn -0.590393 -0.756985 -0.280018
vn -0.792587 -0.602835 -0.091626
vn -0.885059 -0.387456 0.257968
vn -0.895876 -0.423050 0.135776
vn -0.887529 -0.378341 0.262965
vn -0.863070 -0.388047 0.323311
vn -0.881523 -0.424290 0.207113
vn -0.888872 -0.450916 0.081124
vn -0.895876 -0.423050 0.135776
vn -0.885059 -0.387456 0.257968
vn -0.891834 -0.306381 0.332812
vn -0.885390 -0.362245 0.291313
vn -0.902784 -0.304245 0.304001
vn -0.915909 -0.235368 0.325135
vn -0.987566 -0.126923 0.092754
vn -0.942301 -0.323162 0.087379
vn -0.948821 -0.310778 0.056183
vn -0.991561 -0.113957 0.061813
vn -0.256764 -0.952763 0.162218
vn 0.000000 -0.987438 0.158008
vn 0.000000 -0.959365 0.282170
vn -0.258742 -0.924254 0.280726
vn -0.980522 0.089193 0.174987
vn -0.967478 -0.053132 0.247314
vn -0.940126 -0.214189 0.265115
vn -0.960801 -0.188208 0.203566
vn -0.981039 0.038962 0.189856
vn -0.993576 0.046949 0.102966
vn -0.989562 -0.102371 0.101430
vn -0.976364 -0.109246 0.186491
vn -0.993576 0.046949 0.102966
vn -0.996262 0.050878 0.069813
vn -0.992589 -0.102775 0.064844
vn -0.989562 -0.102371 0.101430
vn -0.996262 0.050878 0.069813
vn -0.996769 0.045607 0.066118
vn -0.991561 -0.113957 0.061813
vn -0.992589 -0.102775 0.064844
vn -0.996769 0.045607 0.066118
vn -0.994488 0.048015 0.093212
vn -0.987566 -0.126923 0.092754
vn -0.991561 -0.113957 0.061813
vn -0.955419 -0.279061 0.096438
vn -0.896089 -0.434448 0.090988
vn -0.892384 -0.414338 0.178815
vn -0.947330 -0.262432 0.183565
vn -0.953707 -0.294975 0.058586
vn -0.891671 -0.449664 0.052201
vn -0.896089 -0.434448 0.090988
vn -0.955419 -0.279061 0.096438
vn -0.948821 -0.310778 0.056183
vn -0.881245 -0.470367 0.046501
vn -0.891671 -0.449664 0.052201
vn -0.953707 -0.294975 0.058586
vn -0.942301 -0.323162 0.087379
vn -0.864805 -0.495901 0.078705
vn -0.881245 -0.470367 0.046501
vn -0.948821 -0.310778 0.056183
vn -0.778097 -0.622170 0.086426
vn -0.646937 -0.758102 0.082186
vn -0.647787 -0.743656 0.165370
vn -0.775152 -0.608348 0.170448
vn -0.637014 -0.770034 0.035518
vn -0.646937 -0.758102 0.082186
vn -0.778097 -0.622170 0.086426
vn -0.773083 -0.632730 0.044669
vn -0.618764 -0.785398 0.016757
vn -0.637014 -0.770034 0.035518
vn -0.773083 -0.632730 0.044669
vn -0.761634 -0.647199 0.032366
vn -0.593232 -0.803412 0.051040
vn -0.618764 -0.785398 0.016757
vn -0.761634 -0.647199 0.032366
vn -0.744779 -0.664075 0.065640
vn 0.000000 -0.999820 0.018985
vn -0.230694 -0.972784 0.021701
vn -0.222570 -0.974913 -0.002798
vn 0.000000 -0.999986 -0.005270
vn 0.000000 -0.997836 0.065750
vn -0.244823 -0.967045 0.069895
vn -0.230694 -0.972784 0.021701
vn 0.000000 -0.999820 0.018985
vn 0.000000 -0.987438 0.158008
vn -0.256764 -0.952763 0.162218
vn -0.244823 -0.967045 0.069895
vn 0.000000 -0.997836 0.065750
vn -0.211633 -0.977111 0.021582
vn -0.222570 -0.974913 -0.002798
vn -0.449604 -0.893217 0.004378
vn -0.425506 -0.904268 0.035274
vn -0.462802 -0.013700 0.886356
vn -0.663301 -0.007588 0.748314
vn -0.657592 -0.099497 0.746775
vn -0.466668 -0.080170 0.880792
vn 0.995096 0.098904 -0.001516
vn 0.999999 0.000160 -0.001128
vn 0.999999 0.000168 -0.001131
vn 0.995819 0.091336 -0.001478
vn -0.663301 -0.007588 0.748314
vn -0.863373 0.009541 0.504476
vn -0.858603 -0.112750 0.500088
vn -0.657592 -0.099497 0.746775
vn -0.863373 0.009541 0.504476
vn -0.938553 0.028341 0.343970
vn -0.936287 -0.110418 0.333429
vn -0.858603 -0.112750 0.500088
vn -0.466668 -0.080170 0.880792
vn -0.657592 -0.099497 0.746775
vn -0.649475 -0.197271 0.734348
vn -0.468600 -0.155865 0.869552
vn -0.936287 -0.110418 0.333429
vn -0.976364 -0.109246 0.186491
vn -0.947330 -0.262432 0.183565
vn -0.913111 -0.250185 0.321926
vn -0.947330 -0.262432 0.183565
vn -0.892384 -0.414338 0.178815
vn -0.865109 -0.396020 0.307821
vn -0.913111 -0.250185 0.321926
vn 0.000000 -0.884677 0.466205
vn -0.237173 -0.854762 0.461660
vn -0.258742 -0.924254 0.280726
vn 0.000000 -0.959365 0.282170
vn -0.186775 -0.656479 0.730856
vn -0.237173 -0.854762 0.461660
vn 0.000000 -0.884677 0.466205
vn 0.000000 -0.665633 0.746279
vn -0.488045 -0.857387 0.163400
vn -0.256764 -0.952763 0.162218
vn -0.258742 -0.924254 0.280726
vn -0.486851 -0.827274 0.280345
vn 0.000000 -0.496962 0.867773
vn -0.184780 -0.473474 0.861208
vn -0.186775 -0.656479 0.730856
vn 0.000000 -0.665633 0.746279
vn -0.450581 -0.553858 0.700156
vn -0.588375 -0.677593 0.441229
vn -0.437026 -0.780723 0.446632
vn -0.320147 -0.628054 0.709263
vn 0.713400 0.700720 -0.007180
vn 0.388120 0.921561 -0.009443
vn 0.383531 0.923480 -0.009463
vn 0.707107 0.707069 -0.007244
vn 0.995819 0.091336 -0.001478
vn 0.928920 0.370260 -0.003793
vn 0.923880 0.382663 -0.003920
vn 0.995096 0.098904 -0.001516
vn 0.000000 -0.001471 0.999999
vn 0.000000 -0.012506 0.999922
vn 0.008114 -0.012496 0.999889
vn -0.005036 -0.007336 0.999960
vn 0.000000 -0.001471 0.999999
vn -0.005036 -0.007336 0.999960
vn -0.012512 -0.008156 0.999888
vn -0.004861 -0.001526 0.999987
vn 0.000000 -0.001471 0.999999
vn -0.009059 0.001133 0.999958
vn -0.012003 0.005219 0.999914
vn 0.000000 -0.001471 0.999999
vn -0.012512 -0.008156 0.999888
vn -0.841310 -0.236076 0.486277
vn -0.802955 -0.370044 0.467258
vn -0.630946 -0.300706 0.715181
vn -0.649475 -0.197271 0.734348
vn -0.841310 -0.236076 0.486277
vn -0.913111 -0.250185 0.321926
vn -0.865109 -0.396020 0.307821
vn -0.802955 -0.370044 0.467258
vn -0.760509 -0.577518 0.296815
vn -0.635028 -0.718421 0.283920
vn -0.588375 -0.677593 0.441229
vn -0.720241 -0.528744 0.449091
vn -0.775152 -0.608348 0.170448
vn -0.647787 -0.743656 0.165370
vn -0.635028 -0.718421 0.283920
vn -0.760509 -0.577518 0.296815
vn -0.802955 -0.370044 0.467258
vn -0.720241 -0.528744 0.449091
vn -0.575859 -0.424151 0.698915
vn -0.630946 -0.300706 0.715181
vn -0.865109 -0.396020 0.307821
vn -0.760509 -0.577518 0.296815
vn -0.720241 -0.528744 0.449091
vn -0.802955 -0.370044 0.467258
vn -0.186775 -0.656479 0.730856
vn -0.320147 -0.628054 0.709263
vn -0.437026 -0.780723 0.446632
vn -0.237173 -0.854762 0.461660
vn -0.739403 -0.582170 0.338172
vn -0.771845 -0.496336 0.397373
vn -0.668285 -0.547731 0.503375
vn -0.622040 -0.654432 0.429866
vn -0.622040 -0.654432 0.429866
vn -0.668285 -0.547731 0.503375
vn -0.520071 -0.581732 0.625391
vn -0.468007 -0.696040 0.544516
vn -0.468007 -0.696040 0.544516
vn -0.520071 -0.581732 0.625391
vn -0.294574 -0.612994 0.733119
vn -0.257273 -0.718258 0.646464
vn -0.257273 -0.718258 0.646464
vn -0.294574 -0.612994 0.733119
vn 0.000000 -0.629521 0.776983
vn 0.000000 -0.727961 0.685618
vn -0.940126 -0.214189 0.265115
vn -0.922671 -0.237929 0.303428
vn -0.886865 -0.347883 0.304052
vn -0.899457 -0.350416 0.261123
vn -0.899457 -0.350416 0.261123
vn -0.886865 -0.347883 0.304052
vn -0.846163 -0.420501 0.327394
vn -0.836942 -0.470021 0.280372
vn -0.836942 -0.470021 0.280372
vn -0.846163 -0.420501 0.327394
vn -0.771845 -0.496336 0.397373
vn -0.739403 -0.582170 0.338172
vn -0.945552 -0.144479 0.291645
vn -0.936644 -0.162758 0.310175
vn -0.922671 -0.237929 0.303428
vn -0.887529 -0.378341 0.262965
vn -0.829391 -0.376669 0.412590
vn -0.803806 -0.417621 0.423661
vn -0.863070 -0.388047 0.323311
vn -0.803806 -0.417621 0.423661
vn -0.829391 -0.376669 0.412590
vn -0.720606 -0.396031 0.569110
vn -0.699863 -0.452093 0.552996
vn -0.699863 -0.452093 0.552996
vn -0.720606 -0.396031 0.569110
vn -0.572734 -0.430801 0.697414
vn -0.552745 -0.486617 0.676518
vn -0.552745 -0.486617 0.676518
vn -0.572734 -0.430801 0.697414
vn -0.339017 -0.485333 0.805928
vn -0.319846 -0.531775 0.784165
vn -0.319846 -0.531775 0.784165
vn -0.339017 -0.485333 0.805928
vn 0.000000 -0.517729 0.855545
vn 0.000000 -0.556930 0.830559
vn -0.922671 -0.237929 0.303428
vn -0.902784 -0.304245 0.304001
vn -0.885059 -0.387456 0.257968
vn -0.886865 -0.347883 0.304052
vn -0.936644 -0.162758 0.310175
vn -0.915909 -0.235368 0.325135
vn -0.902784 -0.304245 0.304001
vn -0.922671 -0.237929 0.303428
vn -0.320147 -0.628054 0.709263
vn -0.324105 -0.395363 0.859444
vn -0.450581 -0.553858 0.700156
vn -0.320147 -0.628054 0.709263
vn -0.184780 -0.473474 0.861208
vn -0.324105 -0.395363 0.859444
vn -0.575859 -0.424151 0.698915
vn -0.324105 -0.395363 0.859444
vn -0.432356 -0.271892 0.859734
vn -0.575859 -0.424151 0.698915
vn -0.432356 -0.271892 0.859734
vn -0.630946 -0.300706 0.715181
vn 0.320147 -0.628054 0.709263
vn 0.184780 -0.473474 0.861208
vn 0.186775 -0.656479 0.730856
vn 0.320147 -0.628054 0.709263
vn 0.324105 -0.395363 0.859444
vn 0.184780 -0.473474 0.861208
vn 0.575859 -0.424151 0.698915
vn 0.324105 -0.395363 0.859444
vn 0.450581 -0.553858 0.700156
vn 0.575859 -0.424151 0.698915
vn 0.432356 -0.271892 0.859734
vn 0.324105 -0.395363 0.859444
vn 0.828172 -0.557903 0.053622
vn 0.841462 -0.539056 0.036880
vn 0.762943 -0.645679 0.031871
vn 0.738869 -0.670648 0.065606
vn 0.801640 -0.591602 0.085907
vn 0.828172 -0.557903 0.053622
vn 0.738869 -0.670648 0.065606
vn 0.822139 -0.560032 0.102234
vn 0.801640 -0.591602 0.085907
vn 0.721857 -0.678913 0.134164
vn 0.931309 -0.349648 0.102034
vn 0.894212 -0.432647 0.114898
vn 0.930487 -0.340513 0.135076
vn 0.984320 -0.132302 0.116662
vn 0.967923 -0.234162 0.091063
vn 0.976443 -0.160563 0.144151
vn 0.989553 0.097057 0.106611
vn 0.990527 -0.070116 0.118070
vn 0.988917 0.071282 0.130240
vn 0.993097 -0.099694 0.061796
vn 0.993261 -0.104193 0.050764
vn 0.997000 0.045514 0.062603
vn 0.996148 0.052365 0.070341
vn 0.822139 -0.560032 0.102234
vn 0.721857 -0.678913 0.134164
vn 0.842589 -0.520141 0.139629
vn 0.894212 -0.432647 0.114898
vn 0.842589 -0.520141 0.139629
vn 0.930487 -0.340513 0.135076
vn 0.976443 -0.160563 0.144151
vn 0.967923 -0.234162 0.091063
vn 0.930487 -0.340513 0.135076
vn 0.930487 -0.340513 0.135076
vn 0.967923 -0.234162 0.091063
vn 0.931309 -0.349648 0.102034
vn 0.721857 -0.678913 0.134164
vn 0.801640 -0.591602 0.085907
vn 0.738869 -0.670648 0.065606
vn 0.346124 -0.424640 0.836588
vn 0.341346 -0.420902 0.840431
vn 0.374640 -0.353707 0.857051
vn 0.375224 -0.350429 0.858141
vn 0.375224 -0.350429 0.858141
vn 0.374640 -0.353707 0.857051
vn 0.387730 -0.273031 0.880409
vn 0.387746 -0.272868 0.880452
vn 0.387746 -0.272868 0.880452
vn 0.387730 -0.273031 0.880409
vn 0.412000 -0.091707 0.906557
vn 0.408780 -0.124205 0.904142
vn 0.408780 -0.124205 0.904142
vn 0.412000 -0.091707 0.906557
vn 0.419888 0.055810 0.905858
vn 0.420315 0.059299 0.905439
vn 0.420315 0.059299 0.905439
vn 0.419888 0.055810 0.905858
vn 0.453720 0.286677 0.843774
vn 0.442930 0.191089 0.875955
vn 0.442930 0.191089 0.875955
vn 0.453720 0.286677 0.843774
vn 0.478449 0.568605 0.669160
vn 0.473091 0.511299 0.717467
vn 0.473091 0.511299 0.717467
vn 0.478449 0.568605 0.669160
vn 0.496143 0.761444 0.417187
vn 0.493350 0.723176 0.483344
vn 0.493350 0.723176 0.483344
vn 0.496143 0.761444 0.417187
vn 0.489246 0.872112 0.007718
vn 0.493693 0.867013 0.067493
vn 0.493693 0.867013 0.067493
vn 0.489246 0.872112 0.007718
vn 0.430356 0.797984 -0.421919
vn 0.428771 0.794291 -0.430416
vn 0.428771 0.794291 -0.430416
vn 0.430356 0.797984 -0.421919
vn 0.365437 0.580196 -0.727893
vn 0.358932 0.546577 -0.756585
vn 0.358932 0.546577 -0.756585
vn 0.365437 0.580196 -0.727893
vn 0.329738 0.417296 -0.846840
vn 0.329740 0.417338 -0.846818
vn 0.329740 0.417338 -0.846818
vn 0.329738 0.417296 -0.846840
vn 0.329764 0.430349 -0.840271
vn 0.329754 0.435000 -0.837877
vn 0.329754 0.435000 -0.837877
vn 0.329764 0.430349 -0.840271
vn 0.347436 0.354974 -0.867918
vn 0.354160 0.312874 -0.881295
vn 0.354160 0.312874 -0.881295
vn 0.347436 0.354974 -0.867918
vn 0.359401 0.229217 -0.904594
vn 0.358692 0.230319 -0.904596
vn -0.539413 -0.549013 -0.638450
vn -0.540679 -0.519417 -0.661719
vn -0.528872 -0.673198 -0.516816
vn -0.528592 -0.676382 -0.512931
vn -0.472513 -0.169972 -0.864778
vn -0.465904 -0.158875 -0.870455
vn -0.528005 -0.323047 -0.785399
vn -0.531808 -0.350458 -0.770947
vn -0.339504 -0.028763 -0.940165
vn -0.339382 -0.028678 -0.940211
vn -0.465904 -0.158875 -0.870455
vn -0.472513 -0.169972 -0.864778
vn -0.181795 0.051162 -0.982005
vn -0.186279 0.049775 -0.981235
vn -0.339382 -0.028678 -0.940211
vn -0.339504 -0.028763 -0.940165
vn 0.000000 0.072973 -0.997334
vn 0.000000 0.072973 -0.997334
vn -0.186279 0.049775 -0.981235
vn -0.181795 0.051162 -0.982005
vn -0.531808 -0.350458 -0.770947
vn -0.528005 -0.323047 -0.785399
vn -0.540679 -0.519417 -0.661719
vn -0.539413 -0.549013 -0.638450
vn -0.528592 -0.676382 -0.512931
vn -0.528872 -0.673198 -0.516816
vn -0.523941 -0.714892 -0.463050
vn -0.523941 -0.714892 -0.463050
vn 0.525853 -0.686523 -0.502160
vn 0.526295 -0.683245 -0.506151
vn 0.540679 -0.519416 -0.661720
vn 0.539413 -0.549013 -0.638450
vn 0.531808 -0.350458 -0.770947
vn 0.528005 -0.323047 -0.785399
vn 0.465904 -0.158875 -0.870455
vn 0.472513 -0.169972 -0.864778
vn 0.472513 -0.169972 -0.864778
vn 0.465904 -0.158875 -0.870455
vn 0.339382 -0.028678 -0.940211
vn 0.339504 -0.028763 -0.940165
vn 0.339504 -0.028763 -0.940165
vn 0.339382 -0.028678 -0.940211
vn 0.186279 0.049774 -0.981235
vn 0.181795 0.051162 -0.982005
vn 0.181795 0.051162 -0.982005
vn 0.186279 0.049774 -0.981235
vn 0.000000 0.072973 -0.997334
vn 0.000000 0.072973 -0.997334
vn 0.539413 -0.549013 -0.638450
vn 0.540679 -0.519416 -0.661720
vn 0.528005 -0.323047 -0.785399
vn 0.531808 -0.350458 -0.770947
vn 0.517589 -0.733172 -0.441091
vn 0.517589 -0.733172 -0.441091
vn 0.526295 -0.683245 -0.506151
vn 0.525853 -0.686523 -0.502160
vn 0.792955 0.609184 -0.010824
vn 0.779553 0.626294 -0.007229
vn 0.669396 0.741217 -0.050068
vn 0.689343 0.722734 -0.049613
vn 0.689343 0.722734 -0.049613
vn 0.669396 0.741217 -0.050068
vn 0.566803 0.820333 -0.076078
vn 0.532184 0.841727 -0.090974
vn 0.355533 0.929241 -0.100538
vn 0.532184 0.841727 -0.090974
vn 0.439650 0.892917 -0.096993
vn 0.532184 0.841727 -0.090974
vn 0.477454 0.869138 -0.128987
vn 0.439650 0.892917 -0.096993
vn -0.190632 0.976427 -0.101238
vn -0.187190 0.979989 -0.067691
vn -0.315422 0.944980 -0.086728
vn -0.358276 0.928190 -0.100510
vn -0.531673 0.842307 -0.088560
vn -0.358276 0.928190 -0.100510
vn -0.440446 0.891997 -0.101733
vn -0.475524 0.871909 -0.116842
vn -0.567492 0.819923 -0.075358
vn -0.531673 0.842307 -0.088560
vn -0.475524 0.871909 -0.116842
vn -0.689392 0.722707 -0.049326
vn -0.531673 0.842307 -0.088560
vn -0.567492 0.819923 -0.075358
vn -0.670538 0.740231 -0.049370
vn -0.872517 0.486547 0.044564
vn -0.793266 0.608728 -0.013407
vn -0.780205 0.625313 -0.016246
vn -0.806225 0.591279 0.019760
vn -0.440446 0.891997 -0.101733
vn -0.358276 0.928190 -0.100510
vn -0.315422 0.944980 -0.086728
vn 0.922657 -0.237955 0.303449
vn 0.903097 -0.300918 0.306373
vn 0.916618 -0.231053 0.326231
vn 0.936621 -0.162785 0.310228
vn 0.922657 -0.237955 0.303449
vn 0.936621 -0.162785 0.310228
vn 0.945571 -0.144456 0.291595
vn -0.922671 -0.237929 0.303428
vn -0.940126 -0.214189 0.265115
vn -0.967478 -0.053132 0.247314
vn -0.945552 -0.144479 0.291645
vn 0.000361 -0.805652 -0.592389
vn 0.006941 -0.875594 -0.482998
vn 0.032636 -0.845205 -0.533446
vn 0.001707 -0.886335 -0.463042
vn 0.006941 -0.875594 -0.482998
vn 0.000361 -0.805652 -0.592389
vn 0.000361 -0.805652 -0.592389
vn -0.005449 -0.878587 -0.477551
vn 0.001707 -0.893115 -0.449825
vn 0.000361 -0.805652 -0.592389
vn 0.089364 -0.795137 -0.599809
vn 0.144116 -0.756293 -0.638163
vn 0.000361 -0.805652 -0.592389
vn -0.032267 -0.845220 -0.533443
vn -0.005449 -0.878587 -0.477551
vn 0.000361 -0.805652 -0.592389
vn 0.032636 -0.845205 -0.533446
vn 0.089364 -0.795137 -0.599809
vn 0.000361 -0.805652 -0.592389
vn -0.088518 -0.795001 -0.600115
vn -0.032267 -0.845220 -0.533443
vn 0.000361 -0.805652 -0.592389
vn 0.144116 -0.756293 -0.638163
vn 0.168829 -0.741243 -0.649658
vn 0.000361 -0.805652 -0.592389
vn 0.130680 -0.751141 -0.647078
vn -0.000317 -0.762153 -0.647396
vn 0.000361 -0.805652 -0.592389
vn 0.168829 -0.741243 -0.649658
vn 0.130680 -0.751141 -0.647078
vn 0.000361 -0.805652 -0.592389
vn -0.130531 -0.750401 -0.647966
vn -0.167992 -0.740500 -0.650721
vn 0.000361 -0.805652 -0.592389
vn -0.000317 -0.762153 -0.647396
vn -0.130531 -0.750401 -0.647966
vn 0.000361 -0.805652 -0.592389
vn -0.143027 -0.755865 -0.638915
vn -0.088518 -0.795001 -0.600115
vn 0.000361 -0.805652 -0.592389
vn -0.167992 -0.740500 -0.650721
vn -0.143027 -0.755865 -0.638915
vn -0.728528 0.682644 -0.056953
vn -0.766638 0.615371 -0.183261
vn -0.637233 0.720021 -0.274780
vn -0.611762 0.770471 -0.179224
vn -0.576776 0.799957 0.165526
vn -0.664707 0.744595 0.061184
vn -0.569498 0.816794 -0.092297
vn -0.515534 0.856634 -0.020064
vn -0.329076 0.885780 0.327267
vn -0.463367 0.848217 0.256552
vn -0.438832 0.896816 0.056106
vn -0.336701 0.933997 0.119510
vn -0.023017 0.926443 0.375732
vn -0.181418 0.912951 0.365525
vn -0.221899 0.962212 0.157827
vn -0.087251 0.982435 0.164953
vn 0.286282 0.899139 0.331045
vn 0.135371 0.921538 0.363926
vn 0.048791 0.987664 0.148795
vn 0.179130 0.976788 0.117464
vn 0.559089 0.802995 0.206442
vn 0.432292 0.858098 0.277113
vn 0.310690 0.948698 0.058678
vn 0.406321 0.913608 -0.014980
vn 0.736155 0.676684 -0.013193
vn 0.658369 0.744775 0.108912
vn 0.475621 0.875191 -0.088462
vn 0.533648 0.826006 -0.181476
vn 0.801747 0.522342 -0.290450
vn 0.785053 0.601180 -0.149248
vn 0.570698 0.769619 -0.286340
vn 0.583648 0.711768 -0.390822
vn 0.731697 0.386617 -0.561379
vn 0.784655 0.449935 -0.426468
vn 0.574642 0.660397 -0.483387
vn 0.545884 0.604229 -0.580446
vn 0.486454 0.542961 -0.684512
vn 0.400281 0.488416 -0.775387
vn 0.540597 0.267760 -0.797533
vn 0.648396 0.324572 -0.688648
vn 0.302462 0.446234 -0.842254
vn 0.201690 0.417780 -0.885879
vn 0.281190 0.202695 -0.938002
vn 0.415260 0.223787 -0.881748
vn 0.080168 0.390340 -0.917174
vn -0.063289 0.370028 -0.926862
vn -0.029068 0.196695 -0.980034
vn 0.131143 0.199327 -0.971118
vn -0.195304 0.368669 -0.908812
vn -0.323728 0.388661 -0.862637
vn -0.319672 0.224672 -0.920507
vn -0.178279 0.200395 -0.963358
vn -0.441215 0.430824 -0.787223
vn -0.529092 0.482677 -0.697915
vn -0.568559 0.313050 -0.760750
vn -0.454485 0.264885 -0.850458
vn -0.583212 0.533084 -0.612932
vn -0.616562 0.580100 -0.532293
vn -0.721292 0.418156 -0.552162
vn -0.657498 0.362041 -0.660775
vn -0.636657 0.628790 -0.446420
vn -0.643343 0.673843 -0.363382
vn -0.777885 0.547131 -0.309099
vn -0.762536 0.481299 -0.432308
vn 0.924331 0.331156 -0.189599
vn 0.607202 0.689750 -0.394400
vn 0.595485 0.626158 -0.503313
vn 0.906329 0.239422 -0.348202
vn 0.558014 0.565334 -0.607469
vn 0.595485 0.626158 -0.503313
vn -0.280470 0.854650 -0.436932
vn -0.265810 0.877570 -0.399019
vn 0.852475 0.151300 -0.500395
vn 0.558014 0.565334 -0.607469
vn 0.498067 0.508498 -0.702395
vn 0.765098 0.070067 -0.640090
vn 0.416816 0.459368 -0.784376
vn 0.498067 0.508498 -0.702395
vn -0.242173 0.898934 -0.365061
vn -0.212472 0.917240 -0.336938
vn 0.647729 -0.000834 -0.761870
vn 0.416816 0.459368 -0.784376
vn 0.319009 0.418310 -0.850441
vn 0.505123 -0.058956 -0.861031
vn 0.207622 0.388526 -0.897742
vn 0.319009 0.418310 -0.850441
vn -0.175362 0.932556 -0.315575
vn -0.133657 0.945044 -0.298374
vn 0.343028 -0.101798 -0.933793
vn 0.207622 0.388526 -0.897742
vn 0.088030 0.369302 -0.925131
vn 0.167769 -0.128103 -0.977468
vn -0.035600 0.363013 -0.931104
vn 0.088030 0.369302 -0.925131
vn -0.088520 0.953976 -0.286520
vn -0.040607 0.959860 -0.277524
vn -0.013680 -0.136722 -0.990515
vn -0.035600 0.363013 -0.931104
vn -0.158532 0.367033 -0.916600
vn -0.194499 -0.127745 -0.972549
vn -0.276707 0.382188 -0.881683
vn -0.158532 0.367033 -0.916600
vn 0.007473 0.961536 -0.274577
vn 0.056675 0.958849 -0.278203
vn -0.367646 -0.101413 -0.924420
vn -0.276707 0.382188 -0.881683
vn -0.383163 0.408961 -0.828213
vn -0.526454 -0.058969 -0.848156
vn -0.474309 0.449011 -0.757245
vn -0.383163 0.408961 -0.828213
vn 0.111006 0.950573 -0.289982
vn 0.160956 0.938468 -0.305567
vn -0.664832 -0.001664 -0.746991
vn -0.474309 0.449011 -0.757245
vn -0.549516 0.496135 -0.672222
vn -0.778030 0.067888 -0.624549
vn -0.604472 0.548503 -0.577718
vn -0.549516 0.496135 -0.672222
vn 0.197211 0.921610 -0.334280
vn 0.224673 0.898900 -0.376166
vn -0.861531 0.146972 -0.485967
vn -0.604472 0.548503 -0.577718
vn -0.638402 0.604505 -0.476463
vn -0.912573 0.232527 -0.336365
vn -0.649383 0.663289 -0.371954
vn -0.638402 0.604505 -0.476463
vn 0.240382 0.873037 -0.424292
vn 0.244911 0.846141 -0.473355
vn -0.929356 0.321509 -0.181465
vn -0.649383 0.663289 -0.371954
vn -0.640603 0.721409 -0.263054
vn -0.911496 0.410492 -0.025906
vn -0.610157 0.776460 -0.157539
vn -0.640603 0.721409 -0.263054
vn 0.233595 0.824200 -0.515875
vn 0.205209 0.805821 -0.555466
vn -0.859755 0.495537 0.123547
vn -0.610157 0.776460 -0.157539
vn -0.560016 0.826433 -0.058226
vn -0.776204 0.573830 0.261203
vn -0.487053 0.872913 0.028338
vn -0.560016 0.826433 -0.058226
vn 0.165737 0.789274 -0.591252
vn 0.122076 0.775938 -0.618884
vn -0.663669 0.643037 0.382161
vn -0.487053 0.872913 0.028338
vn -0.397164 0.912630 0.096786
vn -0.526893 0.700614 0.481169
vn -0.290386 0.945818 0.145273
vn -0.397164 0.912630 0.096786
vn 0.074612 0.765444 -0.639162
vn 0.031003 0.761623 -0.647278
vn -0.369635 0.745382 0.554776
vn -0.290386 0.945818 0.145273
vn -0.170282 0.969829 0.174456
vn -0.197277 0.774865 0.600555
vn -0.044651 0.982908 0.178602
vn -0.170282 0.969829 0.174456
vn -0.011020 0.764894 -0.644062
vn -0.053512 0.766512 -0.639996
vn -0.016793 0.787149 0.616534
vn -0.044651 0.982908 0.178602
vn 0.080433 0.983798 0.160227
vn 0.164488 0.781226 0.602188
vn 0.203352 0.971273 0.123600
vn 0.080433 0.983798 0.160227
vn -0.090909 0.765419 -0.637079
vn -0.124727 0.765813 -0.630852
vn 0.340429 0.757156 0.557516
vn 0.203352 0.971273 0.123600
vn 0.315656 0.945988 0.073942
vn 0.502517 0.716046 0.484515
vn 0.412484 0.910943 0.006342
vn 0.315656 0.945988 0.073942
vn -0.163345 0.771153 -0.615338
vn -0.204676 0.776310 -0.596197
vn 0.645004 0.660083 0.385046
vn 0.412484 0.910943 0.006342
vn 0.494426 0.865490 -0.080438
vn 0.763169 0.590534 0.262378
vn 0.555464 0.811935 -0.179501
vn 0.494426 0.865490 -0.080438
vn -0.238350 0.782437 -0.575310
vn -0.263918 0.793752 -0.548001
vn 0.555464 0.811935 -0.179501
vn 0.594203 0.752234 -0.284723
vn 0.905793 0.422603 -0.030755
vn 0.851341 0.510280 0.121789
vn 0.607202 0.689750 -0.394400
vn 0.594203 0.752234 -0.284723
vn -0.279985 0.811467 -0.512962
vn -0.286134 0.831966 -0.475353
vn -0.569498 0.816794 -0.092297
vn -0.664707 0.744595 0.061184
vn -0.728528 0.682644 -0.056953
vn -0.611762 0.770471 -0.179224
vn -0.438832 0.896816 0.056106
vn -0.463367 0.848217 0.256552
vn -0.576776 0.799957 0.165526
vn -0.515534 0.856634 -0.020064
vn -0.221899 0.962212 0.157827
vn -0.181418 0.912951 0.365525
vn -0.329076 0.885780 0.327267
vn -0.336701 0.933997 0.119510
vn 0.048791 0.987664 0.148795
vn 0.135371 0.921538 0.363926
vn -0.023017 0.926443 0.375732
vn -0.087251 0.982435 0.164953
vn 0.310690 0.948698 0.058678
vn 0.432292 0.858098 0.277113
vn 0.286282 0.899139 0.331045
vn 0.179130 0.976788 0.117464
vn 0.570698 0.769619 -0.286340
vn 0.785053 0.601180 -0.149248
vn 0.736155 0.676684 -0.013193
vn 0.533648 0.826006 -0.181476
vn 0.486454 0.542961 -0.684512
vn 0.648396 0.324572 -0.688648
vn 0.731697 0.386617 -0.561379
vn 0.545884 0.604229 -0.580446
vn -0.637233 0.720021 -0.274780
vn -0.766638 0.615371 -0.183261
vn -0.777885 0.547131 -0.309099
vn -0.643343 0.673843 -0.363382
vn 0.559089 0.802995 0.206442
vn 0.406321 0.913608 -0.014980
vn 0.475621 0.875191 -0.088462
vn 0.658369 0.744775 0.108912
vn 0.801747 0.522342 -0.290450
vn 0.583648 0.711768 -0.390822
vn 0.574642 0.660397 -0.483387
vn 0.784655 0.449935 -0.426468
vn 0.540597 0.267760 -0.797533
vn 0.400281 0.488416 -0.775387
vn 0.302462 0.446234 -0.842254
vn 0.415260 0.223787 -0.881748
vn 0.281190 0.202695 -0.938002
vn 0.201690 0.417780 -0.885879
vn 0.080168 0.390340 -0.917174
vn 0.131143 0.199327 -0.971118
vn -0.029068 0.196695 -0.980034
vn -0.063289 0.370028 -0.926862
vn -0.195304 0.368669 -0.908812
vn -0.178279 0.200395 -0.963358
vn -0.319672 0.224672 -0.920507
vn -0.323728 0.388661 -0.862637
vn -0.441215 0.430824 -0.787223
vn -0.454485 0.264885 -0.850458
vn -0.568559 0.313050 -0.760750
vn -0.529092 0.482677 -0.697915
vn -0.583212 0.533084 -0.612932
vn -0.657498 0.362041 -0.660775
vn -0.721292 0.418156 -0.552162
vn -0.616562 0.580100 -0.532293
vn -0.636657 0.628790 -0.446420
vn -0.762536 0.481299 -0.432308
vn -0.286134 0.831966 -0.475353
vn -0.280470 0.854650 -0.436932
vn 0.595485 0.626158 -0.503313
vn 0.607202 0.689750 -0.394400
vn -0.265810 0.877570 -0.399019
vn -0.242173 0.898934 -0.365061
vn 0.498067 0.508498 -0.702395
vn 0.558014 0.565334 -0.607469
vn -0.212472 0.917240 -0.336938
vn -0.175362 0.932556 -0.315575
vn 0.319009 0.418310 -0.850441
vn 0.416816 0.459368 -0.784376
vn -0.133657 0.945044 -0.298374
vn -0.088520 0.953976 -0.286520
vn 0.088030 0.369302 -0.925131
vn 0.207622 0.388526 -0.897742
vn -0.040607 0.959860 -0.277524
vn 0.007473 0.961536 -0.274577
vn -0.158532 0.367033 -0.916600
vn -0.035600 0.363013 -0.931104
vn 0.056675 0.958849 -0.278203
vn 0.111006 0.950573 -0.289982
vn -0.383163 0.408961 -0.828213
vn -0.276707 0.382188 -0.881683
vn 0.160956 0.938468 -0.305567
vn 0.197211 0.921610 -0.334280
vn -0.549516 0.496135 -0.672222
vn -0.474309 0.449011 -0.757245
vn 0.224673 0.898900 -0.376166
vn 0.240382 0.873037 -0.424292
vn -0.638402 0.604505 -0.476463
vn -0.604472 0.548503 -0.577718
vn 0.244911 0.846141 -0.473355
vn 0.233595 0.824200 -0.515875
vn -0.640603 0.721409 -0.263054
vn -0.649383 0.663289 -0.371954
vn 0.205209 0.805821 -0.555466
vn 0.165737 0.789274 -0.591252
vn -0.560016 0.826433 -0.058226
vn -0.610157 0.776460 -0.157539
vn 0.122076 0.775938 -0.618884
vn 0.074612 0.765444 -0.639162
vn -0.397164 0.912630 0.096786
vn -0.487053 0.872913 0.028338
vn 0.031003 0.761623 -0.647278
vn -0.011020 0.764894 -0.644062
vn -0.170282 0.969829 0.174456
vn -0.290386 0.945818 0.145273
vn -0.053512 0.766512 -0.639996
vn -0.090909 0.765419 -0.637079
vn 0.080433 0.983798 0.160227
vn -0.044651 0.982908 0.178602
vn -0.124727 0.765813 -0.630852
vn -0.163345 0.771153 -0.615338
vn 0.315656 0.945988 0.073942
vn 0.203352 0.971273 0.123600
vn -0.204676 0.776310 -0.596197
vn -0.238350 0.782437 -0.575310
vn 0.494426 0.865490 -0.080438
vn 0.412484 0.910943 0.006342
vn -0.263918 0.793752 -0.548001
vn -0.279985 0.811467 -0.512962
vn 0.594203 0.752234 -0.284723
vn 0.555464 0.811935 -0.179501
vn 0.852475 0.151300 -0.500395
vn 0.906329 0.239422 -0.348202
vn 0.595485 0.626158 -0.503313
vn 0.558014 0.565334 -0.607469
vn -0.280470 0.854650 -0.436932
vn -0.766638 0.615371 -0.183261
vn -0.728528 0.682644 -0.056953
vn -0.265810 0.877570 -0.399019
vn 0.647729 -0.000834 -0.761870
vn 0.765098 0.070067 -0.640090
vn 0.498067 0.508498 -0.702395
vn 0.416816 0.459368 -0.784376
vn -0.242173 0.898934 -0.365061
vn -0.664707 0.744595 0.061184
vn -0.576776 0.799957 0.165526
vn -0.212472 0.917240 -0.336938
vn 0.343028 -0.101798 -0.933793
vn 0.505123 -0.058956 -0.861031
vn 0.319009 0.418310 -0.850441
vn 0.207622 0.388526 -0.897742
vn -0.175362 0.932556 -0.315575
vn -0.463367 0.848217 0.256552
vn -0.329076 0.885780 0.327267
vn -0.133657 0.945044 -0.298374
vn -0.013680 -0.136722 -0.990515
vn 0.167769 -0.128103 -0.977468
vn 0.088030 0.369302 -0.925131
vn -0.035600 0.363013 -0.931104
vn -0.088520 0.953976 -0.286520
vn -0.181418 0.912951 0.365525
vn -0.023017 0.926443 0.375732
vn -0.040607 0.959860 -0.277524
vn -0.367646 -0.101413 -0.924420
vn -0.194499 -0.127745 -0.972549
vn -0.158532 0.367033 -0.916600
vn -0.276707 0.382188 -0.881683
vn 0.007473 0.961536 -0.274577
vn 0.135371 0.921538 0.363926
vn 0.286282 0.899139 0.331045
vn 0.056675 0.958849 -0.278203
vn -0.664832 -0.001664 -0.746991
vn -0.526454 -0.058969 -0.848156
vn -0.383163 0.408961 -0.828213
vn -0.474309 0.449011 -0.757245
vn 0.432292 0.858098 0.277113
vn 0.559089 0.802995 0.206442
vn 0.160956 0.938468 -0.305567
vn 0.111006 0.950573 -0.289982
vn -0.861531 0.146972 -0.485967
vn -0.778030 0.067888 -0.624549
vn -0.549516 0.496135 -0.672222
vn -0.604472 0.548503 -0.577718
vn 0.658369 0.744775 0.108912
vn 0.736155 0.676684 -0.013193
vn 0.224673 0.898900 -0.376166
vn 0.197211 0.921610 -0.334280
vn -0.929356 0.321509 -0.181465
vn -0.912573 0.232527 -0.336365
vn -0.638402 0.604505 -0.476463
vn -0.649383 0.663289 -0.371954
vn 0.785053 0.601180 -0.149248
vn 0.801747 0.522342 -0.290450
vn 0.244911 0.846141 -0.473355
vn 0.240382 0.873037 -0.424292
vn -0.859755 0.495537 0.123547
vn -0.911496 0.410492 -0.025906
vn -0.640603 0.721409 -0.263054
vn -0.610157 0.776460 -0.157539
vn 0.784655 0.449935 -0.426468
vn 0.731697 0.386617 -0.561379
vn 0.205209 0.805821 -0.555466
vn 0.233595 0.824200 -0.515875
vn -0.663669 0.643037 0.382161
vn -0.776204 0.573830 0.261203
vn -0.560016 0.826433 -0.058226
vn -0.487053 0.872913 0.028338
vn 0.648396 0.324572 -0.688648
vn 0.540597 0.267760 -0.797533
vn 0.122076 0.775938 -0.618884
vn 0.165737 0.789274 -0.591252
vn -0.369635 0.745382 0.554776
vn -0.526893 0.700614 0.481169
vn -0.397164 0.912630 0.096786
vn -0.290386 0.945818 0.145273
vn 0.415260 0.223787 -0.881748
vn 0.281190 0.202695 -0.938002
vn 0.031003 0.761623 -0.647278
vn 0.074612 0.765444 -0.639162
vn -0.016793 0.787149 0.616534
vn -0.197277 0.774865 0.600555
vn -0.170282 0.969829 0.174456
vn -0.044651 0.982908 0.178602
vn 0.131143 0.199327 -0.971118
vn -0.029068 0.196695 -0.980034
vn -0.053512 0.766512 -0.639996
vn -0.011020 0.764894 -0.644062
vn 0.340429 0.757156 0.557516
vn 0.164488 0.781226 0.602188
vn 0.080433 0.983798 0.160227
vn 0.203352 0.971273 0.123600
vn -0.178279 0.200395 -0.963358
vn -0.319672 0.224672 -0.920507
vn -0.124727 0.765813 -0.630852
vn -0.090909 0.765419 -0.637079
vn 0.645004 0.660083 0.385046
vn 0.502517 0.716046 0.484515
vn 0.315656 0.945988 0.073942
vn 0.412484 0.910943 0.006342
vn -0.454485 0.264885 -0.850458
vn -0.568559 0.313050 -0.760750
vn -0.204676 0.776310 -0.596197
vn -0.163345 0.771153 -0.615338
vn 0.851341 0.510280 0.121789
vn 0.763169 0.590534 0.262378
vn 0.494426 0.865490 -0.080438
vn 0.555464 0.811935 -0.179501
vn -0.657498 0.362041 -0.660775
vn -0.721292 0.418156 -0.552162
vn -0.263918 0.793752 -0.548001
vn -0.238350 0.782437 -0.575310
vn 0.924331 0.331156 -0.189599
vn 0.905793 0.422603 -0.030755
vn 0.594203 0.752234 -0.284723
vn 0.607202 0.689750 -0.394400
vn -0.762536 0.481299 -0.432308
vn -0.777885 0.547131 -0.309099
vn -0.286134 0.831966 -0.475353
vn -0.279985 0.811467 -0.512962
vn -0.777885 0.547131 -0.309099
vn -0.766638 0.615371 -0.183261
vn -0.280470 0.854650 -0.436932
vn -0.286134 0.831966 -0.475353
vn -0.265810 0.877570 -0.399019
vn -0.728528 0.682644 -0.056953
vn -0.664707 0.744595 0.061184
vn -0.242173 0.898934 -0.365061
vn -0.212472 0.917240 -0.336938
vn -0.576776 0.799957 0.165526
vn -0.463367 0.848217 0.256552
vn -0.175362 0.932556 -0.315575
vn -0.133657 0.945044 -0.298374
vn -0.329076 0.885780 0.327267
vn -0.181418 0.912951 0.365525
vn -0.088520 0.953976 -0.286520
vn -0.040607 0.959860 -0.277524
vn -0.023017 0.926443 0.375732
vn 0.135371 0.921538 0.363926
vn 0.007473 0.961536 -0.274577
vn 0.056675 0.958849 -0.278203
vn 0.286282 0.899139 0.331045
vn 0.432292 0.858098 0.277113
vn 0.111006 0.950573 -0.289982
vn 0.559089 0.802995 0.206442
vn 0.658369 0.744775 0.108912
vn 0.197211 0.921610 -0.334280
vn 0.160956 0.938468 -0.305567
vn 0.736155 0.676684 -0.013193
vn 0.785053 0.601180 -0.149248
vn 0.240382 0.873037 -0.424292
vn 0.224673 0.898900 -0.376166
vn 0.801747 0.522342 -0.290450
vn 0.784655 0.449935 -0.426468
vn 0.233595 0.824200 -0.515875
vn 0.244911 0.846141 -0.473355
vn 0.731697 0.386617 -0.561379
vn 0.648396 0.324572 -0.688648
vn 0.165737 0.789274 -0.591252
vn 0.205209 0.805821 -0.555466
vn 0.540597 0.267760 -0.797533
vn 0.415260 0.223787 -0.881748
vn 0.074612 0.765444 -0.639162
vn 0.122076 0.775938 -0.618884
vn 0.281190 0.202695 -0.938002
vn 0.131143 0.199327 -0.971118
vn -0.011020 0.764894 -0.644062
vn 0.031003 0.761623 -0.647278
vn -0.029068 0.196695 -0.980034
vn -0.178279 0.200395 -0.963358
vn -0.090909 0.765419 -0.637079
vn -0.053512 0.766512 -0.639996
vn -0.319672 0.224672 -0.920507
vn -0.454485 0.264885 -0.850458
vn -0.163345 0.771153 -0.615338
vn -0.124727 0.765813 -0.630852
vn -0.568559 0.313050 -0.760750
vn -0.657498 0.362041 -0.660775
vn -0.238350 0.782437 -0.575310
vn -0.204676 0.776310 -0.596197
vn -0.263918 0.793752 -0.548001
vn -0.721292 0.418156 -0.552162
vn -0.762536 0.481299 -0.432308
vn -0.279985 0.811467 -0.512962
vn -0.611762 0.770471 -0.179224
vn -0.637233 0.720021 -0.274780
vn -0.359372 0.839972 -0.406570
vn -0.343777 0.864449 -0.366804
vn -0.637233 0.720021 -0.274780
vn -0.643343 0.673843 -0.363382
vn -0.365285 0.821335 -0.438150
vn -0.359372 0.839972 -0.406570
vn -0.515534 0.856634 -0.020064
vn -0.569498 0.816794 -0.092297
vn -0.326088 0.883872 -0.335316
vn -0.310907 0.895620 -0.318123
vn -0.569498 0.816794 -0.092297
vn -0.611762 0.770471 -0.179224
vn -0.343777 0.864449 -0.366804
vn -0.326088 0.883872 -0.335316
vn -0.236726 0.931103 -0.277505
vn -0.336701 0.933997 0.119510
vn -0.438832 0.896816 0.056106
vn -0.280294 0.912206 -0.298859
vn -0.280294 0.912206 -0.298859
vn -0.438832 0.896816 0.056106
vn -0.515534 0.856634 -0.020064
vn -0.310907 0.895620 -0.318123
vn -0.131332 0.957027 -0.258557
vn -0.087251 0.982435 0.164953
vn -0.221899 0.962212 0.157827
vn -0.192873 0.945176 -0.263519
vn -0.192873 0.945176 -0.263519
vn -0.221899 0.962212 0.157827
vn -0.336701 0.933997 0.119510
vn -0.236726 0.931103 -0.277505
vn -0.005817 0.959210 -0.282636
vn 0.179130 0.976788 0.117464
vn 0.048791 0.987664 0.148795
vn -0.067086 0.962352 -0.263399
vn -0.067086 0.962352 -0.263399
vn 0.048791 0.987664 0.148795
vn -0.087251 0.982435 0.164953
vn -0.131332 0.957027 -0.258557
vn 0.406321 0.913608 -0.014980
vn 0.310690 0.948698 0.058678
vn 0.066643 0.944546 -0.321547
vn 0.108812 0.929433 -0.352583
vn 0.310690 0.948698 0.058678
vn 0.179130 0.976788 0.117464
vn -0.005817 0.959210 -0.282636
vn 0.066643 0.944546 -0.321547
vn 0.533648 0.826006 -0.181476
vn 0.475621 0.875191 -0.088462
vn 0.124015 0.918468 -0.375549
vn 0.140278 0.901756 -0.408849
vn 0.475621 0.875191 -0.088462
vn 0.406321 0.913608 -0.014980
vn 0.108812 0.929433 -0.352583
vn 0.124015 0.918468 -0.375549
vn 0.583648 0.711768 -0.390822
vn 0.570698 0.769619 -0.286340
vn 0.150693 0.882769 -0.444983
vn 0.155285 0.865894 -0.475515
vn 0.570698 0.769619 -0.286340
vn 0.533648 0.826006 -0.181476
vn 0.140278 0.901756 -0.408849
vn 0.150693 0.882769 -0.444983
vn 0.545884 0.604229 -0.580446
vn 0.574642 0.660397 -0.483387
vn 0.159968 0.855249 -0.492910
vn 0.159955 0.838060 -0.521603
vn 0.574642 0.660397 -0.483387
vn 0.583648 0.711768 -0.390822
vn 0.155285 0.865894 -0.475515
vn 0.159968 0.855249 -0.492910
vn 0.104680 0.784034 -0.611827
vn 0.400281 0.488416 -0.775387
vn 0.486454 0.542961 -0.684512
vn 0.142715 0.809296 -0.569800
vn 0.142715 0.809296 -0.569800
vn 0.486454 0.542961 -0.684512
vn 0.545884 0.604229 -0.580446
vn 0.159955 0.838060 -0.521603
vn 0.201690 0.417780 -0.885879
vn 0.302462 0.446234 -0.842254
vn 0.062849 0.766803 -0.638799
vn 0.029314 0.751375 -0.659225
vn 0.062849 0.766803 -0.638799
vn 0.302462 0.446234 -0.842254
vn 0.400281 0.488416 -0.775387
vn 0.104680 0.784034 -0.611827
vn -0.063289 0.370028 -0.926862
vn 0.080168 0.390340 -0.917174
vn -0.023370 0.731064 -0.681908
vn -0.098339 0.714909 -0.692268
vn 0.080168 0.390340 -0.917174
vn 0.201690 0.417780 -0.885879
vn 0.029314 0.751375 -0.659225
vn -0.023370 0.731064 -0.681908
vn -0.323728 0.388661 -0.862637
vn -0.195304 0.368669 -0.908812
vn -0.160054 0.710144 -0.685623
vn -0.224921 0.714809 -0.662162
vn -0.195304 0.368669 -0.908812
vn -0.063289 0.370028 -0.926862
vn -0.098339 0.714909 -0.692268
vn -0.160054 0.710144 -0.685623
vn -0.529092 0.482677 -0.697915
vn -0.441215 0.430824 -0.787223
vn -0.291741 0.727259 -0.621274
vn -0.338734 0.748876 -0.569600
vn -0.441215 0.430824 -0.787223
vn -0.323728 0.388661 -0.862637
vn -0.224921 0.714809 -0.662162
vn -0.291741 0.727259 -0.621274
vn -0.616562 0.580100 -0.532293
vn -0.583212 0.533084 -0.612932
vn -0.359601 0.768141 -0.529761
vn -0.364230 0.786819 -0.498249
vn -0.583212 0.533084 -0.612932
vn -0.529092 0.482677 -0.697915
vn -0.338734 0.748876 -0.569600
vn -0.359601 0.768141 -0.529761
vn -0.643343 0.673843 -0.363382
vn -0.636657 0.628790 -0.446420
vn -0.366414 0.805938 -0.464979
vn -0.365285 0.821335 -0.438150
vn -0.636657 0.628790 -0.446420
vn -0.616562 0.580100 -0.532293
vn -0.364230 0.786819 -0.498249
vn -0.366414 0.805938 -0.464979
vn -0.920452 0.260195 0.291662
vn -0.783802 0.619908 0.037007
vn -0.851642 0.453906 -0.262062
vn -0.996290 0.074526 -0.043027
vn -0.920452 0.260195 0.291662
vn -0.704484 0.406251 0.581948
vn -0.590656 0.750588 0.296215
vn -0.783802 0.619908 0.037007
vn -0.704484 0.406251 0.581948
vn -0.381264 0.490460 0.783637
vn -0.301724 0.826034 0.476057
vn -0.590656 0.750588 0.296215
vn -0.381264 0.490460 0.783637
vn 0.000000 0.500000 0.866026
vn 0.038892 0.834793 0.549189
vn -0.301724 0.826034 0.476057
vn 0.000000 0.500000 0.866026
vn 0.381264 0.433420 0.816569
vn 0.379293 0.775590 0.504575
vn 0.038892 0.834793 0.549189
vn 0.381264 0.433420 0.816569
vn 0.704484 0.300855 0.642797
vn 0.667702 0.657494 0.349107
vn 0.379293 0.775590 0.504575
vn 0.704484 0.300855 0.642797
vn 0.920452 0.122488 0.371166
vn 0.860325 0.498496 0.106499
vn 0.667702 0.657494 0.349107
vn 0.920452 0.122488 0.371166
vn 0.996291 -0.074526 0.043028
vn 0.927949 0.322774 -0.186353
vn 0.860325 0.498496 0.106499
vn 0.996291 -0.074526 0.043028
vn 0.920453 -0.260194 -0.291661
vn 0.860325 0.157018 -0.484959
vn 0.927949 0.322774 -0.186353
vn 0.920453 -0.260194 -0.291661
vn 0.704484 -0.406251 -0.581948
vn 0.667703 0.026412 -0.743959
vn 0.860325 0.157018 -0.484959
vn 0.704484 -0.406251 -0.581948
vn 0.381264 -0.490460 -0.783637
vn 0.379293 -0.049179 -0.923969
vn 0.667703 0.026412 -0.743959
vn 0.381264 -0.490460 -0.783637
vn 0.000000 -0.500000 -0.866026
vn 0.038893 -0.058214 -0.997546
vn 0.379293 -0.049179 -0.923969
vn 0.000000 -0.500000 -0.866026
vn -0.381264 -0.433420 -0.816569
vn -0.301725 0.000741 -0.953395
vn 0.038893 -0.058214 -0.997546
vn -0.381264 -0.433420 -0.816569
vn -0.704484 -0.300855 -0.642797
vn -0.590656 0.118765 -0.798135
vn -0.301725 0.000741 -0.953395
vn -0.704484 -0.300855 -0.642797
vn -0.920452 -0.122488 -0.371166
vn -0.783801 0.277906 -0.555360
vn -0.590656 0.118765 -0.798135
vn -0.920452 -0.122488 -0.371166
vn -0.996290 0.074526 -0.043027
vn -0.851642 0.453906 -0.262062
vn -0.783801 0.277906 -0.555360
vn -0.263025 0.897597 -0.353748
vn 0.086845 0.862754 -0.498111
vn -0.291322 0.828462 -0.478312
vn -0.182496 0.951972 -0.245854
vn 0.086845 0.862754 -0.498111
vn -0.263025 0.897597 -0.353748
vn -0.062127 0.983291 -0.171111
vn 0.086845 0.862754 -0.498111
vn -0.182496 0.951972 -0.245854
vn 0.079626 0.986823 -0.140852
vn 0.086845 0.862754 -0.498111
vn -0.062127 0.983291 -0.171111
vn 0.221130 0.962101 -0.159573
vn 0.086845 0.862754 -0.498111
vn 0.079626 0.986823 -0.140852
vn 0.340898 0.912948 -0.224310
vn 0.086845 0.862754 -0.498111
vn 0.221130 0.962101 -0.159573
vn 0.420825 0.846865 -0.325155
vn 0.086845 0.862754 -0.498111
vn 0.340898 0.912948 -0.224310
vn 0.448873 0.773877 -0.446797
vn 0.086845 0.862754 -0.498111
vn 0.420825 0.846865 -0.325155
vn 0.420825 0.705026 -0.570828
vn 0.086845 0.862754 -0.498111
vn 0.448873 0.773877 -0.446797
vn 0.340898 0.650733 -0.678480
vn 0.086845 0.862754 -0.498111
vn 0.420825 0.705026 -0.570828
vn 0.221130 0.619246 -0.753416
vn 0.086845 0.862754 -0.498111
vn 0.340898 0.650733 -0.678480
vn 0.079626 0.615394 -0.784187
vn 0.086845 0.862754 -0.498111
vn 0.221130 0.619246 -0.753416
vn -0.062127 0.639834 -0.765998
vn 0.086845 0.862754 -0.498111
vn 0.079626 0.615394 -0.784187
vn -0.182496 0.688903 -0.701504
vn 0.086845 0.862754 -0.498111
vn -0.062127 0.639834 -0.765998
vn -0.263024 0.755153 -0.600468
vn 0.086845 0.862754 -0.498111
vn -0.182496 0.688903 -0.701504
vn -0.291322 0.828462 -0.478312
vn 0.086845 0.862754 -0.498111
vn -0.263024 0.755153 -0.600468
vn -0.263025 0.897597 -0.353748
vn -0.291322 0.828462 -0.478312
vn -0.851642 0.453906 -0.262062
vn -0.783802 0.619908 0.037007
vn -0.182496 0.951972 -0.245854
vn -0.263025 0.897597 -0.353748
vn -0.783802 0.619908 0.037007
vn -0.590656 0.750588 0.296215
vn -0.062127 0.983291 -0.171111
vn -0.182496 0.951972 -0.245854
vn -0.590656 0.750588 0.296215
vn -0.301724 0.826034 0.476057
vn 0.079626 0.986823 -0.140852
vn -0.062127 0.983291 -0.171111
vn -0.301724 0.826034 0.476057
vn 0.038892 0.834793 0.549189
vn 0.221130 0.962101 -0.159573
vn 0.079626 0.986823 -0.140852
vn 0.038892 0.834793 0.549189
vn 0.379293 0.775590 0.504575
vn 0.340898 0.912948 -0.224310
vn 0.221130 0.962101 -0.159573
vn 0.379293 0.775590 0.504575
vn 0.667702 0.657494 0.349107
vn 0.420825 0.846865 -0.325155
vn 0.340898 0.912948 -0.224310
vn 0.667702 0.657494 0.349107
vn 0.860325 0.498496 0.106499
vn 0.448873 0.773877 -0.446797
vn 0.420825 0.846865 -0.325155
vn 0.860325 0.498496 0.106499
vn 0.927949 0.322774 -0.186353
vn 0.420825 0.705026 -0.570828
vn 0.448873 0.773877 -0.446797
vn 0.927949 0.322774 -0.186353
vn 0.860325 0.157018 -0.484959
vn 0.340898 0.650733 -0.678480
vn 0.420825 0.705026 -0.570828
vn 0.860325 0.157018 -0.484959
vn 0.667703 0.026412 -0.743959
vn 0.221130 0.619246 -0.753416
vn 0.340898 0.650733 -0.678480
vn 0.667703 0.026412 -0.743959
vn 0.379293 -0.049179 -0.923969
vn 0.079626 0.615394 -0.784187
vn 0.221130 0.619246 -0.753416
vn 0.379293 -0.049179 -0.923969
vn 0.038893 -0.058214 -0.997546
vn -0.062127 0.639834 -0.765998
vn 0.079626 0.615394 -0.784187
vn 0.038893 -0.058214 -0.997546
vn -0.301725 0.000741 -0.953395
vn -0.182496 0.688903 -0.701504
vn -0.062127 0.639834 -0.765998
vn -0.301725 0.000741 -0.953395
vn -0.590656 0.118765 -0.798135
vn -0.263024 0.755153 -0.600468
vn -0.182496 0.688903 -0.701504
vn -0.590656 0.118765 -0.798135
vn -0.783801 0.277906 -0.555360
vn -0.291322 0.828462 -0.478312
vn -0.263024 0.755153 -0.600468
vn -0.783801 0.277906 -0.555360
vn -0.851642 0.453906 -0.262062
vn -0.922154 0.240216 0.303196
vn -0.795740 0.603900 0.045860
vn -0.863595 0.436638 -0.252093
vn -0.998133 0.052900 -0.030542
vn -0.922154 0.240216 0.303196
vn -0.705786 0.390961 0.590776
vn -0.602520 0.738538 0.302543
vn -0.795740 0.603900 0.045860
vn -0.705786 0.390961 0.590776
vn -0.381969 0.482185 0.788415
vn -0.313389 0.820048 0.478862
vn -0.602520 0.738538 0.302543
vn -0.381969 0.482185 0.788415
vn 0.000000 0.500001 0.866025
vn 0.027596 0.836030 0.547989
vn -0.313389 0.820048 0.478862
vn 0.000000 0.500001 0.866025
vn 0.381969 0.441697 0.811791
vn 0.368509 0.784073 0.499430
vn 0.027596 0.836030 0.547989
vn 0.381969 0.441697 0.811791
vn 0.705786 0.316148 0.633969
vn 0.657465 0.672104 0.340612
vn 0.368509 0.784073 0.499430
vn 0.705786 0.316148 0.633969
vn 0.922154 0.142469 0.359630
vn 0.850510 0.517174 0.095729
vn 0.657465 0.672104 0.340612
vn 0.922154 0.142469 0.359630
vn 0.998133 -0.052899 0.030542
vn 0.918293 0.342861 -0.197951
vn 0.850510 0.517174 0.095729
vn 0.998133 -0.052899 0.030542
vn 0.922155 -0.240215 -0.303196
vn 0.850510 0.175683 -0.495750
vn 0.918293 0.342861 -0.197951
vn 0.922155 -0.240215 -0.303196
vn 0.705787 -0.390960 -0.590776
vn 0.657465 0.041073 -0.752365
vn 0.850510 0.175683 -0.495750
vn 0.705787 -0.390960 -0.590776
vn 0.381968 -0.482184 -0.788415
vn 0.368509 -0.040483 -0.928742
vn 0.657465 0.041073 -0.752365
vn 0.381968 -0.482184 -0.788415
vn 0.000000 -0.500001 -0.866025
vn 0.027596 -0.056556 -0.998018
vn 0.368509 -0.040483 -0.928742
vn 0.000000 -0.500001 -0.866025
vn -0.381968 -0.441696 -0.811791
vn -0.313389 -0.004684 -0.949613
vn 0.027596 -0.056556 -0.998018
vn -0.381968 -0.441696 -0.811791
vn -0.705787 -0.316148 -0.633968
vn -0.602520 0.107259 -0.790864
vn -0.313389 -0.004684 -0.949613
vn -0.705787 -0.316148 -0.633968
vn -0.922154 -0.142468 -0.359630
vn -0.795740 0.262234 -0.545923
vn -0.602520 0.107259 -0.790864
vn -0.922154 -0.142468 -0.359630
vn -0.998133 0.052900 -0.030542
vn -0.863595 0.436638 -0.252093
vn -0.795740 0.262234 -0.545923
vn -0.285328 0.891829 -0.351040
vn 0.061713 0.864375 -0.499047
vn -0.313512 0.822365 -0.474791
vn -0.205076 0.947733 -0.244428
vn 0.061713 0.864375 -0.499047
vn -0.285328 0.891829 -0.351040
vn -0.084992 0.981565 -0.171194
vn 0.061713 0.864375 -0.499047
vn -0.205076 0.947733 -0.244428
vn 0.056624 0.988177 -0.142479
vn 0.061713 0.864375 -0.499047
vn -0.084992 0.981565 -0.171194
vn 0.198203 0.966573 -0.162639
vn 0.061713 0.864375 -0.499047
vn 0.056624 0.988177 -0.142479
vn 0.318201 0.920052 -0.228589
vn 0.061713 0.864375 -0.499047
vn 0.198203 0.966573 -0.162639
vn 0.398367 0.855698 -0.330280
vn 0.061713 0.864375 -0.499047
vn 0.318201 0.920052 -0.228589
vn 0.426514 0.783304 -0.452240
vn 0.061713 0.864375 -0.499047
vn 0.398367 0.855698 -0.330280
vn 0.398366 0.713881 -0.575916
vn 0.061713 0.864375 -0.499047
vn 0.426514 0.783304 -0.452240
vn 0.318200 0.657990 -0.682494
vn 0.061713 0.864375 -0.499047
vn 0.398366 0.713881 -0.575916
vn 0.198203 0.624137 -0.755757
vn 0.061713 0.864375 -0.499047
vn 0.318200 0.657990 -0.682494
vn 0.056624 0.617480 -0.784546
vn 0.061713 0.864375 -0.499047
vn 0.198203 0.624137 -0.755757
vn -0.084992 0.639041 -0.764462
vn 0.061713 0.864375 -0.499047
vn 0.056624 0.617480 -0.784546
vn -0.205075 0.685549 -0.698547
vn 0.061713 0.864375 -0.499047
vn -0.084992 0.639041 -0.764462
vn -0.285328 0.749925 -0.596826
vn 0.061713 0.864375 -0.499047
vn -0.205075 0.685549 -0.698547
vn -0.313512 0.822365 -0.474791
vn 0.061713 0.864375 -0.499047
vn -0.285328 0.749925 -0.596826
vn -0.285328 0.891829 -0.351040
vn -0.313512 0.822365 -0.474791
vn -0.863595 0.436638 -0.252093
vn -0.795740 0.603900 0.045860
vn -0.205076 0.947733 -0.244428
vn -0.285328 0.891829 -0.351040
vn -0.795740 0.603900 0.045860
vn -0.602520 0.738538 0.302543
vn -0.084992 0.981565 -0.171194
vn -0.205076 0.947733 -0.244428
vn -0.602520 0.738538 0.302543
vn -0.313389 0.820048 0.478862
vn 0.056624 0.988177 -0.142479
vn -0.084992 0.981565 -0.171194
vn -0.313389 0.820048 0.478862
vn 0.027596 0.836030 0.547989
vn 0.198203 0.966573 -0.162639
vn 0.056624 0.988177 -0.142479
vn 0.027596 0.836030 0.547989
vn 0.368509 0.784073 0.499430
vn 0.318201 0.920052 -0.228589
vn 0.198203 0.966573 -0.162639
vn 0.368509 0.784073 0.499430
vn 0.657465 0.672104 0.340612
vn 0.398367 0.855698 -0.330280
vn 0.318201 0.920052 -0.228589
vn 0.657465 0.672104 0.340612
vn 0.850510 0.517174 0.095729
vn 0.426514 0.783304 -0.452240
vn 0.398367 0.855698 -0.330280
vn 0.850510 0.517174 0.095729
vn 0.918293 0.342861 -0.197951
vn 0.398366 0.713881 -0.575916
vn 0.426514 0.783304 -0.452240
vn 0.918293 0.342861 -0.197951
vn 0.850510 0.175683 -0.495750
vn 0.318200 0.657990 -0.682494
vn 0.398366 0.713881 -0.575916
vn 0.850510 0.175683 -0.495750
vn 0.657465 0.041073 -0.752365
vn 0.198203 0.624137 -0.755757
vn 0.318200 0.657990 -0.682494
vn 0.657465 0.041073 -0.752365
vn 0.368509 -0.040483 -0.928742
vn 0.056624 0.617480 -0.784546
vn 0.198203 0.624137 -0.755757
vn 0.368509 -0.040483 -0.928742
vn 0.027596 -0.056556 -0.998018
vn -0.084992 0.639041 -0.764462
vn 0.056624 0.617480 -0.784546
vn 0.027596 -0.056556 -0.998018
vn -0.313389 -0.004684 -0.949613
vn -0.205075 0.685549 -0.698547
vn -0.084992 0.639041 -0.764462
vn -0.313389 -0.004684 -0.949613
vn -0.602520 0.107259 -0.790864
vn -0.285328 0.749925 -0.596826
vn -0.205075 0.685549 -0.698547
vn -0.602520 0.107259 -0.790864
vn -0.795740 0.262234 -0.545923
vn -0.313512 0.822365 -0.474791
vn -0.285328 0.749925 -0.596826
vn -0.795740 0.262234 -0.545923
vn -0.863595 0.436638 -0.252093
vn 0.949001 0.154128 0.275031
vn 0.938267 0.143008 0.314967
vn 0.948835 0.195551 0.247934
vn 0.963749 -0.077005 0.255456
vn 0.959085 -0.132803 0.250037
vn 0.966488 0.065705 0.248162
vn 0.962806 0.052975 0.264949
vn 0.966138 -0.007871 0.257906
vn 0.946443 -0.181398 0.267096
vn 0.963749 -0.077005 0.255456
vn 0.962806 0.052975 0.264949
vn 0.979139 -0.047808 0.197485
vn 0.943262 -0.232062 0.237497
vn 0.946443 -0.181398 0.267096
vn 0.966138 -0.007871 0.257906
vn 0.977164 0.211410 -0.021353
vn 0.988887 0.145763 0.029270
vn 0.979163 0.154380 0.131938
vn 0.972572 0.220571 0.073845
vn 0.993481 -0.058557 0.097805
vn 0.955271 -0.249881 0.158163
vn 0.943262 -0.232062 0.237497
vn 0.979139 -0.047808 0.197485
vn 0.978423 0.163565 -0.126231
vn 0.990360 0.090057 -0.105251
vn 0.990220 0.127508 -0.056623
vn 0.976430 0.195075 -0.092356
vn 0.965544 -0.254824 0.052814
vn 0.997999 -0.063100 -0.004058
vn 0.994078 -0.078039 -0.075626
vn 0.964601 -0.260782 -0.039212
vn 0.990457 0.040657 -0.131691
vn 0.983214 0.115612 -0.141150
vn 0.988898 0.023298 -0.146757
vn 0.963749 -0.077005 0.255456
vn 0.946443 -0.181398 0.267096
vn 0.930392 -0.243878 0.273669
vn 0.959085 -0.132803 0.250037
vn 0.946443 -0.181398 0.267096
vn 0.943262 -0.232062 0.237497
vn 0.920916 -0.287919 0.262709
vn 0.930392 -0.243878 0.273669
vn 0.943262 -0.232062 0.237497
vn 0.955271 -0.249881 0.158163
vn 0.931658 -0.305868 0.196109
vn 0.920916 -0.287919 0.262709
vn 0.955271 -0.249881 0.158163
vn 0.965544 -0.254824 0.052814
vn 0.941854 -0.321592 0.097417
vn 0.931658 -0.305868 0.196109
vn 0.965544 -0.254824 0.052814
vn 0.964601 -0.260782 -0.039212
vn 0.941182 -0.337790 0.008587
vn 0.941854 -0.321592 0.097417
vn 0.958877 -0.264809 -0.102134
vn 0.986761 -0.109515 -0.119620
vn 0.982826 -0.120908 -0.139408
vn 0.949295 -0.289229 -0.123228
vn 0.966138 -0.007871 0.257906
vn 0.962806 0.052975 0.264949
vn 0.949001 0.154128 0.275031
vn 0.963682 0.160791 0.213220
vn 0.979139 -0.047808 0.197485
vn 0.966138 -0.007871 0.257906
vn 0.963682 0.160791 0.213220
vn 0.979163 0.154380 0.131938
vn 0.993481 -0.058557 0.097805
vn 0.979139 -0.047808 0.197485
vn 0.979163 0.154380 0.131938
vn 0.988887 0.145763 0.029270
vn 0.997999 -0.063100 -0.004058
vn 0.990220 0.127508 -0.056623
vn 0.990360 0.090057 -0.105251
vn 0.994078 -0.078039 -0.075626
vn 0.958877 -0.264809 -0.102134
vn 0.937160 -0.341986 -0.069119
vn 0.941182 -0.337790 0.008587
vn 0.964601 -0.260782 -0.039212
vn 0.990360 0.090057 -0.105251
vn 0.978423 0.163565 -0.126231
vn 0.983214 0.115612 -0.141150
vn 0.990457 0.040657 -0.131691
vn 0.994078 -0.078039 -0.075626
vn 0.990360 0.090057 -0.105251
vn 0.990457 0.040657 -0.131691
vn 0.986761 -0.109515 -0.119620
vn 0.958877 -0.264809 -0.102134
vn 0.964601 -0.260782 -0.039212
vn 0.994078 -0.078039 -0.075626
vn 0.986761 -0.109515 -0.119620
vn 0.965544 -0.254824 0.052814
vn 0.955271 -0.249881 0.158163
vn 0.993481 -0.058557 0.097805
vn 0.997999 -0.063100 -0.004058
vn 0.990220 0.127508 -0.056623
vn 0.997999 -0.063100 -0.004058
vn 0.993481 -0.058557 0.097805
vn 0.988887 0.145763 0.029270
vn 0.976430 0.195075 -0.092356
vn 0.990220 0.127508 -0.056623
vn 0.988887 0.145763 0.029270
vn 0.977164 0.211410 -0.021353
vn 0.963682 0.160791 0.213220
vn 0.949001 0.154128 0.275031
vn 0.948835 0.195551 0.247934
vn 0.961496 0.221415 0.162792
vn 0.979163 0.154380 0.131938
vn 0.963682 0.160791 0.213220
vn 0.961496 0.221415 0.162792
vn 0.972572 0.220571 0.073845
vn 0.986761 -0.109515 -0.119620
vn 0.990457 0.040657 -0.131691
vn 0.988898 0.023298 -0.146757
vn 0.982826 -0.120908 -0.139408
vn 0.938267 0.143008 0.314967
vn 0.949001 0.154128 0.275031
vn 0.962806 0.052975 0.264949
vn 0.966488 0.065705 0.248162
vn 0.949295 -0.289229 -0.123228
vn 0.937160 -0.341986 -0.069119
vn 0.958877 -0.264809 -0.102134
vn 0.000000 0.758943 -0.651157
vn 0.000000 0.574707 -0.818359
vn 0.000000 0.592339 -0.805689
vn 0.000000 0.784343 -0.620328
vn 0.000000 0.506798 -0.862065
vn 0.000000 0.383782 -0.923424
vn 0.000000 0.386992 -0.922083
vn 0.000000 0.507150 -0.861858
vn 0.000000 0.574707 -0.818359
vn 0.000000 0.506798 -0.862065
vn 0.000000 0.507150 -0.861858
vn 0.000000 0.592339 -0.805689
vn 0.000000 0.937388 -0.348288
vn 0.000000 0.758943 -0.651157
vn 0.000000 0.784343 -0.620328
vn 0.000000 0.945964 -0.324271
vn 0.000000 0.999928 0.011977
vn 0.000000 0.999888 0.014948
vn 0.000000 0.934191 0.356773
vn 0.000000 0.927379 0.374123
vn 0.000000 0.999928 0.011977
vn 0.000000 0.937388 -0.348288
vn 0.000000 0.945964 -0.324271
vn 0.000000 0.999888 0.014948
vn 0.000000 0.735174 0.677878
vn 0.000000 0.756093 0.654465
vn 0.000000 0.454317 0.890840
vn 0.000000 0.419319 0.907839
vn 0.000000 0.927379 0.374123
vn 0.000000 0.934191 0.356773
vn 0.000000 0.756093 0.654465
vn 0.000000 0.735174 0.677878
vn 0.000000 0.419319 0.907839
vn 0.000000 0.454317 0.890840
vn 0.000000 0.005552 0.999985
vn 0.000000 -0.022417 0.999749
vn 0.000000 -0.386301 0.922373
vn 0.000000 -0.022417 0.999749
vn 0.000000 0.005552 0.999985
vn 0.000000 -0.386280 0.922382
vn 0.000000 -0.524151 0.851626
vn 0.000000 -0.386301 0.922373
vn 0.000000 -0.386280 0.922382
vn 0.000000 -0.524995 0.851105
vn 0.000000 -0.663324 0.748333
vn 0.000000 -0.524151 0.851626
vn 0.000000 -0.524995 0.851105
vn 0.000000 -0.689365 0.724415
vn 0.000000 0.053688 -0.998558
vn 0.000000 0.018372 -0.999831
vn 0.000000 0.386992 -0.922083
vn 0.000000 0.383782 -0.923424
vn 0.000000 -0.405444 -0.914120
vn 0.000000 -0.461178 -0.887308
vn 0.000000 0.018372 -0.999831
vn 0.000000 0.053688 -0.998558
vn 0.000000 -0.761288 -0.648414
vn 0.000000 -0.787301 -0.616568
vn 0.000000 -0.461178 -0.887308
vn 0.000000 -0.405444 -0.914120
vn 0.000000 -0.930635 -0.365948
vn 0.000000 -0.938734 -0.344641
vn 0.000000 -0.787301 -0.616568
vn 0.000000 -0.761288 -0.648414
vn 0.000000 -0.999998 0.002120
vn 0.000000 -0.904447 0.426587
vn 0.000000 -0.913373 0.407123
vn 0.000000 -0.999961 0.008788
vn 0.000000 -0.999998 0.002120
vn 0.000000 -0.999961 0.008788
vn 0.000000 -0.938734 -0.344641
vn 0.000000 -0.930635 -0.365948
vn 0.000000 -0.904447 0.426587
vn 0.000000 -0.663324 0.748333
vn 0.000000 -0.689365 0.724415
vn 0.000000 -0.913373 0.407123
vn 0.000207 0.415249 -0.909708
vn 0.000047 0.413710 -0.910409
vn -0.333151 0.379606 -0.863081
vn -0.363025 0.371978 -0.854310
vn -0.363025 0.371978 -0.854310
vn -0.333151 0.379606 -0.863081
vn -0.591670 0.310641 -0.743928
vn -0.619045 0.293788 -0.728335
vn -0.619045 0.293788 -0.728335
vn -0.591670 0.310641 -0.743928
vn -0.766032 0.247481 -0.593252
vn -0.794037 0.218750 -0.567145
vn -0.794037 0.218750 -0.567145
vn -0.766032 0.247481 -0.593252
vn -0.909659 0.163171 -0.381964
vn -0.924340 0.134021 -0.357258
vn -0.924340 0.134021 -0.357258
vn -0.909659 0.163171 -0.381964
vn -0.988580 0.053160 -0.141008
vn -0.991122 0.038575 -0.127240
vn -0.991122 0.038575 -0.127240
vn -0.988580 0.053160 -0.141008
vn -0.992574 -0.076930 0.094223
vn -0.992758 -0.067921 0.099087
vn -0.992758 -0.067921 0.099087
vn -0.992574 -0.076930 0.094223
vn -0.929704 -0.215681 0.298551
vn -0.934712 -0.181397 0.305628
vn -0.829664 -0.290135 0.476948
vn -0.934712 -0.181397 0.305628
vn -0.929704 -0.215681 0.298551
vn -0.821879 -0.343681 0.454310
vn -0.679194 -0.392423 0.620242
vn -0.829664 -0.290135 0.476948
vn -0.821879 -0.343681 0.454310
vn -0.669784 -0.464467 0.579362
vn -0.396344 -0.503171 0.767939
vn -0.679194 -0.392423 0.620242
vn -0.669784 -0.464467 0.579362
vn -0.382273 -0.600451 0.702372
vn 0.000049 -0.553666 0.832739
vn -0.396344 -0.503171 0.767939
vn -0.382273 -0.600451 0.702372
vn 0.000014 -0.661160 0.750245
vn 0.000207 0.415249 -0.909708
vn 0.363736 0.370761 -0.854537
vn 0.333440 0.378614 -0.863406
vn 0.000047 0.413710 -0.910409
vn 0.363736 0.370761 -0.854537
vn 0.619748 0.291903 -0.728495
vn 0.592169 0.308941 -0.744239
vn 0.333440 0.378614 -0.863406
vn 0.619748 0.291903 -0.728495
vn 0.794528 0.216705 -0.567243
vn 0.766429 0.245563 -0.593536
vn 0.592169 0.308941 -0.744239
vn 0.794528 0.216705 -0.567243
vn 0.924525 0.132126 -0.357487
vn 0.909826 0.161325 -0.382349
vn 0.766429 0.245563 -0.593536
vn 0.924525 0.132126 -0.357487
vn 0.991122 0.037007 -0.127700
vn 0.988579 0.051618 -0.141588
vn 0.909826 0.161325 -0.382349
vn 0.991122 0.037007 -0.127700
vn 0.992738 -0.069122 0.098451
vn 0.992552 -0.078092 0.093498
vn 0.988579 0.051618 -0.141588
vn 0.992738 -0.069122 0.098451
vn 0.934766 -0.182270 0.304943
vn 0.929750 -0.216502 0.297812
vn 0.992552 -0.078092 0.093498
vn 0.829796 -0.290763 0.476336
vn 0.821989 -0.344263 0.453670
vn 0.929750 -0.216502 0.297812
vn 0.934766 -0.182270 0.304943
vn 0.679365 -0.392869 0.619772
vn 0.669909 -0.464884 0.578883
vn 0.821989 -0.344263 0.453670
vn 0.829796 -0.290763 0.476336
vn 0.396515 -0.503414 0.767691
vn 0.382348 -0.600682 0.702133
vn 0.669909 -0.464884 0.578883
vn 0.679365 -0.392869 0.619772
vn 0.000049 -0.553666 0.832739
vn 0.000014 -0.661160 0.750245
vn 0.382348 -0.600682 0.702133
vn 0.396515 -0.503414 0.767691
vn -0.000097 -0.130507 -0.991447
vn 0.000000 -0.792215 -0.610242
vn -0.177548 -0.793718 -0.581798
vn -0.394494 -0.302011 -0.867850
vn -0.177548 -0.793718 -0.581798
vn 0.000000 -0.792215 -0.610242
vn 0.000000 -0.918508 -0.395402
vn -0.228462 -0.886796 -0.401743
vn -0.228462 -0.886796 -0.401743
vn 0.000000 -0.918508 -0.395402
vn 0.000000 -0.904353 -0.426785
vn -0.267093 -0.857404 -0.439910
vn -0.267093 -0.857404 -0.439910
vn 0.000000 -0.904353 -0.426785
vn 0.000000 -0.875504 -0.483211
vn -0.287933 -0.827562 -0.481908
vn -0.287933 -0.827562 -0.481908
vn 0.000000 -0.875504 -0.483211
vn 0.000000 -0.831315 -0.555802
vn -0.297925 -0.789050 -0.537253
vn 0.000000 -0.831315 -0.555802
vn 0.000000 -0.776679 -0.629897
vn -0.295623 -0.744940 -0.598056
vn -0.297925 -0.789050 -0.537253
vn 0.000000 -0.776679 -0.629897
vn 0.000000 -0.728907 -0.684612
vn -0.283352 -0.705597 -0.649496
vn -0.295623 -0.744940 -0.598056
vn 0.000000 -0.728907 -0.684612
vn 0.000000 -0.679725 -0.733467
vn -0.257116 -0.670815 -0.695628
vn -0.283352 -0.705597 -0.649496
vn 0.000000 -0.679725 -0.733467
vn 0.000000 -0.639131 -0.769098
vn -0.231799 -0.643017 -0.729931
vn -0.257116 -0.670815 -0.695628
vn 0.000000 -0.915536 -0.402236
vn -0.217711 -0.870451 -0.441494
vn -0.231799 -0.643017 -0.729931
vn 0.000000 -0.639131 -0.769098
vn 0.000000 -0.915536 -0.402236
vn -0.000025 -0.938654 0.344859
vn -0.436791 -0.899553 -0.004287
vn -0.217711 -0.870451 -0.441494
vn 0.177548 -0.793718 -0.581798
vn 0.000000 -0.792215 -0.610242
vn -0.000097 -0.130507 -0.991447
vn 0.394287 -0.302423 -0.867801
vn 0.000000 -0.918508 -0.395402
vn 0.000000 -0.792215 -0.610242
vn 0.177548 -0.793718 -0.581798
vn 0.228462 -0.886796 -0.401743
vn 0.000000 -0.904353 -0.426785
vn 0.000000 -0.918508 -0.395402
vn 0.228462 -0.886796 -0.401743
vn 0.267093 -0.857404 -0.439910
vn 0.000000 -0.875504 -0.483211
vn 0.000000 -0.904353 -0.426785
vn 0.267093 -0.857404 -0.439910
vn 0.287934 -0.827562 -0.481908
vn 0.000000 -0.831315 -0.555802
vn 0.000000 -0.875504 -0.483211
vn 0.287934 -0.827562 -0.481908
vn 0.297925 -0.789050 -0.537253
vn 0.295623 -0.744940 -0.598056
vn 0.000000 -0.776679 -0.629897
vn 0.000000 -0.831315 -0.555802
vn 0.297925 -0.789050 -0.537253
vn 0.283352 -0.705596 -0.649496
vn 0.000000 -0.728907 -0.684612
vn 0.000000 -0.776679 -0.629897
vn 0.295623 -0.744940 -0.598056
vn 0.257116 -0.670815 -0.695628
vn 0.000000 -0.679725 -0.733467
vn 0.000000 -0.728907 -0.684612
vn 0.283352 -0.705596 -0.649496
vn 0.231799 -0.643018 -0.729930
vn 0.000000 -0.639131 -0.769098
vn 0.000000 -0.679725 -0.733467
vn 0.257116 -0.670815 -0.695628
vn 0.000000 -0.915536 -0.402236
vn 0.000000 -0.639131 -0.769098
vn 0.231799 -0.643018 -0.729930
vn 0.217712 -0.870452 -0.441493
vn 0.436698 -0.899597 -0.004434
vn -0.000025 -0.938654 0.344859
vn 0.000000 -0.915536 -0.402236
vn 0.217712 -0.870452 -0.441493
vn -0.228462 -0.886796 -0.401743
vn -0.590162 -0.298873 -0.749922
vn -0.394494 -0.302011 -0.867850
vn -0.177548 -0.793718 -0.581798
vn -0.228462 -0.886796 -0.401743
vn -0.267093 -0.857404 -0.439910
vn -0.707231 -0.283372 -0.647707
vn -0.590162 -0.298873 -0.749922
vn -0.267093 -0.857404 -0.439910
vn -0.287933 -0.827562 -0.481908
vn -0.802335 -0.298837 -0.516677
vn -0.707231 -0.283372 -0.647707
vn -0.287933 -0.827562 -0.481908
vn -0.297925 -0.789050 -0.537253
vn -0.859234 -0.351433 -0.371768
vn -0.802335 -0.298837 -0.516677
vn -0.297925 -0.789050 -0.537253
vn -0.295623 -0.744940 -0.598056
vn -0.864264 -0.439613 -0.244517
vn -0.859234 -0.351433 -0.371768
vn -0.295623 -0.744940 -0.598056
vn -0.283352 -0.705597 -0.649496
vn -0.822962 -0.546737 -0.154314
vn -0.864264 -0.439613 -0.244517
vn -0.283352 -0.705597 -0.649496
vn -0.257116 -0.670815 -0.695628
vn -0.749771 -0.651574 -0.115304
vn -0.822962 -0.546737 -0.154314
vn -0.257116 -0.670815 -0.695628
vn -0.231799 -0.643017 -0.729931
vn -0.647581 -0.758552 -0.072365
vn -0.749771 -0.651574 -0.115304
vn -0.231799 -0.643017 -0.729931
vn -0.217711 -0.870451 -0.441494
vn -0.436791 -0.899553 -0.004287
vn -0.647581 -0.758552 -0.072365
vn 0.228462 -0.886796 -0.401743
vn 0.177548 -0.793718 -0.581798
vn 0.394287 -0.302423 -0.867801
vn 0.590008 -0.299666 -0.749727
vn 0.267093 -0.857404 -0.439910
vn 0.228462 -0.886796 -0.401743
vn 0.590008 -0.299666 -0.749727
vn 0.706980 -0.284302 -0.647574
vn 0.287934 -0.827562 -0.481908
vn 0.267093 -0.857404 -0.439910
vn 0.706980 -0.284302 -0.647574
vn 0.801974 -0.299737 -0.516717
vn 0.297925 -0.789050 -0.537253
vn 0.287934 -0.827562 -0.481908
vn 0.801974 -0.299737 -0.516717
vn 0.858823 -0.352172 -0.372019
vn 0.295623 -0.744940 -0.598056
vn 0.297925 -0.789050 -0.537253
vn 0.858823 -0.352172 -0.372019
vn 0.863895 -0.440115 -0.244917
vn 0.283352 -0.705596 -0.649496
vn 0.295623 -0.744940 -0.598056
vn 0.863895 -0.440115 -0.244917
vn 0.822691 -0.547021 -0.154750
vn 0.257116 -0.670815 -0.695628
vn 0.283352 -0.705596 -0.649496
vn 0.822691 -0.547021 -0.154750
vn 0.749590 -0.651713 -0.115694
vn 0.231799 -0.643018 -0.729930
vn 0.257116 -0.670815 -0.695628
vn 0.749590 -0.651713 -0.115694
vn 0.647464 -0.758624 -0.072667
vn 0.231799 -0.643018 -0.729930
vn 0.647464 -0.758624 -0.072667
vn 0.436698 -0.899597 -0.004434
vn 0.217712 -0.870452 -0.441493
vn -0.394494 -0.302011 -0.867850
vn -0.333151 0.379606 -0.863081
vn 0.000047 0.413710 -0.910409
vn -0.000097 -0.130507 -0.991447
vn -0.590162 -0.298873 -0.749922
vn -0.591670 0.310641 -0.743928
vn -0.333151 0.379606 -0.863081
vn -0.394494 -0.302011 -0.867850
vn -0.707231 -0.283372 -0.647707
vn -0.766032 0.247481 -0.593252
vn -0.591670 0.310641 -0.743928
vn -0.590162 -0.298873 -0.749922
vn -0.802335 -0.298837 -0.516677
vn -0.909659 0.163171 -0.381964
vn -0.766032 0.247481 -0.593252
vn -0.707231 -0.283372 -0.647707
vn -0.859234 -0.351433 -0.371768
vn -0.988580 0.053160 -0.141008
vn -0.909659 0.163171 -0.381964
vn -0.802335 -0.298837 -0.516677
vn -0.992574 -0.076930 0.094223
vn -0.988580 0.053160 -0.141008
vn -0.859234 -0.351433 -0.371768
vn -0.864264 -0.439613 -0.244517
vn -0.929704 -0.215681 0.298551
vn -0.992574 -0.076930 0.094223
vn -0.864264 -0.439613 -0.244517
vn -0.822962 -0.546737 -0.154314
vn -0.821879 -0.343681 0.454310
vn -0.929704 -0.215681 0.298551
vn -0.822962 -0.546737 -0.154314
vn -0.749771 -0.651574 -0.115304
vn -0.669784 -0.464467 0.579362
vn -0.821879 -0.343681 0.454310
vn -0.749771 -0.651574 -0.115304
vn -0.647581 -0.758552 -0.072365
vn -0.382273 -0.600451 0.702372
vn -0.669784 -0.464467 0.579362
vn -0.647581 -0.758552 -0.072365
vn -0.436791 -0.899553 -0.004287
vn 0.000014 -0.661160 0.750245
vn -0.382273 -0.600451 0.702372
vn -0.436791 -0.899553 -0.004287
vn -0.000025 -0.938654 0.344859
vn 0.000047 0.413710 -0.910409
vn 0.333440 0.378614 -0.863406
vn 0.394287 -0.302423 -0.867801
vn -0.000097 -0.130507 -0.991447
vn 0.333440 0.378614 -0.863406
vn 0.592169 0.308941 -0.744239
vn 0.590008 -0.299666 -0.749727
vn 0.394287 -0.302423 -0.867801
vn 0.592169 0.308941 -0.744239
vn 0.766429 0.245563 -0.593536
vn 0.706980 -0.284302 -0.647574
vn 0.590008 -0.299666 -0.749727
vn 0.766429 0.245563 -0.593536
vn 0.909826 0.161325 -0.382349
vn 0.801974 -0.299737 -0.516717
vn 0.706980 -0.284302 -0.647574
vn 0.909826 0.161325 -0.382349
vn 0.988579 0.051618 -0.141588
vn 0.858823 -0.352172 -0.372019
vn 0.801974 -0.299737 -0.516717
vn 0.858823 -0.352172 -0.372019
vn 0.988579 0.051618 -0.141588
vn 0.992552 -0.078092 0.093498
vn 0.863895 -0.440115 -0.244917
vn 0.863895 -0.440115 -0.244917
vn 0.992552 -0.078092 0.093498
vn 0.929750 -0.216502 0.297812
vn 0.822691 -0.547021 -0.154750
vn 0.822691 -0.547021 -0.154750
vn 0.929750 -0.216502 0.297812
vn 0.821989 -0.344263 0.453670
vn 0.749590 -0.651713 -0.115694
vn 0.749590 -0.651713 -0.115694
vn 0.821989 -0.344263 0.453670
vn 0.669909 -0.464884 0.578883
vn 0.647464 -0.758624 -0.072667
vn 0.647464 -0.758624 -0.072667
vn 0.669909 -0.464884 0.578883
vn 0.382348 -0.600682 0.702133
vn 0.436698 -0.899597 -0.004434
vn 0.436698 -0.899597 -0.004434
vn 0.382348 -0.600682 0.702133
vn 0.000014 -0.661160 0.750245
vn -0.000025 -0.938654 0.344859
vn 0.136909 0.926365 -0.350860
vn 0.115710 0.909385 -0.399537
vn 0.085862 0.917408 -0.388574
vn 0.102654 0.930251 -0.352272
vn 0.115508 0.946133 -0.302474
vn 0.136909 0.926365 -0.350860
vn 0.102654 0.930251 -0.352272
vn 0.085556 0.944822 -0.316214
vn 0.070435 0.901701 -0.426585
vn 0.030879 0.899735 -0.435344
vn 0.019458 0.911718 -0.410357
vn 0.049198 0.911961 -0.407317
vn 0.031759 0.961859 -0.271695
vn 0.070583 0.958029 -0.277845
vn 0.049463 0.952872 -0.299314
vn 0.020221 0.954434 -0.297737
vn 0.115710 0.909385 -0.399537
vn 0.070435 0.901701 -0.426585
vn 0.049198 0.911961 -0.407317
vn 0.085862 0.917408 -0.388574
vn 0.070583 0.958029 -0.277845
vn 0.115508 0.946133 -0.302474
vn 0.085556 0.944822 -0.316214
vn 0.049463 0.952872 -0.299314
vn 0.030879 0.899735 -0.435344
vn 0.000001 0.899720 -0.436467
vn -0.000002 0.912130 -0.409901
vn 0.019458 0.911718 -0.410357
vn 0.000002 0.962535 -0.271158
vn 0.031759 0.961859 -0.271695
vn 0.020221 0.954434 -0.297737
vn -0.000002 0.954446 -0.298384
vn -0.115768 0.909364 -0.399568
vn -0.137008 0.926351 -0.350859
vn -0.102760 0.930238 -0.352275
vn -0.085915 0.917390 -0.388607
vn -0.137008 0.926351 -0.350859
vn -0.115577 0.946137 -0.302435
vn -0.085626 0.944827 -0.316179
vn -0.102760 0.930238 -0.352275
vn -0.030881 0.899731 -0.435352
vn -0.070451 0.901689 -0.426606
vn -0.049215 0.911955 -0.407327
vn -0.019469 0.911716 -0.410360
vn -0.070603 0.958037 -0.277814
vn -0.031760 0.961863 -0.271682
vn -0.020227 0.954436 -0.297729
vn -0.049485 0.952877 -0.299293
vn -0.070451 0.901689 -0.426606
vn -0.115768 0.909364 -0.399568
vn -0.085915 0.917390 -0.388607
vn -0.049215 0.911955 -0.407327
vn -0.115577 0.946137 -0.302435
vn -0.070603 0.958037 -0.277814
vn -0.049485 0.952877 -0.299293
vn -0.085626 0.944827 -0.316179
vn 0.000001 0.899720 -0.436467
vn -0.030881 0.899731 -0.435352
vn -0.019469 0.911716 -0.410360
vn -0.000002 0.912130 -0.409901
vn -0.031760 0.961863 -0.271682
vn 0.000002 0.962535 -0.271158
vn -0.000002 0.954446 -0.298384
vn -0.020227 0.954436 -0.297729
vn -0.929529 0.151527 0.336177
vn -0.999660 0.024440 -0.009035
vn -0.999660 0.024445 -0.009022
vn -0.930308 0.150864 0.334316
vn -0.999660 0.024440 -0.009035
vn -0.925960 -0.112469 -0.360483
vn -0.926829 -0.111671 -0.358494
vn -0.999660 0.024445 -0.009022
vn -0.925960 -0.112469 -0.360483
vn -0.713012 -0.235336 -0.660478
vn -0.715396 -0.234391 -0.658232
vn -0.926829 -0.111671 -0.358494
vn -0.713012 -0.235336 -0.660478
vn -0.389280 -0.321550 -0.863172
vn -0.391528 -0.321171 -0.862296
vn -0.715396 -0.234391 -0.658232
vn -0.389280 -0.321550 -0.863172
vn 0.000000 -0.352947 -0.935643
vn 0.000000 -0.352947 -0.935643
vn -0.391528 -0.321171 -0.862296
vn 0.000000 -0.352947 -0.935643
vn 0.389280 -0.321550 -0.863172
vn 0.391528 -0.321171 -0.862296
vn 0.000000 -0.352947 -0.935643
vn 0.389280 -0.321550 -0.863172
vn 0.713011 -0.235336 -0.660479
vn 0.715396 -0.234392 -0.658232
vn 0.391528 -0.321171 -0.862296
vn 0.713011 -0.235336 -0.660479
vn 0.925961 -0.112469 -0.360483
vn 0.926829 -0.111671 -0.358494
vn 0.715396 -0.234392 -0.658232
vn 0.925961 -0.112469 -0.360483
vn 0.999660 0.024440 -0.009034
vn 0.999660 0.024445 -0.009022
vn 0.926829 -0.111671 -0.358494
vn 0.999660 0.024440 -0.009034
vn 0.929529 0.151527 0.336177
vn 0.930308 0.150863 0.334315
vn 0.999660 0.024445 -0.009022
vn 0.929529 0.151527 0.336177
vn 0.710078 0.262322 0.653435
vn 0.712777 0.261442 0.650843
vn 0.930308 0.150863 0.334315
vn 0.710078 0.262322 0.653435
vn 0.367883 0.333823 0.867885
vn 0.370087 0.333553 0.867051
vn 0.712777 0.261442 0.650843
vn 0.367883 0.333823 0.867885
vn 0.000000 0.355365 0.934728
vn 0.000000 0.355365 0.934728
vn 0.370087 0.333553 0.867051
vn 0.000000 0.355365 0.934728
vn -0.367883 0.333823 0.867885
vn -0.370087 0.333554 0.867051
vn 0.000000 0.355365 0.934728
vn -0.367883 0.333823 0.867885
vn -0.710078 0.262322 0.653435
vn -0.712777 0.261442 0.650843
vn -0.370087 0.333554 0.867051
vn -0.710078 0.262322 0.653435
vn -0.929529 0.151527 0.336177
vn -0.930308 0.150864 0.334316
vn -0.712777 0.261442 0.650843
vn 0.041818 0.925247 -0.377053
vn 0.056077 0.933708 -0.353616
vn 0.102654 0.930251 -0.352272
vn 0.085862 0.917408 -0.388574
vn 0.019458 0.911718 -0.410357
vn -0.000002 0.912130 -0.409901
vn -0.000005 0.924894 -0.380225
vn -0.041847 0.925224 -0.377106
vn -0.015728 0.923571 -0.383104
vn -0.049215 0.911955 -0.407327
vn -0.085915 0.917390 -0.388607
vn -0.041815 0.942892 -0.330463
vn -0.056178 0.933696 -0.353633
vn -0.102760 0.930238 -0.352275
vn -0.085626 0.944827 -0.316179
vn -0.000002 0.912130 -0.409901
vn -0.019469 0.911716 -0.410360
vn -0.000005 0.924894 -0.380225
vn 0.041746 0.942882 -0.330500
vn 0.015739 0.945537 -0.325133
vn 0.049463 0.952872 -0.299314
vn 0.085556 0.944822 -0.316214
vn 0.015739 0.945537 -0.325133
vn -0.000001 0.944563 -0.328331
vn 0.020221 0.954434 -0.297737
vn 0.049463 0.952872 -0.299314
vn 0.020221 0.954434 -0.297737
vn -0.000001 0.944563 -0.328331
vn -0.000002 0.954446 -0.298384
vn -0.000002 0.954446 -0.298384
vn -0.000001 0.944563 -0.328331
vn -0.020227 0.954436 -0.297729
vn -0.000001 0.944563 -0.328331
vn -0.015754 0.945542 -0.325117
vn -0.049485 0.952877 -0.299293
vn -0.020227 0.954436 -0.297729
vn 0.015720 0.923574 -0.383097
vn 0.041818 0.925247 -0.377053
vn 0.085862 0.917408 -0.388574
vn 0.049198 0.911961 -0.407317
vn -0.056178 0.933696 -0.353633
vn -0.041847 0.925224 -0.377106
vn -0.085915 0.917390 -0.388607
vn -0.102760 0.930238 -0.352275
vn 0.056077 0.933708 -0.353616
vn 0.041746 0.942882 -0.330500
vn 0.085556 0.944822 -0.316214
vn 0.102654 0.930251 -0.352272
vn -0.015728 0.923571 -0.383104
vn -0.000005 0.924894 -0.380225
vn -0.019469 0.911716 -0.410360
vn -0.049215 0.911955 -0.407327
vn -0.015754 0.945542 -0.325117
vn -0.041815 0.942892 -0.330463
vn -0.085626 0.944827 -0.316179
vn -0.049485 0.952877 -0.299293
vn -0.000005 0.924894 -0.380225
vn 0.015720 0.923574 -0.383097
vn 0.049198 0.911961 -0.407317
vn 0.019458 0.911718 -0.410357
vn 0.710560 0.247076 0.658831
vn 0.199205 0.343433 0.917808
vn 0.199377 0.343421 0.917775
vn 0.712325 0.246455 0.657155
vn 0.199205 0.343433 0.917808
vn 0.000115 0.351223 0.936292
vn 0.000115 0.351223 0.936292
vn 0.199377 0.343421 0.917775
vn 1.000000 0.000956 0.000426
vn 0.710560 0.247076 0.658831
vn 0.712325 0.246455 0.657155
vn 1.000000 0.000689 -0.000285
vn 0.708917 -0.247695 -0.660367
vn 1.000000 0.000956 0.000426
vn 1.000000 0.000689 -0.000285
vn 0.709143 -0.247615 -0.660154
vn 0.195257 -0.344891 -0.918110
vn 0.708917 -0.247695 -0.660367
vn 0.709143 -0.247615 -0.660154
vn 0.195134 -0.344900 -0.918132
vn 0.000000 -0.351686 -0.936118
vn 0.195257 -0.344891 -0.918110
vn 0.195134 -0.344900 -0.918132
vn 0.000000 -0.351686 -0.936118
vn 0.000115 0.351223 0.936292
vn -0.199438 0.344342 0.917417
vn -0.199565 0.344332 0.917392
vn 0.000115 0.351223 0.936292
vn -0.199438 0.344342 0.917417
vn -0.711723 0.246243 0.657887
vn -0.713090 0.245754 0.656588
vn -0.199565 0.344332 0.917392
vn 0.000000 0.935244 -0.354004
vn 0.000000 0.935244 -0.354003
vn 0.000000 0.935244 -0.354003
vn -0.000001 0.935245 -0.354002
vn 0.000000 0.935244 -0.354003
vn 0.000000 0.935244 -0.354004
vn -0.195342 -0.344868 -0.918100
vn 0.000000 -0.351686 -0.936118
vn 0.000000 -0.351686 -0.936118
vn -0.195219 -0.344877 -0.918123
vn -0.708934 -0.248159 -0.660174
vn -0.195342 -0.344868 -0.918100
vn -0.195219 -0.344877 -0.918123
vn -0.709297 -0.248031 -0.659832
vn -1.000000 -0.000755 -0.000009
vn -0.708934 -0.248159 -0.660174
vn -0.709297 -0.248031 -0.659832
vn -0.999999 -0.001021 -0.000716
vn -0.711723 0.246243 0.657887
vn -1.000000 -0.000755 -0.000009
vn -0.999999 -0.001021 -0.000716
vn -0.713090 0.245754 0.656588
vn 0.000000 0.935244 -0.354003
vn 0.000001 0.935247 -0.353996
vn 0.000000 0.935244 -0.354003
vn 0.000000 0.935244 -0.354003
vn 0.000000 0.935244 -0.354003
vn -0.000001 0.935247 -0.353997
vn 0.000000 0.935244 -0.354003
vn -0.000001 0.935247 -0.353997
vn 0.000000 0.935245 -0.354002
vn 0.000000 0.935244 -0.354003
vn 0.000000 0.935244 -0.354004
vn 0.000000 0.935244 -0.354003
vn 0.000000 0.935244 -0.354003
vn -0.000001 0.935245 -0.354002
vn 0.000000 0.935244 -0.354004
vn 0.000000 0.935244 -0.354003
vn 0.000000 0.935244 -0.354004
vn 0.000000 0.935245 -0.354002
vn 0.000000 0.935244 -0.354003
vn 0.000000 0.935245 -0.354002
vn 0.000000 0.935244 -0.354004
vn 0.000000 0.935244 -0.354003
vn 0.000000 0.935244 -0.354003
vn 0.000000 0.935244 -0.354003
vn 0.000000 0.935244 -0.354003
vn 0.000000 0.935244 -0.354004
vn 0.000000 0.935244 -0.354004
vn 0.000000 0.935244 -0.354003
vn 0.000000 0.935245 -0.354002
vn 0.000001 0.935247 -0.353996
vn -0.923854 0.184878 0.335133
vn -0.923854 0.184878 0.335133
vn -0.999972 -0.006458 0.003729
vn -0.999972 -0.006458 0.003729
vn -0.923854 0.184878 0.335133
vn -0.707088 0.347085 0.616084
vn -0.707088 0.347085 0.616084
vn -0.923854 0.184878 0.335133
vn -0.707088 0.347085 0.616084
vn -0.382673 0.455468 0.803810
vn -0.382673 0.455468 0.803810
vn -0.707088 0.347085 0.616084
vn -0.382673 0.455468 0.803810
vn 0.000000 0.493528 0.869730
vn 0.000000 0.493528 0.869730
vn -0.382673 0.455468 0.803810
vn 0.000000 0.493528 0.869730
vn 0.382673 0.455468 0.803810
vn 0.382673 0.455468 0.803810
vn 0.000000 0.493528 0.869730
vn 0.382673 0.455468 0.803810
vn 0.707088 0.347085 0.616084
vn 0.707088 0.347085 0.616084
vn 0.382673 0.455468 0.803810
vn 0.707088 0.347085 0.616084
vn 0.923854 0.184878 0.335133
vn 0.923854 0.184878 0.335133
vn 0.707088 0.347085 0.616084
vn 0.923854 0.184878 0.335133
vn 0.999972 -0.006458 0.003728
vn 0.999972 -0.006458 0.003729
vn 0.923854 0.184878 0.335133
vn 0.999972 -0.006458 0.003728
vn 0.923854 -0.197795 -0.327676
vn 0.923854 -0.197795 -0.327676
vn 0.999972 -0.006458 0.003729
vn 0.923854 -0.197795 -0.327676
vn 0.707088 -0.360002 -0.608626
vn 0.707087 -0.360002 -0.608627
vn 0.923854 -0.197795 -0.327676
vn 0.707088 -0.360002 -0.608626
vn 0.382673 -0.468385 -0.796352
vn 0.382673 -0.468385 -0.796352
vn 0.707087 -0.360002 -0.608627
vn 0.382673 -0.468385 -0.796352
vn 0.000000 -0.506444 -0.862273
vn 0.000000 -0.506444 -0.862273
vn 0.382673 -0.468385 -0.796352
vn 0.000000 -0.506444 -0.862273
vn -0.382673 -0.468385 -0.796352
vn -0.382673 -0.468385 -0.796352
vn 0.000000 -0.506444 -0.862273
vn -0.382673 -0.468385 -0.796352
vn -0.707088 -0.360002 -0.608626
vn -0.707087 -0.360002 -0.608627
vn -0.382673 -0.468385 -0.796352
vn -0.707088 -0.360002 -0.608626
vn -0.923854 -0.197795 -0.327676
vn -0.923854 -0.197795 -0.327676
vn -0.707087 -0.360002 -0.608627
vn -0.923854 -0.197795 -0.327676
vn -0.999972 -0.006458 0.003729
vn -0.999972 -0.006458 0.003729
vn -0.923854 -0.197795 -0.327676
vn -0.841784 -0.467493 0.269907
vn -0.777707 -0.306425 0.548886
vn -0.923621 0.170773 0.343164
vn -0.999719 -0.020514 0.011844
vn -0.490010 0.835664 -0.248103
vn -0.530383 0.734180 -0.423879
vn -0.641938 0.664031 -0.383378
vn -0.593073 0.786860 -0.170631
vn -0.777707 -0.306425 0.548886
vn -0.595231 -0.169878 0.785393
vn -0.706909 0.332939 0.624045
vn -0.923621 0.170773 0.343164
vn -0.375037 0.921699 -0.099088
vn -0.490010 0.835664 -0.248103
vn -0.593073 0.786860 -0.170631
vn -0.453919 0.890990 0.009726
vn -0.595231 -0.169878 0.785393
vn -0.322137 -0.078640 0.943421
vn -0.382576 0.441295 0.811723
vn -0.706909 0.332939 0.624045
vn -0.202969 0.979185 0.000482
vn -0.375037 0.921699 -0.099088
vn -0.453919 0.890990 0.009726
vn -0.245659 0.960567 0.130238
vn -0.322137 -0.078640 0.943421
vn 0.000000 -0.046602 0.998914
vn 0.000000 0.479344 0.877627
vn -0.382576 0.441295 0.811723
vn 0.000000 0.999372 0.035446
vn -0.202969 0.979185 0.000482
vn -0.245659 0.960567 0.130238
vn 0.000000 0.985000 0.172556
vn 0.000000 -0.046602 0.998914
vn 0.322137 -0.078640 0.943421
vn 0.382576 0.441295 0.811723
vn 0.000000 0.479344 0.877627
vn 0.202969 0.979185 0.000482
vn 0.000000 0.999372 0.035446
vn 0.000000 0.985000 0.172556
vn 0.245659 0.960567 0.130238
vn 0.322137 -0.078640 0.943421
vn 0.595231 -0.169878 0.785393
vn 0.706908 0.332939 0.624045
vn 0.382576 0.441295 0.811723
vn 0.375037 0.921699 -0.099088
vn 0.202969 0.979185 0.000482
vn 0.245659 0.960567 0.130238
vn 0.453919 0.890990 0.009726
vn 0.595231 -0.169878 0.785393
vn 0.777707 -0.306425 0.548886
vn 0.923620 0.170774 0.343165
vn 0.706908 0.332939 0.624045
vn 0.490010 0.835664 -0.248103
vn 0.375037 0.921699 -0.099088
vn 0.453919 0.890990 0.009726
vn 0.593073 0.786860 -0.170631
vn 0.777707 -0.306425 0.548886
vn 0.841784 -0.467493 0.269907
vn 0.999719 -0.020514 0.011844
vn 0.923620 0.170774 0.343165
vn 0.530383 0.734180 -0.423879
vn 0.490010 0.835664 -0.248103
vn 0.593073 0.786860 -0.170631
vn 0.641938 0.664031 -0.383378
vn 0.841784 -0.467493 0.269907
vn 0.777707 -0.628562 -0.009071
vn 0.923620 -0.211802 -0.319477
vn 0.999719 -0.020514 0.011844
vn 0.490010 0.632696 -0.599655
vn 0.530383 0.734180 -0.423879
vn 0.641938 0.664031 -0.383378
vn 0.593073 0.541202 -0.596125
vn 0.777707 -0.628562 -0.009071
vn 0.595231 -0.765108 -0.245578
vn 0.706909 -0.373967 -0.600357
vn 0.923620 -0.211802 -0.319477
vn 0.375037 0.546662 -0.748671
vn 0.490010 0.632696 -0.599655
vn 0.593073 0.541202 -0.596125
vn 0.453919 0.437072 -0.776483
vn 0.595231 -0.765108 -0.245578
vn 0.322137 -0.856346 -0.403608
vn 0.382576 -0.482323 -0.788036
vn 0.706909 -0.373967 -0.600357
vn 0.202969 0.489176 -0.848240
vn 0.375037 0.546662 -0.748671
vn 0.453919 0.437072 -0.776483
vn 0.245659 0.367494 -0.896995
vn 0.322137 -0.856346 -0.403608
vn 0.000000 -0.888384 -0.459101
vn 0.000000 -0.520372 -0.853940
vn 0.382576 -0.482323 -0.788036
vn 0.000000 0.468990 -0.883204
vn 0.202969 0.489176 -0.848240
vn 0.245659 0.367494 -0.896995
vn 0.000000 0.343062 -0.939313
vn 0.000000 -0.888384 -0.459101
vn -0.322137 -0.856346 -0.403608
vn -0.382576 -0.482323 -0.788036
vn 0.000000 -0.520372 -0.853940
vn -0.202969 0.489176 -0.848240
vn 0.000000 0.468990 -0.883204
vn 0.000000 0.343062 -0.939313
vn -0.245659 0.367494 -0.896995
vn -0.322137 -0.856346 -0.403608
vn -0.595232 -0.765108 -0.245578
vn -0.706909 -0.373967 -0.600357
vn -0.382576 -0.482323 -0.788036
vn -0.375037 0.546662 -0.748671
vn -0.202969 0.489176 -0.848240
vn -0.245659 0.367494 -0.896995
vn -0.453919 0.437072 -0.776483
vn -0.595232 -0.765108 -0.245578
vn -0.777707 -0.628561 -0.009072
vn -0.923620 -0.211802 -0.319477
vn -0.706909 -0.373967 -0.600357
vn -0.490010 0.632696 -0.599655
vn -0.375037 0.546662 -0.748671
vn -0.453919 0.437072 -0.776483
vn -0.593073 0.541202 -0.596125
vn -0.777707 -0.628561 -0.009072
vn -0.841784 -0.467493 0.269907
vn -0.999719 -0.020514 0.011844
vn -0.923620 -0.211802 -0.319477
vn -0.530383 0.734180 -0.423879
vn -0.490010 0.632696 -0.599655
vn -0.593073 0.541202 -0.596125
vn -0.641938 0.664031 -0.383378
vn -0.114668 -0.860313 0.496702
vn -0.105939 -0.838373 0.534704
vn -0.357025 -0.724805 0.589229
vn -0.386441 -0.798748 0.461157
vn -0.105939 -0.838373 0.534704
vn -0.081082 -0.819772 0.566922
vn -0.273255 -0.662120 0.697803
vn -0.357025 -0.724805 0.589229
vn -0.081082 -0.819772 0.566922
vn -0.043882 -0.807343 0.588448
vn -0.147885 -0.620235 0.770350
vn -0.273255 -0.662120 0.697803
vn -0.043882 -0.807343 0.588448
vn 0.000000 -0.802979 0.596007
vn 0.000000 -0.605528 0.795824
vn -0.147885 -0.620235 0.770350
vn 0.000000 -0.802979 0.596007
vn 0.043882 -0.807343 0.588448
vn 0.147885 -0.620235 0.770350
vn 0.000000 -0.605528 0.795824
vn 0.043882 -0.807343 0.588448
vn 0.081082 -0.819772 0.566922
vn 0.273255 -0.662120 0.697803
vn 0.147885 -0.620235 0.770350
vn 0.081082 -0.819772 0.566922
vn 0.105939 -0.838373 0.534704
vn 0.357025 -0.724805 0.589229
vn 0.273255 -0.662120 0.697803
vn 0.105939 -0.838373 0.534704
vn 0.114668 -0.860313 0.496702
vn 0.386441 -0.798748 0.461157
vn 0.357025 -0.724805 0.589229
vn 0.114668 -0.860313 0.496702
vn 0.105940 -0.882254 0.458699
vn 0.357026 -0.872689 0.333085
vn 0.386441 -0.798748 0.461157
vn 0.105940 -0.882254 0.458699
vn 0.081083 -0.900854 0.426482
vn 0.273255 -0.935375 0.224511
vn 0.357026 -0.872689 0.333085
vn 0.081083 -0.900854 0.426482
vn 0.043882 -0.913283 0.404955
vn 0.147885 -0.977260 0.151964
vn 0.273255 -0.935375 0.224511
vn 0.043882 -0.913283 0.404955
vn 0.000000 -0.917647 0.397396
vn 0.000000 -0.991968 0.126489
vn 0.147885 -0.977260 0.151964
vn 0.000000 -0.917647 0.397396
vn -0.043882 -0.913283 0.404955
vn -0.147885 -0.977260 0.151964
vn 0.000000 -0.991968 0.126489
vn -0.043882 -0.913283 0.404955
vn -0.081083 -0.900854 0.426482
vn -0.273255 -0.935375 0.224511
vn -0.147885 -0.977260 0.151964
vn -0.273255 -0.935375 0.224511
vn -0.081083 -0.900854 0.426482
vn -0.105940 -0.882254 0.458699
vn -0.357025 -0.872690 0.333085
vn -0.105940 -0.882254 0.458699
vn -0.114668 -0.860313 0.496702
vn -0.386441 -0.798748 0.461157
vn -0.357025 -0.872690 0.333085
vn -0.206936 0.847280 -0.489178
vn -0.863905 0.436178 -0.251827
vn -0.798144 0.601479 0.034482
vn -0.191184 0.886876 -0.420595
vn -0.191184 0.886876 -0.420595
vn -0.798144 0.601479 0.034482
vn -0.610873 0.741614 0.277205
vn -0.146326 0.920443 -0.362455
vn -0.146326 0.920443 -0.362455
vn -0.610873 0.741614 0.277205
vn -0.330602 0.835250 0.439386
vn -0.079191 0.942872 -0.323607
vn -0.079191 0.942872 -0.323607
vn -0.330602 0.835250 0.439386
vn 0.000000 0.868131 0.496336
vn 0.000000 0.950748 -0.309964
vn 0.000000 0.950748 -0.309964
vn 0.000000 0.868131 0.496336
vn 0.330602 0.835250 0.439386
vn 0.079191 0.942872 -0.323607
vn 0.079191 0.942872 -0.323607
vn 0.330602 0.835250 0.439386
vn 0.610873 0.741614 0.277205
vn 0.146326 0.920443 -0.362455
vn 0.146326 0.920443 -0.362455
vn 0.610873 0.741614 0.277205
vn 0.798144 0.601479 0.034482
vn 0.191184 0.886876 -0.420595
vn 0.191184 0.886876 -0.420595
vn 0.798144 0.601479 0.034482
vn 0.863905 0.436178 -0.251828
vn 0.206937 0.847280 -0.489177
vn 0.206937 0.847280 -0.489177
vn 0.863905 0.436178 -0.251828
vn 0.798144 0.270877 -0.538137
vn 0.191185 0.807684 -0.557758
vn 0.191185 0.807684 -0.557758
vn 0.798144 0.270877 -0.538137
vn 0.610873 0.130743 -0.780859
vn 0.146326 0.774117 -0.615899
vn 0.146326 0.774117 -0.615899
vn 0.610873 0.130743 -0.780859
vn 0.330602 0.037106 -0.943041
vn 0.079191 0.751687 -0.654748
vn 0.079191 0.751687 -0.654748
vn 0.330602 0.037106 -0.943041
vn 0.000000 0.004225 -0.999991
vn 0.000000 0.743812 -0.668389
vn 0.000000 0.743812 -0.668389
vn 0.000000 0.004225 -0.999991
vn -0.330602 0.037106 -0.943041
vn -0.079191 0.751687 -0.654748
vn -0.079191 0.751687 -0.654748
vn -0.330602 0.037106 -0.943041
vn -0.610873 0.130742 -0.780859
vn -0.146326 0.774117 -0.615899
vn -0.146326 0.774117 -0.615899
vn -0.610873 0.130742 -0.780859
vn -0.798144 0.270877 -0.538137
vn -0.191185 0.807684 -0.557758
vn -0.191185 0.807684 -0.557758
vn -0.798144 0.270877 -0.538137
vn -0.863905 0.436178 -0.251827
vn -0.206936 0.847280 -0.489178
vn 0.000000 0.866026 -0.500000
vn -0.206936 0.847280 -0.489178
vn -0.191184 0.886876 -0.420595
vn 0.000000 0.866026 -0.500000
vn -0.191184 0.886876 -0.420595
vn -0.146326 0.920443 -0.362455
vn 0.000000 0.866026 -0.500000
vn -0.146326 0.920443 -0.362455
vn -0.079191 0.942872 -0.323607
vn 0.000000 0.866026 -0.500000
vn -0.079191 0.942872 -0.323607
vn 0.000000 0.950748 -0.309964
vn 0.000000 0.866026 -0.500000
vn 0.000000 0.950748 -0.309964
vn 0.079191 0.942872 -0.323607
vn 0.000000 0.866026 -0.500000
vn 0.079191 0.942872 -0.323607
vn 0.146326 0.920443 -0.362455
vn 0.000000 0.866026 -0.500000
vn 0.146326 0.920443 -0.362455
vn 0.191184 0.886876 -0.420595
vn 0.000000 0.866026 -0.500000
vn 0.191184 0.886876 -0.420595
vn 0.206937 0.847280 -0.489177
vn 0.000000 0.866026 -0.500000
vn 0.206937 0.847280 -0.489177
vn 0.191185 0.807684 -0.557758
vn 0.000000 0.866026 -0.500000
vn 0.191185 0.807684 -0.557758
vn 0.146326 0.774117 -0.615899
vn 0.000000 0.866026 -0.500000
vn 0.146326 0.774117 -0.615899
vn 0.079191 0.751687 -0.654748
vn 0.000000 0.866026 -0.500000
vn 0.079191 0.751687 -0.654748
vn 0.000000 0.743812 -0.668389
vn 0.000000 0.866026 -0.500000
vn 0.000000 0.743812 -0.668389
vn -0.079191 0.751687 -0.654748
vn 0.000000 0.866026 -0.500000
vn -0.079191 0.751687 -0.654748
vn -0.146326 0.774117 -0.615899
vn 0.000000 0.866026 -0.500000
vn -0.146326 0.774117 -0.615899
vn -0.191185 0.807684 -0.557758
vn 0.000000 0.866026 -0.500000
vn -0.191185 0.807684 -0.557758
vn -0.206936 0.847280 -0.489178
vn -0.669840 0.735175 -0.104074
vn -0.593073 0.786860 -0.170631
vn -0.641938 0.664031 -0.383378
vn -0.725030 0.596447 -0.344359
vn -0.512674 0.852783 0.099630
vn -0.453919 0.890990 0.009726
vn -0.593073 0.786860 -0.170631
vn -0.669840 0.735175 -0.104074
vn -0.277457 0.931367 0.235740
vn -0.245659 0.960567 0.130238
vn -0.453919 0.890990 0.009726
vn -0.512674 0.852783 0.099630
vn 0.000000 0.958962 0.283535
vn 0.000000 0.985000 0.172556
vn -0.245659 0.960567 0.130238
vn -0.277457 0.931367 0.235740
vn 0.277457 0.931367 0.235740
vn 0.245659 0.960567 0.130238
vn 0.000000 0.985000 0.172556
vn 0.000000 0.958962 0.283535
vn 0.512674 0.852783 0.099630
vn 0.453919 0.890990 0.009726
vn 0.245659 0.960567 0.130238
vn 0.277457 0.931367 0.235740
vn 0.669840 0.735175 -0.104074
vn 0.593073 0.786860 -0.170631
vn 0.453919 0.890990 0.009726
vn 0.512674 0.852783 0.099630
vn 0.725030 0.596447 -0.344359
vn 0.641938 0.664031 -0.383378
vn 0.593073 0.786860 -0.170631
vn 0.669840 0.735175 -0.104074
vn 0.669840 0.457718 -0.584643
vn 0.593073 0.541202 -0.596125
vn 0.641938 0.664031 -0.383378
vn 0.725030 0.596447 -0.344359
vn 0.512674 0.340109 -0.788347
vn 0.453919 0.437072 -0.776483
vn 0.593073 0.541202 -0.596125
vn 0.669840 0.457718 -0.584643
vn 0.277457 0.261527 -0.924457
vn 0.245659 0.367494 -0.896995
vn 0.453919 0.437072 -0.776483
vn 0.512674 0.340109 -0.788347
vn 0.000000 0.233932 -0.972253
vn 0.000000 0.343062 -0.939313
vn 0.245659 0.367494 -0.896995
vn 0.277457 0.261527 -0.924457
vn -0.277457 0.261527 -0.924457
vn -0.245659 0.367494 -0.896995
vn 0.000000 0.343062 -0.939313
vn 0.000000 0.233932 -0.972253
vn -0.512674 0.340109 -0.788347
vn -0.453919 0.437072 -0.776483
vn -0.245659 0.367494 -0.896995
vn -0.277457 0.261527 -0.924457
vn -0.669840 0.457718 -0.584643
vn -0.593073 0.541202 -0.596125
vn -0.453919 0.437072 -0.776483
vn -0.512674 0.340109 -0.788347
vn -0.725030 0.596447 -0.344359
vn -0.641938 0.664031 -0.383378
vn -0.593073 0.541202 -0.596125
vn -0.669840 0.457718 -0.584643
vn -0.999719 -0.020514 0.011844
vn -0.923621 0.170773 0.343164
vn -0.798144 0.601479 0.034482
vn -0.863905 0.436178 -0.251827
vn -0.923621 0.170773 0.343164
vn -0.706909 0.332939 0.624045
vn -0.610873 0.741614 0.277205
vn -0.798144 0.601479 0.034482
vn -0.706909 0.332939 0.624045
vn -0.382576 0.441295 0.811723
vn -0.330602 0.835250 0.439386
vn -0.610873 0.741614 0.277205
vn -0.382576 0.441295 0.811723
vn 0.000000 0.479344 0.877627
vn 0.000000 0.868131 0.496336
vn -0.330602 0.835250 0.439386
vn 0.000000 0.479344 0.877627
vn 0.382576 0.441295 0.811723
vn 0.330602 0.835250 0.439386
vn 0.000000 0.868131 0.496336
vn 0.382576 0.441295 0.811723
vn 0.706908 0.332939 0.624045
vn 0.610873 0.741614 0.277205
vn 0.330602 0.835250 0.439386
vn 0.706908 0.332939 0.624045
vn 0.923620 0.170774 0.343165
vn 0.798144 0.601479 0.034482
vn 0.610873 0.741614 0.277205
vn 0.923620 0.170774 0.343165
vn 0.999719 -0.020514 0.011844
vn 0.863905 0.436178 -0.251828
vn 0.798144 0.601479 0.034482
vn 0.999719 -0.020514 0.011844
vn 0.923620 -0.211802 -0.319477
vn 0.798144 0.270877 -0.538137
vn 0.863905 0.436178 -0.251828
vn 0.923620 -0.211802 -0.319477
vn 0.706909 -0.373967 -0.600357
vn 0.610873 0.130743 -0.780859
vn 0.798144 0.270877 -0.538137
vn 0.706909 -0.373967 -0.600357
vn 0.382576 -0.482323 -0.788036
vn 0.330602 0.037106 -0.943041
vn 0.610873 0.130743 -0.780859
vn 0.382576 -0.482323 -0.788036
vn 0.000000 -0.520372 -0.853940
vn 0.000000 0.004225 -0.999991
vn 0.330602 0.037106 -0.943041
vn 0.000000 -0.520372 -0.853940
vn -0.382576 -0.482323 -0.788036
vn -0.330602 0.037106 -0.943041
vn 0.000000 0.004225 -0.999991
vn -0.382576 -0.482323 -0.788036
vn -0.706909 -0.373967 -0.600357
vn -0.610873 0.130742 -0.780859
vn -0.330602 0.037106 -0.943041
vn -0.706909 -0.373967 -0.600357
vn -0.923620 -0.211802 -0.319477
vn -0.798144 0.270877 -0.538137
vn -0.610873 0.130742 -0.780859
vn -0.923620 -0.211802 -0.319477
vn -0.999719 -0.020514 0.011844
vn -0.863905 0.436178 -0.251827
vn -0.798144 0.270877 -0.538137
vn -0.386441 -0.798748 0.461157
vn -0.357025 -0.724805 0.589229
vn -0.777707 -0.306425 0.548886
vn -0.841784 -0.467493 0.269907
vn -0.357025 -0.724805 0.589229
vn -0.273255 -0.662120 0.697803
vn -0.595231 -0.169878 0.785393
vn -0.777707 -0.306425 0.548886
vn -0.273255 -0.662120 0.697803
vn -0.147885 -0.620235 0.770350
vn -0.322137 -0.078640 0.943421
vn -0.595231 -0.169878 0.785393
vn -0.147885 -0.620235 0.770350
vn 0.000000 -0.605528 0.795824
vn 0.000000 -0.046602 0.998914
vn -0.322137 -0.078640 0.943421
vn 0.000000 -0.605528 0.795824
vn 0.147885 -0.620235 0.770350
vn 0.322137 -0.078640 0.943421
vn 0.000000 -0.046602 0.998914
vn 0.147885 -0.620235 0.770350
vn 0.273255 -0.662120 0.697803
vn 0.595231 -0.169878 0.785393
vn 0.322137 -0.078640 0.943421
vn 0.273255 -0.662120 0.697803
vn 0.357025 -0.724805 0.589229
vn 0.777707 -0.306425 0.548886
vn 0.595231 -0.169878 0.785393
vn 0.357025 -0.724805 0.589229
vn 0.386441 -0.798748 0.461157
vn 0.841784 -0.467493 0.269907
vn 0.777707 -0.306425 0.548886
vn 0.386441 -0.798748 0.461157
vn 0.357026 -0.872689 0.333085
vn 0.777707 -0.628562 -0.009071
vn 0.841784 -0.467493 0.269907
vn 0.357026 -0.872689 0.333085
vn 0.273255 -0.935375 0.224511
vn 0.595231 -0.765108 -0.245578
vn 0.777707 -0.628562 -0.009071
vn 0.273255 -0.935375 0.224511
vn 0.147885 -0.977260 0.151964
vn 0.322137 -0.856346 -0.403608
vn 0.595231 -0.765108 -0.245578
vn 0.147885 -0.977260 0.151964
vn 0.000000 -0.991968 0.126489
vn 0.000000 -0.888384 -0.459101
vn 0.322137 -0.856346 -0.403608
vn 0.000000 -0.991968 0.126489
vn -0.147885 -0.977260 0.151964
vn -0.322137 -0.856346 -0.403608
vn 0.000000 -0.888384 -0.459101
vn -0.147885 -0.977260 0.151964
vn -0.273255 -0.935375 0.224511
vn -0.595232 -0.765108 -0.245578
vn -0.322137 -0.856346 -0.403608
vn -0.273255 -0.935375 0.224511
vn -0.357025 -0.872690 0.333085
vn -0.777707 -0.628561 -0.009072
vn -0.595232 -0.765108 -0.245578
vn -0.357025 -0.872690 0.333085
vn -0.386441 -0.798748 0.461157
vn -0.841784 -0.467493 0.269907
vn -0.777707 -0.628561 -0.009072
s 1
f 1/1/1 425/2/2 430/3/3 17/4/4
f 7/5/5 16/6/6 197/7/7 181/8/8
f 6/9/9 428/10/10 429/11/11 2/12/12
f 2/12/13 429/11/14 425/2/15 1/1/16
f 18/13/17 432/14/18 433/15/19 19/16/20
f 10/17/21 11/18/22 12/19/23 9/20/24
f 19/16/25 11/18/26 10/17/27 18/13/28
f 9/20/29 12/19/30 15/21/31 4/22/32
f 181/8/33 557/23/34 431/24/35 7/5/36
f 5/25/37 427/26/38 428/10/39 6/9/40
f 5/25/41 8/27/42 16/6/43 7/5/44
f 7/5/45 431/24/46 427/26/47 5/25/48
f 6/9/49 4/22/50 8/27/51 5/25/52
f 2/12/53 9/20/54 4/22/55 6/9/56
f 1/1/57 10/17/58 9/20/59 2/12/60
f 17/4/61 18/13/62 10/17/63 1/1/64
f 426/28/65 432/14/66 18/13/67 17/4/68
f 20/29/69 19/16/70 433/15/71 434/30/72
f 19/16/73 20/29/74 14/31/75 11/18/76
f 3/32/77 12/19/78 11/18/79 14/31/80
f 13/33/81 15/21/82 12/19/83 3/32/84
f 20/29/85 434/30/86 668/34/87 667/35/88
f 3/32/89 14/31/90 666/36/91 665/37/92
f 664/38/93 13/33/94 3/32/95 665/37/96
f 15/21/97 478/39/98 539/40/99 4/22/100
f 479/41/101 8/27/102 4/22/103 539/40/104
f 540/42/105 16/6/106 8/27/107 479/41/108
f 599/43/109 197/7/110 16/6/111 540/42/112
f 538/44/113 13/33/114 664/38/115 477/45/116
f 17/4/117 430/3/118 662/46/119 426/28/120
f 325/47/121 89/48/122 44/49/123 299/50/124
f 89/48/125 127/51/126 90/52/127 44/49/128
f 21/53/129 91/54/130 44/49/131 90/52/132
f 91/54/133 203/55/134 299/50/135 44/49/136
f 21/53/137 90/52/138 45/56/139 94/57/140
f 90/52/141 127/51/142 92/58/143 45/56/144
f 128/59/145 93/60/146 45/56/147 92/58/148
f 93/60/149 22/61/150 94/57/151 45/56/152
f 22/61/153 93/60/154 46/62/155 97/63/156
f 93/60/157 128/59/158 95/64/159 46/62/160
f 129/65/161 96/66/162 46/62/163 95/64/164
f 96/66/165 23/67/166 97/63/167 46/62/168
f 23/67/169 96/66/170 47/68/171 100/69/172
f 96/66/173 129/65/174 98/70/175 47/68/176
f 130/71/177 99/72/178 47/68/179 98/70/180
f 99/72/181 24/73/182 100/69/183 47/68/184
f 24/73/185 99/72/186 48/74/187 103/75/188
f 99/72/189 130/71/190 101/76/191 48/74/192
f 131/77/193 102/78/194 48/74/195 101/76/196
f 102/78/197 25/79/198 103/75/199 48/74/200
f 25/79/201 102/78/202 49/80/203 106/81/204
f 102/78/205 131/77/206 104/82/207 49/80/208
f 132/83/209 105/84/210 49/80/211 104/82/212
f 105/84/213 26/85/214 106/81/215 49/80/216
f 26/85/217 105/84/218 50/86/219 109/87/220
f 105/84/221 132/83/222 107/88/223 50/86/224
f 133/89/225 108/90/226 50/86/227 107/88/228
f 108/90/229 27/91/230 109/87/231 50/86/232
f 27/91/233 108/90/234 51/92/235 112/93/236
f 108/90/237 133/89/238 110/94/239 51/92/240
f 134/95/241 111/96/242 51/92/243 110/94/244
f 111/96/245 28/97/246 112/93/247 51/92/248
f 28/97/249 111/96/250 52/98/251 115/99/252
f 111/96/253 134/95/254 113/100/255 52/98/256
f 135/101/257 114/102/258 52/98/259 113/100/260
f 114/102/261 29/103/262 115/99/263 52/98/264
f 29/103/265 114/102/266 53/104/267 118/105/268
f 114/102/269 135/101/270 116/106/271 53/104/272
f 136/107/273 117/108/274 53/104/275 116/106/276
f 117/108/277 30/109/278 118/105/279 53/104/280
f 30/109/281 117/108/282 54/110/283 121/111/284
f 117/108/285 136/107/286 119/112/287 54/110/288
f 137/113/289 120/114/290 54/110/291 119/112/292
f 120/114/293 31/115/294 121/111/295 54/110/296
f 31/115/297 120/114/298 55/116/299 124/117/300
f 120/114/301 137/113/302 122/118/303 55/116/304
f 123/119/305 55/116/306 122/118/307
f 123/119/308 32/120/309 124/117/310 55/116/311
f 32/120/312 123/119/313 125/121/314
f 91/54/315 21/53/316 443/122/317 501/123/318
f 91/54/319 501/123/320 560/124/321 203/55/322
f 94/57/323 22/61/324 444/125/325 502/126/326
f 21/53/327 94/57/328 502/126/329 443/122/330
f 97/63/331 23/67/332 445/127/333 503/128/334
f 22/61/335 97/63/336 503/128/337 444/125/338
f 100/69/339 24/73/340 446/129/341 504/130/342
f 23/67/343 100/69/344 504/130/345 445/127/346
f 103/75/347 25/79/348 447/131/349 505/132/350
f 24/73/351 103/75/352 505/132/353 446/129/354
f 106/81/355 26/85/356 448/133/357 506/134/358
f 25/79/359 106/81/360 506/134/361 447/131/362
f 109/87/363 27/91/364 449/135/365 507/136/366
f 26/85/367 109/87/368 507/136/369 448/133/370
f 112/93/371 28/97/372 450/137/373 508/138/374
f 27/91/375 112/93/376 508/138/377 449/135/378
f 115/99/379 29/103/380 451/139/381 509/140/382
f 28/97/383 115/99/384 509/140/385 450/137/386
f 118/105/387 30/109/388 452/141/389 510/142/390
f 29/103/391 118/105/392 510/142/393 451/139/394
f 121/111/395 31/115/396 453/143/397 511/144/398
f 30/109/399 121/111/400 511/144/401 452/141/402
f 124/117/403 32/120/404 454/145/405 512/146/406
f 31/115/407 124/117/408 512/146/409 453/143/410
f 125/121/411 33/147/412 455/148/413 513/149/414
f 32/120/415 125/121/416 513/149/417 454/145/418
f 324/150/419 621/151/420 514/152/421 126/153/422
f 33/147/423 126/153/424 514/152/425 455/148/426
f 325/47/427 573/154/428 515/155/429 89/48/430
f 89/48/431 515/155/432 456/156/433 127/51/434
f 92/58/435 127/51/436 456/156/437 516/157/438
f 92/58/439 516/157/440 457/158/441 128/59/442
f 95/64/443 128/59/444 457/158/445 517/159/446
f 95/64/447 517/159/448 458/160/449 129/65/450
f 98/70/451 129/65/452 458/160/453 518/161/454
f 98/70/455 518/161/456 459/162/457 130/71/458
f 101/76/459 130/71/460 459/162/461 519/163/462
f 101/76/463 519/163/464 460/164/465 131/77/466
f 104/82/467 131/77/468 460/164/469 520/165/470
f 104/82/471 520/165/472 461/166/473 132/83/474
f 107/88/475 132/83/476 461/166/477 521/167/478
f 107/88/479 521/167/480 462/168/481 133/89/482
f 110/94/483 133/89/484 462/168/485 522/169/486
f 110/94/487 522/169/488 463/170/489 134/95/490
f 113/100/491 134/95/492 463/170/493 523/171/494
f 113/100/495 523/171/496 464/172/497 135/101/498
f 116/106/499 135/101/500 464/172/501 524/173/502
f 116/106/503 524/173/504 465/174/505 136/107/506
f 119/112/507 136/107/508 465/174/509 525/175/510
f 119/112/511 525/175/512 466/176/513 137/113/514
f 122/118/515 137/113/516 466/176/517 526/177/518
f 138/178/519 148/179/520 56/180/521 68/181/522
f 148/179/523 34/182/524 168/183/525 56/180/526
f 216/184/527 329/185/528 56/180/529 168/183/530
f 329/185/531 326/186/532 68/181/533 56/180/534
f 139/187/535 150/188/536 57/189/537 70/190/538
f 150/188/539 35/191/540 169/192/541 57/189/542
f 34/182/543 148/179/544 57/189/545 169/192/546
f 148/179/547 138/178/548 70/190/549 57/189/550
f 140/193/551 152/194/552 58/195/553 72/196/554
f 152/194/555 36/197/556 170/198/557 58/195/558
f 35/191/559 150/188/560 58/195/561 170/198/562
f 150/188/563 139/187/564 72/196/565 58/195/566
f 141/199/567 154/200/568 59/201/569 74/202/570
f 154/200/571 37/203/572 171/204/573 59/201/574
f 36/197/575 152/194/576 59/201/577 171/204/578
f 152/194/579 140/193/580 74/202/581 59/201/582
f 142/205/583 156/206/584 60/207/585 76/208/586
f 156/206/587 38/209/588 172/210/589 60/207/590
f 37/203/591 154/200/592 60/207/593 172/210/594
f 154/200/595 141/199/596 76/208/597 60/207/598
f 143/211/599 158/212/600 61/213/601 78/214/602
f 158/212/603 39/215/604 173/216/605 61/213/606
f 38/209/607 156/206/608 61/213/609 173/216/610
f 156/206/611 142/205/612 78/214/613 61/213/614
f 144/217/615 160/218/616 62/219/617 80/220/618
f 160/218/619 40/221/620 174/222/621 62/219/622
f 39/215/623 158/212/624 62/219/625 174/222/626
f 158/212/627 143/211/628 80/220/629 62/219/630
f 145/223/631 162/224/632 63/225/633 82/226/634
f 162/224/635 41/227/636 175/228/637 63/225/638
f 40/221/639 160/218/640 63/225/641 175/228/642
f 160/218/643 144/217/644 82/226/645 63/225/646
f 146/229/647 164/230/648 64/231/649 84/232/650
f 164/230/651 42/233/652 176/234/653 64/231/654
f 41/227/655 162/224/656 64/231/657 176/234/658
f 162/224/659 145/223/660 84/232/661 64/231/662
f 42/233/663 179/235/664 65/236/665 165/237/666
f 179/235/667 43/238/668 167/239/669 65/236/670
f 500/240/671 489/241/672 65/236/673 167/239/674
f 165/237/675 65/236/676 489/241/677 498/242/678
f 87/243/679 664/38/680 665/37/681 66/244/682
f 66/244/683 665/37/684 666/36/685 177/245/686
f 43/238/687 166/246/688 66/244/689 177/245/690
f 166/246/691 147/247/692 87/243/693 66/244/694
f 34/182/695 149/248/696 67/249/697 168/183/698
f 67/249/699 149/248/700 499/250/701 490/251/702
f 330/252/703 67/249/704 490/251/705 619/253/706
f 330/252/707 216/184/708 168/183/709 67/249/710
f 527/254/711 68/181/712 326/186/713 586/255/714
f 467/256/715 138/178/716 68/181/717 527/254/718
f 35/191/719 151/257/720 69/258/721 169/192/722
f 69/258/723 151/257/724 491/259/725 480/260/726
f 149/248/727 69/258/728 480/260/729 499/250/730
f 149/248/731 34/182/732 169/192/733 69/258/734
f 138/178/735 467/256/736 528/261/737 70/190/738
f 468/262/739 139/187/740 70/190/741 528/261/742
f 36/197/743 153/263/744 71/264/745 170/198/746
f 71/264/747 153/263/748 492/265/749 481/266/750
f 151/257/751 71/264/752 481/266/753 491/259/754
f 151/257/755 35/191/756 170/198/757 71/264/758
f 139/187/759 468/262/760 529/267/761 72/196/762
f 469/268/763 140/193/764 72/196/765 529/267/766
f 37/203/767 155/269/768 73/270/769 171/204/770
f 73/270/771 155/269/772 493/271/773 482/272/774
f 153/263/775 73/270/776 482/272/777 492/265/778
f 153/263/779 36/197/780 171/204/781 73/270/782
f 140/193/783 469/268/784 530/273/785 74/202/786
f 470/274/787 141/199/788 74/202/789 530/273/790
f 38/209/791 157/275/792 75/276/793 172/210/794
f 75/276/795 157/275/796 494/277/797 483/278/798
f 155/269/799 75/276/800 483/278/801 493/271/802
f 155/269/803 37/203/804 172/210/805 75/276/806
f 141/199/807 470/274/808 531/279/809 76/208/810
f 471/280/811 142/205/812 76/208/813 531/279/814
f 39/215/815 159/281/816 77/282/817 173/216/818
f 77/282/819 159/281/820 495/283/821 484/284/822
f 157/275/823 77/282/824 484/284/825 494/277/826
f 157/275/827 38/209/828 173/216/829 77/282/830
f 142/205/831 471/280/832 532/285/833 78/214/834
f 472/286/835 143/211/836 78/214/837 532/285/838
f 40/221/839 161/287/840 79/288/841 174/222/842
f 79/288/843 161/287/844 496/289/845 485/290/846
f 159/281/847 79/288/848 485/290/849 495/283/850
f 159/281/851 39/215/852 174/222/853 79/288/854
f 143/211/855 472/286/856 533/291/857 80/220/858
f 473/292/859 144/217/860 80/220/861 533/291/862
f 41/227/863 163/293/864 81/294/865 175/228/866
f 486/295/867 81/294/868 163/293/869 497/296/870
f 161/287/871 81/294/872 486/295/873 496/289/874
f 161/287/875 40/221/876 175/228/877 81/294/878
f 144/217/879 473/292/880 534/297/881 82/226/882
f 474/298/883 145/223/884 82/226/885 534/297/886
f 42/233/887 165/237/888 83/299/889 176/234/890
f 83/299/891 165/237/892 498/242/893 487/300/894
f 163/293/895 83/299/896 487/300/897 497/296/898
f 163/293/899 41/227/900 176/234/901 83/299/902
f 145/223/903 474/298/904 535/301/905 84/232/906
f 475/302/907 146/229/908 84/232/909 535/301/910
f 146/229/911 475/302/912 536/303/913 85/304/914
f 476/305/915 147/247/916 85/304/917 536/303/918
f 177/245/919 666/36/920 667/35/921 86/306/922
f 167/239/923 86/306/924 488/307/925 500/240/926
f 167/239/927 43/238/928 177/245/929 86/306/930
f 537/308/931 87/243/932 147/247/933 476/305/934
f 178/309/935 384/310/936 467/256/937 527/254/938
f 586/255/939 235/311/940 178/309/941 527/254/942
f 385/312/943 468/262/944 528/261/945 397/313/946
f 467/256/947 384/310/948 397/313/949 528/261/950
f 386/314/951 469/268/952 529/267/953 398/315/954
f 468/262/955 385/312/956 398/315/957 529/267/958
f 387/316/959 470/274/960 530/273/961 399/317/962
f 469/268/963 386/314/964 399/317/965 530/273/966
f 388/318/967 471/280/968 531/279/969 400/319/970
f 470/274/971 387/316/972 400/319/973 531/279/974
f 389/320/975 472/286/976 532/285/977 401/321/978
f 471/280/979 388/318/980 401/321/981 532/285/982
f 390/322/983 473/292/984 533/291/985 402/323/986
f 472/286/987 389/320/988 402/323/989 533/291/990
f 391/324/991 474/298/992 534/297/993 403/325/994
f 473/292/995 390/322/996 403/325/997 534/297/998
f 392/326/999 475/302/1000 535/301/1001 404/327/1002
f 474/298/1003 391/324/1004 404/327/1005 535/301/1006
f 393/328/1007 476/305/1008 536/303/1009 405/329/1010
f 475/302/1011 392/326/1012 405/329/1013 536/303/1014
f 394/330/1015 477/45/1016 537/308/1017 406/331/1018
f 476/305/1019 393/328/1020 406/331/1021 537/308/1022
f 395/332/1023 478/39/1024 538/44/1025 407/333/1026
f 477/45/1027 394/330/1028 407/333/1029 538/44/1030
f 396/334/1031 479/41/1032 539/40/1033 408/335/1034
f 478/39/1035 395/332/1036 408/335/1037 539/40/1038
f 423/336/1039 599/43/1040 540/42/1041 409/337/1042
f 479/41/1043 396/334/1044 409/337/1045 540/42/1046
f 42/233/1047 164/230/1048 88/338/1049 179/235/1050
f 164/230/1051 146/229/1052 85/304/1053 88/338/1054
f 147/247/1055 166/246/1056 88/338/1057 85/304/1058
f 166/246/1059 43/238/1060 179/235/1061 88/338/1062
f 477/45/1063 664/38/1064 87/243/1065 537/308/1066
f 86/306/1067 667/35/1068 668/34/1069 488/307/1070
f 198/339/1071 545/340/1072 541/341/1073 180/342/1074
f 181/343/1075 197/344/1076 192/345/1077 187/346/1078
f 543/347/1079 186/348/1080 182/349/1081 544/350/1082
f 180/342/1083 541/341/1084 544/350/1085 182/349/1086
f 548/351/1087 547/352/1088 199/353/1089 200/354/1090
f 188/355/1091 191/356/1092 190/357/1093 189/358/1094
f 200/354/1095 199/353/1096 189/358/1097 190/357/1098
f 194/359/1099 184/360/1100 191/356/1101 188/355/1102
f 187/346/1103 546/361/1104 557/362/1105 181/343/1106
f 186/348/1107 543/347/1108 542/363/1109 185/364/1110
f 187/346/1111 192/345/1112 195/365/1113 185/364/1114
f 185/364/1115 542/363/1116 546/361/1117 187/346/1118
f 185/364/1119 195/365/1120 194/359/1121 186/348/1122
f 186/348/1123 194/359/1124 188/355/1125 182/349/1126
f 182/349/1127 188/355/1128 189/358/1129 180/342/1130
f 180/342/1131 189/358/1132 199/353/1133 198/339/1134
f 198/339/1135 199/353/1136 547/352/1137 295/366/1138
f 548/351/1139 200/354/1140 201/367/1141 549/368/1142
f 190/357/1143 193/369/1144 201/367/1145 200/354/1146
f 193/369/1147 190/357/1148 191/356/1149 183/370/1150
f 183/370/1151 191/356/1152 184/360/1153 196/371/1154
f 673/372/1155 549/368/1156 201/367/1157 672/373/1158
f 671/374/1159 193/369/1160 183/370/1161 670/375/1162
f 670/375/1163 183/370/1164 196/371/1165 669/376/1166
f 597/377/1167 184/360/1168 194/359/1169 660/378/1170
f 660/378/1171 194/359/1172 195/365/1173 598/379/1174
f 598/379/1175 195/365/1176 192/345/1177 661/380/1178
f 661/380/1179 192/345/1180 197/344/1181 599/381/1182
f 196/371/1183 659/382/1184 596/383/1185 669/376/1186
f 545/340/1187 198/339/1188 295/366/1189 663/384/1190
f 325/47/1191 299/50/1192 236/385/1193 262/386/1194
f 262/386/1195 236/385/1196 298/387/1197 202/388/1198
f 311/389/1199 298/387/1200 236/385/1201 248/390/1202
f 248/390/1203 236/385/1204 299/50/1205 203/55/1206
f 311/389/1207 249/391/1208 237/392/1209 298/387/1210
f 298/387/1211 237/392/1212 263/393/1213 202/388/1214
f 204/394/1215 263/393/1216 237/392/1217 300/395/1218
f 300/395/1219 237/392/1220 249/391/1221 312/396/1222
f 312/396/1223 250/397/1224 238/398/1225 300/395/1226
f 300/395/1227 238/398/1228 264/399/1229 204/394/1230
f 205/400/1231 264/399/1232 238/398/1233 301/401/1234
f 301/401/1235 238/398/1236 250/397/1237 313/402/1238
f 313/402/1239 251/403/1240 239/404/1241 301/401/1242
f 301/401/1243 239/404/1244 265/405/1245 205/400/1246
f 206/406/1247 265/405/1248 239/404/1249 302/407/1250
f 302/407/1251 239/404/1252 251/403/1253 314/408/1254
f 314/408/1255 252/409/1256 240/410/1257 302/407/1258
f 302/407/1259 240/410/1260 266/411/1261 206/406/1262
f 207/412/1263 266/411/1264 240/410/1265 303/413/1266
f 303/413/1267 240/410/1268 252/409/1269 315/414/1270
f 315/414/1271 253/415/1272 241/416/1273 303/413/1274
f 303/413/1275 241/416/1276 267/417/1277 207/412/1278
f 208/418/1279 267/417/1280 241/416/1281 304/419/1282
f 304/419/1283 241/416/1284 253/415/1285 316/420/1286
f 316/420/1287 254/421/1288 242/422/1289 304/419/1290
f 304/419/1291 242/422/1292 268/423/1293 208/418/1294
f 209/424/1295 268/423/1296 242/422/1297 305/425/1298
f 305/425/1299 242/422/1300 254/421/1301 317/426/1302
f 317/426/1303 255/427/1304 243/428/1305 305/425/1306
f 305/425/1307 243/428/1308 269/429/1309 209/424/1310
f 210/430/1311 269/429/1312 243/428/1313 306/431/1314
f 306/431/1315 243/428/1316 255/427/1317 318/432/1318
f 318/432/1319 256/433/1320 244/434/1321 306/431/1322
f 306/431/1323 244/434/1324 270/435/1325 210/430/1326
f 211/436/1327 270/435/1328 244/434/1329 307/437/1330
f 307/437/1331 244/434/1332 256/433/1333 319/438/1334
f 319/438/1335 257/439/1336 245/440/1337 307/437/1338
f 307/437/1339 245/440/1340 271/441/1341 211/436/1342
f 212/442/1343 271/441/1344 245/440/1345 308/443/1346
f 308/443/1347 245/440/1348 257/439/1349 320/444/1350
f 320/444/1351 258/445/1352 246/446/1353 308/443/1354
f 308/443/1355 246/446/1356 272/447/1357 212/442/1358
f 213/448/1359 272/447/1360 246/446/1361 309/449/1362
f 309/449/1363 246/446/1364 258/445/1365 321/450/1366
f 321/450/1367 259/451/1368 247/452/1369 309/449/1370
f 309/449/1371 247/452/1372 273/453/1373 213/448/1374
f 273/453/1375 247/452/1376 310/454/1377
f 310/454/1378 247/452/1379 259/451/1380 322/455/1381
f 322/455/1382 260/456/1383 310/454/1384
f 559/457/1385 311/389/1386 248/390/1387 623/458/1388
f 560/124/1389 623/458/1390 248/390/1391 203/55/1392
f 561/459/1393 312/396/1394 249/391/1395 624/460/1396
f 624/460/1397 249/391/1398 311/389/1399 559/457/1400
f 562/461/1401 313/402/1402 250/397/1403 625/462/1404
f 625/462/1405 250/397/1406 312/396/1407 561/459/1408
f 563/463/1409 314/408/1410 251/403/1411 626/464/1412
f 626/464/1413 251/403/1414 313/402/1415 562/461/1416
f 564/465/1417 315/414/1418 252/409/1419 627/466/1420
f 627/466/1421 252/409/1422 314/408/1423 563/463/1424
f 565/467/1425 316/420/1426 253/415/1427 628/468/1428
f 628/468/1429 253/415/1430 315/414/1431 564/465/1432
f 566/469/1433 317/426/1434 254/421/1435 629/470/1436
f 629/470/1437 254/421/1438 316/420/1439 565/467/1440
f 567/471/1441 318/432/1442 255/427/1443 630/472/1444
f 630/472/1445 255/427/1446 317/426/1447 566/469/1448
f 568/473/1449 319/438/1450 256/433/1451 631/474/1452
f 631/474/1453 256/433/1454 318/432/1455 567/471/1456
f 569/475/1457 320/444/1458 257/439/1459 632/476/1460
f 632/476/1461 257/439/1462 319/438/1463 568/473/1464
f 570/477/1465 321/450/1466 258/445/1467 633/478/1468
f 633/478/1469 258/445/1470 320/444/1471 569/475/1472
f 571/479/1473 322/455/1474 259/451/1475 634/480/1476
f 634/480/1477 259/451/1478 321/450/1479 570/477/1480
f 572/481/1481 323/482/1482 260/456/1483 635/483/1484
f 635/483/1485 260/456/1486 322/455/1487 571/479/1488
f 636/484/1489 621/485/1490 324/486/1491 261/487/1492
f 636/484/1493 261/487/1494 323/482/1495 572/481/1496
f 637/488/1497 573/154/1498 325/47/1499 262/386/1500
f 574/489/1501 637/488/1502 262/386/1503 202/388/1504
f 574/489/1505 202/388/1506 263/393/1507 638/490/1508
f 575/491/1509 638/490/1510 263/393/1511 204/394/1512
f 575/491/1513 204/394/1514 264/399/1515 639/492/1516
f 576/493/1517 639/492/1518 264/399/1519 205/400/1520
f 576/493/1521 205/400/1522 265/405/1523 640/494/1524
f 577/495/1525 640/494/1526 265/405/1527 206/406/1528
f 577/495/1529 206/406/1530 266/411/1531 641/496/1532
f 578/497/1533 641/496/1534 266/411/1535 207/412/1536
f 578/497/1537 207/412/1538 267/417/1539 642/498/1540
f 579/499/1541 642/498/1542 267/417/1543 208/418/1544
f 579/499/1545 208/418/1546 268/423/1547 643/500/1548
f 580/501/1549 643/500/1550 268/423/1551 209/424/1552
f 580/501/1553 209/424/1554 269/429/1555 644/502/1556
f 581/503/1557 644/502/1558 269/429/1559 210/430/1560
f 581/503/1561 210/430/1562 270/435/1563 645/504/1564
f 582/505/1565 645/504/1566 270/435/1567 211/436/1568
f 582/505/1569 211/436/1570 271/441/1571 646/506/1572
f 583/507/1573 646/506/1574 271/441/1575 212/442/1576
f 583/507/1577 212/442/1578 272/447/1579 647/508/1580
f 584/509/1581 647/508/1582 272/447/1583 213/448/1584
f 584/509/1585 213/448/1586 273/453/1587 296/510/1588
f 214/511/1589 350/512/1590 274/513/1591 327/514/1592
f 327/514/1593 274/513/1594 349/515/1595 215/516/1596
f 216/184/1597 349/515/1598 274/513/1599 329/185/1600
f 329/185/1601 274/513/1602 350/512/1603 326/186/1604
f 217/517/1605 352/518/1606 275/519/1607 331/520/1608
f 331/520/1609 275/519/1610 351/521/1611 218/522/1612
f 215/516/1613 351/521/1614 275/519/1615 327/514/1616
f 327/514/1617 275/519/1618 352/518/1619 214/511/1620
f 219/523/1621 354/524/1622 276/525/1623 333/526/1624
f 333/526/1625 276/525/1626 353/527/1627 220/528/1628
f 218/522/1629 353/527/1630 276/525/1631 331/520/1632
f 331/520/1633 276/525/1634 354/524/1635 217/517/1636
f 221/529/1637 356/530/1638 277/531/1639 335/532/1640
f 335/532/1641 277/531/1642 355/533/1643 222/534/1644
f 220/528/1645 355/533/1646 277/531/1647 333/526/1648
f 333/526/1649 277/531/1650 356/530/1651 219/523/1652
f 223/535/1653 358/536/1654 278/537/1655 337/538/1656
f 337/538/1657 278/537/1658 357/539/1659 224/540/1660
f 222/534/1661 357/539/1662 278/537/1663 335/532/1664
f 335/532/1665 278/537/1666 358/536/1667 221/529/1668
f 225/541/1669 360/542/1670 279/543/1671 339/544/1672
f 339/544/1673 279/543/1674 359/545/1675 226/546/1676
f 224/540/1677 359/545/1678 279/543/1679 337/538/1680
f 337/538/1681 279/543/1682 360/542/1683 223/535/1684
f 227/547/1685 362/548/1686 280/549/1687 341/550/1688
f 341/550/1689 280/549/1690 361/551/1691 228/552/1692
f 226/546/1693 361/551/1694 280/549/1695 339/544/1696
f 339/544/1697 280/549/1698 362/548/1699 225/541/1700
f 229/553/1701 364/554/1702 281/555/1703 343/556/1704
f 343/556/1705 281/555/1706 363/557/1707 230/558/1708
f 228/552/1709 363/557/1710 281/555/1711 341/550/1712
f 341/550/1713 281/555/1714 364/554/1715 227/547/1716
f 231/559/1717 366/560/1718 282/561/1719 345/562/1720
f 345/562/1721 282/561/1722 365/563/1723 232/564/1724
f 230/558/1725 365/563/1726 282/561/1727 343/556/1728
f 343/556/1729 282/561/1730 366/560/1731 229/553/1732
f 346/565/1733 283/566/1734 383/567/1735 232/564/1736
f 283/566/1737 348/568/1738 234/569/1739 383/567/1740
f 609/570/1741 622/571/1742 348/568/1743 283/566/1744
f 283/566/1745 346/565/1746 618/572/1747 609/570/1748
f 234/569/1749 368/573/1750 284/574/1751 347/575/1752
f 347/575/1753 284/574/1754 369/576/1755 233/577/1756
f 215/516/1757 349/515/1758 285/578/1759 328/579/1760
f 610/580/1761 620/581/1762 328/579/1763 285/578/1764
f 285/578/1765 330/252/1766 619/253/1767 610/580/1768
f 330/252/1769 285/578/1770 349/515/1771 216/184/1772
f 586/255/1773 326/186/1774 350/512/1775 648/582/1776
f 214/511/1777 585/583/1778 648/582/1779 350/512/1780
f 218/522/1781 351/521/1782 286/584/1783 332/585/1784
f 332/585/1785 286/584/1786 600/586/1787 611/587/1788
f 286/584/1789 328/579/1790 620/581/1791 600/586/1792
f 328/579/1793 286/584/1794 351/521/1795 215/516/1796
f 585/583/1797 214/511/1798 352/518/1799 649/588/1800
f 217/517/1801 587/589/1802 649/588/1803 352/518/1804
f 220/528/1805 353/527/1806 287/590/1807 334/591/1808
f 601/592/1809 612/593/1810 334/591/1811 287/590/1812
f 287/590/1813 332/585/1814 611/587/1815 601/592/1816
f 332/585/1817 287/590/1818 353/527/1819 218/522/1820
f 587/589/1821 217/517/1822 354/524/1823 650/594/1824
f 219/523/1825 588/595/1826 650/594/1827 354/524/1828
f 222/534/1829 355/533/1830 288/596/1831 336/597/1832
f 602/598/1833 613/599/1834 336/597/1835 288/596/1836
f 288/596/1837 334/591/1838 612/593/1839 602/598/1840
f 334/591/1841 288/596/1842 355/533/1843 220/528/1844
f 588/595/1845 219/523/1846 356/530/1847 651/600/1848
f 221/529/1849 589/601/1850 651/600/1851 356/530/1852
f 224/540/1853 357/539/1854 289/602/1855 338/603/1856
f 603/604/1857 614/605/1858 338/603/1859 289/602/1860
f 289/602/1861 336/597/1862 613/599/1863 603/604/1864
f 336/597/1865 289/602/1866 357/539/1867 222/534/1868
f 589/601/1869 221/529/1870 358/536/1871 652/606/1872
f 223/535/1873 590/607/1874 652/606/1875 358/536/1876
f 226/546/1877 359/545/1878 290/608/1879 340/609/1880
f 604/610/1881 615/611/1882 340/609/1883 290/608/1884
f 290/608/1885 338/603/1886 614/605/1887 604/610/1888
f 338/603/1889 290/608/1890 359/545/1891 224/540/1892
f 590/607/1893 223/535/1894 360/542/1895 653/612/1896
f 225/541/1897 591/613/1898 653/612/1899 360/542/1900
f 228/552/1901 361/551/1902 291/614/1903 342/615/1904
f 605/616/1905 616/617/1906 342/615/1907 291/614/1908
f 291/614/1909 340/609/1910 615/611/1911 605/616/1912
f 340/609/1913 291/614/1914 361/551/1915 226/546/1916
f 591/613/1917 225/541/1918 362/548/1919 654/618/1920
f 227/547/1921 592/619/1922 654/618/1923 362/548/1924
f 230/558/1925 363/557/1926 292/620/1927 344/621/1928
f 606/622/1929 617/623/1930 344/621/1931 292/620/1932
f 292/620/1933 342/615/1934 616/617/1935 606/622/1936
f 342/615/1937 292/620/1938 363/557/1939 228/552/1940
f 592/619/1941 227/547/1942 364/554/1943 655/624/1944
f 229/553/1945 593/625/1946 655/624/1947 364/554/1948
f 232/564/1949 365/563/1950 293/626/1951 346/565/1952
f 607/627/1953 618/572/1954 346/565/1955 293/626/1956
f 293/626/1957 344/621/1958 617/623/1959 607/627/1960
f 344/621/1961 293/626/1962 365/563/1963 230/558/1964
f 593/625/1965 229/553/1966 366/560/1967 656/628/1968
f 231/559/1969 594/629/1970 656/628/1971 366/560/1972
f 594/629/1973 231/559/1974 367/630/1975 657/631/1976
f 233/577/1977 595/632/1978 657/631/1979 367/630/1980
f 193/369/1981 671/374/1982 672/373/1983 201/367/1984
f 294/633/1985 348/568/1986 622/571/1987 608/634/1988
f 348/568/1989 294/633/1990 368/573/1991 234/569/1992
f 595/632/1993 233/577/1994 369/576/1995 658/635/1996
f 585/583/1997 410/636/1998 424/637/1999 648/582/2000
f 424/637/2001 235/311/2002 586/255/2003 648/582/2004
f 649/588/2005 587/589/2006 411/638/2007 370/639/2008
f 370/639/2009 410/636/2010 585/583/2011 649/588/2012
f 650/594/2013 588/595/2014 412/640/2015 371/641/2016
f 371/641/2017 411/638/2018 587/589/2019 650/594/2020
f 651/600/2021 589/601/2022 413/642/2023 372/643/2024
f 372/643/2025 412/640/2026 588/595/2027 651/600/2028
f 652/606/2029 590/607/2030 414/644/2031 373/645/2032
f 373/645/2033 413/642/2034 589/601/2035 652/606/2036
f 653/612/2037 591/613/2038 415/646/2039 374/647/2040
f 374/647/2041 414/644/2042 590/607/2043 653/612/2044
f 654/618/2045 592/619/2046 416/648/2047 375/649/2048
f 375/649/2049 415/646/2050 591/613/2051 654/618/2052
f 655/624/2053 593/625/2054 417/650/2055 376/651/2056
f 376/651/2057 416/648/2058 592/619/2059 655/624/2060
f 656/628/2061 594/629/2062 418/652/2063 377/653/2064
f 377/653/2065 417/650/2066 593/625/2067 656/628/2068
f 657/631/2069 595/632/2070 419/654/2071 378/655/2072
f 378/655/2073 418/652/2074 594/629/2075 657/631/2076
f 658/635/2077 596/383/2078 420/656/2079 379/657/2080
f 379/657/2081 419/654/2082 595/632/2083 658/635/2084
f 659/382/2085 597/377/2086 421/658/2087 380/659/2088
f 380/659/2089 420/656/2090 596/383/2091 659/382/2092
f 660/378/2093 598/379/2094 422/660/2095 381/661/2096
f 381/661/2097 421/658/2098 597/377/2099 660/378/2100
f 661/380/2101 599/381/2102 423/662/2103 382/663/2104
f 382/663/2105 422/660/2106 598/379/2107 661/380/2108
f 232/564/2109 383/567/2110 297/664/2111 345/562/2112
f 345/562/2113 297/664/2114 367/630/2115 231/559/2116
f 233/577/2117 367/630/2118 297/664/2119 347/575/2120
f 347/575/2121 297/664/2122 383/567/2123 234/569/2124
f 555/665/2125 545/340/2126 663/384/2127 551/666/2128
f 430/3/2129 425/2/2130 435/667/2131 441/668/2132
f 431/24/2133 557/23/2134 558/669/2135 442/670/2136
f 428/10/2137 427/26/2138 438/671/2139 439/672/2140
f 429/11/2141 428/10/2142 439/672/2143 440/673/2144
f 425/2/2145 429/11/2146 440/673/2147 435/667/2148
f 427/26/2149 431/24/2150 442/670/2151 438/671/2152
f 501/674/2153 443/675/2154 384/310/2155 178/309/2156
f 235/311/2157 560/676/2158 501/674/2159 178/309/2160
f 397/313/2161 502/677/2162 444/678/2163 385/312/2164
f 443/675/2165 502/677/2166 397/313/2167 384/310/2168
f 398/315/2169 503/679/2170 445/680/2171 386/314/2172
f 444/678/2173 503/679/2174 398/315/2175 385/312/2176
f 399/317/2177 504/681/2178 446/682/2179 387/316/2180
f 445/680/2181 504/681/2182 399/317/2183 386/314/2184
f 400/319/2185 505/683/2186 447/684/2187 388/318/2188
f 446/682/2189 505/683/2190 400/319/2191 387/316/2192
f 401/321/2193 506/685/2194 448/686/2195 389/320/2196
f 447/684/2197 506/685/2198 401/321/2199 388/318/2200
f 402/323/2201 507/687/2202 449/688/2203 390/322/2204
f 448/686/2205 507/687/2206 402/323/2207 389/320/2208
f 403/325/2209 508/689/2210 450/690/2211 391/324/2212
f 449/688/2213 508/689/2214 403/325/2215 390/322/2216
f 404/327/2217 509/691/2218 451/692/2219 392/326/2220
f 450/690/2221 509/691/2222 404/327/2223 391/324/2224
f 405/329/2225 510/693/2226 452/694/2227 393/328/2228
f 451/692/2229 510/693/2230 405/329/2231 392/326/2232
f 406/331/2233 511/695/2234 453/696/2235 394/330/2236
f 452/694/2237 511/695/2238 406/331/2239 393/328/2240
f 407/333/2241 512/697/2242 454/698/2243 395/332/2244
f 453/696/2245 512/697/2246 407/333/2247 394/330/2248
f 408/335/2249 513/699/2250 455/700/2251 396/334/2252
f 454/698/2253 513/699/2254 408/335/2255 395/332/2256
f 409/337/2257 514/701/2258 621/702/2259 423/336/2260
f 455/700/2261 514/701/2262 409/337/2263 396/334/2264
f 573/703/2265 619/253/2266 490/251/2267 515/704/2268
f 499/250/2269 456/705/2270 515/704/2271 490/251/2272
f 456/705/2273 499/250/2274 480/260/2275 516/706/2276
f 516/706/2277 480/260/2278 491/259/2279 457/707/2280
f 457/707/2281 491/259/2282 481/266/2283 517/708/2284
f 492/265/2285 458/709/2286 517/708/2287 481/266/2288
f 458/709/2289 492/265/2290 482/272/2291 518/710/2292
f 493/271/2293 459/711/2294 518/710/2295 482/272/2296
f 459/711/2297 493/271/2298 483/278/2299 519/712/2300
f 494/277/2301 460/713/2302 519/712/2303 483/278/2304
f 460/713/2305 494/277/2306 484/284/2307 520/714/2308
f 495/283/2309 461/715/2310 520/714/2311 484/284/2312
f 485/290/2313 521/716/2314 461/715/2315 495/283/2316
f 521/716/2317 485/290/2318 496/289/2319 462/717/2320
f 486/295/2321 522/718/2322 462/717/2323 496/289/2324
f 463/719/2325 522/718/2326 486/295/2327 497/296/2328
f 487/300/2329 523/720/2330 463/719/2331 497/296/2332
f 523/720/2333 487/300/2334 498/242/2335 464/721/2336
f 464/721/2337 498/242/2338 489/241/2339 524/722/2340
f 500/240/2341 465/723/2342 524/722/2343 489/241/2344
f 488/307/2345 525/724/2346 465/723/2347 500/240/2348
f 525/724/2349 488/307/2350 668/34/2351 466/725/2352
f 526/726/2353 466/725/2354 668/34/2355 434/30/2356
f 13/33/2357 538/44/2358 478/39/2359 15/21/2360
f 662/46/2361 430/3/2362 441/668/2363 436/727/2364 437/728/2365
f 550/729/2366 541/341/2367 545/340/2368 555/665/2369
f 558/730/2370 557/362/2371 546/361/2372 556/731/2373
f 552/732/2374 542/363/2375 543/347/2376 553/733/2377
f 553/733/2378 543/347/2379 544/350/2380 554/734/2381
f 554/734/2382 544/350/2383 541/341/2384 550/729/2385
f 556/731/2386 546/361/2387 542/363/2388 552/732/2389
f 410/636/2390 559/735/2391 623/736/2392 424/637/2393
f 623/736/2394 560/676/2395 235/311/2396 424/637/2397
f 561/737/2398 624/738/2399 370/639/2400 411/638/2401
f 370/639/2402 624/738/2403 559/735/2404 410/636/2405
f 562/739/2406 625/740/2407 371/641/2408 412/640/2409
f 371/641/2410 625/740/2411 561/737/2412 411/638/2413
f 563/741/2414 626/742/2415 372/643/2416 413/642/2417
f 372/643/2418 626/742/2419 562/739/2420 412/640/2421
f 564/743/2422 627/744/2423 373/645/2424 414/644/2425
f 373/645/2426 627/744/2427 563/741/2428 413/642/2429
f 565/745/2430 628/746/2431 374/647/2432 415/646/2433
f 374/647/2434 628/746/2435 564/743/2436 414/644/2437
f 566/747/2438 629/748/2439 375/649/2440 416/648/2441
f 375/649/2442 629/748/2443 565/745/2444 415/646/2445
f 567/749/2446 630/750/2447 376/651/2448 417/650/2449
f 376/651/2450 630/750/2451 566/747/2452 416/648/2453
f 568/751/2454 631/752/2455 377/653/2456 418/652/2457
f 377/653/2458 631/752/2459 567/749/2460 417/650/2461
f 569/753/2462 632/754/2463 378/655/2464 419/654/2465
f 378/655/2466 632/754/2467 568/751/2468 418/652/2469
f 570/755/2470 633/756/2471 379/657/2472 420/656/2473
f 379/657/2474 633/756/2475 569/753/2476 419/654/2477
f 571/757/2478 634/758/2479 380/659/2480 421/658/2481
f 380/659/2482 634/758/2483 570/755/2484 420/656/2485
f 572/759/2486 635/760/2487 381/661/2488 422/660/2489
f 381/661/2490 635/760/2491 571/757/2492 421/658/2493
f 621/761/2494 636/762/2495 382/663/2496 423/662/2497
f 382/663/2498 636/762/2499 572/759/2500 422/660/2501
f 619/253/2502 573/703/2503 637/763/2504 610/580/2505
f 574/764/2506 620/581/2507 610/580/2508 637/763/2509
f 620/581/2510 574/764/2511 638/765/2512 600/586/2513
f 600/586/2514 638/765/2515 575/766/2516 611/587/2517
f 611/587/2518 575/766/2519 639/767/2520 601/592/2521
f 576/768/2522 612/593/2523 601/592/2524 639/767/2525
f 612/593/2526 576/768/2527 640/769/2528 602/598/2529
f 577/770/2530 613/599/2531 602/598/2532 640/769/2533
f 613/599/2534 577/770/2535 641/771/2536 603/604/2537
f 578/772/2538 614/605/2539 603/604/2540 641/771/2541
f 614/605/2542 578/772/2543 642/773/2544 604/610/2545
f 579/774/2546 615/611/2547 604/610/2548 642/773/2549
f 643/775/2550 605/616/2551 615/611/2552 579/774/2553
f 605/616/2554 643/775/2555 580/776/2556 616/617/2557
f 644/777/2558 606/622/2559 616/617/2560 580/776/2561
f 606/622/2562 644/777/2563 581/778/2564 617/623/2565
f 645/779/2566 607/627/2567 617/623/2568 581/778/2569
f 607/627/2570 645/779/2571 582/780/2572 618/572/2573
f 618/572/2574 582/780/2575 646/781/2576 609/570/2577
f 583/782/2578 622/571/2579 609/570/2580 646/781/2581
f 647/783/2582 608/634/2583 622/571/2584 583/782/2585
f 608/634/2586 647/783/2587 584/784/2588 673/372/2589
f 673/372/2590 584/784/2591 296/785/2592 549/368/2593
f 659/382/2594 196/371/2595 184/360/2596 597/377/2597
f 667/35/2598 666/36/2599 14/31/2600 20/29/2601
f 669/376/2602 596/383/2603 658/635/2604 369/576/2605
f 669/376/2606 369/576/2607 284/574/2608 670/375/2609
f 670/375/2610 284/574/2611 368/573/2612 671/374/2613
f 671/374/2614 368/573/2615 294/633/2616 672/373/2617
f 672/373/2618 294/633/2619 608/634/2620 673/372/2621
f 674/786/2622 555/787/2623 551/788/2624
f 674/786/2625 554/789/2626 550/790/2627
f 674/786/2628 550/790/2629 555/787/2630
f 674/786/2631 552/791/2632 553/792/2633
f 674/786/2634 553/792/2635 554/789/2636
f 674/786/2637 558/793/2638 556/794/2639
f 674/786/2640 556/794/2641 552/791/2642
f 674/786/2643 441/795/2644 435/796/2645
f 437/797/2646 436/798/2647 441/795/2648 674/786/2649
f 674/786/2650 440/799/2651 439/800/2652
f 674/786/2653 435/796/2654 440/799/2655
f 674/786/2656 438/801/2657 442/802/2658
f 674/786/2659 439/800/2660 438/801/2661
f 674/786/2662 442/802/2663 558/793/2664
f 695/803/2665 865/804/2666 866/805/2667 678/806/2668
f 695/803/2669 678/806/2670 867/807/2671 694/808/2672
f 682/809/2673 757/810/2674 754/811/2675 685/812/2676
f 735/813/2677 912/814/2678 906/815/2679 818/816/2680
f 711/817/2681 708/818/2682 684/819/2683 704/820/2684
f 754/811/2685 758/821/2686 710/822/2687 685/812/2688
f 694/808/2689 867/807/2690 869/823/2691 693/824/2692
f 693/824/2693 869/823/2694 901/825/2695 922/826/2696
f 740/827/2697 737/828/2698 919/829/2699 903/830/2700
f 741/831/2701 913/832/2702 921/833/2703 739/834/2704
f 740/827/2705 903/830/2706 920/835/2707 738/836/2708
f 739/834/2709 921/833/2710 912/814/2711 735/813/2712
f 709/837/2713 738/836/2714 741/831/2715 710/822/2716
f 695/803/2717 936/838/2718 937/839/2719 865/804/2720
f 699/840/2721 694/808/2722 693/824/2723 698/841/2724
f 699/840/2725 936/838/2726 695/803/2727 694/808/2728
f 697/842/2729 725/843/2730 726/844/2731 702/845/2732
f 700/846/2733 727/847/2734 747/848/2735 744/849/2736
f 699/840/2737 698/841/2738 696/850/2739 864/851/2740
f 701/852/2741 679/853/2742 703/854/2743 705/855/2744
f 727/847/2745 700/846/2746 751/856/2747 752/857/2748
f 684/819/2749 701/852/2750 705/855/2751 704/820/2752
f 689/858/2753 759/859/2754 756/860/2755 687/861/2756
f 707/862/2757 706/863/2758 684/819/2759 708/818/2760
f 716/864/2761 675/865/2762 745/866/2763 746/867/2764
f 733/868/2765 730/869/2766 675/865/2767 716/864/2768
f 766/870/2769 718/871/2770 726/844/2771 725/843/2772
f 726/844/2773 718/871/2774 719/872/2775 752/857/2776
f 727/847/2777 734/873/2778 749/874/2779 747/848/2780
f 732/875/2781 724/876/2782 713/877/2783 731/878/2784
f 733/868/2785 723/879/2786 724/876/2787 732/875/2788
f 731/878/2789 676/880/2790 874/881/2791 732/875/2792
f 874/881/2793 730/869/2794 733/868/2795 732/875/2796
f 722/882/2797 723/879/2798 733/868/2799 716/864/2800
f 716/864/2801 712/883/2802 721/884/2803 722/882/2804
f 712/883/2805 716/864/2806 746/867/2807 748/885/2808
f 714/886/2809 717/887/2810 1006/888/2811 715/889/2812
f 734/873/2813 720/890/2814 721/884/2815 712/883/2816
f 734/873/2817 712/883/2818 748/885/2819 749/874/2820
f 729/891/2821 728/892/2822 714/886/2823 715/889/2824
f 721/884/2825 720/890/2826 851/893/2827 849/894/2828
f 719/872/2829 718/871/2830 852/895/2831 850/896/2832
f 720/890/2833 719/872/2834 850/896/2835 851/893/2836
f 718/871/2837 766/870/2838 856/897/2839 852/895/2840
f 683/898/2841 682/809/2842 735/813/2843 818/816/2844
f 904/899/2845 919/829/2846 737/828/2847 742/900/2848
f 740/827/2849 689/858/2850 687/861/2851 737/828/2852
f 685/812/2853 710/822/2854 741/831/2855 739/834/2856
f 738/836/2857 709/837/2858 689/858/2859 740/827/2860
f 682/809/2861 685/812/2862 739/834/2863 735/813/2864
f 738/836/2865 920/835/2866 913/832/2867 741/831/2868
f 923/901/2869 922/826/2870 743/902/2871 744/849/2872
f 926/903/2873 923/901/2874 744/849/2875 747/848/2876
f 746/867/2877 745/866/2878 924/904/2879 925/905/2880
f 928/906/2881 926/903/2882 747/848/2883 749/874/2884
f 925/905/2885 927/907/2886 748/885/2887 746/867/2888
f 927/907/2889 928/906/2890 749/874/2891 748/885/2892
f 702/845/2893 726/844/2894 752/857/2895 751/856/2896
f 752/857/2897 719/872/2898 720/890/2899 734/873/2900
f 864/851/2901 696/850/2902 728/892/2903 729/891/2904
f 757/810/2905 753/908/2906 706/863/2907 707/862/2908 754/811/2909
f 758/821/2910 754/811/2911 707/862/2912 708/818/2913 755/909/2914
f 759/859/2915 755/909/2916 708/818/2917 711/817/2918 756/860/2919
f 683/898/2920 753/908/2921 757/810/2922 682/809/2923
f 755/909/2924 709/837/2925 710/822/2926 758/821/2927
f 689/858/2928 709/837/2929 755/909/2930 759/859/2931
f 779/910/2932 763/911/2933 762/912/2934 761/913/2935
f 778/914/2936 764/915/2937 763/911/2938 779/910/2939
f 679/853/2940 789/916/2941 787/917/2942 680/918/2943
f 767/919/2944 768/920/2945 841/921/2946 844/922/2947
f 818/816/2948 906/815/2949 907/923/2950 817/924/2951
f 684/819/2952 793/925/2953 796/926/2954 790/927/2955
f 795/928/2956 845/929/2957 841/921/2958 768/920/2959
f 778/914/2960 777/930/2961 878/931/2962 764/915/2963
f 777/930/2964 929/932/2965 909/933/2966 878/931/2967
f 827/934/2968 911/935/2969 909/933/2970 819/936/2971
f 769/937/2972 820/938/2973 826/939/2974 781/940/2975
f 824/941/2976 917/942/2977 914/943/2978 820/938/2979
f 781/940/2980 826/939/2981 821/944/2982 776/945/2983
f 823/946/2984 916/947/2985 908/948/2986 825/949/2987
f 824/941/2988 822/950/2989 915/951/2990 917/942/2991
f 817/924/2992 907/923/2993 916/947/2994 823/946/2995
f 825/949/2996 822/950/2997 794/952/2998 795/928/2999
f 938/953/3000 939/954/3001 876/955/3002 797/956/3003
f 784/957/3004 828/958/3005 829/959/3006 785/960/3007
f 783/961/3008 782/962/3009 777/930/3010 778/914/3011
f 797/956/3012 875/963/3013 783/961/3014 938/953/3015
f 697/842/3016 788/964/3017 810/965/3018 725/843/3019
f 785/960/3020 829/959/3021 832/966/3022 811/967/3023
f 783/961/3024 875/963/3025 780/968/3026 782/962/3027
f 786/969/3028 839/970/3029 836/971/3030 776/945/3031
f 785/960/3032 838/972/3033 837/973/3034 784/957/3035
f 701/852/3036 791/974/3037 789/916/3038 679/853/3039
f 821/944/3040 910/975/3041 911/935/3042 827/934/3043
f 789/916/3044 835/976/3045 837/973/3046 787/917/3047
f 811/967/3048 840/977/3049 838/972/3050 785/960/3051
f 791/974/3052 701/852/3053 684/819/3054 790/927/3055
f 788/964/3056 697/842/3057 680/918/3058 787/917/3059
f 791/974/3060 839/970/3061 835/976/3062 789/916/3063
f 773/978/3064 769/937/3065 843/979/3066 846/980/3067
f 792/981/3068 793/925/3069 684/819/3070 706/863/3071
f 847/982/3072 836/971/3073 790/927/3074 796/926/3075 843/979/3076
f 831/983/3077 830/984/3078 760/985/3079 801/986/3080
f 801/986/3081 760/985/3082 883/987/3083 815/988/3084
f 810/965/3085 803/989/3086 766/870/3087 725/843/3088
f 840/977/3089 804/990/3090 803/989/3091 810/965/3092
f 811/967/3093 832/966/3094 834/991/3095 816/992/3096
f 731/878/3097 713/877/3098 809/993/3099 814/994/3100
f 814/994/3101 809/993/3102 808/995/3103 815/988/3104
f 731/878/3105 814/994/3106 882/996/3107 676/880/3108
f 814/994/3109 815/988/3110 883/987/3111 882/996/3112
f 815/988/3113 808/995/3114 807/997/3115 801/986/3116
f 801/986/3117 807/997/3118 806/998/3119 798/999/3120
f 798/999/3121 833/1000/3122 831/983/3123 801/986/3124
f 1005/1001/3125 802/1002/3126 799/1003/3127 800/1004/3128
f 816/992/3129 798/999/3130 806/998/3131 805/1005/3132
f 816/992/3133 834/991/3134 833/1000/3135 798/999/3136
f 813/1006/3137 800/1004/3138 799/1003/3139 812/1007/3140
f 805/1005/3141 806/998/3142 857/1008/3143 859/1009/3144
f 803/989/3145 804/990/3146 858/1010/3147 860/1011/3148
f 804/990/3149 805/1005/3150 859/1009/3151 858/1010/3152
f 766/870/3153 803/989/3154 860/1011/3155 856/897/3156
f 817/924/3157 767/919/3158 683/898/3159 818/816/3160
f 819/936/3161 765/1012/3162 786/969/3163 827/934/3164
f 820/938/3165 914/943/3166 918/1013/3167 826/939/3168
f 824/941/3169 820/938/3170 769/937/3171 773/978/3172
f 826/939/3173 918/1013/3174 910/975/3175 821/944/3176
f 825/949/3177 795/928/3178 768/920/3179 823/946/3180
f 822/950/3181 824/941/3182 773/978/3183 794/952/3184
f 823/946/3185 768/920/3186 767/919/3187 817/924/3188
f 822/950/3189 825/949/3190 908/948/3191 915/951/3192
f 827/934/3193 786/969/3194 776/945/3195 821/944/3196
f 828/958/3197 929/932/3198 930/1014/3199 829/959/3200
f 829/959/3201 930/1014/3202 933/1015/3203 832/966/3204
f 831/983/3205 932/1016/3206 931/1017/3207 830/984/3208
f 832/966/3209 933/1015/3210 935/1018/3211 834/991/3212
f 833/1000/3213 934/1019/3214 932/1016/3215 831/983/3216
f 834/991/3217 935/1018/3218 934/1019/3219 833/1000/3220
f 828/958/3221 784/957/3222 765/1012/3223 819/936/3224
f 839/970/3225 791/974/3226 790/927/3227 836/971/3228
f 838/972/3229 788/964/3230 787/917/3231 837/973/3232
f 835/976/3233 765/1012/3234 784/957/3235 837/973/3236
f 840/977/3237 810/965/3238 788/964/3239 838/972/3240
f 839/970/3241 786/969/3242 765/1012/3243 835/976/3244
f 816/992/3245 805/1005/3246 804/990/3247 840/977/3248
f 875/963/3249 813/1006/3250 812/1007/3251 780/968/3252
f 844/922/3253 841/921/3254 792/981/3255 706/863/3256 753/908/3257
f 845/929/3258 842/1020/3259 793/925/3260 792/981/3261 841/921/3262
f 846/980/3263 843/979/3264 796/926/3265 793/925/3266 842/1020/3267
f 847/982/3268 781/940/3269 776/945/3270 836/971/3271
f 844/922/3272 753/908/3273 683/898/3274 767/919/3275
f 795/928/3276 794/952/3277 842/1020/3278 845/929/3279
f 773/978/3280 846/980/3281 842/1020/3282 794/952/3283
f 781/940/3284 847/982/3285 843/979/3286 769/937/3287
f 854/1021/3288 722/882/3289 721/884/3290 849/894/3291
f 853/1022/3292 855/1023/3293 724/876/3294 723/879/3295
f 854/1021/3296 853/1022/3297 723/879/3298 722/882/3299
f 855/1023/3300 848/1024/3301 713/877/3302 724/876/3303
f 857/1008/3304 806/998/3305 807/997/3306 862/1025/3307
f 863/1026/3308 861/1027/3309 808/995/3310 809/993/3311
f 861/1027/3312 862/1025/3313 807/997/3314 808/995/3315
f 848/1024/3316 863/1026/3317 809/993/3318 713/877/3319
f 852/1028/3320 856/1029/3321 886/1030/3322 885/1031/3323
f 856/1029/3324 860/1032/3325 887/1033/3326 886/1030/3327
f 860/1032/3328 858/1034/3329 888/1035/3330 887/1033/3331
f 858/1034/3332 859/1036/3333 889/1037/3334 888/1035/3335
f 859/1036/3336 857/1038/3337 890/1039/3338 889/1037/3339
f 857/1038/3340 862/1040/3341 891/1041/3342 890/1039/3343
f 862/1040/3344 861/1042/3345 892/1043/3346 891/1041/3347
f 861/1042/3348 863/1044/3349 893/1045/3350 892/1043/3351
f 848/1046/3352 894/1047/3353 893/1045/3354 863/1044/3355
f 848/1046/3356 855/1048/3357 895/1049/3358 894/1047/3359
f 855/1048/3360 853/1050/3361 896/1051/3362 895/1049/3363
f 854/1052/3364 897/1053/3365 896/1051/3366 853/1050/3367
f 854/1052/3368 849/1054/3369 898/1055/3370 897/1053/3371
f 849/1054/3372 851/1056/3373 899/1057/3374 898/1055/3375
f 851/1056/3376 850/1058/3377 900/1059/3378 899/1057/3379
f 850/1058/3380 852/1028/3381 885/1031/3382 900/1059/3383
f 686/1060/3384 868/1061/3385 906/815/3386 912/814/3387
f 869/823/3388 870/1062/3389 905/1063/3390 901/825/3391
f 688/1064/3392 872/1065/3393 903/830/3394 919/829/3395
f 913/832/3396 692/1066/3397 690/1067/3398 921/833/3399
f 903/830/3400 872/1065/3401 691/1068/3402 920/835/3403
f 690/1067/3404 686/1060/3405 912/814/3406 921/833/3407
f 905/1063/3408 870/1062/3409 873/1069/3410 902/1070/3411
f 904/899/3412 871/1071/3413 688/1064/3414 919/829/3415
f 873/1069/3416 871/1071/3417 904/899/3418 902/1070/3419
f 920/835/3420 691/1068/3421 692/1066/3422 913/832/3423
f 868/1061/3424 877/1072/3425 907/923/3426 906/815/3427
f 879/1073/3428 878/931/3429 909/933/3430 911/935/3431
f 772/1074/3432 771/1075/3433 914/943/3434 917/942/3435
f 916/947/3436 774/1076/3437 881/1077/3438 908/948/3439
f 915/951/3440 775/1078/3441 772/1074/3442 917/942/3443
f 907/923/3444 877/1072/3445 774/1076/3446 916/947/3447
f 910/975/3448 880/1079/3449 879/1073/3450 911/935/3451
f 914/943/3452 771/1075/3453 770/1080/3454 918/1013/3455
f 918/1013/3456 770/1080/3457 880/1079/3458 910/975/3459
f 881/1077/3460 775/1078/3461 915/951/3462 908/948/3463
f 698/841/3464 693/824/3465 922/826/3466 923/901/3467
f 696/850/3468 698/841/3469 923/901/3470 926/903/3471
f 728/892/3472 696/850/3473 926/903/3474 928/906/3475
f 717/887/3476 714/886/3477 927/907/3478 925/905/3479
f 927/907/3480 714/886/3481 728/892/3482 928/906/3483
f 929/932/3484 777/930/3485 782/962/3486 930/1014/3487
f 930/1014/3488 782/962/3489 780/968/3490 933/1015/3491
f 933/1015/3492 780/968/3493 812/1007/3494 935/1018/3495
f 934/1019/3496 799/1003/3497 802/1002/3498 932/1016/3499
f 935/1018/3500 812/1007/3501 799/1003/3502 934/1019/3503
f 736/1081/3504 743/902/3505 922/826/3506 901/825/3507
f 929/932/3508 828/958/3509 819/936/3510 909/933/3511
f 699/840/3512 864/851/3513 884/1082/3514 936/838/3515
f 936/838/3516 884/1082/3517 677/1083/3518 937/839/3519
f 783/961/3520 778/914/3521 779/910/3522 938/953/3523
f 779/910/3524 761/913/3525 939/954/3526 938/953/3527
f 973/1084/3528 988/1085/3529 941/1086/3530 940/1087/3531
f 988/1085/3532 987/1088/3533 942/1089/3534 941/1086/3535
f 987/1088/3536 986/1090/3537 943/1091/3538 942/1089/3539
f 986/1090/3540 985/1092/3541 944/1093/3542 943/1091/3543
f 985/1092/3544 984/1094/3545 945/1095/3546 944/1093/3547
f 984/1094/3548 983/1096/3549 946/1097/3550 945/1095/3551
f 983/1096/3552 982/1098/3553 947/1099/3554 946/1097/3555
f 982/1098/3556 981/1100/3557 948/1101/3558 947/1099/3559
f 981/1100/3560 980/1102/3561 949/1103/3562 948/1101/3563
f 980/1102/3564 979/1104/3565 950/1105/3566 949/1103/3567
f 979/1104/3568 978/1106/3569 951/1107/3570 950/1105/3571
f 978/1106/3572 977/1108/3573 952/1109/3574 951/1107/3575
f 977/1108/3576 976/1110/3577 953/1111/3578 952/1109/3579
f 976/1110/3580 975/1112/3581 954/1113/3582 953/1111/3583
f 975/1112/3584 974/1114/3585 955/1115/3586 954/1113/3587
f 974/1114/3588 973/1084/3589 940/1087/3590 955/1115/3591
f 956/1116/3592 680/918/3593 697/842/3594 702/845/3595
f 990/1117/3596 989/1118/3597 958/1119/3598 957/1120/3599
f 989/1118/3600 1002/1121/3601 959/1122/3602 958/1119/3603
f 1002/1121/3604 1003/1123/3605 960/1124/3606 959/1122/3607
f 1003/1123/3608 1001/1125/3609 961/1126/3610 960/1124/3611
f 1001/1125/3612 1004/1127/3613 962/1128/3614 961/1126/3615
f 1004/1127/3616 1000/1129/3617 963/1130/3618 962/1128/3619
f 1000/1129/3620 999/1131/3621 964/1132/3622 963/1130/3623
f 999/1131/3624 998/1133/3625 965/1134/3626 964/1132/3627
f 998/1133/3628 997/1135/3629 966/1136/3630 965/1134/3631
f 997/1135/3632 996/1137/3633 967/1138/3634 966/1136/3635
f 996/1137/3636 995/1139/3637 968/1140/3638 967/1138/3639
f 995/1139/3640 994/1141/3641 969/1142/3642 968/1140/3643
f 994/1141/3644 993/1143/3645 970/1144/3646 969/1142/3647
f 993/1143/3648 992/1145/3649 971/1146/3650 970/1144/3651
f 992/1145/3652 991/1147/3653 972/1148/3654 971/1146/3655
f 991/1147/3656 990/1117/3657 957/1120/3658 972/1148/3659
f 742/900/3660 737/828/3661 687/861/3662 973/1149/3663 974/1150/3664
f 975/1151/3665 742/900/3666 974/1150/3667
f 742/900/3668 975/1151/3669 976/1152/3670 902/1070/3671 904/899/3672
f 977/1153/3673 902/1070/3674 976/1152/3675
f 978/1154/3676 905/1063/3677 902/1070/3678 977/1153/3679
f 979/1155/3680 736/1081/3681 901/825/3682 905/1063/3683 978/1154/3684
f 980/1156/3685 736/1081/3686 979/1155/3687
f 681/1157/3688 736/1081/3689 980/1156/3690 981/1158/3691
f 982/1159/3692 750/1160/3693 681/1157/3694 981/1158/3695
f 983/1161/3696 750/1160/3697 982/1159/3698
f 705/855/3699 703/854/3700 983/1161/3701 984/1162/3702
f 704/820/3703 705/855/3704 984/1162/3705 985/1163/3706
f 986/1164/3707 711/817/3708 704/820/3709 985/1163/3710
f 756/860/3711 711/817/3712 986/1164/3713 987/1165/3714
f 988/1166/3715 756/860/3716 987/1165/3717
f 687/861/3718 756/860/3719 988/1166/3720 973/1149/3721
f 750/1160/3722 703/854/3723 989/1167/3724 990/1168/3725
f 681/1157/3726 750/1160/3727 990/1168/3728 991/1169/3729
f 992/1170/3730 681/1157/3731 991/1169/3732
f 993/1171/3733 736/1081/3734 681/1157/3735 992/1170/3736
f 743/902/3737 736/1081/3738 993/1171/3739 994/1172/3740
f 995/1173/3741 743/902/3742 994/1172/3743
f 996/1174/3744 744/849/3745 995/1173/3746
f 700/846/3747 744/849/3748 996/1174/3749 997/1175/3750
f 998/1176/3751 751/856/3752 700/846/3753 997/1175/3754
f 999/1177/3755 751/856/3756 998/1176/3757
f 702/845/3758 751/856/3759 999/1177/3760 1000/1178/3761
f 956/1116/3762 702/845/3763 1000/1178/3764 1004/1179/3765
f 1001/1180/3766 680/918/3767 956/1116/3768 1004/1179/3769
f 1003/1181/3770 679/853/3771 680/918/3772 1001/1180/3773
f 989/1167/3774 703/854/3775 1002/1182/3776
f 703/854/3777 679/853/3778 1003/1181/3779 1002/1182/3780
f 931/1017/3781 932/1016/3782 802/1002/3783 1005/1001/3784
f 925/905/3785 924/904/3786 1006/888/3787 717/887/3788
f 703/854/3789 750/1160/3790 983/1161/3791
f 734/873/3792 727/847/3793 752/857/3794
f 840/977/3795 811/967/3796 816/992/3797
f 744/849/3798 743/902/3799 995/1173/3800
f 1007/1183/3801 1100/1184/3802 1101/1185/3803 1548/1186/3804
f 1013/1187/3805 1041/1188/3806 1099/1189/3807 1019/1190/3808
f 1085/1191/3809 1078/1192/3810 1079/1193/3811 1086/1194/3812
f 1037/1195/3813 1023/1196/3814 1022/1197/3815 1036/1198/3816
f 1024/1199/3817 1023/1196/3818 1037/1195/3819 1038/1200/3820
f 1038/1200/3821 1039/1201/3822 1025/1202/3823 1024/1199/3824
f 1026/1203/3825 1040/1204/3826 1039/1201/3827 1399/1205/3828
f 1062/1206/3829 1021/1207/3830 1040/1204/3831 1063/1208/3832
f 1027/1209/3833 1028/1210/3834 1056/1211/3835 1059/1212/3836
f 1151/1213/3837 1124/1214/3838 1042/1215/3839 1055/1216/3840
f 1028/1210/3841 1030/1217/3842 1050/1218/3843 1049/1219/3844
f 1031/1220/3845 1046/1221/3846 1027/1209/3847 1029/1222/3848
f 1029/1222/3849 1042/1215/3850 1043/1223/3851 1031/1220/3852
f 1086/1194/3853 1087/1224/3854 1094/1225/3855 1093/1226/3856
f 1080/1227/3857 1081/1228/3858 1088/1229/3859 1087/1224/3860
f 1052/1230/3861 1035/1231/3862 1034/1232/3863 1051/1233/3864
f 1050/1218/3865 1030/1217/3866 1035/1231/3867 1052/1230/3868
f 1048/1234/3869 1032/1235/3870 1033/1236/3871 1047/1237/3872
f 1046/1221/3873 1031/1220/3874 1032/1235/3875 1048/1234/3876
f 1019/1190/3877 1099/1189/3878 1549/1238/3879
f 1013/1187/3880 1008/1239/3881 1010/1240/3882 1041/1188/3883
f 1403/1241/3884 1078/1192/3885 1085/1191/3886 1398/1242/3887
f 1401/1243/3888 1037/1195/3889 1036/1198/3890 1402/1244/3891
f 1400/1245/3892 1038/1200/3893 1037/1195/3894 1401/1243/3895
f 1399/1205/3896 1039/1201/3897 1038/1200/3898 1400/1245/3899
f 1039/1201/3900 1040/1204/3901 1021/1207/3902 1025/1202/3903
f 1009/1246/3904 1063/1208/3905 1040/1204/3906 1026/1203/3907
f 1032/1235/3908 1031/1220/3909 1043/1223/3910 1044/1247/3911
f 1033/1236/3912 1032/1235/3913 1044/1247/3914 1045/1248/3915
f 1123/1249/3916 1043/1223/3917 1042/1215/3918 1124/1214/3919
f 1125/1250/3920 1044/1247/3921 1043/1223/3922 1123/1249/3923
f 1127/1251/3924 1045/1248/3925 1044/1247/3926 1125/1250/3927
f 1012/1252/3928 1104/1253/3929 1198/1254/3930 1014/1255/3931
f 1035/1231/3932 1048/1234/3933 1047/1237/3934 1034/1232/3935
f 1030/1217/3936 1046/1221/3937 1048/1234/3938 1035/1231/3939
f 1028/1210/3940 1027/1209/3941 1046/1221/3942 1030/1217/3943
f 1049/1219/3944 1050/1218/3945 1024/1199/3946 1025/1202/3947
f 1079/1193/3948 1080/1227/3949 1087/1224/3950 1086/1194/3951
f 1023/1196/3952 1052/1230/3953 1051/1233/3954 1022/1197/3955
f 1024/1199/3956 1050/1218/3957 1052/1230/3958 1023/1196/3959
f 1057/1256/3960 1021/1207/3961 1062/1206/3962 1066/1257/3963
f 1055/1216/3964 1053/1258/3965 1020/1259/3966 1054/1260/3967
f 1055/1216/3968 1054/1260/3969 1119/1261/3970 1151/1213/3971
f 1053/1258/3972 1055/1216/3973 1042/1215/3974 1029/1222/3975
f 1059/1212/3976 1056/1211/3977 1069/1262/3978 1058/1263/3979
f 1057/1256/3980 1066/1257/3981 1069/1262/3982 1056/1211/3983
f 1059/1212/3984 1058/1263/3985 1020/1259/3986 1053/1258/3987
f 1029/1222/3988 1027/1209/3989 1059/1212/3990 1053/1258/3991
f 1021/1207/3992 1057/1256/3993 1049/1219/3994 1025/1202/3995
f 1057/1256/3996 1056/1211/3997 1028/1210/3998 1049/1219/3999
f 1060/1264/4000 1493/1265/4001 1061/1266/4002 1072/1267/4003
f 1071/1268/4004 1064/1269/4005 1065/1270/4006
f 1071/1268/4007 1067/1271/4008 1068/1272/4009
f 1076/1273/4010 1068/1274/4011 1067/1275/4012 1077/1276/4013
f 1075/1277/4014 1058/1263/4015 1069/1262/4016 1074/1278/4017
f 1074/1279/4018 1065/1280/4019 1064/1281/4020 1075/1282/4021
f 1009/1246/4022 1060/1283/4023 1072/1284/4024 1063/1208/4025
f 1072/1267/4026 1061/1266/4027 1070/1285/4028 1073/1286/4029
f 1073/1287/4030 1062/1206/4031 1063/1208/4032 1072/1284/4033
f 1064/1281/4034 1068/1274/4035 1076/1273/4036 1075/1282/4037
f 1070/1285/4038 1065/1280/4039 1074/1279/4040 1073/1286/4041
f 1404/1288/4042 1071/1268/4043 1061/1289/4044 1493/1290/4045
f 1071/1268/4046 1070/1291/4047 1061/1289/4048
f 1068/1272/4049 1064/1269/4050 1071/1268/4051
f 1065/1270/4052 1070/1291/4053 1071/1268/4054
f 1069/1262/4055 1066/1257/4056 1074/1278/4057
f 1020/1259/4058 1076/1292/4059 1054/1260/4060
f 1077/1293/4061 1119/1261/4062 1054/1260/4063 1076/1292/4064
f 1402/1244/4065 1036/1198/4066 1078/1192/4067 1403/1241/4068
f 1079/1193/4069 1078/1192/4070 1036/1198/4071 1022/1197/4072
f 1080/1227/4073 1079/1193/4074 1022/1197/4075 1051/1233/4076
f 1081/1228/4077 1080/1227/4078 1051/1233/4079 1034/1232/4080
f 1082/1294/4081 1081/1228/4082 1034/1232/4083 1047/1237/4084
f 1083/1295/4085 1082/1294/4086 1047/1237/4087 1033/1236/4088
f 1084/1296/4089 1083/1295/4090 1033/1236/4091 1045/1248/4092
f 1178/1297/4093 1084/1296/4094 1045/1248/4095 1127/1251/4096
f 1082/1294/4097 1089/1298/4098 1088/1229/4099 1081/1228/4100
f 1090/1299/4101 1089/1298/4102 1082/1294/4103 1083/1295/4104
f 1091/1300/4105 1090/1299/4106 1083/1295/4107 1084/1296/4108
f 1184/1301/4109 1091/1300/4110 1084/1296/4111 1178/1297/4112
f 1398/1242/4113 1085/1191/4114 1092/1302/4115 1011/1303/4116
f 1093/1226/4117 1092/1302/4118 1085/1191/4119 1086/1194/4120
f 1095/1304/4121 1094/1225/4122 1087/1224/4123 1088/1229/4124
f 1089/1298/4125 1096/1305/4126 1095/1304/4127 1088/1229/4128
f 1097/1306/4129 1096/1305/4130 1089/1298/4131 1090/1299/4132
f 1091/1300/4133 1098/1307/4134 1097/1306/4135 1090/1299/4136
f 1106/1308/4137 1098/1307/4138 1091/1300/4139 1184/1301/4140
f 1011/1303/4141 1092/1302/4142 1041/1188/4143 1010/1240/4144
f 1099/1189/4145 1041/1188/4146 1092/1302/4147 1093/1226/4148
f 1100/1184/4149 1099/1189/4150 1093/1226/4151 1094/1225/4152
f 1101/1185/4153 1100/1184/4154 1094/1225/4155 1095/1304/4156
f 1102/1309/4157 1101/1185/4158 1095/1304/4159 1096/1305/4160
f 1103/1310/4161 1102/1309/4162 1096/1305/4163 1097/1306/4164
f 1104/1253/4165 1103/1310/4166 1097/1306/4167 1098/1307/4168
f 1198/1254/4169 1104/1253/4170 1098/1307/4171 1106/1308/4172
f 1541/1311/4173 1195/1312/4174 1542/1313/4175
f 1107/1314/4176 1192/1315/4177 1138/1316/4178 1018/1317/4179
f 1134/1318/4180 1133/1319/4181 1111/1320/4182 1113/1321/4183
f 1115/1322/4184 1135/1323/4185 1134/1318/4186 1113/1321/4187
f 1135/1323/4188 1115/1322/4189 1116/1324/4190 1136/1325/4191
f 1016/1326/4192 1136/1325/4193 1137/1327/4194 1017/1328/4195
f 1160/1329/4196 1161/1330/4197 1137/1327/4198 1110/1331/4199
f 1117/1332/4200 1157/1333/4201 1154/1334/4202 1118/1335/4203
f 1151/1213/4204 1153/1336/4205 1139/1337/4206 1124/1214/4207
f 1118/1335/4208 1146/1338/4209 1147/1339/4210 1121/1340/4211
f 1122/1341/4212 1120/1342/4213 1117/1332/4214 1143/1343/4215
f 1120/1342/4216 1122/1341/4217 1140/1344/4218 1139/1337/4219
f 1186/1345/4220 1187/1346/4221 1201/1347/4222 1199/1348/4223
f 1180/1349/4224 1174/1350/4225 1173/1351/4226 1203/1352/4227
f 1149/1353/4228 1148/1354/4229 1129/1355/4230 1130/1356/4231
f 1147/1339/4232 1149/1353/4233 1130/1356/4234 1121/1340/4235
f 1145/1357/4236 1144/1358/4237 1128/1359/4238 1126/1360/4239
f 1143/1343/4240 1145/1357/4241 1126/1360/4242 1122/1341/4243
f 1105/1361/4244 1193/1362/4245 1192/1315/4246 1107/1314/4247
f 1131/1363/4248 1108/1364/4249 1018/1317/4250 1138/1316/4251
f 1112/1365/4252 1133/1319/4253 1134/1318/4254 1015/1366/4255
f 1015/1366/4256 1134/1318/4257 1135/1323/4258 1114/1367/4259
f 1114/1367/4260 1135/1323/4261 1136/1325/4262 1016/1326/4263
f 1136/1325/4264 1116/1324/4265 1110/1331/4266 1137/1327/4267
f 1017/1328/4268 1137/1327/4269 1161/1330/4270 1484/1368/4271
f 1540/1369/4272 1196/1370/4273 1543/1371/4274
f 1126/1360/4275 1141/1372/4276 1140/1344/4277 1122/1341/4278
f 1128/1359/4279 1142/1373/4280 1141/1372/4281 1126/1360/4282
f 1539/1374/4283 1197/1375/4284 1196/1370/4285 1540/1369/4286
f 1123/1249/4287 1124/1214/4288 1139/1337/4289 1140/1344/4290
f 1125/1250/4291 1123/1249/4292 1140/1344/4293 1141/1372/4294
f 1127/1251/4295 1125/1250/4296 1141/1372/4297 1142/1373/4298
f 1014/1255/4299 1198/1254/4300 1197/1375/4301 1539/1374/4302
f 1130/1356/4303 1129/1355/4304 1144/1358/4305 1145/1357/4306
f 1121/1340/4307 1130/1356/4308 1145/1357/4309 1143/1343/4310
f 1118/1335/4311 1121/1340/4312 1143/1343/4313 1117/1332/4314
f 1146/1338/4315 1116/1324/4316 1115/1322/4317 1147/1339/4318
f 1113/1321/4319 1111/1320/4320 1148/1354/4321 1149/1353/4322
f 1115/1322/4323 1113/1321/4324 1149/1353/4325 1147/1339/4326
f 1155/1376/4327 1164/1377/4328 1160/1329/4329 1110/1331/4330
f 1153/1336/4331 1152/1378/4332 1109/1379/4333 1150/1380/4334
f 1153/1336/4335 1151/1213/4336 1119/1261/4337 1152/1378/4338
f 1150/1380/4339 1120/1342/4340 1139/1337/4341 1153/1336/4342
f 1157/1333/4343 1156/1381/4344 1166/1382/4345 1154/1334/4346
f 1155/1376/4347 1154/1334/4348 1166/1382/4349 1164/1377/4350
f 1157/1333/4351 1150/1380/4352 1109/1379/4353 1156/1381/4354
f 1120/1342/4355 1150/1380/4356 1157/1333/4357 1117/1332/4358
f 1110/1331/4359 1116/1324/4360 1146/1338/4361 1155/1376/4362
f 1155/1376/4363 1146/1338/4364 1118/1335/4365 1154/1334/4366
f 1168/1383/4367 1159/1384/4368 1491/1385/4369 1158/1386/4370
f 1071/1268/4371 1163/1387/4372 1162/1388/4373
f 1071/1268/4374 1165/1389/4375 1067/1271/4376
f 1077/1276/4377 1067/1275/4378 1165/1390/4379 1172/1391/4380
f 1170/1392/4381 1166/1382/4382 1156/1381/4383 1171/1393/4384
f 1171/1394/4385 1162/1395/4386 1163/1396/4387 1170/1397/4388
f 1484/1368/4389 1161/1330/4390 1168/1398/4391 1158/1399/4392
f 1169/1400/4393 1167/1401/4394 1159/1384/4395 1168/1383/4396
f 1168/1398/4397 1161/1330/4398 1160/1329/4399 1169/1402/4400
f 1165/1390/4401 1162/1395/4402 1171/1394/4403 1172/1391/4404
f 1163/1396/4405 1167/1401/4406 1169/1400/4407 1170/1397/4408
f 1491/1403/4409 1159/1404/4410 1071/1268/4411 1404/1288/4412
f 1071/1268/4413 1159/1404/4414 1167/1405/4415
f 1162/1388/4416 1165/1389/4417 1071/1268/4418
f 1167/1405/4419 1163/1387/4420 1071/1268/4421
f 1160/1329/4422 1164/1377/4423 1169/1402/4424
f 1109/1379/4425 1171/1393/4426 1156/1381/4427
f 1172/1406/4428 1152/1378/4429 1119/1261/4430 1077/1293/4431
f 1207/1407/4432 1133/1319/4433 1112/1365/4434 1495/1408/4435
f 1133/1319/4436 1206/1409/4437 1111/1320/4438
f 1111/1320/4439 1205/1410/4440 1173/1351/4441 1148/1354/4442
f 1174/1350/4443 1129/1355/4444 1148/1354/4445 1173/1351/4446
f 1175/1411/4447 1144/1358/4448 1129/1355/4449 1174/1350/4450
f 1176/1412/4451 1128/1359/4452 1144/1358/4453 1175/1411/4454
f 1177/1413/4455 1142/1373/4456 1128/1359/4457 1176/1412/4458
f 1178/1297/4459 1127/1251/4460 1142/1373/4461 1177/1413/4462
f 1175/1411/4463 1174/1350/4464 1180/1349/4465 1181/1414/4466
f 1182/1415/4467 1176/1412/4468 1175/1411/4469 1181/1414/4470
f 1183/1416/4471 1177/1413/4472 1176/1412/4473 1182/1415/4474
f 1184/1301/4475 1178/1297/4476 1177/1413/4477 1183/1416/4478
f 1188/1417/4479 1180/1349/4480 1179/1418/4481 1187/1346/4482
f 1181/1414/4483 1180/1349/4484 1188/1417/4485 1189/1419/4486
f 1190/1420/4487 1182/1415/4488 1181/1414/4489 1189/1419/4490
f 1183/1416/4491 1182/1415/4492 1190/1420/4493 1191/1421/4494
f 1106/1308/4495 1184/1301/4496 1183/1416/4497 1191/1421/4498
f 1131/1363/4499 1138/1316/4500 1185/1422/4501 1132/1423/4502
f 1192/1315/4503 1186/1345/4504 1185/1422/4505 1138/1316/4506
f 1193/1362/4507 1187/1346/4508 1186/1345/4509 1192/1315/4510
f 1194/1424/4511 1188/1417/4512 1187/1346/4513 1193/1362/4514
f 1195/1312/4515 1189/1419/4516 1188/1417/4517 1194/1424/4518
f 1196/1370/4519 1190/1420/4520 1189/1419/4521 1195/1312/4522
f 1197/1375/4523 1191/1421/4524 1190/1420/4525 1196/1370/4526
f 1198/1254/4527 1106/1308/4528 1191/1421/4529 1197/1375/4530
f 1066/1257/4531 1062/1206/4532 1073/1287/4533
f 1066/1257/4534 1073/1287/4535 1074/1278/4536
f 1164/1377/4537 1166/1382/4538 1170/1392/4539
f 1164/1377/4540 1170/1392/4541 1169/1402/4542
f 1020/1259/4543 1058/1263/4544 1075/1277/4545
f 1020/1259/4546 1075/1277/4547 1076/1292/4548
f 1109/1379/4549 1152/1378/4550 1172/1406/4551
f 1109/1379/4552 1172/1406/4553 1171/1393/4554
f 1186/1345/4555 1199/1348/4556 1200/1425/4557 1185/1422/4558
f 1185/1422/4559 1200/1425/4560 1509/1426/4561 1132/1423/4562
f 1179/1418/4563 1202/1427/4564 1201/1347/4565 1187/1346/4566
f 1203/1352/4567 1202/1427/4568 1179/1418/4569
f 1204/1428/4570 1203/1352/4571 1173/1351/4572
f 1205/1410/4573 1204/1428/4574 1173/1351/4575
f 1133/1319/4576 1207/1407/4577 1206/1409/4578
f 1180/1349/4579 1203/1352/4580 1179/1418/4581
f 1111/1320/4582 1206/1409/4583 1205/1410/4584
f 1495/1429/4585 1208/1430/4586 1209/1431/4587 1207/1432/4588
f 1207/1432/4589 1209/1431/4590 1210/1433/4591 1206/1434/4592
f 1206/1434/4593 1210/1433/4594 1211/1435/4595 1205/1436/4596
f 1205/1436/4597 1211/1435/4598 1212/1437/4599 1204/1438/4600
f 1204/1438/4601 1212/1437/4602 1213/1439/4603 1203/1440/4604
f 1203/1440/4605 1213/1439/4606 1214/1441/4607 1202/1442/4608
f 1202/1442/4609 1214/1441/4610 1215/1443/4611 1201/1444/4612
f 1201/1444/4613 1215/1443/4614 1216/1445/4615 1199/1446/4616
f 1199/1446/4617 1216/1445/4618 1217/1447/4619 1200/1448/4620
f 1200/1448/4621 1217/1447/4622 1218/1449/4623 1509/1450/4624
f 1478/1451/4625 1479/1452/4626 1224/1453/4627 1220/1454/4628
f 1224/1453/4629 1219/1455/4630 1230/1456/4631 1231/1457/4632
f 1480/1458/4633 1298/1459/4634 1225/1460/4635 1226/1461/4636
f 1481/1462/4637 1480/1458/4638 1226/1461/4639 1227/1463/4640
f 1222/1464/4641 1481/1462/4642 1227/1463/4643 1228/1465/4644
f 1221/1466/4645 1222/1464/4646 1228/1465/4647 1229/1467/4648
f 1220/1454/4649 1224/1453/4650 1231/1457/4651 1232/1468/4652
f 1225/1460/4653 1220/1454/4654 1232/1468/4655 1233/1469/4656
f 1226/1461/4657 1225/1460/4658 1233/1469/4659 1234/1470/4660
f 1227/1463/4661 1226/1461/4662 1234/1470/4663 1235/1471/4664
f 1228/1465/4665 1227/1463/4666 1235/1471/4667 1236/1472/4668
f 1229/1467/4669 1228/1465/4670 1236/1472/4671 1345/1473/4672
f 1482/1474/4673 1238/1475/4674 1346/1476/4675 1239/1477/4676
f 1341/1478/4677 1246/1479/4678 1247/1480/4679 1342/1481/4680
f 1240/1482/4681 1245/1483/4682 1246/1479/4683 1341/1478/4684
f 1247/1480/4685 1248/1484/4686 1343/1485/4687 1342/1481/4688
f 1237/1486/4689 1344/1487/4690 1249/1488/4691 1333/1489/4692
f 1239/1477/4693 1244/1490/4694 1245/1483/4695 1240/1482/4696
f 1241/1491/4697 1340/1492/4698 1262/1493/4699 1369/1494/4700
f 1368/1495/4701 1254/1496/4702 1253/1497/4703 1242/1498/4704
f 1253/1497/4705 1312/1499/4706 1272/1500/4707 1242/1498/4708
f 1369/1494/4709 1262/1493/4710 1254/1496/4711 1368/1495/4712
f 1261/1501/4713 1267/1502/4714 1335/1503/4715 1334/1504/4716
f 1267/1502/4717 1266/1505/4718 1336/1506/4719 1335/1503/4720
f 1266/1505/4721 1265/1507/4722 1337/1508/4723 1336/1506/4724
f 1265/1507/4725 1264/1509/4726 1338/1510/4727 1337/1508/4728
f 1264/1509/4729 1263/1511/4730 1339/1512/4731 1338/1510/4732
f 1263/1511/4733 1262/1493/4734 1340/1492/4735 1339/1512/4736
f 1508/1513/4737 1507/1514/4738 1260/1515/4739 1132/1516/4740
f 1504/1517/4741 1503/1518/4742 1258/1519/4743
f 1499/1520/4744 1304/1521/4745 1294/1522/4746 1500/1523/4747
f 1256/1524/4748 1257/1525/4749 1250/1526/4750 1251/1527/4751
f 1252/1528/4752 1251/1527/4753 1308/1529/4754 1297/1530/4755
f 1255/1531/4756 1256/1524/4757 1251/1527/4758 1252/1528/4759
f 1254/1496/4760 1255/1531/4761 1252/1528/4762 1253/1497/4763
f 1262/1493/4764 1263/1511/4765 1255/1531/4766 1254/1496/4767
f 1263/1511/4768 1264/1509/4769 1256/1524/4770 1255/1531/4771
f 1264/1509/4772 1265/1507/4773 1257/1525/4774 1256/1524/4775
f 1265/1507/4776 1266/1505/4777 1258/1519/4778 1257/1525/4779
f 1266/1505/4780 1267/1502/4781 1259/1532/4782 1258/1519/4783
f 1267/1502/4784 1261/1501/4785 1260/1515/4786 1259/1532/4787
f 1131/1533/4788 1132/1516/4789 1260/1515/4790 1261/1501/4791
f 1158/1534/4792 1491/1535/4793 1320/1536/4794 1316/1537/4795
f 1318/1538/4796 1281/1539/4797 1282/1540/4798 1317/1541/4799
f 1319/1542/4800 1317/1541/4801 1282/1540/4802 1285/1543/4803
f 1114/1544/4804 1016/1545/4805 1319/1542/4806 1301/1546/4807
f 1289/1547/4808 1302/1548/4809 1301/1546/4810 1288/1549/4811
f 1303/1550/4812 1302/1548/4813 1289/1547/4814 1290/1551/4815
f 1303/1550/4816 1290/1551/4817 1497/1552/4818 1496/1553/4819
f 1492/1554/4820 1271/1555/4821 1325/1556/4822
f 1268/1557/4823 1278/1558/4824 1326/1559/4825 1281/1539/4826
f 1492/1554/4827 1270/1560/4828 1324/1561/4829
f 1276/1562/4830 1279/1563/4831 1324/1564/4832 1270/1565/4833
f 1313/1566/4834 1312/1499/4835 1297/1530/4836 1296/1567/4837
f 1314/1568/4838 1313/1566/4839 1296/1567/4840 1295/1569/4841
f 1315/1570/4842 1314/1568/4843 1295/1569/4844 1299/1571/4845
f 1321/1572/4846 1323/1573/4847 1300/1574/4848 1286/1575/4849
f 1283/1576/4850 1280/1577/4851 1332/1578/4852
f 1326/1559/4853 1278/1558/4854 1330/1579/4855
f 1280/1580/4856 1278/1581/4857 1325/1582/4858 1271/1583/4859
f 1331/1584/4860 1330/1579/4861 1283/1576/4862 1328/1585/4863
f 1329/1586/4864 1328/1585/4865 1286/1575/4866 1300/1574/4867
f 1287/1587/4868 1291/1588/4869 1305/1589/4870 1284/1590/4871
f 1300/1574/4872 1299/1571/4873 1311/1591/4874 1329/1586/4875
f 1306/1592/4876 1305/1589/4877 1291/1588/4878 1292/1593/4879
f 1307/1594/4880 1306/1592/4881 1292/1593/4882 1293/1595/4883
f 1304/1521/4884 1307/1594/4885 1293/1595/4886 1294/1522/4887
f 1309/1596/4888 1311/1591/4889 1299/1571/4890 1295/1569/4891
f 1310/1597/4892 1309/1596/4893 1295/1569/4894 1296/1567/4895
f 1310/1597/4896 1296/1567/4897 1297/1530/4898 1308/1529/4899
f 1343/1485/4900 1248/1484/4901 1249/1488/4902 1344/1487/4903
f 1220/1454/4904 1225/1460/4905 1298/1459/4906 1478/1451/4907
f 1219/1455/4908 1224/1453/4909 1479/1452/4910 1223/1598/4911
f 1239/1477/4912 1240/1482/4913 1232/1468/4914 1231/1457/4915
f 1230/1456/4916 1482/1474/4917 1239/1477/4918 1231/1457/4919
f 1347/1599/4920 1346/1476/4921 1238/1475/4922 1483/1600/4923
f 1315/1570/4924 1323/1573/4925 1275/1601/4926 1274/1602/4927
f 1108/1603/4928 1131/1533/4929 1261/1501/4930 1334/1504/4931
f 1015/1604/4932 1114/1544/4933 1301/1546/4934 1302/1548/4935
f 1112/1605/4936 1015/1604/4937 1302/1548/4938 1303/1550/4939
f 1289/1547/4940 1288/1549/4941 1305/1589/4942 1306/1592/4943
f 1290/1551/4944 1289/1547/4945 1306/1592/4946 1307/1594/4947
f 1304/1521/4948 1498/1606/4949 1497/1552/4950 1290/1551/4951 1307/1594/4952
f 1304/1521/4953 1499/1520/4954 1498/1606/4955
f 1292/1593/4956 1291/1588/4957 1311/1591/4958 1309/1596/4959
f 1310/1597/4960 1293/1595/4961 1292/1593/4962 1309/1596/4963
f 1308/1529/4964 1294/1522/4965 1293/1595/4966 1310/1597/4967
f 1251/1527/4968 1250/1526/4969 1294/1522/4970 1308/1529/4971
f 1408/1607/4972 1272/1500/4973 1312/1499/4974 1313/1566/4975
f 1273/1608/4976 1408/1607/4977 1313/1566/4978 1314/1568/4979
f 1274/1602/4980 1273/1608/4981 1314/1568/4982 1315/1570/4983
f 1253/1497/4984 1252/1528/4985 1297/1530/4986 1312/1499/4987
f 1484/1609/4988 1158/1610/4989 1316/1611/4990 1318/1538/4991
f 1316/1537/4992 1320/1536/4993 1269/1612/4994 1268/1613/4995
f 1017/1614/4996 1484/1609/4997 1318/1538/4998 1317/1541/4999
f 1016/1545/5000 1017/1614/5001 1317/1541/5002 1319/1542/5003
f 1316/1611/5004 1268/1557/5005 1281/1539/5006 1318/1538/5007
f 1319/1542/5008 1285/1543/5009 1288/1549/5010 1301/1546/5011
f 1288/1549/5012 1285/1543/5013 1284/1590/5014 1305/1589/5015
f 1409/1615/5016 1275/1601/5017 1323/1573/5018 1321/1572/5019
f 1322/1616/5020 1277/1617/5021 1409/1615/5022 1321/1572/5023
f 1299/1571/5024 1300/1574/5025 1323/1573/5026 1315/1570/5027
f 1279/1618/5028 1276/1619/5029 1277/1617/5030 1322/1616/5031
f 1283/1576/5032 1332/1578/5033 1286/1575/5034 1328/1585/5035
f 1279/1563/5036 1280/1580/5037 1271/1583/5038 1324/1564/5039
f 1325/1582/5040 1278/1581/5041 1268/1613/5042 1269/1612/5043
f 1491/1620/5044 1404/1621/5045 1492/1554/5046 1320/1622/5047
f 1492/1554/5048 1269/1623/5049 1320/1622/5050
f 1271/1555/5051 1492/1554/5052 1324/1561/5053
f 1269/1623/5054 1492/1554/5055 1325/1556/5056
f 1282/1540/5057 1281/1539/5058 1326/1559/5059 1327/1624/5060
f 1282/1540/5061 1327/1624/5062 1284/1590/5063 1285/1543/5064
f 1287/1587/5065 1331/1584/5066 1328/1585/5067 1329/1586/5068
f 1291/1588/5069 1287/1587/5070 1329/1586/5071 1311/1591/5072
f 1327/1624/5073 1326/1559/5074 1330/1579/5075 1331/1584/5076
f 1284/1590/5077 1327/1624/5078 1331/1584/5079 1287/1587/5080
f 1322/1616/5081 1321/1572/5082 1286/1575/5083 1332/1578/5084
f 1337/1508/5085 1338/1510/5086 1247/1480/5087 1246/1479/5088
f 1338/1510/5089 1339/1512/5090 1248/1484/5091 1247/1480/5092
f 1339/1512/5093 1340/1492/5094 1249/1488/5095 1248/1484/5096
f 1340/1492/5097 1241/1491/5098 1333/1489/5099 1249/1488/5100
f 1334/1504/5101 1335/1503/5102 1244/1490/5103 1243/1625/5104
f 1335/1503/5105 1336/1506/5106 1245/1483/5107 1244/1490/5108
f 1336/1506/5109 1337/1508/5110 1246/1479/5111 1245/1483/5112
f 1551/1626/5113 1108/1603/5114 1334/1504/5115 1243/1625/5116
f 1232/1468/5117 1240/1482/5118 1341/1478/5119 1233/1469/5120
f 1341/1478/5121 1342/1481/5122 1234/1470/5123 1233/1469/5124
f 1342/1481/5125 1343/1485/5126 1235/1471/5127 1234/1470/5128
f 1343/1485/5129 1344/1487/5130 1236/1472/5131 1235/1471/5132
f 1344/1487/5133 1237/1486/5134 1345/1473/5135 1236/1472/5136
f 1243/1625/5137 1244/1490/5138 1239/1477/5139 1346/1476/5140
f 1486/1627/5141 1485/1628/5142 1349/1629/5143 1352/1630/5144
f 1357/1631/5145 1348/1632/5146 1352/1630/5147 1358/1633/5148
f 1487/1634/5149 1351/1635/5150 1354/1636/5151 1353/1637/5152
f 1351/1635/5153 1350/1638/5154 1355/1639/5155 1354/1636/5156
f 1350/1638/5157 1488/1640/5158 1356/1641/5159 1355/1639/5160
f 1488/1640/5161 1221/1466/5162 1229/1467/5163 1356/1641/5164
f 1352/1630/5165 1349/1629/5166 1359/1642/5167 1358/1633/5168
f 1349/1629/5169 1353/1637/5170 1360/1643/5171 1359/1642/5172
f 1353/1637/5173 1354/1636/5174 1361/1644/5175 1360/1643/5176
f 1354/1636/5177 1355/1639/5178 1362/1645/5179 1361/1644/5180
f 1355/1639/5181 1356/1641/5182 1363/1646/5183 1362/1645/5184
f 1356/1641/5185 1229/1467/5186 1345/1473/5187 1363/1646/5188
f 1489/1647/5189 1364/1648/5190 1365/1649/5191 1477/1650/5192
f 1473/1651/5193 1474/1652/5194 1374/1653/5195 1373/1654/5196
f 1366/1655/5197 1473/1651/5198 1373/1654/5199 1372/1656/5200
f 1374/1653/5201 1474/1652/5202 1475/1657/5203 1375/1658/5204
f 1237/1486/5205 1333/1489/5206 1376/1659/5207 1476/1660/5208
f 1365/1649/5209 1366/1655/5210 1372/1656/5211 1371/1661/5212
f 1241/1491/5213 1369/1494/5214 1392/1662/5215 1472/1663/5216
f 1368/1495/5217 1242/1498/5218 1383/1664/5219 1384/1665/5220
f 1383/1664/5221 1242/1498/5222 1272/1500/5223 1445/1666/5224
f 1369/1494/5225 1368/1495/5226 1384/1665/5227 1392/1662/5228
f 1391/1667/5229 1466/1668/5230 1467/1669/5231 1397/1670/5232
f 1397/1670/5233 1467/1669/5234 1468/1671/5235 1396/1672/5236
f 1396/1672/5237 1468/1671/5238 1469/1673/5239 1395/1674/5240
f 1395/1674/5241 1469/1673/5242 1470/1675/5243 1394/1676/5244
f 1394/1676/5245 1470/1675/5246 1471/1677/5247 1393/1678/5248
f 1393/1678/5249 1471/1677/5250 1472/1663/5251 1392/1662/5252
f 1377/1679/5253 1390/1680/5254 1389/1681/5255 1378/1682/5256
f 1398/1683/5257 1011/1684/5258 1390/1680/5259 1377/1679/5260
f 1388/1685/5261 1379/1686/5262 1378/1682/5263 1389/1681/5264
f 1380/1687/5265 1427/1688/5266 1437/1689/5267 1379/1686/5268
f 1387/1690/5269 1380/1687/5270 1379/1686/5271 1388/1685/5272
f 1386/1691/5273 1381/1692/5274 1380/1687/5275 1387/1690/5276
f 1382/1693/5277 1430/1694/5278 1441/1695/5279 1381/1692/5280
f 1385/1696/5281 1382/1693/5282 1381/1692/5283 1386/1691/5284
f 1384/1665/5285 1383/1664/5286 1382/1693/5287 1385/1696/5288
f 1392/1662/5289 1384/1665/5290 1385/1696/5291 1393/1678/5292
f 1393/1678/5293 1385/1696/5294 1386/1691/5295 1394/1676/5296
f 1394/1676/5297 1386/1691/5298 1387/1690/5299 1395/1674/5300
f 1395/1674/5301 1387/1690/5302 1388/1685/5303 1396/1672/5304
f 1396/1672/5305 1388/1685/5306 1389/1681/5307 1397/1670/5308
f 1397/1670/5309 1389/1681/5310 1390/1680/5311 1391/1667/5312
f 1011/1684/5313 1010/1697/5314 1391/1667/5315 1390/1680/5316
f 1060/1698/5317 1449/1699/5318 1453/1700/5319 1493/1701/5320
f 1451/1702/5321 1450/1703/5322 1414/1704/5323 1413/1705/5324
f 1452/1706/5325 1417/1707/5326 1414/1704/5327 1450/1703/5328
f 1399/1708/5329 1400/1709/5330 1434/1710/5331 1452/1706/5332
f 1421/1711/5333 1420/1712/5334 1434/1710/5335 1435/1713/5336
f 1436/1714/5337 1422/1715/5338 1421/1711/5339 1435/1713/5340
f 1433/1716/5341 1423/1717/5342 1422/1715/5343 1436/1714/5344
f 1492/1554/5345 1458/1718/5346 1407/1719/5347
f 1405/1720/5348 1413/1705/5349 1459/1721/5350 1410/1722/5351
f 1492/1554/5352 1457/1723/5353 1270/1560/5354
f 1411/1724/5355 1276/1562/5356 1270/1565/5357 1457/1725/5358
f 1446/1726/5359 1429/1727/5360 1430/1694/5361 1445/1666/5362
f 1447/1728/5363 1428/1729/5364 1429/1727/5365 1446/1726/5366
f 1448/1730/5367 1431/1731/5368 1428/1729/5369 1447/1728/5370
f 1454/1732/5371 1418/1733/5372 1432/1734/5373 1456/1735/5374
f 1455/1736/5375 1411/1737/5376 1465/1738/5377
f 1415/1739/5378 1412/1740/5379 1463/1741/5380
f 1410/1742/5381 1412/1743/5382 1407/1744/5383 1458/1745/5384
f 1464/1746/5385 1461/1747/5386 1415/1739/5387 1463/1741/5388
f 1462/1748/5389 1432/1734/5390 1418/1733/5391 1461/1747/5392
f 1419/1749/5393 1416/1750/5394 1438/1751/5395 1424/1752/5396
f 1432/1734/5397 1462/1748/5398 1444/1753/5399 1431/1731/5400
f 1439/1754/5401 1425/1755/5402 1424/1752/5403 1438/1751/5404
f 1440/1756/5405 1426/1757/5406 1425/1755/5407 1439/1754/5408
f 1437/1689/5409 1427/1688/5410 1426/1757/5411 1440/1756/5412
f 1442/1758/5413 1428/1729/5414 1431/1731/5415 1444/1753/5416
f 1443/1759/5417 1429/1727/5418 1428/1729/5419 1442/1758/5420
f 1443/1759/5421 1441/1695/5422 1430/1694/5423 1429/1727/5424
f 1475/1657/5425 1476/1660/5426 1376/1659/5427 1375/1658/5428
f 1353/1637/5429 1349/1629/5430 1485/1628/5431 1487/1634/5432
f 1348/1632/5433 1494/1760/5434 1486/1627/5435 1352/1630/5436
f 1365/1649/5437 1358/1633/5438 1359/1642/5439 1366/1655/5440
f 1364/1648/5441 1357/1631/5442 1358/1633/5443 1365/1649/5444
f 1367/1761/5445 1489/1647/5446 1477/1650/5447 1490/1762/5448
f 1377/1679/5449 1378/1682/5450 1423/1717/5451 1433/1716/5452
f 1448/1730/5453 1274/1602/5454 1275/1601/5455 1456/1735/5456
f 1010/1697/5457 1008/1763/5458 1466/1668/5459 1391/1667/5460
f 1400/1709/5461 1401/1764/5462 1435/1713/5463 1434/1710/5464
f 1401/1764/5465 1402/1765/5466 1436/1714/5467 1435/1713/5468
f 1402/1765/5469 1403/1766/5470 1433/1716/5471 1436/1714/5472
f 1403/1766/5473 1398/1683/5474 1377/1679/5475 1433/1716/5476
f 1421/1711/5477 1439/1754/5478 1438/1751/5479 1420/1712/5480
f 1422/1715/5481 1440/1756/5482 1439/1754/5483 1421/1711/5484
f 1423/1717/5485 1437/1689/5486 1440/1756/5487 1422/1715/5488
f 1378/1682/5489 1379/1686/5490 1437/1689/5491 1423/1717/5492
f 1425/1755/5493 1442/1758/5494 1444/1753/5495 1424/1752/5496
f 1443/1759/5497 1442/1758/5498 1425/1755/5499 1426/1757/5500
f 1441/1695/5501 1443/1759/5502 1426/1757/5503 1427/1688/5504
f 1381/1692/5505 1441/1695/5506 1427/1688/5507 1380/1687/5508
f 1408/1607/5509 1446/1726/5510 1445/1666/5511 1272/1500/5512
f 1273/1608/5513 1447/1728/5514 1446/1726/5515 1408/1607/5516
f 1274/1602/5517 1448/1730/5518 1447/1728/5519 1273/1608/5520
f 1383/1664/5521 1445/1666/5522 1430/1694/5523 1382/1693/5524
f 1060/1767/5525 1009/1768/5526 1451/1702/5527 1449/1769/5528
f 1406/1770/5529 1453/1700/5530 1449/1699/5531 1405/1771/5532
f 1009/1768/5533 1026/1772/5534 1450/1703/5535 1451/1702/5536
f 1026/1772/5537 1399/1708/5538 1452/1706/5539 1450/1703/5540
f 1449/1769/5541 1451/1702/5542 1413/1705/5543 1405/1720/5544
f 1452/1706/5545 1434/1710/5546 1420/1712/5547 1417/1707/5548
f 1420/1712/5549 1438/1751/5550 1416/1750/5551 1417/1707/5552
f 1409/1615/5553 1454/1732/5554 1456/1735/5555 1275/1601/5556
f 1455/1736/5557 1454/1732/5558 1409/1615/5559 1277/1617/5560
f 1431/1731/5561 1448/1730/5562 1456/1735/5563 1432/1734/5564
f 1276/1619/5565 1411/1737/5566 1455/1736/5567 1277/1617/5568
f 1415/1739/5569 1461/1747/5570 1418/1733/5571 1465/1738/5572
f 1412/1743/5573 1411/1724/5574 1457/1725/5575 1407/1744/5576
f 1405/1771/5577 1410/1742/5578 1458/1745/5579 1406/1770/5580
f 1492/1554/5581 1404/1621/5582 1493/1773/5583 1453/1774/5584
f 1492/1554/5585 1453/1774/5586 1406/1775/5587
f 1457/1723/5588 1492/1554/5589 1407/1719/5590
f 1458/1718/5591 1492/1554/5592 1406/1775/5593
f 1414/1704/5594 1460/1776/5595 1459/1721/5596 1413/1705/5597
f 1414/1704/5598 1417/1707/5599 1416/1750/5600 1460/1776/5601
f 1419/1749/5602 1462/1748/5603 1461/1747/5604 1464/1746/5605
f 1424/1752/5606 1444/1753/5607 1462/1748/5608 1419/1749/5609
f 1460/1776/5610 1464/1746/5611 1463/1741/5612 1459/1721/5613
f 1416/1750/5614 1419/1749/5615 1464/1746/5616 1460/1776/5617
f 1455/1736/5618 1465/1738/5619 1418/1733/5620 1454/1732/5621
f 1469/1673/5622 1373/1654/5623 1374/1653/5624 1470/1675/5625
f 1470/1675/5626 1374/1653/5627 1375/1658/5628 1471/1677/5629
f 1471/1677/5630 1375/1658/5631 1376/1659/5632 1472/1663/5633
f 1472/1663/5634 1376/1659/5635 1333/1489/5636 1241/1491/5637
f 1466/1668/5638 1370/1777/5639 1371/1661/5640 1467/1669/5641
f 1467/1669/5642 1371/1661/5643 1372/1656/5644 1468/1671/5645
f 1468/1671/5646 1372/1656/5647 1373/1654/5648 1469/1673/5649
f 1553/1778/5650 1552/1779/5651 1370/1777/5652
f 1359/1642/5653 1360/1643/5654 1473/1651/5655 1366/1655/5656
f 1473/1651/5657 1360/1643/5658 1361/1644/5659 1474/1652/5660
f 1474/1652/5661 1361/1644/5662 1362/1645/5663 1475/1657/5664
f 1475/1657/5665 1362/1645/5666 1363/1646/5667 1476/1660/5668
f 1476/1660/5669 1363/1646/5670 1345/1473/5671 1237/1486/5672
f 1370/1777/5673 1477/1650/5674 1365/1649/5675 1371/1661/5676
f 1552/1779/5677 1490/1762/5678 1477/1650/5679 1370/1777/5680
f 1465/1738/5681 1412/1740/5682 1415/1739/5683
f 1465/1738/5684 1411/1737/5685 1412/1740/5686
f 1463/1741/5687 1412/1740/5688 1410/1722/5689
f 1463/1741/5690 1410/1722/5691 1459/1721/5692
f 1332/1578/5693 1279/1618/5694 1322/1616/5695
f 1332/1578/5696 1280/1577/5697 1279/1618/5698
f 1330/1579/5699 1280/1577/5700 1283/1576/5701
f 1330/1579/5702 1278/1558/5703 1280/1577/5704
f 1501/1780/5705 1500/1523/5706 1294/1522/5707 1250/1526/5708
f 1502/1781/5709 1501/1780/5710 1250/1526/5711
f 1503/1518/5712 1502/1781/5713 1257/1525/5714
f 1505/1782/5715 1504/1517/5716 1259/1532/5717
f 1507/1514/5718 1506/1783/5719 1260/1515/5720
f 1509/1784/5721 1508/1513/5722 1132/1516/5723
f 1303/1550/5724 1496/1553/5725 1495/1785/5726 1112/1605/5727
f 1503/1518/5728 1257/1525/5729 1258/1519/5730
f 1504/1517/5731 1258/1519/5732 1259/1532/5733
f 1260/1515/5734 1506/1783/5735 1259/1532/5736
f 1259/1532/5737 1506/1783/5738 1505/1782/5739
f 1257/1525/5740 1502/1781/5741 1250/1526/5742
f 1509/1786/5743 1218/1787/5744 1510/1788/5745 1508/1789/5746
f 1508/1789/5747 1510/1788/5748 1511/1790/5749 1507/1791/5750
f 1507/1791/5751 1511/1790/5752 1512/1792/5753 1506/1793/5754
f 1506/1793/5755 1512/1792/5756 1513/1794/5757 1505/1795/5758
f 1505/1795/5759 1513/1794/5760 1514/1796/5761 1504/1797/5762
f 1504/1797/5763 1514/1796/5764 1515/1798/5765 1503/1799/5766
f 1503/1799/5767 1515/1798/5768 1516/1800/5769 1502/1801/5770
f 1502/1801/5771 1516/1800/5772 1517/1802/5773 1501/1803/5774
f 1501/1803/5775 1517/1802/5776 1518/1804/5777 1500/1805/5778
f 1500/1805/5779 1518/1804/5780 1519/1806/5781 1499/1807/5782
f 1499/1807/5783 1519/1806/5784 1520/1808/5785 1498/1809/5786
f 1498/1809/5787 1520/1808/5788 1521/1810/5789 1497/1811/5790
f 1497/1811/5791 1521/1810/5792 1522/1812/5793 1496/1813/5794
f 1496/1813/5795 1522/1812/5796 1208/1814/5797 1495/1815/5798
f 1478/1816/5799 1529/1817/5800 1530/1818/5801 1479/1819/5802
f 1480/1820/5803 1531/1821/5804 1526/1822/5805 1298/1823/5806
f 1481/1824/5807 1532/1825/5808 1531/1821/5809 1480/1820/5810
f 1222/1826/5811 1524/1827/5812 1532/1825/5813 1481/1824/5814
f 1221/1828/5815 1523/1829/5816 1524/1827/5817 1222/1826/5818
f 1298/1823/5819 1526/1822/5820 1529/1817/5821 1478/1816/5822
f 1479/1819/5823 1530/1818/5824 1525/1830/5825 1223/1831/5826
f 1486/1832/5827 1534/1833/5828 1533/1834/5829 1485/1835/5830
f 1487/1836/5831 1535/1837/5832 1528/1838/5833 1351/1839/5834
f 1351/1839/5835 1528/1838/5836 1527/1840/5837 1350/1841/5838
f 1350/1841/5839 1527/1840/5840 1536/1842/5841 1488/1843/5842
f 1488/1843/5843 1536/1842/5844 1523/1829/5845 1221/1828/5846
f 1485/1835/5847 1533/1834/5848 1535/1837/5849 1487/1836/5850
f 1494/1844/5851 1537/1845/5852 1534/1833/5853 1486/1832/5854
f 1193/1362/5855 1105/1361/5856 1538/1846/5857 1194/1424/5858
f 1194/1424/5859 1538/1846/5860 1542/1313/5861 1195/1312/5862
f 1196/1370/5863 1195/1312/5864 1543/1371/5865
f 1195/1312/5866 1541/1311/5867 1543/1371/5868
f 1104/1253/5869 1012/1252/5870 1544/1847/5871 1103/1310/5872
f 1102/1309/5873 1103/1310/5874 1545/1848/5875 1546/1849/5876
f 1547/1850/5877 1102/1309/5878 1546/1849/5879
f 1101/1185/5880 1102/1309/5881 1547/1850/5882 1548/1186/5883
f 1099/1189/5884 1100/1184/5885 1007/1183/5886 1549/1238/5887
f 1545/1848/5888 1103/1310/5889 1544/1847/5890
f 1243/1625/5891 1346/1476/5892 1347/1599/5893 1550/1851/5894
f 1243/1625/5895 1550/1851/5896 1551/1626/5897
f 1370/1777/5898 1466/1668/5899 1008/1763/5900 1553/1778/5901
f 1554/1852/5902 1530/1853/5903 1529/1854/5904
f 1525/1855/5905 1530/1853/5906 1554/1852/5907
f 1554/1852/5908 1534/1856/5909 1537/1857/5910
f 1554/1852/5911 1526/1858/5912 1531/1859/5913
f 1554/1852/5914 1533/1860/5915 1534/1856/5916
f 1554/1852/5917 1529/1854/5918 1526/1858/5919
f 1554/1852/5920 1535/1861/5921 1533/1860/5922
f 1554/1852/5923 1531/1859/5924 1532/1862/5925
f 1554/1852/5926 1524/1863/5927 1523/1864/5928
f 1554/1852/5929 1532/1862/5930 1524/1863/5931
f 1554/1852/5932 1536/1865/5933 1527/1866/5934
f 1554/1852/5935 1523/1864/5936 1536/1865/5937
f 1554/1852/5938 1528/1867/5939 1535/1861/5940
f 1554/1852/5941 1527/1866/5942 1528/1867/5943
f 1556/1868/5944 1557/1869/5945 1558/1870/5946 1555/1871/5947
f 1560/1872/5948 1561/1873/5949 1562/1874/5950 1559/1875/5951
f 1564/1876/5952 1565/1877/5953 1566/1878/5954 1563/1879/5955
f 1568/1880/5956 1569/1881/5957 1570/1882/5958 1567/1883/5959
f 1572/1884/5960 1573/1885/5961 1574/1886/5962 1571/1887/5963
f 1576/1888/5964 1577/1889/5965 1578/1890/5966 1575/1891/5967
f 1580/1892/5968 1581/1893/5969 1582/1894/5970 1579/1895/5971
f 1584/1896/5972 1585/1897/5973 1586/1898/5974 1583/1899/5975
f 1588/1900/5976 1589/1901/5977 1590/1902/5978 1587/1903/5979
f 1592/1904/5980 1593/1905/5981 1594/1906/5982 1591/1907/5983
f 1596/1908/5984 1597/1909/5985 1598/1910/5986 1595/1911/5987
f 1600/1912/5988 1601/1913/5989 1602/1914/5990 1599/1915/5991
f 1604/1916/5992 1605/1917/5993 1606/1918/5994 1603/1919/5995
f 1608/1920/5996 1609/1921/5997 1610/1922/5998 1607/1923/5999
f 1612/1924/6000 1613/1925/6001 1614/1926/6002 1611/1927/6003
f 1617/1928/6004 1618/1929/6005 1615/1930/6006 1616/1931/6007
f 1620/1932/6008 1713/1933/6009 1652/1934/6010 1619/1935/6011
f 1654/1936/6012 1652/1934/6013 1651/1937/6014 1653/1938/6015
f 1621/1939/6016 1654/1936/6017 1656/1940/6018 1622/1941/6019
f 1658/1942/6020 1656/1940/6021 1655/1943/6022 1657/1944/6023
f 1623/1945/6024 1658/1942/6025 1660/1946/6026 1624/1947/6027
f 1662/1948/6028 1660/1946/6029 1659/1949/6030 1661/1950/6031
f 1625/1951/6032 1662/1948/6033 1664/1952/6034 1626/1953/6035
f 1666/1954/6036 1664/1952/6037 1663/1955/6038 1665/1956/6039
f 1627/1957/6040 1666/1954/6041 1668/1958/6042 1628/1959/6043
f 1670/1960/6044 1668/1958/6045 1667/1961/6046 1669/1962/6047
f 1629/1963/6048 1670/1960/6049 1672/1964/6050 1630/1965/6051
f 1674/1966/6052 1672/1964/6053 1671/1967/6054 1673/1968/6055
f 1631/1969/6056 1674/1966/6057 1676/1970/6058 1632/1971/6059
f 1678/1972/6060 1676/1970/6061 1675/1973/6062 1677/1974/6063
f 1633/1975/6064 1678/1972/6065 1680/1976/6066 1634/1977/6067
f 1682/1978/6068 1680/1976/6069 1679/1979/6070 1681/1980/6071
f 1635/1981/6072 1682/1978/6073 1684/1982/6074 1636/1983/6075
f 1686/1984/6076 1684/1982/6077 1683/1985/6078 1685/1986/6079
f 1637/1987/6080 1686/1984/6081 1688/1988/6082 1638/1989/6083
f 1690/1990/6084 1688/1988/6085 1687/1991/6086 1689/1992/6087
f 1639/1993/6088 1690/1990/6089 1692/1994/6090 1640/1995/6091
f 1694/1996/6092 1692/1994/6093 1691/1997/6094 1693/1998/6095
f 1641/1999/6096 1694/1996/6097 1696/2000/6098 1642/2001/6099
f 1698/2002/6100 1696/2000/6101 1695/2003/6102 1697/2004/6103
f 1643/2005/6104 1698/2002/6105 1700/2006/6106 1644/2007/6107
f 1702/2008/6108 1700/2006/6109 1699/2009/6110 1701/2010/6111
f 1645/2011/6112 1702/2008/6113 1704/2012/6114 1646/2013/6115
f 1706/2014/6116 1704/2012/6117 1703/2015/6118 1705/2016/6119
f 1647/2017/6120 1706/2014/6121 1708/2018/6122 1648/2019/6123
f 1710/2020/6124 1708/2018/6125 1707/2021/6126 1709/2022/6127
f 1710/2020/6128 1712/2023/6129 1650/2024/6130 1649/2025/6131
f 1713/1933/6132 1712/2023/6133 1711/2026/6134 1714/2027/6135
f 1562/1874/6136 1561/1873/6137 1556/1868/6138 1555/1871/6139
f 1566/1878/6140 1565/1877/6141 1560/1872/6142 1559/1875/6143
f 1570/1882/6144 1569/1881/6145 1564/1876/6146 1563/1879/6147
f 1574/1886/6148 1573/1885/6149 1568/1880/6150 1567/1883/6151
f 1578/1890/6152 1577/1889/6153 1572/1884/6154 1571/1887/6155
f 1586/1898/6156 1585/1897/6157 1580/1892/6158 1579/1895/6159
f 1592/1904/6160 1591/1907/6161 1588/1900/6162 1587/1903/6163
f 1558/1870/6164 1557/1869/6165 1615/1930/6166 1618/1929/6167
f 1576/1888/6168 1575/1891/6169 1582/1894/6170 1581/1893/6171
f 1584/1896/6172 1583/1899/6173 1590/1902/6174 1589/1901/6175
f 1594/1906/6176 1593/1905/6177 1596/1908/6178 1595/1911/6179
f 1598/1910/6180 1597/1909/6181 1600/1912/6182 1599/1915/6183
f 1602/1914/6184 1601/1913/6185 1604/1916/6186 1603/1919/6187
f 1606/1918/6188 1605/1917/6189 1608/1920/6190 1607/1923/6191
f 1610/1922/6192 1609/1921/6193 1612/1924/6194 1611/1927/6195
f 1614/1926/6196 1613/1925/6197 1617/1928/6198 1616/1931/6199
f 1714/2027/6200 1651/1937/6201 1652/1934/6202 1713/1933/6203
f 1653/1938/6204 1655/1943/6205 1656/1940/6206 1654/1936/6207
f 1657/1944/6208 1659/1949/6209 1660/1946/6210 1658/1942/6211
f 1661/1950/6212 1663/1955/6213 1664/1952/6214 1662/1948/6215
f 1665/1956/6216 1667/1961/6217 1668/1958/6218 1666/1954/6219
f 1669/1962/6220 1671/1967/6221 1672/1964/6222 1670/1960/6223
f 1673/1968/6224 1675/1973/6225 1676/1970/6226 1674/1966/6227
f 1677/1974/6228 1679/1979/6229 1680/1976/6230 1678/1972/6231
f 1681/1980/6232 1683/1985/6233 1684/1982/6234 1682/1978/6235
f 1685/1986/6236 1687/1991/6237 1688/1988/6238 1686/1984/6239
f 1689/1992/6240 1691/1997/6241 1692/1994/6242 1690/1990/6243
f 1693/1998/6244 1695/2003/6245 1696/2000/6246 1694/1996/6247
f 1697/2004/6248 1699/2009/6249 1700/2006/6250 1698/2002/6251
f 1701/2010/6252 1703/2015/6253 1704/2012/6254 1702/2008/6255
f 1705/2016/6256 1707/2021/6257 1708/2018/6258 1706/2014/6259
f 1709/2022/6260 1711/2026/6261 1712/2023/6262 1710/2020/6263
f 1621/1939/6264 1619/1935/6265 1652/1934/6266 1654/1936/6267
f 1651/1937/6268 1557/1869/6269 1556/1868/6270 1653/1938/6271
f 1623/1945/6272 1622/1941/6273 1656/1940/6274 1658/1942/6275
f 1655/1943/6276 1561/1873/6277 1560/1872/6278 1657/1944/6279
f 1625/1951/6280 1624/1947/6281 1660/1946/6282 1662/1948/6283
f 1659/1949/6284 1565/1877/6285 1564/1876/6286 1661/1950/6287
f 1627/1957/6288 1626/1953/6289 1664/1952/6290 1666/1954/6291
f 1663/1955/6292 1569/1881/6293 1568/1880/6294 1665/1956/6295
f 1629/1963/6296 1628/1959/6297 1668/1958/6298 1670/1960/6299
f 1667/1961/6300 1573/1885/6301 1572/1884/6302 1669/1962/6303
f 1631/1969/6304 1630/1965/6305 1672/1964/6306 1674/1966/6307
f 1577/1889/6308 1576/1888/6309 1673/1968/6310 1671/1967/6311
f 1633/1975/6312 1632/1971/6313 1676/1970/6314 1678/1972/6315
f 1581/1893/6316 1580/1892/6317 1677/1974/6318 1675/1973/6319
f 1635/1981/6320 1634/1977/6321 1680/1976/6322 1682/1978/6323
f 1585/1897/6324 1584/1896/6325 1681/1980/6326 1679/1979/6327
f 1637/1987/6328 1636/1983/6329 1684/1982/6330 1686/1984/6331
f 1589/1901/6332 1588/1900/6333 1685/1986/6334 1683/1985/6335
f 1639/1993/6336 1638/1989/6337 1688/1988/6338 1690/1990/6339
f 1591/1907/6340 1594/1906/6341 1689/1992/6342 1687/1991/6343
f 1641/1999/6344 1640/1995/6345 1692/1994/6346 1694/1996/6347
f 1595/1911/6348 1598/1910/6349 1693/1998/6350 1691/1997/6351
f 1643/2005/6352 1642/2001/6353 1696/2000/6354 1698/2002/6355
f 1599/1915/6356 1602/1914/6357 1697/2004/6358 1695/2003/6359
f 1645/2011/6360 1644/2007/6361 1700/2006/6362 1702/2008/6363
f 1603/1919/6364 1606/1918/6365 1701/2010/6366 1699/2009/6367
f 1647/2017/6368 1646/2013/6369 1704/2012/6370 1706/2014/6371
f 1607/1923/6372 1610/1922/6373 1705/2016/6374 1703/2015/6375
f 1649/2025/6376 1648/2019/6377 1708/2018/6378 1710/2020/6379
f 1611/1927/6380 1614/1926/6381 1709/2022/6382 1707/2021/6383
f 1620/1932/6384 1650/2024/6385 1712/2023/6386 1713/1933/6387
f 1616/1931/6388 1615/1930/6389 1714/2027/6390 1711/2026/6391
f 1615/1930/6392 1557/1869/6393 1651/1937/6394 1714/2027/6395
f 1653/1938/6396 1556/1868/6397 1561/1873/6398 1655/1943/6399
f 1657/1944/6400 1560/1872/6401 1565/1877/6402 1659/1949/6403
f 1661/1950/6404 1564/1876/6405 1569/1881/6406 1663/1955/6407
f 1665/1956/6408 1568/1880/6409 1573/1885/6410 1667/1961/6411
f 1669/1962/6412 1572/1884/6413 1577/1889/6414 1671/1967/6415
f 1576/1888/6416 1581/1893/6417 1675/1973/6418 1673/1968/6419
f 1580/1892/6420 1585/1897/6421 1679/1979/6422 1677/1974/6423
f 1584/1896/6424 1589/1901/6425 1683/1985/6426 1681/1980/6427
f 1588/1900/6428 1591/1907/6429 1687/1991/6430 1685/1986/6431
f 1594/1906/6432 1595/1911/6433 1691/1997/6434 1689/1992/6435
f 1598/1910/6436 1599/1915/6437 1695/2003/6438 1693/1998/6439
f 1602/1914/6440 1603/1919/6441 1699/2009/6442 1697/2004/6443
f 1606/1918/6444 1607/1923/6445 1703/2015/6446 1701/2010/6447
f 1610/1922/6448 1611/1927/6449 1707/2021/6450 1705/2016/6451
f 1709/2022/6452 1614/1926/6453 1616/1931/6454 1711/2026/6455
f 1555/1871/6456 1558/1870/6457 1716/2028/6458 1715/2029/6459
f 1558/1870/6460 1618/1929/6461 1717/2030/6462 1716/2028/6463
f 1559/1875/6464 1562/1874/6465 1719/2031/6466 1718/2032/6467
f 1562/1874/6468 1555/1871/6469 1715/2029/6470 1719/2031/6471
f 1720/2033/6472 1563/1879/6473 1566/1878/6474 1721/2034/6475
f 1721/2034/6476 1566/1878/6477 1559/1875/6478 1718/2032/6479
f 1722/2035/6480 1567/1883/6481 1570/1882/6482 1723/2036/6483
f 1723/2036/6484 1570/1882/6485 1563/1879/6486 1720/2033/6487
f 1724/2037/6488 1571/1887/6489 1574/1886/6490 1725/2038/6491
f 1725/2038/6492 1574/1886/6493 1567/1883/6494 1722/2035/6495
f 1575/1891/6496 1578/1890/6497 1727/2039/6498 1726/2040/6499
f 1578/1890/6500 1571/1887/6501 1724/2037/6502 1727/2039/6503
f 1579/1895/6504 1582/1894/6505 1729/2041/6506 1728/2042/6507
f 1582/1894/6508 1575/1891/6509 1726/2040/6510 1729/2041/6511
f 1583/1899/6512 1586/1898/6513 1731/2043/6514 1730/2044/6515
f 1586/1898/6516 1579/1895/6517 1728/2042/6518 1731/2043/6519
f 1587/1903/6520 1590/1902/6521 1733/2045/6522 1732/2046/6523
f 1590/1902/6524 1583/1899/6525 1730/2044/6526 1733/2045/6527
f 1734/2047/6528 1593/1905/6529 1592/1904/6530 1735/2048/6531
f 1735/2048/6532 1592/1904/6533 1587/1903/6534 1732/2046/6535
f 1597/1909/6536 1596/1908/6537 1737/2049/6538 1736/2050/6539
f 1737/2049/6540 1596/1908/6541 1593/1905/6542 1734/2047/6543
f 1601/1913/6544 1600/1912/6545 1739/2051/6546 1738/2052/6547
f 1600/1912/6548 1597/1909/6549 1736/2050/6550 1739/2051/6551
f 1605/1917/6552 1604/1916/6553 1741/2053/6554 1740/2054/6555
f 1604/1916/6556 1601/1913/6557 1738/2052/6558 1741/2053/6559
f 1609/1921/6560 1608/1920/6561 1743/2055/6562 1742/2056/6563
f 1608/1920/6564 1605/1917/6565 1740/2054/6566 1743/2055/6567
f 1613/1925/6568 1612/1924/6569 1745/2057/6570 1744/2058/6571
f 1612/1924/6572 1609/1921/6573 1742/2056/6574 1745/2057/6575
f 1618/1929/6576 1617/1928/6577 1746/2059/6578 1717/2030/6579
f 1617/1928/6580 1613/1925/6581 1744/2058/6582 1746/2059/6583
f 1748/2060/6584 1764/2061/6585 1763/2062/6586 1747/2063/6587
f 1748/2060/6588 1749/2064/6589 1765/2065/6590 1764/2061/6591
f 1749/2064/6592 1750/2066/6593 1766/2067/6594 1765/2065/6595
f 1750/2066/6596 1751/2068/6597 1767/2069/6598 1766/2067/6599
f 1751/2068/6600 1752/2070/6601 1768/2071/6602 1767/2069/6603
f 1752/2070/6604 1753/2072/6605 1769/2073/6606 1768/2071/6607
f 1753/2072/6608 1754/2074/6609 1770/2075/6610 1769/2073/6611
f 1754/2074/6612 1755/2076/6613 1771/2077/6614 1770/2075/6615
f 1755/2076/6616 1756/2078/6617 1772/2079/6618 1771/2077/6619
f 1756/2078/6620 1757/2080/6621 1773/2081/6622 1772/2079/6623
f 1757/2080/6624 1758/2082/6625 1774/2083/6626 1773/2081/6627
f 1758/2082/6628 1759/2084/6629 1775/2085/6630 1774/2083/6631
f 1759/2084/6632 1760/2086/6633 1776/2087/6634 1775/2085/6635
f 1760/2086/6636 1761/2088/6637 1777/2089/6638 1776/2087/6639
f 1761/2088/6640 1762/2090/6641 1778/2091/6642 1777/2089/6643
f 1762/2090/6644 1747/2063/6645 1763/2062/6646 1778/2091/6647
f 1781/2092/6648 1779/2093/6649 1780/2094/6650
f 1782/2095/6651 1779/2093/6652 1781/2092/6653
f 1783/2096/6654 1779/2093/6655 1782/2095/6656
f 1784/2097/6657 1779/2093/6658 1783/2096/6659
f 1785/2098/6660 1779/2093/6661 1784/2097/6662
f 1786/2099/6663 1779/2093/6664 1785/2098/6665
f 1787/2100/6666 1779/2093/6667 1786/2099/6668
f 1788/2101/6669 1779/2093/6670 1787/2100/6671
f 1789/2102/6672 1779/2093/6673 1788/2101/6674
f 1790/2103/6675 1779/2093/6676 1789/2102/6677
f 1791/2104/6678 1779/2093/6679 1790/2103/6680
f 1792/2105/6681 1779/2093/6682 1791/2104/6683
f 1793/2106/6684 1779/2093/6685 1792/2105/6686
f 1794/2107/6687 1779/2093/6688 1793/2106/6689
f 1795/2108/6690 1779/2093/6691 1794/2107/6692
f 1780/2094/6693 1779/2093/6694 1795/2108/6695
f 1781/2092/6696 1780/2094/6697 1763/2062/6698 1764/2061/6699
f 1782/2095/6700 1781/2092/6701 1764/2061/6702 1765/2065/6703
f 1783/2096/6704 1782/2095/6705 1765/2065/6706 1766/2067/6707
f 1784/2097/6708 1783/2096/6709 1766/2067/6710 1767/2069/6711
f 1785/2098/6712 1784/2097/6713 1767/2069/6714 1768/2071/6715
f 1786/2099/6716 1785/2098/6717 1768/2071/6718 1769/2073/6719
f 1787/2100/6720 1786/2099/6721 1769/2073/6722 1770/2075/6723
f 1788/2101/6724 1787/2100/6725 1770/2075/6726 1771/2077/6727
f 1789/2102/6728 1788/2101/6729 1771/2077/6730 1772/2079/6731
f 1790/2103/6732 1789/2102/6733 1772/2079/6734 1773/2081/6735
f 1791/2104/6736 1790/2103/6737 1773/2081/6738 1774/2083/6739
f 1792/2105/6740 1791/2104/6741 1774/2083/6742 1775/2085/6743
f 1793/2106/6744 1792/2105/6745 1775/2085/6746 1776/2087/6747
f 1794/2107/6748 1793/2106/6749 1776/2087/6750 1777/2089/6751
f 1795/2108/6752 1794/2107/6753 1777/2089/6754 1778/2091/6755
f 1780/2094/6756 1795/2108/6757 1778/2091/6758 1763/2062/6759
f 1797/2109/6760 1813/2110/6761 1812/2111/6762 1796/2112/6763
f 1797/2109/6764 1798/2113/6765 1814/2114/6766 1813/2110/6767
f 1798/2113/6768 1799/2115/6769 1815/2116/6770 1814/2114/6771
f 1799/2115/6772 1800/2117/6773 1816/2118/6774 1815/2116/6775
f 1800/2117/6776 1801/2119/6777 1817/2120/6778 1816/2118/6779
f 1801/2119/6780 1802/2121/6781 1818/2122/6782 1817/2120/6783
f 1802/2121/6784 1803/2123/6785 1819/2124/6786 1818/2122/6787
f 1803/2123/6788 1804/2125/6789 1820/2126/6790 1819/2124/6791
f 1804/2125/6792 1805/2127/6793 1821/2128/6794 1820/2126/6795
f 1805/2127/6796 1806/2129/6797 1822/2130/6798 1821/2128/6799
f 1806/2129/6800 1807/2131/6801 1823/2132/6802 1822/2130/6803
f 1807/2131/6804 1808/2133/6805 1824/2134/6806 1823/2132/6807
f 1808/2133/6808 1809/2135/6809 1825/2136/6810 1824/2134/6811
f 1809/2135/6812 1810/2137/6813 1826/2138/6814 1825/2136/6815
f 1810/2137/6816 1811/2139/6817 1827/2140/6818 1826/2138/6819
f 1811/2139/6820 1796/2112/6821 1812/2111/6822 1827/2140/6823
f 1830/2141/6824 1828/2142/6825 1829/2143/6826
f 1831/2144/6827 1828/2142/6828 1830/2141/6829
f 1832/2145/6830 1828/2142/6831 1831/2144/6832
f 1833/2146/6833 1828/2142/6834 1832/2145/6835
f 1834/2147/6836 1828/2142/6837 1833/2146/6838
f 1835/2148/6839 1828/2142/6840 1834/2147/6841
f 1836/2149/6842 1828/2142/6843 1835/2148/6844
f 1837/2150/6845 1828/2142/6846 1836/2149/6847
f 1838/2151/6848 1828/2142/6849 1837/2150/6850
f 1839/2152/6851 1828/2142/6852 1838/2151/6853
f 1840/2153/6854 1828/2142/6855 1839/2152/6856
f 1841/2154/6857 1828/2142/6858 1840/2153/6859
f 1842/2155/6860 1828/2142/6861 1841/2154/6862
f 1843/2156/6863 1828/2142/6864 1842/2155/6865
f 1844/2157/6866 1828/2142/6867 1843/2156/6868
f 1829/2143/6869 1828/2142/6870 1844/2157/6871
f 1830/2141/6872 1829/2143/6873 1812/2111/6874 1813/2110/6875
f 1831/2144/6876 1830/2141/6877 1813/2110/6878 1814/2114/6879
f 1832/2145/6880 1831/2144/6881 1814/2114/6882 1815/2116/6883
f 1833/2146/6884 1832/2145/6885 1815/2116/6886 1816/2118/6887
f 1834/2147/6888 1833/2146/6889 1816/2118/6890 1817/2120/6891
f 1835/2148/6892 1834/2147/6893 1817/2120/6894 1818/2122/6895
f 1836/2149/6896 1835/2148/6897 1818/2122/6898 1819/2124/6899
f 1837/2150/6900 1836/2149/6901 1819/2124/6902 1820/2126/6903
f 1838/2151/6904 1837/2150/6905 1820/2126/6906 1821/2128/6907
f 1839/2152/6908 1838/2151/6909 1821/2128/6910 1822/2130/6911
f 1840/2153/6912 1839/2152/6913 1822/2130/6914 1823/2132/6915
f 1841/2154/6916 1840/2153/6917 1823/2132/6918 1824/2134/6919
f 1842/2155/6920 1841/2154/6921 1824/2134/6922 1825/2136/6923
f 1843/2156/6924 1842/2155/6925 1825/2136/6926 1826/2138/6927
f 1844/2157/6928 1843/2156/6929 1826/2138/6930 1827/2140/6931
f 1829/2143/6932 1844/2157/6933 1827/2140/6934 1812/2111/6935
f 1846/2158/6936 1847/2159/6937 1845/2160/6938
f 1850/2161/6939 1848/2162/6940 1849/2163/6941 1875/2164/6942
f 1879/2165/6943 1852/2166/6944 1850/2161/6945 1875/2164/6946
f 1880/2167/6947 1855/2168/6948 1852/2166/6949 1879/2165/6950
f 1856/2169/6951 1857/2170/6952 1854/2171/6953 1858/2172/6954
f 1881/2173/6955 1859/2174/6956 1855/2168/6957 1880/2167/6958
f 1860/2175/6959 1877/2176/6960 1878/2177/6961 1862/2178/6962
f 1861/2179/6963 1884/2180/6964 1883/2181/6965 1876/2182/6966
f 1864/2183/6967 1863/2184/6968 1865/2185/6969
f 1850/2161/6970 1852/2166/6971 1868/2186/6972 1848/2162/6973
f 1852/2166/6974 1855/2168/6975 1869/2187/6976 1868/2186/6977
f 1855/2168/6978 1859/2174/6979 1870/2188/6980 1869/2187/6981
f 1859/2174/6982 1861/2179/6983 1871/2189/6984 1870/2188/6985
f 1861/2179/6986 1876/2182/6987 1873/2190/6988 1871/2189/6989
f 1874/2191/6990 1882/2192/6991 1866/2193/6992 1867/2194/6993
f 1879/2165/6994 1875/2164/6995 1846/2158/6996 1851/2195/6997
f 1880/2167/6998 1879/2165/6999 1851/2195/7000 1854/2171/7001
f 1881/2173/7002 1880/2167/7003 1854/2171/7004 1857/2170/7005
f 1884/2180/7006 1878/2177/7007 1877/2176/7008 1883/2181/7009
f 1874/2191/7010 1872/2196/7011 1873/2190/7012 1876/2182/7013
f 1877/2176/7014 1860/2175/7015 1863/2184/7016 1864/2183/7017
f 1883/2181/7018 1877/2176/7019 1864/2183/7020 1882/2192/7021
f 1874/2191/7022 1876/2182/7023 1883/2181/7024 1882/2192/7025
f 1861/2179/7026 1859/2174/7027 1881/2173/7028 1884/2180/7029
f 1878/2177/7030 1884/2180/7031 1881/2173/7032 1857/2170/7033
f 1862/2178/7034 1878/2177/7035 1857/2170/7036 1856/2169/7037
f 1851/2195/7038 1846/2158/7039 1845/2160/7040 1853/2197/7041
f 1854/2171/7042 1851/2195/7043 1853/2197/7044 1858/2172/7045
f 1882/2192/7046 1864/2183/7047 1865/2185/7048 1866/2193/7049
f 1847/2159/7050 1846/2158/7051 1875/2164/7052 1849/2163/7053
f 1867/2194/7054 1872/2196/7055 1874/2191/7056
f 1845/2198/7057 1847/2199/7058 1886/2200/7059 1885/2201/7060
f 1849/2202/7061 1848/2203/7062 1887/2204/7063 1888/2205/7064
f 1847/2199/7065 1849/2202/7066 1888/2205/7067 1886/2200/7068
f 1853/2206/7069 1845/2198/7070 1885/2201/7071 1889/2207/7072
f 1858/2208/7073 1891/2209/7074 1890/2210/7075 1856/2211/7076
f 1858/2208/7077 1853/2206/7078 1889/2207/7079 1891/2209/7080
f 1862/2212/7081 1893/2213/7082 1892/2214/7083 1860/2215/7084
f 1856/2211/7085 1890/2210/7086 1893/2213/7087 1862/2212/7088
f 1860/2215/7089 1892/2214/7090 1894/2216/7091 1863/2217/7092
f 1865/2218/7093 1863/2217/7094 1894/2216/7095 1895/2219/7096
f 1866/2220/7097 1865/2221/7098 1895/2222/7099 1896/2223/7100
f 1867/2224/7101 1866/2220/7102 1896/2223/7103 1897/2225/7104
f 1868/2226/7105 1898/2227/7106 1887/2204/7107 1848/2203/7108
f 1869/2228/7109 1899/2229/7110 1898/2227/7111 1868/2226/7112
f 1870/2230/7113 1900/2231/7114 1899/2229/7115 1869/2228/7116
f 1871/2232/7117 1901/2233/7118 1900/2231/7119 1870/2230/7120
f 1873/2234/7121 1872/2235/7122 1902/2236/7123 1903/2237/7124
f 1873/2234/7125 1903/2237/7126 1901/2233/7127 1871/2232/7128
f 1872/2235/7129 1867/2224/7130 1897/2225/7131 1902/2236/7132
f 1914/2238/7133 1988/2239/7134 1978/2240/7135 1904/2241/7136
f 1904/2241/7137 1978/2240/7138 1979/2242/7139 1905/2243/7140
f 1905/2243/7141 1979/2242/7142 1980/2244/7143 1906/2245/7144
f 1906/2245/7145 1980/2244/7146 1981/2246/7147 1907/2247/7148
f 1907/2247/7149 1981/2246/7150 1982/2248/7151 1908/2249/7152
f 1908/2249/7153 1982/2248/7154 1983/2250/7155 1909/2251/7156
f 1909/2251/7157 1983/2250/7158 1984/2252/7159 1910/2253/7160
f 1911/2254/7161 1910/2253/7162 1984/2252/7163 1985/2255/7164
f 1912/2256/7165 1911/2254/7166 1985/2255/7167 1986/2257/7168
f 1913/2258/7169 1912/2256/7170 1986/2257/7171 1987/2259/7172
f 1925/2260/7173 1913/2258/7174 1987/2259/7175 1999/2261/7176
f 1914/2238/7177 1915/2262/7178 1989/2263/7179 1988/2239/7180
f 1915/2262/7181 1916/2264/7182 1990/2265/7183 1989/2263/7184
f 1916/2264/7185 1917/2266/7186 1991/2267/7187 1990/2265/7188
f 1917/2266/7189 1918/2268/7190 1992/2269/7191 1991/2267/7192
f 1918/2268/7193 1919/2270/7194 1993/2271/7195 1992/2269/7196
f 1919/2270/7197 1920/2272/7198 1994/2273/7199 1993/2271/7200
f 1920/2272/7201 1921/2274/7202 1995/2275/7203 1994/2273/7204
f 1922/2276/7205 1996/2277/7206 1995/2275/7207 1921/2274/7208
f 1923/2278/7209 1997/2279/7210 1996/2277/7211 1922/2276/7212
f 1924/2280/7213 1998/2281/7214 1997/2279/7215 1923/2278/7216
f 1925/2260/7217 1999/2261/7218 1998/2281/7219 1924/2280/7220
f 1936/2282/7221 1948/2283/7222 1968/2284/7223 1926/2285/7224
f 1968/2284/7225 1948/2283/7226 1949/2286/7227 1969/2287/7228
f 1969/2287/7229 1949/2286/7230 1950/2288/7231 1970/2289/7232
f 1970/2289/7233 1950/2288/7234 1951/2290/7235 1971/2291/7236
f 1971/2291/7237 1951/2290/7238 1952/2292/7239 1972/2293/7240
f 1952/2292/7241 1953/2294/7242 1973/2295/7243 1972/2293/7244
f 1953/2294/7245 1954/2296/7246 1974/2297/7247 1973/2295/7248
f 1954/2296/7249 1955/2298/7250 1975/2299/7251 1974/2297/7252
f 1955/2298/7253 1956/2300/7254 1976/2301/7255 1975/2299/7256
f 1957/2302/7257 1977/2303/7258 1976/2301/7259 1956/2300/7260
f 1957/2302/7261 1947/2304/7262 1935/2305/7263 1977/2303/7264
f 1958/2306/7265 1948/2283/7266 1936/2282/7267 1937/2307/7268
f 1949/2286/7269 1948/2283/7270 1958/2306/7271 1959/2308/7272
f 1950/2288/7273 1949/2286/7274 1959/2308/7275 1960/2309/7276
f 1951/2290/7277 1950/2288/7278 1960/2309/7279 1961/2310/7280
f 1952/2292/7281 1951/2290/7282 1961/2310/7283 1962/2311/7284
f 1963/2312/7285 1953/2294/7286 1952/2292/7287 1962/2311/7288
f 1964/2313/7289 1954/2296/7290 1953/2294/7291 1963/2312/7292
f 1965/2314/7293 1955/2298/7294 1954/2296/7295 1964/2313/7296
f 1966/2315/7297 1956/2300/7298 1955/2298/7299 1965/2314/7300
f 1957/2302/7301 1956/2300/7302 1966/2315/7303 1967/2316/7304
f 1946/2317/7305 1947/2304/7306 1957/2302/7307 1967/2316/7308
f 1969/2287/7309 1927/2318/7310 1926/2285/7311 1968/2284/7312
f 1969/2287/7313 1970/2289/7314 1928/2319/7315 1927/2318/7316
f 1970/2289/7317 1971/2291/7318 1929/2320/7319 1928/2319/7320
f 1971/2291/7321 1972/2293/7322 1930/2321/7323 1929/2320/7324
f 1972/2293/7325 1973/2295/7326 1931/2322/7327 1930/2321/7328
f 1973/2295/7329 1974/2297/7330 1932/2323/7331 1931/2322/7332
f 1974/2297/7333 1975/2299/7334 1933/2324/7335 1932/2323/7336
f 1975/2299/7337 1976/2301/7338 1934/2325/7339 1933/2324/7340
f 1976/2301/7341 1977/2303/7342 1935/2305/7343 1934/2325/7344
f 1959/2308/7345 1958/2306/7346 1937/2307/7347 1938/2326/7348
f 1960/2309/7349 1959/2308/7350 1938/2326/7351 1939/2327/7352
f 1961/2310/7353 1960/2309/7354 1939/2327/7355 1940/2328/7356
f 1962/2311/7357 1961/2310/7358 1940/2328/7359 1941/2329/7360
f 1963/2312/7361 1962/2311/7362 1941/2329/7363 1942/2330/7364
f 1964/2313/7365 1963/2312/7366 1942/2330/7367 1943/2331/7368
f 1965/2314/7369 1964/2313/7370 1943/2331/7371 1944/2332/7372
f 1966/2315/7373 1965/2314/7374 1944/2332/7375 1945/2333/7376
f 1966/2315/7377 1945/2333/7378 1946/2317/7379 1967/2316/7380
f 1926/2285/7381 1978/2240/7382 1988/2239/7383 1936/2282/7384
f 1927/2318/7385 1979/2242/7386 1978/2240/7387 1926/2285/7388
f 1928/2319/7389 1980/2244/7390 1979/2242/7391 1927/2318/7392
f 1929/2320/7393 1981/2246/7394 1980/2244/7395 1928/2319/7396
f 1930/2321/7397 1982/2248/7398 1981/2246/7399 1929/2320/7400
f 1983/2250/7401 1982/2248/7402 1930/2321/7403 1931/2322/7404
f 1984/2252/7405 1983/2250/7406 1931/2322/7407 1932/2323/7408
f 1985/2255/7409 1984/2252/7410 1932/2323/7411 1933/2324/7412
f 1986/2257/7413 1985/2255/7414 1933/2324/7415 1934/2325/7416
f 1987/2259/7417 1986/2257/7418 1934/2325/7419 1935/2305/7420
f 1999/2261/7421 1987/2259/7422 1935/2305/7423 1947/2304/7424
f 1988/2239/7425 1989/2263/7426 1937/2307/7427 1936/2282/7428
f 1989/2263/7429 1990/2265/7430 1938/2326/7431 1937/2307/7432
f 1990/2265/7433 1991/2267/7434 1939/2327/7435 1938/2326/7436
f 1991/2267/7437 1992/2269/7438 1940/2328/7439 1939/2327/7440
f 1992/2269/7441 1993/2271/7442 1941/2329/7443 1940/2328/7444
f 1941/2329/7445 1993/2271/7446 1994/2273/7447 1942/2330/7448
f 1942/2330/7449 1994/2273/7450 1995/2275/7451 1943/2331/7452
f 1943/2331/7453 1995/2275/7454 1996/2277/7455 1944/2332/7456
f 1944/2332/7457 1996/2277/7458 1997/2279/7459 1945/2333/7460
f 1945/2333/7461 1997/2279/7462 1998/2281/7463 1946/2317/7464
f 1946/2317/7465 1998/2281/7466 1999/2261/7467 1947/2304/7468
f 2001/2334/7469 2000/2335/7470 2033/2336/7471 2035/2337/7472
f 2002/2338/7473 2001/2334/7474 2035/2337/7475 2037/2339/7476
f 2015/2340/7477 2014/2341/7478 2034/2342/7479 2032/2343/7480
f 2004/2344/7481 2003/2345/7482 2036/2346/7483 2038/2347/7484
f 2000/2335/7485 2015/2340/7486 2032/2343/7487 2033/2336/7488
f 2003/2345/7489 2002/2338/7490 2037/2339/7491 2036/2346/7492
f 2014/2341/7493 2013/2348/7494 2039/2349/7495 2034/2342/7496
f 2005/2350/7497 2004/2344/7498 2038/2347/7499 2043/2351/7500
f 2010/2352/7501 2009/2353/7502 2044/2354/7503 2041/2355/7504
f 2009/2353/7505 2008/2356/7506 2046/2357/7507 2044/2354/7508
f 2012/2358/7509 2011/2359/7510 2040/2360/7511 2042/2361/7512
f 2007/2362/7513 2006/2363/7514 2047/2364/7515 2045/2365/7516
f 2011/2359/7517 2010/2352/7518 2041/2355/7519 2040/2360/7520
f 2008/2356/7521 2007/2362/7522 2045/2365/7523 2046/2357/7524
f 2013/2348/7525 2012/2358/7526 2042/2361/7527 2039/2349/7528
f 2006/2363/7529 2005/2350/7530 2043/2351/7531 2047/2364/7532
f 2000/2366/7533 2001/2367/7534 2017/2368/7535 2016/2369/7536
f 2001/2367/7537 2002/2370/7538 2018/2371/7539 2017/2368/7540
f 2002/2370/7541 2003/2372/7542 2019/2373/7543 2018/2371/7544
f 2003/2372/7545 2004/2374/7546 2020/2375/7547 2019/2373/7548
f 2004/2374/7549 2005/2376/7550 2021/2377/7551 2020/2375/7552
f 2005/2376/7553 2006/2378/7554 2022/2379/7555 2021/2377/7556
f 2006/2378/7557 2007/2380/7558 2023/2381/7559 2022/2379/7560
f 2007/2380/7561 2008/2382/7562 2024/2383/7563 2023/2381/7564
f 2008/2382/7565 2009/2384/7566 2025/2385/7567 2024/2383/7568
f 2009/2384/7569 2010/2386/7570 2026/2387/7571 2025/2385/7572
f 2010/2386/7573 2011/2388/7574 2027/2389/7575 2026/2387/7576
f 2011/2388/7577 2012/2390/7578 2028/2391/7579 2027/2389/7580
f 2012/2390/7581 2013/2392/7582 2029/2393/7583 2028/2391/7584
f 2013/2394/7585 2014/2395/7586 2030/2396/7587 2029/2397/7588
f 2014/2395/7589 2015/2398/7590 2031/2399/7591 2030/2396/7592
f 2015/2398/7593 2000/2366/7594 2016/2369/7595 2031/2399/7596
f 2069/2400/7597 2068/2401/7598 2035/2337/7599 2033/2336/7600
f 2034/2342/7601 2039/2349/7602 2051/2402/7603
f 2063/2403/7604 2062/2404/7605 2040/2360/7606 2041/2355/7607
f 2065/2405/7608 2064/2406/7609 2044/2354/7610 2046/2357/7611
f 2039/2349/7612 2042/2361/7613 2051/2402/7614
f 2048/2407/7615 2067/2408/7616 2036/2346/7617 2037/2339/7618
f 2067/2408/7619 2049/2409/7620 2038/2347/7621 2036/2346/7622
f 2038/2347/7623 2049/2409/7624 2043/2351/7625
f 2043/2351/7626 2049/2409/7627 2047/2364/7628
f 2049/2409/7629 2050/2410/7630 2045/2365/7631 2047/2364/7632
f 2066/2411/7633 2069/2400/7634 2033/2336/7635 2032/2343/7636
f 2064/2406/7637 2063/2403/7638 2041/2355/7639 2044/2354/7640
f 2068/2401/7641 2048/2407/7642 2037/2339/7643 2035/2337/7644
f 2062/2404/7645 2051/2402/7646 2042/2361/7647 2040/2360/7648
f 2050/2410/7649 2065/2405/7650 2046/2357/7651 2045/2365/7652
f 2051/2402/7653 2066/2411/7654 2032/2343/7655 2034/2342/7656
f 2056/2412/7657 2053/2413/7658 2062/2414/7659 2063/2415/7660
f 2053/2413/7661 2072/2416/7662 2051/2417/7663 2062/2414/7664
f 2057/2418/7665 2056/2412/7666 2063/2415/7667 2064/2419/7668
f 2058/2420/7669 2057/2418/7670 2064/2419/7671 2065/2421/7672
f 2054/2422/7673 2058/2420/7674 2065/2421/7675 2050/2423/7676
f 2071/2424/7677 2054/2422/7678 2050/2423/7679 2049/2425/7680
f 2072/2426/7681 2052/2427/7682 2066/2428/7683 2051/2429/7684
f 2052/2427/7685 2059/2430/7686 2069/2431/7687 2066/2428/7688
f 2072/2432/7689 2070/2433/7690 2052/2434/7691
f 2053/2435/7692 2070/2433/7693 2072/2432/7694
f 2055/2436/7695 2071/2424/7696 2049/2425/7697 2067/2437/7698
f 2061/2438/7699 2055/2436/7700 2067/2437/7701 2048/2439/7702
f 2060/2440/7703 2061/2438/7704 2048/2439/7705 2068/2441/7706
f 2059/2430/7707 2060/2440/7708 2068/2441/7709 2069/2431/7710
f 2070/2433/7711 2054/2442/7712 2071/2443/7713
f 2070/2433/7714 2071/2443/7715 2055/2444/7716
f 2070/2433/7717 2055/2444/7718 2061/2445/7719
f 2070/2433/7720 2060/2446/7721 2059/2447/7722
f 2070/2433/7723 2053/2435/7724 2056/2448/7725
f 2070/2433/7726 2057/2449/7727 2058/2450/7728
f 2070/2433/7729 2061/2445/7730 2060/2446/7731
f 2070/2433/7732 2059/2447/7733 2052/2434/7734
f 2070/2433/7735 2056/2448/7736 2057/2449/7737
f 2070/2433/7738 2058/2450/7739 2054/2442/7740
f 2090/2451/7741 2137/2452/7742 2138/2453/7743 2093/2454/7744
f 2090/2451/7745 2096/2455/7746 2139/2456/7747 2137/2452/7748
f 2096/2455/7749 2099/2457/7750 2140/2458/7751 2139/2456/7752
f 2099/2457/7753 2102/2459/7754 2141/2460/7755 2140/2458/7756
f 2102/2461/7757 2105/2462/7758 2142/2463/7759 2141/2464/7760
f 2105/2462/7761 2108/2465/7762 2143/2466/7763 2142/2463/7764
f 2108/2465/7765 2111/2467/7766 2144/2468/7767 2143/2466/7768
f 2111/2467/7769 2114/2469/7770 2145/2470/7771 2144/2468/7772
f 2114/2469/7773 2117/2471/7774 2146/2472/7775 2145/2470/7776
f 2117/2471/7777 2120/2473/7778 2147/2474/7779 2146/2472/7780
f 2120/2473/7781 2123/2475/7782 2148/2476/7783 2147/2474/7784
f 2123/2475/7785 2126/2477/7786 2149/2478/7787 2148/2476/7788
f 2126/2477/7789 2129/2479/7790 2150/2480/7791 2149/2478/7792
f 2129/2479/7793 2132/2481/7794 2151/2482/7795 2150/2480/7796
f 2132/2481/7797 2135/2483/7798 2152/2484/7799 2151/2482/7800
f 2135/2483/7801 2093/2454/7802 2138/2453/7803 2152/2484/7804
f 2092/2485/7805 2091/2486/7806 2187/2487/7807 2186/2488/7808
f 2090/2489/7809 2093/2490/7810 2171/2491/7811 2170/2492/7812
f 2091/2486/7813 2097/2493/7814 2188/2494/7815 2187/2487/7816
f 2096/2495/7817 2090/2489/7818 2170/2492/7819 2172/2496/7820
f 2097/2493/7821 2100/2497/7822 2189/2498/7823 2188/2494/7824
f 2099/2499/7825 2096/2495/7826 2172/2496/7827 2173/2500/7828
f 2100/2497/7829 2103/2501/7830 2190/2502/7831 2189/2498/7832
f 2102/2503/7833 2099/2499/7834 2173/2500/7835 2174/2504/7836
f 2103/2501/7837 2106/2505/7838 2191/2506/7839 2190/2502/7840
f 2105/2507/7841 2102/2508/7842 2174/2509/7843 2175/2510/7844
f 2106/2505/7845 2109/2511/7846 2192/2512/7847 2191/2506/7848
f 2108/2513/7849 2105/2507/7850 2175/2510/7851 2176/2514/7852
f 2109/2511/7853 2112/2515/7854 2193/2516/7855 2192/2512/7856
f 2111/2517/7857 2108/2513/7858 2176/2514/7859 2177/2518/7860
f 2112/2515/7861 2115/2519/7862 2194/2520/7863 2193/2516/7864
f 2114/2521/7865 2111/2517/7866 2177/2518/7867 2178/2522/7868
f 2115/2519/7869 2118/2523/7870 2195/2524/7871 2194/2520/7872
f 2117/2525/7873 2114/2521/7874 2178/2522/7875 2179/2526/7876
f 2118/2523/7877 2121/2527/7878 2196/2528/7879 2195/2524/7880
f 2120/2529/7881 2117/2525/7882 2179/2526/7883 2180/2530/7884
f 2121/2527/7885 2124/2531/7886 2197/2532/7887 2196/2528/7888
f 2123/2533/7889 2120/2529/7890 2180/2530/7891 2181/2534/7892
f 2124/2531/7893 2127/2535/7894 2198/2536/7895 2197/2532/7896
f 2126/2537/7897 2123/2533/7898 2181/2534/7899 2182/2538/7900
f 2127/2535/7901 2130/2539/7902 2199/2540/7903 2198/2536/7904
f 2129/2541/7905 2126/2537/7906 2182/2538/7907 2183/2542/7908
f 2130/2539/7909 2133/2543/7910 2200/2544/7911 2199/2540/7912
f 2132/2545/7913 2129/2541/7914 2183/2542/7915 2184/2546/7916
f 2133/2543/7917 2136/2547/7918 2201/2548/7919 2200/2544/7920
f 2135/2549/7921 2132/2545/7922 2184/2546/7923 2185/2550/7924
f 2136/2547/7925 2092/2485/7926 2186/2488/7927 2201/2548/7928
f 2093/2490/7929 2135/2549/7930 2185/2550/7931 2171/2491/7932
f 2138/2551/7933 2137/2552/7934 2202/2553/7935 2203/2554/7936
f 2137/2552/7937 2139/2555/7938 2204/2556/7939 2202/2553/7940
f 2139/2555/7941 2140/2557/7942 2205/2558/7943 2204/2556/7944
f 2140/2557/7945 2141/2559/7946 2206/2560/7947 2205/2558/7948
f 2141/2559/7949 2142/2561/7950 2207/2562/7951 2206/2560/7952
f 2142/2561/7953 2143/2563/7954 2208/2564/7955 2207/2562/7956
f 2143/2563/7957 2144/2565/7958 2209/2566/7959 2208/2564/7960
f 2144/2565/7961 2145/2567/7962 2210/2568/7963 2209/2566/7964
f 2145/2567/7965 2146/2569/7966 2211/2570/7967 2210/2568/7968
f 2146/2569/7969 2147/2571/7970 2212/2572/7971 2211/2570/7972
f 2147/2571/7973 2148/2573/7974 2213/2574/7975 2212/2572/7976
f 2148/2573/7977 2149/2575/7978 2214/2576/7979 2213/2574/7980
f 2149/2575/7981 2150/2577/7982 2215/2578/7983 2214/2576/7984
f 2150/2577/7985 2151/2579/7986 2216/2580/7987 2215/2578/7988
f 2216/2580/7989 2151/2579/7990 2152/2581/7991 2217/2582/7992
f 2152/2581/7993 2138/2551/7994 2203/2554/7995 2217/2582/7996
f 2154/2583/7997 2073/2584/7998 2074/2585/7999 2155/2586/8000
f 2155/2586/8001 2074/2585/8002 2075/2587/8003 2156/2588/8004
f 2156/2588/8005 2075/2587/8006 2076/2589/8007 2157/2590/8008
f 2157/2590/8009 2076/2589/8010 2077/2591/8011 2158/2592/8012
f 2158/2592/8013 2077/2591/8014 2078/2593/8015 2159/2594/8016
f 2159/2594/8017 2078/2593/8018 2079/2595/8019 2160/2596/8020
f 2160/2596/8021 2079/2595/8022 2080/2597/8023 2161/2598/8024
f 2161/2598/8025 2080/2597/8026 2081/2599/8027 2162/2600/8028
f 2162/2600/8029 2081/2599/8030 2082/2601/8031 2163/2602/8032
f 2163/2602/8033 2082/2601/8034 2083/2603/8035 2164/2604/8036
f 2164/2604/8037 2083/2603/8038 2084/2605/8039 2165/2606/8040
f 2165/2606/8041 2084/2605/8042 2085/2607/8043 2166/2608/8044
f 2166/2608/8045 2085/2607/8046 2086/2609/8047 2167/2610/8048
f 2167/2610/8049 2086/2609/8050 2087/2611/8051 2168/2612/8052
f 2168/2612/8053 2087/2611/8054 2088/2613/8055 2169/2614/8056
f 2169/2614/8057 2088/2613/8058 2073/2584/8059 2154/2583/8060
f 2153/2615/8061 2154/2583/8062 2155/2586/8063
f 2153/2615/8064 2155/2586/8065 2156/2588/8066
f 2153/2615/8067 2156/2588/8068 2157/2590/8069
f 2153/2615/8070 2157/2590/8071 2158/2592/8072
f 2153/2615/8073 2158/2592/8074 2159/2594/8075
f 2153/2615/8076 2159/2594/8077 2160/2596/8078
f 2153/2615/8079 2160/2596/8080 2161/2598/8081
f 2153/2615/8082 2161/2598/8083 2162/2600/8084
f 2153/2615/8085 2162/2600/8086 2163/2602/8087
f 2153/2615/8088 2163/2602/8089 2164/2604/8090
f 2153/2615/8091 2164/2604/8092 2165/2606/8093
f 2153/2615/8094 2165/2606/8095 2166/2608/8096
f 2153/2615/8097 2166/2608/8098 2167/2610/8099
f 2153/2615/8100 2167/2610/8101 2168/2612/8102
f 2153/2615/8103 2168/2612/8104 2169/2614/8105
f 2153/2615/8106 2169/2614/8107 2154/2583/8108
f 2089/2616/8109 2170/2492/8110 2171/2491/8111 2094/2617/8112
f 2095/2618/8113 2172/2496/8114 2170/2492/8115 2089/2616/8116
f 2098/2619/8117 2173/2500/8118 2172/2496/8119 2095/2618/8120
f 2101/2620/8121 2174/2504/8122 2173/2500/8123 2098/2619/8124
f 2104/2621/8125 2175/2510/8126 2174/2509/8127 2101/2622/8128
f 2107/2623/8129 2176/2514/8130 2175/2510/8131 2104/2621/8132
f 2110/2624/8133 2177/2518/8134 2176/2514/8135 2107/2623/8136
f 2113/2625/8137 2178/2522/8138 2177/2518/8139 2110/2624/8140
f 2116/2626/8141 2179/2526/8142 2178/2522/8143 2113/2625/8144
f 2119/2627/8145 2180/2530/8146 2179/2526/8147 2116/2626/8148
f 2122/2628/8149 2181/2534/8150 2180/2530/8151 2119/2627/8152
f 2125/2629/8153 2182/2538/8154 2181/2534/8155 2122/2628/8156
f 2128/2630/8157 2183/2542/8158 2182/2538/8159 2125/2629/8160
f 2131/2631/8161 2184/2546/8162 2183/2542/8163 2128/2630/8164
f 2134/2632/8165 2185/2550/8166 2184/2546/8167 2131/2631/8168
f 2094/2617/8169 2171/2491/8170 2185/2550/8171 2134/2632/8172
f 2186/2488/8173 2187/2487/8174 2074/2585/8175 2073/2584/8176
f 2187/2487/8177 2188/2494/8178 2075/2587/8179 2074/2585/8180
f 2188/2494/8181 2189/2498/8182 2076/2589/8183 2075/2587/8184
f 2189/2498/8185 2190/2502/8186 2077/2591/8187 2076/2589/8188
f 2190/2502/8189 2191/2506/8190 2078/2593/8191 2077/2591/8192
f 2191/2506/8193 2192/2512/8194 2079/2595/8195 2078/2593/8196
f 2192/2512/8197 2193/2516/8198 2080/2597/8199 2079/2595/8200
f 2193/2516/8201 2194/2520/8202 2081/2599/8203 2080/2597/8204
f 2194/2520/8205 2195/2524/8206 2082/2601/8207 2081/2599/8208
f 2195/2524/8209 2196/2528/8210 2083/2603/8211 2082/2601/8212
f 2196/2528/8213 2197/2532/8214 2084/2605/8215 2083/2603/8216
f 2197/2532/8217 2198/2536/8218 2085/2607/8219 2084/2605/8220
f 2198/2536/8221 2199/2540/8222 2086/2609/8223 2085/2607/8224
f 2199/2540/8225 2200/2544/8226 2087/2611/8227 2086/2609/8228
f 2200/2544/8229 2201/2548/8230 2088/2613/8231 2087/2611/8232
f 2201/2548/8233 2186/2488/8234 2073/2584/8235 2088/2613/8236
f 2203/2554/8237 2202/2553/8238 2091/2486/8239 2092/2485/8240
f 2202/2553/8241 2204/2556/8242 2097/2493/8243 2091/2486/8244
f 2204/2556/8245 2205/2558/8246 2100/2497/8247 2097/2493/8248
f 2205/2558/8249 2206/2560/8250 2103/2501/8251 2100/2497/8252
f 2206/2560/8253 2207/2562/8254 2106/2505/8255 2103/2501/8256
f 2207/2562/8257 2208/2564/8258 2109/2511/8259 2106/2505/8260
f 2208/2564/8261 2209/2566/8262 2112/2515/8263 2109/2511/8264
f 2209/2566/8265 2210/2568/8266 2115/2519/8267 2112/2515/8268
f 2210/2568/8269 2211/2570/8270 2118/2523/8271 2115/2519/8272
f 2211/2570/8273 2212/2572/8274 2121/2527/8275 2118/2523/8276
f 2212/2572/8277 2213/2574/8278 2124/2531/8279 2121/2527/8280
f 2213/2574/8281 2214/2576/8282 2127/2535/8283 2124/2531/8284
f 2214/2576/8285 2215/2578/8286 2130/2539/8287 2127/2535/8288
f 2215/2578/8289 2216/2580/8290 2133/2543/8291 2130/2539/8292
f 2216/2580/8293 2217/2582/8294 2136/2547/8295 2133/2543/8296
f 2217/2582/8297 2203/2554/8298 2092/2485/8299 2136/2547/8300
