# 3ds Max Wavefront OBJ Exporter v0.97b - (c)2007 guruware
# File Created: 30.06.2022 18:19:02

mtllib YVR_d1_left_body.mtl

#
# object Object001
#

v  -0.0118 -0.0267 -0.0225
v  -0.0146 -0.0250 -0.0229
v  -0.0140 -0.0246 -0.0263
v  -0.0112 -0.0263 -0.0255
v  0.0024 -0.0266 -0.0414
v  0.0024 -0.0280 -0.0387
v  -0.0019 -0.0277 -0.0382
v  -0.0023 -0.0263 -0.0412
v  -0.0098 -0.0263 -0.0286
v  -0.0125 -0.0249 -0.0301
v  -0.0100 -0.0258 -0.0339
v  -0.0076 -0.0268 -0.0315
v  -0.0194 -0.0178 -0.0197
v  -0.0196 -0.0186 -0.0242
v  -0.0169 -0.0216 -0.0237
v  -0.0171 -0.0216 -0.0197
v  -0.0191 -0.0201 -0.0330
v  -0.0151 -0.0227 -0.0321
v  -0.0164 -0.0219 -0.0276
v  -0.0195 -0.0193 -0.0285
v  -0.0178 -0.0208 -0.0395
v  -0.0123 -0.0236 -0.0393
v  -0.0010 -0.0283 -0.0356
v  0.0024 -0.0286 -0.0362
v  -0.0062 -0.0269 -0.0365
v  -0.0047 -0.0276 -0.0339
v  -0.0071 -0.0253 -0.0405
v  -0.0147 -0.0255 -0.0197
v  -0.0214 -0.0142 -0.0197
v  -0.0221 -0.0156 -0.0246
v  -0.0225 -0.0167 -0.0290
v  -0.0225 -0.0176 -0.0334
v  -0.0220 -0.0182 -0.0395
v  -0.0236 -0.0106 -0.0197
v  -0.0246 -0.0125 -0.0247
v  -0.0253 -0.0138 -0.0291
v  -0.0257 -0.0148 -0.0335
v  -0.0256 -0.0153 -0.0394
v  -0.0123 -0.0227 -0.0451
v  -0.0169 -0.0208 -0.0451
v  -0.0075 -0.0241 -0.0451
v  -0.0026 -0.0249 -0.0451
v  0.0024 -0.0252 -0.0451
v  -0.0251 -0.0151 -0.0451
v  -0.0212 -0.0182 -0.0451
v  -0.0120 -0.0276 -0.0197
v  -0.0021 0.0607 -0.0329
v  0.0024 0.0610 -0.0329
v  0.0024 0.0613 -0.0267
v  -0.0020 0.0610 -0.0267
v  -0.0065 0.0600 -0.0329
v  -0.0064 0.0603 -0.0267
v  -0.0065 0.0588 -0.0388
v  -0.0021 0.0595 -0.0389
v  0.0024 0.0598 -0.0389
v  -0.0109 0.0588 -0.0329
v  -0.0107 0.0576 -0.0388
v  -0.0107 0.0591 -0.0267
v  -0.0148 0.0574 -0.0267
v  -0.0150 0.0571 -0.0328
v  -0.0148 0.0560 -0.0388
v  -0.0189 0.0549 -0.0328
v  -0.0187 0.0539 -0.0388
v  -0.0186 0.0552 -0.0267
v  -0.0222 0.0527 -0.0267
v  -0.0226 0.0523 -0.0328
v  -0.0224 0.0514 -0.0388
v  -0.0259 0.0494 -0.0328
v  -0.0257 0.0485 -0.0388
v  -0.0255 0.0497 -0.0267
v  -0.0284 0.0464 -0.0267
v  -0.0289 0.0461 -0.0328
v  -0.0287 0.0453 -0.0388
v  -0.0315 0.0424 -0.0327
v  -0.0314 0.0417 -0.0388
v  -0.0309 0.0427 -0.0266
v  -0.0330 0.0389 -0.0266
v  -0.0337 0.0385 -0.0327
v  -0.0336 0.0379 -0.0388
v  -0.0354 0.0344 -0.0327
v  -0.0354 0.0338 -0.0387
v  -0.0346 0.0348 -0.0266
v  -0.0357 0.0305 -0.0265
v  -0.0366 0.0301 -0.0326
v  -0.0367 0.0295 -0.0387
v  -0.0374 0.0257 -0.0326
v  -0.0375 0.0251 -0.0387
v  -0.0363 0.0262 -0.0265
v  -0.0365 0.0218 -0.0264
v  -0.0376 0.0212 -0.0325
v  -0.0379 0.0206 -0.0386
v  -0.0374 0.0167 -0.0324
v  -0.0377 0.0161 -0.0386
v  -0.0361 0.0175 -0.0263
v  -0.0353 0.0132 -0.0261
v  -0.0367 0.0122 -0.0323
v  -0.0371 0.0116 -0.0385
v  -0.0354 0.0078 -0.0321
v  -0.0360 0.0071 -0.0384
v  -0.0341 0.0090 -0.0260
v  -0.0324 0.0049 -0.0258
v  -0.0337 0.0036 -0.0320
v  -0.0343 0.0028 -0.0384
v  -0.0315 -0.0004 -0.0319
v  -0.0322 -0.0013 -0.0383
v  -0.0302 0.0012 -0.0257
v  -0.0276 -0.0024 -0.0256
v  -0.0289 -0.0042 -0.0318
v  -0.0296 -0.0052 -0.0383
v  -0.0260 -0.0077 -0.0318
v  -0.0266 -0.0088 -0.0382
v  -0.0247 -0.0057 -0.0256
v  -0.0216 -0.0087 -0.0255
v  -0.0227 -0.0109 -0.0317
v  -0.0232 -0.0121 -0.0382
v  -0.0191 -0.0137 -0.0317
v  -0.0196 -0.0149 -0.0382
v  -0.0182 -0.0114 -0.0255
v  -0.0153 -0.0160 -0.0316
v  -0.0156 -0.0173 -0.0382
v  -0.0113 -0.0192 -0.0381
v  -0.0064 0.0572 -0.0447
v  -0.0020 0.0579 -0.0447
v  0.0024 0.0581 -0.0447
v  -0.0147 0.0544 -0.0447
v  -0.0106 0.0560 -0.0447
v  -0.0222 0.0498 -0.0448
v  -0.0185 0.0523 -0.0447
v  -0.0285 0.0438 -0.0448
v  -0.0255 0.0470 -0.0448
v  -0.0333 0.0365 -0.0448
v  -0.0311 0.0403 -0.0448
v  -0.0364 0.0282 -0.0449
v  -0.0351 0.0325 -0.0448
v  -0.0376 0.0195 -0.0449
v  -0.0372 0.0239 -0.0449
v  -0.0368 0.0105 -0.0448
v  -0.0375 0.0150 -0.0448
v  -0.0341 0.0018 -0.0448
v  -0.0357 0.0061 -0.0448
v  -0.0294 -0.0061 -0.0448
v  -0.0320 -0.0023 -0.0448
v  -0.0231 -0.0129 -0.0448
v  -0.0264 -0.0097 -0.0448
v  -0.0155 -0.0181 -0.0448
v  -0.0194 -0.0158 -0.0448
v  -0.0068 -0.0212 -0.0448
v  -0.0112 -0.0199 -0.0448
v  -0.0068 -0.0204 -0.0381
v  -0.0022 -0.0220 -0.0448
v  -0.0023 -0.0212 -0.0381
v  0.0024 -0.0214 -0.0381
v  0.0024 -0.0222 -0.0448
v  -0.0019 0.0610 -0.0205
v  0.0024 0.0612 -0.0205
v  -0.0061 0.0603 -0.0205
v  -0.0102 0.0591 -0.0205
v  -0.0141 0.0575 -0.0205
v  -0.0178 0.0554 -0.0205
v  -0.0213 0.0530 -0.0205
v  -0.0244 0.0501 -0.0205
v  -0.0272 0.0469 -0.0205
v  -0.0296 0.0435 -0.0205
v  -0.0316 0.0397 -0.0205
v  -0.0331 0.0358 -0.0205
v  -0.0342 0.0318 -0.0204
v  -0.0348 0.0276 -0.0204
v  -0.0349 0.0234 -0.0203
v  -0.0346 0.0192 -0.0202
v  -0.0338 0.0151 -0.0201
v  -0.0326 0.0111 -0.0200
v  -0.0309 0.0073 -0.0199
v  -0.0288 0.0037 -0.0198
v  -0.0263 0.0003 -0.0197
v  -0.0236 -0.0029 -0.0197
v  -0.0206 -0.0058 -0.0196
v  -0.0173 -0.0083 -0.0196
v  -0.0026 0.0662 -0.0329
v  -0.0026 0.0643 -0.0393
v  -0.0075 0.0635 -0.0393
v  -0.0076 0.0654 -0.0329
v  -0.0025 0.0664 -0.0285
v  -0.0074 0.0655 -0.0285
v  0.0024 0.0666 -0.0286
v  0.0024 0.0665 -0.0329
v  0.0024 0.0646 -0.0393
v  -0.0125 0.0639 -0.0328
v  -0.0123 0.0621 -0.0392
v  -0.0169 0.0602 -0.0391
v  -0.0173 0.0619 -0.0328
v  -0.0123 0.0641 -0.0285
v  -0.0170 0.0621 -0.0285
v  -0.0217 0.0595 -0.0327
v  -0.0213 0.0578 -0.0390
v  -0.0253 0.0550 -0.0390
v  -0.0258 0.0566 -0.0326
v  -0.0213 0.0596 -0.0284
v  -0.0253 0.0568 -0.0284
v  -0.0294 0.0533 -0.0325
v  -0.0291 0.0517 -0.0389
v  -0.0324 0.0480 -0.0388
v  -0.0328 0.0496 -0.0324
v  -0.0288 0.0537 -0.0283
v  -0.0321 0.0501 -0.0283
v  -0.0358 0.0453 -0.0324
v  -0.0354 0.0440 -0.0387
v  -0.0378 0.0397 -0.0386
v  -0.0385 0.0408 -0.0323
v  -0.0351 0.0458 -0.0282
v  -0.0378 0.0413 -0.0282
v  -0.0404 0.0362 -0.0322
v  -0.0398 0.0351 -0.0386
v  -0.0412 0.0304 -0.0385
v  -0.0417 0.0315 -0.0321
v  -0.0396 0.0368 -0.0280
v  -0.0408 0.0322 -0.0280
v  -0.0425 0.0266 -0.0321
v  -0.0421 0.0255 -0.0385
v  -0.0425 0.0205 -0.0386
v  -0.0428 0.0216 -0.0321
v  -0.0416 0.0274 -0.0280
v  -0.0418 0.0225 -0.0280
v  -0.0426 0.0166 -0.0321
v  -0.0423 0.0155 -0.0386
v  -0.0415 0.0105 -0.0386
v  -0.0418 0.0116 -0.0322
v  -0.0417 0.0176 -0.0280
v  -0.0409 0.0128 -0.0279
v  -0.0404 0.0067 -0.0323
v  -0.0402 0.0056 -0.0387
v  -0.0383 0.0009 -0.0388
v  -0.0384 0.0019 -0.0325
v  -0.0395 0.0080 -0.0280
v  -0.0376 0.0032 -0.0282
v  -0.0334 0.0001 -0.0241
v  -0.0359 0.0047 -0.0239
v  -0.0350 -0.0014 -0.0284
v  -0.0304 -0.0045 -0.0243
v  -0.0319 -0.0059 -0.0287
v  -0.0286 -0.0028 -0.0198
v  -0.0314 0.0018 -0.0197
v  -0.0337 0.0064 -0.0197
v  -0.0290 -0.0115 -0.0333
v  -0.0293 -0.0120 -0.0394
v  -0.0283 -0.0105 -0.0290
v  -0.0327 -0.0071 -0.0330
v  -0.0328 -0.0079 -0.0391
v  -0.0023 0.0654 -0.0242
v  -0.0070 0.0646 -0.0241
v  -0.0064 0.0631 -0.0197
v  -0.0020 0.0638 -0.0197
v  0.0024 0.0640 -0.0197
v  0.0024 0.0656 -0.0242
v  0.0024 0.0613 -0.0456
v  -0.0024 0.0611 -0.0456
v  -0.0071 0.0603 -0.0456
v  -0.0116 0.0632 -0.0241
v  -0.0161 0.0614 -0.0241
v  -0.0148 0.0602 -0.0197
v  -0.0107 0.0619 -0.0197
v  -0.0116 0.0590 -0.0456
v  -0.0161 0.0573 -0.0455
v  -0.0202 0.0591 -0.0241
v  -0.0240 0.0564 -0.0241
v  -0.0223 0.0557 -0.0197
v  -0.0187 0.0582 -0.0197
v  -0.0202 0.0551 -0.0455
v  -0.0241 0.0524 -0.0455
v  -0.0274 0.0534 -0.0241
v  -0.0306 0.0500 -0.0240
v  -0.0287 0.0496 -0.0197
v  -0.0257 0.0528 -0.0197
v  -0.0277 0.0494 -0.0455
v  -0.0310 0.0459 -0.0455
v  -0.0335 0.0460 -0.0240
v  -0.0360 0.0417 -0.0240
v  -0.0335 0.0422 -0.0197
v  -0.0313 0.0461 -0.0197
v  -0.0338 0.0421 -0.0454
v  -0.0362 0.0381 -0.0454
v  -0.0378 0.0373 -0.0239
v  -0.0390 0.0328 -0.0238
v  -0.0367 0.0332 -0.0197
v  -0.0354 0.0378 -0.0197
v  -0.0381 0.0337 -0.0454
v  -0.0395 0.0292 -0.0454
v  -0.0398 0.0280 -0.0238
v  -0.0400 0.0233 -0.0239
v  -0.0377 0.0240 -0.0197
v  -0.0375 0.0286 -0.0197
v  -0.0404 0.0245 -0.0454
v  -0.0408 0.0198 -0.0453
v  -0.0398 0.0186 -0.0238
v  -0.0391 0.0140 -0.0238
v  -0.0368 0.0153 -0.0197
v  -0.0375 0.0196 -0.0197
v  -0.0407 0.0149 -0.0453
v  -0.0400 0.0101 -0.0452
v  -0.0378 0.0094 -0.0238
v  -0.0355 0.0109 -0.0196
v  -0.0388 0.0053 -0.0452
v  -0.0370 0.0007 -0.0451
v  -0.0347 -0.0037 -0.0451
v  -0.0358 -0.0036 -0.0390
v  -0.0319 -0.0078 -0.0451
v  -0.0270 -0.0092 -0.0244
v  -0.0255 -0.0076 -0.0198
v  -0.0287 -0.0117 -0.0451
v  -0.0022 0.0599 -0.0461
v  -0.0068 0.0591 -0.0461
v  0.0024 0.0601 -0.0461
v  -0.0112 0.0579 -0.0461
v  -0.0155 0.0562 -0.0460
v  -0.0196 0.0540 -0.0460
v  -0.0234 0.0514 -0.0460
v  -0.0268 0.0485 -0.0460
v  -0.0300 0.0451 -0.0460
v  -0.0327 0.0414 -0.0460
v  -0.0350 0.0375 -0.0460
v  -0.0369 0.0333 -0.0460
v  -0.0383 0.0289 -0.0460
v  -0.0392 0.0243 -0.0460
v  -0.0396 0.0197 -0.0460
v  -0.0394 0.0150 -0.0460
v  -0.0388 0.0103 -0.0459
v  -0.0376 0.0057 -0.0459
v  -0.0359 0.0012 -0.0459
v  -0.0336 -0.0031 -0.0458
v  -0.0309 -0.0071 -0.0458
v  -0.0278 -0.0108 -0.0458
v  -0.0243 -0.0142 -0.0458
v  -0.0205 -0.0172 -0.0458
v  -0.0164 -0.0197 -0.0459
v  -0.0119 -0.0216 -0.0459
v  -0.0072 -0.0229 -0.0459
v  -0.0025 -0.0237 -0.0459
v  0.0024 -0.0239 -0.0459
v  -0.0359 -0.0026 -0.0327
v  0.0159 -0.0263 -0.0255
v  0.0188 -0.0246 -0.0263
v  0.0193 -0.0250 -0.0229
v  0.0166 -0.0267 -0.0225
v  0.0071 -0.0263 -0.0412
v  0.0067 -0.0277 -0.0382
v  0.0173 -0.0249 -0.0301
v  0.0146 -0.0263 -0.0286
v  0.0124 -0.0268 -0.0315
v  0.0147 -0.0258 -0.0339
v  0.0217 -0.0216 -0.0237
v  0.0244 -0.0186 -0.0242
v  0.0242 -0.0178 -0.0197
v  0.0218 -0.0216 -0.0197
v  0.0243 -0.0193 -0.0285
v  0.0212 -0.0219 -0.0276
v  0.0199 -0.0227 -0.0321
v  0.0239 -0.0201 -0.0330
v  0.0171 -0.0236 -0.0393
v  0.0226 -0.0208 -0.0395
v  0.0058 -0.0283 -0.0356
v  0.0095 -0.0276 -0.0339
v  0.0110 -0.0269 -0.0365
v  0.0119 -0.0253 -0.0405
v  0.0195 -0.0255 -0.0197
v  0.0269 -0.0157 -0.0246
v  0.0262 -0.0142 -0.0197
v  0.0272 -0.0167 -0.0290
v  0.0273 -0.0176 -0.0334
v  0.0268 -0.0182 -0.0395
v  0.0292 -0.0127 -0.0247
v  0.0281 -0.0111 -0.0197
v  0.0304 -0.0148 -0.0335
v  0.0300 -0.0139 -0.0291
v  0.0304 -0.0153 -0.0394
v  0.0171 -0.0227 -0.0451
v  0.0217 -0.0208 -0.0451
v  0.0123 -0.0241 -0.0451
v  0.0074 -0.0249 -0.0451
v  0.0299 -0.0151 -0.0451
v  0.0260 -0.0182 -0.0451
v  0.0168 -0.0276 -0.0197
v  0.0069 0.0607 -0.0329
v  0.0068 0.0610 -0.0267
v  0.0113 0.0600 -0.0329
v  0.0112 0.0603 -0.0267
v  0.0069 0.0595 -0.0389
v  0.0112 0.0588 -0.0388
v  0.0156 0.0588 -0.0329
v  0.0155 0.0576 -0.0388
v  0.0155 0.0591 -0.0267
v  0.0198 0.0571 -0.0328
v  0.0195 0.0574 -0.0267
v  0.0196 0.0560 -0.0388
v  0.0237 0.0549 -0.0328
v  0.0235 0.0539 -0.0388
v  0.0234 0.0552 -0.0267
v  0.0274 0.0523 -0.0328
v  0.0270 0.0527 -0.0267
v  0.0272 0.0514 -0.0388
v  0.0307 0.0494 -0.0328
v  0.0305 0.0485 -0.0388
v  0.0303 0.0497 -0.0267
v  0.0337 0.0461 -0.0328
v  0.0332 0.0464 -0.0267
v  0.0335 0.0453 -0.0388
v  0.0363 0.0424 -0.0327
v  0.0362 0.0417 -0.0388
v  0.0357 0.0427 -0.0266
v  0.0385 0.0385 -0.0327
v  0.0377 0.0389 -0.0266
v  0.0384 0.0379 -0.0388
v  0.0402 0.0344 -0.0327
v  0.0402 0.0338 -0.0387
v  0.0393 0.0348 -0.0266
v  0.0414 0.0301 -0.0326
v  0.0405 0.0305 -0.0265
v  0.0415 0.0295 -0.0387
v  0.0422 0.0257 -0.0326
v  0.0423 0.0251 -0.0387
v  0.0411 0.0262 -0.0265
v  0.0424 0.0212 -0.0325
v  0.0412 0.0218 -0.0264
v  0.0427 0.0206 -0.0386
v  0.0422 0.0167 -0.0324
v  0.0425 0.0161 -0.0386
v  0.0409 0.0175 -0.0263
v  0.0414 0.0122 -0.0323
v  0.0401 0.0132 -0.0261
v  0.0419 0.0116 -0.0385
v  0.0402 0.0078 -0.0321
v  0.0408 0.0071 -0.0384
v  0.0389 0.0090 -0.0260
v  0.0385 0.0036 -0.0320
v  0.0371 0.0049 -0.0258
v  0.0391 0.0028 -0.0384
v  0.0363 -0.0004 -0.0319
v  0.0369 -0.0013 -0.0383
v  0.0350 0.0012 -0.0257
v  0.0337 -0.0042 -0.0318
v  0.0324 -0.0024 -0.0256
v  0.0344 -0.0052 -0.0383
v  0.0308 -0.0077 -0.0318
v  0.0314 -0.0088 -0.0382
v  0.0295 -0.0057 -0.0256
v  0.0275 -0.0109 -0.0317
v  0.0264 -0.0087 -0.0255
v  0.0280 -0.0121 -0.0382
v  0.0239 -0.0137 -0.0317
v  0.0244 -0.0149 -0.0382
v  0.0230 -0.0114 -0.0255
v  0.0201 -0.0160 -0.0316
v  0.0204 -0.0173 -0.0382
v  0.0161 -0.0192 -0.0381
v  0.0068 0.0579 -0.0447
v  0.0112 0.0572 -0.0447
v  0.0154 0.0560 -0.0447
v  0.0195 0.0544 -0.0447
v  0.0233 0.0523 -0.0447
v  0.0269 0.0498 -0.0448
v  0.0303 0.0470 -0.0448
v  0.0333 0.0438 -0.0448
v  0.0359 0.0403 -0.0448
v  0.0381 0.0365 -0.0448
v  0.0399 0.0325 -0.0448
v  0.0412 0.0282 -0.0449
v  0.0420 0.0239 -0.0449
v  0.0424 0.0195 -0.0449
v  0.0423 0.0150 -0.0448
v  0.0416 0.0105 -0.0448
v  0.0405 0.0061 -0.0448
v  0.0389 0.0018 -0.0448
v  0.0368 -0.0023 -0.0448
v  0.0342 -0.0061 -0.0448
v  0.0312 -0.0097 -0.0448
v  0.0279 -0.0129 -0.0448
v  0.0242 -0.0158 -0.0448
v  0.0203 -0.0181 -0.0448
v  0.0160 -0.0199 -0.0448
v  0.0116 -0.0212 -0.0448
v  0.0116 -0.0204 -0.0381
v  0.0071 -0.0212 -0.0381
v  0.0070 -0.0220 -0.0448
v  0.0067 0.0610 -0.0205
v  0.0109 0.0603 -0.0205
v  0.0150 0.0591 -0.0205
v  0.0189 0.0575 -0.0205
v  0.0226 0.0554 -0.0205
v  0.0260 0.0530 -0.0205
v  0.0292 0.0501 -0.0205
v  0.0320 0.0469 -0.0205
v  0.0344 0.0435 -0.0205
v  0.0364 0.0397 -0.0205
v  0.0379 0.0358 -0.0205
v  0.0390 0.0318 -0.0204
v  0.0396 0.0276 -0.0204
v  0.0397 0.0234 -0.0203
v  0.0394 0.0192 -0.0202
v  0.0386 0.0151 -0.0201
v  0.0374 0.0111 -0.0200
v  0.0357 0.0073 -0.0199
v  0.0336 0.0037 -0.0198
v  0.0311 0.0003 -0.0197
v  0.0284 -0.0029 -0.0197
v  0.0254 -0.0058 -0.0196
v  0.0221 -0.0083 -0.0196
v  0.0074 0.0662 -0.0329
v  0.0124 0.0654 -0.0329
v  0.0123 0.0635 -0.0393
v  0.0074 0.0643 -0.0393
v  0.0073 0.0664 -0.0285
v  0.0122 0.0655 -0.0285
v  0.0173 0.0639 -0.0328
v  0.0221 0.0619 -0.0328
v  0.0217 0.0602 -0.0391
v  0.0171 0.0621 -0.0392
v  0.0171 0.0641 -0.0285
v  0.0218 0.0621 -0.0285
v  0.0265 0.0595 -0.0327
v  0.0305 0.0566 -0.0326
v  0.0301 0.0550 -0.0390
v  0.0260 0.0578 -0.0390
v  0.0261 0.0596 -0.0284
v  0.0301 0.0568 -0.0284
v  0.0342 0.0533 -0.0325
v  0.0376 0.0496 -0.0324
v  0.0372 0.0480 -0.0388
v  0.0338 0.0517 -0.0389
v  0.0336 0.0537 -0.0283
v  0.0368 0.0501 -0.0283
v  0.0406 0.0453 -0.0324
v  0.0432 0.0408 -0.0323
v  0.0426 0.0397 -0.0386
v  0.0401 0.0440 -0.0387
v  0.0399 0.0458 -0.0282
v  0.0426 0.0413 -0.0282
v  0.0452 0.0362 -0.0322
v  0.0465 0.0315 -0.0321
v  0.0460 0.0304 -0.0385
v  0.0446 0.0351 -0.0386
v  0.0444 0.0368 -0.0280
v  0.0456 0.0322 -0.0280
v  0.0473 0.0266 -0.0321
v  0.0476 0.0216 -0.0321
v  0.0473 0.0205 -0.0386
v  0.0469 0.0255 -0.0385
v  0.0464 0.0274 -0.0280
v  0.0466 0.0225 -0.0280
v  0.0474 0.0166 -0.0321
v  0.0466 0.0116 -0.0322
v  0.0463 0.0105 -0.0386
v  0.0471 0.0155 -0.0386
v  0.0464 0.0176 -0.0280
v  0.0457 0.0128 -0.0279
v  0.0452 0.0067 -0.0323
v  0.0432 0.0019 -0.0325
v  0.0431 0.0009 -0.0388
v  0.0450 0.0056 -0.0387
v  0.0443 0.0080 -0.0280
v  0.0424 0.0032 -0.0282
v  0.0398 -0.0014 -0.0284
v  0.0407 0.0047 -0.0239
v  0.0382 0.0001 -0.0241
v  0.0367 -0.0059 -0.0287
v  0.0352 -0.0045 -0.0243
v  0.0362 0.0018 -0.0197
v  0.0334 -0.0028 -0.0198
v  0.0385 0.0064 -0.0197
v  0.0338 -0.0115 -0.0333
v  0.0375 -0.0071 -0.0330
v  0.0331 -0.0105 -0.0290
v  0.0340 -0.0120 -0.0394
v  0.0376 -0.0079 -0.0391
v  0.0071 0.0654 -0.0242
v  0.0117 0.0646 -0.0241
v  0.0068 0.0638 -0.0197
v  0.0112 0.0631 -0.0197
v  0.0072 0.0611 -0.0456
v  0.0119 0.0603 -0.0456
v  0.0164 0.0632 -0.0241
v  0.0209 0.0614 -0.0241
v  0.0155 0.0619 -0.0197
v  0.0196 0.0602 -0.0197
v  0.0164 0.0590 -0.0456
v  0.0208 0.0573 -0.0455
v  0.0250 0.0591 -0.0241
v  0.0288 0.0564 -0.0241
v  0.0235 0.0582 -0.0197
v  0.0271 0.0557 -0.0197
v  0.0250 0.0551 -0.0455
v  0.0289 0.0524 -0.0455
v  0.0322 0.0534 -0.0241
v  0.0354 0.0500 -0.0240
v  0.0305 0.0528 -0.0197
v  0.0335 0.0496 -0.0197
v  0.0325 0.0494 -0.0455
v  0.0358 0.0459 -0.0455
v  0.0383 0.0460 -0.0240
v  0.0408 0.0417 -0.0240
v  0.0361 0.0461 -0.0197
v  0.0383 0.0422 -0.0197
v  0.0386 0.0421 -0.0454
v  0.0410 0.0381 -0.0454
v  0.0426 0.0373 -0.0239
v  0.0438 0.0328 -0.0238
v  0.0402 0.0378 -0.0197
v  0.0415 0.0332 -0.0197
v  0.0429 0.0337 -0.0454
v  0.0443 0.0292 -0.0454
v  0.0446 0.0280 -0.0238
v  0.0448 0.0233 -0.0239
v  0.0422 0.0286 -0.0197
v  0.0425 0.0240 -0.0197
v  0.0452 0.0245 -0.0454
v  0.0456 0.0198 -0.0453
v  0.0446 0.0186 -0.0238
v  0.0439 0.0140 -0.0238
v  0.0423 0.0196 -0.0197
v  0.0416 0.0153 -0.0197
v  0.0455 0.0149 -0.0453
v  0.0448 0.0101 -0.0452
v  0.0426 0.0094 -0.0238
v  0.0403 0.0109 -0.0196
v  0.0436 0.0053 -0.0452
v  0.0418 0.0007 -0.0451
v  0.0406 -0.0036 -0.0390
v  0.0395 -0.0037 -0.0451
v  0.0367 -0.0078 -0.0451
v  0.0303 -0.0076 -0.0198
v  0.0318 -0.0092 -0.0244
v  0.0335 -0.0117 -0.0451
v  0.0070 0.0599 -0.0461
v  0.0116 0.0591 -0.0461
v  0.0203 0.0562 -0.0460
v  0.0160 0.0579 -0.0461
v  0.0282 0.0514 -0.0460
v  0.0244 0.0540 -0.0460
v  0.0348 0.0451 -0.0460
v  0.0316 0.0485 -0.0460
v  0.0398 0.0375 -0.0460
v  0.0375 0.0414 -0.0460
v  0.0431 0.0289 -0.0460
v  0.0417 0.0333 -0.0460
v  0.0443 0.0197 -0.0460
v  0.0440 0.0243 -0.0460
v  0.0436 0.0103 -0.0459
v  0.0442 0.0150 -0.0460
v  0.0407 0.0012 -0.0459
v  0.0424 0.0057 -0.0459
v  0.0357 -0.0071 -0.0458
v  0.0384 -0.0031 -0.0458
v  0.0291 -0.0142 -0.0458
v  0.0326 -0.0108 -0.0458
v  0.0212 -0.0197 -0.0459
v  0.0253 -0.0172 -0.0458
v  0.0120 -0.0229 -0.0459
v  0.0167 -0.0216 -0.0459
v  0.0072 -0.0237 -0.0459
v  0.0407 -0.0026 -0.0327
v  0.0149 -0.0262 -0.0197
v  0.0145 -0.0255 -0.0222
v  -0.0094 -0.0250 -0.0244
v  -0.0097 -0.0255 -0.0222
v  0.0024 -0.0269 -0.0342
v  -0.0006 -0.0266 -0.0336
v  -0.0038 -0.0259 -0.0321
v  -0.0063 -0.0253 -0.0299
v  -0.0082 -0.0249 -0.0272
v  -0.0101 -0.0262 -0.0197
v  0.0142 -0.0250 -0.0244
v  0.0054 -0.0266 -0.0336
v  0.0111 -0.0253 -0.0299
v  0.0086 -0.0259 -0.0321
v  0.0130 -0.0249 -0.0272
v  0.0024 -0.0262 -0.0197
v  0.0271 -0.0123 -0.0197
v  0.0262 -0.0102 -0.0197
v  0.0239 -0.0072 -0.0118
v  0.0245 -0.0094 -0.0114
v  0.0249 -0.0086 -0.0197
v  0.0227 -0.0053 -0.0123
v  0.0056 -0.0120 -0.0347
v  0.0068 -0.0138 -0.0375
v  0.0047 -0.0141 -0.0381
v  0.0042 -0.0127 -0.0359
v  0.0024 -0.0186 -0.0432
v  0.0024 -0.0161 -0.0415
v  0.0055 -0.0160 -0.0412
v  0.0058 -0.0185 -0.0429
v  0.0024 -0.0082 -0.0283
v  0.0063 -0.0074 -0.0265
v  0.0059 -0.0086 -0.0288
v  0.0051 -0.0093 -0.0302
v  0.0088 -0.0135 -0.0367
v  0.0075 -0.0122 -0.0348
v  0.0234 -0.0073 -0.0197
v  0.0208 -0.0033 -0.0128
v  0.0201 -0.0059 -0.0191
v  0.0182 -0.0026 -0.0131
v  0.0189 -0.0143 -0.0346
v  0.0169 -0.0155 -0.0370
v  0.0150 -0.0137 -0.0359
v  0.0167 -0.0127 -0.0336
v  0.0090 -0.0181 -0.0421
v  0.0082 -0.0157 -0.0405
v  0.0106 -0.0153 -0.0394
v  0.0119 -0.0174 -0.0408
v  0.0145 -0.0166 -0.0392
v  0.0128 -0.0147 -0.0379
v  0.0104 -0.0128 -0.0354
v  0.0234 -0.0082 -0.0073
v  0.0222 -0.0050 -0.0060
v  0.0183 0.0001 -0.0063
v  0.0202 -0.0022 -0.0045
v  0.0049 0.0045 -0.0043
v  0.0054 0.0022 -0.0087
v  0.0024 0.0023 -0.0088
v  0.0024 0.0046 -0.0044
v  0.0128 0.0035 -0.0029
v  0.0140 0.0011 -0.0076
v  0.0115 0.0015 -0.0081
v  0.0105 0.0040 -0.0033
v  0.0166 0.0024 -0.0019
v  0.0186 0.0004 0.0024
v  0.0061 -0.0034 -0.0191
v  0.0062 -0.0055 -0.0230
v  0.0024 -0.0055 -0.0233
v  0.0024 -0.0033 -0.0192
v  0.0084 0.0019 -0.0085
v  0.0075 0.0044 -0.0038
v  0.0101 -0.0099 -0.0305
v  0.0132 -0.0112 -0.0319
v  0.0121 -0.0122 -0.0339
v  0.0100 -0.0111 -0.0325
v  0.0038 -0.0097 -0.0310
v  0.0024 -0.0099 -0.0313
v  0.0105 0.0086 0.0106
v  0.0108 0.0079 0.0073
v  0.0088 0.0089 0.0078
v  0.0087 0.0097 0.0117
v  0.0069 0.0100 0.0099
v  0.0073 0.0104 0.0123
v  0.0024 0.0065 -0.0009
v  0.0045 0.0067 -0.0004
v  0.0063 0.0071 0.0007
v  0.0120 0.0055 0.0011
v  0.0100 0.0063 0.0013
v  0.0024 0.0104 0.0097
v  0.0024 0.0108 0.0114
v  0.0047 0.0106 0.0110
v  0.0045 0.0103 0.0094
v  0.0063 0.0099 0.0083
v  0.0049 0.0110 0.0130
v  0.0024 0.0113 0.0133
v  0.0075 0.0092 0.0065
v  0.0079 0.0084 0.0045
v  0.0097 0.0076 0.0044
v  0.0114 0.0068 0.0042
v  0.0132 0.0067 0.0088
v  0.0158 0.0039 0.0059
v  0.0144 0.0054 0.0044
v  0.0136 0.0063 0.0067
v  0.0075 0.0077 0.0024
v  0.0172 0.0022 0.0042
v  0.0154 0.0040 0.0014
v  0.0066 0.0076 0.0029
v  0.0070 0.0083 0.0046
v  0.0041 0.0068 0.0004
v  0.0056 0.0071 0.0014
v  0.0024 0.0066 0.0001
v  0.0024 -0.0141 -0.0382
v  0.0176 -0.0112 -0.0304
v  0.0205 -0.0126 -0.0312
v  0.0156 -0.0019 -0.0133
v  0.0162 0.0006 -0.0071
v  0.0147 0.0030 -0.0024
v  0.0116 0.0079 0.0099
v  0.0122 0.0071 0.0070
v  0.0137 0.0048 0.0011
v  0.0128 0.0061 0.0042
v  0.0024 -0.0122 -0.0352
v  0.0082 -0.0113 -0.0332
v  -0.0223 -0.0123 -0.0197
v  -0.0198 -0.0094 -0.0114
v  -0.0191 -0.0072 -0.0118
v  -0.0215 -0.0102 -0.0197
v  -0.0180 -0.0053 -0.0123
v  -0.0201 -0.0086 -0.0197
v  -0.0011 -0.0006 -0.0139
v  0.0024 -0.0004 -0.0139
v  -0.0013 -0.0034 -0.0191
v  -0.0008 -0.0120 -0.0347
v  0.0005 -0.0127 -0.0359
v  0.0000 -0.0141 -0.0381
v  -0.0021 -0.0138 -0.0375
v  -0.0011 -0.0185 -0.0429
v  -0.0007 -0.0160 -0.0412
v  -0.0012 -0.0086 -0.0288
v  -0.0015 -0.0074 -0.0265
v  -0.0003 -0.0093 -0.0302
v  -0.0041 -0.0135 -0.0367
v  -0.0027 -0.0122 -0.0348
v  -0.0187 -0.0073 -0.0197
v  -0.0161 -0.0033 -0.0128
v  -0.0154 -0.0059 -0.0191
v  -0.0135 -0.0026 -0.0131
v  -0.0124 -0.0051 -0.0190
v  -0.0132 -0.0074 -0.0232
v  -0.0163 -0.0084 -0.0235
v  -0.0128 -0.0112 -0.0304
v  -0.0094 -0.0100 -0.0294
v  -0.0085 -0.0112 -0.0319
v  -0.0120 -0.0127 -0.0336
v  -0.0142 -0.0143 -0.0346
v  -0.0102 -0.0137 -0.0359
v  -0.0122 -0.0155 -0.0370
v  -0.0133 -0.0094 -0.0270
v  -0.0095 -0.0084 -0.0265
v  -0.0071 -0.0174 -0.0408
v  -0.0059 -0.0153 -0.0394
v  -0.0035 -0.0157 -0.0405
v  -0.0043 -0.0181 -0.0421
v  -0.0098 -0.0166 -0.0392
v  -0.0081 -0.0147 -0.0379
v  -0.0057 -0.0128 -0.0354
v  -0.0179 -0.0074 -0.0042
v  -0.0161 -0.0033 -0.0013
v  -0.0174 -0.0050 -0.0060
v  -0.0187 -0.0082 -0.0073
v  -0.0093 0.0011 -0.0076
v  -0.0067 0.0015 -0.0081
v  -0.0079 -0.0014 -0.0135
v  -0.0109 -0.0019 -0.0133
v  -0.0154 -0.0022 -0.0045
v  -0.0136 0.0001 -0.0063
v  -0.0139 0.0004 0.0024
v  -0.0002 0.0045 -0.0043
v  -0.0006 0.0022 -0.0087
v  -0.0081 0.0035 -0.0029
v  -0.0057 0.0040 -0.0033
v  -0.0119 0.0024 -0.0019
v  -0.0058 -0.0077 -0.0262
v  -0.0094 -0.0065 -0.0230
v  -0.0054 -0.0059 -0.0229
v  -0.0045 -0.0009 -0.0137
v  -0.0037 0.0019 -0.0085
v  -0.0015 -0.0055 -0.0230
v  -0.0163 -0.0105 -0.0274
v  -0.0051 -0.0038 -0.0190
v  -0.0028 0.0044 -0.0038
v  -0.0053 -0.0099 -0.0305
v  -0.0053 -0.0111 -0.0325
v  -0.0074 -0.0122 -0.0339
v  0.0009 -0.0097 -0.0310
v  -0.0068 -0.0091 -0.0288
v  -0.0039 0.0097 0.0117
v  -0.0041 0.0089 0.0078
v  -0.0061 0.0079 0.0073
v  -0.0058 0.0086 0.0106
v  -0.0026 0.0104 0.0123
v  -0.0022 0.0100 0.0099
v  0.0003 0.0067 -0.0004
v  -0.0015 0.0071 0.0007
v  -0.0072 0.0055 0.0011
v  -0.0052 0.0063 0.0013
v  0.0003 0.0103 0.0094
v  0.0000 0.0106 0.0110
v  -0.0016 0.0099 0.0083
v  -0.0002 0.0110 0.0130
v  -0.0027 0.0092 0.0065
v  -0.0031 0.0084 0.0045
v  -0.0049 0.0076 0.0044
v  -0.0067 0.0068 0.0042
v  -0.0096 0.0054 0.0044
v  -0.0111 0.0039 0.0059
v  -0.0085 0.0067 0.0088
v  -0.0089 0.0063 0.0067
v  -0.0027 0.0077 0.0024
v  -0.0107 0.0040 0.0014
v  -0.0125 0.0022 0.0042
v  -0.0022 0.0083 0.0046
v  -0.0019 0.0076 0.0029
v  -0.0009 0.0071 0.0014
v  0.0006 0.0068 0.0004
v  -0.0088 -0.0044 -0.0190
v  -0.0157 -0.0125 -0.0312
v  -0.0115 0.0006 -0.0071
v  -0.0100 0.0030 -0.0024
v  -0.0069 0.0079 0.0099
v  -0.0074 0.0071 0.0070
v  -0.0089 0.0048 0.0011
v  -0.0081 0.0061 0.0042
v  -0.0035 -0.0113 -0.0332
v  0.0066 0.0089 0.0063
v  0.0056 0.0095 0.0077
v  0.0041 0.0098 0.0087
v  0.0024 0.0099 0.0089
v  -0.0019 0.0089 0.0063
v  0.0006 0.0098 0.0087
v  -0.0009 0.0095 0.0077
v  0.0024 0.0060 0.0023
v  0.0035 0.0060 0.0025
v  0.0013 0.0060 0.0025
v  0.0003 0.0062 0.0031
v  -0.0003 0.0066 0.0040
v  -0.0005 0.0070 0.0051
v  -0.0003 0.0074 0.0061
v  0.0003 0.0077 0.0070
v  0.0013 0.0079 0.0076
v  0.0024 0.0080 0.0078
v  0.0035 0.0079 0.0076
v  0.0044 0.0077 0.0070
v  0.0050 0.0074 0.0061
v  0.0053 0.0070 0.0051
v  0.0050 0.0066 0.0040
v  0.0044 0.0062 0.0031
v  0.0062 -0.0221 -0.0443
v  0.0024 -0.0223 -0.0445
v  0.0210 -0.0084 -0.0235
v  0.0244 -0.0097 -0.0236
v  0.0215 -0.0167 -0.0352
v  0.0193 -0.0183 -0.0378
v  0.0099 -0.0216 -0.0434
v  0.0134 -0.0207 -0.0419
v  0.0166 -0.0197 -0.0401
v  0.0244 -0.0121 -0.0276
v  0.0210 -0.0105 -0.0274
v  0.0234 -0.0145 -0.0316
v  -0.0015 -0.0221 -0.0443
v  -0.0197 -0.0097 -0.0236
v  -0.0145 -0.0183 -0.0378
v  -0.0167 -0.0167 -0.0352
v  -0.0086 -0.0207 -0.0419
v  -0.0052 -0.0216 -0.0434
v  -0.0118 -0.0197 -0.0401
v  -0.0197 -0.0121 -0.0276
v  -0.0187 -0.0145 -0.0316
v  0.0171 -0.0051 -0.0190
v  0.0208 -0.0033 -0.0013
v  0.0226 -0.0074 -0.0042
v  0.0123 -0.0110 -0.0279
v  0.0138 -0.0112 -0.0280
v  0.0139 -0.0103 -0.0301
v  0.0119 -0.0099 -0.0299
v  0.0111 -0.0105 -0.0272
v  0.0102 -0.0092 -0.0290
v  0.0102 -0.0099 -0.0260
v  0.0090 -0.0082 -0.0275
v  0.0100 -0.0092 -0.0248
v  0.0087 -0.0073 -0.0259
v  0.0103 -0.0084 -0.0235
v  0.0091 -0.0064 -0.0240
v  0.0111 -0.0079 -0.0223
v  0.0102 -0.0057 -0.0225
v  0.0123 -0.0075 -0.0215
v  0.0118 -0.0054 -0.0214
v  0.0138 -0.0075 -0.0212
v  0.0138 -0.0055 -0.0209
v  0.0153 -0.0078 -0.0214
v  0.0158 -0.0059 -0.0211
v  0.0166 -0.0083 -0.0221
v  0.0174 -0.0067 -0.0220
v  0.0174 -0.0090 -0.0232
v  0.0186 -0.0077 -0.0234
v  0.0177 -0.0098 -0.0245
v  0.0190 -0.0087 -0.0251
v  0.0174 -0.0104 -0.0258
v  0.0186 -0.0095 -0.0269
v  0.0166 -0.0109 -0.0269
v  0.0175 -0.0101 -0.0284
v  0.0154 -0.0112 -0.0277
v  0.0159 -0.0104 -0.0296
v  0.0051 0.0005 -0.0119
v  0.0083 -0.0040 -0.0156
v  0.0098 -0.0042 -0.0158
v  0.0098 -0.0032 -0.0178
v  0.0079 -0.0028 -0.0176
v  0.0072 -0.0035 -0.0150
v  0.0063 -0.0022 -0.0167
v  0.0063 -0.0029 -0.0139
v  0.0052 -0.0014 -0.0153
v  0.0061 -0.0022 -0.0127
v  0.0049 -0.0005 -0.0137
v  0.0064 -0.0015 -0.0113
v  0.0053 0.0004 -0.0119
v  0.0072 -0.0010 -0.0103
v  0.0063 0.0011 -0.0105
v  0.0084 -0.0007 -0.0095
v  0.0079 0.0015 -0.0094
v  0.0098 -0.0007 -0.0092
v  0.0098 0.0014 -0.0090
v  0.0113 -0.0010 -0.0093
v  0.0117 0.0009 -0.0092
v  0.0125 -0.0016 -0.0099
v  0.0133 0.0001 -0.0099
v  0.0133 -0.0023 -0.0109
v  0.0144 -0.0008 -0.0113
v  0.0136 -0.0029 -0.0122
v  0.0148 -0.0016 -0.0129
v  0.0133 -0.0036 -0.0135
v  0.0144 -0.0024 -0.0147
v  0.0125 -0.0040 -0.0146
v  0.0134 -0.0030 -0.0162
v  0.0113 -0.0042 -0.0155
v  0.0118 -0.0033 -0.0173
v  0.0136 -0.0044 -0.0190
v  0.0098 -0.0038 -0.0190
v  -0.0092 0.0062 0.0108
v  -0.0115 0.0035 0.0087
v  -0.0136 0.0005 0.0063
v  -0.0152 -0.0027 0.0039
v  -0.0125 0.0006 0.0245
v  -0.0130 0.0006 0.0171
v  -0.0139 -0.0022 0.0163
v  -0.0134 -0.0022 0.0239
v  -0.0120 0.0007 0.0331
v  -0.0128 -0.0023 0.0328
v  -0.0120 -0.0026 0.0444
v  -0.0111 0.0004 0.0445
v  -0.0108 -0.0031 0.0540
v  -0.0098 -0.0002 0.0541
v  -0.0079 -0.0014 0.0623
v  -0.0086 -0.0039 0.0623
v  -0.0090 -0.0064 0.0621
v  -0.0073 -0.0066 0.0656
v  -0.0070 -0.0043 0.0658
v  -0.0049 -0.0048 0.0688
v  -0.0044 -0.0032 0.0688
v  -0.0065 -0.0023 0.0659
v  -0.0043 0.0011 0.0664
v  -0.0028 0.0022 0.0667
v  -0.0039 0.0038 0.0631
v  -0.0056 0.0024 0.0629
v  0.0002 0.0057 0.0637
v  0.0005 0.0033 0.0671
v  0.0024 0.0034 0.0672
v  0.0024 0.0058 0.0638
v  -0.0087 0.0022 0.0543
v  -0.0069 0.0007 0.0626
v  -0.0071 0.0045 0.0545
v  -0.0017 0.0050 0.0634
v  -0.0026 0.0079 0.0552
v  -0.0050 0.0063 0.0548
v  -0.0002 0.0086 0.0554
v  -0.0116 0.0035 0.0126
v  -0.0133 0.0005 0.0112
v  -0.0115 0.0036 0.0179
v  -0.0094 0.0064 0.0186
v  -0.0111 0.0036 0.0252
v  -0.0090 0.0066 0.0259
v  -0.0086 0.0065 0.0340
v  -0.0106 0.0036 0.0335
v  -0.0098 0.0031 0.0448
v  -0.0078 0.0059 0.0451
v  -0.0033 0.0105 0.0346
v  -0.0061 0.0087 0.0343
v  -0.0056 0.0079 0.0454
v  -0.0030 0.0095 0.0456
v  -0.0163 -0.0060 0.0022
v  -0.0143 -0.0049 0.0156
v  -0.0137 -0.0050 0.0232
v  -0.0132 -0.0052 0.0324
v  -0.0122 -0.0056 0.0443
v  -0.0111 -0.0061 0.0540
v  -0.0050 -0.0067 0.0688
v  -0.0005 0.0104 0.0457
v  -0.0006 0.0114 0.0347
v  0.0024 0.0088 0.0554
v  0.0024 0.0108 0.0457
v  0.0024 0.0118 0.0348
v  0.0024 0.0115 0.0145
v  -0.0003 0.0112 0.0142
v  -0.0036 -0.0016 0.0688
v  -0.0055 -0.0005 0.0661
v  -0.0003 0.0009 0.0692
v  0.0009 0.0012 0.0693
v  -0.0011 0.0029 0.0669
v  0.0024 0.0013 0.0694
v  -0.0027 -0.0006 0.0689
v  -0.0016 0.0004 0.0691
v  -0.0009 -0.0051 0.0696
v  -0.0009 -0.0051 0.0709
v  -0.0009 -0.0069 0.0709
v  -0.0009 -0.0068 0.0695
v  0.0024 -0.0038 0.0695
v  0.0001 -0.0013 0.0695
v  -0.0007 -0.0023 0.0696
v  0.0024 -0.0003 0.0694
v  0.0011 -0.0006 0.0695
v  0.0024 -0.0002 0.0704
v  0.0012 -0.0005 0.0704
v  -0.0006 -0.0023 0.0706
v  0.0001 -0.0012 0.0705
v  -0.0009 -0.0036 0.0696
v  -0.0009 -0.0036 0.0708
v  0.0024 -0.0068 0.0695
v  -0.0065 0.0088 0.0264
v  -0.0034 0.0107 0.0268
v  -0.0006 0.0116 0.0270
v  0.0024 0.0120 0.0271
v  -0.0066 0.0088 0.0192
v  -0.0035 0.0106 0.0197
v  -0.0005 0.0115 0.0200
v  0.0024 0.0119 0.0201
v  -0.0145 -0.0024 0.0100
v  -0.0152 -0.0053 0.0086
v  -0.0094 0.0062 0.0138
v  -0.0066 0.0087 0.0149
v  -0.0035 0.0104 0.0157
v  -0.0004 0.0114 0.0161
v  0.0024 0.0117 0.0162
v  -0.0064 0.0085 0.0125
v  -0.0032 0.0103 0.0137
v  0.0111 0.0085 0.0125
v  0.0199 -0.0027 0.0039
v  0.0183 0.0005 0.0063
v  0.0167 0.0007 0.0331
v  0.0158 0.0004 0.0445
v  0.0167 -0.0026 0.0444
v  0.0176 -0.0023 0.0328
v  0.0146 -0.0002 0.0541
v  0.0155 -0.0031 0.0540
v  0.0127 -0.0014 0.0623
v  0.0133 -0.0039 0.0623
v  0.0117 -0.0043 0.0658
v  0.0120 -0.0066 0.0656
v  0.0137 -0.0064 0.0621
v  0.0113 -0.0023 0.0659
v  0.0091 -0.0032 0.0688
v  0.0097 -0.0048 0.0688
v  0.0091 0.0011 0.0664
v  0.0104 0.0024 0.0629
v  0.0087 0.0038 0.0631
v  0.0075 0.0022 0.0667
v  0.0045 0.0057 0.0637
v  0.0042 0.0033 0.0671
v  0.0134 0.0022 0.0543
v  0.0118 0.0045 0.0545
v  0.0116 0.0007 0.0626
v  0.0097 0.0063 0.0548
v  0.0073 0.0079 0.0552
v  0.0065 0.0050 0.0634
v  0.0050 0.0086 0.0554
v  0.0171 0.0021 0.0157
v  0.0181 -0.0000 0.0140
v  0.0180 0.0005 0.0112
v  0.0163 0.0035 0.0126
v  0.0158 0.0036 0.0252
v  0.0161 0.0036 0.0205
v  0.0142 0.0064 0.0186
v  0.0137 0.0066 0.0259
v  0.0133 0.0065 0.0340
v  0.0126 0.0059 0.0451
v  0.0145 0.0031 0.0448
v  0.0153 0.0036 0.0335
v  0.0081 0.0105 0.0346
v  0.0077 0.0095 0.0456
v  0.0103 0.0079 0.0454
v  0.0109 0.0087 0.0343
v  0.0162 0.0035 0.0087
v  0.0211 -0.0060 0.0022
v  0.0170 -0.0056 0.0443
v  0.0179 -0.0052 0.0324
v  0.0158 -0.0061 0.0540
v  0.0098 -0.0067 0.0688
v  0.0079 0.0103 0.0137
v  0.0052 0.0104 0.0457
v  0.0053 0.0114 0.0347
v  0.0051 0.0111 0.0143
v  0.0102 -0.0005 0.0661
v  0.0083 -0.0016 0.0688
v  0.0050 0.0009 0.0692
v  0.0058 0.0029 0.0669
v  0.0039 0.0012 0.0693
v  0.0075 -0.0006 0.0689
v  0.0063 0.0004 0.0691
v  0.0057 -0.0068 0.0695
v  0.0057 -0.0069 0.0709
v  0.0056 -0.0051 0.0709
v  0.0056 -0.0051 0.0696
v  0.0054 -0.0023 0.0696
v  0.0047 -0.0013 0.0695
v  0.0036 -0.0006 0.0695
v  0.0036 -0.0005 0.0704
v  0.0047 -0.0012 0.0705
v  0.0054 -0.0023 0.0706
v  0.0056 -0.0036 0.0708
v  0.0056 -0.0036 0.0696
v  0.0182 -0.0051 0.0273
v  0.0181 -0.0038 0.0276
v  0.0173 -0.0001 0.0267
v  0.0167 0.0018 0.0253
v  0.0112 0.0088 0.0264
v  0.0082 0.0107 0.0268
v  0.0053 0.0116 0.0270
v  0.0114 0.0088 0.0192
v  0.0083 0.0106 0.0197
v  0.0052 0.0115 0.0200
v  0.0163 0.0036 0.0179
v  0.0142 0.0062 0.0138
v  0.0113 0.0087 0.0149
v  0.0082 0.0104 0.0157
v  0.0052 0.0114 0.0161
v  0.0192 -0.0024 0.0100
v  0.0199 -0.0053 0.0086
v  0.0140 0.0062 0.0108
v  0.0190 -0.0023 0.0124
v  0.0197 -0.0052 0.0107
v  0.0164 0.0033 0.0180
v  0.0162 0.0031 0.0232
v  0.0163 -0.0038 0.0269
v  0.0164 -0.0052 0.0266
v  0.0156 -0.0005 0.0261
v  0.0150 0.0013 0.0247
v  0.0145 0.0025 0.0228
v  0.0145 0.0030 0.0203
v  0.0148 0.0026 0.0181
v  0.0154 0.0015 0.0161
v  0.0163 -0.0003 0.0145
v  0.0171 -0.0024 0.0131
v  0.0177 -0.0053 0.0115
v  0.0192 -0.0268 -0.0167
v  0.0183 -0.0284 -0.0142
v  0.0155 -0.0303 -0.0151
v  0.0164 -0.0286 -0.0176
v  0.0210 -0.0226 -0.0157
v  0.0166 -0.0307 -0.0114
v  0.0144 -0.0330 -0.0094
v  0.0122 -0.0340 -0.0115
v  0.0142 -0.0319 -0.0132
v  0.0117 -0.0352 -0.0079
v  0.0096 -0.0360 -0.0101
v  0.0079 -0.0376 -0.0067
v  0.0064 -0.0376 -0.0093
v  0.0024 -0.0390 -0.0063
v  0.0024 -0.0385 -0.0089
v  0.0195 -0.0246 -0.0125
v  0.0173 -0.0272 -0.0097
v  0.0146 -0.0302 -0.0079
v  0.0115 -0.0329 -0.0064
v  0.0076 -0.0353 -0.0053
v  0.0024 -0.0363 -0.0047
v  0.0249 -0.0128 -0.0143
v  0.0225 -0.0180 -0.0133
v  0.0139 -0.0252 -0.0030
v  0.0145 -0.0273 -0.0057
v  0.0176 -0.0241 -0.0075
v  0.0169 -0.0221 -0.0042
v  0.0200 -0.0211 -0.0098
v  0.0194 -0.0188 -0.0055
v  0.0111 -0.0302 -0.0043
v  0.0105 -0.0279 -0.0020
v  0.0067 -0.0299 -0.0014
v  0.0024 -0.0307 -0.0011
v  0.0024 -0.0334 -0.0030
v  0.0071 -0.0325 -0.0034
v  0.0214 -0.0155 -0.0071
v  0.0058 -0.0256 0.0037
v  0.0024 -0.0260 0.0036
v  0.0024 -0.0282 0.0012
v  0.0062 -0.0276 0.0010
v  0.0057 -0.0237 0.0159
v  0.0024 -0.0241 0.0159
v  0.0024 -0.0244 0.0088
v  0.0057 -0.0241 0.0086
v  0.0024 -0.0242 0.0230
v  0.0056 -0.0238 0.0231
v  0.0203 -0.0142 -0.0023
v  0.0219 -0.0104 -0.0034
v  0.0207 -0.0095 0.0022
v  0.0195 -0.0134 0.0025
v  0.0185 -0.0177 -0.0013
v  0.0177 -0.0170 0.0028
v  0.0160 -0.0209 -0.0005
v  0.0153 -0.0199 0.0031
v  0.0131 -0.0237 0.0001
v  0.0124 -0.0225 0.0034
v  0.0098 -0.0260 0.0006
v  0.0092 -0.0244 0.0036
v  0.0197 -0.0088 0.0087
v  0.0197 -0.0068 0.0098
v  0.0196 -0.0088 0.0093
v  0.0179 -0.0141 0.0098
v  0.0166 -0.0163 0.0117
v  0.0170 -0.0162 0.0088
v  0.0142 -0.0185 0.0231
v  0.0150 -0.0175 0.0189
v  0.0162 -0.0155 0.0218
v  0.0161 -0.0154 0.0232
v  0.0145 -0.0185 0.0159
v  0.0117 -0.0208 0.0159
v  0.0120 -0.0215 0.0086
v  0.0149 -0.0190 0.0087
v  0.0116 -0.0208 0.0231
v  0.0089 -0.0227 0.0230
v  0.0089 -0.0226 0.0159
v  0.0089 -0.0232 0.0086
v  0.0188 -0.0127 0.0086
v  0.0057 -0.0083 0.0695
v  0.0056 -0.0084 0.0708
v  0.0117 -0.0106 0.0652
v  0.0120 -0.0085 0.0654
v  0.0097 -0.0084 0.0687
v  0.0094 -0.0104 0.0686
v  0.0133 -0.0109 0.0616
v  0.0137 -0.0085 0.0619
v  0.0157 -0.0086 0.0540
v  0.0151 -0.0114 0.0540
v  0.0164 -0.0117 0.0439
v  0.0170 -0.0084 0.0442
v  0.0171 -0.0120 0.0322
v  0.0179 -0.0083 0.0322
v  0.0176 -0.0121 0.0240
v  0.0183 -0.0074 0.0268
v  0.0024 -0.0097 0.0695
v  0.0047 -0.0122 0.0695
v  0.0054 -0.0111 0.0695
v  0.0089 -0.0122 0.0684
v  0.0057 -0.0098 0.0707
v  0.0054 -0.0111 0.0706
v  0.0024 -0.0131 0.0695
v  0.0036 -0.0129 0.0695
v  0.0024 -0.0131 0.0704
v  0.0036 -0.0129 0.0704
v  0.0087 -0.0227 0.0317
v  0.0055 -0.0238 0.0316
v  0.0083 -0.0223 0.0435
v  0.0054 -0.0234 0.0433
v  0.0079 -0.0213 0.0535
v  0.0052 -0.0223 0.0533
v  0.0074 -0.0198 0.0601
v  0.0068 -0.0185 0.0640
v  0.0048 -0.0194 0.0640
v  0.0051 -0.0209 0.0599
v  0.0069 -0.0153 0.0682
v  0.0047 -0.0122 0.0705
v  0.0057 -0.0159 0.0682
v  0.0082 -0.0138 0.0683
v  0.0085 -0.0171 0.0643
v  0.0100 -0.0152 0.0645
v  0.0094 -0.0182 0.0604
v  0.0141 -0.0144 0.0540
v  0.0124 -0.0137 0.0611
v  0.0112 -0.0162 0.0607
v  0.0124 -0.0173 0.0538
v  0.0103 -0.0194 0.0536
v  0.0133 -0.0180 0.0437
v  0.0152 -0.0149 0.0438
v  0.0139 -0.0184 0.0318
v  0.0158 -0.0152 0.0320
v  0.0110 -0.0203 0.0436
v  0.0115 -0.0207 0.0317
v  0.0256 -0.0106 -0.0147
v  0.0024 -0.0213 0.0598
v  0.0024 -0.0229 0.0531
v  0.0172 -0.0131 0.0234
v  0.0024 -0.0242 0.0315
v  0.0024 -0.0238 0.0431
v  0.0057 -0.0098 0.0694
v  0.0024 -0.0198 0.0639
v  0.0043 -0.0163 0.0684
v  0.0024 -0.0164 0.0685
v  0.0110 -0.0131 0.0649
v  0.0235 -0.0116 -0.0091
v  -0.0136 -0.0284 -0.0142
v  -0.0145 -0.0268 -0.0167
v  -0.0116 -0.0286 -0.0176
v  -0.0108 -0.0303 -0.0151
v  -0.0163 -0.0226 -0.0157
v  -0.0097 -0.0330 -0.0094
v  -0.0119 -0.0307 -0.0114
v  -0.0094 -0.0319 -0.0132
v  -0.0074 -0.0340 -0.0115
v  -0.0070 -0.0352 -0.0079
v  -0.0048 -0.0360 -0.0101
v  -0.0032 -0.0376 -0.0067
v  -0.0016 -0.0376 -0.0093
v  -0.0147 -0.0246 -0.0125
v  -0.0126 -0.0272 -0.0097
v  -0.0099 -0.0302 -0.0079
v  -0.0068 -0.0329 -0.0064
v  -0.0028 -0.0353 -0.0053
v  -0.0178 -0.0180 -0.0133
v  -0.0202 -0.0128 -0.0143
v  -0.0091 -0.0252 -0.0030
v  -0.0121 -0.0221 -0.0042
v  -0.0128 -0.0241 -0.0075
v  -0.0098 -0.0273 -0.0057
v  -0.0146 -0.0188 -0.0055
v  -0.0152 -0.0211 -0.0098
v  -0.0064 -0.0302 -0.0043
v  -0.0057 -0.0279 -0.0020
v  -0.0019 -0.0299 -0.0014
v  -0.0024 -0.0325 -0.0034
v  -0.0167 -0.0155 -0.0071
v  -0.0011 -0.0256 0.0037
v  -0.0015 -0.0276 0.0010
v  -0.0009 -0.0237 0.0159
v  -0.0009 -0.0241 0.0086
v  -0.0009 -0.0238 0.0231
v  -0.0156 -0.0142 -0.0023
v  -0.0148 -0.0134 0.0025
v  -0.0160 -0.0095 0.0022
v  -0.0172 -0.0104 -0.0034
v  -0.0137 -0.0177 -0.0013
v  -0.0130 -0.0170 0.0028
v  -0.0113 -0.0209 -0.0005
v  -0.0106 -0.0199 0.0031
v  -0.0083 -0.0237 0.0001
v  -0.0077 -0.0225 0.0034
v  -0.0051 -0.0260 0.0006
v  -0.0045 -0.0244 0.0036
v  -0.0140 -0.0127 0.0086
v  -0.0133 -0.0123 0.0159
v  -0.0142 -0.0084 0.0157
v  -0.0149 -0.0088 0.0087
v  -0.0123 -0.0162 0.0088
v  -0.0117 -0.0156 0.0159
v  -0.0114 -0.0154 0.0232
v  -0.0098 -0.0185 0.0159
v  -0.0095 -0.0185 0.0231
v  -0.0101 -0.0190 0.0087
v  -0.0073 -0.0215 0.0086
v  -0.0070 -0.0208 0.0159
v  -0.0069 -0.0208 0.0231
v  -0.0042 -0.0226 0.0159
v  -0.0041 -0.0227 0.0230
v  -0.0042 -0.0232 0.0086
v  -0.0009 -0.0083 0.0695
v  -0.0009 -0.0084 0.0708
v  -0.0070 -0.0106 0.0652
v  -0.0046 -0.0104 0.0686
v  -0.0049 -0.0084 0.0687
v  -0.0073 -0.0085 0.0654
v  -0.0090 -0.0085 0.0619
v  -0.0086 -0.0109 0.0616
v  -0.0109 -0.0086 0.0540
v  -0.0123 -0.0084 0.0442
v  -0.0116 -0.0117 0.0439
v  -0.0104 -0.0114 0.0540
v  -0.0132 -0.0083 0.0322
v  -0.0124 -0.0120 0.0322
v  -0.0137 -0.0083 0.0234
v  -0.0128 -0.0121 0.0233
v  -0.0007 -0.0111 0.0695
v  0.0001 -0.0122 0.0695
v  -0.0041 -0.0122 0.0684
v  -0.0007 -0.0111 0.0706
v  -0.0009 -0.0098 0.0707
v  0.0011 -0.0129 0.0695
v  0.0011 -0.0129 0.0704
v  -0.0008 -0.0238 0.0316
v  -0.0040 -0.0227 0.0317
v  -0.0007 -0.0234 0.0433
v  -0.0036 -0.0223 0.0435
v  -0.0005 -0.0223 0.0533
v  -0.0032 -0.0213 0.0535
v  -0.0027 -0.0198 0.0601
v  -0.0003 -0.0209 0.0599
v  -0.0001 -0.0194 0.0640
v  -0.0021 -0.0185 0.0640
v  0.0005 -0.0163 0.0684
v  -0.0009 -0.0159 0.0682
v  -0.0022 -0.0153 0.0682
v  0.0001 -0.0122 0.0705
v  -0.0035 -0.0138 0.0683
v  -0.0053 -0.0152 0.0645
v  -0.0038 -0.0171 0.0643
v  -0.0046 -0.0182 0.0604
v  -0.0093 -0.0144 0.0540
v  -0.0076 -0.0173 0.0538
v  -0.0065 -0.0162 0.0607
v  -0.0077 -0.0137 0.0611
v  -0.0055 -0.0194 0.0536
v  -0.0104 -0.0149 0.0438
v  -0.0086 -0.0180 0.0437
v  -0.0111 -0.0152 0.0320
v  -0.0092 -0.0184 0.0318
v  -0.0063 -0.0203 0.0436
v  -0.0067 -0.0207 0.0317
v  -0.0208 -0.0106 -0.0147
v  -0.0009 -0.0098 0.0694
v  -0.0063 -0.0131 0.0649
v  -0.0187 -0.0116 -0.0091
v  0.0148 -0.0180 0.0163
v  0.0154 -0.0175 0.0141
v  0.0187 -0.0126 0.0093
v  0.0193 -0.0105 0.0089
v  0.0177 -0.0071 0.0106
v  0.0177 -0.0088 0.0101
v  0.0173 -0.0103 0.0098
v  0.0168 -0.0123 0.0102
v  0.0161 -0.0137 0.0106
v  0.0149 -0.0156 0.0123
v  0.0138 -0.0167 0.0145
v  0.0133 -0.0172 0.0165
v  0.0135 -0.0167 0.0188
v  0.0145 -0.0149 0.0214
v  0.0154 -0.0127 0.0229
v  0.0158 -0.0118 0.0235
v  0.0164 -0.0075 0.0260
v  0.0145 -0.0274 -0.0172
v  0.0136 -0.0290 -0.0145
v  0.0123 -0.0304 -0.0126
v  0.0105 -0.0321 -0.0109
v  0.0083 -0.0336 -0.0097
v  0.0056 -0.0348 -0.0090
v  0.0024 -0.0355 -0.0087
v  -0.0089 -0.0290 -0.0145
v  -0.0097 -0.0274 -0.0172
v  -0.0058 -0.0321 -0.0109
v  -0.0076 -0.0304 -0.0126
v  -0.0036 -0.0336 -0.0097
v  -0.0009 -0.0348 -0.0090
v  -0.0100 -0.0262 -0.0197
v  -0.0156 -0.0073 -0.0219
v  -0.0150 -0.0064 -0.0204
v  -0.0140 -0.0049 -0.0216
v  -0.0145 -0.0057 -0.0230
v  -0.0141 -0.0055 -0.0190
v  -0.0129 -0.0047 -0.0179
v  -0.0121 -0.0033 -0.0191
v  -0.0132 -0.0040 -0.0203
v  -0.0114 -0.0039 -0.0170
v  -0.0097 -0.0032 -0.0165
v  -0.0093 -0.0022 -0.0177
v  -0.0108 -0.0027 -0.0183
v  -0.0079 -0.0027 -0.0162
v  -0.0060 -0.0024 -0.0162
v  -0.0059 -0.0017 -0.0173
v  -0.0076 -0.0018 -0.0173
v  -0.0042 -0.0023 -0.0166
v  -0.0025 -0.0025 -0.0172
v  -0.0027 -0.0018 -0.0181
v  -0.0043 -0.0017 -0.0175
v  -0.0010 -0.0028 -0.0181
v  0.0004 -0.0033 -0.0191
v  0.0001 -0.0027 -0.0198
v  -0.0012 -0.0022 -0.0188
v  0.0015 -0.0039 -0.0204
v  0.0023 -0.0046 -0.0217
v  0.0020 -0.0040 -0.0223
v  0.0012 -0.0033 -0.0210
v  0.0029 -0.0054 -0.0232
v  0.0030 -0.0062 -0.0247
v  0.0026 -0.0055 -0.0251
v  0.0025 -0.0047 -0.0237
v  0.0029 -0.0071 -0.0262
v  0.0023 -0.0078 -0.0277
v  0.0020 -0.0071 -0.0279
v  0.0025 -0.0063 -0.0265
v  0.0001 -0.0085 -0.0303
v  0.0012 -0.0078 -0.0292
v  0.0015 -0.0086 -0.0290
v  0.0004 -0.0093 -0.0302
v  -0.0027 -0.0095 -0.0319
v  -0.0012 -0.0090 -0.0313
v  -0.0010 -0.0099 -0.0312
v  -0.0025 -0.0104 -0.0319
v  -0.0059 -0.0101 -0.0325
v  -0.0042 -0.0099 -0.0324
v  -0.0042 -0.0108 -0.0323
v  -0.0059 -0.0110 -0.0324
v  -0.0093 -0.0100 -0.0319
v  -0.0076 -0.0101 -0.0323
v  -0.0077 -0.0112 -0.0322
v  -0.0096 -0.0112 -0.0317
v  -0.0121 -0.0094 -0.0301
v  -0.0108 -0.0098 -0.0311
v  -0.0113 -0.0110 -0.0309
v  -0.0128 -0.0108 -0.0297
v  -0.0140 -0.0082 -0.0275
v  -0.0132 -0.0089 -0.0289
v  -0.0140 -0.0104 -0.0283
v  -0.0150 -0.0098 -0.0268
v  -0.0147 -0.0066 -0.0245
v  -0.0145 -0.0074 -0.0260
v  -0.0155 -0.0091 -0.0252
v  -0.0157 -0.0082 -0.0235
v  -0.0125 -0.0046 -0.0241
v  -0.0120 -0.0059 -0.0235
v  -0.0121 -0.0065 -0.0246
v  -0.0127 -0.0053 -0.0252
v  -0.0128 -0.0046 -0.0240
v  -0.0124 -0.0039 -0.0229
v  -0.0121 -0.0040 -0.0229
v  -0.0115 -0.0034 -0.0219
v  -0.0110 -0.0047 -0.0215
v  -0.0116 -0.0053 -0.0224
v  -0.0117 -0.0033 -0.0218
v  -0.0108 -0.0027 -0.0209
v  -0.0106 -0.0028 -0.0210
v  -0.0096 -0.0023 -0.0203
v  -0.0093 -0.0038 -0.0200
v  -0.0102 -0.0042 -0.0207
v  -0.0097 -0.0022 -0.0201
v  -0.0085 -0.0018 -0.0196
v  -0.0084 -0.0020 -0.0198
v  -0.0071 -0.0017 -0.0194
v  -0.0070 -0.0032 -0.0192
v  -0.0082 -0.0034 -0.0195
v  -0.0071 -0.0016 -0.0193
v  -0.0057 -0.0014 -0.0192
v  -0.0057 -0.0016 -0.0193
v  -0.0044 -0.0016 -0.0195
v  -0.0045 -0.0031 -0.0193
v  -0.0057 -0.0031 -0.0191
v  -0.0043 -0.0014 -0.0193
v  -0.0030 -0.0016 -0.0197
v  -0.0030 -0.0018 -0.0199
v  -0.0018 -0.0020 -0.0205
v  -0.0022 -0.0035 -0.0202
v  -0.0033 -0.0032 -0.0196
v  -0.0017 -0.0019 -0.0203
v  -0.0006 -0.0023 -0.0211
v  -0.0008 -0.0024 -0.0212
v  0.0001 -0.0029 -0.0222
v  -0.0004 -0.0043 -0.0217
v  -0.0012 -0.0038 -0.0209
v  0.0003 -0.0028 -0.0221
v  0.0009 -0.0034 -0.0232
v  0.0007 -0.0035 -0.0232
v  0.0011 -0.0041 -0.0244
v  0.0006 -0.0054 -0.0238
v  0.0002 -0.0048 -0.0227
v  0.0014 -0.0040 -0.0244
v  0.0015 -0.0047 -0.0256
v  0.0012 -0.0047 -0.0256
v  0.0011 -0.0054 -0.0267
v  0.0006 -0.0066 -0.0259
v  0.0007 -0.0060 -0.0249
v  0.0014 -0.0054 -0.0268
v  0.0009 -0.0060 -0.0280
v  0.0007 -0.0061 -0.0279
v  0.0001 -0.0067 -0.0289
v  -0.0004 -0.0077 -0.0279
v  0.0002 -0.0072 -0.0270
v  0.0003 -0.0067 -0.0291
v  -0.0006 -0.0072 -0.0300
v  -0.0008 -0.0072 -0.0298
v  -0.0018 -0.0077 -0.0305
v  -0.0022 -0.0087 -0.0294
v  -0.0012 -0.0083 -0.0288
v  -0.0017 -0.0077 -0.0308
v  -0.0030 -0.0081 -0.0313
v  -0.0030 -0.0081 -0.0311
v  -0.0044 -0.0083 -0.0314
v  -0.0045 -0.0093 -0.0302
v  -0.0033 -0.0090 -0.0299
v  -0.0043 -0.0084 -0.0316
v  -0.0057 -0.0085 -0.0317
v  -0.0057 -0.0085 -0.0314
v  -0.0071 -0.0085 -0.0313
v  -0.0070 -0.0094 -0.0301
v  -0.0057 -0.0094 -0.0303
v  -0.0071 -0.0085 -0.0315
v  -0.0085 -0.0084 -0.0311
v  -0.0084 -0.0083 -0.0309
v  -0.0096 -0.0080 -0.0303
v  -0.0093 -0.0090 -0.0292
v  -0.0082 -0.0093 -0.0298
v  -0.0097 -0.0081 -0.0305
v  -0.0108 -0.0077 -0.0297
v  -0.0106 -0.0077 -0.0295
v  -0.0115 -0.0072 -0.0286
v  -0.0110 -0.0082 -0.0277
v  -0.0102 -0.0087 -0.0285
v  -0.0117 -0.0072 -0.0288
v  -0.0124 -0.0066 -0.0277
v  -0.0121 -0.0066 -0.0276
v  -0.0120 -0.0071 -0.0256
v  -0.0116 -0.0077 -0.0267
v  -0.0125 -0.0060 -0.0264
v  -0.0128 -0.0060 -0.0265
v  -0.0129 -0.0053 -0.0253
v  -0.0158 -0.0074 -0.0219
v  -0.0152 -0.0064 -0.0203
v  -0.0159 -0.0083 -0.0235
v  -0.0143 -0.0055 -0.0189
v  -0.0130 -0.0047 -0.0177
v  -0.0115 -0.0039 -0.0169
v  -0.0098 -0.0032 -0.0163
v  -0.0079 -0.0027 -0.0160
v  -0.0060 -0.0024 -0.0161
v  -0.0042 -0.0023 -0.0164
v  -0.0025 -0.0024 -0.0171
v  -0.0009 -0.0027 -0.0180
v  0.0005 -0.0033 -0.0190
v  0.0017 -0.0039 -0.0203
v  0.0025 -0.0046 -0.0217
v  0.0030 -0.0054 -0.0231
v  0.0032 -0.0063 -0.0247
v  0.0030 -0.0071 -0.0262
v  0.0025 -0.0079 -0.0277
v  0.0017 -0.0086 -0.0291
v  0.0005 -0.0094 -0.0303
v  -0.0009 -0.0100 -0.0313
v  -0.0025 -0.0105 -0.0320
v  -0.0041 -0.0109 -0.0325
v  -0.0059 -0.0112 -0.0326
v  -0.0078 -0.0113 -0.0324
v  -0.0096 -0.0113 -0.0318
v  -0.0114 -0.0112 -0.0310
v  -0.0129 -0.0109 -0.0298
v  -0.0142 -0.0105 -0.0284
v  -0.0151 -0.0099 -0.0269
v  -0.0157 -0.0092 -0.0252
# 1705 vertices

vn 0.0138 -0.9732 -0.2296
vn -0.6641 -0.7286 -0.1675
vn -0.5880 -0.7902 -0.1725
vn 0.0024 -0.9982 -0.0605
vn 0.0000 -0.9129 -0.4082
vn -0.0000 -0.9302 -0.3671
vn -0.1954 -0.9361 -0.2925
vn -0.1595 -0.9194 -0.3596
vn -0.0020 -0.9960 0.0899
vn -0.5065 -0.8519 -0.1332
vn -0.4089 -0.9057 -0.1124
vn -0.0230 -0.9759 0.2171
vn -0.8580 -0.4998 0.1187
vn -0.7576 -0.6415 0.1202
vn -0.7805 -0.6238 -0.0416
vn -0.8545 -0.5183 -0.0350
vn -0.5713 -0.8201 0.0334
vn -0.5757 -0.8136 -0.0820
vn -0.6787 -0.7323 -0.0559
vn -0.6617 -0.7444 0.0898
vn -0.4871 -0.8725 -0.0394
vn -0.4164 -0.8995 -0.1324
vn -0.0651 -0.9687 0.2397
vn 0.0000 -0.9854 0.1703
vn -0.3260 -0.9263 -0.1890
vn -0.0662 -0.9641 0.2571
vn -0.2946 -0.9203 -0.2575
vn -0.7355 -0.6626 -0.1418
vn -0.7242 -0.4219 0.5455
vn -0.7572 -0.6049 0.2464
vn -0.6892 -0.7012 0.1825
vn -0.6275 -0.7735 0.0892
vn -0.5765 -0.8168 -0.0214
vn -0.5013 -0.2979 0.8124
vn -0.7463 -0.5799 0.3267
vn -0.7034 -0.6622 0.2583
vn -0.6723 -0.7268 0.1411
vn -0.6504 -0.7596 -0.0062
vn -0.2825 -0.7917 -0.5416
vn -0.3854 -0.7630 -0.5189
vn -0.1816 -0.7939 -0.5803
vn -0.0864 -0.7795 -0.6205
vn 0.0000 -0.7793 -0.6266
vn -0.5594 -0.6440 -0.5219
vn -0.4810 -0.7068 -0.5187
vn -0.0445 -0.9508 -0.3067
vn 0.1096 -0.9865 0.1219
vn 0.0000 -0.9924 0.1234
vn -0.0000 -0.9997 0.0225
vn 0.1121 -0.9935 0.0210
vn 0.2184 -0.9688 0.1173
vn 0.2233 -0.9746 0.0166
vn 0.2101 -0.9507 0.2281
vn 0.1055 -0.9669 0.2323
vn -0.0000 -0.9724 0.2335
vn 0.3247 -0.9394 0.1099
vn 0.3129 -0.9237 0.2213
vn 0.3318 -0.9433 0.0093
vn 0.4367 -0.8996 -0.0008
vn 0.4278 -0.8983 0.0999
vn 0.4127 -0.8859 0.2119
vn 0.5262 -0.8459 0.0869
vn 0.5085 -0.8376 0.1997
vn 0.5362 -0.8440 -0.0137
vn 0.6290 -0.7768 -0.0294
vn 0.6185 -0.7825 0.0715
vn 0.5993 -0.7788 0.1852
vn 0.7036 -0.7086 0.0535
vn 0.6838 -0.7101 0.1681
vn 0.7135 -0.6991 -0.0476
vn 0.7880 -0.6120 -0.0681
vn 0.7796 -0.6254 0.0332
vn 0.7606 -0.6319 0.1488
vn 0.8456 -0.5337 0.0113
vn 0.8287 -0.5450 0.1276
vn 0.8513 -0.5167 -0.0907
vn 0.9027 -0.4145 -0.1151
vn 0.9005 -0.4346 -0.0124
vn 0.8866 -0.4506 0.1048
vn 0.9433 -0.3298 -0.0375
vn 0.9335 -0.3495 0.0806
vn 0.9411 -0.3075 -0.1407
vn 0.9659 -0.1976 -0.1671
vn 0.9732 -0.2212 -0.0634
vn 0.9684 -0.2432 0.0555
vn 0.9897 -0.1113 -0.0899
vn 0.9905 -0.1340 0.0303
vn 0.9770 -0.0882 -0.1943
vn 0.9751 0.0174 -0.2209
vn 0.9933 -0.0031 -0.1159
vn 0.9997 -0.0244 0.0054
vn 0.9846 0.1032 -0.1408
vn 0.9962 0.0847 -0.0182
vn 0.9616 0.1197 -0.2471
vn 0.9367 0.2194 -0.2729
vn 0.9643 0.2077 -0.1643
vn 0.9804 0.1930 -0.0405
vn 0.9319 0.3110 -0.1867
vn 0.9519 0.3002 -0.0612
vn 0.9000 0.3179 -0.2981
vn 0.8498 0.4162 -0.3235
vn 0.8861 0.4138 -0.2087
vn 0.9101 0.4065 -0.0810
vn 0.8302 0.5077 -0.2304
vn 0.8570 0.5057 -0.0996
vn 0.7911 0.5034 -0.3476
vn 0.7328 0.5725 -0.3678
vn 0.7712 0.5860 -0.2487
vn 0.7974 0.5924 -0.1148
vn 0.7078 0.6560 -0.2620
vn 0.7308 0.6708 -0.1260
vn 0.6724 0.6324 -0.3846
vn 0.6045 0.6895 -0.3989
vn 0.6359 0.7225 -0.2713
vn 0.6544 0.7441 -0.1342
vn 0.5477 0.7892 -0.2780
vn 0.5633 0.8143 -0.1399
vn 0.5562 0.7303 -0.3967
vn 0.4790 0.8422 -0.2475
vn 0.4517 0.8801 -0.1464
vn 0.3469 0.9295 -0.1255
vn 0.2016 -0.9119 -0.3574
vn 0.1013 -0.9297 -0.3542
vn 0.0000 -0.9355 -0.3534
vn 0.3936 -0.8421 -0.3688
vn 0.2997 -0.8827 -0.3619
vn 0.5642 -0.7294 -0.3869
vn 0.4822 -0.7908 -0.3770
vn 0.7036 -0.5804 -0.4100
vn 0.6384 -0.6590 -0.3977
vn 0.8040 -0.4043 -0.4360
vn 0.7590 -0.4951 -0.4228
vn 0.8605 -0.2122 -0.4631
vn 0.8379 -0.3094 -0.4496
vn 0.8728 -0.0189 -0.4877
vn 0.8721 -0.1149 -0.4756
vn 0.8441 0.1685 -0.5090
vn 0.8633 0.0754 -0.4990
vn 0.7744 0.3508 -0.5265
vn 0.8145 0.2602 -0.5185
vn 0.6730 0.5080 -0.5376
vn 0.7261 0.4347 -0.5327
vn 0.5474 0.6345 -0.5457
vn 0.6141 0.5739 -0.5418
vn 0.3753 0.7444 -0.5523
vn 0.4691 0.6916 -0.5493
vn 0.1805 0.8131 -0.5535
vn 0.2758 0.7860 -0.5533
vn 0.2187 0.9698 -0.1077
vn 0.0895 0.8278 -0.5539
vn 0.1072 0.9881 -0.1104
vn -0.0000 0.9937 -0.1124
vn 0.0000 0.8324 -0.5542
vn 0.0888 -0.7821 0.6169
vn -0.0000 -0.7870 0.6169
vn 0.1757 -0.7677 0.6162
vn 0.2607 -0.7455 0.6134
vn 0.3441 -0.7146 0.6090
vn 0.4249 -0.6748 0.6034
vn 0.5022 -0.6260 0.5966
vn 0.5748 -0.5687 0.5885
vn 0.6411 -0.5028 0.5797
vn 0.7011 -0.4293 0.5694
vn 0.7529 -0.3485 0.5584
vn 0.7953 -0.2611 0.5472
vn 0.8260 -0.1672 0.5384
vn 0.8441 -0.0701 0.5315
vn 0.8482 0.0269 0.5289
vn 0.8394 0.1221 0.5296
vn 0.8197 0.2130 0.5318
vn 0.7880 0.2999 0.5376
vn 0.7426 0.3837 0.5489
vn 0.6897 0.4582 0.5607
vn 0.6399 0.5181 0.5676
vn 0.5941 0.5735 0.5640
vn 0.5458 0.6323 0.5498
vn 0.5390 0.6939 0.4775
vn -0.1124 0.9810 -0.1578
vn -0.1050 0.9210 -0.3750
vn -0.2091 0.9061 -0.3678
vn -0.2260 0.9622 -0.1516
vn -0.1119 0.9887 0.1001
vn -0.2266 0.9685 0.1029
vn 0.0000 0.9951 0.0993
vn 0.0000 0.9873 -0.1591
vn -0.0000 0.9262 -0.3770
vn -0.3343 0.9318 -0.1412
vn -0.3106 0.8813 -0.3560
vn -0.4086 0.8460 -0.3425
vn -0.4363 0.8903 -0.1307
vn -0.3352 0.9360 0.1077
vn -0.4362 0.8926 0.1142
vn -0.5330 0.8378 -0.1185
vn -0.5027 0.8003 -0.3268
vn -0.5914 0.7447 -0.3092
vn -0.6223 0.7759 -0.1040
vn -0.5314 0.8381 0.1231
vn -0.6180 0.7747 0.1342
vn -0.7048 0.7041 -0.0869
vn -0.6738 0.6795 -0.2902
vn -0.7489 0.6056 -0.2691
vn -0.7774 0.6255 -0.0660
vn -0.6972 0.7014 0.1480
vn -0.7656 0.6219 0.1643
vn -0.8396 0.5410 -0.0487
vn -0.8144 0.5234 -0.2507
vn -0.8707 0.4319 -0.2351
vn -0.8972 0.4403 -0.0334
vn -0.8230 0.5380 0.1821
vn -0.8767 0.4343 0.2067
vn -0.9454 0.3259 -0.0062
vn -0.9184 0.3327 -0.2141
vn -0.9551 0.2287 -0.1883
vn -0.9763 0.2144 0.0287
vn -0.9192 0.3137 0.2379
vn -0.9430 0.1993 0.2666
vn -0.9922 0.1096 0.0600
vn -0.9790 0.1217 -0.1638
vn -0.9897 0.0132 -0.1423
vn -0.9964 0.0080 0.0845
vn -0.9521 0.0990 0.2892
vn -0.9517 0.0089 0.3070
vn -0.9898 -0.0982 0.1031
vn -0.9876 -0.0965 -0.1240
vn -0.9727 -0.2070 -0.1048
vn -0.9690 -0.2135 0.1243
vn -0.9420 -0.0874 0.3239
vn -0.9170 -0.2008 0.3448
vn -0.9326 -0.3279 0.1504
vn -0.9449 -0.3168 -0.0821
vn -0.9035 -0.4247 -0.0579
vn -0.8833 -0.4347 0.1756
vn -0.8769 -0.3137 0.3642
vn -0.8284 -0.4144 0.3769
vn -0.7467 -0.4587 0.4817
vn -0.7821 -0.3833 0.4913
vn -0.7788 -0.4991 0.3799
vn -0.7290 -0.5134 0.4527
vn -0.7409 -0.5652 0.3628
vn -0.4407 -0.2783 0.8534
vn -0.4237 -0.2479 0.8712
vn -0.4213 -0.1988 0.8849
vn -0.7161 -0.6761 0.1736
vn -0.7181 -0.6959 -0.0108
vn -0.7146 -0.6233 0.3176
vn -0.7694 -0.6075 0.1976
vn -0.7866 -0.6172 -0.0166
vn -0.1058 0.9530 0.2838
vn -0.2137 0.9351 0.2828
vn -0.1017 0.4708 0.8764
vn -0.0505 0.4769 0.8775
vn 0.0000 0.4796 0.8775
vn 0.0000 0.9591 0.2832
vn 0.0000 0.6780 -0.7351
vn -0.0746 0.6751 -0.7340
vn -0.1487 0.6665 -0.7305
vn -0.3170 0.9058 0.2811
vn -0.4140 0.8650 0.2835
vn -0.2001 0.4399 0.8755
vn -0.1520 0.4592 0.8753
vn -0.2223 0.6521 -0.7248
vn -0.2953 0.6308 -0.7176
vn -0.5055 0.8130 0.2891
vn -0.5891 0.7515 0.2969
vn -0.2878 0.3815 0.8784
vn -0.2458 0.4138 0.8765
vn -0.3672 0.6022 -0.7089
vn -0.4373 0.5662 -0.6987
vn -0.6655 0.6802 0.3073
vn -0.7321 0.6025 0.3178
vn -0.3584 0.3030 0.8830
vn -0.3254 0.3437 0.8809
vn -0.5039 0.5216 -0.6885
vn -0.5665 0.4692 -0.6775
vn -0.7867 0.5176 0.3363
vn -0.8313 0.4148 0.3700
vn -0.3960 0.2000 0.8962
vn -0.3837 0.2564 0.8871
vn -0.6235 0.4090 -0.6663
vn -0.6735 0.3412 -0.6557
vn -0.8649 0.3010 0.4017
vn -0.8871 0.1924 0.4196
vn -0.4106 0.0957 0.9068
vn -0.4012 0.1446 0.9045
vn -0.7160 0.2667 -0.6451
vn -0.7509 0.1862 -0.6336
vn -0.8972 0.0947 0.4312
vn -0.8968 0.0080 0.4423
vn -0.4245 0.0069 0.9054
vn -0.4175 0.0495 0.9073
vn -0.7761 0.1014 -0.6223
vn -0.7909 0.0140 -0.6118
vn -0.8840 -0.0837 0.4600
vn -0.8566 -0.1884 0.4804
vn -0.4241 -0.0897 0.9012
vn -0.4283 -0.0393 0.9028
vn -0.7958 -0.0749 -0.6009
vn -0.7907 -0.1641 -0.5898
vn -0.8212 -0.2910 0.4909
vn -0.4215 -0.1419 0.8956
vn -0.7753 -0.2536 -0.5785
vn -0.7492 -0.3433 -0.5664
vn -0.7128 -0.4284 -0.5553
vn -0.8493 -0.5267 -0.0349
vn -0.6702 -0.5051 -0.5438
vn -0.7292 -0.5573 0.3971
vn -0.4783 -0.2909 0.8286
vn -0.6205 -0.5759 -0.5322
vn 0.0080 -0.0858 -0.9963
vn 0.0165 -0.0821 -0.9965
vn 0.0000 -0.0869 -0.9962
vn 0.0245 -0.0766 -0.9968
vn 0.0308 -0.0693 -0.9971
vn 0.0353 -0.0606 -0.9975
vn 0.0376 -0.0508 -0.9980
vn 0.0386 -0.0418 -0.9984
vn 0.0372 -0.0321 -0.9988
vn 0.0340 -0.0233 -0.9992
vn 0.0295 -0.0160 -0.9994
vn 0.0241 -0.0104 -0.9997
vn 0.0171 -0.0067 -0.9998
vn 0.0104 -0.0056 -0.9999
vn 0.0046 -0.0066 -1.0000
vn -0.0015 -0.0083 -1.0000
vn -0.0064 -0.0103 -0.9999
vn -0.0108 -0.0119 -0.9999
vn -0.0149 -0.0134 -0.9998
vn -0.0166 -0.0141 -0.9998
vn -0.0181 -0.0152 -0.9997
vn -0.0194 -0.0172 -0.9997
vn -0.0196 -0.0203 -0.9996
vn -0.0187 -0.0246 -0.9995
vn -0.0156 -0.0290 -0.9995
vn -0.0102 -0.0287 -0.9995
vn -0.0056 -0.0268 -0.9996
vn -0.0014 -0.0243 -0.9997
vn 0.0000 -0.0311 -0.9995
vn -0.8257 -0.5294 0.1948
vn -0.0024 -0.9982 -0.0605
vn 0.5880 -0.7902 -0.1726
vn 0.6641 -0.7286 -0.1675
vn -0.0117 -0.9739 -0.2266
vn 0.1595 -0.9194 -0.3596
vn 0.1954 -0.9361 -0.2925
vn 0.5065 -0.8519 -0.1333
vn 0.0021 -0.9960 0.0898
vn 0.0231 -0.9759 0.2171
vn 0.4089 -0.9056 -0.1124
vn 0.7805 -0.6238 -0.0416
vn 0.7574 -0.6418 0.1203
vn 0.8580 -0.4998 0.1185
vn 0.8545 -0.5183 -0.0350
vn 0.6611 -0.7449 0.0898
vn 0.6787 -0.7323 -0.0559
vn 0.5756 -0.8136 -0.0820
vn 0.5709 -0.8203 0.0334
vn 0.4163 -0.8995 -0.1324
vn 0.4870 -0.8725 -0.0394
vn 0.0651 -0.9687 0.2397
vn 0.0662 -0.9641 0.2571
vn 0.3260 -0.9263 -0.1890
vn 0.2946 -0.9203 -0.2575
vn 0.7326 -0.6656 -0.1422
vn 0.7564 -0.6059 0.2465
vn 0.7252 -0.4223 0.5438
vn 0.6880 -0.7026 0.1818
vn 0.6266 -0.7743 0.0885
vn 0.5764 -0.8169 -0.0217
vn 0.7480 -0.5811 0.3208
vn 0.5011 -0.2982 0.8124
vn 0.6723 -0.7271 0.1393
vn 0.7040 -0.6628 0.2552
vn 0.6504 -0.7596 -0.0070
vn 0.2825 -0.7918 -0.5416
vn 0.3853 -0.7630 -0.5189
vn 0.1817 -0.7939 -0.5803
vn 0.0864 -0.7795 -0.6205
vn 0.5594 -0.6439 -0.5220
vn 0.4810 -0.7067 -0.5188
vn 0.0398 -0.9530 -0.3003
vn -0.1096 -0.9865 0.1219
vn -0.1121 -0.9935 0.0210
vn -0.2184 -0.9688 0.1173
vn -0.2233 -0.9746 0.0166
vn -0.1055 -0.9669 0.2323
vn -0.2101 -0.9507 0.2281
vn -0.3247 -0.9394 0.1099
vn -0.3129 -0.9237 0.2213
vn -0.3318 -0.9433 0.0093
vn -0.4278 -0.8983 0.0999
vn -0.4367 -0.8996 -0.0008
vn -0.4127 -0.8859 0.2119
vn -0.5261 -0.8460 0.0869
vn -0.5085 -0.8376 0.1998
vn -0.5362 -0.8440 -0.0137
vn -0.6185 -0.7825 0.0715
vn -0.6290 -0.7768 -0.0294
vn -0.5993 -0.7788 0.1852
vn -0.7036 -0.7086 0.0535
vn -0.6838 -0.7100 0.1681
vn -0.7135 -0.6991 -0.0476
vn -0.7796 -0.6254 0.0333
vn -0.7880 -0.6120 -0.0681
vn -0.7606 -0.6319 0.1488
vn -0.8456 -0.5336 0.0113
vn -0.8286 -0.5451 0.1276
vn -0.8513 -0.5167 -0.0907
vn -0.9005 -0.4346 -0.0124
vn -0.9028 -0.4145 -0.1150
vn -0.8866 -0.4506 0.1047
vn -0.9433 -0.3299 -0.0375
vn -0.9335 -0.3495 0.0806
vn -0.9411 -0.3075 -0.1407
vn -0.9732 -0.2212 -0.0634
vn -0.9659 -0.1976 -0.1672
vn -0.9684 -0.2431 0.0556
vn -0.9897 -0.1113 -0.0898
vn -0.9905 -0.1340 0.0303
vn -0.9770 -0.0882 -0.1943
vn -0.9933 -0.0031 -0.1159
vn -0.9751 0.0174 -0.2210
vn -0.9997 -0.0245 0.0054
vn -0.9846 0.1032 -0.1408
vn -0.9962 0.0847 -0.0182
vn -0.9615 0.1197 -0.2472
vn -0.9643 0.2077 -0.1643
vn -0.9367 0.2195 -0.2729
vn -0.9804 0.1930 -0.0405
vn -0.9319 0.3110 -0.1868
vn -0.9519 0.3002 -0.0612
vn -0.9000 0.3179 -0.2981
vn -0.8861 0.4138 -0.2087
vn -0.8498 0.4161 -0.3235
vn -0.9101 0.4065 -0.0810
vn -0.8302 0.5077 -0.2304
vn -0.8570 0.5057 -0.0995
vn -0.7911 0.5034 -0.3476
vn -0.7712 0.5860 -0.2487
vn -0.7327 0.5726 -0.3679
vn -0.7974 0.5924 -0.1148
vn -0.7078 0.6560 -0.2620
vn -0.7308 0.6708 -0.1260
vn -0.6724 0.6324 -0.3846
vn -0.6359 0.7225 -0.2713
vn -0.6045 0.6895 -0.3989
vn -0.6544 0.7441 -0.1341
vn -0.5477 0.7892 -0.2780
vn -0.5633 0.8143 -0.1400
vn -0.5562 0.7303 -0.3967
vn -0.4791 0.8422 -0.2475
vn -0.4517 0.8801 -0.1464
vn -0.3469 0.9295 -0.1255
vn -0.1013 -0.9297 -0.3542
vn -0.2016 -0.9119 -0.3574
vn -0.2997 -0.8827 -0.3619
vn -0.3937 -0.8420 -0.3688
vn -0.4821 -0.7908 -0.3770
vn -0.5641 -0.7294 -0.3869
vn -0.6384 -0.6590 -0.3977
vn -0.7036 -0.5804 -0.4100
vn -0.7591 -0.4951 -0.4227
vn -0.8040 -0.4042 -0.4361
vn -0.8380 -0.3093 -0.4494
vn -0.8605 -0.2123 -0.4631
vn -0.8720 -0.1150 -0.4758
vn -0.8728 -0.0189 -0.4877
vn -0.8634 0.0754 -0.4989
vn -0.8441 0.1685 -0.5090
vn -0.8145 0.2602 -0.5185
vn -0.7744 0.3508 -0.5265
vn -0.7261 0.4347 -0.5327
vn -0.6730 0.5079 -0.5376
vn -0.6141 0.5739 -0.5418
vn -0.5474 0.6345 -0.5457
vn -0.4691 0.6916 -0.5492
vn -0.3753 0.7444 -0.5523
vn -0.2758 0.7860 -0.5533
vn -0.1805 0.8131 -0.5535
vn -0.2186 0.9698 -0.1077
vn -0.1072 0.9881 -0.1104
vn -0.0895 0.8278 -0.5539
vn -0.0888 -0.7821 0.6169
vn -0.1757 -0.7677 0.6163
vn -0.2607 -0.7455 0.6134
vn -0.3441 -0.7147 0.6090
vn -0.4249 -0.6748 0.6034
vn -0.5022 -0.6260 0.5966
vn -0.5748 -0.5687 0.5885
vn -0.6411 -0.5028 0.5797
vn -0.7011 -0.4293 0.5693
vn -0.7529 -0.3485 0.5584
vn -0.7953 -0.2610 0.5472
vn -0.8260 -0.1673 0.5383
vn -0.8441 -0.0701 0.5316
vn -0.8483 0.0270 0.5289
vn -0.8395 0.1220 0.5295
vn -0.8197 0.2129 0.5318
vn -0.7880 0.2999 0.5377
vn -0.7426 0.3837 0.5489
vn -0.6897 0.4582 0.5607
vn -0.6399 0.5181 0.5676
vn -0.5941 0.5735 0.5640
vn -0.5461 0.6329 0.5488
vn -0.5390 0.6938 0.4776
vn 0.1125 0.9810 -0.1578
vn 0.2260 0.9623 -0.1516
vn 0.2091 0.9061 -0.3678
vn 0.1050 0.9210 -0.3750
vn 0.1119 0.9887 0.1001
vn 0.2266 0.9685 0.1029
vn 0.3342 0.9318 -0.1412
vn 0.4363 0.8903 -0.1307
vn 0.4086 0.8460 -0.3425
vn 0.3106 0.8813 -0.3560
vn 0.3352 0.9360 0.1077
vn 0.4363 0.8925 0.1142
vn 0.5331 0.8377 -0.1184
vn 0.6222 0.7759 -0.1041
vn 0.5914 0.7448 -0.3092
vn 0.5027 0.8003 -0.3268
vn 0.5314 0.8381 0.1231
vn 0.6180 0.7747 0.1341
vn 0.7047 0.7042 -0.0869
vn 0.7774 0.6255 -0.0660
vn 0.7488 0.6056 -0.2692
vn 0.6738 0.6795 -0.2902
vn 0.6972 0.7014 0.1480
vn 0.7656 0.6219 0.1644
vn 0.8396 0.5410 -0.0487
vn 0.8972 0.4403 -0.0334
vn 0.8707 0.4319 -0.2351
vn 0.8143 0.5235 -0.2507
vn 0.8230 0.5380 0.1822
vn 0.8767 0.4343 0.2067
vn 0.9454 0.3259 -0.0062
vn 0.9763 0.2144 0.0287
vn 0.9551 0.2287 -0.1883
vn 0.9184 0.3327 -0.2141
vn 0.9192 0.3137 0.2379
vn 0.9430 0.1992 0.2666
vn 0.9922 0.1096 0.0601
vn 0.9964 0.0080 0.0845
vn 0.9897 0.0132 -0.1423
vn 0.9790 0.1217 -0.1638
vn 0.9521 0.0990 0.2894
vn 0.9517 0.0090 0.3070
vn 0.9898 -0.0982 0.1031
vn 0.9690 -0.2136 0.1243
vn 0.9727 -0.2070 -0.1049
vn 0.9876 -0.0966 -0.1241
vn 0.9420 -0.0874 0.3239
vn 0.9170 -0.2008 0.3448
vn 0.9326 -0.3280 0.1504
vn 0.8833 -0.4347 0.1756
vn 0.9035 -0.4247 -0.0579
vn 0.9450 -0.3167 -0.0821
vn 0.8769 -0.3137 0.3641
vn 0.8284 -0.4144 0.3769
vn 0.7788 -0.4992 0.3798
vn 0.7821 -0.3834 0.4913
vn 0.7467 -0.4587 0.4817
vn 0.7409 -0.5652 0.3628
vn 0.7290 -0.5134 0.4527
vn 0.4237 -0.2479 0.8712
vn 0.4407 -0.2783 0.8534
vn 0.4213 -0.1988 0.8848
vn 0.7165 -0.6757 0.1736
vn 0.7694 -0.6074 0.1976
vn 0.7151 -0.6227 0.3176
vn 0.7181 -0.6958 -0.0108
vn 0.7866 -0.6172 -0.0166
vn 0.1058 0.9530 0.2838
vn 0.2137 0.9351 0.2828
vn 0.0505 0.4769 0.8775
vn 0.1017 0.4708 0.8764
vn 0.0746 0.6751 -0.7340
vn 0.1487 0.6665 -0.7305
vn 0.3169 0.9058 0.2811
vn 0.4140 0.8650 0.2835
vn 0.1520 0.4592 0.8752
vn 0.2001 0.4399 0.8755
vn 0.2223 0.6521 -0.7248
vn 0.2953 0.6308 -0.7176
vn 0.5055 0.8130 0.2891
vn 0.5891 0.7515 0.2970
vn 0.2459 0.4138 0.8765
vn 0.2878 0.3814 0.8785
vn 0.3672 0.6022 -0.7089
vn 0.4374 0.5662 -0.6987
vn 0.6655 0.6802 0.3073
vn 0.7321 0.6025 0.3179
vn 0.3254 0.3437 0.8809
vn 0.3584 0.3030 0.8830
vn 0.5040 0.5216 -0.6885
vn 0.5664 0.4692 -0.6775
vn 0.7867 0.5176 0.3364
vn 0.8313 0.4149 0.3700
vn 0.3836 0.2564 0.8872
vn 0.3960 0.2001 0.8962
vn 0.6235 0.4090 -0.6664
vn 0.6735 0.3413 -0.6557
vn 0.8649 0.3010 0.4017
vn 0.8871 0.1923 0.4196
vn 0.4012 0.1446 0.9045
vn 0.4106 0.0957 0.9068
vn 0.7162 0.2668 -0.6449
vn 0.7509 0.1862 -0.6336
vn 0.8973 0.0947 0.4312
vn 0.8968 0.0081 0.4423
vn 0.4176 0.0496 0.9073
vn 0.4246 0.0069 0.9054
vn 0.7760 0.1014 -0.6226
vn 0.7909 0.0139 -0.6118
vn 0.8840 -0.0837 0.4600
vn 0.8566 -0.1884 0.4804
vn 0.4283 -0.0393 0.9028
vn 0.4241 -0.0897 0.9012
vn 0.7957 -0.0750 -0.6010
vn 0.7908 -0.1641 -0.5897
vn 0.8212 -0.2910 0.4909
vn 0.4215 -0.1419 0.8956
vn 0.7753 -0.2535 -0.5785
vn 0.7492 -0.3433 -0.5664
vn 0.8493 -0.5267 -0.0349
vn 0.7128 -0.4284 -0.5553
vn 0.6702 -0.5051 -0.5438
vn 0.4783 -0.2909 0.8286
vn 0.7298 -0.5565 0.3971
vn 0.6205 -0.5759 -0.5322
vn -0.0080 -0.0858 -0.9963
vn -0.0165 -0.0821 -0.9965
vn -0.0308 -0.0693 -0.9971
vn -0.0244 -0.0766 -0.9968
vn -0.0376 -0.0508 -0.9980
vn -0.0353 -0.0606 -0.9975
vn -0.0373 -0.0322 -0.9988
vn -0.0385 -0.0417 -0.9984
vn -0.0294 -0.0159 -0.9994
vn -0.0342 -0.0235 -0.9991
vn -0.0170 -0.0069 -0.9998
vn -0.0238 -0.0103 -0.9997
vn -0.0046 -0.0064 -1.0000
vn -0.0106 -0.0056 -0.9999
vn 0.0066 -0.0103 -0.9999
vn 0.0014 -0.0083 -1.0000
vn 0.0149 -0.0134 -0.9998
vn 0.0110 -0.0120 -0.9999
vn 0.0181 -0.0152 -0.9997
vn 0.0168 -0.0143 -0.9998
vn 0.0196 -0.0204 -0.9996
vn 0.0194 -0.0172 -0.9997
vn 0.0156 -0.0290 -0.9995
vn 0.0186 -0.0244 -0.9995
vn 0.0056 -0.0268 -0.9996
vn 0.0102 -0.0288 -0.9995
vn 0.0014 -0.0243 -0.9997
vn 0.8257 -0.5294 0.1948
vn -0.3439 -0.9148 -0.2119
vn -0.2743 -0.9450 -0.1785
vn 0.2796 -0.9594 -0.0372
vn 0.2743 -0.9450 -0.1785
vn 0.0000 -0.9115 0.4114
vn -0.0018 -0.9188 0.3948
vn 0.0390 -0.9273 0.3724
vn 0.1215 -0.9475 0.2957
vn 0.2160 -0.9647 0.1508
vn 0.3429 -0.9151 -0.2122
vn -0.2796 -0.9594 -0.0372
vn 0.0019 -0.9188 0.3948
vn -0.1215 -0.9475 0.2957
vn -0.0390 -0.9273 0.3724
vn -0.2160 -0.9647 0.1508
vn 0.0000 -0.9994 -0.0334
vn 0.9159 0.3734 0.1473
vn 0.8782 0.4724 0.0749
vn 0.8962 0.4324 0.0995
vn 0.9358 0.3076 0.1721
vn 0.7320 0.6759 -0.0860
vn 0.7864 0.6175 -0.0183
vn 0.0414 0.8571 -0.5134
vn 0.0553 0.8486 -0.5262
vn 0.0309 0.8484 -0.5285
vn 0.0222 0.8539 -0.5199
vn 0.0000 0.4473 -0.8944
vn 0.0000 0.7153 -0.6988
vn 0.0828 0.7194 -0.6897
vn 0.1153 0.4623 -0.8792
vn 0.0000 0.8793 -0.4763
vn 0.0679 0.8795 -0.4710
vn 0.0533 0.8778 -0.4760
vn 0.0434 0.8690 -0.4929
vn 0.0798 0.8486 -0.5229
vn 0.0645 0.8547 -0.5150
vn 0.4464 0.8296 -0.3356
vn 0.5284 0.8108 -0.2518
vn 0.2691 0.8707 -0.4118
vn 0.2696 0.8795 -0.3921
vn 0.3834 0.7080 -0.5930
vn 0.3648 0.6446 -0.6719
vn 0.2265 0.7980 -0.5585
vn 0.2485 0.8275 -0.5034
vn 0.2099 0.4936 -0.8440
vn 0.1353 0.7311 -0.6687
vn 0.1761 0.7461 -0.6421
vn 0.2805 0.5268 -0.8024
vn 0.3288 0.5834 -0.7426
vn 0.2079 0.7704 -0.6027
vn 0.1003 0.8547 -0.5093
vn 0.9398 0.2961 0.1705
vn 0.8929 0.4390 0.1001
vn 0.5868 0.7870 -0.1903
vn 0.7994 0.6003 -0.0240
vn 0.0818 0.8807 -0.4666
vn 0.0794 0.8807 -0.4670
vn 0.0000 0.8838 -0.4679
vn 0.0000 0.8823 -0.4707
vn 0.2845 0.8813 -0.3774
vn 0.2505 0.8819 -0.3995
vn 0.2022 0.8770 -0.4359
vn 0.2270 0.8818 -0.4133
vn 0.5777 0.7949 -0.1854
vn 0.7799 0.6243 -0.0442
vn 0.0670 0.8828 -0.4650
vn 0.0681 0.8799 -0.4703
vn 0.0000 0.8804 -0.4743
vn 0.0012 0.8799 -0.4751
vn 0.1493 0.8711 -0.4678
vn 0.1667 0.8798 -0.4452
vn 0.1104 0.8725 -0.4760
vn 0.1381 0.8658 -0.4809
vn 0.1236 0.8586 -0.4976
vn 0.1029 0.8592 -0.5012
vn 0.0167 0.8716 -0.4900
vn 0.0000 0.8654 -0.5011
vn 0.4579 0.8758 -0.1527
vn 0.4167 0.8885 -0.1925
vn 0.3857 0.9028 -0.1903
vn 0.3701 0.9094 -0.1897
vn 0.2603 0.9487 -0.1794
vn 0.2585 0.9442 -0.2043
vn 0.0000 0.9439 -0.3303
vn 0.0124 0.9415 -0.3367
vn 0.0348 0.9363 -0.3494
vn 0.3451 0.8759 -0.3372
vn 0.2970 0.8727 -0.3875
vn -0.0000 0.9259 -0.3778
vn 0.0000 0.9699 -0.2434
vn 0.1126 0.9717 -0.2078
vn 0.0103 0.9415 -0.3369
vn 0.0747 0.9506 -0.3014
vn 0.1336 0.9649 -0.2260
vn 0.0000 0.9661 -0.2581
vn 0.1424 0.9410 -0.3069
vn 0.1256 0.9308 -0.3432
vn 0.3823 0.8800 -0.2819
vn 0.3956 0.8792 -0.2655
vn 0.5888 0.8066 -0.0529
vn 0.7372 0.6740 -0.0484
vn 0.5972 0.7904 -0.1369
vn 0.6584 0.7499 -0.0645
vn 0.0727 0.9279 -0.3657
vn 0.7548 0.6540 -0.0507
vn 0.5914 0.7900 -0.1614
vn -0.3735 0.9112 -0.1740
vn -0.4084 0.8545 -0.3210
vn -0.1502 0.9881 0.0335
vn -0.2815 0.9583 -0.0485
vn -0.0000 0.9981 0.0622
vn 0.0000 0.8518 -0.5239
vn 0.2298 0.8574 -0.4604
vn 0.3475 0.7832 -0.5156
vn 0.1993 0.8831 -0.4248
vn 0.3042 0.8802 -0.3643
vn 0.3362 0.8784 -0.3397
vn 0.4977 0.8584 -0.1244
vn 0.4501 0.8763 -0.1720
vn 0.3866 0.8727 -0.2983
vn 0.4286 0.8711 -0.2396
vn 0.0000 0.8563 -0.5165
vn 0.0780 0.8627 -0.4997
vn -0.9158 0.3738 0.1472
vn -0.9358 0.3076 0.1721
vn -0.8964 0.4319 0.1001
vn -0.8781 0.4726 0.0748
vn -0.7864 0.6174 -0.0182
vn -0.7320 0.6759 -0.0861
vn -0.0718 0.8797 -0.4701
vn 0.0054 0.8799 -0.4750
vn -0.0669 0.8787 -0.4726
vn -0.0414 0.8571 -0.5134
vn -0.0222 0.8539 -0.5199
vn -0.0309 0.8484 -0.5285
vn -0.0553 0.8486 -0.5262
vn -0.1154 0.4623 -0.8792
vn -0.0828 0.7194 -0.6897
vn -0.0506 0.8773 -0.4772
vn -0.0606 0.8803 -0.4705
vn -0.0434 0.8690 -0.4929
vn -0.0798 0.8486 -0.5229
vn -0.0645 0.8547 -0.5150
vn -0.4464 0.8295 -0.3356
vn -0.5283 0.8108 -0.2520
vn -0.2691 0.8707 -0.4118
vn -0.2695 0.8796 -0.3921
vn -0.2052 0.8771 -0.4343
vn -0.2043 0.8708 -0.4473
vn -0.2777 0.8552 -0.4376
vn -0.2149 0.8555 -0.4711
vn -0.1601 0.8638 -0.4776
vn -0.1345 0.8634 -0.4863
vn -0.2486 0.8275 -0.5034
vn -0.3785 0.7044 -0.6004
vn -0.2265 0.7979 -0.5586
vn -0.3647 0.6447 -0.6718
vn -0.2094 0.8611 -0.4634
vn -0.1545 0.8736 -0.4615
vn -0.2804 0.5268 -0.8024
vn -0.1761 0.7461 -0.6421
vn -0.1353 0.7311 -0.6687
vn -0.2099 0.4936 -0.8440
vn -0.3288 0.5834 -0.7426
vn -0.2079 0.7704 -0.6027
vn -0.1003 0.8547 -0.5094
vn -0.9413 0.2904 0.1722
vn -0.9083 0.4017 0.1170
vn -0.8908 0.4440 0.0965
vn -0.9387 0.3004 0.1689
vn -0.2527 0.8832 -0.3951
vn -0.2012 0.8827 -0.4246
vn -0.1759 0.8799 -0.4415
vn -0.2239 0.8815 -0.4158
vn -0.7984 0.6017 -0.0248
vn -0.5869 0.7870 -0.1903
vn -0.7800 0.6242 -0.0441
vn -0.0818 0.8807 -0.4666
vn -0.0778 0.8830 -0.4628
vn -0.2845 0.8813 -0.3774
vn -0.2270 0.8818 -0.4133
vn -0.5777 0.7949 -0.1854
vn -0.1136 0.8783 -0.4643
vn -0.1541 0.8767 -0.4557
vn -0.1167 0.8787 -0.4629
vn -0.1321 0.8789 -0.4584
vn -0.1464 0.8819 -0.4482
vn -0.0633 0.8802 -0.4704
vn -0.3068 0.8312 -0.4636
vn -0.1214 0.8778 -0.4634
vn -0.1667 0.8798 -0.4452
vn -0.1027 0.8677 -0.4863
vn -0.1029 0.8592 -0.5012
vn -0.1236 0.8586 -0.4976
vn -0.0167 0.8716 -0.4900
vn -0.1288 0.8718 -0.4727
vn -0.3700 0.9094 -0.1898
vn -0.3857 0.9028 -0.1903
vn -0.4167 0.8885 -0.1925
vn -0.4579 0.8758 -0.1526
vn -0.2584 0.9442 -0.2043
vn -0.2603 0.9487 -0.1794
vn -0.0124 0.9415 -0.3368
vn -0.0348 0.9363 -0.3494
vn -0.3451 0.8759 -0.3372
vn -0.2971 0.8727 -0.3875
vn -0.0103 0.9415 -0.3369
vn -0.1127 0.9717 -0.2078
vn -0.0746 0.9506 -0.3015
vn -0.1336 0.9650 -0.2259
vn -0.1427 0.9410 -0.3068
vn -0.1254 0.9308 -0.3432
vn -0.3823 0.8800 -0.2819
vn -0.3957 0.8791 -0.2655
vn -0.5972 0.7904 -0.1369
vn -0.7372 0.6740 -0.0484
vn -0.5890 0.8064 -0.0528
vn -0.6584 0.7499 -0.0645
vn -0.0729 0.9279 -0.3657
vn -0.5914 0.7901 -0.1613
vn -0.7548 0.6540 -0.0507
vn 0.4084 0.8545 -0.3210
vn 0.3735 0.9112 -0.1739
vn 0.2815 0.9583 -0.0485
vn 0.1502 0.9881 0.0335
vn -0.1578 0.8777 -0.4525
vn -0.3471 0.7832 -0.5158
vn -0.3042 0.8802 -0.3643
vn -0.3361 0.8784 -0.3397
vn -0.4974 0.8585 -0.1247
vn -0.4501 0.8762 -0.1720
vn -0.3866 0.8727 -0.2983
vn -0.4286 0.8711 -0.2396
vn -0.0780 0.8627 -0.4997
vn -0.3801 0.8006 -0.4632
vn -0.2885 0.7583 -0.5846
vn -0.1425 0.7277 -0.6709
vn -0.0000 0.7040 -0.7102
vn 0.3800 0.8007 -0.4632
vn 0.1425 0.7278 -0.6709
vn 0.2885 0.7583 -0.5846
vn -0.0000 0.9544 0.2987
vn -0.2342 0.9378 0.2564
vn 0.2342 0.9378 0.2564
vn 0.4365 0.8897 0.1339
vn 0.5759 0.8158 -0.0525
vn 0.6266 0.7295 -0.2742
vn 0.5827 0.6484 -0.4899
vn 0.4471 0.5814 -0.6797
vn 0.2189 0.5315 -0.8183
vn -0.0000 0.5083 -0.8612
vn -0.2189 0.5315 -0.8183
vn -0.4471 0.5814 -0.6797
vn -0.5827 0.6484 -0.4899
vn -0.6266 0.7296 -0.2740
vn -0.5757 0.8160 -0.0526
vn -0.4367 0.8896 0.1337
vn 0.1070 0.3503 -0.9305
vn 0.0000 0.3334 -0.9428
vn 0.2719 0.8566 -0.4386
vn 0.3055 0.8292 -0.4681
vn 0.4216 0.6219 -0.6599
vn 0.4008 0.5527 -0.7307
vn 0.2172 0.3855 -0.8968
vn 0.2987 0.4175 -0.8582
vn 0.3526 0.4826 -0.8017
vn 0.3446 0.7820 -0.5193
vn 0.2971 0.8297 -0.4726
vn 0.3890 0.7131 -0.5832
vn -0.1070 0.3503 -0.9305
vn -0.3055 0.8292 -0.4681
vn -0.4007 0.5528 -0.7306
vn -0.4216 0.6219 -0.6599
vn -0.2987 0.4175 -0.8582
vn -0.2172 0.3855 -0.8968
vn -0.3526 0.4825 -0.8018
vn -0.3446 0.7820 -0.5193
vn -0.4083 0.7017 -0.5839
vn 0.2042 0.8746 -0.4397
vn 0.9084 0.4010 0.1183
vn 0.9414 0.2901 0.1723
vn 0.3363 0.8519 0.4016
vn 0.0384 0.9037 0.4263
vn 0.1434 0.9868 -0.0751
vn 0.2702 0.9578 -0.0976
vn 0.6222 0.7441 0.2432
vn 0.3839 0.9079 -0.1685
vn 0.7978 0.6028 0.0125
vn 0.4615 0.8412 -0.2818
vn 0.8553 0.4536 -0.2503
vn 0.4934 0.7688 -0.4067
vn 0.7879 0.3073 -0.5337
vn 0.4589 0.7019 -0.5448
vn 0.6129 0.1937 -0.7660
vn 0.3915 0.6405 -0.6607
vn 0.3531 0.1439 -0.9245
vn 0.2901 0.6138 -0.7342
vn 0.0491 0.1522 -0.9871
vn 0.1502 0.6116 -0.7768
vn -0.2488 0.2291 -0.9411
vn 0.0041 0.6500 -0.7599
vn -0.4957 0.3421 -0.7983
vn -0.1169 0.7059 -0.6986
vn -0.6359 0.4840 -0.6012
vn -0.1818 0.7873 -0.5891
vn -0.6951 0.6260 -0.3535
vn -0.2072 0.8661 -0.4550
vn -0.6431 0.7614 -0.0818
vn -0.1682 0.9337 -0.3160
vn -0.5006 0.8509 0.1593
vn -0.1171 0.9759 -0.1841
vn -0.2514 0.9083 0.3344
vn 0.0073 0.9935 -0.1138
vn 0.1889 0.8306 -0.5239
vn 0.3486 0.8408 0.4142
vn 0.0471 0.8873 0.4588
vn 0.1181 0.9920 -0.0448
vn 0.2532 0.9640 -0.0813
vn 0.6146 0.7410 0.2706
vn 0.3690 0.9172 -0.1504
vn 0.7954 0.6049 0.0390
vn 0.4310 0.8590 -0.2764
vn 0.8612 0.4456 -0.2446
vn 0.4695 0.7815 -0.4109
vn 0.7979 0.2958 -0.5252
vn 0.5588 0.6200 -0.5507
vn 0.6200 0.1741 -0.7651
vn 0.3843 0.6334 -0.6717
vn 0.3673 0.1007 -0.9246
vn 0.2848 0.5813 -0.7622
vn 0.0561 0.0860 -0.9947
vn 0.1520 0.5659 -0.8103
vn -0.2528 0.1406 -0.9573
vn 0.0071 0.6155 -0.7881
vn -0.5204 0.2450 -0.8180
vn -0.1288 0.6926 -0.7097
vn -0.7177 0.3773 -0.5853
vn -0.2794 0.7637 -0.5820
vn -0.7797 0.5493 -0.3007
vn -0.3072 0.8525 -0.4229
vn -0.7128 0.7013 -0.0035
vn -0.2488 0.9329 -0.2605
vn -0.5279 0.8142 0.2417
vn -0.1486 0.9794 -0.1369
vn -0.2590 0.8800 0.3982
vn -0.0222 0.9975 -0.0678
vn 0.1575 0.8776 -0.4528
vn 0.1211 0.8815 -0.4564
vn -0.6875 0.7241 -0.0552
vn -0.6457 0.7626 -0.0376
vn -0.7561 0.6542 -0.0181
vn -0.7876 0.6159 -0.0218
vn -0.8695 0.4922 0.0417
vn -0.8632 0.5021 0.0528
vn -0.9300 0.3483 0.1172
vn -0.9389 0.3279 0.1046
vn -0.9323 0.3573 0.0566
vn -0.9274 0.3704 0.0521
vn -0.9734 0.2169 0.0740
vn -0.9785 0.1958 0.0650
vn -0.9345 0.3490 0.0698
vn -0.9790 0.1906 0.0727
vn -0.9774 0.1827 0.1064
vn -0.9324 0.3439 0.1112
vn -0.9604 0.1989 0.1953
vn -0.9157 0.3480 0.2010
vn -0.8897 0.3118 0.3335
vn -0.9201 0.1771 0.3494
vn -0.9381 0.0319 0.3448
vn -0.8627 0.0124 0.5055
vn -0.8551 0.1230 0.5037
vn -0.6587 0.1271 0.7415
vn -0.6115 0.2545 0.7492
vn -0.8154 0.2635 0.5155
vn -0.6287 0.5316 0.5675
vn -0.4623 0.6727 0.5778
vn -0.5581 0.7305 0.3936
vn -0.7065 0.6014 0.3730
vn -0.2101 0.8643 0.4570
vn -0.1772 0.7528 0.6340
vn 0.0000 0.7713 0.6365
vn 0.0000 0.8877 0.4604
vn -0.8555 0.4750 0.2061
vn -0.8196 0.4460 0.3597
vn -0.7342 0.6431 0.2177
vn -0.4074 0.8044 0.4324
vn -0.4365 0.8632 0.2535
vn -0.6002 0.7654 0.2323
vn -0.2059 0.9437 0.2588
vn -0.8265 0.5629 -0.0076
vn -0.9041 0.4244 0.0491
vn -0.8570 0.5146 0.0263
vn -0.7323 0.6810 0.0019
vn -0.8674 0.4951 0.0506
vn -0.7476 0.6632 0.0349
vn -0.7524 0.6552 0.0679
vn -0.8690 0.4901 0.0675
vn -0.8624 0.4930 0.1150
vn -0.7440 0.6573 0.1201
vn -0.4263 0.9024 0.0626
vn -0.6117 0.7884 0.0647
vn -0.6087 0.7827 0.1299
vn -0.4357 0.8899 0.1351
vn -0.8029 0.5941 0.0476
vn -0.9782 0.0800 0.1918
vn -0.9641 -0.0578 0.2592
vn -0.9940 0.0374 0.1032
vn -0.9966 0.0442 0.0699
vn -0.9961 0.0525 0.0710
vn -0.9935 0.0527 0.1009
vn -0.9820 0.0298 0.1867
vn -0.6633 -0.0118 0.7483
vn -0.2247 0.9648 0.1367
vn -0.2141 0.9750 0.0591
vn 0.0000 0.9638 0.2666
vn 0.0000 0.9899 0.1420
vn -0.0000 0.9981 0.0621
vn 0.0158 0.9919 -0.1260
vn 0.0000 0.9920 -0.1263
vn -0.1633 0.9771 -0.1365
vn -0.1820 0.9753 -0.1250
vn -0.5757 0.3317 0.7473
vn -0.7375 0.3928 0.5493
vn -0.2639 0.5870 0.7653
vn -0.1501 0.6226 0.7680
vn -0.3162 0.7270 0.6095
vn 0.0000 0.6355 0.7721
vn -0.5143 0.3907 0.7635
vn -0.4021 0.5086 0.7614
vn 0.7281 -0.0222 0.6851
vn 0.5158 0.0432 0.8556
vn 0.5055 -0.0142 0.8627
vn 0.7006 -0.0220 0.7132
vn -0.0000 0.0021 1.0000
vn 0.5343 -0.5119 0.6727
vn 0.7055 -0.2823 0.6500
vn -0.0000 -0.6949 0.7191
vn 0.2982 -0.6547 0.6946
vn -0.0000 -0.3422 0.9396
vn 0.1737 -0.3104 0.9346
vn 0.4211 -0.0700 0.9043
vn 0.3157 -0.2300 0.9205
vn 0.7262 -0.0639 0.6845
vn 0.4554 0.0503 0.8889
vn 0.0000 -0.0027 1.0000
vn -0.6009 0.7990 0.0245
vn -0.4139 0.9103 0.0089
vn -0.2121 0.9772 0.0069
vn -0.0000 1.0000 0.0067
vn -0.5791 0.8152 -0.0091
vn -0.3948 0.9183 -0.0300
vn -0.2056 0.9782 -0.0280
vn 0.0000 0.9994 -0.0337
vn -0.9579 0.2740 0.0861
vn -0.9877 0.0522 0.1475
vn -0.7136 0.6996 -0.0365
vn -0.5587 0.8272 -0.0598
vn -0.3836 0.9202 -0.0778
vn -0.2006 0.9767 -0.0766
vn 0.0000 0.9963 -0.0863
vn -0.5202 0.8479 -0.1026
vn -0.3593 0.9280 -0.0984
vn 0.4779 0.8689 -0.1288
vn 0.5249 0.8452 -0.1002
vn 0.5075 0.8524 -0.1259
vn 0.9388 0.3280 0.1047
vn 0.9301 0.3481 0.1172
vn 0.8633 0.5019 0.0531
vn 0.8759 0.4798 0.0508
vn 0.9345 0.3493 0.0694
vn 0.9324 0.3438 0.1112
vn 0.9774 0.1827 0.1064
vn 0.9791 0.1911 0.0690
vn 0.9156 0.3482 0.2010
vn 0.9604 0.1989 0.1952
vn 0.8897 0.3118 0.3336
vn 0.9201 0.1770 0.3495
vn 0.8550 0.1231 0.5037
vn 0.8627 0.0126 0.5055
vn 0.9382 0.0317 0.3448
vn 0.8154 0.2633 0.5155
vn 0.6115 0.2547 0.7491
vn 0.6588 0.1271 0.7415
vn 0.6287 0.5316 0.5675
vn 0.7065 0.6015 0.3730
vn 0.5580 0.7306 0.3936
vn 0.4623 0.6727 0.5778
vn 0.2100 0.8643 0.4570
vn 0.1772 0.7527 0.6340
vn 0.8554 0.4752 0.2061
vn 0.7343 0.6430 0.2177
vn 0.8196 0.4460 0.3597
vn 0.6002 0.7653 0.2323
vn 0.4365 0.8632 0.2535
vn 0.4074 0.8044 0.4324
vn 0.2059 0.9437 0.2588
vn 0.8859 -0.0753 0.4577
vn 0.8231 -0.0449 0.5661
vn 0.9032 0.4253 0.0579
vn 0.8290 0.5592 -0.0036
vn 0.8675 0.4948 0.0509
vn 0.9776 -0.2071 0.0380
vn 0.7338 0.6794 0.0036
vn 0.7476 0.6633 0.0349
vn 0.7524 0.6552 0.0679
vn 0.7440 0.6573 0.1201
vn 0.8624 0.4930 0.1150
vn 0.8690 0.4901 0.0675
vn 0.4263 0.9024 0.0626
vn 0.4357 0.8899 0.1351
vn 0.6087 0.7827 0.1299
vn 0.6117 0.7884 0.0647
vn 0.7562 0.6541 -0.0179
vn 0.7876 0.6158 -0.0218
vn 0.9782 0.0799 0.1918
vn 0.9641 -0.0578 0.2592
vn 0.9935 0.0529 0.1009
vn 0.9961 0.0525 0.0712
vn 0.9820 0.0298 0.1867
vn 0.6633 -0.0120 0.7483
vn 0.3092 0.9470 -0.0870
vn 0.3499 0.9319 -0.0958
vn 0.4397 0.8929 -0.0971
vn 0.2247 0.9648 0.1367
vn 0.2141 0.9750 0.0591
vn 0.1741 0.9821 -0.0722
vn 0.1886 0.9751 -0.1167
vn 0.7376 0.3926 0.5494
vn 0.5757 0.3316 0.7474
vn 0.2639 0.5871 0.7653
vn 0.3162 0.7270 0.6095
vn 0.1501 0.6226 0.7680
vn 0.5144 0.3905 0.7635
vn 0.4021 0.5086 0.7614
vn -0.7009 -0.0222 0.7129
vn -0.5058 -0.0142 0.8625
vn -0.5159 0.0432 0.8556
vn -0.7280 -0.0222 0.6852
vn -0.7055 -0.2823 0.6500
vn -0.5343 -0.5119 0.6727
vn -0.2982 -0.6547 0.6946
vn -0.1737 -0.3104 0.9346
vn -0.3157 -0.2300 0.9205
vn -0.4210 -0.0698 0.9044
vn -0.4559 0.0504 0.8886
vn -0.7265 -0.0637 0.6842
vn 0.8400 0.1659 -0.5166
vn 0.8725 0.1355 -0.4694
vn 0.8816 0.0475 -0.4696
vn 0.9135 -0.0732 -0.4001
vn 0.6009 0.7990 0.0245
vn 0.4140 0.9102 0.0089
vn 0.2121 0.9772 0.0069
vn 0.5792 0.8152 -0.0091
vn 0.3948 0.9183 -0.0300
vn 0.2056 0.9782 -0.0280
vn 0.8596 0.5105 0.0221
vn 0.7137 0.6995 -0.0365
vn 0.5587 0.8272 -0.0599
vn 0.3836 0.9202 -0.0778
vn 0.1972 0.9755 -0.0971
vn 0.9578 0.2746 0.0854
vn 0.9880 0.0538 0.1449
vn 0.6875 0.7241 -0.0552
vn 0.8168 -0.0781 0.5715
vn 0.8056 -0.2064 0.5553
vn 0.9246 -0.2519 0.2858
vn 0.9488 -0.2252 -0.2214
vn 0.3639 0.0294 -0.9310
vn 0.3494 0.2346 -0.9071
vn 0.3764 -0.3491 -0.8581
vn 0.4047 -0.6380 -0.6551
vn 0.3963 -0.8466 -0.3553
vn 0.3771 -0.9262 0.0016
vn 0.3558 -0.8692 0.3433
vn 0.3333 -0.6873 0.6454
vn 0.3138 -0.4901 0.8132
vn 0.3149 -0.4239 0.8492
vn 0.3411 -0.4056 0.8480
vn 0.7930 -0.5941 -0.1347
vn 0.8118 -0.5831 -0.0328
vn 0.0761 -0.8219 -0.5645
vn 0.0644 -0.8732 -0.4831
vn 0.8542 -0.5181 0.0442
vn 0.9071 -0.3982 0.1364
vn 0.7614 -0.6205 -0.1877
vn 0.7918 -0.6033 0.0955
vn 0.7338 -0.6460 0.2103
vn 0.0913 -0.6774 -0.7299
vn 0.0586 -0.7349 -0.6756
vn 0.6380 -0.7104 0.2971
vn 0.1217 -0.6745 -0.7282
vn 0.4284 -0.8264 0.3654
vn 0.0834 -0.6518 -0.7538
vn 0.0000 -0.9093 0.4162
vn 0.0000 -0.6813 -0.7320
vn 0.8904 -0.3647 0.2725
vn 0.8308 -0.3682 0.4174
vn 0.7207 -0.3899 0.5732
vn 0.5760 -0.4299 0.6953
vn 0.3375 -0.4812 0.8090
vn -0.0000 -0.5059 0.8626
vn 0.9101 -0.2795 0.3059
vn 0.8867 -0.3805 0.2625
vn 0.8461 -0.4926 0.2035
vn 0.8427 -0.4341 0.3183
vn 0.6689 -0.5442 0.5063
vn 0.7038 -0.4431 0.5552
vn 0.8068 -0.4054 0.4297
vn 0.7705 -0.4982 0.3976
vn 0.8619 -0.3858 0.3291
vn 0.8435 -0.4320 0.3192
vn 0.5563 -0.4817 0.6772
vn 0.5193 -0.5768 0.6306
vn 0.2896 -0.6022 0.7440
vn 0.0000 -0.6147 0.7888
vn -0.0000 -0.5434 0.8395
vn 0.3175 -0.5238 0.7905
vn 0.8860 -0.3549 0.2982
vn 0.2114 -0.8634 0.4581
vn 0.0000 -0.8694 0.4941
vn -0.0000 -0.7131 0.7011
vn 0.2515 -0.7075 0.6604
vn 0.2175 -0.9758 0.0211
vn -0.0000 -0.9999 0.0138
vn 0.0000 -0.9859 0.1673
vn 0.1891 -0.9664 0.1739
vn 0.0000 -1.0000 -0.0083
vn 0.2226 -0.9749 -0.0009
vn 0.9019 -0.3517 0.2508
vn 0.9379 -0.2215 0.2670
vn 0.9619 -0.1814 0.2045
vn 0.9146 -0.3591 0.1858
vn 0.8399 -0.4692 0.2728
vn 0.8288 -0.5206 0.2050
vn 0.7375 -0.5889 0.3305
vn 0.7149 -0.6581 0.2363
vn 0.6195 -0.6597 0.4255
vn 0.5739 -0.7657 0.2905
vn 0.4659 -0.6943 0.5486
vn 0.4028 -0.8341 0.3769
vn 0.9781 -0.1531 0.1413
vn 0.8100 -0.2372 0.5363
vn 0.8050 -0.2258 0.5486
vn 0.8200 -0.1801 0.5433
vn 0.8594 -0.0818 0.5048
vn 0.8443 -0.5178 0.1378
vn 0.7627 -0.6459 0.0334
vn 0.9564 0.1248 -0.2639
vn 0.8910 -0.0376 -0.4525
vn 0.8832 -0.4667 0.0460
vn 0.7335 -0.6765 0.0658
vn 0.5936 -0.8027 0.0572
vn 0.5585 -0.8163 0.1472
vn 0.7214 -0.6799 0.1317
vn 0.6198 -0.7845 0.0176
vn 0.4535 -0.8913 0.0004
vn 0.4336 -0.9006 0.0296
vn 0.3750 -0.9141 0.1540
vn 0.9339 -0.3321 0.1323
vn -0.7083 -0.0056 0.7059
vn -0.5183 -0.0625 0.8529
vn 0.8422 -0.2284 0.4885
vn 0.8579 -0.1076 0.5024
vn 0.6544 -0.1065 0.7486
vn 0.6480 -0.2057 0.7333
vn 0.9111 -0.2570 0.3223
vn 0.9357 -0.1101 0.3351
vn 0.9747 -0.1192 0.1889
vn 0.9489 -0.2572 0.1829
vn 0.9549 -0.2803 0.0977
vn 0.9901 -0.0940 0.1041
vn 0.9538 -0.2942 0.0601
vn 0.9926 -0.1078 0.0560
vn 0.8607 0.0549 -0.5062
vn 0.8773 0.1098 -0.4672
vn 0.0000 -0.0010 1.0000
vn -0.5247 0.5315 0.6650
vn -0.6861 0.2907 0.6669
vn 0.6338 -0.2910 0.7167
vn -0.4679 -0.0402 0.8828
vn -0.4120 0.0753 0.9081
vn 0.0000 0.7493 0.6622
vn -0.2849 0.6924 0.6628
vn -0.0000 0.4261 0.9047
vn -0.1863 0.3674 0.9112
vn 0.4589 -0.8881 0.0272
vn 0.2274 -0.9736 0.0226
vn 0.4736 -0.8772 0.0785
vn 0.2436 -0.9674 0.0690
vn 0.4902 -0.8559 0.1645
vn 0.2619 -0.9518 0.1599
vn 0.4880 -0.8255 0.2836
vn 0.4556 -0.7694 0.4478
vn 0.2503 -0.8507 0.4623
vn 0.2590 -0.9253 0.2770
vn 0.4393 -0.5680 0.6960
vn -0.3357 0.2481 0.9087
vn 0.2889 -0.6423 0.7100
vn 0.5901 -0.4113 0.6948
vn 0.6100 -0.6659 0.4295
vn 0.7187 -0.5289 0.4514
vn 0.6326 -0.7228 0.2782
vn 0.8922 -0.4136 0.1817
vn 0.8659 -0.3943 0.3077
vn 0.7604 -0.5756 0.3008
vn 0.7720 -0.6130 0.1681
vn 0.6490 -0.7424 0.1663
vn 0.7792 -0.6208 0.0863
vn 0.8957 -0.4355 0.0898
vn 0.7742 -0.6313 0.0455
vn 0.8926 -0.4480 0.0509
vn 0.6459 -0.7589 0.0830
vn 0.6404 -0.7672 0.0353
vn 0.0931 -0.8971 -0.4320
vn 0.8348 -0.3862 0.3923
vn 0.9152 -0.1992 0.3503
vn 0.0000 -0.9593 0.2825
vn 0.0000 -0.9876 0.1570
vn 0.8433 0.0090 -0.5373
vn 0.0000 -0.9999 0.0161
vn 0.0000 -0.9980 0.0634
vn -0.7172 0.0668 0.6937
vn 0.0000 -0.8852 0.4653
vn 0.1784 -0.6575 0.7320
vn -0.0000 -0.6621 0.7494
vn 0.7995 -0.3763 0.4682
vn 0.9239 -0.2295 0.3061
vn 0.9430 -0.1507 0.2966
vn -0.8118 -0.5831 -0.0328
vn -0.7938 -0.5918 -0.1403
vn -0.0663 -0.8754 -0.4789
vn -0.0761 -0.8219 -0.5645
vn -0.9087 -0.3965 0.1305
vn -0.8545 -0.5184 0.0324
vn -0.7603 -0.6178 -0.2006
vn -0.7338 -0.6460 0.2103
vn -0.7917 -0.6034 0.0954
vn -0.0585 -0.7349 -0.6757
vn -0.0915 -0.6776 -0.7297
vn -0.6380 -0.7105 0.2970
vn -0.1217 -0.6744 -0.7283
vn -0.4284 -0.8264 0.3654
vn -0.0835 -0.6519 -0.7537
vn -0.8904 -0.3647 0.2725
vn -0.8309 -0.3681 0.4173
vn -0.7207 -0.3899 0.5732
vn -0.5760 -0.4300 0.6953
vn -0.3375 -0.4812 0.8090
vn -0.8876 -0.3804 0.2597
vn -0.9114 -0.2799 0.3016
vn -0.8398 -0.4445 0.3118
vn -0.8473 -0.4934 0.1965
vn -0.6689 -0.5443 0.5063
vn -0.7705 -0.4982 0.3976
vn -0.8068 -0.4054 0.4297
vn -0.7038 -0.4430 0.5553
vn -0.8435 -0.4319 0.3192
vn -0.8619 -0.3858 0.3291
vn -0.5562 -0.4817 0.6772
vn -0.5193 -0.5768 0.6306
vn -0.2896 -0.6022 0.7440
vn -0.3175 -0.5238 0.7905
vn -0.8860 -0.3550 0.2982
vn -0.2114 -0.8634 0.4581
vn -0.2515 -0.7075 0.6604
vn -0.2175 -0.9758 0.0211
vn -0.1891 -0.9664 0.1739
vn -0.2225 -0.9749 -0.0009
vn -0.9019 -0.3518 0.2507
vn -0.9146 -0.3591 0.1858
vn -0.9619 -0.1813 0.2045
vn -0.9379 -0.2216 0.2670
vn -0.8399 -0.4692 0.2728
vn -0.8288 -0.5206 0.2050
vn -0.7375 -0.5889 0.3304
vn -0.7150 -0.6580 0.2363
vn -0.6195 -0.6597 0.4255
vn -0.5739 -0.7657 0.2905
vn -0.4659 -0.6943 0.5485
vn -0.4029 -0.8341 0.3769
vn -0.9340 -0.3310 0.1346
vn -0.9420 -0.3238 0.0881
vn -0.9886 -0.1208 0.0898
vn -0.9773 -0.1525 0.1473
vn -0.8431 -0.5198 0.1380
vn -0.8637 -0.4972 0.0825
vn -0.8833 -0.4666 0.0445
vn -0.7457 -0.6636 0.0598
vn -0.7630 -0.6456 0.0329
vn -0.7198 -0.6820 0.1291
vn -0.5585 -0.8163 0.1472
vn -0.5935 -0.8028 0.0572
vn -0.6199 -0.7845 0.0176
vn -0.4336 -0.9006 0.0296
vn -0.4535 -0.8912 0.0003
vn -0.3750 -0.9141 0.1541
vn 0.7079 -0.0059 0.7062
vn 0.5180 -0.0625 0.8531
vn -0.8422 -0.2283 0.4885
vn -0.6479 -0.2059 0.7334
vn -0.6545 -0.1064 0.7485
vn -0.8579 -0.1074 0.5024
vn -0.9357 -0.1100 0.3351
vn -0.9111 -0.2572 0.3222
vn -0.9747 -0.1192 0.1889
vn -0.9901 -0.0940 0.1041
vn -0.9550 -0.2801 0.0977
vn -0.9489 -0.2572 0.1829
vn -0.9927 -0.1017 0.0646
vn -0.9539 -0.2942 0.0599
vn -0.9916 -0.1151 0.0587
vn -0.9481 -0.3120 0.0610
vn 0.6860 0.2907 0.6670
vn 0.5248 0.5315 0.6649
vn -0.6338 -0.2908 0.7167
vn 0.4123 0.0755 0.9079
vn 0.4677 -0.0401 0.8830
vn 0.2847 0.6925 0.6629
vn 0.1863 0.3675 0.9112
vn -0.2273 -0.9736 0.0226
vn -0.4589 -0.8881 0.0272
vn -0.2436 -0.9674 0.0690
vn -0.4736 -0.8773 0.0785
vn -0.2619 -0.9518 0.1599
vn -0.4902 -0.8560 0.1645
vn -0.4880 -0.8254 0.2837
vn -0.2589 -0.9253 0.2770
vn -0.2504 -0.8507 0.4622
vn -0.4557 -0.7693 0.4478
vn -0.1784 -0.6575 0.7320
vn -0.2889 -0.6423 0.7099
vn -0.4393 -0.5680 0.6960
vn 0.3355 0.2478 0.9088
vn -0.5901 -0.4112 0.6947
vn -0.7187 -0.5289 0.4514
vn -0.6099 -0.6660 0.4295
vn -0.6326 -0.7228 0.2782
vn -0.8922 -0.4136 0.1817
vn -0.7720 -0.6130 0.1680
vn -0.7604 -0.5756 0.3008
vn -0.8660 -0.3942 0.3077
vn -0.6490 -0.7424 0.1663
vn -0.8957 -0.4354 0.0898
vn -0.7792 -0.6208 0.0863
vn -0.8926 -0.4480 0.0508
vn -0.7743 -0.6312 0.0455
vn -0.6459 -0.7589 0.0830
vn -0.6405 -0.7671 0.0353
vn -0.1049 -0.9000 -0.4230
vn -0.9153 -0.1989 0.3503
vn -0.8238 -0.4057 0.3959
vn 0.7173 0.0668 0.6935
vn -0.7995 -0.3763 0.4682
vn -0.9239 -0.2296 0.3061
vn -0.9431 -0.1506 0.2965
vn -0.9397 -0.1263 0.3177
vn 0.9869 0.1305 0.0952
vn 0.9223 0.0401 0.3843
vn 0.8041 -0.1814 0.5661
vn 0.8252 -0.2126 0.5233
vn 0.3864 -0.3395 0.8576
vn 0.3879 -0.2731 0.8803
vn 0.4117 -0.0917 0.9067
vn 0.4201 0.0559 0.9058
vn 0.4539 0.2866 0.8437
vn 0.4783 0.5687 0.6692
vn 0.4962 0.7615 0.4171
vn 0.4895 0.8719 0.0077
vn 0.4306 0.7979 -0.4218
vn 0.3654 0.5804 -0.7277
vn 0.3296 0.4173 -0.8469
vn 0.3298 0.4300 -0.8404
vn 0.3527 0.3594 -0.8640
vn -0.2746 -0.8118 -0.5153
vn -0.2841 -0.7272 -0.6249
vn -0.2568 -0.6132 -0.7470
vn -0.2029 -0.5000 -0.8419
vn -0.1185 -0.4084 -0.9051
vn -0.0433 -0.3638 -0.9305
vn -0.0001 -0.3240 -0.9461
vn -0.2692 -0.8341 -0.4815
vn 0.2842 -0.7272 -0.6249
vn 0.2803 -0.8171 -0.5038
vn 0.2033 -0.4997 -0.8420
vn 0.2572 -0.6130 -0.7471
vn 0.1189 -0.4078 -0.9053
vn 0.0433 -0.3634 -0.9306
vn 0.2580 -0.8506 -0.4581
vn 0.6456 0.7627 -0.0376
vn -0.3091 0.9471 -0.0869
vn -0.4725 0.8787 -0.0679
vn -0.4777 0.8690 -0.1290
vn -0.5076 0.8524 -0.1258
vn 0.9397 -0.1266 0.3177
vn 0.0006 -0.8088 -0.5881
vn -0.6365 0.7212 -0.2733
vn -0.6118 0.7709 -0.1774
vn -0.7298 0.6811 -0.0595
vn -0.7674 0.6137 -0.1857
vn -0.5696 0.8167 -0.0921
vn -0.5161 0.8563 -0.0205
vn -0.5789 0.7987 0.1640
vn -0.6667 0.7429 0.0605
vn -0.4386 0.8970 0.0547
vn -0.3387 0.9332 0.1199
vn -0.3307 0.8847 0.3286
vn -0.4667 0.8472 0.2539
vn -0.2274 0.9611 0.1571
vn -0.0935 0.9824 0.1619
vn -0.0173 0.9275 0.3734
vn -0.1773 0.9126 0.3683
vn 0.0453 0.9881 0.1469
vn 0.1778 0.9770 0.1179
vn 0.2886 0.8991 0.3292
vn 0.1390 0.9216 0.3624
vn 0.3098 0.9491 0.0576
vn 0.4068 0.9134 -0.0145
vn 0.5625 0.8003 0.2075
vn 0.4348 0.8578 0.2742
vn 0.4743 0.8758 -0.0895
vn 0.5337 0.8260 -0.1811
vn 0.7362 0.6766 -0.0124
vn 0.6584 0.7447 0.1091
vn 0.5690 0.7706 -0.2871
vn 0.5841 0.7117 -0.3902
vn 0.8025 0.5216 -0.2895
vn 0.7842 0.6023 -0.1492
vn 0.5746 0.6615 -0.4819
vn 0.5454 0.6061 -0.5790
vn 0.7318 0.3884 -0.5600
vn 0.7858 0.4490 -0.4253
vn 0.5418 0.2699 -0.7960
vn 0.6485 0.3275 -0.6872
vn 0.4871 0.5425 -0.6844
vn 0.4001 0.4867 -0.7766
vn 0.2862 0.2008 -0.9369
vn 0.4189 0.2213 -0.8807
vn 0.3018 0.4463 -0.8425
vn 0.2015 0.4204 -0.8847
vn -0.0266 0.1988 -0.9797
vn 0.1358 0.2028 -0.9698
vn 0.0798 0.3912 -0.9168
vn -0.0651 0.3686 -0.9273
vn -0.3237 0.2283 -0.9182
vn -0.1787 0.1989 -0.9636
vn -0.1964 0.3682 -0.9088
vn -0.3239 0.3864 -0.8636
vn -0.5728 0.3175 -0.7557
vn -0.4607 0.2686 -0.8459
vn -0.4421 0.4289 -0.7878
vn -0.5285 0.4872 -0.6952
vn -0.7223 0.4184 -0.5507
vn -0.6607 0.3619 -0.6576
vn -0.5830 0.5362 -0.6105
vn -0.6183 0.5805 -0.5299
vn -0.7786 0.5451 -0.3108
vn -0.7630 0.4801 -0.4328
vn -0.6366 0.6308 -0.4437
vn -0.6444 0.6741 -0.3609
vn 0.5965 0.6255 -0.5030
vn 0.9063 0.2396 -0.3481
vn 0.9243 0.3312 -0.1895
vn 0.6064 0.6903 -0.3946
vn -0.2795 0.8557 -0.4355
vn -0.2653 0.8788 -0.3967
vn 0.5575 0.5654 -0.6079
vn 0.4969 0.5096 -0.7024
vn 0.7651 0.0697 -0.6401
vn 0.8524 0.1514 -0.5005
vn -0.2419 0.9006 -0.3611
vn -0.2091 0.9197 -0.3323
vn 0.4168 0.4597 -0.7842
vn 0.3192 0.4183 -0.8504
vn 0.5055 -0.0587 -0.8608
vn 0.6478 -0.0006 -0.7618
vn -0.1697 0.9348 -0.3119
vn -0.1275 0.9463 -0.2971
vn 0.2082 0.3873 -0.8982
vn 0.0882 0.3670 -0.9260
vn 0.1680 -0.1283 -0.9774
vn 0.3434 -0.1018 -0.9337
vn -0.0838 0.9539 -0.2881
vn -0.0398 0.9597 -0.2781
vn -0.0359 0.3633 -0.9310
vn -0.1583 0.3674 -0.9165
vn -0.1944 -0.1281 -0.9725
vn -0.0135 -0.1373 -0.9904
vn 0.0066 0.9618 -0.2737
vn 0.0537 0.9588 -0.2788
vn -0.2764 0.3822 -0.8818
vn -0.3842 0.4073 -0.8286
vn -0.5263 -0.0592 -0.8482
vn -0.3675 -0.1014 -0.9245
vn 0.1044 0.9512 -0.2903
vn 0.1614 0.9401 -0.3002
vn -0.4733 0.4515 -0.7564
vn -0.5499 0.4958 -0.6721
vn -0.7781 0.0678 -0.6245
vn -0.6648 -0.0015 -0.7470
vn 0.1981 0.9214 -0.3342
vn 0.2246 0.8982 -0.3779
vn -0.6050 0.5479 -0.5778
vn -0.6390 0.6041 -0.4762
vn -0.9127 0.2320 -0.3364
vn -0.8614 0.1468 -0.4863
vn 0.2403 0.8725 -0.4254
vn 0.2461 0.8452 -0.4744
vn -0.6485 0.6639 -0.3725
vn -0.6389 0.7222 -0.2651
vn -0.9117 0.4101 -0.0263
vn -0.9295 0.3211 -0.1814
vn 0.2368 0.8213 -0.5190
vn 0.2022 0.8040 -0.5592
vn -0.6112 0.7755 -0.1579
vn -0.5602 0.8262 -0.0594
vn -0.7766 0.5736 0.2606
vn -0.8601 0.4950 0.1231
vn 0.1633 0.7880 -0.5937
vn 0.1188 0.7769 -0.6183
vn -0.4886 0.8720 0.0299
vn -0.3981 0.9120 0.0991
vn -0.5268 0.7002 0.4819
vn -0.6641 0.6428 0.3817
vn 0.0717 0.7651 -0.6398
vn 0.0243 0.7596 -0.6499
vn -0.2903 0.9458 0.1454
vn -0.1701 0.9698 0.1747
vn -0.1961 0.7750 0.6007
vn -0.3685 0.7457 0.5551
vn -0.0193 0.7664 -0.6421
vn -0.0551 0.7692 -0.6366
vn -0.0435 0.9825 0.1810
vn 0.0814 0.9842 0.1574
vn 0.1651 0.7813 0.6019
vn -0.0159 0.7873 0.6164
vn -0.0891 0.7638 -0.6393
vn -0.1188 0.7637 -0.6345
vn 0.2019 0.9720 0.1201
vn 0.3162 0.9456 0.0758
vn 0.5024 0.7161 0.4845
vn 0.3405 0.7574 0.5572
vn -0.1525 0.7688 -0.6211
vn -0.1959 0.7710 -0.6060
vn 0.4124 0.9110 0.0054
vn 0.4939 0.8657 -0.0811
vn 0.7634 0.5903 0.2622
vn 0.6452 0.6599 0.3849
vn -0.2343 0.7764 -0.5850
vn -0.2622 0.7899 -0.5543
vn 0.5550 0.8122 -0.1796
vn 0.9057 0.4227 -0.0308
vn 0.8513 0.5103 0.1216
vn 0.5951 0.7518 -0.2842
vn -0.2793 0.8095 -0.5165
vn -0.2876 0.8313 -0.4756
vn -0.3583 0.8403 -0.4069
vn -0.3443 0.8644 -0.3664
vn -0.3673 0.8205 -0.4380
vn -0.3252 0.8839 -0.3363
vn -0.3115 0.8957 -0.3175
vn -0.2791 0.9119 -0.3009
vn -0.2365 0.9310 -0.2782
vn -0.1929 0.9452 -0.2634
vn -0.1312 0.9575 -0.2570
vn -0.0670 0.9624 -0.2632
vn -0.0050 0.9597 -0.2810
vn 0.0661 0.9444 -0.3221
vn 0.1088 0.9294 -0.3526
vn 0.1222 0.9182 -0.3768
vn 0.1397 0.9018 -0.4090
vn 0.1489 0.8828 -0.4455
vn 0.1544 0.8660 -0.4756
vn 0.1589 0.8556 -0.4927
vn 0.1592 0.8382 -0.5216
vn 0.1463 0.8072 -0.5718
vn 0.1083 0.7816 -0.6143
vn 0.0611 0.7690 -0.6363
vn 0.0271 0.7543 -0.6559
vn -0.0231 0.7298 -0.6833
vn -0.0981 0.7118 -0.6955
vn -0.1599 0.7115 -0.6843
vn -0.2263 0.7119 -0.6649
vn -0.2934 0.7244 -0.6239
vn -0.3364 0.7512 -0.5680
vn -0.3570 0.7703 -0.5284
vn -0.3679 0.7846 -0.4990
vn -0.3660 0.8061 -0.4650
# 1745 vertex normals

vt 0.9648 0.9439 0.0000
vt 0.9617 0.9328 0.0000
vt 0.9497 0.9348 0.0000
vt 0.9531 0.9459 0.0000
vt 0.8959 0.9909 0.0000
vt 0.9078 0.9909 0.0000
vt 0.9110 0.9770 0.0000
vt 0.8973 0.9744 0.0000
vt 0.9425 0.9504 0.0000
vt 0.9369 0.9401 0.0000
vt 0.9243 0.9496 0.0000
vt 0.9324 0.9582 0.0000
vt 0.9761 0.9067 0.0000
vt 0.9591 0.9067 0.0000
vt 0.9594 0.9194 0.0000
vt 0.9761 0.9181 0.0000
vt 0.9279 0.9084 0.0000
vt 0.9312 0.9274 0.0000
vt 0.9460 0.9227 0.0000
vt 0.9431 0.9067 0.0000
vt 0.9051 0.9115 0.0000
vt 0.9051 0.9359 0.0000
vt 0.9194 0.9809 0.0000
vt 0.9165 0.9909 0.0000
vt 0.9170 0.9626 0.0000
vt 0.9256 0.9683 0.0000
vt 0.9003 0.9580 0.0000
vt 0.9761 0.9322 0.0000
vt 0.9761 0.8923 0.0000
vt 0.9591 0.8923 0.0000
vt 0.9431 0.8923 0.0000
vt 0.9279 0.8923 0.0000
vt 0.9051 0.8933 0.0000
vt 0.9761 0.8773 0.0000
vt 0.9591 0.8773 0.0000
vt 0.9431 0.8773 0.0000
vt 0.9279 0.8773 0.0000
vt 0.9051 0.8773 0.0000
vt 0.8815 0.9337 0.0000
vt 0.8816 0.9127 0.0000
vt 0.8815 0.9547 0.0000
vt 0.8815 0.9721 0.0000
vt 0.8815 0.9909 0.0000
vt 0.8815 0.8775 0.0000
vt 0.8815 0.8933 0.0000
vt 0.9761 0.9424 0.0000
vt 0.8146 0.5146 0.0000
vt 0.8146 0.4976 0.0000
vt 0.7919 0.4976 0.0000
vt 0.7919 0.5146 0.0000
vt 0.8146 0.5317 0.0000
vt 0.7919 0.5317 0.0000
vt 0.8344 0.5317 0.0000
vt 0.8344 0.5146 0.0000
vt 0.8344 0.4976 0.0000
vt 0.8146 0.5488 0.0000
vt 0.8344 0.5488 0.0000
vt 0.7919 0.5488 0.0000
vt 0.7919 0.5659 0.0000
vt 0.8146 0.5659 0.0000
vt 0.8344 0.5659 0.0000
vt 0.8146 0.5829 0.0000
vt 0.8344 0.5829 0.0000
vt 0.7919 0.5829 0.0000
vt 0.7919 0.5999 0.0000
vt 0.8146 0.5999 0.0000
vt 0.8344 0.5999 0.0000
vt 0.8146 0.6169 0.0000
vt 0.8344 0.6169 0.0000
vt 0.7919 0.6169 0.0000
vt 0.7919 0.6338 0.0000
vt 0.8146 0.6338 0.0000
vt 0.8344 0.6338 0.0000
vt 0.8146 0.6508 0.0000
vt 0.8344 0.6508 0.0000
vt 0.7919 0.6508 0.0000
vt 0.7919 0.6678 0.0000
vt 0.8146 0.6678 0.0000
vt 0.8344 0.6678 0.0000
vt 0.8146 0.6848 0.0000
vt 0.8344 0.6848 0.0000
vt 0.7919 0.6848 0.0000
vt 0.7919 0.7018 0.0000
vt 0.8146 0.7018 0.0000
vt 0.8344 0.7018 0.0000
vt 0.8146 0.7188 0.0000
vt 0.8344 0.7188 0.0000
vt 0.7919 0.7188 0.0000
vt 0.7919 0.7358 0.0000
vt 0.8146 0.7358 0.0000
vt 0.8344 0.7358 0.0000
vt 0.8146 0.7528 0.0000
vt 0.8344 0.7528 0.0000
vt 0.7919 0.7528 0.0000
vt 0.7919 0.7698 0.0000
vt 0.8146 0.7698 0.0000
vt 0.8344 0.7698 0.0000
vt 0.8146 0.7871 0.0000
vt 0.8344 0.7871 0.0000
vt 0.7919 0.7871 0.0000
vt 0.7919 0.8046 0.0000
vt 0.8146 0.8046 0.0000
vt 0.8344 0.8046 0.0000
vt 0.8146 0.8222 0.0000
vt 0.8344 0.8222 0.0000
vt 0.7919 0.8222 0.0000
vt 0.7919 0.8402 0.0000
vt 0.8146 0.8402 0.0000
vt 0.8344 0.8402 0.0000
vt 0.8146 0.8584 0.0000
vt 0.8344 0.8584 0.0000
vt 0.7919 0.8584 0.0000
vt 0.7919 0.8751 0.0000
vt 0.8146 0.8751 0.0000
vt 0.8344 0.8751 0.0000
vt 0.8146 0.8907 0.0000
vt 0.8344 0.8907 0.0000
vt 0.7919 0.8907 0.0000
vt 0.8146 0.9100 0.0000
vt 0.8345 0.9100 0.0000
vt 0.8345 0.9310 0.0000
vt 0.8576 0.5317 0.0000
vt 0.8576 0.5146 0.0000
vt 0.8576 0.4976 0.0000
vt 0.8576 0.5659 0.0000
vt 0.8576 0.5488 0.0000
vt 0.8576 0.5999 0.0000
vt 0.8576 0.5829 0.0000
vt 0.8576 0.6338 0.0000
vt 0.8576 0.6169 0.0000
vt 0.8576 0.6678 0.0000
vt 0.8576 0.6508 0.0000
vt 0.8576 0.7018 0.0000
vt 0.8576 0.6848 0.0000
vt 0.8576 0.7358 0.0000
vt 0.8576 0.7188 0.0000
vt 0.8576 0.7698 0.0000
vt 0.8576 0.7528 0.0000
vt 0.8576 0.8046 0.0000
vt 0.8576 0.7871 0.0000
vt 0.8576 0.8402 0.0000
vt 0.8576 0.8222 0.0000
vt 0.8576 0.8751 0.0000
vt 0.8576 0.8584 0.0000
vt 0.8575 0.9100 0.0000
vt 0.8576 0.8907 0.0000
vt 0.8573 0.9519 0.0000
vt 0.8573 0.9310 0.0000
vt 0.8345 0.9519 0.0000
vt 0.8573 0.9693 0.0000
vt 0.8345 0.9693 0.0000
vt 0.8345 0.9880 0.0000
vt 0.8573 0.9880 0.0000
vt 0.7686 0.5146 0.0000
vt 0.7686 0.4976 0.0000
vt 0.7686 0.5317 0.0000
vt 0.7686 0.5488 0.0000
vt 0.7686 0.5659 0.0000
vt 0.7686 0.5829 0.0000
vt 0.7686 0.5999 0.0000
vt 0.7686 0.6169 0.0000
vt 0.7686 0.6338 0.0000
vt 0.7686 0.6508 0.0000
vt 0.7686 0.6678 0.0000
vt 0.7686 0.6848 0.0000
vt 0.7686 0.7018 0.0000
vt 0.7686 0.7188 0.0000
vt 0.7686 0.7358 0.0000
vt 0.7686 0.7528 0.0000
vt 0.7686 0.7698 0.0000
vt 0.7686 0.7871 0.0000
vt 0.7686 0.8046 0.0000
vt 0.7686 0.8222 0.0000
vt 0.7686 0.8402 0.0000
vt 0.7686 0.8584 0.0000
vt 0.7686 0.8751 0.0000
vt 0.7686 0.8907 0.0000
vt 0.9279 0.5163 0.0000
vt 0.9051 0.5163 0.0000
vt 0.9051 0.5333 0.0000
vt 0.9279 0.5333 0.0000
vt 0.9431 0.5163 0.0000
vt 0.9431 0.5333 0.0000
vt 0.9431 0.4991 0.0000
vt 0.9279 0.4991 0.0000
vt 0.9051 0.4991 0.0000
vt 0.9279 0.5505 0.0000
vt 0.9051 0.5505 0.0000
vt 0.9051 0.5677 0.0000
vt 0.9279 0.5677 0.0000
vt 0.9431 0.5505 0.0000
vt 0.9431 0.5677 0.0000
vt 0.9279 0.5847 0.0000
vt 0.9051 0.5847 0.0000
vt 0.9051 0.6016 0.0000
vt 0.9279 0.6016 0.0000
vt 0.9431 0.5847 0.0000
vt 0.9431 0.6016 0.0000
vt 0.9279 0.6182 0.0000
vt 0.9051 0.6182 0.0000
vt 0.9051 0.6351 0.0000
vt 0.9279 0.6351 0.0000
vt 0.9431 0.6182 0.0000
vt 0.9431 0.6351 0.0000
vt 0.9279 0.6524 0.0000
vt 0.9051 0.6524 0.0000
vt 0.9051 0.6697 0.0000
vt 0.9279 0.6697 0.0000
vt 0.9431 0.6524 0.0000
vt 0.9431 0.6697 0.0000
vt 0.9279 0.6867 0.0000
vt 0.9051 0.6867 0.0000
vt 0.9051 0.7036 0.0000
vt 0.9279 0.7036 0.0000
vt 0.9431 0.6867 0.0000
vt 0.9431 0.7036 0.0000
vt 0.9279 0.7207 0.0000
vt 0.9051 0.7207 0.0000
vt 0.9051 0.7379 0.0000
vt 0.9279 0.7379 0.0000
vt 0.9431 0.7207 0.0000
vt 0.9431 0.7379 0.0000
vt 0.9279 0.7549 0.0000
vt 0.9051 0.7549 0.0000
vt 0.9051 0.7721 0.0000
vt 0.9279 0.7721 0.0000
vt 0.9431 0.7549 0.0000
vt 0.9431 0.7721 0.0000
vt 0.9279 0.7894 0.0000
vt 0.9051 0.7894 0.0000
vt 0.9051 0.8069 0.0000
vt 0.9279 0.8069 0.0000
vt 0.9431 0.7894 0.0000
vt 0.9431 0.8069 0.0000
vt 0.9591 0.8246 0.0000
vt 0.9591 0.8069 0.0000
vt 0.9431 0.8246 0.0000
vt 0.9591 0.8426 0.0000
vt 0.9431 0.8426 0.0000
vt 0.9761 0.8426 0.0000
vt 0.9761 0.8246 0.0000
vt 0.9761 0.8069 0.0000
vt 0.9279 0.8609 0.0000
vt 0.9051 0.8609 0.0000
vt 0.9431 0.8609 0.0000
vt 0.9279 0.8426 0.0000
vt 0.9051 0.8426 0.0000
vt 0.9591 0.5163 0.0000
vt 0.9591 0.5333 0.0000
vt 0.9761 0.5333 0.0000
vt 0.9761 0.5163 0.0000
vt 0.9761 0.4991 0.0000
vt 0.9591 0.4991 0.0000
vt 0.8815 0.4991 0.0000
vt 0.8815 0.5162 0.0000
vt 0.8815 0.5333 0.0000
vt 0.9591 0.5505 0.0000
vt 0.9591 0.5677 0.0000
vt 0.9761 0.5677 0.0000
vt 0.9761 0.5505 0.0000
vt 0.8815 0.5505 0.0000
vt 0.8815 0.5676 0.0000
vt 0.9591 0.5847 0.0000
vt 0.9591 0.6016 0.0000
vt 0.9761 0.6016 0.0000
vt 0.9761 0.5847 0.0000
vt 0.8815 0.5847 0.0000
vt 0.8815 0.6016 0.0000
vt 0.9591 0.6182 0.0000
vt 0.9591 0.6351 0.0000
vt 0.9761 0.6351 0.0000
vt 0.9761 0.6182 0.0000
vt 0.8815 0.6184 0.0000
vt 0.8815 0.6354 0.0000
vt 0.9591 0.6524 0.0000
vt 0.9591 0.6697 0.0000
vt 0.9761 0.6697 0.0000
vt 0.9761 0.6524 0.0000
vt 0.8815 0.6525 0.0000
vt 0.8815 0.6697 0.0000
vt 0.9591 0.6867 0.0000
vt 0.9591 0.7036 0.0000
vt 0.9761 0.7036 0.0000
vt 0.9761 0.6867 0.0000
vt 0.8815 0.6867 0.0000
vt 0.8815 0.7037 0.0000
vt 0.9591 0.7207 0.0000
vt 0.9591 0.7379 0.0000
vt 0.9761 0.7379 0.0000
vt 0.9761 0.7207 0.0000
vt 0.8815 0.7208 0.0000
vt 0.8815 0.7379 0.0000
vt 0.9591 0.7549 0.0000
vt 0.9591 0.7721 0.0000
vt 0.9761 0.7721 0.0000
vt 0.9761 0.7549 0.0000
vt 0.8815 0.7549 0.0000
vt 0.8815 0.7721 0.0000
vt 0.9591 0.7894 0.0000
vt 0.9761 0.7894 0.0000
vt 0.8815 0.7894 0.0000
vt 0.8815 0.8069 0.0000
vt 0.8815 0.8246 0.0000
vt 0.9051 0.8246 0.0000
vt 0.8815 0.8426 0.0000
vt 0.9591 0.8609 0.0000
vt 0.9761 0.8609 0.0000
vt 0.8815 0.8609 0.0000
vt 0.8764 0.5161 0.0000
vt 0.8764 0.5332 0.0000
vt 0.8764 0.4991 0.0000
vt 0.8764 0.5504 0.0000
vt 0.8764 0.5675 0.0000
vt 0.8764 0.5846 0.0000
vt 0.8764 0.6016 0.0000
vt 0.8764 0.6186 0.0000
vt 0.8764 0.6357 0.0000
vt 0.8764 0.6527 0.0000
vt 0.8764 0.6697 0.0000
vt 0.8764 0.6867 0.0000
vt 0.8764 0.7038 0.0000
vt 0.8764 0.7209 0.0000
vt 0.8764 0.7379 0.0000
vt 0.8764 0.7549 0.0000
vt 0.8764 0.7721 0.0000
vt 0.8764 0.7894 0.0000
vt 0.8764 0.8069 0.0000
vt 0.8764 0.8246 0.0000
vt 0.8764 0.8426 0.0000
vt 0.8764 0.8609 0.0000
vt 0.8764 0.8776 0.0000
vt 0.8764 0.8933 0.0000
vt 0.8764 0.9127 0.0000
vt 0.8762 0.9337 0.0000
vt 0.8762 0.9547 0.0000
vt 0.8762 0.9721 0.0000
vt 0.8762 0.9909 0.0000
vt 0.9279 0.8246 0.0000
vt 0.9553 0.0545 0.0000
vt 0.9513 0.0661 0.0000
vt 0.9641 0.0673 0.0000
vt 0.9666 0.0558 0.0000
vt 0.8980 0.0256 0.0000
vt 0.9100 0.0221 0.0000
vt 0.9073 0.0085 0.0000
vt 0.8964 0.0085 0.0000
vt 0.9370 0.0609 0.0000
vt 0.9441 0.0501 0.0000
vt 0.9338 0.0421 0.0000
vt 0.9227 0.0512 0.0000
vt 0.9601 0.0801 0.0000
vt 0.9591 0.0934 0.0000
vt 0.9761 0.0950 0.0000
vt 0.9757 0.0809 0.0000
vt 0.9431 0.0915 0.0000
vt 0.9458 0.0774 0.0000
vt 0.9294 0.0718 0.0000
vt 0.9279 0.0889 0.0000
vt 0.9049 0.0621 0.0000
vt 0.9051 0.0847 0.0000
vt 0.9163 0.0085 0.0000
vt 0.9192 0.0185 0.0000
vt 0.9255 0.0316 0.0000
vt 0.9153 0.0375 0.0000
vt 0.9001 0.0429 0.0000
vt 0.9757 0.0672 0.0000
vt 0.9591 0.1056 0.0000
vt 0.9761 0.1056 0.0000
vt 0.9431 0.1056 0.0000
vt 0.9279 0.1056 0.0000
vt 0.9051 0.1056 0.0000
vt 0.9591 0.1204 0.0000
vt 0.9761 0.1204 0.0000
vt 0.9279 0.1204 0.0000
vt 0.9431 0.1204 0.0000
vt 0.9051 0.1204 0.0000
vt 0.8815 0.0607 0.0000
vt 0.8815 0.0796 0.0000
vt 0.8815 0.0436 0.0000
vt 0.8815 0.0266 0.0000
vt 0.8815 0.0085 0.0000
vt 0.8815 0.1204 0.0000
vt 0.8815 0.1036 0.0000
vt 0.9757 0.0556 0.0000
vt 0.8146 0.4806 0.0000
vt 0.7919 0.4806 0.0000
vt 0.8146 0.4635 0.0000
vt 0.7919 0.4635 0.0000
vt 0.8344 0.4806 0.0000
vt 0.8344 0.4635 0.0000
vt 0.8146 0.4464 0.0000
vt 0.8344 0.4464 0.0000
vt 0.7919 0.4464 0.0000
vt 0.8146 0.4292 0.0000
vt 0.7919 0.4292 0.0000
vt 0.8344 0.4292 0.0000
vt 0.8146 0.4122 0.0000
vt 0.8344 0.4122 0.0000
vt 0.7919 0.4122 0.0000
vt 0.8146 0.3953 0.0000
vt 0.7919 0.3953 0.0000
vt 0.8344 0.3953 0.0000
vt 0.8146 0.3785 0.0000
vt 0.8344 0.3785 0.0000
vt 0.7919 0.3785 0.0000
vt 0.8146 0.3616 0.0000
vt 0.7919 0.3616 0.0000
vt 0.8344 0.3616 0.0000
vt 0.8146 0.3445 0.0000
vt 0.8344 0.3445 0.0000
vt 0.7919 0.3445 0.0000
vt 0.8146 0.3274 0.0000
vt 0.7919 0.3274 0.0000
vt 0.8344 0.3274 0.0000
vt 0.8146 0.3104 0.0000
vt 0.8344 0.3104 0.0000
vt 0.7919 0.3104 0.0000
vt 0.8146 0.2935 0.0000
vt 0.7919 0.2935 0.0000
vt 0.8344 0.2935 0.0000
vt 0.8146 0.2764 0.0000
vt 0.8344 0.2764 0.0000
vt 0.7919 0.2764 0.0000
vt 0.8146 0.2594 0.0000
vt 0.7919 0.2594 0.0000
vt 0.8344 0.2594 0.0000
vt 0.8146 0.2424 0.0000
vt 0.8344 0.2424 0.0000
vt 0.7919 0.2424 0.0000
vt 0.8146 0.2253 0.0000
vt 0.7919 0.2253 0.0000
vt 0.8344 0.2253 0.0000
vt 0.8146 0.2081 0.0000
vt 0.8344 0.2081 0.0000
vt 0.7919 0.2081 0.0000
vt 0.8146 0.1906 0.0000
vt 0.7919 0.1906 0.0000
vt 0.8344 0.1906 0.0000
vt 0.8146 0.1730 0.0000
vt 0.8344 0.1730 0.0000
vt 0.7919 0.1730 0.0000
vt 0.8146 0.1550 0.0000
vt 0.7919 0.1550 0.0000
vt 0.8344 0.1550 0.0000
vt 0.8146 0.1368 0.0000
vt 0.8344 0.1368 0.0000
vt 0.7919 0.1368 0.0000
vt 0.8146 0.1201 0.0000
vt 0.7919 0.1201 0.0000
vt 0.8344 0.1201 0.0000
vt 0.8146 0.1034 0.0000
vt 0.8344 0.1034 0.0000
vt 0.7919 0.1034 0.0000
vt 0.8146 0.0794 0.0000
vt 0.8344 0.0794 0.0000
vt 0.8344 0.0605 0.0000
vt 0.8576 0.4806 0.0000
vt 0.8576 0.4635 0.0000
vt 0.8576 0.4464 0.0000
vt 0.8576 0.4292 0.0000
vt 0.8576 0.4122 0.0000
vt 0.8576 0.3953 0.0000
vt 0.8576 0.3785 0.0000
vt 0.8576 0.3616 0.0000
vt 0.8576 0.3445 0.0000
vt 0.8576 0.3274 0.0000
vt 0.8576 0.3104 0.0000
vt 0.8576 0.2935 0.0000
vt 0.8576 0.2764 0.0000
vt 0.8576 0.2594 0.0000
vt 0.8576 0.2424 0.0000
vt 0.8576 0.2253 0.0000
vt 0.8576 0.2081 0.0000
vt 0.8576 0.1906 0.0000
vt 0.8576 0.1730 0.0000
vt 0.8576 0.1550 0.0000
vt 0.8576 0.1368 0.0000
vt 0.8576 0.1201 0.0000
vt 0.8576 0.1034 0.0000
vt 0.8576 0.0794 0.0000
vt 0.8576 0.0605 0.0000
vt 0.8576 0.0435 0.0000
vt 0.8344 0.0435 0.0000
vt 0.8344 0.0085 0.0000
vt 0.8344 0.0266 0.0000
vt 0.8576 0.0266 0.0000
vt 0.8576 0.0085 0.0000
vt 0.7686 0.4806 0.0000
vt 0.7686 0.4635 0.0000
vt 0.7686 0.4464 0.0000
vt 0.7686 0.4292 0.0000
vt 0.7686 0.4122 0.0000
vt 0.7686 0.3953 0.0000
vt 0.7686 0.3785 0.0000
vt 0.7686 0.3616 0.0000
vt 0.7686 0.3445 0.0000
vt 0.7686 0.3274 0.0000
vt 0.7686 0.3104 0.0000
vt 0.7686 0.2935 0.0000
vt 0.7686 0.2764 0.0000
vt 0.7686 0.2594 0.0000
vt 0.7686 0.2424 0.0000
vt 0.7686 0.2253 0.0000
vt 0.7686 0.2081 0.0000
vt 0.7686 0.1906 0.0000
vt 0.7686 0.1730 0.0000
vt 0.7686 0.1550 0.0000
vt 0.7686 0.1368 0.0000
vt 0.7686 0.1201 0.0000
vt 0.7686 0.1034 0.0000
vt 0.9279 0.4819 0.0000
vt 0.9279 0.4648 0.0000
vt 0.9051 0.4648 0.0000
vt 0.9051 0.4819 0.0000
vt 0.9431 0.4819 0.0000
vt 0.9431 0.4648 0.0000
vt 0.9279 0.4476 0.0000
vt 0.9279 0.4305 0.0000
vt 0.9051 0.4305 0.0000
vt 0.9051 0.4476 0.0000
vt 0.9431 0.4476 0.0000
vt 0.9431 0.4305 0.0000
vt 0.9279 0.4134 0.0000
vt 0.9279 0.3965 0.0000
vt 0.9051 0.3965 0.0000
vt 0.9051 0.4134 0.0000
vt 0.9431 0.4134 0.0000
vt 0.9431 0.3965 0.0000
vt 0.9279 0.3796 0.0000
vt 0.9279 0.3627 0.0000
vt 0.9051 0.3627 0.0000
vt 0.9051 0.3796 0.0000
vt 0.9431 0.3796 0.0000
vt 0.9431 0.3627 0.0000
vt 0.9279 0.3455 0.0000
vt 0.9279 0.3283 0.0000
vt 0.9051 0.3283 0.0000
vt 0.9051 0.3455 0.0000
vt 0.9431 0.3455 0.0000
vt 0.9431 0.3283 0.0000
vt 0.9279 0.3113 0.0000
vt 0.9279 0.2943 0.0000
vt 0.9051 0.2943 0.0000
vt 0.9051 0.3113 0.0000
vt 0.9431 0.3113 0.0000
vt 0.9431 0.2943 0.0000
vt 0.9279 0.2772 0.0000
vt 0.9279 0.2601 0.0000
vt 0.9051 0.2601 0.0000
vt 0.9051 0.2772 0.0000
vt 0.9431 0.2772 0.0000
vt 0.9431 0.2601 0.0000
vt 0.9279 0.2431 0.0000
vt 0.9279 0.2260 0.0000
vt 0.9051 0.2260 0.0000
vt 0.9051 0.2431 0.0000
vt 0.9431 0.2431 0.0000
vt 0.9431 0.2260 0.0000
vt 0.9279 0.2086 0.0000
vt 0.9279 0.1911 0.0000
vt 0.9051 0.1911 0.0000
vt 0.9051 0.2086 0.0000
vt 0.9431 0.2086 0.0000
vt 0.9431 0.1911 0.0000
vt 0.9431 0.1734 0.0000
vt 0.9591 0.1911 0.0000
vt 0.9591 0.1734 0.0000
vt 0.9431 0.1555 0.0000
vt 0.9591 0.1555 0.0000
vt 0.9761 0.1734 0.0000
vt 0.9761 0.1555 0.0000
vt 0.9761 0.1911 0.0000
vt 0.9279 0.1372 0.0000
vt 0.9279 0.1555 0.0000
vt 0.9431 0.1372 0.0000
vt 0.9051 0.1372 0.0000
vt 0.9051 0.1555 0.0000
vt 0.9591 0.4819 0.0000
vt 0.9591 0.4648 0.0000
vt 0.9761 0.4819 0.0000
vt 0.9761 0.4648 0.0000
vt 0.8815 0.4819 0.0000
vt 0.8815 0.4648 0.0000
vt 0.9591 0.4476 0.0000
vt 0.9591 0.4305 0.0000
vt 0.9761 0.4476 0.0000
vt 0.9761 0.4305 0.0000
vt 0.8815 0.4476 0.0000
vt 0.8815 0.4305 0.0000
vt 0.9591 0.4134 0.0000
vt 0.9591 0.3965 0.0000
vt 0.9761 0.4134 0.0000
vt 0.9761 0.3965 0.0000
vt 0.8815 0.4134 0.0000
vt 0.8815 0.3965 0.0000
vt 0.9591 0.3796 0.0000
vt 0.9591 0.3627 0.0000
vt 0.9761 0.3796 0.0000
vt 0.9761 0.3627 0.0000
vt 0.8815 0.3796 0.0000
vt 0.8815 0.3627 0.0000
vt 0.9591 0.3455 0.0000
vt 0.9591 0.3283 0.0000
vt 0.9761 0.3455 0.0000
vt 0.9761 0.3283 0.0000
vt 0.8815 0.3455 0.0000
vt 0.8815 0.3283 0.0000
vt 0.9591 0.3113 0.0000
vt 0.9591 0.2943 0.0000
vt 0.9761 0.3113 0.0000
vt 0.9761 0.2943 0.0000
vt 0.8815 0.3113 0.0000
vt 0.8815 0.2943 0.0000
vt 0.9591 0.2772 0.0000
vt 0.9591 0.2601 0.0000
vt 0.9761 0.2772 0.0000
vt 0.9761 0.2601 0.0000
vt 0.8815 0.2772 0.0000
vt 0.8815 0.2601 0.0000
vt 0.9591 0.2431 0.0000
vt 0.9591 0.2260 0.0000
vt 0.9761 0.2431 0.0000
vt 0.9761 0.2260 0.0000
vt 0.8815 0.2431 0.0000
vt 0.8815 0.2260 0.0000
vt 0.9591 0.2086 0.0000
vt 0.9761 0.2086 0.0000
vt 0.8815 0.2086 0.0000
vt 0.8815 0.1911 0.0000
vt 0.9051 0.1734 0.0000
vt 0.8815 0.1734 0.0000
vt 0.8815 0.1555 0.0000
vt 0.9761 0.1372 0.0000
vt 0.9591 0.1372 0.0000
vt 0.8815 0.1372 0.0000
vt 0.8764 0.4819 0.0000
vt 0.8764 0.4648 0.0000
vt 0.8764 0.4305 0.0000
vt 0.8764 0.4476 0.0000
vt 0.8764 0.3965 0.0000
vt 0.8764 0.4134 0.0000
vt 0.8764 0.3627 0.0000
vt 0.8764 0.3796 0.0000
vt 0.8764 0.3283 0.0000
vt 0.8764 0.3455 0.0000
vt 0.8764 0.2943 0.0000
vt 0.8764 0.3113 0.0000
vt 0.8764 0.2601 0.0000
vt 0.8764 0.2772 0.0000
vt 0.8764 0.2260 0.0000
vt 0.8764 0.2431 0.0000
vt 0.8764 0.1911 0.0000
vt 0.8764 0.2086 0.0000
vt 0.8764 0.1555 0.0000
vt 0.8764 0.1734 0.0000
vt 0.8764 0.1204 0.0000
vt 0.8764 0.1372 0.0000
vt 0.8764 0.0796 0.0000
vt 0.8764 0.1036 0.0000
vt 0.8764 0.0436 0.0000
vt 0.8764 0.0607 0.0000
vt 0.8764 0.0085 0.0000
vt 0.8764 0.0266 0.0000
vt 0.9279 0.1734 0.0000
vt 0.9757 0.0476 0.0000
vt 0.9674 0.0474 0.0000
vt 0.9572 0.9533 0.0000
vt 0.9664 0.9521 0.0000
vt 0.9255 0.9909 0.0000
vt 0.9280 0.9824 0.0000
vt 0.9336 0.9715 0.0000
vt 0.9393 0.9630 0.0000
vt 0.9479 0.9568 0.0000
vt 0.8681 0.5161 0.0000
vt 0.8681 0.5332 0.0000
vt 0.8681 0.4991 0.0000
vt 0.8681 0.5675 0.0000
vt 0.8681 0.5504 0.0000
vt 0.8681 0.6016 0.0000
vt 0.8681 0.5846 0.0000
vt 0.8681 0.6357 0.0000
vt 0.8681 0.6186 0.0000
vt 0.8681 0.6697 0.0000
vt 0.8681 0.6527 0.0000
vt 0.8681 0.7038 0.0000
vt 0.8681 0.6867 0.0000
vt 0.8681 0.7379 0.0000
vt 0.8681 0.7209 0.0000
vt 0.8681 0.7721 0.0000
vt 0.8681 0.7549 0.0000
vt 0.8681 0.8069 0.0000
vt 0.8681 0.7894 0.0000
vt 0.8681 0.8426 0.0000
vt 0.8681 0.8246 0.0000
vt 0.8681 0.8776 0.0000
vt 0.8681 0.8609 0.0000
vt 0.8680 0.9127 0.0000
vt 0.8681 0.8933 0.0000
vt 0.8678 0.9547 0.0000
vt 0.8678 0.9337 0.0000
vt 0.8678 0.9909 0.0000
vt 0.8678 0.9721 0.0000
vt 0.9891 0.5163 0.0000
vt 0.9891 0.4991 0.0000
vt 0.9891 0.5333 0.0000
vt 0.9891 0.5505 0.0000
vt 0.9891 0.5677 0.0000
vt 0.9891 0.5847 0.0000
vt 0.9891 0.6016 0.0000
vt 0.9891 0.6182 0.0000
vt 0.9891 0.6351 0.0000
vt 0.9891 0.6524 0.0000
vt 0.9891 0.6697 0.0000
vt 0.9891 0.6867 0.0000
vt 0.9891 0.7036 0.0000
vt 0.9891 0.7207 0.0000
vt 0.9891 0.7379 0.0000
vt 0.9891 0.7549 0.0000
vt 0.9891 0.7721 0.0000
vt 0.9891 0.7894 0.0000
vt 0.9891 0.8069 0.0000
vt 0.9891 0.8246 0.0000
vt 0.9891 0.8426 0.0000
vt 0.9935 0.8609 0.0000
vt 0.9961 0.8773 0.0000
vt 0.9987 0.8923 0.0000
vt 0.9761 0.9475 0.0000
vt 0.9589 0.0466 0.0000
vt 0.9279 0.0168 0.0000
vt 0.9253 0.0085 0.0000
vt 0.9407 0.0370 0.0000
vt 0.9335 0.0282 0.0000
vt 0.9495 0.0433 0.0000
vt 0.8681 0.4819 0.0000
vt 0.8681 0.4648 0.0000
vt 0.8681 0.4305 0.0000
vt 0.8681 0.4476 0.0000
vt 0.8681 0.3965 0.0000
vt 0.8681 0.4134 0.0000
vt 0.8681 0.3627 0.0000
vt 0.8681 0.3796 0.0000
vt 0.8681 0.3283 0.0000
vt 0.8681 0.3455 0.0000
vt 0.8681 0.2943 0.0000
vt 0.8681 0.3113 0.0000
vt 0.8681 0.2601 0.0000
vt 0.8681 0.2772 0.0000
vt 0.8681 0.2260 0.0000
vt 0.8681 0.2431 0.0000
vt 0.8681 0.1911 0.0000
vt 0.8681 0.2086 0.0000
vt 0.8681 0.1555 0.0000
vt 0.8681 0.1734 0.0000
vt 0.8681 0.1204 0.0000
vt 0.8681 0.1372 0.0000
vt 0.8681 0.0796 0.0000
vt 0.8681 0.1036 0.0000
vt 0.8681 0.0436 0.0000
vt 0.8681 0.0607 0.0000
vt 0.8681 0.0085 0.0000
vt 0.8681 0.0266 0.0000
vt 0.9891 0.4819 0.0000
vt 0.9891 0.4648 0.0000
vt 0.9891 0.4476 0.0000
vt 0.9891 0.4305 0.0000
vt 0.9891 0.4134 0.0000
vt 0.9891 0.3965 0.0000
vt 0.9891 0.3796 0.0000
vt 0.9891 0.3627 0.0000
vt 0.9891 0.3455 0.0000
vt 0.9891 0.3283 0.0000
vt 0.9891 0.3113 0.0000
vt 0.9891 0.2943 0.0000
vt 0.9891 0.2772 0.0000
vt 0.9891 0.2601 0.0000
vt 0.9891 0.2431 0.0000
vt 0.9891 0.2260 0.0000
vt 0.9891 0.2086 0.0000
vt 0.9891 0.1911 0.0000
vt 0.9891 0.1734 0.0000
vt 0.9891 0.1555 0.0000
vt 0.9935 0.1372 0.0000
vt 0.9961 0.1204 0.0000
vt 0.9987 0.1056 0.0000
vt 0.9526 0.0460 0.0000
vt 0.9528 0.0460 0.0000
vt 0.9527 0.0460 0.0000
vt 0.9528 0.0459 0.0000
vt 0.9528 0.0458 0.0000
vt 0.9527 0.0458 0.0000
vt 0.9525 0.0459 0.0000
vt 0.9525 0.0458 0.0000
vt 0.9526 0.0458 0.0000
vt 0.3877 0.7038 0.0000
vt 0.3729 0.7001 0.0000
vt 0.3620 0.6422 0.0000
vt 0.3781 0.6428 0.0000
vt 0.3588 0.6967 0.0000
vt 0.3470 0.6417 0.0000
vt 0.2213 0.7989 0.0000
vt 0.2296 0.8206 0.0000
vt 0.2155 0.8255 0.0000
vt 0.2121 0.8081 0.0000
vt 0.1997 0.8721 0.0000
vt 0.1997 0.8522 0.0000
vt 0.2206 0.8500 0.0000
vt 0.2234 0.8698 0.0000
vt 0.1996 0.7490 0.0000
vt 0.2258 0.7357 0.0000
vt 0.2236 0.7533 0.0000
vt 0.2179 0.7638 0.0000
vt 0.2431 0.8154 0.0000
vt 0.2342 0.8001 0.0000
vt 0.3462 0.6943 0.0000
vt 0.3286 0.6404 0.0000
vt 0.3227 0.6866 0.0000
vt 0.3103 0.6395 0.0000
vt 0.3133 0.8064 0.0000
vt 0.2996 0.8254 0.0000
vt 0.2854 0.8120 0.0000
vt 0.2975 0.7955 0.0000
vt 0.2450 0.8638 0.0000
vt 0.2391 0.8449 0.0000
vt 0.2555 0.8371 0.0000
vt 0.2646 0.8541 0.0000
vt 0.2826 0.8420 0.0000
vt 0.2706 0.8268 0.0000
vt 0.2542 0.8060 0.0000
vt 0.3743 0.6127 0.0000
vt 0.3534 0.5995 0.0000
vt 0.3104 0.5905 0.0000
vt 0.3328 0.5839 0.0000
vt 0.2161 0.5657 0.0000
vt 0.2192 0.5994 0.0000
vt 0.1988 0.5995 0.0000
vt 0.1988 0.5665 0.0000
vt 0.2714 0.5600 0.0000
vt 0.2794 0.5960 0.0000
vt 0.2615 0.5975 0.0000
vt 0.2550 0.5610 0.0000
vt 0.2989 0.5567 0.0000
vt 0.3242 0.5332 0.0000
vt 0.2250 0.6790 0.0000
vt 0.2258 0.7090 0.0000
vt 0.1995 0.7103 0.0000
vt 0.1993 0.6790 0.0000
vt 0.2403 0.5985 0.0000
vt 0.2342 0.5631 0.0000
vt 0.2519 0.7680 0.0000
vt 0.2734 0.7804 0.0000
vt 0.2658 0.7953 0.0000
vt 0.2517 0.7835 0.0000
vt 0.2096 0.7695 0.0000
vt 0.1997 0.7714 0.0000
vt 0.2572 0.4618 0.0000
vt 0.2578 0.4849 0.0000
vt 0.2432 0.4791 0.0000
vt 0.2434 0.4521 0.0000
vt 0.2295 0.4632 0.0000
vt 0.2330 0.4465 0.0000
vt 0.1987 0.5391 0.0000
vt 0.2131 0.5362 0.0000
vt 0.2254 0.5281 0.0000
vt 0.2656 0.5303 0.0000
vt 0.2512 0.5269 0.0000
vt 0.1977 0.4635 0.0000
vt 0.1977 0.4516 0.0000
vt 0.2141 0.4545 0.0000
vt 0.2122 0.4656 0.0000
vt 0.2247 0.4740 0.0000
vt 0.2156 0.4407 0.0000
vt 0.1978 0.4380 0.0000
vt 0.2328 0.4865 0.0000
vt 0.2360 0.5012 0.0000
vt 0.2491 0.5039 0.0000
vt 0.2617 0.5069 0.0000
vt 0.2778 0.4781 0.0000
vt 0.2994 0.5024 0.0000
vt 0.2837 0.5096 0.0000
vt 0.2789 0.4926 0.0000
vt 0.2334 0.5158 0.0000
vt 0.3120 0.5177 0.0000
vt 0.2908 0.5322 0.0000
vt 0.2278 0.5133 0.0000
vt 0.2300 0.5011 0.0000
vt 0.2107 0.5304 0.0000
vt 0.2210 0.5236 0.0000
vt 0.1986 0.5327 0.0000
vt 0.1997 0.8258 0.0000
vt 0.3038 0.7718 0.0000
vt 0.3242 0.7807 0.0000
vt 0.2923 0.6389 0.0000
vt 0.2953 0.5941 0.0000
vt 0.2852 0.5586 0.0000
vt 0.2660 0.4684 0.0000
vt 0.2679 0.4887 0.0000
vt 0.2779 0.5316 0.0000
vt 0.2721 0.5089 0.0000
vt 0.1997 0.8026 0.0000
vt 0.2391 0.7880 0.0000
vt 0.0138 0.7070 0.0000
vt 0.0225 0.6459 0.0000
vt 0.0386 0.6448 0.0000
vt 0.0286 0.7029 0.0000
vt 0.0536 0.6440 0.0000
vt 0.0425 0.6989 0.0000
vt 0.1758 0.6388 0.0000
vt 0.1989 0.6386 0.0000
vt 0.1741 0.6791 0.0000
vt 0.1782 0.7989 0.0000
vt 0.1873 0.8081 0.0000
vt 0.1840 0.8255 0.0000
vt 0.1699 0.8206 0.0000
vt 0.1761 0.8698 0.0000
vt 0.1789 0.8500 0.0000
vt 0.1757 0.7531 0.0000
vt 0.1733 0.7357 0.0000
vt 0.1815 0.7638 0.0000
vt 0.1564 0.8154 0.0000
vt 0.1653 0.8000 0.0000
vt 0.0549 0.6957 0.0000
vt 0.0722 0.6422 0.0000
vt 0.0783 0.6877 0.0000
vt 0.0907 0.6409 0.0000
vt 0.0988 0.6843 0.0000
vt 0.0935 0.7167 0.0000
vt 0.0725 0.7214 0.0000
vt 0.0966 0.7716 0.0000
vt 0.1199 0.7616 0.0000
vt 0.1264 0.7801 0.0000
vt 0.1026 0.7953 0.0000
vt 0.0870 0.8063 0.0000
vt 0.1145 0.8119 0.0000
vt 0.1003 0.8254 0.0000
vt 0.0931 0.7454 0.0000
vt 0.1189 0.7389 0.0000
vt 0.1350 0.8541 0.0000
vt 0.1441 0.8371 0.0000
vt 0.1604 0.8449 0.0000
vt 0.1545 0.8638 0.0000
vt 0.1171 0.8419 0.0000
vt 0.1291 0.8268 0.0000
vt 0.1454 0.8059 0.0000
vt 0.0269 0.5934 0.0000
vt 0.0510 0.5674 0.0000
vt 0.0460 0.6017 0.0000
vt 0.0250 0.6159 0.0000
vt 0.1188 0.5965 0.0000
vt 0.1365 0.5980 0.0000
vt 0.1293 0.6394 0.0000
vt 0.1088 0.6400 0.0000
vt 0.0654 0.5857 0.0000
vt 0.0880 0.5917 0.0000
vt 0.0725 0.5348 0.0000
vt 0.1815 0.5658 0.0000
vt 0.1785 0.5996 0.0000
vt 0.1264 0.5605 0.0000
vt 0.1428 0.5613 0.0000
vt 0.0985 0.5577 0.0000
vt 0.1445 0.7349 0.0000
vt 0.1197 0.7123 0.0000
vt 0.1465 0.7096 0.0000
vt 0.1524 0.6389 0.0000
vt 0.1576 0.5990 0.0000
vt 0.1733 0.7091 0.0000
vt 0.0725 0.7518 0.0000
vt 0.1488 0.6798 0.0000
vt 0.1635 0.5633 0.0000
vt 0.1476 0.7677 0.0000
vt 0.1479 0.7833 0.0000
vt 0.1340 0.7951 0.0000
vt 0.1898 0.7695 0.0000
vt 0.1379 0.7548 0.0000
vt 0.1519 0.4522 0.0000
vt 0.1525 0.4793 0.0000
vt 0.1380 0.4853 0.0000
vt 0.1382 0.4621 0.0000
vt 0.1623 0.4466 0.0000
vt 0.1660 0.4632 0.0000
vt 0.1842 0.5362 0.0000
vt 0.1718 0.5281 0.0000
vt 0.1311 0.5307 0.0000
vt 0.1456 0.5272 0.0000
vt 0.1832 0.4655 0.0000
vt 0.1813 0.4543 0.0000
vt 0.1708 0.4739 0.0000
vt 0.1798 0.4405 0.0000
vt 0.1630 0.4866 0.0000
vt 0.1602 0.5013 0.0000
vt 0.1472 0.5042 0.0000
vt 0.1346 0.5073 0.0000
vt 0.1126 0.5104 0.0000
vt 0.0968 0.5034 0.0000
vt 0.1179 0.4788 0.0000
vt 0.1170 0.4933 0.0000
vt 0.1633 0.5159 0.0000
vt 0.1060 0.5331 0.0000
vt 0.0845 0.5190 0.0000
vt 0.1662 0.5011 0.0000
vt 0.1689 0.5134 0.0000
vt 0.1760 0.5236 0.0000
vt 0.1865 0.5304 0.0000
vt 0.1231 0.6816 0.0000
vt 0.0764 0.7807 0.0000
vt 0.1032 0.5949 0.0000
vt 0.1123 0.5593 0.0000
vt 0.1296 0.4688 0.0000
vt 0.1280 0.4892 0.0000
vt 0.1188 0.5323 0.0000
vt 0.1241 0.5094 0.0000
vt 0.1604 0.7879 0.0000
vt 0.2273 0.4888 0.0000
vt 0.2204 0.4784 0.0000
vt 0.2099 0.4714 0.0000
vt 0.1977 0.4696 0.0000
vt 0.1685 0.4888 0.0000
vt 0.1856 0.4713 0.0000
vt 0.1752 0.4782 0.0000
vt 0.1985 0.5155 0.0000
vt 0.2043 0.5145 0.0000
vt 0.2092 0.5269 0.0000
vt 0.1986 0.5289 0.0000
vt 0.1927 0.5144 0.0000
vt 0.1879 0.5268 0.0000
vt 0.1877 0.5112 0.0000
vt 0.1787 0.5209 0.0000
vt 0.1843 0.5064 0.0000
vt 0.1724 0.5119 0.0000
vt 0.1831 0.5008 0.0000
vt 0.1701 0.5011 0.0000
vt 0.1841 0.4952 0.0000
vt 0.1721 0.4903 0.0000
vt 0.1872 0.4903 0.0000
vt 0.1779 0.4810 0.0000
vt 0.1921 0.4871 0.0000
vt 0.1871 0.4749 0.0000
vt 0.1978 0.4734 0.0000
vt 0.1978 0.4864 0.0000
vt 0.2035 0.4872 0.0000
vt 0.2085 0.4749 0.0000
vt 0.2085 0.4905 0.0000
vt 0.2177 0.4811 0.0000
vt 0.2238 0.4903 0.0000
vt 0.2118 0.4955 0.0000
vt 0.2132 0.5011 0.0000
vt 0.2262 0.5011 0.0000
vt 0.2122 0.5067 0.0000
vt 0.2242 0.5119 0.0000
vt 0.2091 0.5114 0.0000
vt 0.2182 0.5209 0.0000
vt 0.2272 0.8960 0.0000
vt 0.1998 0.8987 0.0000
vt 0.3286 0.7206 0.0000
vt 0.3526 0.7262 0.0000
vt 0.3336 0.8195 0.0000
vt 0.3184 0.8416 0.0000
vt 0.2535 0.8885 0.0000
vt 0.2776 0.8758 0.0000
vt 0.2997 0.8608 0.0000
vt 0.3526 0.7583 0.0000
vt 0.3284 0.7515 0.0000
vt 0.3464 0.7900 0.0000
vt 0.1724 0.8960 0.0000
vt 0.0484 0.7269 0.0000
vt 0.0814 0.8414 0.0000
vt 0.0666 0.8193 0.0000
vt 0.1219 0.8758 0.0000
vt 0.1460 0.8885 0.0000
vt 0.0999 0.8607 0.0000
vt 0.0482 0.7587 0.0000
vt 0.0542 0.7899 0.0000
vt 0.3021 0.6834 0.0000
vt 0.3467 0.5651 0.0000
vt 0.3716 0.5903 0.0000
vt 0.2720 0.7485 0.0000
vt 0.2797 0.7500 0.0000
vt 0.2781 0.7633 0.0000
vt 0.2655 0.7611 0.0000
vt 0.2660 0.7445 0.0000
vt 0.2551 0.7544 0.0000
vt 0.2619 0.7378 0.0000
vt 0.2479 0.7432 0.0000
vt 0.2606 0.7313 0.0000
vt 0.2457 0.7317 0.0000
vt 0.2621 0.7239 0.0000
vt 0.2483 0.7190 0.0000
vt 0.2663 0.7177 0.0000
vt 0.2557 0.7086 0.0000
vt 0.2725 0.7134 0.0000
vt 0.2660 0.7018 0.0000
vt 0.2803 0.7115 0.0000
vt 0.2787 0.6992 0.0000
vt 0.2880 0.7127 0.0000
vt 0.2913 0.7015 0.0000
vt 0.2946 0.7170 0.0000
vt 0.3017 0.7086 0.0000
vt 0.2991 0.7239 0.0000
vt 0.3088 0.7197 0.0000
vt 0.3005 0.7312 0.0000
vt 0.3111 0.7318 0.0000
vt 0.2989 0.7387 0.0000
vt 0.3085 0.7439 0.0000
vt 0.2943 0.7448 0.0000
vt 0.3012 0.7542 0.0000
vt 0.2876 0.7489 0.0000
vt 0.2909 0.7611 0.0000
vt 0.2175 0.6234 0.0000
vt 0.2449 0.6520 0.0000
vt 0.2523 0.6534 0.0000
vt 0.2510 0.6665 0.0000
vt 0.2389 0.6643 0.0000
vt 0.2391 0.6485 0.0000
vt 0.2293 0.6583 0.0000
vt 0.2351 0.6430 0.0000
vt 0.2223 0.6487 0.0000
vt 0.2337 0.6368 0.0000
vt 0.2198 0.6375 0.0000
vt 0.2349 0.6296 0.0000
vt 0.2220 0.6253 0.0000
vt 0.2387 0.6241 0.0000
vt 0.2285 0.6154 0.0000
vt 0.2444 0.6204 0.0000
vt 0.2384 0.6091 0.0000
vt 0.2517 0.6191 0.0000
vt 0.2499 0.6069 0.0000
vt 0.2591 0.6207 0.0000
vt 0.2619 0.6093 0.0000
vt 0.2652 0.6244 0.0000
vt 0.2720 0.6155 0.0000
vt 0.2696 0.6297 0.0000
vt 0.2795 0.6250 0.0000
vt 0.2715 0.6359 0.0000
vt 0.2827 0.6363 0.0000
vt 0.2702 0.6425 0.0000
vt 0.2802 0.6481 0.0000
vt 0.2663 0.6479 0.0000
vt 0.2733 0.6576 0.0000
vt 0.2598 0.6520 0.0000
vt 0.2631 0.6642 0.0000
vt 0.2781 0.7668 0.0000
vt 0.2922 0.7643 0.0000
vt 0.3037 0.7568 0.0000
vt 0.3118 0.7453 0.0000
vt 0.3146 0.7319 0.0000
vt 0.3122 0.7184 0.0000
vt 0.3042 0.7061 0.0000
vt 0.2927 0.6983 0.0000
vt 0.2787 0.6957 0.0000
vt 0.2772 0.6811 0.0000
vt 0.2646 0.6985 0.0000
vt 0.2509 0.6793 0.0000
vt 0.2532 0.7061 0.0000
vt 0.2450 0.7177 0.0000
vt 0.2421 0.7317 0.0000
vt 0.2446 0.7445 0.0000
vt 0.2525 0.7570 0.0000
vt 0.2641 0.7644 0.0000
vt 0.2373 0.6680 0.0000
vt 0.2510 0.6705 0.0000
vt 0.2647 0.6678 0.0000
vt 0.2763 0.6604 0.0000
vt 0.2840 0.6496 0.0000
vt 0.2868 0.6362 0.0000
vt 0.2833 0.6235 0.0000
vt 0.2748 0.6126 0.0000
vt 0.2633 0.6057 0.0000
vt 0.2497 0.6030 0.0000
vt 0.2366 0.6055 0.0000
vt 0.2255 0.6126 0.0000
vt 0.2182 0.6238 0.0000
vt 0.2156 0.6376 0.0000
vt 0.2184 0.6503 0.0000
vt 0.2263 0.6611 0.0000
vt 0.1214 0.4372 0.0000
vt 0.1257 0.4513 0.0000
vt 0.0977 0.4652 0.0000
vt 0.0971 0.4471 0.0000
vt 0.0713 0.4581 0.0000
vt 0.0666 0.4818 0.0000
vt 0.0349 0.5004 0.0000
vt 0.0467 0.4687 0.0000
vt 0.0912 0.3421 0.0000
vt 0.0836 0.3887 0.0000
vt 0.0651 0.3887 0.0000
vt 0.0733 0.3421 0.0000
vt 0.1012 0.2880 0.0000
vt 0.0832 0.2880 0.0000
vt 0.0968 0.2150 0.0000
vt 0.1146 0.2150 0.0000
vt 0.1096 0.1536 0.0000
vt 0.1269 0.1536 0.0000
vt 0.1377 0.1002 0.0000
vt 0.1230 0.1002 0.0000
vt 0.1074 0.1002 0.0000
vt 0.1170 0.0747 0.0000
vt 0.1308 0.0747 0.0000
vt 0.1380 0.0517 0.0000
vt 0.1489 0.0517 0.0000
vt 0.1432 0.0747 0.0000
vt 0.1669 0.0747 0.0000
vt 0.1774 0.0747 0.0000
vt 0.1736 0.1002 0.0000
vt 0.1623 0.1002 0.0000
vt 0.1973 0.1002 0.0000
vt 0.1978 0.0747 0.0000
vt 0.2083 0.0747 0.0000
vt 0.2085 0.1002 0.0000
vt 0.1416 0.1536 0.0000
vt 0.1510 0.1002 0.0000
vt 0.1566 0.1536 0.0000
vt 0.1866 0.1002 0.0000
vt 0.1855 0.1536 0.0000
vt 0.1706 0.1536 0.0000
vt 0.1967 0.1536 0.0000
vt 0.0997 0.4224 0.0000
vt 0.0771 0.4269 0.0000
vt 0.1043 0.3887 0.0000
vt 0.1262 0.3887 0.0000
vt 0.1115 0.3421 0.0000
vt 0.1338 0.3421 0.0000
vt 0.1412 0.2880 0.0000
vt 0.1202 0.2880 0.0000
vt 0.1318 0.2150 0.0000
vt 0.1506 0.2150 0.0000
vt 0.1787 0.2880 0.0000
vt 0.1599 0.2880 0.0000
vt 0.1670 0.2150 0.0000
vt 0.1830 0.2150 0.0000
vt 0.0822 0.4734 0.0000
vt 0.0231 0.4747 0.0000
vt 0.0039 0.5128 0.0000
vt 0.0476 0.3887 0.0000
vt 0.0562 0.3421 0.0000
vt 0.0657 0.2880 0.0000
vt 0.0790 0.2150 0.0000
vt 0.0925 0.1536 0.0000
vt 0.1271 0.0517 0.0000
vt 0.1955 0.2150 0.0000
vt 0.1937 0.2880 0.0000
vt 0.2087 0.1536 0.0000
vt 0.2090 0.2150 0.0000
vt 0.2093 0.2880 0.0000
vt 0.2097 0.4205 0.0000
vt 0.2098 0.4286 0.0000
vt 0.1915 0.4306 0.0000
vt 0.1912 0.4228 0.0000
vt 0.1607 0.0517 0.0000
vt 0.1556 0.0747 0.0000
vt 0.1890 0.0517 0.0000
vt 0.1974 0.0517 0.0000
vt 0.1883 0.0747 0.0000
vt 0.2080 0.0517 0.0000
vt 0.1691 0.0517 0.0000
vt 0.1798 0.0517 0.0000
vt 0.1509 0.0113 0.0000
vt 0.1508 0.0190 0.0000
vt 0.1397 0.0190 0.0000
vt 0.1395 0.0113 0.0000
vt 0.6542 0.3431 0.0000
vt 0.6712 0.3614 0.0000
vt 0.6766 0.3535 0.0000
vt 0.6542 0.3684 0.0000
vt 0.6633 0.3666 0.0000
vt 0.2084 0.0113 0.0000
vt 0.2083 0.0190 0.0000
vt 0.1963 0.0190 0.0000
vt 0.1961 0.0113 0.0000
vt 0.1721 0.0235 0.0000
vt 0.1842 0.0235 0.0000
vt 0.1840 0.0113 0.0000
vt 0.1842 0.0190 0.0000
vt 0.1721 0.0190 0.0000
vt 0.1724 0.0113 0.0000
vt 0.1508 0.0235 0.0000
vt 0.1397 0.0235 0.0000
vt 0.1618 0.0113 0.0000
vt 0.1607 0.0190 0.0000
vt 0.1607 0.0235 0.0000
vt 0.6784 0.3333 0.0000
vt 0.6784 0.3206 0.0000
vt 0.6542 0.3206 0.0000
vt 0.6784 0.3443 0.0000
vt 0.1963 0.0235 0.0000
vt 0.2083 0.0235 0.0000
vt 0.1541 0.3421 0.0000
vt 0.1753 0.3421 0.0000
vt 0.1925 0.3421 0.0000
vt 0.2096 0.3421 0.0000
vt 0.1494 0.3887 0.0000
vt 0.1718 0.3887 0.0000
vt 0.1916 0.3887 0.0000
vt 0.2098 0.3887 0.0000
vt 0.0565 0.4312 0.0000
vt 0.0368 0.4355 0.0000
vt 0.1225 0.4182 0.0000
vt 0.1471 0.4145 0.0000
vt 0.1703 0.4118 0.0000
vt 0.1911 0.4104 0.0000
vt 0.2098 0.4097 0.0000
vt 0.1465 0.4299 0.0000
vt 0.1711 0.4244 0.0000
vt 0.2716 0.4399 0.0000
vt 0.2730 0.4279 0.0000
vt 0.2809 0.4433 0.0000
vt 0.3709 0.4690 0.0000
vt 0.3799 0.5022 0.0000
vt 0.3506 0.4811 0.0000
vt 0.3472 0.4569 0.0000
vt 0.3186 0.2880 0.0000
vt 0.3040 0.2150 0.0000
vt 0.3224 0.2150 0.0000
vt 0.3376 0.2880 0.0000
vt 0.2902 0.1536 0.0000
vt 0.3077 0.1536 0.0000
vt 0.2787 0.1002 0.0000
vt 0.2921 0.1002 0.0000
vt 0.2852 0.0747 0.0000
vt 0.2989 0.0747 0.0000
vt 0.3066 0.1002 0.0000
vt 0.2732 0.0747 0.0000
vt 0.2682 0.0517 0.0000
vt 0.2787 0.0517 0.0000
vt 0.2504 0.0747 0.0000
vt 0.2546 0.1002 0.0000
vt 0.2430 0.1002 0.0000
vt 0.2398 0.0747 0.0000
vt 0.2195 0.1002 0.0000
vt 0.2190 0.0747 0.0000
vt 0.2755 0.1536 0.0000
vt 0.2607 0.1536 0.0000
vt 0.2660 0.1002 0.0000
vt 0.2468 0.1536 0.0000
vt 0.2320 0.1536 0.0000
vt 0.2297 0.1002 0.0000
vt 0.2206 0.1536 0.0000
vt 0.3283 0.3989 0.0000
vt 0.3440 0.4073 0.0000
vt 0.3426 0.4257 0.0000
vt 0.3200 0.4207 0.0000
vt 0.3084 0.3421 0.0000
vt 0.3133 0.3724 0.0000
vt 0.2935 0.3887 0.0000
vt 0.2857 0.3421 0.0000
vt 0.2777 0.2880 0.0000
vt 0.2674 0.2150 0.0000
vt 0.2864 0.2150 0.0000
vt 0.2990 0.2880 0.0000
vt 0.2403 0.2880 0.0000
vt 0.2354 0.2150 0.0000
vt 0.2512 0.2150 0.0000
vt 0.2592 0.2880 0.0000
vt 0.3209 0.4629 0.0000
vt 0.3221 0.4449 0.0000
vt 0.3937 0.4770 0.0000
vt 0.4091 0.5175 0.0000
vt 0.3404 0.2150 0.0000
vt 0.3562 0.2880 0.0000
vt 0.3242 0.1536 0.0000
vt 0.2891 0.0517 0.0000
vt 0.2460 0.4325 0.0000
vt 0.2482 0.4231 0.0000
vt 0.2567 0.4353 0.0000
vt 0.2226 0.2150 0.0000
vt 0.2251 0.2880 0.0000
vt 0.2280 0.4302 0.0000
vt 0.2285 0.4215 0.0000
vt 0.2616 0.0747 0.0000
vt 0.2567 0.0517 0.0000
vt 0.2280 0.0517 0.0000
vt 0.2289 0.0747 0.0000
vt 0.2189 0.0517 0.0000
vt 0.2482 0.0517 0.0000
vt 0.2375 0.0517 0.0000
vt 0.2776 0.0113 0.0000
vt 0.2770 0.0190 0.0000
vt 0.2661 0.0190 0.0000
vt 0.2661 0.0113 0.0000
vt 0.6318 0.3534 0.0000
vt 0.6371 0.3613 0.0000
vt 0.6450 0.3666 0.0000
vt 0.2208 0.0113 0.0000
vt 0.2205 0.0190 0.0000
vt 0.2329 0.0235 0.0000
vt 0.2453 0.0235 0.0000
vt 0.2449 0.0113 0.0000
vt 0.2453 0.0190 0.0000
vt 0.2329 0.0190 0.0000
vt 0.2332 0.0113 0.0000
vt 0.2661 0.0235 0.0000
vt 0.2770 0.0235 0.0000
vt 0.2564 0.0190 0.0000
vt 0.2554 0.0113 0.0000
vt 0.2564 0.0235 0.0000
vt 0.6300 0.3206 0.0000
vt 0.6300 0.3332 0.0000
vt 0.6300 0.3441 0.0000
vt 0.2205 0.0235 0.0000
vt 0.3619 0.3180 0.0000
vt 0.3536 0.3172 0.0000
vt 0.3316 0.3275 0.0000
vt 0.3208 0.3395 0.0000
vt 0.2653 0.3421 0.0000
vt 0.2440 0.3421 0.0000
vt 0.2267 0.3421 0.0000
vt 0.2702 0.3887 0.0000
vt 0.2477 0.3887 0.0000
vt 0.2279 0.3887 0.0000
vt 0.3159 0.3887 0.0000
vt 0.2970 0.4164 0.0000
vt 0.2723 0.4128 0.0000
vt 0.2491 0.4107 0.0000
vt 0.2284 0.4098 0.0000
vt 0.3633 0.4308 0.0000
vt 0.3830 0.4362 0.0000
vt 0.2980 0.4348 0.0000
vt 0.3605 0.4141 0.0000
vt 0.3803 0.4215 0.0000
vt 0.3183 0.3874 0.0000
vt 0.3141 0.3546 0.0000
vt 0.3557 0.3270 0.0000
vt 0.3543 0.3203 0.0000
vt 0.3620 0.3210 0.0000
vt 0.3624 0.3268 0.0000
vt 0.3378 0.3354 0.0000
vt 0.3338 0.3298 0.0000
vt 0.3289 0.3453 0.0000
vt 0.3238 0.3409 0.0000
vt 0.3241 0.3567 0.0000
vt 0.3175 0.3550 0.0000
vt 0.3236 0.3708 0.0000
vt 0.3168 0.3715 0.0000
vt 0.3275 0.3818 0.0000
vt 0.3215 0.3855 0.0000
vt 0.3353 0.3913 0.0000
vt 0.3307 0.3962 0.0000
vt 0.3485 0.3985 0.0000
vt 0.3454 0.4039 0.0000
vt 0.3618 0.4050 0.0000
vt 0.3607 0.4103 0.0000
vt 0.3803 0.4114 0.0000
vt 0.3791 0.4172 0.0000
vt 0.6781 0.9715 0.0000
vt 0.6645 0.9611 0.0000
vt 0.6490 0.9741 0.0000
vt 0.6626 0.9847 0.0000
vt 0.7134 0.9772 0.0000
vt 0.6997 0.9568 0.0000
vt 0.6900 0.9857 0.0000
vt 0.6456 0.9516 0.0000
vt 0.6269 0.9472 0.0000
vt 0.6184 0.9639 0.0000
vt 0.6353 0.9681 0.0000
vt 0.6087 0.9460 0.0000
vt 0.6000 0.9624 0.0000
vt 0.5861 0.9476 0.0000
vt 0.5814 0.9639 0.0000
vt 0.5581 0.9512 0.0000
vt 0.5595 0.9661 0.0000
vt 0.6811 0.9431 0.0000
vt 0.6588 0.9334 0.0000
vt 0.6347 0.9304 0.0000
vt 0.6116 0.9300 0.0000
vt 0.5863 0.9319 0.0000
vt 0.5580 0.9334 0.0000
vt 0.7522 0.9301 0.0000
vt 0.7201 0.9343 0.0000
vt 0.7365 0.9700 0.0000
vt 0.7604 0.9636 0.0000
vt 0.6387 0.8875 0.0000
vt 0.6397 0.9097 0.0000
vt 0.6673 0.9127 0.0000
vt 0.6656 0.8883 0.0000
vt 0.6920 0.9196 0.0000
vt 0.6913 0.8906 0.0000
vt 0.6129 0.9096 0.0000
vt 0.6119 0.8877 0.0000
vt 0.5854 0.8890 0.0000
vt 0.5588 0.8894 0.0000
vt 0.5584 0.9121 0.0000
vt 0.5861 0.9112 0.0000
vt 0.7159 0.8943 0.0000
vt 0.5833 0.8414 0.0000
vt 0.5593 0.8420 0.0000
vt 0.5591 0.8653 0.0000
vt 0.5845 0.8656 0.0000
vt 0.5817 0.7621 0.0000
vt 0.5596 0.7621 0.0000
vt 0.5594 0.8070 0.0000
vt 0.5824 0.8083 0.0000
vt 0.5595 0.7205 0.0000
vt 0.5802 0.7205 0.0000
vt 0.7101 0.8659 0.0000
vt 0.7358 0.8676 0.0000
vt 0.7281 0.8371 0.0000
vt 0.7036 0.8386 0.0000
vt 0.6855 0.8647 0.0000
vt 0.6795 0.8401 0.0000
vt 0.6603 0.8639 0.0000
vt 0.6562 0.8402 0.0000
vt 0.6351 0.8638 0.0000
vt 0.6314 0.8406 0.0000
vt 0.6097 0.8645 0.0000
vt 0.6070 0.8410 0.0000
vt 0.7221 0.8017 0.0000
vt 0.7423 0.7989 0.0000
vt 0.7320 0.7933 0.0000
vt 0.7217 0.7979 0.0000
vt 0.6874 0.7978 0.0000
vt 0.6708 0.7868 0.0000
vt 0.6741 0.8044 0.0000
vt 0.6451 0.7205 0.0000
vt 0.6553 0.7453 0.0000
vt 0.6678 0.7289 0.0000
vt 0.6671 0.7205 0.0000
vt 0.6493 0.7621 0.0000
vt 0.6261 0.7621 0.0000
vt 0.6281 0.8071 0.0000
vt 0.6523 0.8059 0.0000
vt 0.6232 0.7205 0.0000
vt 0.6017 0.7205 0.0000
vt 0.6042 0.7621 0.0000
vt 0.6053 0.8078 0.0000
vt 0.6985 0.8040 0.0000
vt 0.7481 0.8328 0.0000
vt 0.6418 0.4136 0.0000
vt 0.6436 0.4208 0.0000
vt 0.6527 0.4208 0.0000
vt 0.6527 0.4136 0.0000
vt 0.6576 0.4740 0.0000
vt 0.6714 0.4722 0.0000
vt 0.6589 0.4501 0.0000
vt 0.6450 0.4512 0.0000
vt 0.6677 0.4969 0.0000
vt 0.6817 0.4945 0.0000
vt 0.6938 0.5408 0.0000
vt 0.7094 0.5408 0.0000
vt 0.6925 0.4898 0.0000
vt 0.6750 0.5408 0.0000
vt 0.6816 0.5991 0.0000
vt 0.7041 0.5991 0.0000
vt 0.6867 0.6690 0.0000
vt 0.7113 0.6690 0.0000
vt 0.6898 0.7170 0.0000
vt 0.7184 0.7009 0.0000
vt 0.6542 0.2989 0.0000
vt 0.6371 0.2808 0.0000
vt 0.6319 0.2886 0.0000
vt 0.6305 0.4516 0.0000
vt 0.6325 0.4248 0.0000
vt 0.6188 0.4248 0.0000
vt 0.6542 0.2737 0.0000
vt 0.6450 0.2755 0.0000
vt 0.5796 0.4136 0.0000
vt 0.5597 0.4136 0.0000
vt 0.5601 0.4208 0.0000
vt 0.5813 0.4208 0.0000
vt 0.5995 0.6690 0.0000
vt 0.5789 0.6690 0.0000
vt 0.5976 0.5991 0.0000
vt 0.5782 0.5991 0.0000
vt 0.5961 0.5408 0.0000
vt 0.5779 0.5408 0.0000
vt 0.5945 0.5028 0.0000
vt 0.5928 0.4793 0.0000
vt 0.5776 0.4794 0.0000
vt 0.5780 0.5040 0.0000
vt 0.6028 0.4515 0.0000
vt 0.6015 0.4248 0.0000
vt 0.5912 0.4504 0.0000
vt 0.6162 0.4524 0.0000
vt 0.6154 0.4136 0.0000
vt 0.5986 0.4136 0.0000
vt 0.6015 0.4208 0.0000
vt 0.6188 0.4208 0.0000
vt 0.6076 0.4783 0.0000
vt 0.6241 0.4777 0.0000
vt 0.6116 0.5013 0.0000
vt 0.6549 0.5408 0.0000
vt 0.6483 0.4993 0.0000
vt 0.6296 0.5007 0.0000
vt 0.6332 0.5408 0.0000
vt 0.6149 0.5408 0.0000
vt 0.6371 0.5991 0.0000
vt 0.6605 0.5991 0.0000
vt 0.6410 0.6690 0.0000
vt 0.6645 0.6690 0.0000
vt 0.6180 0.5991 0.0000
vt 0.6204 0.6690 0.0000
vt 0.6720 0.9944 0.0000
vt 0.7696 0.9608 0.0000
vt 0.7641 0.9288 0.0000
vt 0.5598 0.5045 0.0000
vt 0.5596 0.5408 0.0000
vt 0.7544 0.8680 0.0000
vt 0.7220 0.5991 0.0000
vt 0.7312 0.6690 0.0000
vt 0.6834 0.7205 0.0000
vt 0.5594 0.6690 0.0000
vt 0.5594 0.5991 0.0000
vt 0.6436 0.4248 0.0000
vt 0.6687 0.4474 0.0000
vt 0.6527 0.4248 0.0000
vt 0.6293 0.4136 0.0000
vt 0.6325 0.4208 0.0000
vt 0.6817 0.4681 0.0000
vt 0.5597 0.4798 0.0000
vt 0.5778 0.4483 0.0000
vt 0.5597 0.4469 0.0000
vt 0.5813 0.4248 0.0000
vt 0.5601 0.4248 0.0000
vt 0.6300 0.3089 0.0000
vt 0.6300 0.2979 0.0000
vt 0.6405 0.4761 0.0000
vt 0.7437 0.8998 0.0000
vt 0.7567 0.8850 0.0000
vt 0.4504 0.9620 0.0000
vt 0.4362 0.9718 0.0000
vt 0.4512 0.9855 0.0000
vt 0.4654 0.9759 0.0000
vt 0.4151 0.9563 0.0000
vt 0.4001 0.9764 0.0000
vt 0.4235 0.9861 0.0000
vt 0.4891 0.9503 0.0000
vt 0.4700 0.9536 0.0000
vt 0.4797 0.9713 0.0000
vt 0.4974 0.9686 0.0000
vt 0.5074 0.9501 0.0000
vt 0.5170 0.9679 0.0000
vt 0.5300 0.9512 0.0000
vt 0.5370 0.9681 0.0000
vt 0.4345 0.9431 0.0000
vt 0.4576 0.9343 0.0000
vt 0.4819 0.9323 0.0000
vt 0.5049 0.9324 0.0000
vt 0.5299 0.9338 0.0000
vt 0.3957 0.9330 0.0000
vt 0.3626 0.9273 0.0000
vt 0.3537 0.9597 0.0000
vt 0.3771 0.9675 0.0000
vt 0.4789 0.8878 0.0000
vt 0.4517 0.8885 0.0000
vt 0.4497 0.9130 0.0000
vt 0.4774 0.9106 0.0000
vt 0.4261 0.8904 0.0000
vt 0.4244 0.9193 0.0000
vt 0.5041 0.9106 0.0000
vt 0.5057 0.8882 0.0000
vt 0.5322 0.8893 0.0000
vt 0.5308 0.9117 0.0000
vt 0.4010 0.8938 0.0000
vt 0.5351 0.8413 0.0000
vt 0.5337 0.8654 0.0000
vt 0.5377 0.7621 0.0000
vt 0.5363 0.8085 0.0000
vt 0.5389 0.7205 0.0000
vt 0.4077 0.8662 0.0000
vt 0.4146 0.8391 0.0000
vt 0.3906 0.8369 0.0000
vt 0.3814 0.8668 0.0000
vt 0.4327 0.8645 0.0000
vt 0.4387 0.8402 0.0000
vt 0.4578 0.8640 0.0000
vt 0.4622 0.8403 0.0000
vt 0.4831 0.8643 0.0000
vt 0.4868 0.8407 0.0000
vt 0.5085 0.8646 0.0000
vt 0.5112 0.8411 0.0000
vt 0.4215 0.8041 0.0000
vt 0.4290 0.7621 0.0000
vt 0.4059 0.7621 0.0000
vt 0.3991 0.8016 0.0000
vt 0.3864 0.7621 0.0000
vt 0.3790 0.7968 0.0000
vt 0.4452 0.8046 0.0000
vt 0.4509 0.7621 0.0000
vt 0.4546 0.7205 0.0000
vt 0.4717 0.7621 0.0000
vt 0.4761 0.7205 0.0000
vt 0.4668 0.8060 0.0000
vt 0.4905 0.8074 0.0000
vt 0.4940 0.7621 0.0000
vt 0.4970 0.7205 0.0000
vt 0.5154 0.7621 0.0000
vt 0.5178 0.7205 0.0000
vt 0.5133 0.8081 0.0000
vt 0.3707 0.8302 0.0000
vt 0.4764 0.4136 0.0000
vt 0.4660 0.4136 0.0000
vt 0.4661 0.4208 0.0000
vt 0.4750 0.4208 0.0000
vt 0.4623 0.4739 0.0000
vt 0.4751 0.4506 0.0000
vt 0.4608 0.4497 0.0000
vt 0.4475 0.4717 0.0000
vt 0.4364 0.4931 0.0000
vt 0.4528 0.4961 0.0000
vt 0.4251 0.5408 0.0000
vt 0.4232 0.4892 0.0000
vt 0.4099 0.5408 0.0000
vt 0.4180 0.5991 0.0000
vt 0.4380 0.5991 0.0000
vt 0.4432 0.5408 0.0000
vt 0.4135 0.6690 0.0000
vt 0.4355 0.6690 0.0000
vt 0.4111 0.7205 0.0000
vt 0.4334 0.7205 0.0000
vt 0.6765 0.2887 0.0000
vt 0.6713 0.2808 0.0000
vt 0.4891 0.4509 0.0000
vt 0.5024 0.4248 0.0000
vt 0.4876 0.4248 0.0000
vt 0.6634 0.2755 0.0000
vt 0.5399 0.4136 0.0000
vt 0.5390 0.4208 0.0000
vt 0.5401 0.6690 0.0000
vt 0.5199 0.6690 0.0000
vt 0.5410 0.5991 0.0000
vt 0.5225 0.5991 0.0000
vt 0.5414 0.5408 0.0000
vt 0.5233 0.5408 0.0000
vt 0.5242 0.5032 0.0000
vt 0.5415 0.5040 0.0000
vt 0.5419 0.4796 0.0000
vt 0.5262 0.4797 0.0000
vt 0.5416 0.4486 0.0000
vt 0.5390 0.4248 0.0000
vt 0.5284 0.4509 0.0000
vt 0.5164 0.4519 0.0000
vt 0.5200 0.4248 0.0000
vt 0.5034 0.4519 0.0000
vt 0.5212 0.4136 0.0000
vt 0.5043 0.4136 0.0000
vt 0.5024 0.4208 0.0000
vt 0.5200 0.4208 0.0000
vt 0.4954 0.4774 0.0000
vt 0.5114 0.4788 0.0000
vt 0.5072 0.5020 0.0000
vt 0.4634 0.5408 0.0000
vt 0.4848 0.5408 0.0000
vt 0.4895 0.5009 0.0000
vt 0.4717 0.4991 0.0000
vt 0.5038 0.5408 0.0000
vt 0.4596 0.5991 0.0000
vt 0.4817 0.5991 0.0000
vt 0.4565 0.6690 0.0000
vt 0.4792 0.6690 0.0000
vt 0.5022 0.5991 0.0000
vt 0.4994 0.6690 0.0000
vt 0.4417 0.9949 0.0000
vt 0.3499 0.9255 0.0000
vt 0.3450 0.9572 0.0000
vt 0.3622 0.8652 0.0000
vt 0.4020 0.5991 0.0000
vt 0.3965 0.6690 0.0000
vt 0.3923 0.7205 0.0000
vt 0.4750 0.4248 0.0000
vt 0.4661 0.4248 0.0000
vt 0.4489 0.4463 0.0000
vt 0.4876 0.4208 0.0000
vt 0.4895 0.4136 0.0000
vt 0.4349 0.4671 0.0000
vt 0.6784 0.3089 0.0000
vt 0.6784 0.2980 0.0000
vt 0.4799 0.4753 0.0000
vt 0.3717 0.8979 0.0000
vt 0.3587 0.8825 0.0000
vt 0.3538 0.9060 0.0000
vt 0.6530 0.7597 0.0000
vt 0.6587 0.7731 0.0000
vt 0.6980 0.7997 0.0000
vt 0.7117 0.8010 0.0000
vt 0.7410 0.7875 0.0000
vt 0.7332 0.6975 0.0000
vt 0.7267 0.7819 0.0000
vt 0.7308 0.7903 0.0000
vt 0.7393 0.7848 0.0000
vt 0.7381 0.7767 0.0000
vt 0.7174 0.7864 0.0000
vt 0.7211 0.7946 0.0000
vt 0.7096 0.7866 0.0000
vt 0.7117 0.7975 0.0000
vt 0.7017 0.7867 0.0000
vt 0.6988 0.7963 0.0000
vt 0.6937 0.7858 0.0000
vt 0.6889 0.7945 0.0000
vt 0.6822 0.7784 0.0000
vt 0.6732 0.7841 0.0000
vt 0.6727 0.7665 0.0000
vt 0.6618 0.7713 0.0000
vt 0.6699 0.7571 0.0000
vt 0.6565 0.7587 0.0000
vt 0.6709 0.7472 0.0000
vt 0.6587 0.7451 0.0000
vt 0.6778 0.7380 0.0000
vt 0.6704 0.7297 0.0000
vt 0.6921 0.7298 0.0000
vt 0.6851 0.7218 0.0000
vt 0.6990 0.7267 0.0000
vt 0.6911 0.7185 0.0000
vt 0.7232 0.7140 0.0000
vt 0.7180 0.7033 0.0000
vt 0.7349 0.7118 0.0000
vt 0.7320 0.7002 0.0000
vt 0.6430 0.9936 0.0000
vt 0.6593 0.9857 0.0000
vt 0.6461 0.9757 0.0000
vt 0.6319 0.9871 0.0000
vt 0.6208 0.9835 0.0000
vt 0.6329 0.9701 0.0000
vt 0.6166 0.9661 0.0000
vt 0.6070 0.9809 0.0000
vt 0.5987 0.9648 0.0000
vt 0.5920 0.9800 0.0000
vt 0.5806 0.9662 0.0000
vt 0.5768 0.9810 0.0000
vt 0.5594 0.9682 0.0000
vt 0.5590 0.9822 0.0000
vt 0.6506 0.9995 0.0000
vt 0.6684 0.9948 0.0000
vt 0.4823 0.9882 0.0000
vt 0.4682 0.9774 0.0000
vt 0.4544 0.9864 0.0000
vt 0.4708 0.9940 0.0000
vt 0.5084 0.9838 0.0000
vt 0.4992 0.9705 0.0000
vt 0.4821 0.9731 0.0000
vt 0.4940 0.9854 0.0000
vt 0.5244 0.9834 0.0000
vt 0.5182 0.9699 0.0000
vt 0.5407 0.9835 0.0000
vt 0.5377 0.9701 0.0000
vt 0.4452 0.9953 0.0000
vt 0.4630 0.9998 0.0000
vt 0.2944 0.4485 0.0000
vt 0.1744 0.4337 0.0000
vt 0.1641 0.4366 0.0000
vt 0.1494 0.4419 0.0000
vt 0.1399 0.4457 0.0000
vt 0.7606 0.9088 0.0000
vt 0.5742 0.9793 0.0000
vt 0.5742 0.9791 0.0000
vt 0.5741 0.9791 0.0000
vt 0.5743 0.9795 0.0000
vt 0.5742 0.9795 0.0000
vt 0.5743 0.9791 0.0000
vt 0.5743 0.9792 0.0000
vt 0.5744 0.9792 0.0000
vt 0.5744 0.9793 0.0000
vt 0.5744 0.9794 0.0000
vt 0.2169 0.9322 0.0000
vt 0.2211 0.9208 0.0000
vt 0.2327 0.9248 0.0000
vt 0.2291 0.9343 0.0000
vt 0.2275 0.9106 0.0000
vt 0.2361 0.9022 0.0000
vt 0.2452 0.9093 0.0000
vt 0.2382 0.9164 0.0000
vt 0.2464 0.8960 0.0000
vt 0.2576 0.8919 0.0000
vt 0.2625 0.8999 0.0000
vt 0.2534 0.9037 0.0000
vt 0.2694 0.8898 0.0000
vt 0.2812 0.8898 0.0000
vt 0.2822 0.8971 0.0000
vt 0.2722 0.8977 0.0000
vt 0.2924 0.8915 0.0000
vt 0.3030 0.8950 0.0000
vt 0.3017 0.9007 0.0000
vt 0.2921 0.8981 0.0000
vt 0.3131 0.8999 0.0000
vt 0.3224 0.9062 0.0000
vt 0.3192 0.9104 0.0000
vt 0.3108 0.9049 0.0000
vt 0.3303 0.9141 0.0000
vt 0.3362 0.9233 0.0000
vt 0.3318 0.9257 0.0000
vt 0.3263 0.9175 0.0000
vt 0.3401 0.9336 0.0000
vt 0.3414 0.9445 0.0000
vt 0.3365 0.9446 0.0000
vt 0.3353 0.9349 0.0000
vt 0.3402 0.9554 0.0000
vt 0.3362 0.9656 0.0000
vt 0.3318 0.9635 0.0000
vt 0.3354 0.9544 0.0000
vt 0.3191 0.9787 0.0000
vt 0.3263 0.9717 0.0000
vt 0.3300 0.9747 0.0000
vt 0.3222 0.9825 0.0000
vt 0.3017 0.9885 0.0000
vt 0.3108 0.9843 0.0000
vt 0.3130 0.9888 0.0000
vt 0.3030 0.9934 0.0000
vt 0.2823 0.9921 0.0000
vt 0.2921 0.9910 0.0000
vt 0.2927 0.9962 0.0000
vt 0.2819 0.9977 0.0000
vt 0.2625 0.9894 0.0000
vt 0.2723 0.9915 0.0000
vt 0.2705 0.9974 0.0000
vt 0.2590 0.9952 0.0000
vt 0.2450 0.9800 0.0000
vt 0.2533 0.9855 0.0000
vt 0.2479 0.9911 0.0000
vt 0.2376 0.9851 0.0000
vt 0.2323 0.9643 0.0000
vt 0.2377 0.9729 0.0000
vt 0.2286 0.9771 0.0000
vt 0.2217 0.9673 0.0000
vt 0.2278 0.9444 0.0000
vt 0.2289 0.9546 0.0000
vt 0.2172 0.9561 0.0000
vt 0.2156 0.9441 0.0000
vt 0.2427 0.9373 0.0000
vt 0.2508 0.9395 0.0000
vt 0.2500 0.9448 0.0000
vt 0.2417 0.9448 0.0000
vt 0.2415 0.9371 0.0000
vt 0.2444 0.9299 0.0000
vt 0.2455 0.9303 0.0000
vt 0.2498 0.9241 0.0000
vt 0.2561 0.9297 0.0000
vt 0.2529 0.9343 0.0000
vt 0.2488 0.9234 0.0000
vt 0.2544 0.9180 0.0000
vt 0.2553 0.9189 0.0000
vt 0.2617 0.9147 0.0000
vt 0.2656 0.9223 0.0000
vt 0.2604 0.9256 0.0000
vt 0.2610 0.9136 0.0000
vt 0.2683 0.9105 0.0000
vt 0.2688 0.9117 0.0000
vt 0.2764 0.9098 0.0000
vt 0.2775 0.9183 0.0000
vt 0.2713 0.9199 0.0000
vt 0.2761 0.9085 0.0000
vt 0.2841 0.9077 0.0000
vt 0.2841 0.9091 0.0000
vt 0.2919 0.9096 0.0000
vt 0.2903 0.9181 0.0000
vt 0.2839 0.9177 0.0000
vt 0.2922 0.9082 0.0000
vt 0.3000 0.9101 0.0000
vt 0.2996 0.9113 0.0000
vt 0.3068 0.9143 0.0000
vt 0.3024 0.9218 0.0000
vt 0.2965 0.9194 0.0000
vt 0.3075 0.9132 0.0000
vt 0.3142 0.9175 0.0000
vt 0.3133 0.9185 0.0000
vt 0.3189 0.9238 0.0000
vt 0.3121 0.9291 0.0000
vt 0.3077 0.9250 0.0000
vt 0.3200 0.9230 0.0000
vt 0.3245 0.9296 0.0000
vt 0.3233 0.9301 0.0000
vt 0.3261 0.9372 0.0000
vt 0.3177 0.9391 0.0000
vt 0.3155 0.9339 0.0000
vt 0.3273 0.9370 0.0000
vt 0.3283 0.9448 0.0000
vt 0.3271 0.9448 0.0000
vt 0.3262 0.9524 0.0000
vt 0.3177 0.9503 0.0000
vt 0.3184 0.9447 0.0000
vt 0.3274 0.9526 0.0000
vt 0.3246 0.9600 0.0000
vt 0.3234 0.9595 0.0000
vt 0.3190 0.9658 0.0000
vt 0.3122 0.9603 0.0000
vt 0.3156 0.9555 0.0000
vt 0.3201 0.9666 0.0000
vt 0.3143 0.9721 0.0000
vt 0.3134 0.9711 0.0000
vt 0.3068 0.9753 0.0000
vt 0.3023 0.9676 0.0000
vt 0.3077 0.9644 0.0000
vt 0.3075 0.9765 0.0000
vt 0.3000 0.9796 0.0000
vt 0.2995 0.9783 0.0000
vt 0.2919 0.9801 0.0000
vt 0.2901 0.9715 0.0000
vt 0.2964 0.9701 0.0000
vt 0.2921 0.9815 0.0000
vt 0.2840 0.9821 0.0000
vt 0.2840 0.9807 0.0000
vt 0.2761 0.9800 0.0000
vt 0.2772 0.9714 0.0000
vt 0.2836 0.9720 0.0000
vt 0.2759 0.9813 0.0000
vt 0.2680 0.9794 0.0000
vt 0.2685 0.9781 0.0000
vt 0.2613 0.9751 0.0000
vt 0.2651 0.9675 0.0000
vt 0.2709 0.9699 0.0000
vt 0.2606 0.9762 0.0000
vt 0.2540 0.9718 0.0000
vt 0.2549 0.9709 0.0000
vt 0.2494 0.9656 0.0000
vt 0.2558 0.9601 0.0000
vt 0.2600 0.9641 0.0000
vt 0.2483 0.9663 0.0000
vt 0.2440 0.9597 0.0000
vt 0.2451 0.9593 0.0000
vt 0.2507 0.9502 0.0000
vt 0.2526 0.9554 0.0000
vt 0.2425 0.9522 0.0000
vt 0.2414 0.9524 0.0000
vt 0.2405 0.9448 0.0000
vt 0.2159 0.9319 0.0000
vt 0.2200 0.9204 0.0000
vt 0.2145 0.9441 0.0000
vt 0.2266 0.9100 0.0000
vt 0.2354 0.9014 0.0000
vt 0.2458 0.8951 0.0000
vt 0.2572 0.8909 0.0000
vt 0.2692 0.8888 0.0000
vt 0.2812 0.8887 0.0000
vt 0.2926 0.8904 0.0000
vt 0.3034 0.8940 0.0000
vt 0.3136 0.8991 0.0000
vt 0.3231 0.9055 0.0000
vt 0.3311 0.9135 0.0000
vt 0.3372 0.9229 0.0000
vt 0.3411 0.9334 0.0000
vt 0.3423 0.9445 0.0000
vt 0.3412 0.9556 0.0000
vt 0.3371 0.9660 0.0000
vt 0.3309 0.9753 0.0000
vt 0.3229 0.9832 0.0000
vt 0.3135 0.9896 0.0000
vt 0.3034 0.9943 0.0000
vt 0.2928 0.9973 0.0000
vt 0.2819 0.9988 0.0000
vt 0.2703 0.9984 0.0000
vt 0.2586 0.9962 0.0000
vt 0.2473 0.9921 0.0000
vt 0.2368 0.9859 0.0000
vt 0.2277 0.9777 0.0000
vt 0.2207 0.9677 0.0000
vt 0.2162 0.9563 0.0000
# 2041 texture coords

o Object001
g Object001
usemtl Material_75
s 1
f 1/1/1 2/2/2 3/3/3 4/4/4 
f 5/5/5 6/6/6 7/7/7 8/8/8 
f 9/9/9 10/10/10 11/11/11 12/12/12 
f 4/4/4 3/3/3 10/10/10 9/9/9 
f 13/13/13 14/14/14 15/15/15 16/16/16 
f 17/17/17 18/18/18 19/19/19 20/20/20 
f 19/19/19 15/15/15 14/14/14 20/20/20 
f 21/21/21 22/22/22 18/18/18 17/17/17 
f 23/23/23 7/7/7 6/6/6 24/24/24 
f 12/12/12 11/11/11 25/25/25 26/26/26 
f 8/8/8 7/7/7 25/25/25 27/27/27 
f 26/26/26 25/25/25 7/7/7 23/23/23 
f 27/27/27 25/25/25 11/11/11 22/22/22 
f 22/22/22 11/11/11 10/10/10 18/18/18 
f 18/18/18 10/10/10 3/3/3 19/19/19 
f 19/19/19 3/3/3 2/2/2 15/15/15 
f 15/15/15 2/2/2 28/28/28 16/16/16 
f 13/13/13 29/29/29 30/30/30 14/14/14 
f 31/31/31 20/20/20 14/14/14 30/30/30 
f 20/20/20 31/31/31 32/32/32 17/17/17 
f 17/17/17 32/32/32 33/33/33 21/21/21 
f 34/34/34 35/35/35 30/30/30 29/29/29 
f 36/36/36 37/37/37 32/32/32 31/31/31 
f 32/32/32 37/37/37 38/38/38 33/33/33 
f 39/39/39 22/22/22 21/21/21 40/40/40 
f 22/22/22 39/39/39 41/41/41 27/27/27 
f 27/27/27 41/41/41 42/42/42 8/8/8 
f 8/8/8 42/42/42 43/43/43 5/5/5 
f 38/38/38 44/44/44 45/45/45 33/33/33 
f 46/46/46 28/28/28 2/2/2 1/1/1 
f 47/47/47 48/48/48 49/49/49 50/50/50 
f 51/51/51 47/47/47 50/50/50 52/52/52 
f 47/47/47 51/51/51 53/53/53 54/54/54 
f 48/48/48 47/47/47 54/54/54 55/55/55 
f 56/56/56 57/57/57 53/53/53 51/51/51 
f 58/58/58 56/56/56 51/51/51 52/52/52 
f 56/56/56 58/58/58 59/59/59 60/60/60 
f 57/57/57 56/56/56 60/60/60 61/61/61 
f 62/62/62 63/63/63 61/61/61 60/60/60 
f 64/64/64 62/62/62 60/60/60 59/59/59 
f 62/62/62 64/64/64 65/65/65 66/66/66 
f 63/63/63 62/62/62 66/66/66 67/67/67 
f 68/68/68 69/69/69 67/67/67 66/66/66 
f 70/70/70 68/68/68 66/66/66 65/65/65 
f 68/68/68 70/70/70 71/71/71 72/72/72 
f 69/69/69 68/68/68 72/72/72 73/73/73 
f 74/74/74 75/75/75 73/73/73 72/72/72 
f 76/76/76 74/74/74 72/72/72 71/71/71 
f 74/74/74 76/76/76 77/77/77 78/78/78 
f 75/75/75 74/74/74 78/78/78 79/79/79 
f 80/80/80 81/81/81 79/79/79 78/78/78 
f 82/82/82 80/80/80 78/78/78 77/77/77 
f 80/80/80 82/82/82 83/83/83 84/84/84 
f 81/81/81 80/80/80 84/84/84 85/85/85 
f 86/86/86 87/87/87 85/85/85 84/84/84 
f 88/88/88 86/86/86 84/84/84 83/83/83 
f 86/86/86 88/88/88 89/89/89 90/90/90 
f 87/87/87 86/86/86 90/90/90 91/91/91 
f 92/92/92 93/93/93 91/91/91 90/90/90 
f 94/94/94 92/92/92 90/90/90 89/89/89 
f 92/92/92 94/94/94 95/95/95 96/96/96 
f 93/93/93 92/92/92 96/96/96 97/97/97 
f 98/98/98 99/99/99 97/97/97 96/96/96 
f 100/100/100 98/98/98 96/96/96 95/95/95 
f 98/98/98 100/100/100 101/101/101 102/102/102 
f 99/99/99 98/98/98 102/102/102 103/103/103 
f 104/104/104 105/105/105 103/103/103 102/102/102 
f 106/106/106 104/104/104 102/102/102 101/101/101 
f 104/104/104 106/106/106 107/107/107 108/108/108 
f 105/105/105 104/104/104 108/108/108 109/109/109 
f 110/110/110 111/111/111 109/109/109 108/108/108 
f 112/112/112 110/110/110 108/108/108 107/107/107 
f 110/110/110 112/112/112 113/113/113 114/114/114 
f 111/111/111 110/110/110 114/114/114 115/115/115 
f 116/116/116 117/117/117 115/115/115 114/114/114 
f 118/118/118 116/116/116 114/114/114 113/113/113 
f 119/119/119 116/116/116 118/118/118 
f 117/117/117 116/116/116 119/119/119 120/120/120 
f 120/120/120 119/119/119 121/121/121 
f 122/122/122 123/123/123 54/54/54 53/53/53 
f 124/124/124 55/55/55 54/54/54 123/123/123 
f 125/125/125 126/126/126 57/57/57 61/61/61 
f 126/126/126 122/122/122 53/53/53 57/57/57 
f 127/127/127 128/128/128 63/63/63 67/67/67 
f 128/128/128 125/125/125 61/61/61 63/63/63 
f 129/129/129 130/130/130 69/69/69 73/73/73 
f 130/130/130 127/127/127 67/67/67 69/69/69 
f 131/131/131 132/132/132 75/75/75 79/79/79 
f 132/132/132 129/129/129 73/73/73 75/75/75 
f 133/133/133 134/134/134 81/81/81 85/85/85 
f 134/134/134 131/131/131 79/79/79 81/81/81 
f 135/135/135 136/136/136 87/87/87 91/91/91 
f 136/136/136 133/133/133 85/85/85 87/87/87 
f 137/137/137 138/138/138 93/93/93 97/97/97 
f 138/138/138 135/135/135 91/91/91 93/93/93 
f 139/139/139 140/140/140 99/99/99 103/103/103 
f 140/140/140 137/137/137 97/97/97 99/99/99 
f 141/141/141 142/142/142 105/105/105 109/109/109 
f 142/142/142 139/139/139 103/103/103 105/105/105 
f 143/143/143 144/144/144 111/111/111 115/115/115 
f 144/144/144 141/141/141 109/109/109 111/111/111 
f 145/145/145 146/146/146 117/117/117 120/120/120 
f 146/146/146 143/143/143 115/115/115 117/117/117 
f 147/147/147 148/148/148 121/121/121 149/149/149 
f 148/148/148 145/145/145 120/120/120 121/121/121 
f 150/150/150 151/151/151 152/152/152 153/153/153 
f 150/150/150 147/147/147 149/149/149 151/151/151 
f 154/154/154 50/50/50 49/49/49 155/155/155 
f 156/156/156 52/52/52 50/50/50 154/154/154 
f 156/156/156 157/157/157 58/58/58 52/52/52 
f 158/158/158 59/59/59 58/58/58 157/157/157 
f 158/158/158 159/159/159 64/64/64 59/59/59 
f 160/160/160 65/65/65 64/64/64 159/159/159 
f 160/160/160 161/161/161 70/70/70 65/65/65 
f 162/162/162 71/71/71 70/70/70 161/161/161 
f 162/162/162 163/163/163 76/76/76 71/71/71 
f 164/164/164 77/77/77 76/76/76 163/163/163 
f 164/164/164 165/165/165 82/82/82 77/77/77 
f 166/166/166 83/83/83 82/82/82 165/165/165 
f 166/166/166 167/167/167 88/88/88 83/83/83 
f 168/168/168 89/89/89 88/88/88 167/167/167 
f 168/168/168 169/169/169 94/94/94 89/89/89 
f 170/170/170 95/95/95 94/94/94 169/169/169 
f 170/170/170 171/171/171 100/100/100 95/95/95 
f 172/172/172 101/101/101 100/100/100 171/171/171 
f 172/172/172 173/173/173 106/106/106 101/101/101 
f 174/174/174 107/107/107 106/106/106 173/173/173 
f 174/174/174 175/175/175 112/112/112 107/107/107 
f 176/176/176 113/113/113 112/112/112 175/175/175 
f 176/176/176 177/177/177 118/118/118 113/113/113 
f 178/178/178 179/179/179 180/180/180 181/181/181 
f 182/182/182 178/178/178 181/181/181 183/183/183 
f 178/178/178 182/182/182 184/184/184 185/185/185 
f 179/179/179 178/178/178 185/185/185 186/186/186 
f 187/187/187 188/188/188 189/189/189 190/190/190 
f 191/191/191 187/187/187 190/190/190 192/192/192 
f 187/187/187 191/191/191 183/183/183 181/181/181 
f 188/188/188 187/187/187 181/181/181 180/180/180 
f 193/193/193 194/194/194 195/195/195 196/196/196 
f 197/197/197 193/193/193 196/196/196 198/198/198 
f 193/193/193 197/197/197 192/192/192 190/190/190 
f 194/194/194 193/193/193 190/190/190 189/189/189 
f 199/199/199 200/200/200 201/201/201 202/202/202 
f 203/203/203 199/199/199 202/202/202 204/204/204 
f 199/199/199 203/203/203 198/198/198 196/196/196 
f 200/200/200 199/199/199 196/196/196 195/195/195 
f 205/205/205 206/206/206 207/207/207 208/208/208 
f 209/209/209 205/205/205 208/208/208 210/210/210 
f 205/205/205 209/209/209 204/204/204 202/202/202 
f 206/206/206 205/205/205 202/202/202 201/201/201 
f 211/211/211 212/212/212 213/213/213 214/214/214 
f 215/215/215 211/211/211 214/214/214 216/216/216 
f 211/211/211 215/215/215 210/210/210 208/208/208 
f 212/212/212 211/211/211 208/208/208 207/207/207 
f 217/217/217 218/218/218 219/219/219 220/220/220 
f 221/221/221 217/217/217 220/220/220 222/222/222 
f 217/217/217 221/221/221 216/216/216 214/214/214 
f 218/218/218 217/217/217 214/214/214 213/213/213 
f 223/223/223 224/224/224 225/225/225 226/226/226 
f 227/227/227 223/223/223 226/226/226 228/228/228 
f 223/223/223 227/227/227 222/222/222 220/220/220 
f 224/224/224 223/223/223 220/220/220 219/219/219 
f 229/229/229 230/230/230 231/231/231 232/232/232 
f 233/233/233 229/229/229 232/232/232 234/234/234 
f 229/229/229 233/233/233 228/228/228 226/226/226 
f 230/230/230 229/229/229 226/226/226 225/225/225 
f 235/235/235 236/236/236 234/234/234 237/237/237 
f 238/238/238 235/235/235 237/237/237 239/239/239 
f 235/235/235 238/238/238 240/240/240 241/241/241 
f 241/241/241 242/242/242 236/236/236 235/235/235 
f 37/37/37 243/243/243 244/244/244 38/38/38 
f 36/36/36 245/245/245 243/243/243 37/37/37 
f 243/243/243 245/245/245 239/239/239 246/246/246 
f 244/244/244 243/243/243 246/246/246 247/247/247 
f 248/248/248 182/182/182 183/183/183 249/249/249 
f 250/250/250 251/251/251 248/248/248 249/249/249 
f 251/251/251 252/252/252 253/253/253 248/248/248 
f 182/182/182 248/248/248 253/253/253 184/184/184 
f 186/186/186 254/254/254 255/255/255 179/179/179 
f 179/179/179 255/255/255 256/256/256 180/180/180 
f 257/257/257 191/191/191 192/192/192 258/258/258 
f 259/259/259 260/260/260 257/257/257 258/258/258 
f 260/260/260 250/250/250 249/249/249 257/257/257 
f 191/191/191 257/257/257 249/249/249 183/183/183 
f 261/261/261 188/188/188 180/180/180 256/256/256 
f 188/188/188 261/261/261 262/262/262 189/189/189 
f 263/263/263 197/197/197 198/198/198 264/264/264 
f 265/265/265 266/266/266 263/263/263 264/264/264 
f 266/266/266 259/259/259 258/258/258 263/263/263 
f 197/197/197 263/263/263 258/258/258 192/192/192 
f 267/267/267 194/194/194 189/189/189 262/262/262 
f 194/194/194 267/267/267 268/268/268 195/195/195 
f 269/269/269 203/203/203 204/204/204 270/270/270 
f 271/271/271 272/272/272 269/269/269 270/270/270 
f 272/272/272 265/265/265 264/264/264 269/269/269 
f 203/203/203 269/269/269 264/264/264 198/198/198 
f 273/273/273 200/200/200 195/195/195 268/268/268 
f 200/200/200 273/273/273 274/274/274 201/201/201 
f 275/275/275 209/209/209 210/210/210 276/276/276 
f 277/277/277 278/278/278 275/275/275 276/276/276 
f 278/278/278 271/271/271 270/270/270 275/275/275 
f 209/209/209 275/275/275 270/270/270 204/204/204 
f 279/279/279 206/206/206 201/201/201 274/274/274 
f 206/206/206 279/279/279 280/280/280 207/207/207 
f 281/281/281 215/215/215 216/216/216 282/282/282 
f 283/283/283 284/284/284 281/281/281 282/282/282 
f 284/284/284 277/277/277 276/276/276 281/281/281 
f 215/215/215 281/281/281 276/276/276 210/210/210 
f 285/285/285 212/212/212 207/207/207 280/280/280 
f 212/212/212 285/285/285 286/286/286 213/213/213 
f 287/287/287 221/221/221 222/222/222 288/288/288 
f 289/289/289 290/290/290 287/287/287 288/288/288 
f 290/290/290 283/283/283 282/282/282 287/287/287 
f 221/221/221 287/287/287 282/282/282 216/216/216 
f 291/291/291 218/218/218 213/213/213 286/286/286 
f 218/218/218 291/291/291 292/292/292 219/219/219 
f 293/293/293 227/227/227 228/228/228 294/294/294 
f 294/294/294 295/295/295 296/296/296 293/293/293 
f 296/296/296 289/289/289 288/288/288 293/293/293 
f 227/227/227 293/293/293 288/288/288 222/222/222 
f 297/297/297 224/224/224 219/219/219 292/292/292 
f 224/224/224 297/297/297 298/298/298 225/225/225 
f 299/299/299 233/233/233 234/234/234 236/236/236 
f 242/242/242 300/300/300 299/299/299 236/236/236 
f 300/300/300 295/295/295 294/294/294 299/299/299 
f 233/233/233 299/299/299 294/294/294 228/228/228 
f 301/301/301 230/230/230 225/225/225 298/298/298 
f 230/230/230 301/301/301 302/302/302 231/231/231 
f 303/303/303 304/304/304 231/231/231 302/302/302 
f 304/304/304 303/303/303 305/305/305 247/247/247 
f 35/35/35 306/306/306 245/245/245 36/36/36 
f 307/307/307 240/240/240 238/238/238 306/306/306 
f 245/245/245 306/306/306 238/238/238 239/239/239 
f 247/247/247 305/305/305 308/308/308 244/244/244 
f 256/256/256 255/255/255 309/309/309 310/310/310 
f 309/309/309 255/255/255 254/254/254 311/311/311 
f 261/261/261 312/312/312 313/313/313 262/262/262 
f 312/312/312 261/261/261 256/256/256 310/310/310 
f 267/267/267 314/314/314 315/315/315 268/268/268 
f 314/314/314 267/267/267 262/262/262 313/313/313 
f 273/273/273 316/316/316 317/317/317 274/274/274 
f 316/316/316 273/273/273 268/268/268 315/315/315 
f 279/279/279 318/318/318 319/319/319 280/280/280 
f 318/318/318 279/279/279 274/274/274 317/317/317 
f 285/285/285 320/320/320 321/321/321 286/286/286 
f 320/320/320 285/285/285 280/280/280 319/319/319 
f 291/291/291 322/322/322 323/323/323 292/292/292 
f 322/322/322 291/291/291 286/286/286 321/321/321 
f 297/297/297 324/324/324 325/325/325 298/298/298 
f 324/324/324 297/297/297 292/292/292 323/323/323 
f 301/301/301 326/326/326 327/327/327 302/302/302 
f 326/326/326 301/301/301 298/298/298 325/325/325 
f 303/303/303 328/328/328 329/329/329 305/305/305 
f 328/328/328 303/303/303 302/302/302 327/327/327 
f 308/308/308 330/330/330 331/331/331 44/44/44 
f 330/330/330 308/308/308 305/305/305 329/329/329 
f 45/45/45 332/332/332 333/333/333 40/40/40 
f 332/332/332 45/45/45 44/44/44 331/331/331 
f 39/39/39 334/334/334 335/335/335 41/41/41 
f 334/334/334 39/39/39 40/40/40 333/333/333 
f 42/42/42 336/336/336 337/337/337 43/43/43 
f 336/336/336 42/42/42 41/41/41 335/335/335 
f 338/338/338 237/237/237 234/234/234 232/232/232 
f 304/304/304 338/338/338 232/232/232 231/231/231 
f 338/338/338 304/304/304 247/247/247 246/246/246 
f 237/237/237 338/338/338 246/246/246 239/239/239 
f 244/244/244 308/308/308 44/44/44 38/38/38 
f 34/34/34 307/307/307 306/306/306 35/35/35 
f 339/339/339 340/340/340 341/341/341 342/342/342 
f 343/343/343 344/344/344 6/345/6 5/346/5 
f 345/347/345 346/348/346 347/349/347 348/350/348 
f 346/348/346 345/347/345 340/340/340 339/339/339 
f 349/351/349 350/352/350 351/353/351 352/354/352 
f 353/355/353 354/356/354 355/357/355 356/358/356 
f 354/356/354 353/355/353 350/352/350 349/351/349 
f 356/358/356 355/357/355 357/359/357 358/360/358 
f 24/361/24 6/345/6 344/344/344 359/362/359 
f 360/363/360 361/364/361 348/350/348 347/349/347 
f 362/365/362 361/364/361 344/344/344 343/343/343 
f 359/362/359 344/344/344 361/364/361 360/363/360 
f 357/359/357 348/350/348 361/364/361 362/365/362 
f 355/357/355 345/347/345 348/350/348 357/359/357 
f 354/356/354 340/340/340 345/347/345 355/357/355 
f 349/351/349 341/341/341 340/340/340 354/356/354 
f 352/354/352 363/366/363 341/341/341 349/351/349 
f 364/367/364 365/368/365 351/353/351 350/352/350 
f 364/367/364 350/352/350 353/355/353 366/369/366 
f 356/358/356 367/370/367 366/369/366 353/355/353 
f 358/360/358 368/371/368 367/370/367 356/358/356 
f 364/367/364 369/372/369 370/373/370 365/368/365 
f 367/370/367 371/374/371 372/375/372 366/369/366 
f 368/371/368 373/376/373 371/374/371 367/370/367 
f 357/359/357 374/377/374 375/378/375 358/360/358 
f 362/365/362 376/379/376 374/377/374 357/359/357 
f 343/343/343 377/380/377 376/379/376 362/365/362 
f 5/346/5 43/381/43 377/380/377 343/343/343 
f 378/382/378 373/376/373 368/371/368 379/383/379 
f 363/366/363 380/384/380 342/342/342 341/341/341 
f 381/385/381 382/386/382 49/49/49 48/48/48 
f 383/387/383 384/388/384 382/386/382 381/385/381 
f 381/385/381 385/389/385 386/390/386 383/387/383 
f 48/48/48 55/55/55 385/389/385 381/385/381 
f 387/391/387 383/387/383 386/390/386 388/392/388 
f 389/393/389 384/388/384 383/387/383 387/391/387 
f 387/391/387 390/394/390 391/395/391 389/393/389 
f 388/392/388 392/396/392 390/394/390 387/391/387 
f 393/397/393 390/394/390 392/396/392 394/398/394 
f 395/399/395 391/395/391 390/394/390 393/397/393 
f 393/397/393 396/400/396 397/401/397 395/399/395 
f 394/398/394 398/402/398 396/400/396 393/397/393 
f 399/403/399 396/400/396 398/402/398 400/404/400 
f 401/405/401 397/401/397 396/400/396 399/403/399 
f 399/403/399 402/406/402 403/407/403 401/405/401 
f 400/404/400 404/408/404 402/406/402 399/403/399 
f 405/409/405 402/406/402 404/408/404 406/410/406 
f 407/411/407 403/407/403 402/406/402 405/409/405 
f 405/409/405 408/412/408 409/413/409 407/411/407 
f 406/410/406 410/414/410 408/412/408 405/409/405 
f 411/415/411 408/412/408 410/414/410 412/416/412 
f 413/417/413 409/413/409 408/412/408 411/415/411 
f 411/415/411 414/418/414 415/419/415 413/417/413 
f 412/416/412 416/420/416 414/418/414 411/415/411 
f 417/421/417 414/418/414 416/420/416 418/422/418 
f 419/423/419 415/419/415 414/418/414 417/421/417 
f 417/421/417 420/424/420 421/425/421 419/423/419 
f 418/422/418 422/426/422 420/424/420 417/421/417 
f 423/427/423 420/424/420 422/426/422 424/428/424 
f 425/429/425 421/425/421 420/424/420 423/427/423 
f 423/427/423 426/430/426 427/431/427 425/429/425 
f 424/428/424 428/432/428 426/430/426 423/427/423 
f 429/433/429 426/430/426 428/432/428 430/434/430 
f 431/435/431 427/431/427 426/430/426 429/433/429 
f 429/433/429 432/436/432 433/437/433 431/435/431 
f 430/434/430 434/438/434 432/436/432 429/433/429 
f 435/439/435 432/436/432 434/438/434 436/440/436 
f 437/441/437 433/437/433 432/436/432 435/439/435 
f 435/439/435 438/442/438 439/443/439 437/441/437 
f 436/440/436 440/444/440 438/442/438 435/439/435 
f 441/445/441 438/442/438 440/444/440 442/446/442 
f 443/447/443 439/443/439 438/442/438 441/445/441 
f 441/445/441 444/448/444 445/449/445 443/447/443 
f 442/446/442 446/450/446 444/448/444 441/445/441 
f 447/451/447 444/448/444 446/450/446 448/452/448 
f 449/453/449 445/449/445 444/448/444 447/451/447 
f 449/453/449 447/451/447 450/454/450 
f 448/452/448 451/455/451 450/454/450 447/451/447 
f 451/455/451 452/456/452 450/454/450 
f 385/389/385 453/457/453 454/458/454 386/390/386 
f 385/389/385 55/55/55 124/124/124 453/457/453 
f 388/392/388 455/459/455 456/460/456 392/396/392 
f 386/390/386 454/458/454 455/459/455 388/392/388 
f 394/398/394 457/461/457 458/462/458 398/402/398 
f 392/396/392 456/460/456 457/461/457 394/398/394 
f 400/404/400 459/463/459 460/464/460 404/408/404 
f 398/402/398 458/462/458 459/463/459 400/404/400 
f 406/410/406 461/465/461 462/466/462 410/414/410 
f 404/408/404 460/464/460 461/465/461 406/410/406 
f 412/416/412 463/467/463 464/468/464 416/420/416 
f 410/414/410 462/466/462 463/467/463 412/416/412 
f 418/422/418 465/469/465 466/470/466 422/426/422 
f 416/420/416 464/468/464 465/469/465 418/422/418 
f 424/428/424 467/471/467 468/472/468 428/432/428 
f 422/426/422 466/470/466 467/471/467 424/428/424 
f 430/434/430 469/473/469 470/474/470 434/438/434 
f 428/432/428 468/472/468 469/473/469 430/434/430 
f 436/440/436 471/475/471 472/476/472 440/444/440 
f 434/438/434 470/474/470 471/475/471 436/440/436 
f 442/446/442 473/477/473 474/478/474 446/450/446 
f 440/444/440 472/476/472 473/477/473 442/446/442 
f 448/452/448 475/479/475 476/480/476 451/455/451 
f 446/450/446 474/478/474 475/479/475 448/452/448 
f 452/456/452 477/481/477 478/482/478 479/483/479 
f 451/455/451 476/480/476 477/481/477 452/456/452 
f 152/484/152 480/485/480 481/486/481 153/487/153 
f 479/483/479 478/482/478 481/486/481 480/485/480 
f 49/49/49 382/386/382 482/488/482 155/155/155 
f 382/386/382 384/388/384 483/489/483 482/488/482 
f 389/393/389 484/490/484 483/489/483 384/388/384 
f 389/393/389 391/395/391 485/491/485 484/490/484 
f 395/399/395 486/492/486 485/491/485 391/395/391 
f 395/399/395 397/401/397 487/493/487 486/492/486 
f 401/405/401 488/494/488 487/493/487 397/401/397 
f 401/405/401 403/407/403 489/495/489 488/494/488 
f 407/411/407 490/496/490 489/495/489 403/407/403 
f 407/411/407 409/413/409 491/497/491 490/496/490 
f 413/417/413 492/498/492 491/497/491 409/413/409 
f 413/417/413 415/419/415 493/499/493 492/498/492 
f 419/423/419 494/500/494 493/499/493 415/419/415 
f 419/423/419 421/425/421 495/501/495 494/500/494 
f 425/429/425 496/502/496 495/501/495 421/425/421 
f 425/429/425 427/431/427 497/503/497 496/502/496 
f 431/435/431 498/504/498 497/503/497 427/431/427 
f 431/435/431 433/437/433 499/505/499 498/504/498 
f 437/441/437 500/506/500 499/505/499 433/437/433 
f 437/441/437 439/443/439 501/507/501 500/506/500 
f 443/447/443 502/508/502 501/507/501 439/443/439 
f 443/447/443 445/449/445 503/509/503 502/508/502 
f 449/453/449 504/510/504 503/509/503 445/449/445 
f 505/511/505 506/512/506 507/513/507 508/514/508 
f 509/515/509 510/516/510 506/512/506 505/511/505 
f 505/511/505 185/185/185 184/184/184 509/515/509 
f 508/514/508 186/186/186 185/185/185 505/511/505 
f 511/517/511 512/518/512 513/519/513 514/520/514 
f 515/521/515 516/522/516 512/518/512 511/517/511 
f 511/517/511 506/512/506 510/516/510 515/521/515 
f 514/520/514 507/513/507 506/512/506 511/517/511 
f 517/523/517 518/524/518 519/525/519 520/526/520 
f 521/527/521 522/528/522 518/524/518 517/523/517 
f 517/523/517 512/518/512 516/522/516 521/527/521 
f 520/526/520 513/519/513 512/518/512 517/523/517 
f 523/529/523 524/530/524 525/531/525 526/532/526 
f 527/533/527 528/534/528 524/530/524 523/529/523 
f 523/529/523 518/524/518 522/528/522 527/533/527 
f 526/532/526 519/525/519 518/524/518 523/529/523 
f 529/535/529 530/536/530 531/537/531 532/538/532 
f 533/539/533 534/540/534 530/536/530 529/535/529 
f 529/535/529 524/530/524 528/534/528 533/539/533 
f 532/538/532 525/531/525 524/530/524 529/535/529 
f 535/541/535 536/542/536 537/543/537 538/544/538 
f 539/545/539 540/546/540 536/542/536 535/541/535 
f 535/541/535 530/536/530 534/540/534 539/545/539 
f 538/544/538 531/537/531 530/536/530 535/541/535 
f 541/547/541 542/548/542 543/549/543 544/550/544 
f 545/551/545 546/552/546 542/548/542 541/547/541 
f 541/547/541 536/542/536 540/546/540 545/551/545 
f 544/550/544 537/543/537 536/542/536 541/547/541 
f 547/553/547 548/554/548 549/555/549 550/556/550 
f 551/557/551 552/558/552 548/554/548 547/553/547 
f 547/553/547 542/548/542 546/552/546 551/557/551 
f 550/556/550 543/549/543 542/548/542 547/553/547 
f 553/559/553 554/560/554 555/561/555 556/562/556 
f 557/563/557 558/564/558 554/560/554 553/559/553 
f 553/559/553 548/554/548 552/558/552 557/563/557 
f 556/562/556 549/555/549 548/554/548 553/559/553 
f 559/565/559 558/564/558 560/566/560 561/567/561 
f 562/568/562 559/565/559 561/567/561 563/569/563 
f 563/569/563 561/567/561 564/570/564 565/571/565 
f 566/572/566 564/570/564 561/567/561 560/566/560 
f 567/573/567 568/574/568 562/568/562 569/575/569 
f 570/576/570 571/577/571 568/574/568 567/573/567 
f 572/578/572 573/579/573 510/516/510 509/515/509 
f 573/579/573 572/578/572 574/580/574 575/581/575 
f 252/252/252 574/580/574 572/578/572 253/253/253 
f 509/515/509 184/184/184 253/253/253 572/578/572 
f 508/514/508 576/582/576 254/254/254 186/186/186 
f 576/582/576 508/514/508 507/513/507 577/583/577 
f 578/584/578 579/585/579 516/522/516 515/521/515 
f 580/586/580 581/587/581 579/585/579 578/584/578 
f 575/581/575 580/586/580 578/584/578 573/579/573 
f 515/521/515 510/516/510 573/579/573 578/584/578 
f 514/520/514 582/588/582 577/583/577 507/513/507 
f 582/588/582 514/520/514 513/519/513 583/589/583 
f 584/590/584 585/591/585 522/528/522 521/527/521 
f 585/591/585 584/590/584 586/592/586 587/593/587 
f 581/587/581 586/592/586 584/590/584 579/585/579 
f 521/527/521 516/522/516 579/585/579 584/590/584 
f 520/526/520 588/594/588 583/589/583 513/519/513 
f 588/594/588 520/526/520 519/525/519 589/595/589 
f 590/596/590 591/597/591 528/534/528 527/533/527 
f 591/597/591 590/596/590 592/598/592 593/599/593 
f 587/593/587 592/598/592 590/596/590 585/591/585 
f 527/533/527 522/528/522 585/591/585 590/596/590 
f 526/532/526 594/600/594 589/595/589 519/525/519 
f 594/600/594 526/532/526 525/531/525 595/601/595 
f 596/602/596 597/603/597 534/540/534 533/539/533 
f 597/603/597 596/602/596 598/604/598 599/605/599 
f 593/599/593 598/604/598 596/602/596 591/597/591 
f 533/539/533 528/534/528 591/597/591 596/602/596 
f 532/538/532 600/606/600 595/601/595 525/531/525 
f 600/606/600 532/538/532 531/537/531 601/607/601 
f 602/608/602 603/609/603 540/546/540 539/545/539 
f 603/609/603 602/608/602 604/610/604 605/611/605 
f 599/605/599 604/610/604 602/608/602 597/603/597 
f 539/545/539 534/540/534 597/603/597 602/608/602 
f 538/544/538 606/612/606 601/607/601 531/537/531 
f 606/612/606 538/544/538 537/543/537 607/613/607 
f 608/614/608 609/615/609 546/552/546 545/551/545 
f 609/615/609 608/614/608 610/616/610 611/617/611 
f 605/611/605 610/616/610 608/614/608 603/609/603 
f 545/551/545 540/546/540 603/609/603 608/614/608 
f 544/550/544 612/618/612 607/613/607 537/543/537 
f 612/618/612 544/550/544 543/549/543 613/619/613 
f 614/620/614 615/621/615 552/558/552 551/557/551 
f 615/621/615 614/620/614 616/622/616 617/623/617 
f 611/617/611 616/622/616 614/620/614 609/615/609 
f 551/557/551 546/552/546 609/615/609 614/620/614 
f 550/556/550 618/624/618 613/619/613 543/549/543 
f 618/624/618 550/556/550 549/555/549 619/625/619 
f 620/626/620 560/566/560 558/564/558 557/563/557 
f 560/566/560 620/626/620 621/627/621 566/572/566 
f 617/623/617 621/627/621 620/626/620 615/621/615 
f 557/563/557 552/558/552 615/621/615 620/626/620 
f 556/562/556 622/628/622 619/625/619 549/555/549 
f 622/628/622 556/562/556 555/561/555 623/629/623 
f 624/630/624 625/631/625 623/629/623 555/561/555 
f 625/631/625 624/630/624 571/577/571 626/632/626 
f 369/372/369 364/367/364 366/369/366 372/375/372 
f 565/571/565 627/633/627 628/634/628 563/569/563 
f 569/575/569 562/568/562 563/569/563 628/634/628 
f 570/576/570 629/635/629 626/632/626 571/577/571 
f 630/636/630 576/582/576 577/583/577 631/637/631 
f 254/254/254 576/582/576 630/636/630 311/311/311 
f 632/638/632 633/639/633 582/588/582 583/589/583 
f 577/583/577 582/588/582 633/639/633 631/637/631 
f 634/640/634 635/641/635 588/594/588 589/595/589 
f 583/589/583 588/594/588 635/641/635 632/638/632 
f 636/642/636 637/643/637 594/600/594 595/601/595 
f 589/595/589 594/600/594 637/643/637 634/640/634 
f 638/644/638 639/645/639 600/606/600 601/607/601 
f 595/601/595 600/606/600 639/645/639 636/642/636 
f 640/646/640 641/647/641 606/612/606 607/613/607 
f 601/607/601 606/612/606 641/647/641 638/644/638 
f 642/648/642 643/649/643 612/618/612 613/619/613 
f 607/613/607 612/618/612 643/649/643 640/646/640 
f 644/650/644 645/651/645 618/624/618 619/625/619 
f 613/619/613 618/624/618 645/651/645 642/648/642 
f 646/652/646 647/653/647 622/628/622 623/629/623 
f 619/625/619 622/628/622 647/653/647 644/650/644 
f 648/654/648 649/655/649 625/631/625 626/632/626 
f 623/629/623 625/631/625 649/655/649 646/652/646 
f 650/656/650 651/657/651 629/635/629 378/382/378 
f 626/632/626 629/635/629 651/657/651 648/654/648 
f 652/658/652 653/659/653 379/383/379 375/378/375 
f 378/382/378 379/383/379 653/659/653 650/656/650 
f 654/660/654 655/661/655 374/377/374 376/379/376 
f 375/378/375 374/377/374 655/661/655 652/658/652 
f 337/662/337 656/663/656 377/380/377 43/381/43 
f 376/379/376 377/380/377 656/663/656 654/660/654 
f 657/664/657 554/560/554 558/564/558 559/565/559 
f 624/630/624 555/561/555 554/560/554 657/664/657 
f 657/664/657 568/574/568 571/577/571 624/630/624 
f 559/565/559 562/568/562 568/574/568 657/664/657 
f 380/384/380 658/665/658 659/666/659 342/342/342 
f 660/667/660 661/668/661 1/1/1 4/4/4 
f 662/669/662 663/670/663 23/23/23 24/24/24 
f 664/671/664 665/672/665 12/12/12 26/26/26 
f 665/672/665 666/673/666 9/9/9 12/12/12 
f 666/673/666 660/667/660 4/4/4 9/9/9 
f 663/670/663 664/671/664 26/26/26 23/23/23 
f 310/310/310 309/309/309 123/674/123 122/675/122 
f 123/674/123 309/309/309 311/311/311 124/676/124 
f 125/677/125 313/313/313 312/312/312 126/678/126 
f 312/312/312 310/310/310 122/675/122 126/678/126 
f 127/679/127 315/315/315 314/314/314 128/680/128 
f 314/314/314 313/313/313 125/677/125 128/680/128 
f 129/681/129 317/317/317 316/316/316 130/682/130 
f 316/316/316 315/315/315 127/679/127 130/682/130 
f 131/683/131 319/319/319 318/318/318 132/684/132 
f 318/318/318 317/317/317 129/681/129 132/684/132 
f 133/685/133 321/321/321 320/320/320 134/686/134 
f 320/320/320 319/319/319 131/683/131 134/686/134 
f 135/687/135 323/323/323 322/322/322 136/688/136 
f 322/322/322 321/321/321 133/685/133 136/688/136 
f 137/689/137 325/325/325 324/324/324 138/690/138 
f 324/324/324 323/323/323 135/687/135 138/690/138 
f 139/691/139 327/327/327 326/326/326 140/692/140 
f 326/326/326 325/325/325 137/689/137 140/692/140 
f 141/693/141 329/329/329 328/328/328 142/694/142 
f 328/328/328 327/327/327 139/691/139 142/694/142 
f 143/695/143 331/331/331 330/330/330 144/696/144 
f 330/330/330 329/329/329 141/693/141 144/696/144 
f 145/697/145 333/333/333 332/332/332 146/698/146 
f 332/332/332 331/331/331 143/695/143 146/698/146 
f 147/699/147 335/335/335 334/334/334 148/700/148 
f 334/334/334 333/333/333 145/697/145 148/700/148 
f 153/701/153 337/337/337 336/336/336 150/702/150 
f 336/336/336 335/335/335 147/699/147 150/702/150 
f 251/251/251 154/703/154 155/704/155 252/252/252 
f 154/703/154 251/251/251 250/250/250 156/705/156 
f 260/260/260 157/706/157 156/705/156 250/250/250 
f 259/259/259 158/707/158 157/706/157 260/260/260 
f 266/266/266 159/708/159 158/707/158 259/259/259 
f 159/708/159 266/266/266 265/265/265 160/709/160 
f 272/272/272 161/710/161 160/709/160 265/265/265 
f 161/710/161 272/272/272 271/271/271 162/711/162 
f 278/278/278 163/712/163 162/711/162 271/271/271 
f 163/712/163 278/278/278 277/277/277 164/713/164 
f 284/284/284 165/714/165 164/713/164 277/277/277 
f 165/714/165 284/284/284 283/283/283 166/715/166 
f 166/715/166 283/283/283 290/290/290 167/716/167 
f 289/289/289 168/717/168 167/716/167 290/290/290 
f 168/717/168 289/289/289 296/296/296 169/718/169 
f 296/296/296 295/295/295 170/719/170 169/718/169 
f 170/719/170 295/295/295 300/300/300 171/720/171 
f 242/242/242 172/721/172 171/720/171 300/300/300 
f 241/241/241 173/722/173 172/721/172 242/242/242 
f 173/722/173 241/241/241 240/240/240 174/723/174 
f 174/723/174 240/240/240 307/307/307 175/724/175 
f 34/34/34 176/725/176 175/724/175 307/307/307 
f 34/34/34 29/29/29 177/726/177 176/725/176 
f 40/40/40 21/21/21 33/33/33 45/45/45 
f 46/46/46 1/1/1 661/668/661 667/727/667 
f 342/342/342 659/666/659 668/728/668 339/339/339 
f 359/362/359 669/729/669 662/730/662 24/361/24 
f 347/349/347 670/731/670 671/732/671 360/363/360 
f 346/348/346 672/733/672 670/731/670 347/349/347 
f 339/339/339 668/728/668 672/733/672 346/348/346 
f 360/363/360 671/732/671 669/729/669 359/362/359 
f 453/734/453 630/636/630 631/637/631 454/735/454 
f 311/311/311 630/636/630 453/734/453 124/676/124 
f 633/639/633 632/638/632 456/736/456 455/737/455 
f 454/735/454 631/637/631 633/639/633 455/737/455 
f 635/641/635 634/640/634 458/738/458 457/739/457 
f 456/736/456 632/638/632 635/641/635 457/739/457 
f 637/643/637 636/642/636 460/740/460 459/741/459 
f 458/738/458 634/640/634 637/643/637 459/741/459 
f 639/645/639 638/644/638 462/742/462 461/743/461 
f 460/740/460 636/642/636 639/645/639 461/743/461 
f 641/647/641 640/646/640 464/744/464 463/745/463 
f 462/742/462 638/644/638 641/647/641 463/745/463 
f 643/649/643 642/648/642 466/746/466 465/747/465 
f 464/744/464 640/646/640 643/649/643 465/747/465 
f 645/651/645 644/650/644 468/748/468 467/749/467 
f 466/746/466 642/648/642 645/651/645 467/749/467 
f 647/653/647 646/652/646 470/750/470 469/751/469 
f 468/748/468 644/650/644 647/653/647 469/751/469 
f 649/655/649 648/654/648 472/752/472 471/753/471 
f 470/750/470 646/652/646 649/655/649 471/753/471 
f 651/657/651 650/656/650 474/754/474 473/755/473 
f 472/752/472 648/654/648 651/657/651 473/755/473 
f 653/659/653 652/658/652 476/756/476 475/757/475 
f 474/754/474 650/656/650 653/659/653 475/757/475 
f 655/661/655 654/660/654 478/758/478 477/759/477 
f 476/756/476 652/658/652 655/661/655 477/759/477 
f 656/663/656 337/662/337 153/760/153 481/761/481 
f 478/758/478 654/660/654 656/663/656 481/761/481 
f 482/762/482 574/580/574 252/252/252 155/704/155 
f 574/580/574 482/762/482 483/763/483 575/581/575 
f 484/764/484 580/586/580 575/581/575 483/763/483 
f 485/765/485 581/587/581 580/586/580 484/764/484 
f 486/766/486 586/592/586 581/587/581 485/765/485 
f 586/592/586 486/766/486 487/767/487 587/593/587 
f 488/768/488 592/598/592 587/593/587 487/767/487 
f 592/598/592 488/768/488 489/769/489 593/599/593 
f 490/770/490 598/604/598 593/599/593 489/769/489 
f 598/604/598 490/770/490 491/771/491 599/605/599 
f 492/772/492 604/610/604 599/605/599 491/771/491 
f 604/610/604 492/772/492 493/773/493 605/611/605 
f 605/611/605 493/773/493 494/774/494 610/616/610 
f 495/775/495 611/617/611 610/616/610 494/774/494 
f 611/617/611 495/775/495 496/776/496 616/622/616 
f 497/777/497 617/623/617 616/622/616 496/776/496 
f 617/623/617 497/777/497 498/778/498 621/627/621 
f 499/779/499 566/572/566 621/627/621 498/778/498 
f 500/780/500 564/570/564 566/572/566 499/779/499 
f 564/570/564 500/780/500 501/781/501 565/571/565 
f 565/571/565 501/781/501 502/782/502 627/633/627 
f 503/783/503 370/373/370 627/633/627 502/782/502 
f 504/784/504 365/368/365 370/373/370 503/783/503 
f 358/360/358 375/378/375 379/383/379 368/371/368 
f 31/31/31 30/30/30 35/35/35 36/36/36 
f 629/635/629 570/576/570 373/376/373 378/382/378 
f 567/573/567 371/374/371 373/376/373 570/576/570 
f 569/575/569 372/375/372 371/374/371 567/573/567 
f 628/634/628 369/372/369 372/375/372 569/575/569 
f 627/633/627 370/373/370 369/372/369 628/634/628 
f 673/785/673 659/786/659 658/787/658 
f 673/785/673 672/788/672 668/788/668 
f 673/785/673 668/788/668 659/786/659 
f 673/785/673 671/789/671 670/788/670 
f 673/785/673 670/788/670 672/788/672 
f 673/785/673 662/790/662 669/790/669 
f 673/785/673 669/790/669 671/789/671 
f 673/785/673 661/791/661 660/791/660 
f 661/791/661 673/785/673 667/791/667 
f 673/785/673 666/792/666 665/793/665 
f 673/785/673 660/791/660 666/792/666 
f 673/785/673 664/793/664 663/790/663 
f 673/785/673 665/793/665 664/793/664 
f 673/785/673 663/790/663 662/790/662 
f 674/794/674 675/795/675 676/796/676 677/797/677 
f 678/798/678 679/799/679 676/796/676 675/795/675 
f 680/800/680 681/801/681 682/802/682 683/803/683 
f 684/804/684 685/805/685 686/806/686 687/807/687 
f 688/808/688 689/809/689 690/810/690 691/811/691 
f 692/812/692 681/801/681 680/800/680 693/813/693 
f 694/814/694 695/815/695 679/799/679 678/798/678 
f 696/816/696 697/817/697 695/815/695 694/814/694 
f 698/818/698 699/819/699 700/820/700 701/821/701 
f 702/822/702 703/823/703 704/824/704 705/825/705 
f 706/826/706 707/827/707 700/820/700 699/819/699 
f 687/807/687 686/806/686 703/823/703 702/822/702 
f 704/824/704 692/812/692 708/828/708 707/827/707 
f 709/829/709 677/797/677 676/796/676 710/830/710 
f 695/815/695 711/831/711 712/832/712 679/799/679 
f 676/796/676 679/799/679 712/832/712 710/830/710 
f 713/833/713 714/834/714 715/835/715 716/836/716 
f 717/837/717 718/838/718 719/839/719 720/840/720 
f 721/841/721 722/842/722 712/832/712 711/831/711 
f 723/843/723 724/844/724 725/845/725 726/846/726 
f 727/847/727 728/848/728 720/840/720 719/839/719 
f 724/844/724 689/809/689 688/808/688 725/845/725 
f 729/849/729 730/850/730 731/851/731 732/852/732 
f 688/808/688 691/811/691 733/853/733 734/854/734 
f 735/855/735 736/856/736 737/857/737 738/858/738 
f 738/858/738 737/857/737 739/859/739 740/860/740 
f 713/833/713 716/836/716 741/861/741 742/862/742 
f 743/863/743 728/848/728 713/833/713 742/862/742 
f 744/864/744 717/837/717 720/840/720 745/865/745 
f 746/866/746 747/867/747 748/868/748 749/869/749 
f 749/869/749 748/868/748 739/859/739 750/870/750 
f 751/871/751 748/868/748 747/867/747 752/872/752 
f 739/859/739 748/868/748 751/871/751 740/860/740 
f 739/859/739 737/857/737 753/873/753 750/870/750 
f 754/874/754 753/873/753 737/857/737 755/875/755 
f 736/856/736 756/876/756 755/875/755 737/857/737 
f 757/877/757 758/878/758 759/879/759 760/880/760 
f 754/874/754 755/875/755 745/865/745 761/881/761 
f 756/876/756 744/864/744 745/865/745 755/875/755 
f 759/879/759 758/878/758 762/882/762 763/883/763 
f 764/884/764 765/885/765 754/874/754 761/881/761 
f 766/886/766 767/887/767 743/863/743 742/862/742 
f 767/887/767 764/884/764 761/881/761 743/863/743 
f 768/888/768 766/886/766 742/862/742 741/861/741 
f 686/806/686 685/805/685 769/889/769 682/802/682 
f 701/821/701 770/890/770 771/891/771 698/818/698 
f 730/850/730 701/821/701 700/820/700 731/851/731 
f 704/824/704 703/823/703 681/801/681 692/812/692 
f 731/851/731 700/820/700 707/827/707 708/828/708 
f 703/823/703 686/806/686 682/802/682 681/801/681 
f 705/825/705 704/824/704 707/827/707 706/826/706 
f 772/892/772 718/838/718 773/893/773 697/817/697 
f 718/838/718 717/837/717 774/894/774 773/893/773 
f 775/895/775 776/896/776 736/856/736 735/855/735 
f 717/837/717 744/864/744 777/897/777 774/894/774 
f 756/876/756 736/856/736 776/896/776 778/898/778 
f 744/864/744 756/876/756 778/898/778 777/897/777 
f 728/848/728 727/847/727 714/834/714 713/833/713 
f 761/881/761 745/865/745 728/848/728 743/863/743 
f 763/883/763 762/882/762 722/842/722 721/841/721 
f 683/803/683 779/899/779 734/854/734 733/853/733 680/800/680 
f 693/813/693 680/800/680 733/853/733 691/811/691 780/900/780 
f 732/852/732 780/900/780 691/811/691 690/810/690 729/849/729 
f 683/803/683 682/802/682 769/889/769 779/899/779 
f 692/812/692 693/813/693 780/900/780 708/828/708 
f 780/900/780 732/852/732 731/851/731 708/828/708 
f 781/901/781 782/902/782 783/903/783 784/904/784 
f 784/904/784 783/903/783 785/905/785 786/906/786 
f 787/907/787 788/908/788 726/846/726 789/909/789 
f 790/910/790 791/911/791 792/912/792 793/913/793 
f 794/914/794 795/915/795 685/805/685 684/804/684 
f 796/916/796 797/917/797 688/808/688 798/918/798 
f 790/910/790 793/913/793 799/919/799 800/920/800 
f 801/921/801 786/906/786 785/905/785 802/922/802 
f 803/923/803 801/921/801 802/922/802 804/924/804 
f 803/923/803 805/925/805 806/926/806 807/927/807 
f 808/928/808 809/929/809 810/930/810 811/931/811 
f 812/932/812 811/931/811 813/933/813 814/934/814 
f 815/935/815 816/936/816 809/929/809 808/928/808 
f 817/937/817 818/938/818 819/939/819 820/940/820 
f 821/941/821 814/934/814 813/933/813 822/942/822 
f 820/940/820 819/939/819 795/915/795 794/914/794 
f 823/943/823 799/919/799 818/938/818 822/942/822 
f 824/944/824 825/945/825 826/946/826 827/947/827 
f 828/948/828 829/949/829 830/950/830 831/951/831 
f 802/922/802 785/905/785 832/952/832 833/953/833 
f 832/952/832 826/946/826 825/945/825 834/954/834 
f 835/955/835 716/836/716 715/835/715 836/956/836 
f 837/957/837 838/958/838 829/949/829 828/948/828 
f 839/959/839 833/953/833 832/952/832 834/954/834 
f 840/960/840 816/936/816 841/961/841 842/962/842 
f 843/963/843 830/950/830 829/949/829 844/964/844 
f 789/909/789 726/846/726 725/845/725 845/965/845 
f 807/927/807 806/926/806 815/935/815 846/966/846 
f 843/963/843 787/907/787 789/909/789 847/967/847 
f 844/964/844 829/949/829 838/958/838 848/968/848 
f 688/808/688 797/917/797 845/965/845 725/845/725 
f 788/908/788 787/907/787 836/956/836 715/835/715 
f 847/967/847 789/909/789 845/965/845 842/962/842 
f 849/969/849 850/970/850 851/971/851 810/930/810 
f 688/808/688 734/854/734 852/972/852 798/918/798 
f 853/973/853 840/960/840 797/917/797 796/916/796 849/969/849 
f 854/974/854 855/975/855 856/976/856 857/977/857 
f 858/978/858 859/979/859 855/975/855 854/974/854 
f 741/861/741 716/836/716 835/955/835 860/980/860 
f 860/980/860 835/955/835 848/968/848 861/981/861 
f 862/982/862 863/983/863 838/958/838 837/957/837 
f 864/984/864 865/985/865 747/867/747 746/866/746 
f 866/986/866 859/979/859 865/985/865 864/984/864 
f 867/987/867 752/872/752 747/867/747 865/985/865 
f 858/978/858 867/987/867 865/985/865 859/979/859 
f 868/988/868 855/975/855 859/979/859 866/986/866 
f 869/989/869 870/990/870 855/975/855 868/988/868 
f 856/976/856 855/975/855 870/990/870 871/991/871 
f 872/992/872 873/993/873 874/994/874 875/995/875 
f 869/989/869 876/996/876 863/983/863 870/990/870 
f 871/991/871 870/990/870 863/983/863 862/982/862 
f 872/992/872 877/997/877 878/998/878 873/993/873 
f 879/999/879 880/1000/880 876/996/876 869/989/869 
f 881/1001/881 882/1002/882 860/980/860 861/981/861 
f 880/1000/880 881/1001/881 861/981/861 876/996/876 
f 882/1002/882 768/888/768 741/861/741 860/980/860 
f 769/889/769 685/805/685 795/915/795 792/912/792 
f 841/961/841 806/926/806 805/925/805 883/1003/883 
f 884/1004/884 808/928/808 811/931/811 812/932/812 
f 810/930/810 851/971/851 813/933/813 811/931/811 
f 846/966/846 815/935/815 808/928/808 884/1004/884 
f 793/913/793 819/939/819 818/938/818 799/919/799 
f 851/971/851 823/943/823 822/942/822 813/933/813 
f 792/912/792 795/915/795 819/939/819 793/913/793 
f 817/937/817 821/941/821 822/942/822 818/938/818 
f 816/936/816 815/935/815 806/926/806 841/961/841 
f 885/1005/885 828/948/828 831/951/831 804/924/804 
f 886/1006/886 837/957/837 828/948/828 885/1005/885 
f 887/1007/887 857/977/857 856/976/856 888/1008/888 
f 889/1009/889 862/982/862 837/957/837 886/1006/886 
f 888/1008/888 856/976/856 871/991/871 890/1010/890 
f 890/1010/890 871/991/871 862/982/862 889/1009/889 
f 883/1003/883 805/925/805 831/951/831 830/950/830 
f 797/917/797 840/960/840 842/962/842 845/965/845 
f 787/907/787 843/963/843 844/964/844 836/956/836 
f 830/950/830 843/963/843 847/967/847 883/1003/883 
f 836/956/836 844/964/844 848/968/848 835/955/835 
f 883/1003/883 847/967/847 842/962/842 841/961/841 
f 861/981/861 848/968/848 863/983/863 876/996/876 
f 877/997/877 839/959/839 834/954/834 878/998/878 
f 791/911/791 790/910/790 852/972/852 734/854/734 779/899/779 
f 800/920/800 891/1011/891 798/918/798 852/972/852 790/910/790 
f 850/970/850 849/969/849 796/916/796 798/918/798 891/1011/891 
f 816/936/816 840/960/840 853/973/853 809/929/809 
f 769/889/769 792/912/792 791/911/791 779/899/779 
f 891/1011/891 800/920/800 799/919/799 823/943/823 
f 891/1011/891 823/943/823 851/971/851 850/970/850 
f 849/969/849 810/930/810 809/929/809 853/973/853 
f 754/874/754 765/885/765 892/1012/892 753/873/753 
f 749/869/749 750/870/750 893/1013/893 894/1014/894 
f 750/870/750 753/873/753 892/1012/892 893/1013/893 
f 746/866/746 749/869/749 894/1014/894 895/1015/895 
f 868/988/868 896/1016/896 879/999/879 869/989/869 
f 866/986/866 864/984/864 897/1017/897 898/1018/898 
f 868/988/868 866/986/866 898/1018/898 896/1016/896 
f 864/984/864 746/866/746 895/1015/895 897/1017/897 
f 899/1019/899 900/1020/900 766/1021/766 768/1022/768 
f 901/1023/901 899/1019/899 768/1022/768 882/1024/882 
f 902/1025/902 901/1023/901 882/1024/882 881/1026/881 
f 903/1027/903 902/1025/902 881/1026/881 880/1028/880 
f 904/1029/904 903/1027/903 880/1028/880 879/1030/879 
f 905/1031/905 904/1029/904 879/1030/879 896/1032/896 
f 906/1033/906 905/1031/905 896/1032/896 898/1034/898 
f 907/1035/907 906/1033/906 898/1034/898 897/1036/897 
f 907/1035/907 897/1036/897 895/1037/895 908/1038/908 
f 909/1039/909 908/1038/908 895/1037/895 894/1040/894 
f 910/1041/910 909/1039/909 894/1040/894 893/1042/893 
f 910/1041/910 893/1042/893 892/1043/892 911/1044/911 
f 912/1045/912 911/1044/911 892/1043/892 765/1046/765 
f 913/1047/913 912/1045/912 765/1046/765 764/1048/764 
f 914/1049/914 913/1047/913 764/1048/764 767/1050/767 
f 900/1020/900 914/1049/914 767/1050/767 766/1021/766 
f 684/804/684 687/807/687 915/1051/915 916/1052/916 
f 917/1053/917 696/816/696 694/814/694 918/1054/918 
f 699/819/699 698/818/698 919/1055/919 920/1056/920 
f 921/1057/921 702/822/702 705/825/705 922/1058/922 
f 923/1059/923 706/826/706 699/819/699 920/1056/920 
f 687/807/687 702/822/702 921/1057/921 915/1051/915 
f 924/1060/924 925/1061/925 917/1053/917 918/1054/918 
f 919/1055/919 698/818/698 771/891/771 926/1062/926 
f 771/891/771 925/1061/925 924/1060/924 926/1062/926 
f 922/1058/922 705/825/705 706/826/706 923/1059/923 
f 794/914/794 684/804/684 916/1052/916 927/1063/927 
f 803/923/803 807/927/807 928/1064/928 801/921/801 
f 812/932/812 814/934/814 929/1065/929 930/1066/930 
f 931/1067/931 817/937/817 820/940/820 932/1068/932 
f 929/1065/929 814/934/814 821/941/821 933/1069/933 
f 932/1068/932 820/940/820 794/914/794 927/1063/927 
f 928/1064/928 807/927/807 846/966/846 934/1070/934 
f 935/1071/935 884/1004/884 812/932/812 930/1066/930 
f 934/1070/934 846/966/846 884/1004/884 935/1071/935 
f 821/941/821 817/937/817 931/1067/931 933/1069/933 
f 697/817/697 773/893/773 711/831/711 695/815/695 
f 773/893/773 774/894/774 721/841/721 711/831/711 
f 774/894/774 777/897/777 763/883/763 721/841/721 
f 778/898/778 776/896/776 760/880/760 759/879/759 
f 763/883/763 777/897/777 778/898/778 759/879/759 
f 833/953/833 885/1005/885 804/924/804 802/922/802 
f 839/959/839 886/1006/886 885/1005/885 833/953/833 
f 877/997/877 889/1009/889 886/1006/886 839/959/839 
f 875/995/875 888/1008/888 890/1010/890 872/992/872 
f 872/992/872 890/1010/890 889/1009/889 877/997/877 
f 697/817/697 696/816/696 936/1072/936 772/892/772 
f 805/925/805 803/923/803 804/924/804 831/951/831 
f 937/1073/937 710/830/710 712/832/712 722/842/722 
f 938/1074/938 709/829/709 710/830/710 937/1073/937 
f 783/903/783 826/946/826 832/952/832 785/905/785 
f 827/947/827 826/946/826 783/903/783 782/902/782 
f 939/1075/939 940/1076/940 941/1077/941 942/1078/942 
f 943/1079/943 939/1075/939 942/1078/942 944/1080/944 
f 945/1081/945 943/1079/943 944/1080/944 946/1082/946 
f 947/1083/947 945/1081/945 946/1082/946 948/1084/948 
f 949/1085/949 947/1083/947 948/1084/948 950/1086/950 
f 951/1087/951 949/1085/949 950/1086/950 952/1088/952 
f 953/1089/953 951/1087/951 952/1088/952 954/1090/954 
f 955/1091/955 953/1089/953 954/1090/954 956/1092/956 
f 957/1093/957 955/1091/955 956/1092/956 958/1094/958 
f 959/1095/959 957/1093/957 958/1094/958 960/1096/960 
f 961/1097/961 959/1095/959 960/1096/960 962/1098/962 
f 963/1099/963 961/1097/961 962/1098/962 964/1100/964 
f 965/1101/965 963/1099/963 964/1100/964 966/1102/966 
f 967/1103/967 965/1101/965 966/1102/966 968/1104/968 
f 969/1105/969 967/1103/967 968/1104/968 970/1106/970 
f 940/1076/940 969/1105/969 970/1106/970 941/1077/941 
f 715/835/715 714/834/714 971/1107/971 788/908/788 
f 972/1108/972 973/1109/973 974/1110/974 975/1111/975 
f 976/1112/976 972/1108/972 975/1111/975 977/1113/977 
f 978/1114/978 976/1112/976 977/1113/977 979/1115/979 
f 980/1116/980 978/1114/978 979/1115/979 981/1117/981 
f 982/1118/982 980/1116/980 981/1117/981 983/1119/983 
f 984/1120/984 982/1118/982 983/1119/983 985/1121/985 
f 986/1122/986 984/1120/984 985/1121/985 987/1123/987 
f 988/1124/988 986/1122/986 987/1123/987 989/1125/989 
f 990/1126/990 988/1124/988 989/1125/989 991/1127/991 
f 992/1128/992 990/1126/990 991/1127/991 993/1129/993 
f 994/1130/994 992/1128/992 993/1129/993 995/1131/995 
f 996/1132/996 994/1130/994 995/1131/995 997/1133/997 
f 998/1134/998 996/1132/996 997/1133/997 999/1135/999 
f 1000/1136/1000 998/1134/998 999/1135/999 1001/1137/1001 
f 1002/1138/1002 1000/1136/1000 1001/1137/1001 1003/1139/1003 
f 973/1109/973 1002/1138/1002 1003/1139/1003 974/1110/974 
f 770/890/770 701/821/701 730/850/730 941/1140/941 970/1141/970 
f 968/1142/968 770/890/770 970/1141/970 
f 770/890/770 968/1142/968 966/1143/966 925/1061/925 771/891/771 
f 964/1144/964 925/1061/925 966/1143/966 
f 925/1061/925 964/1144/964 962/1145/962 917/1053/917 
f 960/1146/960 936/1072/936 696/816/696 917/1053/917 962/1145/962 
f 958/1147/958 936/1072/936 960/1146/960 
f 958/1147/958 956/1148/956 1004/1149/1004 936/1072/936 
f 1004/1149/1004 956/1148/956 954/1150/954 1005/1151/1005 
f 952/1152/952 1005/1151/1005 954/1150/954 
f 952/1152/952 950/1153/950 724/844/724 723/843/723 
f 950/1153/950 948/1154/948 689/809/689 724/844/724 
f 689/809/689 948/1154/948 946/1155/946 690/810/690 
f 946/1155/946 944/1156/944 729/849/729 690/810/690 
f 942/1157/942 729/849/729 944/1156/944 
f 942/1157/942 941/1140/941 730/850/730 729/849/729 
f 975/1158/975 974/1159/974 1005/1151/1005 723/843/723 
f 974/1159/974 1003/1160/1003 1004/1149/1004 1005/1151/1005 
f 1001/1161/1001 1004/1149/1004 1003/1160/1003 
f 1004/1149/1004 1001/1161/1001 999/1162/999 936/1072/936 
f 999/1162/999 997/1163/997 772/892/772 936/1072/936 
f 995/1164/995 772/892/772 997/1163/997 
f 993/1165/993 718/838/718 995/1164/995 
f 993/1165/993 991/1166/991 719/839/719 718/838/718 
f 719/839/719 991/1166/991 989/1167/989 727/847/727 
f 987/1168/987 727/847/727 989/1167/989 
f 987/1168/987 985/1169/985 714/834/714 727/847/727 
f 985/1169/985 983/1170/983 971/1107/971 714/834/714 
f 971/1107/971 983/1170/983 981/1171/981 788/908/788 
f 788/908/788 981/1171/981 979/1172/979 726/846/726 
f 975/1158/975 723/843/723 977/1173/977 
f 979/1172/979 977/1173/977 723/843/723 726/846/726 
f 875/995/875 874/994/874 887/1007/887 888/1008/888 
f 757/877/757 760/880/760 776/896/776 775/895/775 
f 723/843/723 1005/1151/1005 952/1152/952 
f 745/865/745 720/840/720 728/848/728 
f 848/968/848 838/958/838 863/983/863 
f 718/838/718 772/892/772 995/1164/995 
f 1006/1174/1006 874/1175/1007 873/1176/1008 1007/1177/1009 
f 1008/1178/1010 834/1179/1011 825/1180/1012 1009/1181/1013 
f 1010/1182/1014 1011/1183/1015 1012/1184/1016 1013/1185/1017 
f 1014/1186/1018 1015/1187/1019 1016/1188/1020 1017/1189/1021 
f 1016/1188/1020 1018/1190/1022 1019/1191/1023 1017/1189/1021 
f 1020/1192/1024 1019/1191/1023 1018/1190/1022 1021/1193/1025 
f 1021/1193/1025 1022/1194/1026 1023/1195/1027 1024/1196/1028 
f 1024/1196/1028 1025/1197/1029 1026/1198/1030 1027/1199/1031 
f 1028/1200/1032 1029/1201/1033 1030/1202/1034 1031/1203/1035 
f 1032/1204/1036 1033/1205/1037 1034/1206/1038 1035/1207/1039 
f 1036/1208/1040 1037/1209/1041 1031/1203/1035 1038/1210/1042 
f 1030/1202/1034 1039/1211/1043 1040/1212/1044 1041/1213/1045 
f 1042/1214/1046 1040/1212/1044 1039/1211/1043 1032/1204/1036 
f 1043/1215/1047 1044/1216/1048 1011/1183/1015 1045/1217/1049 
f 1046/1218/1050 1045/1217/1049 1047/1219/1051 1048/1220/1052 
f 1049/1221/1053 1050/1222/1054 1051/1223/1055 1052/1224/1056 
f 1052/1224/1056 1051/1223/1055 1036/1208/1040 1038/1210/1042 
f 1053/1225/1057 1054/1226/1058 1055/1227/1059 1056/1228/1060 
f 1056/1228/1060 1055/1227/1059 1041/1213/1045 1040/1212/1044 
f 834/1179/1011 1008/1178/1010 878/1229/1061 
f 1057/1230/1062 1009/1181/1013 825/1180/1012 824/1231/1063 
f 1012/1184/1016 1058/1232/1064 1059/1233/1065 1013/1185/1017 
f 1015/1187/1019 1060/1234/1066 1061/1235/1067 1016/1188/1020 
f 1016/1188/1020 1061/1235/1067 1062/1236/1068 1018/1190/1022 
f 1018/1190/1022 1062/1236/1068 1022/1194/1026 1021/1193/1025 
f 1027/1199/1031 1020/1192/1024 1021/1193/1025 1024/1196/1028 
f 1024/1196/1028 1023/1195/1027 1063/1237/1069 1025/1197/1029 
f 1042/1214/1046 1064/1238/1070 1056/1228/1060 1040/1212/1044 
f 1064/1238/1070 1065/1239/1071 1053/1225/1057 1056/1228/1060 
f 1032/1204/1036 1035/1207/1039 1066/1240/1072 1042/1214/1046 
f 1042/1214/1046 1066/1240/1072 1067/1241/1073 1064/1238/1070 
f 1064/1238/1070 1067/1241/1073 1068/1242/1074 1065/1239/1071 
f 1069/1243/1075 752/1244/1076 867/1245/1077 1070/1246/1078 
f 1054/1226/1058 1049/1221/1053 1052/1224/1056 1055/1227/1059 
f 1055/1227/1059 1052/1224/1056 1038/1210/1042 1041/1213/1045 
f 1041/1213/1045 1038/1210/1042 1031/1203/1035 1030/1202/1034 
f 1019/1191/1023 1020/1192/1024 1037/1209/1041 1036/1208/1040 
f 1045/1217/1049 1011/1183/1015 1010/1182/1014 1047/1219/1051 
f 1050/1222/1054 1014/1186/1018 1017/1189/1021 1051/1223/1055 
f 1051/1223/1055 1017/1189/1021 1019/1191/1023 1036/1208/1040 
f 1026/1198/1030 1071/1247/1079 1072/1248/1080 1027/1199/1031 
f 1073/1249/1081 1074/1250/1082 1033/1205/1037 1075/1251/1083 
f 1076/1252/1084 1034/1206/1038 1033/1205/1037 1074/1250/1082 
f 1032/1204/1036 1039/1211/1043 1075/1251/1083 1033/1205/1037 
f 1077/1253/1085 1078/1254/1086 1029/1201/1033 1028/1200/1032 
f 1077/1253/1085 1028/1200/1032 1072/1248/1080 1071/1247/1079 
f 1073/1249/1081 1075/1251/1083 1029/1201/1033 1078/1254/1086 
f 1029/1201/1033 1075/1251/1083 1039/1211/1043 1030/1202/1034 
f 1037/1209/1041 1020/1192/1024 1027/1199/1031 1072/1248/1080 
f 1031/1203/1035 1037/1209/1041 1072/1248/1080 1028/1200/1032 
f 1079/1255/1087 1080/1256/1088 1081/1257/1089 1082/1258/1090 
f 1083/1259/1091 1084/1260/1092 1085/1261/1093 
f 1083/1259/1091 1086/1262/1094 1087/1263/1095 
f 1086/1264/1094 1088/1265/1096 1089/1266/1097 1087/1267/1095 
f 1077/1253/1085 1090/1268/1098 1091/1269/1099 1078/1254/1086 
f 1084/1270/1092 1091/1271/1099 1090/1272/1098 1085/1273/1093 
f 1080/1274/1088 1025/1197/1029 1063/1237/1069 1081/1275/1089 
f 1092/1276/1100 1093/1277/1101 1080/1256/1088 1079/1255/1087 
f 1025/1197/1029 1080/1274/1088 1093/1278/1101 1026/1198/1030 
f 1089/1266/1097 1091/1271/1099 1084/1270/1092 1087/1267/1095 
f 1090/1272/1098 1093/1277/1101 1092/1276/1100 1085/1273/1093 
f 1079/1279/1087 1082/1280/1090 1094/1281/1102 1083/1259/1091 
f 1083/1259/1091 1092/1282/1100 1079/1279/1087 
f 1087/1263/1095 1084/1260/1092 1083/1259/1091 
f 1085/1261/1093 1092/1282/1100 1083/1259/1091 
f 1077/1253/1085 1071/1247/1079 1090/1268/1098 
f 1073/1249/1081 1089/1283/1097 1074/1250/1082 
f 1074/1250/1082 1089/1283/1097 1088/1284/1096 1076/1252/1084 
f 1013/1185/1017 1059/1233/1065 1060/1234/1066 1015/1187/1019 
f 1015/1187/1019 1014/1186/1018 1010/1182/1014 1013/1185/1017 
f 1014/1186/1018 1050/1222/1054 1047/1219/1051 1010/1182/1014 
f 1050/1222/1054 1049/1221/1053 1048/1220/1052 1047/1219/1051 
f 1049/1221/1053 1054/1226/1058 1095/1285/1103 1048/1220/1052 
f 1054/1226/1058 1053/1225/1057 1096/1286/1104 1095/1285/1103 
f 1053/1225/1057 1065/1239/1071 1097/1287/1105 1096/1286/1104 
f 1065/1239/1071 1068/1242/1074 1098/1288/1106 1097/1287/1105 
f 1046/1218/1050 1048/1220/1052 1095/1285/1103 1099/1289/1107 
f 1095/1285/1103 1096/1286/1104 1100/1290/1108 1099/1289/1107 
f 1096/1286/1104 1097/1287/1105 1101/1291/1109 1100/1290/1108 
f 1097/1287/1105 1098/1288/1106 1102/1292/1110 1101/1291/1109 
f 1103/1293/1111 1104/1294/1112 1058/1232/1064 1012/1184/1016 
f 1012/1184/1016 1011/1183/1015 1044/1216/1048 1103/1293/1111 
f 1045/1217/1049 1046/1218/1050 1105/1295/1113 1043/1215/1047 
f 1105/1295/1113 1046/1218/1050 1099/1289/1107 1106/1296/1114 
f 1099/1289/1107 1100/1290/1108 1107/1297/1115 1106/1296/1114 
f 1107/1297/1115 1100/1290/1108 1101/1291/1109 1108/1298/1116 
f 1101/1291/1109 1102/1292/1110 1109/1299/1117 1108/1298/1116 
f 1009/1181/1013 1057/1230/1062 1104/1294/1112 1103/1293/1111 
f 1103/1293/1111 1044/1216/1048 1008/1178/1010 1009/1181/1013 
f 1044/1216/1048 1043/1215/1047 1007/1177/1009 1008/1178/1010 
f 1043/1215/1047 1105/1295/1113 1006/1174/1006 1007/1177/1009 
f 1105/1295/1113 1106/1296/1114 1110/1300/1118 1006/1174/1006 
f 1106/1296/1114 1107/1297/1115 1111/1301/1119 1110/1300/1118 
f 1107/1297/1115 1108/1298/1116 1070/1246/1078 1111/1301/1119 
f 1108/1298/1116 1109/1299/1117 1069/1243/1075 1070/1246/1078 
f 735/1302/1120 1112/1303/1121 775/1304/1122 
f 1113/1305/1123 937/1306/1124 722/1307/1125 1114/1308/1126 
f 1115/1309/1127 1116/1310/1128 1117/1311/1129 1118/1312/1130 
f 1117/1311/1129 1116/1310/1128 1119/1313/1131 1120/1314/1132 
f 1121/1315/1133 1122/1316/1134 1120/1314/1132 1119/1313/1131 
f 1123/1317/1135 1124/1318/1136 1125/1319/1137 1122/1316/1134 
f 1123/1317/1135 1126/1320/1138 1127/1321/1139 1128/1322/1140 
f 1129/1323/1141 1130/1324/1142 1131/1325/1143 1132/1326/1144 
f 1133/1327/1145 1035/1207/1039 1034/1206/1038 1134/1328/1146 
f 1135/1329/1147 1136/1330/1148 1130/1324/1142 1137/1331/1149 
f 1131/1325/1143 1138/1332/1150 1139/1333/1151 1140/1334/1152 
f 1141/1335/1153 1133/1327/1145 1140/1334/1152 1139/1333/1151 
f 1142/1336/1154 1143/1337/1155 1144/1338/1156 1145/1339/1157 
f 1146/1340/1158 1147/1341/1159 1148/1342/1160 1149/1343/1161 
f 1150/1344/1162 1151/1345/1163 1152/1346/1164 1153/1347/1165 
f 1151/1345/1163 1136/1330/1148 1135/1329/1147 1152/1346/1164 
f 1154/1348/1166 1155/1349/1167 1156/1350/1168 1157/1351/1169 
f 1155/1349/1167 1139/1333/1151 1138/1332/1150 1156/1350/1168 
f 1114/1308/1126 722/1307/1125 758/1352/1170 1158/1353/1171 
f 937/1306/1124 1113/1305/1123 1159/1354/1172 938/1355/1173 
f 1117/1311/1129 1160/1356/1174 1161/1357/1175 1118/1312/1130 
f 1120/1314/1132 1162/1358/1176 1160/1356/1174 1117/1311/1129 
f 1122/1316/1134 1125/1319/1137 1162/1358/1176 1120/1314/1132 
f 1126/1320/1138 1123/1317/1135 1122/1316/1134 1121/1315/1133 
f 1128/1322/1140 1163/1359/1177 1124/1318/1136 1123/1317/1135 
f 740/1360/1178 1164/1361/1179 738/1362/1180 
f 1141/1335/1153 1139/1333/1151 1155/1349/1167 1165/1363/1181 
f 1165/1363/1181 1155/1349/1167 1154/1348/1166 1166/1364/1182 
f 1164/1361/1179 740/1360/1178 751/1365/1183 1167/1366/1184 
f 1133/1327/1145 1141/1335/1153 1066/1240/1072 1035/1207/1039 
f 1141/1335/1153 1165/1363/1181 1067/1241/1073 1066/1240/1072 
f 1165/1363/1181 1166/1364/1182 1068/1242/1074 1067/1241/1073 
f 1167/1366/1184 751/1365/1183 752/1244/1076 1069/1243/1075 
f 1157/1351/1169 1156/1350/1168 1151/1345/1163 1150/1344/1162 
f 1156/1350/1168 1138/1332/1150 1136/1330/1148 1151/1345/1163 
f 1138/1332/1150 1131/1325/1143 1130/1324/1142 1136/1330/1148 
f 1119/1313/1131 1135/1329/1147 1137/1331/1149 1121/1315/1133 
f 1153/1347/1165 1152/1346/1164 1116/1310/1128 1115/1309/1127 
f 1152/1346/1164 1135/1329/1147 1119/1313/1131 1116/1310/1128 
f 1127/1321/1139 1126/1320/1138 1168/1367/1185 1169/1368/1186 
f 1170/1369/1187 1171/1370/1188 1134/1328/1146 1172/1371/1189 
f 1076/1252/1084 1172/1371/1189 1134/1328/1146 1034/1206/1038 
f 1133/1327/1145 1134/1328/1146 1171/1370/1188 1140/1334/1152 
f 1173/1372/1190 1129/1323/1141 1132/1326/1144 1174/1373/1191 
f 1173/1372/1190 1169/1368/1186 1168/1367/1185 1129/1323/1141 
f 1170/1369/1187 1174/1373/1191 1132/1326/1144 1171/1370/1188 
f 1132/1326/1144 1131/1325/1143 1140/1334/1152 1171/1370/1188 
f 1137/1331/1149 1168/1367/1185 1126/1320/1138 1121/1315/1133 
f 1130/1324/1142 1129/1323/1141 1168/1367/1185 1137/1331/1149 
f 1175/1374/1192 1176/1375/1193 1177/1376/1194 1178/1377/1195 
f 1083/1259/1091 1179/1378/1196 1180/1379/1197 
f 1083/1259/1091 1181/1380/1198 1086/1262/1094 
f 1181/1381/1198 1182/1382/1199 1088/1265/1096 1086/1264/1094 
f 1174/1373/1191 1183/1383/1200 1184/1384/1201 1173/1372/1190 
f 1179/1385/1196 1184/1386/1201 1183/1387/1200 1180/1388/1197 
f 1177/1389/1194 1176/1390/1193 1163/1359/1177 1128/1322/1140 
f 1178/1377/1195 1177/1376/1194 1185/1391/1202 1186/1392/1203 
f 1127/1321/1139 1185/1393/1202 1177/1389/1194 1128/1322/1140 
f 1183/1387/1200 1182/1382/1199 1181/1381/1198 1180/1388/1197 
f 1185/1391/1202 1184/1386/1201 1179/1385/1196 1186/1392/1203 
f 1083/1259/1091 1094/1281/1102 1175/1394/1192 1178/1395/1195 
f 1083/1259/1091 1178/1395/1195 1186/1396/1203 
f 1180/1379/1197 1181/1380/1198 1083/1259/1091 
f 1186/1396/1203 1179/1378/1196 1083/1259/1091 
f 1127/1321/1139 1169/1368/1186 1185/1393/1202 
f 1170/1369/1187 1183/1383/1200 1174/1373/1191 
f 1076/1252/1084 1088/1284/1096 1182/1397/1199 1172/1371/1189 
f 1161/1357/1175 1187/1398/1204 1188/1399/1205 1118/1312/1130 
f 1118/1312/1130 1189/1400/1206 1115/1309/1127 
f 1146/1340/1158 1153/1347/1165 1115/1309/1127 1190/1401/1207 
f 1153/1347/1165 1146/1340/1158 1149/1343/1161 1150/1344/1162 
f 1150/1344/1162 1149/1343/1161 1191/1402/1208 1157/1351/1169 
f 1157/1351/1169 1191/1402/1208 1192/1403/1209 1154/1348/1166 
f 1154/1348/1166 1192/1403/1209 1193/1404/1210 1166/1364/1182 
f 1166/1364/1182 1193/1404/1210 1098/1288/1106 1068/1242/1074 
f 1148/1342/1160 1194/1405/1211 1191/1402/1208 1149/1343/1161 
f 1191/1402/1208 1194/1405/1211 1195/1406/1212 1192/1403/1209 
f 1192/1403/1209 1195/1406/1212 1196/1407/1213 1193/1404/1210 
f 1193/1404/1210 1196/1407/1213 1102/1292/1110 1098/1288/1106 
f 1197/1408/1214 1145/1339/1157 1198/1409/1215 1148/1342/1160 
f 1198/1409/1215 1199/1410/1216 1194/1405/1211 1148/1342/1160 
f 1194/1405/1211 1199/1410/1216 1200/1411/1217 1195/1406/1212 
f 1200/1411/1217 1201/1412/1218 1196/1407/1213 1195/1406/1212 
f 1196/1407/1213 1201/1412/1218 1109/1299/1117 1102/1292/1110 
f 1202/1413/1219 1203/1414/1220 1159/1354/1172 1113/1305/1123 
f 1202/1413/1219 1113/1305/1123 1114/1308/1126 1144/1338/1156 
f 1144/1338/1156 1114/1308/1126 1158/1353/1171 1145/1339/1157 
f 1145/1339/1157 1158/1353/1171 1204/1415/1221 1198/1409/1215 
f 1198/1409/1215 1204/1415/1221 1112/1303/1121 1199/1410/1216 
f 1199/1410/1216 1112/1303/1121 1164/1361/1179 1200/1411/1217 
f 1200/1411/1217 1164/1361/1179 1167/1366/1184 1201/1412/1218 
f 1201/1412/1218 1167/1366/1184 1069/1243/1075 1109/1299/1117 
f 1071/1247/1079 1026/1198/1030 1093/1278/1101 
f 1071/1247/1079 1093/1278/1101 1090/1268/1098 
f 1169/1368/1186 1173/1372/1190 1184/1384/1201 
f 1169/1368/1186 1184/1384/1201 1185/1393/1202 
f 1073/1249/1081 1078/1254/1086 1091/1269/1099 
f 1073/1249/1081 1091/1269/1099 1089/1283/1097 
f 1170/1369/1187 1172/1371/1189 1182/1397/1199 
f 1170/1369/1187 1182/1397/1199 1183/1383/1200 
f 1205/1416/1222 1202/1413/1219 1144/1338/1156 1143/1337/1155 
f 1206/1417/1223 1203/1414/1220 1202/1413/1219 1205/1416/1222 
f 1142/1336/1154 1145/1339/1157 1197/1408/1214 1207/1418/1224 
f 1147/1341/1159 1207/1418/1224 1197/1408/1214 
f 1208/1419/1225 1147/1341/1159 1146/1340/1158 
f 1190/1401/1207 1208/1419/1225 1146/1340/1158 
f 1118/1312/1130 1188/1399/1205 1189/1400/1206 
f 1148/1342/1160 1147/1341/1159 1197/1408/1214 
f 1115/1309/1127 1189/1400/1206 1190/1401/1207 
f 1209/1420/1226 1188/1421/1205 1187/1422/1204 1210/1423/1227 
f 1211/1424/1228 1189/1425/1206 1188/1421/1205 1209/1420/1226 
f 1212/1426/1229 1190/1427/1207 1189/1425/1206 1211/1424/1228 
f 1213/1428/1230 1208/1429/1225 1190/1427/1207 1212/1426/1229 
f 1214/1430/1231 1147/1431/1159 1208/1429/1225 1213/1428/1230 
f 1215/1432/1232 1207/1433/1224 1147/1431/1159 1214/1430/1231 
f 1216/1434/1233 1142/1435/1154 1207/1433/1224 1215/1432/1232 
f 1217/1436/1234 1143/1437/1155 1142/1435/1154 1216/1434/1233 
f 1218/1438/1235 1205/1439/1222 1143/1437/1155 1217/1436/1234 
f 1219/1440/1236 1206/1441/1223 1205/1439/1222 1218/1438/1235 
f 1220/1442/1237 1221/1443/1238 1222/1444/1239 1223/1445/1240 
f 352/1446/1241 1224/1447/1242 1220/1442/1237 363/1448/1243 
f 1225/1449/1244 1226/1450/1245 1227/1451/1246 1228/1452/1247 
f 1226/1450/1245 1229/1453/1248 1230/1454/1249 1227/1451/1246 
f 1229/1453/1248 1231/1455/1250 1232/1456/1251 1230/1454/1249 
f 1231/1455/1250 1233/1457/1252 1234/1458/1253 1232/1456/1251 
f 1224/1447/1242 1235/1459/1254 1221/1443/1238 1220/1442/1237 
f 1235/1459/1254 1236/1460/1255 1225/1449/1244 1221/1443/1238 
f 1236/1460/1255 1237/1461/1256 1226/1450/1245 1225/1449/1244 
f 1237/1461/1256 1238/1462/1257 1229/1453/1248 1226/1450/1245 
f 1238/1462/1257 1239/1463/1258 1231/1455/1250 1229/1453/1248 
f 1239/1463/1258 1240/1464/1259 1233/1457/1252 1231/1455/1250 
f 1241/1465/1260 1242/1466/1261 351/1467/1262 365/1468/1263 
f 1243/1469/1264 1244/1470/1265 1245/1471/1266 1246/1472/1267 
f 1246/1472/1267 1245/1471/1266 1247/1473/1268 1248/1474/1269 
f 1249/1475/1270 1244/1470/1265 1243/1469/1264 1250/1476/1271 
f 1251/1477/1272 1252/1478/1273 1253/1479/1274 1254/1480/1275 
f 1248/1474/1269 1247/1473/1268 1242/1466/1261 1255/1481/1276 
f 1256/1482/1277 1257/1483/1278 1258/1484/1279 1259/1485/1280 
f 1260/1486/1281 1261/1487/1282 1262/1488/1283 1263/1489/1284 
f 1264/1490/1285 1261/1487/1282 1260/1486/1281 1265/1491/1286 
f 1263/1489/1284 1262/1488/1283 1257/1483/1278 1256/1482/1277 
f 1266/1492/1287 1267/1493/1288 1268/1494/1289 1269/1495/1290 
f 1270/1496/1291 1266/1492/1287 1269/1495/1290 1271/1497/1292 
f 1272/1498/1293 1270/1496/1291 1271/1497/1292 1273/1499/1294 
f 1274/1500/1295 1272/1498/1293 1273/1499/1294 1275/1501/1296 
f 1276/1502/1297 1274/1500/1295 1275/1501/1296 1277/1503/1298 
f 1259/1485/1280 1276/1502/1297 1277/1503/1298 1256/1482/1277 
f 1278/1504/1299 1203/1505/1220 1279/1506/1300 1280/1507/1301 
f 1281/1508/1302 1282/1509/1303 1283/1510/1304 
f 1284/1511/1305 1285/1512/1306 1286/1513/1307 1287/1514/1308 
f 1288/1515/1309 1289/1516/1310 1290/1517/1311 1291/1518/1312 
f 1292/1519/1313 1293/1520/1314 1294/1521/1315 1289/1516/1310 
f 1289/1516/1310 1294/1521/1315 1295/1522/1316 1290/1517/1311 
f 1294/1521/1315 1260/1486/1281 1263/1489/1284 1295/1522/1316 
f 1295/1522/1316 1263/1489/1284 1256/1482/1277 1277/1503/1298 
f 1290/1517/1311 1295/1522/1316 1277/1503/1298 1275/1501/1296 
f 1291/1518/1312 1290/1517/1311 1275/1501/1296 1273/1499/1294 
f 1283/1510/1304 1291/1518/1312 1273/1499/1294 1271/1497/1292 
f 1296/1523/1317 1283/1510/1304 1271/1497/1292 1269/1495/1290 
f 1278/1504/1299 1296/1523/1317 1269/1495/1290 1268/1494/1289 
f 1278/1504/1299 1268/1494/1289 1159/1524/1172 1203/1505/1220 
f 1297/1525/1318 1298/1526/1319 1176/1527/1193 1175/1528/1192 
f 1299/1529/1320 1300/1530/1321 1301/1531/1322 1302/1532/1323 
f 1299/1529/1320 1303/1533/1324 1304/1534/1325 1300/1530/1321 
f 1304/1534/1325 1305/1535/1326 1162/1536/1176 1125/1537/1137 
f 1305/1535/1326 1306/1538/1327 1307/1539/1328 1308/1540/1329 
f 1307/1539/1328 1309/1541/1330 1310/1542/1331 1308/1540/1329 
f 1311/1543/1332 1312/1544/1333 1310/1542/1331 1309/1541/1330 
f 1313/1545/1334 1314/1546/1335 1315/1547/1336 
f 1316/1548/1337 1302/1532/1323 1317/1549/1338 1318/1550/1339 
f 1313/1545/1334 1319/1551/1340 1320/1552/1341 
f 1320/1553/1341 1319/1554/1340 1321/1555/1342 1322/1556/1343 
f 1293/1520/1314 1323/1557/1344 1324/1558/1345 1265/1491/1286 
f 1323/1557/1344 1325/1559/1346 1326/1560/1347 1324/1558/1345 
f 1325/1559/1346 1327/1561/1348 1328/1562/1349 1326/1560/1347 
f 1329/1563/1350 1330/1564/1351 1331/1565/1352 1332/1566/1353 
f 1333/1567/1354 1334/1568/1355 1335/1569/1356 
f 1316/1548/1337 1318/1550/1339 1336/1570/1357 
f 1315/1571/1336 1314/1572/1335 1334/1573/1355 1318/1574/1339 
f 1333/1567/1354 1337/1575/1358 1338/1576/1359 1336/1570/1357 
f 1330/1564/1351 1329/1563/1350 1339/1577/1360 1337/1575/1358 
f 1340/1578/1361 1341/1579/1362 1342/1580/1363 1343/1581/1364 
f 1344/1582/1365 1339/1577/1360 1329/1563/1350 1327/1561/1348 
f 1343/1581/1364 1345/1583/1366 1346/1584/1367 1340/1578/1361 
f 1345/1583/1366 1347/1585/1368 1348/1586/1369 1346/1584/1367 
f 1347/1585/1368 1284/1511/1305 1287/1514/1308 1348/1586/1369 
f 1327/1561/1348 1325/1559/1346 1349/1587/1370 1344/1582/1365 
f 1325/1559/1346 1323/1557/1344 1350/1588/1371 1349/1587/1370 
f 1293/1520/1314 1292/1519/1313 1350/1588/1371 1323/1557/1344 
f 1251/1477/1272 1254/1480/1275 1249/1475/1270 1250/1476/1271 
f 1228/1452/1247 1222/1444/1239 1221/1443/1238 1225/1449/1244 
f 1223/1445/1240 380/1589/1372 363/1448/1243 1220/1442/1237 
f 1235/1459/1254 1224/1447/1242 1242/1466/1261 1247/1473/1268 
f 1242/1466/1261 1224/1447/1242 352/1446/1241 351/1467/1262 
f 365/1468/1263 674/1590/1373 1351/1591/1374 1241/1465/1260 
f 1352/1592/1375 1353/1593/1376 1328/1562/1349 1332/1566/1353 
f 1268/1494/1289 1267/1493/1288 938/1594/1173 1159/1524/1172 
f 1305/1535/1326 1308/1540/1329 1160/1595/1174 1162/1536/1176 
f 1308/1540/1329 1310/1542/1331 1161/1596/1175 1160/1595/1174 
f 1340/1578/1361 1346/1584/1367 1307/1539/1328 1306/1538/1327 
f 1346/1584/1367 1348/1586/1369 1309/1541/1330 1307/1539/1328 
f 1287/1514/1308 1354/1597/1377 1311/1543/1332 1309/1541/1330 1348/1586/1369 
f 1287/1514/1308 1286/1513/1307 1354/1597/1377 
f 1344/1582/1365 1349/1587/1370 1345/1583/1366 1343/1581/1364 
f 1345/1583/1366 1349/1587/1370 1350/1588/1371 1347/1585/1368 
f 1347/1585/1368 1350/1588/1371 1292/1519/1313 1284/1511/1305 
f 1284/1511/1305 1292/1519/1313 1289/1516/1310 1288/1515/1309 
f 1265/1491/1286 1324/1558/1345 1355/1598/1378 1264/1490/1285 
f 1324/1558/1345 1326/1560/1347 1356/1599/1379 1355/1598/1378 
f 1326/1560/1347 1328/1562/1349 1353/1593/1376 1356/1599/1379 
f 1293/1520/1314 1265/1491/1286 1260/1486/1281 1294/1521/1315 
f 1298/1600/1319 1301/1531/1322 1163/1601/1177 1176/1602/1193 
f 1357/1603/1380 1317/1604/1338 1298/1526/1319 1297/1525/1318 
f 1301/1531/1322 1300/1530/1321 1124/1605/1136 1163/1601/1177 
f 1300/1530/1321 1304/1534/1325 1125/1537/1137 1124/1605/1136 
f 1302/1532/1323 1301/1531/1322 1298/1600/1319 1317/1549/1338 
f 1306/1538/1327 1305/1535/1326 1304/1534/1325 1303/1533/1324 
f 1341/1579/1362 1340/1578/1361 1306/1538/1327 1303/1533/1324 
f 1332/1566/1353 1331/1565/1352 1358/1606/1381 1352/1592/1375 
f 1358/1606/1381 1331/1565/1352 1359/1607/1382 1360/1608/1383 
f 1332/1566/1353 1328/1562/1349 1327/1561/1348 1329/1563/1350 
f 1360/1608/1383 1359/1607/1382 1322/1609/1343 1321/1610/1342 
f 1330/1564/1351 1337/1575/1358 1333/1567/1354 1335/1569/1356 
f 1314/1572/1335 1320/1553/1341 1322/1556/1343 1334/1573/1355 
f 1317/1604/1338 1357/1603/1380 1315/1571/1336 1318/1574/1339 
f 1313/1545/1334 1297/1611/1318 1175/1394/1192 1094/1281/1102 
f 1313/1545/1334 1357/1612/1380 1297/1611/1318 
f 1314/1546/1335 1313/1545/1334 1320/1552/1341 
f 1357/1612/1380 1313/1545/1334 1315/1547/1336 
f 1316/1548/1337 1361/1613/1384 1299/1529/1320 1302/1532/1323 
f 1341/1579/1362 1303/1533/1324 1299/1529/1320 1361/1613/1384 
f 1337/1575/1358 1339/1577/1360 1342/1580/1363 1338/1576/1359 
f 1339/1577/1360 1344/1582/1365 1343/1581/1364 1342/1580/1363 
f 1336/1570/1357 1338/1576/1359 1361/1613/1384 1316/1548/1337 
f 1338/1576/1359 1342/1580/1363 1341/1579/1362 1361/1613/1384 
f 1330/1564/1351 1335/1569/1356 1359/1607/1382 1331/1565/1352 
f 1243/1469/1264 1246/1472/1267 1272/1498/1293 1274/1500/1295 
f 1250/1476/1271 1243/1469/1264 1274/1500/1295 1276/1502/1297 
f 1251/1477/1272 1250/1476/1271 1276/1502/1297 1259/1485/1280 
f 1252/1478/1273 1251/1477/1272 1259/1485/1280 1258/1484/1279 
f 1255/1481/1276 1362/1614/1385 1267/1493/1288 1266/1492/1287 
f 1248/1474/1269 1255/1481/1276 1266/1492/1287 1270/1496/1291 
f 1246/1472/1267 1248/1474/1269 1270/1496/1291 1272/1498/1293 
f 1267/1493/1288 1362/1614/1385 709/1615/1386 938/1594/1173 
f 1245/1471/1266 1236/1460/1255 1235/1459/1254 1247/1473/1268 
f 1237/1461/1256 1236/1460/1255 1245/1471/1266 1244/1470/1265 
f 1238/1462/1257 1237/1461/1256 1244/1470/1265 1249/1475/1270 
f 1239/1463/1258 1238/1462/1257 1249/1475/1270 1254/1480/1275 
f 1240/1464/1259 1239/1463/1258 1254/1480/1275 1253/1479/1274 
f 1242/1466/1261 1241/1465/1260 1362/1614/1385 1255/1481/1276 
f 1363/1616/1387 1364/1617/1388 1365/1618/1389 1366/1619/1390 
f 1364/1617/1388 1367/1620/1391 16/1621/1392 28/1622/1393 
f 1368/1623/1394 1369/1624/1395 1370/1625/1396 1371/1626/1397 
f 1372/1627/1398 1368/1623/1394 1371/1626/1397 1373/1628/1399 
f 1374/1629/1400 1372/1627/1398 1373/1628/1399 1375/1630/1401 
f 1233/1457/1252 1374/1629/1400 1375/1630/1401 1234/1458/1253 
f 1376/1631/1402 1367/1620/1391 1364/1617/1388 1363/1616/1387 
f 1377/1632/1403 1376/1631/1402 1363/1616/1387 1369/1624/1395 
f 1378/1633/1404 1377/1632/1403 1369/1624/1395 1368/1623/1394 
f 1379/1634/1405 1378/1633/1404 1368/1623/1394 1372/1627/1398 
f 1380/1635/1406 1379/1634/1405 1372/1627/1398 1374/1629/1400 
f 1240/1464/1259 1380/1635/1406 1374/1629/1400 1233/1457/1252 
f 1381/1636/1407 1382/1637/1408 29/1638/1409 13/1639/1410 
f 1383/1640/1411 1384/1641/1412 1385/1642/1413 1386/1643/1414 
f 1384/1641/1412 1387/1644/1415 1388/1645/1416 1385/1642/1413 
f 1389/1646/1417 1390/1647/1418 1383/1640/1411 1386/1643/1414 
f 1391/1648/1419 1392/1649/1420 1253/1479/1274 1252/1478/1273 
f 1387/1644/1415 1393/1650/1421 1381/1636/1407 1388/1645/1416 
f 1394/1651/1422 1395/1652/1423 1258/1484/1279 1257/1483/1278 
f 1396/1653/1424 1397/1654/1425 1262/1488/1283 1261/1487/1282 
f 1264/1490/1285 1398/1655/1426 1396/1653/1424 1261/1487/1282 
f 1397/1654/1425 1394/1651/1422 1257/1483/1278 1262/1488/1283 
f 1399/1656/1427 1400/1657/1428 1401/1658/1429 1402/1659/1430 
f 1403/1660/1431 1404/1661/1432 1400/1657/1428 1399/1656/1427 
f 1405/1662/1433 1406/1663/1434 1404/1661/1432 1403/1660/1431 
f 1407/1664/1435 1408/1665/1436 1406/1663/1434 1405/1662/1433 
f 1409/1666/1437 1410/1667/1438 1408/1665/1436 1407/1664/1435 
f 1395/1652/1423 1394/1651/1422 1410/1667/1438 1409/1666/1437 
f 1411/1668/1439 1412/1669/1440 1413/1670/1441 1414/1671/1442 
f 1414/1671/1442 1413/1670/1441 1058/1672/1064 1104/1673/1112 
f 1412/1669/1440 1411/1668/1439 1415/1674/1443 1416/1675/1444 
f 1417/1676/1445 1416/1675/1444 1418/1677/1446 1419/1678/1447 
f 1416/1675/1444 1415/1674/1443 1420/1679/1448 1418/1677/1446 
f 1418/1677/1446 1420/1679/1448 1421/1680/1449 1422/1681/1450 
f 1423/1682/1451 1422/1681/1450 1424/1683/1452 1425/1684/1453 
f 1422/1681/1450 1421/1680/1449 1426/1685/1454 1424/1683/1452 
f 1424/1683/1452 1426/1685/1454 1397/1654/1425 1396/1653/1424 
f 1426/1685/1454 1410/1667/1438 1394/1651/1422 1397/1654/1425 
f 1421/1680/1449 1408/1665/1436 1410/1667/1438 1426/1685/1454 
f 1420/1679/1448 1406/1663/1434 1408/1665/1436 1421/1680/1449 
f 1415/1674/1443 1404/1661/1432 1406/1663/1434 1420/1679/1448 
f 1411/1668/1439 1400/1657/1428 1404/1661/1432 1415/1674/1443 
f 1414/1671/1442 1401/1658/1429 1400/1657/1428 1411/1668/1439 
f 1401/1658/1429 1414/1671/1442 1104/1673/1112 1057/1686/1062 
f 1427/1687/1455 1082/1688/1090 1081/1689/1089 1428/1690/1456 
f 1429/1691/1457 1430/1692/1458 1431/1693/1459 1432/1694/1460 
f 1429/1691/1457 1432/1694/1460 1433/1695/1461 1434/1696/1462 
f 1435/1697/1463 1433/1695/1461 1022/1698/1026 1062/1699/1068 
f 1435/1697/1463 1436/1700/1464 1437/1701/1465 1438/1702/1466 
f 1437/1701/1465 1436/1700/1464 1439/1703/1467 1440/1704/1468 
f 1440/1704/1468 1439/1703/1467 1441/1705/1469 1442/1706/1470 
f 1313/1545/1334 1443/1707/1471 1444/1708/1472 
f 1445/1709/1473 1446/1710/1474 1447/1711/1475 1430/1692/1458 
f 1313/1545/1334 1448/1712/1476 1319/1551/1340 
f 1319/1554/1340 1448/1713/1476 1449/1714/1477 1321/1555/1342 
f 1425/1684/1453 1398/1655/1426 1450/1715/1478 1451/1716/1479 
f 1451/1716/1479 1450/1715/1478 1452/1717/1480 1453/1718/1481 
f 1453/1718/1481 1452/1717/1480 1454/1719/1482 1455/1720/1483 
f 1456/1721/1484 1457/1722/1485 1458/1723/1486 1459/1724/1487 
f 1460/1725/1488 1449/1726/1477 1461/1727/1489 
f 1462/1728/1490 1463/1729/1491 1464/1730/1492 
f 1444/1731/1472 1443/1732/1471 1446/1733/1474 1463/1734/1491 
f 1462/1728/1490 1464/1730/1492 1465/1735/1493 1466/1736/1494 
f 1459/1724/1487 1466/1736/1494 1467/1737/1495 1456/1721/1484 
f 1468/1738/1496 1469/1739/1497 1470/1740/1498 1471/1741/1499 
f 1472/1742/1500 1455/1720/1483 1456/1721/1484 1467/1737/1495 
f 1469/1739/1497 1468/1738/1496 1473/1743/1501 1474/1744/1502 
f 1474/1744/1502 1473/1743/1501 1475/1745/1503 1476/1746/1504 
f 1476/1746/1504 1475/1745/1503 1417/1676/1445 1419/1678/1447 
f 1455/1720/1483 1472/1742/1500 1477/1747/1505 1453/1718/1481 
f 1453/1718/1481 1477/1747/1505 1478/1748/1506 1451/1716/1479 
f 1425/1684/1453 1451/1716/1479 1478/1748/1506 1423/1682/1451 
f 1391/1648/1419 1390/1647/1418 1389/1646/1417 1392/1649/1420 
f 1366/1619/1390 1370/1625/1396 1369/1624/1395 1363/1616/1387 
f 1365/1618/1389 1364/1617/1388 28/1622/1393 46/1749/1507 
f 1376/1631/1402 1388/1645/1416 1381/1636/1407 1367/1620/1391 
f 1367/1620/1391 1381/1636/1407 13/1639/1410 16/1621/1392 
f 1382/1637/1408 1479/1750/1508 781/1751/1509 29/1638/1409 
f 1442/1706/1470 1441/1705/1469 1413/1670/1441 1412/1669/1440 
f 1352/1592/1375 1457/1722/1485 1454/1719/1482 1353/1593/1376 
f 1402/1659/1430 1401/1658/1429 1057/1686/1062 824/1752/1063 
f 1436/1700/1464 1435/1697/1463 1062/1699/1068 1061/1753/1067 
f 1439/1703/1467 1436/1700/1464 1061/1753/1067 1060/1754/1066 
f 1441/1705/1469 1439/1703/1467 1060/1754/1066 1059/1755/1065 
f 1413/1670/1441 1441/1705/1469 1059/1755/1065 1058/1672/1064 
f 1468/1738/1496 1438/1702/1466 1437/1701/1465 1473/1743/1501 
f 1473/1743/1501 1437/1701/1465 1440/1704/1468 1475/1745/1503 
f 1475/1745/1503 1440/1704/1468 1442/1706/1470 1417/1676/1445 
f 1417/1676/1445 1442/1706/1470 1412/1669/1440 1416/1675/1444 
f 1472/1742/1500 1469/1739/1497 1474/1744/1502 1477/1747/1505 
f 1474/1744/1502 1476/1746/1504 1478/1748/1506 1477/1747/1505 
f 1476/1746/1504 1419/1678/1447 1423/1682/1451 1478/1748/1506 
f 1419/1678/1447 1418/1677/1446 1422/1681/1450 1423/1682/1451 
f 1398/1655/1426 1264/1490/1285 1355/1598/1378 1450/1715/1478 
f 1450/1715/1478 1355/1598/1378 1356/1599/1379 1452/1717/1480 
f 1452/1717/1480 1356/1599/1379 1353/1593/1376 1454/1719/1482 
f 1425/1684/1453 1424/1683/1452 1396/1653/1424 1398/1655/1426 
f 1431/1693/1459 1428/1756/1456 1081/1757/1089 1063/1758/1069 
f 1428/1690/1456 1447/1759/1475 1480/1760/1510 1427/1687/1455 
f 1432/1694/1460 1431/1693/1459 1063/1758/1069 1023/1761/1027 
f 1433/1695/1461 1432/1694/1460 1023/1761/1027 1022/1698/1026 
f 1430/1692/1458 1447/1711/1475 1428/1756/1456 1431/1693/1459 
f 1438/1702/1466 1434/1696/1462 1433/1695/1461 1435/1697/1463 
f 1471/1741/1499 1434/1696/1462 1438/1702/1466 1468/1738/1496 
f 1457/1722/1485 1352/1592/1375 1358/1606/1381 1458/1723/1486 
f 1358/1606/1381 1360/1608/1383 1460/1725/1488 1458/1723/1486 
f 1457/1722/1485 1456/1721/1484 1455/1720/1483 1454/1719/1482 
f 1460/1725/1488 1360/1608/1383 1321/1610/1342 1449/1726/1477 
f 1459/1724/1487 1461/1727/1489 1462/1728/1490 1466/1736/1494 
f 1448/1713/1476 1444/1731/1472 1463/1734/1491 1449/1714/1477 
f 1443/1732/1471 1480/1760/1510 1447/1759/1475 1446/1733/1474 
f 1082/1280/1090 1427/1762/1455 1313/1545/1334 1094/1281/1102 
f 1313/1545/1334 1427/1762/1455 1480/1763/1510 
f 1448/1712/1476 1313/1545/1334 1444/1708/1472 
f 1443/1707/1471 1313/1545/1334 1480/1763/1510 
f 1445/1709/1473 1430/1692/1458 1429/1691/1457 1481/1764/1511 
f 1471/1741/1499 1481/1764/1511 1429/1691/1457 1434/1696/1462 
f 1466/1736/1494 1465/1735/1493 1470/1740/1498 1467/1737/1495 
f 1467/1737/1495 1470/1740/1498 1469/1739/1497 1472/1742/1500 
f 1464/1730/1492 1445/1709/1473 1481/1764/1511 1465/1735/1493 
f 1465/1735/1493 1481/1764/1511 1471/1741/1499 1470/1740/1498 
f 1459/1724/1487 1458/1723/1486 1460/1725/1488 1461/1727/1489 
f 1383/1640/1411 1407/1664/1435 1405/1662/1433 1384/1641/1412 
f 1390/1647/1418 1409/1666/1437 1407/1664/1435 1383/1640/1411 
f 1391/1648/1419 1395/1652/1423 1409/1666/1437 1390/1647/1418 
f 1252/1478/1273 1258/1484/1279 1395/1652/1423 1391/1648/1419 
f 1393/1650/1421 1399/1656/1427 1402/1659/1430 1482/1765/1512 
f 1387/1644/1415 1403/1660/1431 1399/1656/1427 1393/1650/1421 
f 1384/1641/1412 1405/1662/1433 1403/1660/1431 1387/1644/1415 
f 827/1766/1513 782/1767/1514 1482/1765/1512 
f 1385/1642/1413 1388/1645/1416 1376/1631/1402 1377/1632/1403 
f 1378/1633/1404 1386/1643/1414 1385/1642/1413 1377/1632/1403 
f 1379/1634/1405 1389/1646/1417 1386/1643/1414 1378/1633/1404 
f 1380/1635/1406 1392/1649/1420 1389/1646/1417 1379/1634/1405 
f 1240/1464/1259 1253/1479/1274 1392/1649/1420 1380/1635/1406 
f 1381/1636/1407 1393/1650/1421 1482/1765/1512 1382/1637/1408 
f 1382/1637/1408 1482/1765/1512 782/1767/1514 1479/1750/1508 
f 1461/1727/1489 1463/1729/1491 1462/1728/1490 
f 1461/1727/1489 1449/1726/1477 1463/1729/1491 
f 1464/1730/1492 1463/1729/1491 1446/1710/1474 
f 1464/1730/1492 1446/1710/1474 1445/1709/1473 
f 1335/1569/1356 1322/1609/1343 1359/1607/1382 
f 1335/1569/1356 1334/1568/1355 1322/1609/1343 
f 1336/1570/1357 1334/1568/1355 1333/1567/1354 
f 1336/1570/1357 1318/1550/1339 1334/1568/1355 
f 1284/1511/1305 1288/1515/1309 1483/1768/1515 1285/1512/1306 
f 1484/1769/1516 1483/1768/1515 1288/1515/1309 
f 1282/1509/1303 1484/1769/1516 1291/1518/1312 
f 1485/1770/1517 1281/1508/1302 1296/1523/1317 
f 1280/1507/1301 1486/1771/1518 1278/1504/1299 
f 1206/1772/1223 1279/1506/1300 1203/1505/1220 
f 1187/1773/1204 1161/1596/1175 1310/1542/1331 1312/1544/1333 
f 1282/1509/1303 1291/1518/1312 1283/1510/1304 
f 1281/1508/1302 1283/1510/1304 1296/1523/1317 
f 1278/1504/1299 1486/1771/1518 1296/1523/1317 
f 1296/1523/1317 1486/1771/1518 1485/1770/1517 
f 1291/1518/1312 1484/1769/1516 1288/1515/1309 
f 1487/1774/1519 1279/1775/1300 1206/1776/1223 1219/1777/1236 
f 1488/1778/1520 1280/1779/1301 1279/1775/1300 1487/1774/1519 
f 1489/1780/1521 1486/1781/1518 1280/1779/1301 1488/1778/1520 
f 1490/1782/1522 1485/1783/1517 1486/1781/1518 1489/1780/1521 
f 1491/1784/1523 1281/1785/1302 1485/1783/1517 1490/1782/1522 
f 1492/1786/1524 1282/1787/1303 1281/1785/1302 1491/1784/1523 
f 1493/1788/1525 1484/1789/1516 1282/1787/1303 1492/1786/1524 
f 1494/1790/1526 1483/1791/1515 1484/1789/1516 1493/1788/1525 
f 1495/1792/1527 1285/1793/1306 1483/1791/1515 1494/1790/1526 
f 1496/1794/1528 1286/1795/1307 1285/1793/1306 1495/1792/1527 
f 1497/1796/1529 1354/1797/1377 1286/1795/1307 1496/1794/1528 
f 1498/1798/1530 1311/1799/1332 1354/1797/1377 1497/1796/1529 
f 1499/1800/1531 1312/1801/1333 1311/1799/1332 1498/1798/1530 
f 1210/1802/1227 1187/1803/1204 1312/1801/1333 1499/1800/1531 
f 1500/1804/1532 1223/1805/1240 1222/1806/1239 1501/1807/1533 
f 1502/1808/1534 1228/1809/1247 1227/1810/1246 1503/1811/1535 
f 1503/1811/1535 1227/1810/1246 1230/1812/1249 1504/1813/1536 
f 1504/1813/1536 1230/1812/1249 1232/1814/1251 1505/1815/1537 
f 1505/1815/1537 1232/1814/1251 1234/1816/1253 1506/1817/1538 
f 1501/1807/1533 1222/1806/1239 1228/1809/1247 1502/1808/1534 
f 658/1818/1539 380/1819/1372 1223/1805/1240 1500/1804/1532 
f 1507/1820/1540 1366/1821/1390 1365/1822/1389 1508/1823/1541 
f 1509/1824/1542 1371/1825/1397 1370/1826/1396 1510/1827/1543 
f 1511/1828/1544 1373/1829/1399 1371/1825/1397 1509/1824/1542 
f 1512/1830/1545 1375/1831/1401 1373/1829/1399 1511/1828/1544 
f 1506/1817/1538 1234/1816/1253 1375/1831/1401 1512/1830/1545 
f 1510/1827/1543 1370/1826/1396 1366/1821/1390 1507/1820/1540 
f 1508/1823/1541 1365/1822/1389 46/1832/1507 1513/1833/1546 
f 757/1834/1547 1204/1415/1221 1158/1353/1171 758/1352/1170 
f 775/1304/1122 1112/1303/1121 1204/1415/1221 757/1834/1547 
f 1164/1361/1179 1112/1303/1121 738/1362/1180 
f 1112/1303/1121 735/1302/1120 738/1362/1180 
f 858/1835/1548 1111/1301/1119 1070/1246/1078 867/1245/1077 
f 854/1836/1549 857/1837/1550 1110/1300/1118 1111/1301/1119 
f 887/1838/1551 1110/1300/1118 857/1837/1550 
f 887/1838/1551 874/1175/1007 1006/1174/1006 1110/1300/1118 
f 873/1176/1008 878/1229/1061 1008/1178/1010 1007/1177/1009 
f 854/1836/1549 1111/1301/1119 858/1835/1548 
f 1351/1591/1374 677/1839/1552 1362/1614/1385 1241/1465/1260 
f 1362/1614/1385 677/1839/1552 709/1615/1386 
f 824/1752/1063 827/1766/1513 1482/1765/1512 1402/1659/1430 
f 673/1840/1553 1500/1841/1532 1501/1841/1533 
f 658/1842/1539 1500/1841/1532 673/1840/1553 
f 673/1840/1553 1508/1843/1541 1513/1844/1546 
f 673/1840/1553 1502/1845/1534 1503/1846/1535 
f 673/1840/1553 1507/1843/1540 1508/1843/1541 
f 673/1840/1553 1501/1841/1533 1502/1845/1534 
f 673/1840/1553 1510/1843/1543 1507/1843/1540 
f 673/1840/1553 1503/1846/1535 1504/1847/1536 
f 673/1840/1553 1505/1847/1537 1506/1848/1538 
f 673/1840/1553 1504/1847/1536 1505/1847/1537 
f 673/1840/1553 1512/1849/1545 1511/1849/1544 
f 673/1840/1553 1506/1848/1538 1512/1849/1545 
f 673/1840/1553 1509/1849/1542 1510/1843/1543 
f 673/1840/1553 1511/1849/1544 1509/1849/1542 
f 1514/1850/1554 1515/1851/1555 1516/1852/1556 1517/1853/1557 
f 1518/1854/1558 1519/1855/1559 1520/1856/1560 1521/1857/1561 
f 1522/1858/1562 1523/1859/1563 1524/1860/1564 1525/1861/1565 
f 1526/1862/1566 1527/1863/1567 1528/1864/1568 1529/1865/1569 
f 1530/1866/1570 1531/1867/1571 1532/1868/1572 1533/1869/1573 
f 1534/1870/1574 1535/1871/1575 1536/1872/1576 1537/1873/1577 
f 1538/1874/1578 1539/1875/1579 1540/1876/1580 1541/1877/1581 
f 1542/1878/1582 1543/1879/1583 1544/1880/1584 1545/1881/1585 
f 1546/1882/1586 1547/1883/1587 1548/1884/1588 1549/1885/1589 
f 1550/1886/1590 1551/1887/1591 1552/1888/1592 1553/1889/1593 
f 1554/1890/1594 1555/1891/1595 1556/1892/1596 1557/1893/1597 
f 1558/1894/1598 1559/1895/1599 1560/1896/1600 1561/1897/1601 
f 1562/1898/1602 1563/1899/1603 1564/1900/1604 1565/1901/1605 
f 1566/1902/1606 1567/1903/1607 1568/1904/1608 1569/1905/1609 
f 1570/1906/1610 1571/1907/1611 1572/1908/1612 1573/1909/1613 
f 1574/1910/1614 1575/1911/1615 1576/1912/1616 1577/1913/1617 
f 1578/1914/1618 1579/1915/1619 1580/1916/1620 1581/1917/1621 
f 1582/1918/1622 1583/1919/1623 1584/1920/1624 1578/1914/1618 
f 1585/1921/1625 1586/1922/1626 1587/1923/1627 1584/1920/1624 
f 1588/1924/1628 1589/1925/1629 1590/1926/1630 1585/1921/1625 
f 1591/1927/1631 1592/1928/1632 1593/1929/1633 1590/1926/1630 
f 1594/1930/1634 1595/1931/1635 1596/1932/1636 1591/1927/1631 
f 1597/1933/1637 1598/1934/1638 1599/1935/1639 1596/1932/1636 
f 1600/1936/1640 1601/1937/1641 1602/1938/1642 1597/1933/1637 
f 1603/1939/1643 1604/1940/1644 1605/1941/1645 1602/1938/1642 
f 1606/1942/1646 1607/1943/1647 1608/1944/1648 1603/1939/1643 
f 1609/1945/1649 1610/1946/1650 1611/1947/1651 1608/1944/1648 
f 1612/1948/1652 1613/1949/1653 1614/1950/1654 1609/1945/1649 
f 1615/1951/1655 1616/1952/1656 1617/1953/1657 1614/1950/1654 
f 1618/1954/1658 1619/1955/1659 1620/1956/1660 1615/1951/1655 
f 1621/1957/1661 1622/1958/1662 1623/1959/1663 1620/1956/1660 
f 1624/1960/1664 1625/1961/1665 1626/1962/1666 1621/1957/1661 
f 1627/1963/1667 1628/1964/1668 1629/1965/1669 1626/1962/1666 
f 1630/1966/1670 1631/1967/1671 1632/1968/1672 1627/1963/1667 
f 1633/1969/1673 1634/1970/1674 1635/1971/1675 1632/1968/1672 
f 1636/1972/1676 1637/1973/1677 1638/1974/1678 1633/1969/1673 
f 1639/1975/1679 1640/1976/1680 1641/1977/1681 1638/1974/1678 
f 1642/1978/1682 1643/1979/1683 1644/1980/1684 1639/1975/1679 
f 1645/1981/1685 1646/1982/1686 1647/1983/1687 1644/1980/1684 
f 1648/1984/1688 1649/1985/1689 1650/1986/1690 1645/1981/1685 
f 1651/1987/1691 1652/1988/1692 1653/1989/1693 1650/1986/1690 
f 1654/1990/1694 1655/1991/1695 1656/1992/1696 1651/1987/1691 
f 1657/1993/1697 1658/1994/1698 1659/1995/1699 1656/1992/1696 
f 1660/1996/1700 1661/1997/1701 1662/1998/1702 1657/1993/1697 
f 1663/1999/1703 1664/2000/1704 1665/2001/1705 1662/1998/1702 
f 1666/2002/1706 1667/2003/1707 1668/2004/1708 1663/1999/1703 
f 1669/2005/1709 1670/2006/1710 1668/2004/1708 1671/2007/1711 
f 1672/2008/1712 1673/2009/1713 1581/1917/1621 1671/2007/1711 
f 1516/1852/1556 1515/1851/1555 1518/1854/1558 1521/1857/1561 
f 1520/1856/1560 1519/1855/1559 1522/1858/1562 1525/1861/1565 
f 1524/1860/1564 1523/1859/1563 1526/1862/1566 1529/1865/1569 
f 1528/1864/1568 1527/1863/1567 1530/1866/1570 1533/1869/1573 
f 1532/1868/1572 1531/1867/1571 1534/1870/1574 1537/1873/1577 
f 1540/1876/1580 1539/1875/1579 1542/1878/1582 1545/1881/1585 
f 1548/1884/1588 1547/1883/1587 1552/1888/1592 1551/1887/1591 
f 1574/1910/1614 1577/1913/1617 1514/1850/1554 1517/1853/1557 
f 1538/1874/1578 1541/1877/1581 1536/1872/1576 1535/1871/1575 
f 1546/1882/1586 1549/1885/1589 1544/1880/1584 1543/1879/1583 
f 1556/1892/1596 1555/1891/1595 1550/1886/1590 1553/1889/1593 
f 1560/1896/1600 1559/1895/1599 1554/1890/1594 1557/1893/1597 
f 1564/1900/1604 1563/1899/1603 1558/1894/1598 1561/1897/1601 
f 1568/1904/1608 1567/1903/1607 1562/1898/1602 1565/1901/1605 
f 1572/1908/1612 1571/1907/1611 1566/1902/1606 1569/1905/1609 
f 1576/1912/1616 1575/1911/1615 1570/1906/1610 1573/1909/1613 
f 1578/1914/1618 1581/1917/1621 1673/2009/1713 1582/1918/1622 
f 1585/1921/1625 1584/1920/1624 1583/1919/1623 1588/1924/1628 
f 1591/1927/1631 1590/1926/1630 1589/1925/1629 1594/1930/1634 
f 1597/1933/1637 1596/1932/1636 1595/1931/1635 1600/1936/1640 
f 1603/1939/1643 1602/1938/1642 1601/1937/1641 1606/1942/1646 
f 1609/1945/1649 1608/1944/1648 1607/1943/1647 1612/1948/1652 
f 1615/1951/1655 1614/1950/1654 1613/1949/1653 1618/1954/1658 
f 1621/1957/1661 1620/1956/1660 1619/1955/1659 1624/1960/1664 
f 1627/1963/1667 1626/1962/1666 1625/1961/1665 1630/1966/1670 
f 1633/1969/1673 1632/1968/1672 1631/1967/1671 1636/1972/1676 
f 1639/1975/1679 1638/1974/1678 1637/1973/1677 1642/1978/1682 
f 1645/1981/1685 1644/1980/1684 1643/1979/1683 1648/1984/1688 
f 1651/1987/1691 1650/1986/1690 1649/1985/1689 1654/1990/1694 
f 1657/1993/1697 1656/1992/1696 1655/1991/1695 1660/1996/1700 
f 1663/1999/1703 1662/1998/1702 1661/1997/1701 1666/2002/1706 
f 1671/2007/1711 1668/2004/1708 1667/2003/1707 1672/2008/1712 
f 1578/1914/1618 1584/1920/1624 1587/1923/1627 1579/1915/1619 
f 1516/1852/1556 1583/1919/1623 1582/1918/1622 1517/1853/1557 
f 1585/1921/1625 1590/1926/1630 1593/1929/1633 1586/1922/1626 
f 1520/1856/1560 1589/1925/1629 1588/1924/1628 1521/1857/1561 
f 1591/1927/1631 1596/1932/1636 1599/1935/1639 1592/1928/1632 
f 1524/1860/1564 1595/1931/1635 1594/1930/1634 1525/1861/1565 
f 1597/1933/1637 1602/1938/1642 1605/1941/1645 1598/1934/1638 
f 1528/1864/1568 1601/1937/1641 1600/1936/1640 1529/1865/1569 
f 1603/1939/1643 1608/1944/1648 1611/1947/1651 1604/1940/1644 
f 1532/1868/1572 1607/1943/1647 1606/1942/1646 1533/1869/1573 
f 1609/1945/1649 1614/1950/1654 1617/1953/1657 1610/1946/1650 
f 1613/1949/1653 1612/1948/1652 1537/1873/1577 1536/1872/1576 
f 1615/1951/1655 1620/1956/1660 1623/1959/1663 1616/1952/1656 
f 1619/1955/1659 1618/1954/1658 1541/1877/1581 1540/1876/1580 
f 1621/1957/1661 1626/1962/1666 1629/1965/1669 1622/1958/1662 
f 1625/1961/1665 1624/1960/1664 1545/1881/1585 1544/1880/1584 
f 1627/1963/1667 1632/1968/1672 1635/1971/1675 1628/1964/1668 
f 1631/1967/1671 1630/1966/1670 1549/1885/1589 1548/1884/1588 
f 1633/1969/1673 1638/1974/1678 1641/1977/1681 1634/1970/1674 
f 1637/1973/1677 1636/1972/1676 1551/1887/1591 1550/1886/1590 
f 1639/1975/1679 1644/1980/1684 1647/1983/1687 1640/1976/1680 
f 1643/1979/1683 1642/1978/1682 1555/1891/1595 1554/1890/1594 
f 1645/1981/1685 1650/1986/1690 1653/1989/1693 1646/1982/1686 
f 1649/1985/1689 1648/1984/1688 1559/1895/1599 1558/1894/1598 
f 1651/1987/1691 1656/1992/1696 1659/1995/1699 1652/1988/1692 
f 1655/1991/1695 1654/1990/1694 1563/1899/1603 1562/1898/1602 
f 1657/1993/1697 1662/1998/1702 1665/2001/1705 1658/1994/1698 
f 1661/1997/1701 1660/1996/1700 1567/1903/1607 1566/1902/1606 
f 1663/1999/1703 1668/2004/1708 1670/2006/1710 1664/2000/1704 
f 1667/2003/1707 1666/2002/1706 1571/1907/1611 1570/1906/1610 
f 1671/2007/1711 1581/1917/1621 1580/1916/1620 1669/2005/1709 
f 1673/2009/1713 1672/2008/1712 1575/1911/1615 1574/1910/1614 
f 1582/1918/1622 1673/2009/1713 1574/1910/1614 1517/1853/1557 
f 1521/1857/1561 1588/1924/1628 1583/1919/1623 1516/1852/1556 
f 1525/1861/1565 1594/1930/1634 1589/1925/1629 1520/1856/1560 
f 1529/1865/1569 1600/1936/1640 1595/1931/1635 1524/1860/1564 
f 1533/1869/1573 1606/1942/1646 1601/1937/1641 1528/1864/1568 
f 1537/1873/1577 1612/1948/1652 1607/1943/1647 1532/1868/1572 
f 1618/1954/1658 1613/1949/1653 1536/1872/1576 1541/1877/1581 
f 1624/1960/1664 1619/1955/1659 1540/1876/1580 1545/1881/1585 
f 1630/1966/1670 1625/1961/1665 1544/1880/1584 1549/1885/1589 
f 1636/1972/1676 1631/1967/1671 1548/1884/1588 1551/1887/1591 
f 1642/1978/1682 1637/1973/1677 1550/1886/1590 1555/1891/1595 
f 1648/1984/1688 1643/1979/1683 1554/1890/1594 1559/1895/1599 
f 1654/1990/1694 1649/1985/1689 1558/1894/1598 1563/1899/1603 
f 1660/1996/1700 1655/1991/1695 1562/1898/1602 1567/1903/1607 
f 1666/2002/1706 1661/1997/1701 1566/1902/1606 1571/1907/1611 
f 1575/1911/1615 1672/2008/1712 1667/2003/1707 1570/1906/1610 
f 1674/2010/1714 1675/2011/1715 1515/1851/1555 1514/1850/1554 
f 1676/2012/1716 1674/2010/1714 1514/1850/1554 1577/1913/1617 
f 1677/2013/1717 1678/2014/1718 1519/1855/1559 1518/1854/1558 
f 1675/2011/1715 1677/2013/1717 1518/1854/1558 1515/1851/1555 
f 1522/1858/1562 1679/2015/1719 1680/2016/1720 1523/1859/1563 
f 1519/1855/1559 1678/2014/1718 1679/2015/1719 1522/1858/1562 
f 1526/1862/1566 1681/2017/1721 1682/2018/1722 1527/1863/1567 
f 1523/1859/1563 1680/2016/1720 1681/2017/1721 1526/1862/1566 
f 1530/1866/1570 1683/2019/1723 1684/2020/1724 1531/1867/1571 
f 1527/1863/1567 1682/2018/1722 1683/2019/1723 1530/1866/1570 
f 1685/2021/1725 1686/2022/1726 1535/1871/1575 1534/1870/1574 
f 1684/2020/1724 1685/2021/1725 1534/1870/1574 1531/1867/1571 
f 1687/2023/1727 1688/2024/1728 1539/1875/1579 1538/1874/1578 
f 1686/2022/1726 1687/2023/1727 1538/1874/1578 1535/1871/1575 
f 1689/2025/1729 1690/2026/1730 1543/1879/1583 1542/1878/1582 
f 1688/2024/1728 1689/2025/1729 1542/1878/1582 1539/1875/1579 
f 1691/2027/1731 1692/2028/1732 1547/1883/1587 1546/1882/1586 
f 1690/2026/1730 1691/2027/1731 1546/1882/1586 1543/1879/1583 
f 1552/1888/1592 1693/2029/1733 1694/2030/1734 1553/1889/1593 
f 1547/1883/1587 1692/2028/1732 1693/2029/1733 1552/1888/1592 
f 1695/2031/1735 1696/2032/1736 1557/1893/1597 1556/1892/1596 
f 1553/1889/1593 1694/2030/1734 1695/2031/1735 1556/1892/1596 
f 1697/2033/1737 1698/2034/1738 1561/1897/1601 1560/1896/1600 
f 1696/2032/1736 1697/2033/1737 1560/1896/1600 1557/1893/1597 
f 1699/2035/1739 1700/2036/1740 1565/1901/1605 1564/1900/1604 
f 1698/2034/1738 1699/2035/1739 1564/1900/1604 1561/1897/1601 
f 1701/2037/1741 1702/2038/1742 1569/1905/1609 1568/1904/1608 
f 1700/2036/1740 1701/2037/1741 1568/1904/1608 1565/1901/1605 
f 1703/2039/1743 1704/2040/1744 1573/1909/1613 1572/1908/1612 
f 1702/2038/1742 1703/2039/1743 1572/1908/1612 1569/1905/1609 
f 1705/2041/1745 1676/2012/1716 1577/1913/1617 1576/1912/1616 
f 1704/2040/1744 1705/2041/1745 1576/1912/1616 1573/1909/1613 
# 1554 polygons - 118 triangles

