# 3ds Max Wavefront OBJ Exporter v0.97b - (c)2007 guruware
# File Created: 26.12.2024 12:45:54

mtllib yvr_d3_left_controller.mtl

#
# object yvr_d3_left_controller
#

v  0.0059 0.0079 -0.0054
v  0.0044 0.0082 -0.0051
v  0.0045 0.0088 -0.0037
v  0.0064 0.0086 -0.0038
v  0.0081 0.0081 -0.0048
v  0.0073 0.0076 -0.0059
v  0.0057 0.0094 -0.0024
v  0.0071 0.0095 -0.0021
v  0.0079 0.0090 -0.0031
v  0.0089 0.0085 -0.0040
v  0.0041 0.0094 -0.0024
v  0.0150 0.0053 -0.0091
v  0.0127 0.0060 -0.0083
v  0.0135 0.0065 -0.0072
v  0.0155 0.0059 -0.0079
v  0.0122 0.0049 -0.0102
v  0.0112 0.0054 -0.0093
v  0.0151 0.0044 -0.0106
v  0.0129 0.0041 -0.0113
v  0.0065 0.0159 0.0161
v  0.0071 0.0167 0.0191
v  0.0103 0.0161 0.0160
v  0.0082 0.0156 0.0142
v  0.0066 0.0150 0.0126
v  0.0034 0.0155 0.0150
v  0.0025 0.0162 0.0187
v  -0.0023 0.0068 0.0813
v  -0.0034 0.0056 0.0817
v  -0.0018 0.0052 0.0832
v  -0.0009 0.0071 0.0818
v  -0.0031 0.0082 0.0788
v  -0.0048 0.0068 0.0790
v  -0.0013 0.0091 0.0787
v  0.0019 0.0106 0.0002
v  0.0034 0.0100 -0.0011
v  0.0021 0.0099 -0.0014
v  0.0012 0.0105 -0.0005
v  0.0045 0.0104 -0.0001
v  0.0051 0.0099 -0.0012
v  0.0025 0.0109 0.0010
v  0.0044 0.0107 0.0007
v  -0.0052 0.0100 -0.0021
v  -0.0039 0.0101 -0.0019
v  -0.0039 0.0092 -0.0039
v  -0.0052 0.0106 -0.0008
v  -0.0057 0.0089 -0.0042
v  -0.0083 0.0103 -0.0017
v  0.0029 0.0012 0.0855
v  0.0032 -0.0002 0.0853
v  0.0043 0.0008 0.0843
v  0.0035 0.0023 0.0847
v  0.0016 0.0013 0.0858
v  0.0016 -0.0008 0.0860
v  0.0022 0.0029 0.0852
v  -0.0188 -0.0076 -0.0128
v  -0.0174 -0.0097 -0.0156
v  -0.0164 -0.0102 -0.0131
v  -0.0176 -0.0087 -0.0116
v  -0.0156 -0.0104 -0.0103
v  -0.0175 -0.0084 -0.0095
v  -0.0193 -0.0065 -0.0102
v  -0.0136 -0.0110 0.0079
v  -0.0169 -0.0075 0.0072
v  -0.0167 -0.0076 0.0043
v  -0.0127 -0.0117 0.0044
v  -0.0084 -0.0146 0.0066
v  -0.0096 -0.0139 0.0092
v  -0.0094 -0.0144 0.0020
v  -0.0066 -0.0163 0.0042
v  -0.0137 -0.0107 0.0013
v  -0.0109 -0.0134 -0.0004
v  -0.0167 -0.0075 0.0016
v  0.0069 -0.0040 0.0781
v  0.0063 -0.0053 0.0787
v  0.0068 -0.0061 0.0756
v  0.0076 -0.0041 0.0756
v  0.0070 -0.0027 0.0786
v  0.0061 -0.0041 0.0802
v  0.0080 -0.0020 0.0757
v  0.0067 -0.0126 0.0348
v  0.0061 -0.0130 0.0312
v  0.0093 -0.0108 0.0312
v  0.0100 -0.0096 0.0348
v  0.0109 -0.0092 0.0307
v  0.0116 -0.0077 0.0334
v  0.0114 -0.0069 0.0364
v  0.0123 -0.0062 0.0348
v  0.0230 -0.0235 0.0040
v  0.0216 -0.0235 0.0051
v  0.0213 -0.0252 0.0044
v  0.0232 -0.0245 0.0032
v  0.0239 -0.0223 0.0038
v  0.0223 -0.0214 0.0055
v  0.0246 -0.0232 0.0024
v  0.0026 -0.0151 0.0186
v  0.0028 -0.0157 0.0151
v  0.0073 -0.0147 0.0154
v  0.0076 -0.0134 0.0195
v  0.0109 -0.0135 0.0146
v  0.0119 -0.0119 0.0170
v  0.0132 -0.0100 0.0195
v  0.0108 -0.0112 0.0217
v  -0.0045 -0.0093 0.0801
v  -0.0051 -0.0081 0.0808
v  -0.0070 -0.0083 0.0776
v  -0.0057 -0.0100 0.0773
v  -0.0040 -0.0113 0.0772
v  -0.0031 -0.0100 0.0806
v  -0.0033 -0.0084 0.0824
v  0.0165 0.0071 -0.0059
v  0.0159 0.0065 -0.0070
v  0.0140 0.0071 -0.0062
v  0.0144 0.0077 -0.0050
v  0.0155 0.0084 -0.0039
v  0.0165 0.0084 -0.0036
v  0.0175 0.0074 -0.0053
v  0.0144 0.0083 -0.0040
v  0.0084 0.0118 0.0030
v  0.0065 0.0117 0.0028
v  0.0067 0.0121 0.0039
v  0.0091 0.0123 0.0043
v  0.0103 0.0122 0.0039
v  0.0096 0.0118 0.0029
v  0.0110 0.0128 0.0056
v  0.0115 0.0126 0.0050
v  0.0064 0.0125 0.0051
v  0.0084 0.0128 0.0058
v  0.0100 0.0131 0.0065
v  0.0201 0.0090 -0.0023
v  0.0208 0.0078 -0.0043
v  0.0196 0.0078 -0.0045
v  0.0183 0.0089 -0.0026
v  0.0218 0.0087 -0.0025
v  0.0221 0.0077 -0.0043
v  0.0196 0.0098 -0.0008
v  0.0214 0.0097 -0.0008
v  0.0332 -0.0143 -0.0031
v  0.0331 -0.0116 0.0000
v  0.0304 -0.0158 0.0002
v  0.0288 -0.0202 -0.0045
v  0.0287 -0.0182 0.0007
v  0.0279 -0.0212 -0.0025
v  0.0295 -0.0193 -0.0068
v  0.0331 -0.0153 -0.0058
v  0.0169 0.0135 0.0074
v  0.0200 0.0127 0.0052
v  0.0184 0.0127 0.0052
v  0.0167 0.0131 0.0062
v  0.0195 0.0142 0.0088
v  0.0218 0.0133 0.0066
v  0.0144 0.0133 0.0066
v  0.0139 0.0135 0.0077
v  0.0147 0.0145 0.0101
v  0.0174 0.0151 0.0116
v  -0.0076 0.0086 -0.0049
v  -0.0092 0.0080 -0.0063
v  -0.0121 0.0089 -0.0046
v  -0.0113 0.0103 -0.0018
v  -0.0118 0.0119 0.0024
v  -0.0098 0.0118 0.0021
v  -0.0157 0.0093 -0.0039
v  -0.0150 0.0105 -0.0009
v  -0.0149 0.0116 0.0024
v  0.0269 0.0090 -0.0016
v  0.0255 0.0106 0.0012
v  0.0288 0.0113 0.0028
v  0.0308 0.0098 0.0004
v  0.0238 0.0093 -0.0013
v  0.0231 0.0105 0.0008
v  0.0259 0.0079 -0.0034
v  0.0238 0.0084 -0.0029
v  0.0328 0.0083 -0.0019
v  0.0295 0.0076 -0.0036
v  0.0279 0.0071 -0.0047
v  0.0166 0.0010 -0.0163
v  0.0153 0.0019 -0.0149
v  0.0169 0.0021 -0.0143
v  0.0180 0.0015 -0.0153
v  0.0131 0.0019 -0.0151
v  0.0162 0.0006 -0.0170
v  0.0133 0.0010 -0.0164
v  0.0199 0.0008 -0.0162
v  0.0197 0.0001 -0.0175
v  0.0277 -0.0018 -0.0197
v  0.0271 -0.0032 -0.0219
v  0.0231 -0.0020 -0.0205
v  0.0232 -0.0011 -0.0190
v  0.0228 -0.0004 -0.0178
v  0.0257 -0.0005 -0.0176
v  0.0302 -0.0011 -0.0184
v  0.0337 -0.0023 -0.0198
v  0.0323 -0.0035 -0.0219
v  0.0280 -0.0002 -0.0169
v  0.0309 -0.0048 -0.0241
v  -0.0072 0.0145 0.0115
v  -0.0058 0.0140 0.0097
v  -0.0079 0.0135 0.0078
v  -0.0098 0.0139 0.0092
v  -0.0021 0.0148 0.0124
v  -0.0023 0.0143 0.0107
v  -0.0135 0.0137 0.0109
v  -0.0079 0.0152 0.0151
v  -0.0025 0.0153 0.0152
v  -0.0129 0.0147 0.0160
v  -0.0095 -0.0161 -0.0243
v  -0.0070 -0.0174 -0.0225
v  -0.0081 -0.0168 -0.0203
v  -0.0117 -0.0148 -0.0210
v  -0.0142 -0.0131 -0.0239
v  -0.0117 -0.0148 -0.0266
v  -0.0152 -0.0120 -0.0185
v  -0.0168 -0.0109 -0.0209
v  -0.0087 -0.0163 -0.0170
v  -0.0116 -0.0145 -0.0169
v  -0.0143 -0.0123 -0.0153
v  0.0241 0.0100 0.0231
v  0.0244 0.0126 0.0238
v  0.0225 0.0100 0.0253
v  0.0228 0.0086 0.0243
v  0.0247 0.0072 0.0209
v  0.0228 0.0061 0.0228
v  0.0264 0.0116 0.0208
v  0.0135 -0.0144 0.0121
v  0.0128 -0.0172 0.0105
v  0.0158 -0.0171 0.0096
v  0.0173 -0.0134 0.0110
v  0.0171 -0.0108 0.0134
v  0.0140 -0.0124 0.0140
v  0.0201 -0.0145 0.0091
v  0.0226 -0.0114 0.0093
v  0.0211 -0.0099 0.0112
v  0.0186 -0.0176 0.0085
v  0.0204 -0.0084 0.0131
v  0.0164 0.0112 0.0392
v  0.0172 0.0126 0.0375
v  0.0170 0.0159 0.0390
v  0.0166 0.0096 0.0381
v  0.0172 0.0109 0.0365
v  0.0158 0.0091 0.0405
v  0.0160 0.0080 0.0391
v  0.0152 0.0114 0.0440
v  0.0157 0.0160 0.0437
v  0.0154 0.0185 0.0382
v  0.0142 0.0184 0.0431
v  0.0127 0.0195 0.0371
v  0.0115 0.0195 0.0421
v  0.0170 0.0182 0.0335
v  0.0142 0.0193 0.0322
v  0.0186 0.0156 0.0345
v  0.0204 0.0150 0.0305
v  0.0189 0.0177 0.0292
v  0.0185 0.0140 0.0344
v  0.0204 0.0143 0.0306
v  0.0184 0.0120 0.0340
v  0.0199 0.0124 0.0307
v  0.0217 0.0139 0.0282
v  0.0217 0.0144 0.0281
v  0.0211 0.0119 0.0285
v  0.0219 0.0111 0.0268
v  0.0229 0.0132 0.0261
v  0.0229 0.0138 0.0259
v  0.0244 0.0132 0.0236
v  0.0234 0.0157 0.0213
v  0.0218 0.0165 0.0238
v  0.0265 0.0121 0.0205
v  0.0255 0.0148 0.0182
v  0.0288 0.0109 0.0174
v  0.0277 0.0136 0.0153
v  0.0288 0.0103 0.0176
v  0.0311 0.0089 0.0147
v  0.0311 0.0095 0.0145
v  0.0274 0.0064 0.0173
v  0.0295 0.0053 0.0144
v  0.0260 0.0027 0.0165
v  0.0278 0.0016 0.0140
v  0.0242 0.0033 0.0191
v  0.0230 -0.0002 0.0179
v  0.0244 -0.0008 0.0157
v  0.0224 0.0030 0.0212
v  0.0219 0.0001 0.0198
v  0.0212 -0.0015 0.0191
v  0.0222 -0.0017 0.0176
v  0.0202 -0.0032 0.0188
v  0.0189 -0.0047 0.0191
v  0.0193 -0.0056 0.0172
v  0.0213 -0.0032 0.0173
v  0.0172 -0.0061 0.0198
v  0.0171 -0.0075 0.0177
v  0.0157 -0.0072 0.0208
v  0.0151 -0.0088 0.0185
v  0.0144 -0.0080 0.0218
v  0.0134 -0.0086 0.0231
v  0.0124 -0.0091 0.0243
v  0.0118 -0.0095 0.0256
v  0.0094 -0.0115 0.0242
v  0.0111 -0.0097 0.0270
v  0.0089 -0.0116 0.0262
v  0.0108 -0.0097 0.0284
v  0.0088 -0.0115 0.0281
v  0.0057 -0.0134 0.0277
v  0.0022 -0.0148 0.0310
v  0.0019 -0.0148 0.0272
v  0.0058 -0.0135 0.0255
v  0.0019 -0.0148 0.0248
v  -0.0024 -0.0153 0.0269
v  -0.0024 -0.0153 0.0242
v  0.0021 -0.0148 0.0223
v  0.0062 -0.0135 0.0232
v  -0.0023 -0.0153 0.0217
v  -0.0068 -0.0148 0.0238
v  -0.0068 -0.0148 0.0210
v  -0.0020 -0.0155 0.0179
v  -0.0065 -0.0149 0.0169
v  -0.0110 -0.0133 0.0204
v  -0.0108 -0.0133 0.0161
v  -0.0102 -0.0136 0.0119
v  -0.0060 -0.0153 0.0131
v  -0.0144 -0.0107 0.0154
v  -0.0141 -0.0108 0.0109
v  -0.0174 -0.0073 0.0150
v  -0.0172 -0.0074 0.0103
v  -0.0195 -0.0033 0.0146
v  -0.0194 -0.0034 0.0099
v  -0.0209 0.0013 0.0142
v  -0.0209 0.0009 0.0094
v  -0.0193 -0.0036 0.0068
v  -0.0209 0.0006 0.0062
v  -0.0219 0.0054 0.0086
v  -0.0220 0.0047 0.0054
v  -0.0209 0.0000 0.0032
v  -0.0192 -0.0038 0.0038
v  -0.0221 0.0038 0.0022
v  -0.0220 0.0053 0.0051
v  -0.0222 0.0044 0.0021
v  -0.0222 0.0027 -0.0009
v  -0.0209 -0.0007 0.0002
v  -0.0223 0.0033 -0.0010
v  -0.0209 0.0075 0.0010
v  -0.0211 0.0062 -0.0022
v  -0.0224 0.0021 -0.0041
v  -0.0223 0.0016 -0.0039
v  -0.0213 0.0048 -0.0052
v  -0.0189 0.0085 -0.0032
v  -0.0193 0.0069 -0.0063
v  -0.0215 0.0033 -0.0083
v  -0.0224 0.0007 -0.0071
v  -0.0197 0.0052 -0.0094
v  -0.0165 0.0078 -0.0068
v  -0.0172 0.0062 -0.0098
v  -0.0199 0.0033 -0.0124
v  -0.0216 0.0015 -0.0114
v  -0.0176 0.0043 -0.0129
v  -0.0144 0.0062 -0.0100
v  -0.0150 0.0046 -0.0130
v  -0.0176 0.0025 -0.0158
v  -0.0199 0.0014 -0.0154
v  -0.0152 0.0030 -0.0157
v  -0.0126 0.0044 -0.0132
v  -0.0127 0.0030 -0.0157
v  -0.0148 0.0013 -0.0184
v  -0.0172 0.0007 -0.0188
v  -0.0125 0.0015 -0.0181
v  -0.0108 0.0028 -0.0157
v  -0.0107 0.0015 -0.0180
v  -0.0118 0.0001 -0.0205
v  -0.0140 -0.0004 -0.0211
v  -0.0101 0.0003 -0.0198
v  -0.0095 0.0017 -0.0177
v  -0.0090 0.0006 -0.0195
v  -0.0090 -0.0009 -0.0217
v  -0.0107 -0.0013 -0.0227
v  -0.0080 -0.0005 -0.0212
v  -0.0084 0.0009 -0.0195
v  -0.0076 -0.0000 -0.0210
v  -0.0067 -0.0014 -0.0226
v  -0.0078 -0.0020 -0.0234
v  -0.0063 -0.0010 -0.0224
v  -0.0072 0.0002 -0.0209
v  -0.0061 -0.0006 -0.0222
v  -0.0048 -0.0017 -0.0234
v  -0.0052 -0.0023 -0.0238
v  -0.0047 -0.0012 -0.0232
v  -0.0058 0.0003 -0.0223
v  -0.0045 -0.0003 -0.0234
v  -0.0032 -0.0017 -0.0240
v  -0.0033 -0.0023 -0.0241
v  -0.0030 -0.0007 -0.0241
v  -0.0043 0.0003 -0.0235
v  -0.0029 -0.0001 -0.0241
v  -0.0014 -0.0011 -0.0244
v  -0.0016 -0.0021 -0.0244
v  -0.0014 -0.0003 -0.0245
v  -0.0025 0.0003 -0.0234
v  -0.0012 0.0001 -0.0238
v  0.0001 -0.0004 -0.0247
v  0.0001 -0.0013 -0.0247
v  0.0001 0.0000 -0.0239
v  -0.0013 -0.0010 -0.0230
v  -0.0001 -0.0011 -0.0231
v  0.0012 0.0001 -0.0238
v  0.0013 -0.0004 -0.0247
v  0.0010 -0.0012 -0.0231
v  0.0021 -0.0011 -0.0229
v  0.0022 0.0002 -0.0237
v  0.0031 -0.0011 -0.0227
v  0.0031 0.0003 -0.0234
v  0.0079 0.0017 -0.0177
v  0.0077 0.0033 -0.0185
v  0.0076 0.0029 -0.0192
v  0.0077 0.0013 -0.0184
v  0.0080 0.0021 -0.0169
v  0.0078 0.0037 -0.0178
v  -0.0066 0.0040 -0.0151
v  -0.0069 0.0032 -0.0164
v  -0.0071 0.0042 -0.0170
v  -0.0068 0.0049 -0.0157
v  -0.0068 0.0024 -0.0178
v  -0.0070 0.0034 -0.0183
v  -0.0026 -0.0007 -0.0226
v  -0.0038 0.0007 -0.0228
v  -0.0038 -0.0002 -0.0220
v  -0.0050 0.0012 -0.0219
v  -0.0049 0.0003 -0.0212
v  -0.0056 0.0008 -0.0225
v  -0.0067 0.0015 -0.0213
v  -0.0059 0.0018 -0.0209
v  -0.0069 0.0011 -0.0212
v  -0.0077 0.0019 -0.0198
v  -0.0075 0.0023 -0.0199
v  -0.0080 0.0011 -0.0195
v  -0.0085 0.0021 -0.0178
v  -0.0082 0.0028 -0.0182
v  -0.0089 0.0019 -0.0179
v  -0.0090 0.0030 -0.0160
v  -0.0085 0.0031 -0.0161
v  -0.0096 0.0028 -0.0158
v  -0.0092 0.0039 -0.0139
v  -0.0086 0.0040 -0.0143
v  -0.0106 0.0041 -0.0136
v  -0.0098 0.0053 -0.0115
v  -0.0086 0.0050 -0.0120
v  -0.0117 0.0059 -0.0107
v  -0.0106 0.0070 -0.0084
v  -0.0088 0.0063 -0.0095
v  -0.0134 0.0077 -0.0073
v  -0.0075 0.0071 -0.0079
v  -0.0061 0.0077 -0.0067
v  -0.0053 0.0070 -0.0081
v  -0.0064 0.0066 -0.0090
v  -0.0077 0.0058 -0.0104
v  -0.0060 0.0062 -0.0099
v  -0.0070 0.0057 -0.0110
v  -0.0079 0.0049 -0.0125
v  -0.0066 0.0055 -0.0116
v  -0.0075 0.0049 -0.0130
v  -0.0082 0.0040 -0.0145
v  -0.0071 0.0054 -0.0136
v  -0.0078 0.0046 -0.0150
v  -0.0082 0.0037 -0.0166
v  -0.0077 0.0051 -0.0154
v  -0.0080 0.0042 -0.0169
v  -0.0079 0.0033 -0.0184
v  -0.0066 0.0025 -0.0197
v  -0.0064 0.0017 -0.0190
v  -0.0058 0.0009 -0.0202
v  -0.0062 0.0056 -0.0145
v  -0.0061 0.0046 -0.0140
v  -0.0070 0.0059 -0.0140
v  -0.0061 0.0066 -0.0128
v  -0.0054 0.0062 -0.0134
v  -0.0063 0.0062 -0.0123
v  -0.0052 0.0066 -0.0113
v  -0.0051 0.0072 -0.0120
v  -0.0056 0.0061 -0.0104
v  -0.0044 0.0064 -0.0097
v  -0.0041 0.0070 -0.0106
v  -0.0049 0.0065 -0.0092
v  -0.0037 0.0067 -0.0085
v  -0.0033 0.0068 -0.0091
v  -0.0040 0.0074 -0.0073
v  -0.0026 0.0076 -0.0068
v  -0.0024 0.0069 -0.0082
v  -0.0045 0.0079 -0.0061
v  -0.0030 0.0082 -0.0056
v  -0.0016 0.0082 -0.0053
v  -0.0013 0.0077 -0.0065
v  -0.0019 0.0088 -0.0042
v  -0.0001 0.0083 -0.0052
v  0.0000 0.0078 -0.0062
v  -0.0002 0.0088 -0.0040
v  0.0014 0.0089 -0.0038
v  0.0014 0.0083 -0.0050
v  -0.0005 0.0094 -0.0030
v  0.0012 0.0094 -0.0028
v  -0.0021 0.0094 -0.0031
v  -0.0009 0.0098 -0.0021
v  0.0007 0.0098 -0.0018
v  -0.0024 0.0098 -0.0023
v  -0.0010 0.0101 -0.0013
v  0.0002 0.0102 -0.0009
v  -0.0026 0.0102 -0.0013
v  -0.0038 0.0103 -0.0009
v  -0.0048 0.0107 -0.0003
v  -0.0061 0.0110 0.0002
v  -0.0055 0.0111 0.0006
v  -0.0069 0.0116 0.0014
v  -0.0073 0.0119 0.0027
v  -0.0062 0.0119 0.0027
v  -0.0061 0.0115 0.0018
v  -0.0084 0.0117 0.0019
v  -0.0068 0.0108 -0.0005
v  -0.0094 0.0126 0.0047
v  -0.0082 0.0125 0.0042
v  -0.0076 0.0130 0.0057
v  -0.0117 0.0129 0.0055
v  -0.0145 0.0125 0.0059
v  -0.0178 0.0117 0.0068
v  -0.0173 0.0126 0.0119
v  -0.0181 0.0107 0.0034
v  -0.0207 0.0085 0.0042
v  -0.0204 0.0092 0.0076
v  -0.0185 0.0097 0.0000
v  -0.0219 0.0060 0.0084
v  -0.0217 0.0069 0.0135
v  -0.0202 0.0102 0.0127
v  -0.0217 0.0063 0.0136
v  -0.0207 0.0011 0.0191
v  -0.0215 0.0068 0.0186
v  -0.0194 -0.0035 0.0193
v  -0.0192 -0.0037 0.0226
v  -0.0205 0.0005 0.0223
v  -0.0174 -0.0075 0.0197
v  -0.0172 -0.0076 0.0227
v  -0.0145 -0.0108 0.0200
v  -0.0145 -0.0108 0.0230
v  -0.0109 -0.0133 0.0233
v  -0.0108 -0.0134 0.0262
v  -0.0143 -0.0109 0.0261
v  -0.0067 -0.0149 0.0265
v  -0.0064 -0.0150 0.0307
v  -0.0104 -0.0135 0.0306
v  -0.0021 -0.0154 0.0308
v  0.0027 -0.0147 0.0349
v  -0.0017 -0.0154 0.0349
v  0.0030 -0.0146 0.0393
v  -0.0011 -0.0155 0.0392
v  0.0069 -0.0123 0.0398
v  0.0097 -0.0088 0.0407
v  0.0119 -0.0045 0.0422
v  0.0125 -0.0046 0.0379
v  0.0135 -0.0019 0.0392
v  0.0127 -0.0020 0.0429
v  0.0137 0.0015 0.0434
v  0.0140 0.0005 0.0401
v  0.0146 0.0031 0.0410
v  0.0145 0.0008 0.0383
v  0.0149 0.0033 0.0395
v  0.0140 -0.0017 0.0371
v  0.0145 0.0062 0.0443
v  0.0136 0.0058 0.0491
v  0.0127 0.0007 0.0483
v  0.0140 0.0108 0.0494
v  0.0143 0.0154 0.0498
v  0.0129 0.0177 0.0495
v  0.0104 0.0188 0.0488
v  0.0085 0.0193 0.0412
v  0.0076 0.0189 0.0480
v  0.0095 0.0194 0.0360
v  0.0060 0.0187 0.0350
v  0.0051 0.0187 0.0402
v  0.0110 0.0192 0.0310
v  0.0075 0.0185 0.0298
v  0.0130 0.0187 0.0259
v  0.0095 0.0180 0.0245
v  0.0161 0.0188 0.0275
v  0.0176 0.0183 0.0245
v  0.0146 0.0182 0.0227
v  0.0203 0.0172 0.0264
v  0.0193 0.0177 0.0217
v  0.0164 0.0176 0.0196
v  0.0211 0.0170 0.0188
v  0.0183 0.0168 0.0166
v  0.0232 0.0161 0.0159
v  0.0203 0.0159 0.0136
v  0.0253 0.0151 0.0129
v  0.0224 0.0149 0.0107
v  0.0275 0.0140 0.0102
v  0.0246 0.0139 0.0081
v  0.0298 0.0124 0.0125
v  0.0320 0.0111 0.0098
v  0.0297 0.0126 0.0075
v  0.0332 0.0082 0.0119
v  0.0353 0.0068 0.0092
v  0.0341 0.0096 0.0072
v  0.0332 0.0077 0.0121
v  0.0353 0.0063 0.0094
v  0.0314 0.0041 0.0119
v  0.0331 0.0026 0.0093
v  0.0293 0.0004 0.0117
v  0.0308 -0.0010 0.0093
v  0.0269 -0.0033 0.0114
v  0.0282 -0.0047 0.0093
v  0.0257 -0.0020 0.0135
v  0.0232 -0.0053 0.0131
v  0.0242 -0.0068 0.0112
v  0.0223 -0.0041 0.0152
v  0.0198 -0.0068 0.0152
v  0.0171 -0.0091 0.0155
v  0.0145 -0.0106 0.0162
v  0.0254 -0.0081 0.0093
v  0.0270 -0.0096 0.0074
v  0.0296 -0.0061 0.0072
v  0.0246 -0.0128 0.0074
v  0.0264 -0.0143 0.0055
v  0.0286 -0.0112 0.0053
v  0.0226 -0.0157 0.0074
v  0.0247 -0.0170 0.0056
v  0.0212 -0.0183 0.0072
v  0.0234 -0.0194 0.0056
v  0.0202 -0.0209 0.0069
v  0.0177 -0.0204 0.0080
v  0.0149 -0.0203 0.0087
v  0.0171 -0.0232 0.0073
v  0.0195 -0.0233 0.0064
v  0.0144 -0.0232 0.0078
v  0.0122 -0.0202 0.0091
v  0.0117 -0.0232 0.0081
v  0.0143 -0.0263 0.0067
v  0.0168 -0.0260 0.0062
v  0.0115 -0.0262 0.0068
v  0.0089 -0.0229 0.0081
v  0.0087 -0.0259 0.0068
v  0.0113 -0.0294 0.0055
v  0.0142 -0.0292 0.0054
v  0.0082 -0.0289 0.0053
v  0.0058 -0.0253 0.0063
v  0.0054 -0.0280 0.0046
v  0.0090 -0.0283 0.0024
v  0.0114 -0.0286 0.0027
v  0.0063 -0.0276 0.0018
v  0.0028 -0.0267 0.0036
v  0.0042 -0.0265 0.0009
v  0.0030 -0.0244 0.0054
v  0.0004 -0.0231 0.0042
v  0.0005 -0.0251 0.0024
v  0.0022 -0.0253 -0.0002
v  -0.0014 -0.0235 0.0007
v  0.0005 -0.0240 -0.0016
v  -0.0020 -0.0218 0.0025
v  -0.0041 -0.0203 0.0006
v  -0.0030 -0.0220 -0.0011
v  -0.0008 -0.0229 -0.0032
v  -0.0043 -0.0207 -0.0030
v  -0.0019 -0.0217 -0.0050
v  -0.0057 -0.0189 -0.0016
v  -0.0069 -0.0177 -0.0037
v  -0.0052 -0.0195 -0.0050
v  -0.0027 -0.0209 -0.0066
v  -0.0059 -0.0187 -0.0071
v  -0.0032 -0.0202 -0.0082
v  -0.0078 -0.0169 -0.0061
v  -0.0084 -0.0164 -0.0086
v  -0.0063 -0.0181 -0.0093
v  -0.0035 -0.0196 -0.0099
v  -0.0064 -0.0177 -0.0117
v  -0.0036 -0.0192 -0.0119
v  -0.0087 -0.0161 -0.0111
v  -0.0088 -0.0161 -0.0140
v  -0.0060 -0.0177 -0.0141
v  -0.0035 -0.0190 -0.0139
v  -0.0056 -0.0178 -0.0167
v  -0.0031 -0.0189 -0.0160
v  -0.0049 -0.0182 -0.0191
v  -0.0024 -0.0190 -0.0180
v  -0.0040 -0.0185 -0.0209
v  -0.0016 -0.0193 -0.0196
v  -0.0028 -0.0191 -0.0227
v  -0.0008 -0.0197 -0.0211
v  -0.0053 -0.0181 -0.0246
v  -0.0075 -0.0172 -0.0266
v  -0.0034 -0.0190 -0.0265
v  -0.0014 -0.0196 -0.0244
v  -0.0051 -0.0182 -0.0286
v  -0.0092 -0.0161 -0.0288
v  -0.0065 -0.0173 -0.0308
v  -0.0025 -0.0191 -0.0303
v  -0.0012 -0.0198 -0.0281
v  -0.0035 -0.0183 -0.0325
v  -0.0077 -0.0161 -0.0332
v  -0.0044 -0.0171 -0.0348
v  -0.0003 -0.0192 -0.0338
v  0.0004 -0.0199 -0.0316
v  -0.0009 -0.0180 -0.0360
v  -0.0045 -0.0166 -0.0352
v  -0.0009 -0.0175 -0.0363
v  0.0027 -0.0187 -0.0368
v  0.0030 -0.0198 -0.0347
v  0.0027 -0.0182 -0.0372
v  -0.0007 -0.0147 -0.0369
v  0.0029 -0.0153 -0.0377
v  0.0064 -0.0187 -0.0377
v  0.0064 -0.0192 -0.0373
v  0.0065 -0.0157 -0.0383
v  0.0033 -0.0126 -0.0372
v  0.0068 -0.0129 -0.0375
v  0.0102 -0.0160 -0.0382
v  0.0102 -0.0190 -0.0377
v  0.0102 -0.0130 -0.0375
v  0.0070 -0.0106 -0.0357
v  0.0101 -0.0106 -0.0356
v  0.0137 -0.0129 -0.0372
v  0.0139 -0.0159 -0.0379
v  0.0133 -0.0104 -0.0351
v  0.0099 -0.0087 -0.0329
v  0.0127 -0.0087 -0.0324
v  0.0163 -0.0102 -0.0344
v  0.0171 -0.0126 -0.0365
v  0.0154 -0.0083 -0.0316
v  0.0118 -0.0069 -0.0297
v  0.0142 -0.0065 -0.0289
v  0.0179 -0.0078 -0.0306
v  0.0192 -0.0097 -0.0333
v  0.0163 -0.0060 -0.0278
v  0.0121 -0.0050 -0.0264
v  0.0139 -0.0044 -0.0255
v  0.0183 -0.0054 -0.0266
v  0.0203 -0.0072 -0.0292
v  0.0155 -0.0039 -0.0243
v  0.0115 -0.0034 -0.0238
v  0.0128 -0.0028 -0.0229
v  0.0169 -0.0032 -0.0231
v  0.0201 -0.0046 -0.0251
v  0.0140 -0.0023 -0.0218
v  0.0107 -0.0020 -0.0218
v  0.0116 -0.0015 -0.0208
v  0.0149 -0.0017 -0.0207
v  0.0180 -0.0026 -0.0218
v  0.0123 -0.0010 -0.0199
v  0.0098 -0.0010 -0.0202
v  0.0103 -0.0005 -0.0193
v  0.0129 -0.0004 -0.0188
v  0.0156 -0.0010 -0.0195
v  0.0107 -0.0001 -0.0183
v  0.0089 0.0008 -0.0195
v  0.0093 0.0013 -0.0188
v  0.0110 0.0005 -0.0173
v  0.0132 0.0003 -0.0176
v  0.0094 0.0018 -0.0179
v  0.0085 0.0026 -0.0194
v  0.0087 0.0032 -0.0187
v  0.0096 0.0023 -0.0170
v  0.0110 0.0012 -0.0163
v  0.0088 0.0037 -0.0178
v  0.0088 0.0041 -0.0170
v  0.0095 0.0029 -0.0162
v  0.0078 0.0041 -0.0171
v  0.0080 0.0025 -0.0162
v  0.0078 0.0045 -0.0164
v  0.0087 0.0046 -0.0163
v  0.0077 0.0038 -0.0160
v  0.0079 0.0030 -0.0155
v  0.0076 0.0049 -0.0157
v  0.0077 0.0035 -0.0148
v  0.0073 0.0053 -0.0151
v  0.0074 0.0039 -0.0141
v  0.0069 0.0056 -0.0145
v  0.0071 0.0043 -0.0134
v  0.0065 0.0060 -0.0138
v  0.0066 0.0046 -0.0128
v  0.0060 0.0063 -0.0132
v  0.0061 0.0050 -0.0123
v  0.0055 0.0066 -0.0127
v  0.0055 0.0053 -0.0118
v  0.0048 0.0070 -0.0123
v  0.0048 0.0056 -0.0113
v  0.0041 0.0072 -0.0120
v  0.0041 0.0059 -0.0110
v  0.0034 0.0074 -0.0116
v  0.0034 0.0061 -0.0107
v  0.0026 0.0075 -0.0114
v  0.0026 0.0063 -0.0105
v  0.0018 0.0077 -0.0111
v  0.0018 0.0064 -0.0104
v  0.0010 0.0077 -0.0111
v  0.0009 0.0064 -0.0103
v  0.0001 0.0077 -0.0110
v  0.0001 0.0065 -0.0103
v  -0.0008 0.0065 -0.0104
v  -0.0008 0.0077 -0.0111
v  -0.0016 0.0064 -0.0106
v  -0.0017 0.0076 -0.0113
v  -0.0027 0.0062 -0.0110
v  -0.0027 0.0074 -0.0116
v  -0.0036 0.0071 -0.0121
v  -0.0037 0.0059 -0.0115
v  -0.0046 0.0067 -0.0125
v  -0.0046 0.0057 -0.0122
v  -0.0054 0.0052 -0.0129
v  -0.0040 0.0076 -0.0113
v  -0.0030 0.0078 -0.0109
v  -0.0030 0.0073 -0.0102
v  -0.0020 0.0075 -0.0098
v  -0.0019 0.0080 -0.0105
v  -0.0021 0.0070 -0.0087
v  -0.0010 0.0070 -0.0084
v  -0.0009 0.0075 -0.0095
v  -0.0012 0.0070 -0.0079
v  0.0000 0.0071 -0.0077
v  0.0001 0.0071 -0.0083
v  0.0013 0.0071 -0.0075
v  0.0012 0.0070 -0.0082
v  0.0014 0.0077 -0.0062
v  0.0027 0.0077 -0.0062
v  0.0025 0.0069 -0.0077
v  0.0029 0.0082 -0.0050
v  0.0040 0.0076 -0.0063
v  0.0029 0.0088 -0.0037
v  0.0027 0.0094 -0.0025
v  0.0053 0.0073 -0.0066
v  0.0047 0.0069 -0.0078
v  0.0036 0.0067 -0.0079
v  0.0065 0.0070 -0.0071
v  0.0058 0.0066 -0.0081
v  0.0077 0.0066 -0.0075
v  0.0068 0.0063 -0.0086
v  0.0087 0.0071 -0.0064
v  0.0100 0.0067 -0.0071
v  0.0089 0.0063 -0.0081
v  0.0095 0.0077 -0.0055
v  0.0108 0.0072 -0.0061
v  0.0102 0.0081 -0.0046
v  0.0115 0.0077 -0.0053
v  0.0108 0.0085 -0.0039
v  0.0120 0.0082 -0.0044
v  0.0098 0.0089 -0.0033
v  0.0106 0.0093 -0.0026
v  0.0114 0.0089 -0.0032
v  0.0090 0.0093 -0.0025
v  0.0100 0.0097 -0.0019
v  0.0084 0.0097 -0.0017
v  0.0096 0.0100 -0.0011
v  0.0081 0.0101 -0.0009
v  0.0093 0.0103 -0.0005
v  0.0067 0.0100 -0.0011
v  0.0064 0.0104 -0.0001
v  0.0079 0.0105 0.0000
v  0.0063 0.0108 0.0008
v  0.0079 0.0109 0.0010
v  0.0063 0.0112 0.0018
v  0.0080 0.0113 0.0020
v  0.0045 0.0111 0.0017
v  0.0046 0.0115 0.0026
v  0.0028 0.0113 0.0017
v  0.0030 0.0116 0.0024
v  -0.0052 0.0129 0.0059
v  -0.0059 0.0132 0.0064
v  -0.0046 0.0135 0.0076
v  -0.0040 0.0132 0.0069
v  -0.0059 0.0126 0.0048
v  -0.0067 0.0128 0.0052
v  0.0029 0.0122 0.0041
v  0.0045 0.0122 0.0046
v  0.0046 0.0119 0.0035
v  0.0031 0.0118 0.0033
v  0.0027 0.0124 0.0049
v  0.0041 0.0126 0.0056
v  0.0058 0.0129 0.0063
v  0.0033 0.0129 0.0064
v  0.0047 0.0133 0.0074
v  0.0022 0.0128 0.0057
v  0.0023 0.0132 0.0073
v  0.0033 0.0136 0.0083
v  0.0015 0.0130 0.0065
v  0.0011 0.0135 0.0080
v  0.0013 0.0139 0.0093
v  0.0006 0.0132 0.0070
v  -0.0008 0.0137 0.0085
v  -0.0009 0.0141 0.0096
v  -0.0009 0.0134 0.0075
v  -0.0026 0.0136 0.0082
v  -0.0052 0.0137 0.0083
v  -0.0025 0.0140 0.0094
v  -0.0025 0.0134 0.0075
v  -0.0067 0.0134 0.0069
v  0.0023 0.0148 0.0125
v  0.0056 0.0146 0.0112
v  0.0044 0.0140 0.0097
v  0.0016 0.0141 0.0103
v  0.0089 0.0145 0.0107
v  0.0075 0.0141 0.0096
v  0.0061 0.0137 0.0085
v  0.0089 0.0136 0.0080
v  0.0074 0.0132 0.0071
v  0.0105 0.0139 0.0087
v  0.0118 0.0134 0.0073
v  0.0124 0.0142 0.0094
v  0.0124 0.0132 0.0064
v  0.0130 0.0128 0.0056
v  0.0147 0.0129 0.0058
v  0.0091 0.0110 0.0011
v  0.0092 0.0114 0.0020
v  0.0091 0.0107 0.0003
v  0.0198 0.0111 0.0018
v  0.0195 0.0116 0.0028
v  0.0203 0.0116 0.0030
v  0.0208 0.0111 0.0019
v  0.0189 0.0121 0.0038
v  0.0193 0.0123 0.0043
v  0.0218 0.0117 0.0033
v  0.0238 0.0120 0.0040
v  0.0268 0.0127 0.0055
v  0.0319 0.0113 0.0049
v  0.0340 0.0097 0.0024
v  0.0362 0.0080 0.0045
v  0.0379 0.0063 0.0018
v  0.0359 0.0081 -0.0003
v  0.0373 0.0054 0.0065
v  0.0390 0.0036 0.0037
v  0.0372 0.0048 0.0067
v  0.0389 0.0031 0.0038
v  0.0348 0.0012 0.0068
v  0.0363 -0.0004 0.0044
v  0.0322 -0.0025 0.0071
v  0.0337 -0.0040 0.0046
v  0.0311 -0.0077 0.0050
v  0.0324 -0.0094 0.0027
v  0.0351 -0.0058 0.0022
v  0.0299 -0.0130 0.0030
v  0.0279 -0.0161 0.0034
v  0.0263 -0.0184 0.0037
v  0.0273 -0.0201 0.0013
v  0.0250 -0.0205 0.0039
v  0.0260 -0.0217 0.0018
v  0.0259 -0.0231 0.0002
v  0.0270 -0.0221 -0.0011
v  0.0247 -0.0242 0.0014
v  0.0229 -0.0246 -0.0010
v  0.0240 -0.0237 -0.0020
v  0.0232 -0.0253 0.0025
v  0.0217 -0.0255 -0.0001
v  0.0215 -0.0265 0.0035
v  0.0201 -0.0264 0.0008
v  0.0194 -0.0276 0.0044
v  0.0184 -0.0273 0.0015
v  0.0192 -0.0256 0.0055
v  0.0170 -0.0286 0.0051
v  0.0161 -0.0280 0.0022
v  0.0139 -0.0285 0.0026
v  0.0249 -0.0229 -0.0032
v  0.0256 -0.0221 -0.0043
v  0.0263 -0.0213 -0.0057
v  0.0271 -0.0204 -0.0079
v  0.0275 -0.0197 -0.0099
v  0.0300 -0.0185 -0.0095
v  0.0276 -0.0193 -0.0120
v  0.0302 -0.0182 -0.0119
v  0.0275 -0.0190 -0.0140
v  0.0301 -0.0180 -0.0143
v  0.0272 -0.0190 -0.0158
v  0.0297 -0.0181 -0.0167
v  0.0265 -0.0191 -0.0179
v  0.0287 -0.0184 -0.0189
v  0.0255 -0.0193 -0.0199
v  0.0274 -0.0190 -0.0211
v  0.0243 -0.0199 -0.0218
v  0.0258 -0.0196 -0.0232
v  0.0227 -0.0205 -0.0237
v  0.0238 -0.0204 -0.0251
v  0.0207 -0.0212 -0.0254
v  0.0216 -0.0211 -0.0267
v  0.0184 -0.0219 -0.0267
v  0.0190 -0.0218 -0.0281
v  0.0159 -0.0224 -0.0277
v  0.0162 -0.0224 -0.0291
v  0.0131 -0.0227 -0.0282
v  0.0132 -0.0227 -0.0296
v  0.0104 -0.0228 -0.0283
v  0.0102 -0.0226 -0.0297
v  0.0077 -0.0224 -0.0276
v  0.0073 -0.0223 -0.0292
v  0.0055 -0.0218 -0.0266
v  0.0047 -0.0216 -0.0283
v  0.0035 -0.0213 -0.0255
v  0.0024 -0.0210 -0.0271
v  0.0018 -0.0207 -0.0241
v  0.0003 -0.0204 -0.0259
v  0.0003 -0.0201 -0.0226
v  0.0013 -0.0206 -0.0293
v  0.0040 -0.0213 -0.0304
v  0.0034 -0.0207 -0.0326
v  0.0067 -0.0213 -0.0332
v  0.0069 -0.0218 -0.0312
v  0.0065 -0.0204 -0.0353
v  0.0101 -0.0206 -0.0355
v  0.0101 -0.0215 -0.0335
v  0.0101 -0.0195 -0.0374
v  0.0139 -0.0195 -0.0371
v  0.0137 -0.0207 -0.0353
v  0.0139 -0.0190 -0.0374
v  0.0177 -0.0188 -0.0368
v  0.0176 -0.0193 -0.0364
v  0.0175 -0.0156 -0.0373
v  0.0211 -0.0152 -0.0363
v  0.0214 -0.0184 -0.0357
v  0.0204 -0.0122 -0.0355
v  0.0235 -0.0115 -0.0341
v  0.0246 -0.0145 -0.0348
v  0.0220 -0.0091 -0.0319
v  0.0246 -0.0082 -0.0304
v  0.0265 -0.0105 -0.0324
v  0.0225 -0.0064 -0.0277
v  0.0245 -0.0054 -0.0260
v  0.0270 -0.0072 -0.0285
v  0.0215 -0.0038 -0.0236
v  0.0226 -0.0029 -0.0220
v  0.0261 -0.0044 -0.0241
v  0.0189 -0.0019 -0.0206
v  0.0194 -0.0011 -0.0193
v  0.0160 -0.0003 -0.0183
v  0.0195 -0.0003 -0.0181
v  0.0291 -0.0061 -0.0265
v  0.0318 -0.0082 -0.0282
v  0.0293 -0.0095 -0.0304
v  0.0339 -0.0068 -0.0258
v  0.0359 -0.0098 -0.0259
v  0.0336 -0.0112 -0.0285
v  0.0357 -0.0054 -0.0231
v  0.0379 -0.0081 -0.0230
v  0.0372 -0.0039 -0.0205
v  0.0394 -0.0065 -0.0201
v  0.0383 -0.0024 -0.0178
v  0.0405 -0.0048 -0.0170
v  0.0350 -0.0011 -0.0175
v  0.0318 -0.0003 -0.0167
v  0.0359 0.0003 -0.0151
v  0.0390 -0.0007 -0.0148
v  0.0327 0.0009 -0.0147
v  0.0295 0.0005 -0.0158
v  0.0305 0.0014 -0.0141
v  0.0333 0.0022 -0.0124
v  0.0363 0.0019 -0.0124
v  0.0309 0.0025 -0.0122
v  0.0284 0.0020 -0.0134
v  0.0289 0.0028 -0.0119
v  0.0310 0.0037 -0.0102
v  0.0332 0.0036 -0.0100
v  0.0290 0.0037 -0.0103
v  0.0287 0.0047 -0.0086
v  0.0305 0.0049 -0.0081
v  0.0276 0.0039 -0.0103
v  0.0274 0.0046 -0.0091
v  0.0267 0.0054 -0.0079
v  0.0278 0.0057 -0.0071
v  0.0257 0.0059 -0.0069
v  0.0266 0.0065 -0.0059
v  0.0269 0.0025 -0.0127
v  0.0274 0.0031 -0.0116
v  0.0275 0.0013 -0.0145
v  0.0262 0.0020 -0.0136
v  0.0263 0.0009 -0.0154
v  0.0245 0.0006 -0.0160
v  0.0228 0.0005 -0.0163
v  0.0220 0.0012 -0.0153
v  0.0230 0.0012 -0.0151
v  0.0210 0.0014 -0.0152
v  0.0201 0.0015 -0.0150
v  0.0189 0.0020 -0.0144
v  0.0162 0.0027 -0.0132
v  0.0173 0.0030 -0.0127
v  0.0180 0.0024 -0.0136
v  0.0155 0.0036 -0.0120
v  0.0169 0.0036 -0.0117
v  0.0168 0.0043 -0.0106
v  0.0169 0.0050 -0.0096
v  0.0172 0.0053 -0.0087
v  0.0177 0.0057 -0.0081
v  0.0183 0.0061 -0.0074
v  0.0189 0.0064 -0.0069
v  0.0185 0.0076 -0.0048
v  0.0196 0.0065 -0.0065
v  0.0205 0.0067 -0.0062
v  0.0174 0.0086 -0.0033
v  0.0213 0.0068 -0.0060
v  0.0224 0.0068 -0.0059
v  0.0237 0.0074 -0.0045
v  0.0234 0.0067 -0.0060
v  0.0252 0.0071 -0.0050
v  0.0295 0.0061 -0.0063
v  0.0314 0.0064 -0.0054
v  0.0326 0.0050 -0.0077
v  0.0344 0.0067 -0.0043
v  0.0356 0.0051 -0.0070
v  0.0374 0.0064 -0.0030
v  0.0385 0.0046 -0.0059
v  0.0394 0.0045 -0.0012
v  0.0405 0.0026 -0.0043
v  0.0404 0.0019 0.0006
v  0.0415 -0.0001 -0.0025
v  0.0403 0.0013 0.0009
v  0.0414 -0.0006 -0.0022
v  0.0377 -0.0021 0.0016
v  0.0388 -0.0040 -0.0013
v  0.0360 -0.0076 -0.0005
v  0.0365 -0.0095 -0.0033
v  0.0394 -0.0057 -0.0043
v  0.0365 -0.0109 -0.0059
v  0.0397 -0.0074 -0.0073
v  0.0366 -0.0120 -0.0086
v  0.0396 -0.0090 -0.0102
v  0.0334 -0.0156 -0.0088
v  0.0334 -0.0157 -0.0117
v  0.0365 -0.0129 -0.0118
v  0.0332 -0.0162 -0.0146
v  0.0360 -0.0140 -0.0151
v  0.0324 -0.0167 -0.0175
v  0.0349 -0.0153 -0.0184
v  0.0311 -0.0175 -0.0201
v  0.0332 -0.0164 -0.0214
v  0.0294 -0.0182 -0.0226
v  0.0313 -0.0174 -0.0241
v  0.0274 -0.0191 -0.0248
v  0.0290 -0.0184 -0.0264
v  0.0251 -0.0200 -0.0268
v  0.0264 -0.0194 -0.0285
v  0.0226 -0.0207 -0.0285
v  0.0235 -0.0202 -0.0304
v  0.0198 -0.0214 -0.0299
v  0.0204 -0.0209 -0.0318
v  0.0166 -0.0219 -0.0309
v  0.0170 -0.0214 -0.0328
v  0.0134 -0.0222 -0.0315
v  0.0135 -0.0216 -0.0334
v  0.0101 -0.0221 -0.0316
v  0.0173 -0.0204 -0.0346
v  0.0209 -0.0200 -0.0336
v  0.0213 -0.0189 -0.0354
v  0.0249 -0.0183 -0.0340
v  0.0242 -0.0194 -0.0321
v  0.0250 -0.0178 -0.0343
v  0.0284 -0.0169 -0.0325
v  0.0283 -0.0174 -0.0321
v  0.0278 -0.0135 -0.0331
v  0.0308 -0.0124 -0.0309
v  0.0315 -0.0158 -0.0302
v  0.0343 -0.0145 -0.0277
v  0.0342 -0.0150 -0.0274
v  0.0314 -0.0162 -0.0299
v  0.0368 -0.0130 -0.0249
v  0.0367 -0.0135 -0.0246
v  0.0388 -0.0114 -0.0219
v  0.0387 -0.0118 -0.0217
v  0.0404 -0.0096 -0.0188
v  0.0403 -0.0101 -0.0185
v  0.0415 -0.0077 -0.0156
v  0.0415 -0.0083 -0.0153
v  0.0422 -0.0058 -0.0123
v  0.0421 -0.0064 -0.0120
v  0.0412 -0.0030 -0.0138
v  0.0414 -0.0012 -0.0106
v  0.0424 -0.0039 -0.0090
v  0.0393 0.0009 -0.0118
v  0.0391 0.0027 -0.0089
v  0.0412 0.0007 -0.0074
v  0.0362 0.0035 -0.0097
v  0.0422 -0.0020 -0.0057
v  0.0421 -0.0026 -0.0054
v  0.0423 -0.0045 -0.0087
v  0.0391 -0.0106 -0.0134
v  0.0382 -0.0122 -0.0167
v  0.0368 -0.0136 -0.0198
v  0.0351 -0.0150 -0.0228
v  0.0329 -0.0163 -0.0257
v  0.0303 -0.0174 -0.0282
v  0.0274 -0.0184 -0.0303
v  0.0246 0.0064 -0.0063
v  0.0144 0.0026 -0.0136
v  0.0135 0.0034 -0.0125
v  0.0124 0.0026 -0.0140
v  0.0118 0.0033 -0.0130
v  0.0112 0.0039 -0.0121
v  0.0101 0.0030 -0.0135
v  0.0097 0.0036 -0.0127
v  0.0105 0.0044 -0.0112
v  0.0091 0.0042 -0.0120
v  0.0087 0.0045 -0.0138
v  0.0083 0.0050 -0.0131
v  0.0085 0.0046 -0.0112
v  0.0097 0.0050 -0.0104
v  0.0077 0.0054 -0.0124
v  0.0078 0.0059 -0.0140
v  0.0073 0.0063 -0.0133
v  0.0072 0.0059 -0.0118
v  0.0078 0.0051 -0.0107
v  0.0067 0.0066 -0.0127
v  0.0061 0.0071 -0.0122
v  0.0064 0.0062 -0.0112
v  0.0054 0.0074 -0.0116
v  0.0057 0.0066 -0.0107
v  0.0046 0.0076 -0.0112
v  0.0048 0.0069 -0.0103
v  0.0038 0.0078 -0.0109
v  0.0040 0.0071 -0.0099
v  0.0029 0.0080 -0.0106
v  0.0031 0.0073 -0.0097
v  0.0021 0.0081 -0.0103
v  0.0022 0.0075 -0.0094
v  0.0011 0.0082 -0.0103
v  0.0012 0.0076 -0.0095
v  0.0001 0.0082 -0.0102
v  0.0001 0.0076 -0.0094
v  -0.0009 0.0081 -0.0103
v  0.0023 0.0070 -0.0083
v  0.0033 0.0067 -0.0085
v  0.0043 0.0065 -0.0087
v  0.0052 0.0062 -0.0091
v  0.0061 0.0059 -0.0095
v  0.0070 0.0055 -0.0100
v  0.0079 0.0058 -0.0091
v  0.0088 0.0055 -0.0097
v  0.0101 0.0058 -0.0087
v  0.0113 0.0063 -0.0077
v  0.0122 0.0069 -0.0067
v  0.0128 0.0074 -0.0058
v  0.0132 0.0080 -0.0048
v  0.0134 0.0085 -0.0040
v  0.0124 0.0086 -0.0037
v  0.0082 0.0055 -0.0147
v  0.0084 0.0050 -0.0155
v  0.0091 0.0040 -0.0145
v  0.0094 0.0035 -0.0154
v  0.0106 0.0024 -0.0144
v  0.0109 0.0018 -0.0153
v  0.0252 0.0015 -0.0144
v  0.0240 0.0013 -0.0150
v  0.0210 0.0106 0.0008
v  0.0199 0.0106 0.0008
v  0.0179 0.0126 0.0048
v  0.0165 0.0129 0.0055
v  0.0105 0.0149 0.0117
v  0.0127 0.0155 0.0130
v  0.0133 0.0168 0.0178
v  0.0154 0.0161 0.0147
v  0.0113 0.0175 0.0209
v  0.0055 0.0174 0.0235
v  0.0036 0.0178 0.0288
v  0.0011 0.0167 0.0226
v  -0.0005 0.0172 0.0282
v  -0.0040 0.0164 0.0222
v  -0.0049 0.0168 0.0279
v  -0.0033 0.0158 0.0184
v  -0.0084 0.0156 0.0188
v  -0.0087 0.0161 0.0226
v  -0.0129 0.0150 0.0196
v  -0.0130 0.0154 0.0232
v  -0.0168 0.0137 0.0205
v  -0.0168 0.0137 0.0242
v  -0.0169 0.0134 0.0170
v  -0.0199 0.0107 0.0178
v  -0.0197 0.0110 0.0214
v  -0.0216 0.0074 0.0185
v  -0.0214 0.0075 0.0219
v  -0.0211 0.0049 0.0221
v  -0.0209 0.0041 0.0255
v  -0.0212 0.0076 0.0253
v  -0.0202 0.0001 0.0256
v  -0.0198 -0.0004 0.0305
v  -0.0205 0.0035 0.0305
v  -0.0190 -0.0040 0.0257
v  -0.0185 -0.0043 0.0305
v  -0.0170 -0.0077 0.0259
v  -0.0165 -0.0080 0.0306
v  -0.0138 -0.0111 0.0305
v  -0.0098 -0.0138 0.0350
v  -0.0132 -0.0114 0.0351
v  -0.0059 -0.0152 0.0350
v  -0.0053 -0.0153 0.0393
v  -0.0091 -0.0139 0.0395
v  -0.0004 -0.0155 0.0451
v  -0.0043 -0.0153 0.0452
v  0.0035 -0.0143 0.0453
v  0.0068 -0.0119 0.0458
v  0.0094 -0.0084 0.0465
v  0.0113 -0.0041 0.0474
v  0.0120 0.0006 0.0534
v  0.0109 -0.0039 0.0527
v  0.0127 0.0052 0.0542
v  0.0130 0.0098 0.0550
v  0.0131 0.0142 0.0556
v  0.0118 0.0164 0.0556
v  0.0096 0.0177 0.0553
v  0.0070 0.0180 0.0545
v  0.0044 0.0183 0.0472
v  0.0039 0.0176 0.0537
v  0.0015 0.0180 0.0396
v  0.0009 0.0177 0.0465
v  -0.0022 0.0175 0.0391
v  -0.0027 0.0171 0.0461
v  0.0023 0.0180 0.0342
v  -0.0016 0.0175 0.0337
v  -0.0056 0.0171 0.0336
v  -0.0092 0.0164 0.0282
v  -0.0096 0.0165 0.0339
v  -0.0132 0.0155 0.0289
v  -0.0168 0.0137 0.0296
v  -0.0196 0.0110 0.0249
v  -0.0194 0.0108 0.0303
v  -0.0209 0.0073 0.0305
v  -0.0201 0.0031 0.0355
v  -0.0205 0.0069 0.0357
v  -0.0193 -0.0008 0.0354
v  -0.0179 -0.0047 0.0353
v  -0.0159 -0.0083 0.0352
v  -0.0152 -0.0087 0.0398
v  -0.0173 -0.0052 0.0400
v  -0.0125 -0.0116 0.0396
v  -0.0114 -0.0120 0.0456
v  -0.0142 -0.0092 0.0458
v  -0.0081 -0.0141 0.0453
v  -0.0034 -0.0153 0.0511
v  -0.0070 -0.0143 0.0513
v  0.0004 -0.0153 0.0511
v  0.0040 -0.0139 0.0513
v  0.0070 -0.0113 0.0516
v  0.0093 -0.0079 0.0520
v  0.0104 -0.0038 0.0581
v  0.0090 -0.0075 0.0576
v  0.0113 0.0002 0.0586
v  0.0119 0.0044 0.0595
v  0.0121 0.0086 0.0604
v  0.0121 0.0126 0.0614
v  0.0109 0.0147 0.0617
v  0.0089 0.0161 0.0615
v  0.0063 0.0165 0.0608
v  0.0035 0.0165 0.0600
v  0.0004 0.0171 0.0530
v  0.0002 0.0160 0.0593
v  -0.0031 0.0165 0.0527
v  -0.0064 0.0167 0.0461
v  -0.0067 0.0159 0.0529
v  -0.0060 0.0170 0.0390
v  -0.0098 0.0164 0.0394
v  -0.0100 0.0159 0.0465
v  -0.0134 0.0154 0.0344
v  -0.0134 0.0151 0.0399
v  -0.0167 0.0134 0.0351
v  -0.0165 0.0128 0.0405
v  -0.0191 0.0104 0.0356
v  -0.0187 0.0097 0.0408
v  -0.0200 0.0063 0.0408
v  -0.0195 0.0024 0.0405
v  -0.0186 -0.0014 0.0402
v  -0.0162 -0.0059 0.0461
v  -0.0176 -0.0022 0.0465
v  -0.0130 -0.0097 0.0519
v  -0.0150 -0.0066 0.0522
v  -0.0103 -0.0124 0.0516
v  -0.0059 -0.0143 0.0572
v  -0.0090 -0.0125 0.0575
v  -0.0025 -0.0151 0.0571
v  0.0011 -0.0149 0.0571
v  0.0043 -0.0133 0.0571
v  0.0070 -0.0108 0.0573
v  0.0085 -0.0072 0.0632
v  0.0068 -0.0102 0.0629
v  0.0097 -0.0038 0.0634
v  0.0105 -0.0002 0.0640
v  0.0110 0.0034 0.0648
v  0.0111 0.0070 0.0658
v  0.0111 0.0105 0.0670
v  0.0099 0.0125 0.0674
v  0.0081 0.0139 0.0674
v  0.0057 0.0146 0.0669
v  0.0030 0.0149 0.0661
v  0.0001 0.0146 0.0653
v  -0.0032 0.0154 0.0590
v  -0.0029 0.0140 0.0651
v  -0.0066 0.0146 0.0595
v  -0.0101 0.0148 0.0534
v  -0.0097 0.0133 0.0601
v  -0.0134 0.0142 0.0470
v  -0.0131 0.0130 0.0538
v  -0.0162 0.0118 0.0474
v  -0.0155 0.0105 0.0541
v  -0.0180 0.0086 0.0477
v  -0.0190 0.0051 0.0475
v  -0.0185 0.0014 0.0470
v  -0.0173 0.0003 0.0533
v  -0.0177 0.0038 0.0539
v  -0.0164 -0.0032 0.0527
v  -0.0136 -0.0073 0.0582
v  -0.0150 -0.0042 0.0588
v  -0.0116 -0.0101 0.0578
v  -0.0076 -0.0125 0.0635
v  -0.0101 -0.0104 0.0638
v  -0.0048 -0.0140 0.0632
v  -0.0016 -0.0146 0.0631
v  0.0017 -0.0142 0.0629
v  0.0046 -0.0126 0.0629
v  0.0066 -0.0097 0.0672
v  0.0046 -0.0120 0.0673
v  0.0081 -0.0069 0.0673
v  0.0075 -0.0066 0.0715
v  0.0062 -0.0091 0.0715
v  0.0092 -0.0040 0.0675
v  0.0084 -0.0041 0.0715
v  0.0098 -0.0008 0.0680
v  0.0090 -0.0013 0.0719
v  0.0102 0.0024 0.0687
v  0.0093 0.0013 0.0726
v  0.0103 0.0055 0.0698
v  0.0093 0.0039 0.0735
v  0.0102 0.0086 0.0710
v  0.0092 0.0065 0.0748
v  0.0091 0.0106 0.0715
v  0.0082 0.0083 0.0754
v  0.0074 0.0120 0.0716
v  0.0067 0.0098 0.0756
v  0.0052 0.0129 0.0712
v  0.0048 0.0110 0.0754
v  0.0027 0.0134 0.0706
v  0.0026 0.0115 0.0750
v  0.0001 0.0133 0.0698
v  0.0003 0.0115 0.0745
v  -0.0024 0.0128 0.0698
v  -0.0019 0.0110 0.0743
v  -0.0059 0.0130 0.0658
v  -0.0051 0.0117 0.0703
v  -0.0086 0.0116 0.0665
v  -0.0124 0.0114 0.0606
v  -0.0109 0.0094 0.0669
v  -0.0143 0.0088 0.0609
v  -0.0170 0.0073 0.0542
v  -0.0155 0.0057 0.0607
v  -0.0162 0.0024 0.0601
v  -0.0158 -0.0009 0.0594
v  -0.0133 -0.0050 0.0647
v  -0.0140 -0.0021 0.0654
v  -0.0120 -0.0078 0.0642
v  -0.0088 -0.0105 0.0682
v  -0.0106 -0.0082 0.0687
v  -0.0065 -0.0124 0.0679
v  -0.0053 -0.0120 0.0724
v  -0.0073 -0.0104 0.0728
v  -0.0038 -0.0137 0.0676
v  -0.0029 -0.0131 0.0722
v  -0.0009 -0.0141 0.0675
v  -0.0003 -0.0134 0.0720
v  0.0020 -0.0136 0.0674
v  0.0023 -0.0128 0.0719
v  0.0045 -0.0112 0.0717
v  0.0058 -0.0082 0.0758
v  0.0044 -0.0101 0.0761
v  0.0082 0.0001 0.0763
v  0.0082 0.0020 0.0771
v  0.0080 0.0039 0.0782
v  0.0072 0.0058 0.0790
v  0.0060 0.0074 0.0794
v  0.0043 0.0086 0.0795
v  0.0025 0.0093 0.0793
v  0.0006 0.0094 0.0790
v  -0.0042 0.0100 0.0746
v  -0.0075 0.0101 0.0709
v  -0.0063 0.0084 0.0750
v  -0.0096 0.0079 0.0713
v  -0.0081 0.0064 0.0753
v  -0.0126 0.0069 0.0669
v  -0.0111 0.0054 0.0713
v  -0.0136 0.0039 0.0666
v  -0.0143 0.0009 0.0661
v  -0.0124 -0.0030 0.0698
v  -0.0127 -0.0003 0.0705
v  -0.0118 -0.0057 0.0692
v  -0.0100 -0.0061 0.0736
v  -0.0105 -0.0038 0.0741
v  -0.0089 -0.0084 0.0731
v  -0.0020 -0.0121 0.0770
v  0.0003 -0.0121 0.0768
v  0.0025 -0.0115 0.0765
v  0.0026 -0.0102 0.0797
v  0.0005 -0.0109 0.0801
v  0.0043 -0.0087 0.0793
v  0.0041 -0.0070 0.0817
v  0.0026 -0.0084 0.0825
v  0.0055 -0.0070 0.0789
v  0.0053 -0.0054 0.0811
v  0.0051 -0.0039 0.0823
v  0.0040 -0.0053 0.0833
v  0.0061 -0.0026 0.0811
v  0.0061 -0.0011 0.0817
v  0.0051 -0.0024 0.0831
v  0.0072 -0.0012 0.0790
v  0.0072 0.0004 0.0795
v  0.0071 0.0022 0.0804
v  0.0061 0.0004 0.0823
v  0.0064 0.0039 0.0812
v  0.0054 0.0022 0.0829
v  0.0052 0.0055 0.0818
v  0.0043 0.0037 0.0836
v  0.0037 0.0067 0.0820
v  0.0030 0.0046 0.0840
v  0.0021 0.0072 0.0821
v  0.0014 0.0051 0.0841
v  0.0005 0.0073 0.0819
v  -0.0003 0.0051 0.0839
v  -0.0012 0.0033 0.0847
v  0.0006 0.0032 0.0852
v  -0.0029 0.0035 0.0837
v  -0.0038 0.0014 0.0837
v  -0.0019 0.0012 0.0851
v  -0.0047 0.0040 0.0816
v  -0.0057 0.0019 0.0815
v  -0.0063 0.0049 0.0791
v  -0.0074 0.0027 0.0790
v  -0.0093 0.0039 0.0752
v  -0.0120 0.0025 0.0709
v  -0.0102 0.0013 0.0750
v  -0.0107 -0.0013 0.0747
v  -0.0083 -0.0044 0.0783
v  -0.0085 -0.0023 0.0786
v  -0.0078 -0.0065 0.0780
v  -0.0059 -0.0066 0.0808
v  -0.0064 -0.0049 0.0810
v  -0.0038 -0.0069 0.0831
v  -0.0042 -0.0051 0.0833
v  -0.0017 -0.0071 0.0843
v  -0.0020 -0.0053 0.0848
v  -0.0015 -0.0089 0.0830
v  0.0006 -0.0091 0.0830
v  0.0004 -0.0072 0.0847
v  -0.0015 -0.0108 0.0803
v  0.0025 -0.0065 0.0842
v  0.0022 -0.0046 0.0852
v  0.0002 -0.0052 0.0856
v  0.0038 -0.0035 0.0843
v  0.0036 -0.0019 0.0849
v  0.0019 -0.0028 0.0857
v  0.0049 -0.0008 0.0837
v  -0.0003 -0.0011 0.0861
v  -0.0002 -0.0034 0.0859
v  0.0000 0.0012 0.0858
v  -0.0023 -0.0011 0.0853
v  -0.0022 -0.0035 0.0851
v  -0.0043 -0.0009 0.0837
v  -0.0044 -0.0034 0.0835
v  -0.0064 -0.0004 0.0814
v  -0.0066 -0.0029 0.0811
v  -0.0081 0.0002 0.0789
v  0.0073 0.0024 -0.0199
v  0.0074 0.0009 -0.0191
v  0.0082 0.0022 -0.0201
v  0.0078 0.0018 -0.0209
v  0.0070 0.0020 -0.0205
v  0.0085 0.0004 -0.0203
v  0.0080 0.0000 -0.0211
v  0.0073 0.0014 -0.0215
v  0.0091 -0.0014 -0.0210
v  0.0084 -0.0018 -0.0218
v  0.0074 -0.0003 -0.0218
v  0.0098 -0.0024 -0.0227
v  0.0086 -0.0028 -0.0234
v  0.0075 -0.0021 -0.0226
v  0.0101 -0.0037 -0.0246
v  0.0086 -0.0040 -0.0253
v  0.0074 -0.0031 -0.0241
v  0.0102 -0.0054 -0.0273
v  0.0082 -0.0055 -0.0278
v  0.0070 -0.0042 -0.0259
v  0.0094 -0.0071 -0.0303
v  0.0069 -0.0072 -0.0306
v  0.0062 -0.0056 -0.0281
v  0.0071 -0.0088 -0.0332
v  0.0043 -0.0086 -0.0331
v  0.0044 -0.0071 -0.0307
v  0.0039 -0.0103 -0.0355
v  0.0007 -0.0098 -0.0350
v  0.0015 -0.0082 -0.0328
v  -0.0001 -0.0120 -0.0365
v  -0.0034 -0.0112 -0.0354
v  -0.0024 -0.0092 -0.0341
v  -0.0041 -0.0138 -0.0358
v  -0.0074 -0.0129 -0.0343
v  -0.0065 -0.0104 -0.0340
v  -0.0078 -0.0155 -0.0335
v  -0.0109 -0.0142 -0.0316
v  -0.0104 -0.0116 -0.0323
v  -0.0108 -0.0147 -0.0313
v  -0.0137 -0.0132 -0.0290
v  -0.0137 -0.0126 -0.0293
v  -0.0163 -0.0115 -0.0263
v  -0.0164 -0.0110 -0.0266
v  -0.0185 -0.0094 -0.0231
v  -0.0186 -0.0090 -0.0233
v  -0.0203 -0.0073 -0.0197
v  -0.0204 -0.0068 -0.0201
v  -0.0188 -0.0086 -0.0178
v  -0.0201 -0.0066 -0.0147
v  -0.0216 -0.0052 -0.0163
v  -0.0208 -0.0048 -0.0115
v  -0.0222 -0.0033 -0.0130
v  -0.0210 -0.0035 -0.0086
v  -0.0224 -0.0015 -0.0098
v  -0.0193 -0.0057 -0.0077
v  -0.0192 -0.0051 -0.0048
v  -0.0209 -0.0024 -0.0058
v  -0.0173 -0.0080 -0.0071
v  -0.0170 -0.0078 -0.0043
v  -0.0151 -0.0103 -0.0074
v  -0.0148 -0.0101 -0.0045
v  -0.0131 -0.0123 -0.0087
v  -0.0125 -0.0124 -0.0057
v  -0.0137 -0.0123 -0.0119
v  -0.0114 -0.0142 -0.0133
v  -0.0110 -0.0143 -0.0101
v  -0.0104 -0.0146 -0.0073
v  -0.0096 -0.0151 -0.0047
v  -0.0118 -0.0128 -0.0030
v  -0.0086 -0.0158 -0.0023
v  -0.0072 -0.0168 0.0000
v  -0.0052 -0.0183 0.0023
v  -0.0028 -0.0197 0.0042
v  -0.0036 -0.0178 0.0061
v  0.0000 -0.0210 0.0059
v  -0.0004 -0.0190 0.0076
v  0.0030 -0.0219 0.0070
v  0.0030 -0.0197 0.0087
v  0.0060 -0.0226 0.0077
v  0.0062 -0.0201 0.0093
v  0.0092 -0.0202 0.0094
v  0.0096 -0.0175 0.0108
v  0.0064 -0.0178 0.0110
v  0.0102 -0.0152 0.0127
v  0.0067 -0.0159 0.0130
v  0.0028 -0.0164 0.0127
v  0.0029 -0.0178 0.0106
v  -0.0013 -0.0165 0.0118
v  -0.0008 -0.0174 0.0096
v  -0.0016 -0.0159 0.0142
v  -0.0054 -0.0157 0.0106
v  -0.0046 -0.0165 0.0082
v  -0.0143 -0.0103 -0.0016
v  -0.0168 -0.0076 -0.0014
v  -0.0191 -0.0042 0.0010
v  -0.0191 -0.0045 -0.0019
v  -0.0209 -0.0015 -0.0027
v  -0.0224 0.0001 -0.0068
v  -0.0224 -0.0010 -0.0101
v  -0.0223 -0.0028 -0.0133
v  -0.0214 -0.0005 -0.0146
v  -0.0208 -0.0025 -0.0179
v  -0.0216 -0.0048 -0.0166
v  -0.0193 -0.0006 -0.0186
v  -0.0182 -0.0025 -0.0218
v  -0.0197 -0.0045 -0.0212
v  -0.0162 -0.0011 -0.0218
v  -0.0148 -0.0029 -0.0245
v  -0.0166 -0.0044 -0.0248
v  -0.0127 -0.0020 -0.0237
v  -0.0110 -0.0035 -0.0260
v  -0.0128 -0.0045 -0.0271
v  -0.0092 -0.0027 -0.0247
v  -0.0074 -0.0038 -0.0264
v  -0.0089 -0.0048 -0.0281
v  -0.0061 -0.0030 -0.0250
v  -0.0043 -0.0037 -0.0260
v  -0.0052 -0.0048 -0.0278
v  -0.0035 -0.0029 -0.0246
v  -0.0018 -0.0034 -0.0253
v  -0.0023 -0.0044 -0.0270
v  -0.0016 -0.0026 -0.0246
v  0.0001 -0.0031 -0.0249
v  0.0000 -0.0038 -0.0258
v  0.0000 -0.0023 -0.0246
v  0.0015 -0.0025 -0.0245
v  0.0015 -0.0033 -0.0249
v  0.0014 -0.0013 -0.0245
v  0.0026 -0.0013 -0.0243
v  0.0028 -0.0026 -0.0243
v  0.0025 -0.0003 -0.0244
v  0.0035 -0.0001 -0.0242
v  0.0037 -0.0012 -0.0240
v  0.0040 0.0005 -0.0231
v  0.0045 0.0001 -0.0238
v  0.0039 -0.0009 -0.0223
v  0.0047 -0.0007 -0.0220
v  0.0047 0.0007 -0.0227
v  0.0054 -0.0005 -0.0214
v  0.0054 0.0010 -0.0222
v  0.0060 -0.0002 -0.0209
v  0.0060 0.0013 -0.0217
v  0.0066 0.0002 -0.0203
v  0.0065 0.0017 -0.0211
v  0.0071 0.0005 -0.0197
v  0.0068 0.0010 -0.0222
v  0.0061 0.0007 -0.0228
v  0.0066 -0.0006 -0.0225
v  0.0058 -0.0008 -0.0231
v  0.0053 0.0004 -0.0233
v  0.0065 -0.0023 -0.0232
v  0.0053 -0.0025 -0.0237
v  0.0048 -0.0011 -0.0236
v  0.0061 -0.0033 -0.0244
v  0.0045 -0.0034 -0.0246
v  0.0041 -0.0026 -0.0240
v  0.0053 -0.0043 -0.0260
v  0.0035 -0.0043 -0.0262
v  0.0031 -0.0033 -0.0248
v  0.0041 -0.0055 -0.0281
v  0.0019 -0.0052 -0.0280
v  0.0017 -0.0041 -0.0261
v  0.0019 -0.0067 -0.0304
v  -0.0006 -0.0063 -0.0299
v  -0.0002 -0.0049 -0.0277
v  -0.0014 -0.0077 -0.0321
v  -0.0040 -0.0068 -0.0310
v  -0.0029 -0.0056 -0.0290
v  -0.0053 -0.0082 -0.0329
v  -0.0080 -0.0072 -0.0313
v  -0.0065 -0.0059 -0.0297
v  -0.0094 -0.0091 -0.0322
v  -0.0121 -0.0078 -0.0301
v  -0.0106 -0.0060 -0.0293
v  -0.0132 -0.0102 -0.0300
v  -0.0158 -0.0085 -0.0274
v  -0.0146 -0.0062 -0.0276
v  -0.0180 -0.0065 -0.0244
v  0.0190 0.0093 -0.0019
v  0.0151 0.0060 0.0412
v  0.0154 0.0057 0.0397
v  0.0132 -0.0041 0.0359
v  -0.0062 0.0122 0.0037
v  -0.0071 0.0124 0.0039
v  0.0276 0.0024 -0.0095
v  0.0274 0.0031 -0.0082
v  0.0267 0.0039 -0.0070
v  0.0257 0.0046 -0.0061
v  0.0246 0.0049 -0.0055
v  0.0274 0.0016 -0.0108
v  0.0269 0.0010 -0.0119
v  0.0262 0.0005 -0.0128
v  0.0230 -0.0002 -0.0143
v  0.0240 -0.0002 -0.0141
v  0.0210 -0.0001 -0.0144
v  0.0220 -0.0002 -0.0144
v  0.0189 0.0005 -0.0136
v  0.0201 0.0000 -0.0141
v  0.0173 0.0016 -0.0119
v  0.0180 0.0010 -0.0128
v  0.0169 0.0023 -0.0109
v  0.0168 0.0029 -0.0098
v  0.0169 0.0035 -0.0087
v  0.0172 0.0040 -0.0079
v  0.0177 0.0044 -0.0073
v  0.0183 0.0046 -0.0066
v  0.0189 0.0049 -0.0061
v  0.0196 0.0051 -0.0057
v  0.0205 0.0052 -0.0053
v  0.0213 0.0053 -0.0052
v  0.0224 0.0053 -0.0050
v  0.0234 0.0052 -0.0052
v  0.0252 0.0001 -0.0136
v  0.0155 0.0064 -0.0028
v  0.0165 0.0064 -0.0024
v  0.0144 0.0063 -0.0028
v  0.0103 0.0102 0.0051
v  0.0096 0.0098 0.0040
v  0.0115 0.0106 0.0061
v  0.0106 0.0073 -0.0014
v  0.0114 0.0069 -0.0020
v  0.0100 0.0077 -0.0007
v  0.0096 0.0080 0.0000
v  0.0093 0.0083 0.0006
v  0.0130 0.0108 0.0068
v  0.0147 0.0109 0.0070
v  0.0165 0.0109 0.0066
v  0.0179 0.0106 0.0059
v  0.0092 0.0094 0.0031
v  0.0091 0.0091 0.0023
v  0.0091 0.0087 0.0014
v  0.0198 0.0091 0.0029
v  0.0195 0.0096 0.0039
v  0.0189 0.0101 0.0049
v  0.0174 0.0066 -0.0021
v  0.0183 0.0069 -0.0014
v  0.0134 0.0065 -0.0028
v  0.0124 0.0066 -0.0025
v  0.0196 0.0078 0.0003
v  0.0199 0.0086 0.0019
v  0.0190 0.0073 -0.0008
v  0.0012 0.0092 0.0003
v  0.0019 0.0093 0.0010
v  0.0025 0.0096 0.0017
v  -0.0010 0.0088 -0.0006
v  0.0002 0.0089 -0.0002
v  -0.0026 0.0089 -0.0005
v  -0.0038 0.0090 -0.0001
v  -0.0055 0.0098 0.0014
v  -0.0048 0.0094 0.0005
v  -0.0062 0.0106 0.0035
v  -0.0061 0.0102 0.0025
v  0.0028 0.0100 0.0024
v  0.0030 0.0103 0.0032
v  -0.0059 0.0113 0.0056
v  -0.0062 0.0109 0.0045
v  -0.0040 0.0119 0.0077
v  -0.0052 0.0116 0.0067
v  -0.0025 0.0121 0.0083
v  0.0015 0.0117 0.0072
v  0.0006 0.0119 0.0078
v  -0.0009 0.0121 0.0083
v  0.0022 0.0115 0.0064
v  0.0031 0.0105 0.0041
v  0.0029 0.0109 0.0048
v  0.0027 0.0111 0.0057
v  0.0120 -0.0090 -0.0097
v  0.0074 0.0047 0.0261
v  -0.0012 0.0104 0.0037
v  0.0142 0.0085 0.0015
v  0.0218 0.0026 -0.0096
v  -0.0025 0.0005 -0.0234
v  -0.0021 0.0009 -0.0226
v  -0.0010 0.0007 -0.0229
v  -0.0012 0.0003 -0.0237
v  0.0001 0.0007 -0.0230
v  0.0001 0.0002 -0.0239
v  0.0011 0.0007 -0.0230
v  0.0012 0.0002 -0.0238
v  -0.0032 0.0013 -0.0221
v  -0.0038 0.0008 -0.0228
v  -0.0049 0.0014 -0.0219
v  -0.0042 0.0017 -0.0214
v  -0.0058 0.0020 -0.0209
v  -0.0050 0.0023 -0.0205
v  -0.0070 0.0043 -0.0170
v  -0.0060 0.0042 -0.0171
v  -0.0060 0.0035 -0.0183
v  -0.0069 0.0035 -0.0184
v  -0.0056 0.0029 -0.0194
v  -0.0065 0.0027 -0.0197
v  -0.0067 0.0050 -0.0157
v  -0.0061 0.0058 -0.0146
v  -0.0053 0.0056 -0.0150
v  -0.0058 0.0049 -0.0160
v  -0.0053 0.0064 -0.0135
v  -0.0046 0.0061 -0.0140
v  0.0077 0.0034 -0.0186
v  0.0067 0.0034 -0.0185
v  0.0068 0.0038 -0.0179
v  0.0078 0.0038 -0.0179
v  0.0068 0.0041 -0.0173
v  0.0077 0.0042 -0.0172
v  0.0067 0.0045 -0.0166
v  0.0077 0.0046 -0.0165
v  -0.0044 0.0069 -0.0126
v  -0.0035 0.0072 -0.0121
v  -0.0030 0.0068 -0.0129
v  -0.0039 0.0065 -0.0133
v  -0.0026 0.0075 -0.0117
v  -0.0022 0.0070 -0.0125
v  0.0065 0.0062 -0.0139
v  0.0057 0.0059 -0.0145
v  0.0052 0.0062 -0.0139
v  0.0060 0.0065 -0.0134
v  0.0047 0.0064 -0.0135
v  0.0054 0.0068 -0.0129
v  0.0042 0.0067 -0.0131
v  0.0048 0.0071 -0.0124
v  0.0036 0.0068 -0.0128
v  0.0041 0.0073 -0.0120
v  0.0030 0.0070 -0.0125
v  0.0034 0.0075 -0.0117
v  0.0023 0.0071 -0.0123
v  0.0026 0.0076 -0.0115
v  0.0016 0.0072 -0.0121
v  0.0019 0.0077 -0.0113
v  0.0010 0.0078 -0.0112
v  0.0009 0.0073 -0.0120
v  0.0001 0.0073 -0.0120
v  0.0002 0.0078 -0.0112
v  -0.0006 0.0072 -0.0121
v  -0.0007 0.0077 -0.0113
v  -0.0014 0.0072 -0.0122
v  -0.0016 0.0076 -0.0114
v  0.0072 0.0055 -0.0152
v  0.0063 0.0053 -0.0155
v  0.0060 0.0056 -0.0150
v  0.0069 0.0058 -0.0146
v  0.0075 0.0050 -0.0158
v  0.0065 0.0048 -0.0161
v  0.0066 0.0031 -0.0191
v  0.0075 0.0030 -0.0193
v  0.0072 0.0026 -0.0199
v  0.0063 0.0028 -0.0196
v  0.0069 0.0022 -0.0206
v  0.0060 0.0025 -0.0201
v  0.0019 0.0008 -0.0229
v  0.0022 0.0003 -0.0236
v  0.0027 0.0009 -0.0227
v  0.0031 0.0005 -0.0234
v  0.0035 0.0011 -0.0223
v  0.0040 0.0006 -0.0231
v  0.0057 0.0022 -0.0206
v  0.0065 0.0019 -0.0212
v  0.0060 0.0016 -0.0217
v  0.0052 0.0019 -0.0212
v  0.0054 0.0013 -0.0222
v  0.0047 0.0016 -0.0216
v  0.0041 0.0014 -0.0220
v  0.0047 0.0009 -0.0226
v  -0.0021 0.0001 -0.0221
v  -0.0010 -0.0001 -0.0225
v  -0.0012 -0.0005 -0.0233
v  -0.0025 -0.0003 -0.0229
v  0.0001 -0.0006 -0.0234
v  0.0001 -0.0001 -0.0226
v  0.0012 -0.0006 -0.0234
v  0.0011 -0.0001 -0.0226
v  -0.0042 0.0009 -0.0210
v  -0.0032 0.0004 -0.0216
v  -0.0038 0.0000 -0.0223
v  -0.0049 0.0005 -0.0214
v  -0.0050 0.0015 -0.0200
v  -0.0058 0.0012 -0.0205
v  -0.0060 0.0034 -0.0166
v  -0.0060 0.0027 -0.0179
v  -0.0069 0.0027 -0.0179
v  -0.0070 0.0035 -0.0166
v  -0.0065 0.0019 -0.0192
v  -0.0056 0.0021 -0.0190
v  -0.0053 0.0048 -0.0145
v  -0.0058 0.0041 -0.0155
v  -0.0067 0.0042 -0.0153
v  -0.0061 0.0050 -0.0141
v  -0.0046 0.0053 -0.0136
v  -0.0053 0.0056 -0.0131
v  0.0067 0.0026 -0.0180
v  0.0068 0.0030 -0.0174
v  0.0078 0.0030 -0.0174
v  0.0077 0.0026 -0.0181
v  0.0077 0.0034 -0.0167
v  0.0068 0.0033 -0.0168
v  0.0067 0.0037 -0.0161
v  -0.0030 0.0060 -0.0125
v  -0.0039 0.0057 -0.0129
v  -0.0044 0.0061 -0.0122
v  -0.0035 0.0064 -0.0117
v  -0.0022 0.0062 -0.0120
v  -0.0026 0.0067 -0.0112
v  0.0057 0.0051 -0.0140
v  0.0052 0.0054 -0.0135
v  0.0060 0.0057 -0.0130
v  0.0065 0.0054 -0.0135
v  0.0054 0.0060 -0.0125
v  0.0047 0.0056 -0.0131
v  0.0048 0.0063 -0.0119
v  0.0042 0.0059 -0.0126
v  0.0041 0.0065 -0.0116
v  0.0036 0.0060 -0.0124
v  0.0034 0.0067 -0.0112
v  0.0030 0.0062 -0.0120
v  0.0026 0.0068 -0.0111
v  0.0023 0.0063 -0.0118
v  0.0019 0.0069 -0.0108
v  0.0016 0.0064 -0.0117
v  0.0002 0.0070 -0.0107
v  0.0010 0.0070 -0.0107
v  0.0009 0.0065 -0.0116
v  0.0001 0.0065 -0.0115
v  -0.0007 0.0069 -0.0108
v  -0.0006 0.0064 -0.0117
v  -0.0016 0.0068 -0.0110
v  -0.0014 0.0064 -0.0118
v  0.0063 0.0044 -0.0150
v  0.0060 0.0048 -0.0145
v  0.0069 0.0050 -0.0141
v  0.0072 0.0046 -0.0147
v  0.0065 0.0040 -0.0156
v  0.0075 0.0042 -0.0153
v  0.0063 0.0020 -0.0192
v  0.0066 0.0023 -0.0186
v  0.0075 0.0022 -0.0188
v  0.0072 0.0018 -0.0194
v  0.0060 0.0017 -0.0197
v  0.0069 0.0014 -0.0201
v  0.0019 -0.0000 -0.0224
v  0.0022 -0.0005 -0.0232
v  0.0031 -0.0003 -0.0229
v  0.0027 0.0001 -0.0222
v  0.0040 -0.0002 -0.0227
v  0.0035 0.0003 -0.0219
v  0.0052 0.0011 -0.0207
v  0.0057 0.0014 -0.0202
v  0.0065 0.0011 -0.0207
v  0.0060 0.0008 -0.0212
v  0.0047 0.0008 -0.0212
v  0.0054 0.0004 -0.0217
v  0.0041 0.0005 -0.0215
v  0.0047 0.0001 -0.0221
v  0.0019 0.0041 -0.0170
v  0.0223 0.0029 0.0220
v  0.0211 0.0027 0.0229
v  0.0206 0.0004 0.0218
v  0.0218 0.0002 0.0207
v  0.0226 0.0057 0.0234
v  0.0215 0.0051 0.0242
v  0.0214 0.0085 0.0264
v  0.0225 0.0095 0.0257
v  0.0220 0.0105 0.0272
v  0.0210 0.0095 0.0276
v  0.0216 0.0071 0.0252
v  0.0228 0.0077 0.0244
v  0.0188 0.0087 0.0300
v  0.0202 0.0091 0.0284
v  0.0204 0.0100 0.0290
v  0.0196 0.0104 0.0305
v  0.0164 0.0062 0.0378
v  0.0159 0.0043 0.0376
v  0.0163 0.0059 0.0354
v  0.0169 0.0078 0.0367
v  0.0210 -0.0019 0.0197
v  0.0200 -0.0015 0.0196
v  0.0209 0.0005 0.0204
v  0.0136 -0.0051 0.0289
v  0.0129 -0.0073 0.0292
v  0.0132 -0.0075 0.0274
v  0.0131 -0.0062 0.0316
v  0.0181 -0.0019 0.0225
v  0.0191 -0.0028 0.0209
v  0.0200 -0.0015 0.0211
v  0.0181 -0.0039 0.0212
v  0.0188 0.0003 0.0233
v  0.0169 -0.0004 0.0252
v  0.0163 -0.0028 0.0241
v  0.0153 -0.0014 0.0275
v  0.0148 -0.0040 0.0262
v  0.0175 0.0024 0.0265
v  0.0158 0.0012 0.0289
v  0.0163 0.0034 0.0301
v  0.0152 0.0017 0.0331
v  0.0146 -0.0005 0.0319
v  0.0169 0.0057 0.0312
v  0.0157 0.0038 0.0343
v  0.0155 0.0024 0.0368
v  0.0150 0.0000 0.0357
v  0.0171 0.0088 0.0379
v  0.0165 0.0065 0.0389
v  0.0175 0.0090 0.0353
v  0.0179 0.0104 0.0362
v  0.0181 0.0098 0.0337
v  0.0187 0.0113 0.0344
v  0.0168 0.0106 0.0361
v  0.0159 0.0091 0.0378
v  0.0175 0.0116 0.0342
v  0.0174 0.0120 0.0320
v  0.0165 0.0116 0.0339
v  0.0184 0.0119 0.0323
v  0.0195 0.0117 0.0325
v  0.0204 0.0117 0.0307
v  0.0195 0.0119 0.0303
v  0.0205 0.0077 0.0242
v  0.0204 0.0092 0.0252
v  0.0215 0.0093 0.0253
v  0.0217 0.0077 0.0242
v  0.0204 0.0062 0.0233
v  0.0216 0.0059 0.0233
v  0.0202 0.0031 0.0218
v  0.0214 0.0030 0.0217
v  0.0200 -0.0037 0.0196
v  0.0191 -0.0031 0.0194
v  0.0179 -0.0028 0.0194
v  0.0180 -0.0046 0.0195
v  0.0168 -0.0041 0.0195
v  0.0166 -0.0058 0.0202
v  0.0157 -0.0053 0.0198
v  0.0139 -0.0065 0.0209
v  0.0151 -0.0069 0.0213
v  0.0136 -0.0079 0.0229
v  0.0126 -0.0073 0.0219
v  0.0110 -0.0083 0.0238
v  0.0124 -0.0087 0.0248
v  0.0112 -0.0091 0.0268
v  0.0096 -0.0090 0.0261
v  0.0094 -0.0082 0.0318
v  0.0090 -0.0091 0.0290
v  0.0108 -0.0090 0.0293
v  0.0109 -0.0083 0.0317
v  0.0111 -0.0050 0.0349
v  0.0102 -0.0067 0.0338
v  0.0116 -0.0070 0.0335
v  0.0122 -0.0052 0.0348
v  0.0131 0.0015 0.0382
v  0.0126 -0.0006 0.0371
v  0.0138 -0.0007 0.0370
v  0.0143 0.0016 0.0382
v  0.0135 0.0043 0.0392
v  0.0147 0.0040 0.0391
v  0.0142 0.0073 0.0389
v  0.0153 0.0069 0.0390
v  0.0149 0.0093 0.0377
v  0.0159 0.0040 0.0390
v  0.0144 -0.0030 0.0358
v  0.0150 -0.0006 0.0370
v  0.0131 -0.0028 0.0360
v  0.0135 -0.0054 0.0344
v  0.0124 -0.0082 0.0314
v  0.0129 -0.0071 0.0332
v  0.0127 -0.0090 0.0274
v  0.0123 -0.0089 0.0293
v  0.0147 -0.0081 0.0236
v  0.0134 -0.0088 0.0255
v  0.0161 -0.0072 0.0218
v  0.0177 -0.0060 0.0207
v  0.0187 -0.0051 0.0200
v  0.0195 0.0041 0.0253
v  0.0192 0.0025 0.0245
v  0.0198 0.0059 0.0263
v  0.0199 0.0077 0.0275
v  0.0180 0.0047 0.0277
v  0.0183 0.0068 0.0290
v  0.0175 0.0078 0.0323
v  0.0188 0.0102 0.0321
v  0.0212 0.0113 0.0288
v  0.0203 0.0114 0.0285
v  0.0210 0.0106 0.0268
v  0.0171 -0.0049 0.0218
v  0.0160 -0.0058 0.0227
v  0.0149 -0.0066 0.0241
v  0.0139 -0.0071 0.0257
v  0.0137 -0.0043 0.0331
v  0.0144 -0.0021 0.0344
v  0.0155 0.0016 0.0382
v  0.0141 -0.0028 0.0305
v  0.0196 0.0006 0.0205
v  0.0189 -0.0012 0.0197
v  0.0156 0.0107 0.0360
v  0.0185 0.0118 0.0299
v  0.0120 -0.0026 0.0361
v  0.0193 0.0114 0.0283
v  0.0198 0.0105 0.0266
v  0.0186 0.0045 -0.0134
v  0.0200 0.0052 -0.0128
v  0.0207 0.0048 -0.0134
v  0.0197 0.0038 -0.0143
v  0.0216 0.0045 -0.0138
v  0.0212 0.0034 -0.0149
v  0.0226 0.0044 -0.0138
v  0.0228 0.0034 -0.0150
v  0.0235 0.0046 -0.0135
v  0.0243 0.0036 -0.0144
v  0.0242 0.0048 -0.0128
v  0.0255 0.0040 -0.0134
v  0.0247 0.0053 -0.0121
v  0.0262 0.0047 -0.0122
v  0.0247 0.0058 -0.0112
v  0.0263 0.0056 -0.0107
v  0.0244 0.0064 -0.0104
v  0.0257 0.0064 -0.0095
v  0.0237 0.0067 -0.0098
v  0.0246 0.0070 -0.0084
v  0.0228 0.0070 -0.0095
v  0.0232 0.0075 -0.0079
v  0.0218 0.0071 -0.0094
v  0.0215 0.0075 -0.0079
v  0.0208 0.0069 -0.0098
v  0.0200 0.0074 -0.0084
v  0.0201 0.0066 -0.0104
v  0.0188 0.0068 -0.0094
v  0.0197 0.0061 -0.0112
v  0.0181 0.0061 -0.0107
v  0.0196 0.0056 -0.0120
v  0.0181 0.0053 -0.0121
v  0.0222 0.0059 -0.0117
v  0.0170 0.0047 -0.0119
v  0.0172 0.0050 -0.0120
v  0.0179 0.0040 -0.0136
v  0.0177 0.0037 -0.0136
v  0.0192 0.0032 -0.0148
v  0.0191 0.0029 -0.0148
v  0.0210 0.0027 -0.0155
v  0.0209 0.0023 -0.0156
v  0.0229 0.0026 -0.0156
v  0.0230 0.0022 -0.0156
v  0.0248 0.0028 -0.0149
v  0.0249 0.0025 -0.0149
v  0.0262 0.0035 -0.0137
v  0.0264 0.0031 -0.0137
v  0.0271 0.0043 -0.0122
v  0.0273 0.0040 -0.0120
v  0.0272 0.0053 -0.0104
v  0.0274 0.0050 -0.0103
v  0.0265 0.0063 -0.0088
v  0.0267 0.0061 -0.0086
v  0.0252 0.0071 -0.0077
v  0.0253 0.0069 -0.0073
v  0.0234 0.0076 -0.0070
v  0.0234 0.0074 -0.0067
v  0.0214 0.0077 -0.0070
v  0.0214 0.0076 -0.0067
v  0.0196 0.0075 -0.0077
v  0.0194 0.0073 -0.0073
v  0.0181 0.0068 -0.0088
v  0.0179 0.0066 -0.0086
v  0.0173 0.0060 -0.0104
v  0.0171 0.0058 -0.0102
v  0.0177 0.0014 -0.0122
v  0.0191 0.0005 -0.0135
v  0.0209 -0.0000 -0.0142
v  0.0230 -0.0001 -0.0142
v  0.0249 0.0001 -0.0136
v  0.0264 0.0007 -0.0123
v  0.0273 0.0017 -0.0107
v  0.0274 0.0027 -0.0089
v  0.0267 0.0038 -0.0073
v  0.0253 0.0045 -0.0060
v  0.0234 0.0050 -0.0053
v  0.0214 0.0052 -0.0053
v  0.0194 0.0049 -0.0059
v  0.0179 0.0043 -0.0072
v  0.0171 0.0035 -0.0088
v  0.0170 0.0023 -0.0106
v  0.0123 0.0118 -0.0014
v  0.0130 0.0115 -0.0021
v  0.0121 0.0106 -0.0030
v  0.0110 0.0111 -0.0019
v  0.0139 0.0113 -0.0025
v  0.0135 0.0104 -0.0037
v  0.0149 0.0113 -0.0025
v  0.0152 0.0103 -0.0038
v  0.0158 0.0114 -0.0022
v  0.0167 0.0106 -0.0032
v  0.0166 0.0118 -0.0016
v  0.0179 0.0111 -0.0022
v  0.0170 0.0121 -0.0008
v  0.0186 0.0117 -0.0010
v  0.0171 0.0126 0.0001
v  0.0186 0.0124 0.0006
v  0.0167 0.0131 0.0010
v  0.0181 0.0131 0.0019
v  0.0160 0.0133 0.0017
v  0.0170 0.0136 0.0030
v  0.0151 0.0135 0.0020
v  0.0155 0.0139 0.0036
v  0.0141 0.0135 0.0021
v  0.0139 0.0139 0.0036
v  0.0132 0.0134 0.0018
v  0.0123 0.0136 0.0032
v  0.0124 0.0130 0.0011
v  0.0111 0.0132 0.0022
v  0.0120 0.0127 0.0003
v  0.0105 0.0125 0.0009
v  0.0120 0.0122 -0.0006
v  0.0104 0.0118 -0.0006
v  0.0145 0.0125 -0.0003
v  0.0100 0.0103 -0.0021
v  0.0093 0.0112 -0.0004
v  0.0095 0.0114 -0.0006
v  0.0102 0.0106 -0.0022
v  0.0115 0.0100 -0.0036
v  0.0114 0.0096 -0.0035
v  0.0133 0.0096 -0.0043
v  0.0133 0.0093 -0.0043
v  0.0153 0.0097 -0.0044
v  0.0153 0.0093 -0.0045
v  0.0171 0.0099 -0.0038
v  0.0172 0.0096 -0.0038
v  0.0186 0.0105 -0.0026
v  0.0188 0.0102 -0.0025
v  0.0194 0.0113 -0.0010
v  0.0196 0.0111 -0.0008
v  0.0195 0.0122 0.0008
v  0.0197 0.0120 0.0009
v  0.0188 0.0130 0.0024
v  0.0190 0.0128 0.0028
v  0.0175 0.0136 0.0038
v  0.0176 0.0135 0.0041
v  0.0157 0.0139 0.0045
v  0.0158 0.0138 0.0049
v  0.0137 0.0140 0.0046
v  0.0137 0.0138 0.0049
v  0.0119 0.0136 0.0040
v  0.0118 0.0135 0.0043
v  0.0104 0.0131 0.0028
v  0.0103 0.0129 0.0031
v  0.0096 0.0123 0.0012
v  0.0094 0.0121 0.0015
v  0.0114 0.0073 -0.0021
v  0.0100 0.0080 -0.0008
v  0.0133 0.0069 -0.0030
v  0.0153 0.0070 -0.0031
v  0.0172 0.0072 -0.0025
v  0.0188 0.0079 -0.0012
v  0.0196 0.0087 0.0005
v  0.0197 0.0095 0.0023
v  0.0190 0.0105 0.0041
v  0.0176 0.0111 0.0055
v  0.0158 0.0114 0.0062
v  0.0137 0.0114 0.0063
v  0.0118 0.0111 0.0057
v  0.0103 0.0105 0.0044
v  0.0094 0.0097 0.0028
v  0.0093 0.0087 0.0010
v  0.0003 0.0090 -0.0206
v  0.0026 0.0074 -0.0240
v  0.0016 0.0072 -0.0244
v  0.0035 0.0077 -0.0234
v  0.0041 0.0081 -0.0227
v  0.0046 0.0086 -0.0218
v  0.0048 0.0091 -0.0210
v  0.0047 0.0097 -0.0200
v  0.0044 0.0102 -0.0192
v  0.0039 0.0107 -0.0184
v  0.0031 0.0111 -0.0177
v  0.0023 0.0114 -0.0173
v  0.0013 0.0116 -0.0170
v  0.0002 0.0116 -0.0170
v  -0.0009 0.0115 -0.0170
v  -0.0018 0.0113 -0.0174
v  -0.0026 0.0109 -0.0179
v  -0.0033 0.0105 -0.0186
v  -0.0038 0.0100 -0.0194
v  -0.0015 0.0073 -0.0241
v  -0.0005 0.0071 -0.0244
v  0.0005 0.0071 -0.0245
v  -0.0040 0.0095 -0.0203
v  -0.0024 0.0076 -0.0236
v  -0.0006 0.0072 -0.0251
v  -0.0018 0.0074 -0.0247
v  0.0006 0.0072 -0.0252
v  0.0017 0.0073 -0.0250
v  0.0028 0.0075 -0.0246
v  0.0038 0.0079 -0.0239
v  0.0045 0.0083 -0.0232
v  0.0050 0.0089 -0.0222
v  0.0053 0.0095 -0.0212
v  0.0052 0.0101 -0.0201
v  0.0049 0.0107 -0.0192
v  0.0043 0.0112 -0.0184
v  0.0034 0.0116 -0.0177
v  0.0025 0.0120 -0.0171
v  0.0014 0.0121 -0.0168
v  0.0002 0.0122 -0.0167
v  -0.0010 0.0121 -0.0169
v  -0.0020 0.0119 -0.0172
v  -0.0030 0.0115 -0.0179
v  -0.0037 0.0111 -0.0186
v  -0.0042 0.0106 -0.0195
v  -0.0045 0.0099 -0.0205
v  -0.0040 0.0090 -0.0212
v  -0.0045 0.0093 -0.0215
v  -0.0037 0.0085 -0.0221
v  -0.0042 0.0087 -0.0225
v  -0.0032 0.0080 -0.0230
v  -0.0036 0.0082 -0.0234
v  -0.0028 0.0078 -0.0241
v  -0.0021 0.0070 -0.0251
v  -0.0032 0.0074 -0.0245
v  -0.0008 0.0068 -0.0255
v  -0.0009 0.0062 -0.0257
v  -0.0023 0.0064 -0.0253
v  0.0006 0.0067 -0.0256
v  0.0006 0.0061 -0.0258
v  0.0019 0.0068 -0.0254
v  0.0021 0.0062 -0.0256
v  0.0032 0.0071 -0.0250
v  0.0034 0.0065 -0.0251
v  0.0043 0.0075 -0.0242
v  0.0046 0.0070 -0.0244
v  0.0051 0.0080 -0.0233
v  0.0055 0.0076 -0.0234
v  0.0057 0.0086 -0.0223
v  0.0061 0.0083 -0.0222
v  0.0059 0.0093 -0.0212
v  0.0064 0.0090 -0.0210
v  0.0059 0.0100 -0.0200
v  0.0063 0.0097 -0.0197
v  0.0055 0.0107 -0.0189
v  0.0059 0.0104 -0.0185
v  0.0048 0.0112 -0.0179
v  0.0052 0.0111 -0.0175
v  0.0039 0.0117 -0.0171
v  0.0042 0.0117 -0.0166
v  0.0027 0.0121 -0.0165
v  0.0030 0.0120 -0.0160
v  0.0015 0.0123 -0.0161
v  0.0016 0.0123 -0.0155
v  0.0002 0.0123 -0.0160
v  0.0002 0.0123 -0.0154
v  -0.0011 0.0122 -0.0162
v  -0.0013 0.0122 -0.0156
v  -0.0024 0.0120 -0.0166
v  -0.0026 0.0119 -0.0161
v  -0.0034 0.0116 -0.0173
v  -0.0038 0.0115 -0.0168
v  -0.0043 0.0111 -0.0182
v  -0.0047 0.0109 -0.0177
v  -0.0049 0.0105 -0.0192
v  -0.0053 0.0102 -0.0188
v  -0.0052 0.0098 -0.0203
v  -0.0057 0.0095 -0.0201
v  -0.0051 0.0091 -0.0214
v  -0.0056 0.0088 -0.0214
v  -0.0048 0.0085 -0.0226
v  -0.0053 0.0081 -0.0226
v  -0.0041 0.0079 -0.0236
v  -0.0045 0.0074 -0.0237
v  -0.0035 0.0068 -0.0246
v  -0.0038 0.0062 -0.0246
v  -0.0048 0.0069 -0.0236
v  -0.0025 0.0058 -0.0253
v  -0.0025 0.0052 -0.0252
v  -0.0039 0.0057 -0.0244
v  -0.0010 0.0055 -0.0258
v  -0.0010 0.0050 -0.0256
v  0.0006 0.0055 -0.0259
v  0.0006 0.0049 -0.0258
v  0.0022 0.0056 -0.0257
v  0.0022 0.0050 -0.0255
v  0.0036 0.0059 -0.0251
v  0.0037 0.0053 -0.0250
v  0.0049 0.0064 -0.0244
v  0.0050 0.0058 -0.0241
v  0.0058 0.0071 -0.0233
v  0.0060 0.0065 -0.0231
v  0.0065 0.0078 -0.0221
v  0.0067 0.0072 -0.0219
v  0.0068 0.0086 -0.0208
v  0.0070 0.0080 -0.0205
v  0.0067 0.0093 -0.0195
v  0.0069 0.0088 -0.0191
v  0.0063 0.0101 -0.0182
v  0.0064 0.0096 -0.0178
v  0.0055 0.0107 -0.0170
v  0.0056 0.0103 -0.0166
v  0.0044 0.0114 -0.0161
v  0.0045 0.0109 -0.0157
v  0.0031 0.0118 -0.0154
v  0.0032 0.0113 -0.0150
v  0.0017 0.0120 -0.0150
v  0.0017 0.0116 -0.0145
v  0.0001 0.0121 -0.0148
v  0.0001 0.0117 -0.0144
v  -0.0014 0.0120 -0.0151
v  -0.0014 0.0115 -0.0146
v  -0.0028 0.0117 -0.0156
v  -0.0029 0.0112 -0.0151
v  -0.0040 0.0112 -0.0164
v  -0.0041 0.0108 -0.0159
v  -0.0050 0.0106 -0.0173
v  -0.0051 0.0101 -0.0169
v  -0.0057 0.0099 -0.0185
v  -0.0059 0.0094 -0.0181
v  -0.0060 0.0091 -0.0198
v  -0.0062 0.0086 -0.0195
v  -0.0060 0.0084 -0.0211
v  -0.0062 0.0078 -0.0209
v  -0.0056 0.0076 -0.0225
v  -0.0058 0.0070 -0.0222
v  -0.0050 0.0063 -0.0234
v  -0.0050 0.0057 -0.0231
v  -0.0057 0.0064 -0.0218
v  -0.0039 0.0051 -0.0241
v  -0.0037 0.0047 -0.0236
v  -0.0048 0.0053 -0.0226
v  -0.0025 0.0047 -0.0249
v  -0.0024 0.0043 -0.0243
v  -0.0010 0.0044 -0.0253
v  -0.0009 0.0041 -0.0248
v  0.0006 0.0044 -0.0254
v  0.0006 0.0040 -0.0249
v  0.0022 0.0045 -0.0252
v  0.0022 0.0041 -0.0247
v  0.0037 0.0048 -0.0246
v  0.0036 0.0044 -0.0241
v  0.0050 0.0053 -0.0238
v  0.0048 0.0049 -0.0234
v  0.0060 0.0059 -0.0227
v  0.0058 0.0055 -0.0222
v  0.0067 0.0067 -0.0214
v  0.0064 0.0062 -0.0210
v  0.0069 0.0074 -0.0201
v  0.0067 0.0071 -0.0198
v  0.0069 0.0083 -0.0188
v  0.0066 0.0078 -0.0185
v  0.0064 0.0091 -0.0175
v  0.0062 0.0085 -0.0173
v  0.0056 0.0098 -0.0163
v  0.0054 0.0092 -0.0161
v  0.0045 0.0103 -0.0153
v  0.0044 0.0097 -0.0152
v  0.0032 0.0107 -0.0146
v  0.0031 0.0101 -0.0145
v  0.0017 0.0110 -0.0142
v  0.0017 0.0104 -0.0141
v  0.0002 0.0110 -0.0141
v  0.0002 0.0104 -0.0140
v  -0.0014 0.0109 -0.0143
v  -0.0013 0.0103 -0.0141
v  -0.0028 0.0106 -0.0148
v  -0.0027 0.0100 -0.0147
v  -0.0041 0.0102 -0.0156
v  -0.0039 0.0096 -0.0154
v  -0.0051 0.0096 -0.0166
v  -0.0049 0.0090 -0.0164
v  -0.0058 0.0089 -0.0178
v  -0.0056 0.0083 -0.0176
v  -0.0062 0.0081 -0.0191
v  -0.0059 0.0076 -0.0189
v  -0.0061 0.0072 -0.0205
v  -0.0059 0.0068 -0.0202
v  -0.0055 0.0060 -0.0215
v  -0.0051 0.0057 -0.0211
v  -0.0055 0.0064 -0.0199
v  -0.0045 0.0051 -0.0222
v  -0.0040 0.0050 -0.0217
v  -0.0047 0.0056 -0.0208
v  -0.0035 0.0045 -0.0230
v  -0.0031 0.0044 -0.0225
v  -0.0022 0.0041 -0.0237
v  -0.0020 0.0040 -0.0232
v  -0.0009 0.0038 -0.0242
v  -0.0008 0.0038 -0.0236
v  0.0006 0.0037 -0.0243
v  0.0006 0.0038 -0.0237
v  0.0021 0.0039 -0.0241
v  0.0019 0.0039 -0.0235
v  0.0034 0.0042 -0.0235
v  0.0031 0.0041 -0.0231
v  0.0045 0.0046 -0.0229
v  0.0042 0.0045 -0.0224
v  0.0054 0.0053 -0.0219
v  0.0050 0.0052 -0.0215
v  0.0060 0.0059 -0.0207
v  0.0055 0.0058 -0.0204
v  0.0063 0.0066 -0.0195
v  0.0058 0.0064 -0.0194
v  0.0062 0.0073 -0.0183
v  0.0057 0.0070 -0.0183
v  0.0058 0.0080 -0.0171
v  0.0053 0.0076 -0.0172
v  0.0051 0.0086 -0.0161
v  0.0047 0.0082 -0.0162
v  0.0041 0.0092 -0.0152
v  0.0038 0.0088 -0.0154
v  0.0029 0.0096 -0.0146
v  0.0027 0.0091 -0.0148
v  0.0016 0.0098 -0.0142
v  0.0015 0.0093 -0.0145
v  0.0002 0.0099 -0.0141
v  0.0002 0.0094 -0.0144
v  -0.0012 0.0098 -0.0143
v  -0.0010 0.0093 -0.0146
v  -0.0025 0.0095 -0.0147
v  -0.0022 0.0090 -0.0150
v  -0.0036 0.0091 -0.0155
v  -0.0033 0.0087 -0.0156
v  -0.0046 0.0085 -0.0163
v  -0.0041 0.0081 -0.0164
v  -0.0052 0.0078 -0.0174
v  -0.0047 0.0075 -0.0175
v  -0.0055 0.0071 -0.0187
v  -0.0050 0.0069 -0.0185
v  -0.0050 0.0062 -0.0196
v  -0.0043 0.0062 -0.0195
v  -0.0043 0.0067 -0.0185
v  -0.0040 0.0056 -0.0205
v  -0.0023 0.0060 -0.0198
v  -0.0025 0.0063 -0.0192
v  -0.0035 0.0050 -0.0213
v  -0.0020 0.0056 -0.0205
v  -0.0027 0.0046 -0.0220
v  -0.0015 0.0054 -0.0209
v  -0.0017 0.0043 -0.0226
v  -0.0009 0.0052 -0.0212
v  -0.0006 0.0041 -0.0229
v  -0.0002 0.0050 -0.0215
v  0.0006 0.0040 -0.0230
v  0.0005 0.0049 -0.0214
v  0.0017 0.0041 -0.0228
v  0.0012 0.0051 -0.0214
v  0.0028 0.0043 -0.0225
v  0.0019 0.0052 -0.0211
v  0.0037 0.0047 -0.0219
v  0.0025 0.0054 -0.0208
v  0.0044 0.0053 -0.0211
v  0.0029 0.0057 -0.0203
v  0.0049 0.0058 -0.0202
v  0.0032 0.0060 -0.0198
v  0.0051 0.0063 -0.0192
v  0.0033 0.0064 -0.0192
v  0.0050 0.0069 -0.0183
v  0.0032 0.0067 -0.0185
v  0.0047 0.0074 -0.0173
v  0.0030 0.0071 -0.0179
v  0.0041 0.0079 -0.0166
v  0.0027 0.0073 -0.0175
v  0.0033 0.0083 -0.0159
v  0.0022 0.0076 -0.0171
v  0.0024 0.0086 -0.0153
v  0.0016 0.0078 -0.0167
v  0.0013 0.0088 -0.0150
v  0.0010 0.0079 -0.0166
v  0.0002 0.0088 -0.0149
v  0.0003 0.0079 -0.0165
v  -0.0009 0.0087 -0.0151
v  -0.0004 0.0079 -0.0166
v  -0.0019 0.0085 -0.0154
v  -0.0010 0.0077 -0.0168
v  -0.0028 0.0082 -0.0160
v  -0.0015 0.0075 -0.0172
v  -0.0035 0.0078 -0.0167
v  -0.0020 0.0073 -0.0176
v  -0.0040 0.0073 -0.0176
v  -0.0023 0.0070 -0.0181
v  -0.0025 0.0067 -0.0186
v  -0.0023 0.0050 -0.0167
v  -0.0019 0.0052 -0.0163
v  -0.0025 0.0046 -0.0173
v  -0.0025 0.0043 -0.0180
v  -0.0024 0.0039 -0.0186
v  -0.0021 0.0036 -0.0192
v  -0.0016 0.0033 -0.0196
v  -0.0010 0.0031 -0.0199
v  -0.0003 0.0030 -0.0202
v  0.0005 0.0029 -0.0203
v  0.0013 0.0030 -0.0201
v  0.0020 0.0032 -0.0199
v  0.0026 0.0034 -0.0194
v  0.0029 0.0037 -0.0190
v  0.0032 0.0040 -0.0185
v  0.0033 0.0043 -0.0179
v  0.0032 0.0047 -0.0173
v  0.0030 0.0050 -0.0167
v  0.0027 0.0053 -0.0162
v  0.0022 0.0055 -0.0158
v  0.0016 0.0057 -0.0155
v  0.0010 0.0058 -0.0154
v  0.0003 0.0058 -0.0153
v  -0.0004 0.0058 -0.0154
v  -0.0010 0.0057 -0.0155
v  -0.0015 0.0055 -0.0159
v  -0.0031 0.0052 -0.0152
v  -0.0025 0.0055 -0.0146
v  -0.0036 0.0047 -0.0160
v  -0.0048 0.0043 -0.0154
v  -0.0042 0.0049 -0.0144
v  -0.0039 0.0042 -0.0169
v  -0.0051 0.0036 -0.0165
v  -0.0039 0.0037 -0.0177
v  -0.0051 0.0030 -0.0177
v  -0.0037 0.0032 -0.0187
v  -0.0047 0.0023 -0.0189
v  -0.0032 0.0027 -0.0196
v  -0.0041 0.0017 -0.0199
v  -0.0025 0.0022 -0.0202
v  -0.0032 0.0012 -0.0207
v  -0.0016 0.0019 -0.0207
v  -0.0021 0.0008 -0.0214
v  -0.0005 0.0017 -0.0210
v  -0.0007 0.0006 -0.0217
v  0.0006 0.0017 -0.0211
v  0.0006 0.0006 -0.0218
v  0.0017 0.0018 -0.0209
v  0.0019 0.0007 -0.0216
v  0.0027 0.0020 -0.0205
v  0.0032 0.0009 -0.0212
v  0.0036 0.0023 -0.0199
v  0.0043 0.0012 -0.0205
v  0.0042 0.0027 -0.0193
v  0.0051 0.0017 -0.0196
v  0.0045 0.0032 -0.0185
v  0.0057 0.0023 -0.0186
v  0.0047 0.0036 -0.0177
v  0.0059 0.0030 -0.0176
v  0.0046 0.0043 -0.0168
v  0.0059 0.0037 -0.0164
v  0.0043 0.0047 -0.0160
v  0.0055 0.0043 -0.0153
v  0.0038 0.0052 -0.0152
v  0.0049 0.0049 -0.0143
v  0.0031 0.0056 -0.0145
v  0.0040 0.0054 -0.0134
v  0.0023 0.0058 -0.0141
v  0.0028 0.0058 -0.0128
v  0.0013 0.0060 -0.0138
v  0.0016 0.0060 -0.0124
v  0.0003 0.0061 -0.0137
v  0.0002 0.0061 -0.0123
v  -0.0008 0.0060 -0.0138
v  -0.0011 0.0060 -0.0125
v  -0.0017 0.0058 -0.0141
v  -0.0023 0.0058 -0.0128
v  -0.0034 0.0054 -0.0135
v  -0.0054 0.0042 -0.0134
v  -0.0043 0.0048 -0.0123
v  -0.0061 0.0034 -0.0147
v  -0.0064 0.0026 -0.0161
v  -0.0063 0.0018 -0.0174
v  -0.0058 0.0009 -0.0188
v  -0.0050 0.0002 -0.0200
v  -0.0039 -0.0004 -0.0210
v  -0.0025 -0.0008 -0.0218
v  -0.0010 -0.0011 -0.0222
v  0.0006 -0.0011 -0.0223
v  0.0021 -0.0010 -0.0222
v  0.0036 -0.0007 -0.0216
v  0.0050 -0.0002 -0.0208
v  0.0060 0.0004 -0.0197
v  0.0067 0.0011 -0.0185
v  0.0071 0.0019 -0.0173
v  0.0071 0.0028 -0.0158
v  0.0067 0.0036 -0.0144
v  0.0059 0.0043 -0.0132
v  0.0048 0.0049 -0.0121
v  0.0035 0.0055 -0.0113
v  0.0019 0.0058 -0.0108
v  0.0003 0.0059 -0.0107
v  -0.0014 0.0057 -0.0109
v  -0.0030 0.0054 -0.0114
v  0.0161 -0.0302 -0.0098
v  0.0167 -0.0290 -0.0113
v  0.0194 -0.0290 -0.0104
v  0.0177 -0.0313 -0.0082
v  0.0140 -0.0309 -0.0094
v  0.0138 -0.0292 -0.0116
v  0.0160 -0.0324 -0.0075
v  0.0086 -0.0308 -0.0093
v  0.0075 -0.0294 -0.0107
v  0.0103 -0.0294 -0.0113
v  0.0107 -0.0312 -0.0090
v  0.0073 -0.0321 -0.0076
v  0.0050 -0.0299 -0.0093
v  0.0093 -0.0331 -0.0070
v  0.0190 -0.0240 -0.0210
v  0.0197 -0.0242 -0.0194
v  0.0168 -0.0249 -0.0197
v  0.0173 -0.0241 -0.0221
v  0.0047 -0.0240 -0.0207
v  0.0063 -0.0240 -0.0219
v  0.0067 -0.0249 -0.0195
v  0.0038 -0.0243 -0.0189
v  0.0050 -0.0234 -0.0235
v  0.0075 -0.0236 -0.0248
v  0.0092 -0.0242 -0.0230
v  0.0030 -0.0233 -0.0217
v  0.0014 -0.0233 -0.0193
v  0.0003 -0.0237 -0.0168
v  -0.0014 -0.0229 -0.0165
v  -0.0002 -0.0225 -0.0194
v  -0.0001 -0.0247 -0.0142
v  -0.0018 -0.0240 -0.0135
v  0.0001 -0.0260 -0.0119
v  -0.0015 -0.0256 -0.0110
v  0.0010 -0.0261 -0.0033
v  -0.0009 -0.0241 -0.0056
v  -0.0006 -0.0277 -0.0088
v  0.0009 -0.0298 -0.0073
v  0.0030 -0.0321 -0.0060
v  0.0030 -0.0278 -0.0018
v  0.0055 -0.0340 -0.0051
v  0.0057 -0.0293 -0.0006
v  0.0140 -0.0263 0.0033
v  0.0115 -0.0265 0.0034
v  0.0115 -0.0307 0.0005
v  0.0144 -0.0305 0.0004
v  0.0172 -0.0298 -0.0001
v  0.0165 -0.0255 0.0031
v  0.0199 -0.0283 -0.0011
v  0.0192 -0.0243 0.0021
v  0.0220 -0.0269 -0.0024
v  0.0216 -0.0228 0.0007
v  0.0240 -0.0251 -0.0042
v  0.0238 -0.0210 -0.0014
v  0.0256 -0.0232 -0.0067
v  0.0256 -0.0192 -0.0042
v  0.0265 -0.0218 -0.0097
v  0.0270 -0.0176 -0.0077
v  0.0267 -0.0207 -0.0130
v  0.0274 -0.0167 -0.0119
v  0.0261 -0.0202 -0.0166
v  0.0267 -0.0169 -0.0163
v  0.0247 -0.0204 -0.0199
v  0.0250 -0.0178 -0.0202
v  0.0224 -0.0209 -0.0229
v  0.0227 -0.0190 -0.0231
v  0.0202 -0.0194 -0.0254
v  0.0199 -0.0211 -0.0253
v  0.0167 -0.0214 -0.0270
v  0.0168 -0.0198 -0.0273
v  0.0134 -0.0215 -0.0279
v  0.0134 -0.0198 -0.0282
v  0.0066 -0.0214 -0.0268
v  0.0068 -0.0232 -0.0262
v  0.0038 -0.0228 -0.0245
v  0.0034 -0.0211 -0.0248
v  0.0016 -0.0225 -0.0222
v  0.0009 -0.0207 -0.0222
v  -0.0010 -0.0205 -0.0191
v  -0.0023 -0.0205 -0.0155
v  -0.0008 -0.0201 -0.0027
v  -0.0025 -0.0182 -0.0061
v  -0.0022 -0.0224 -0.0084
v  0.0013 -0.0220 -0.0002
v  0.0037 -0.0237 0.0016
v  0.0063 -0.0250 0.0028
v  0.0086 -0.0304 0.0002
v  0.0090 -0.0261 0.0033
v  -0.0027 -0.0211 -0.0118
v  0.0098 -0.0215 -0.0278
v  0.0133 -0.0235 -0.0272
v  0.0099 -0.0235 -0.0271
v  0.0165 -0.0233 -0.0264
v  0.0115 -0.0359 -0.0043
v  0.0147 -0.0356 -0.0044
v  0.0083 -0.0353 -0.0046
v  0.0022 -0.0298 -0.0082
v  0.0039 -0.0316 -0.0070
v  0.0009 -0.0278 -0.0098
v  0.0030 -0.0253 -0.0155
v  0.0037 -0.0274 -0.0121
v  0.0064 -0.0258 -0.0167
v  0.0098 -0.0250 -0.0201
v  0.0099 -0.0261 -0.0172
v  0.0140 -0.0242 -0.0232
v  0.0138 -0.0250 -0.0202
v  0.0103 -0.0238 -0.0255
v  0.0131 -0.0238 -0.0256
v  0.0219 -0.0226 -0.0227
v  0.0195 -0.0230 -0.0248
v  0.0238 -0.0225 -0.0202
v  0.0251 -0.0227 -0.0174
v  0.0257 -0.0235 -0.0146
v  0.0258 -0.0248 -0.0120
v  0.0251 -0.0267 -0.0098
v  0.0241 -0.0286 -0.0080
v  0.0224 -0.0309 -0.0064
v  0.0200 -0.0330 -0.0054
v  0.0176 -0.0346 -0.0047
v  0.0087 -0.0345 -0.0056
v  0.0116 -0.0350 -0.0054
v  0.0061 -0.0333 -0.0062
v  0.0066 -0.0275 -0.0134
v  0.0101 -0.0276 -0.0141
v  0.0136 -0.0261 -0.0174
v  0.0138 -0.0275 -0.0141
v  0.0169 -0.0257 -0.0171
v  0.0160 -0.0237 -0.0250
v  0.0185 -0.0235 -0.0239
v  0.0207 -0.0232 -0.0220
v  0.0170 -0.0337 -0.0060
v  0.0193 -0.0323 -0.0067
v  0.0145 -0.0347 -0.0056
v  0.0116 -0.0334 -0.0069
v  0.0139 -0.0332 -0.0071
v  0.0211 -0.0305 -0.0077
v  0.0225 -0.0288 -0.0090
v  0.0234 -0.0271 -0.0107
v  0.0239 -0.0255 -0.0128
v  0.0239 -0.0244 -0.0150
v  0.0234 -0.0236 -0.0174
v  0.0223 -0.0232 -0.0198
v  0.0205 -0.0252 -0.0164
v  0.0204 -0.0268 -0.0130
v  0.0170 -0.0273 -0.0138
v  -0.0034 -0.0169 -0.0103
v  -0.0031 -0.0168 -0.0149
v  -0.0016 -0.0175 -0.0191
v  0.0007 -0.0187 -0.0224
v  0.0031 -0.0193 -0.0249
v  0.0065 -0.0197 -0.0270
v  0.0100 -0.0199 -0.0280
v  0.0010 0.0104 -0.0004
v  -0.0016 0.0115 0.0033
v  0.0018 0.0107 0.0003
v  0.0023 0.0110 0.0010
v  -0.0010 0.0101 -0.0011
v  0.0001 0.0103 -0.0008
v  -0.0026 0.0102 -0.0011
v  -0.0037 0.0104 -0.0007
v  -0.0054 0.0111 0.0008
v  -0.0046 0.0107 -0.0001
v  -0.0061 0.0119 0.0027
v  -0.0059 0.0114 0.0018
v  0.0026 0.0113 0.0018
v  0.0028 0.0115 0.0025
v  -0.0057 0.0125 0.0048
v  -0.0060 0.0122 0.0037
v  -0.0039 0.0130 0.0068
v  -0.0050 0.0129 0.0059
v  -0.0024 0.0133 0.0074
v  0.0013 0.0129 0.0064
v  0.0005 0.0131 0.0069
v  -0.0009 0.0133 0.0074
v  0.0021 0.0127 0.0056
v  0.0029 0.0118 0.0033
v  0.0028 0.0121 0.0041
v  0.0025 0.0124 0.0049
v  0.0018 0.0095 0.0008
v  0.0011 0.0092 0.0001
v  0.0024 0.0098 0.0015
v  0.0001 0.0090 -0.0004
v  -0.0010 0.0089 -0.0008
v  -0.0026 0.0090 -0.0007
v  -0.0038 0.0092 -0.0003
v  -0.0048 0.0094 0.0003
v  -0.0055 0.0098 0.0012
v  -0.0060 0.0103 0.0022
v  -0.0062 0.0106 0.0031
v  0.0029 0.0103 0.0029
v  0.0027 0.0101 0.0023
v  -0.0061 0.0109 0.0041
v  -0.0058 0.0112 0.0053
v  -0.0051 0.0116 0.0063
v  -0.0040 0.0119 0.0072
v  -0.0025 0.0120 0.0078
v  0.0006 0.0119 0.0074
v  0.0014 0.0117 0.0069
v  -0.0009 0.0120 0.0078
v  0.0021 0.0115 0.0061
v  0.0029 0.0109 0.0045
v  0.0030 0.0106 0.0037
v  0.0026 0.0112 0.0053
# 2920 vertices

vn 0.0674 0.8878 -0.4552
vn 0.0303 0.8919 -0.4512
vn 0.0169 0.8881 -0.4592
vn 0.0042 0.8913 -0.4534
vn 0.0348 0.9161 -0.3995
vn 0.0709 0.8653 -0.4961
vn 0.0532 0.8587 -0.5097
vn 0.0657 0.8564 -0.5121
vn -0.0755 0.9692 -0.2344
vn -0.0659 0.9675 -0.2441
vn -0.0670 0.9710 -0.2297
vn -0.4280 0.6419 0.6362
vn -0.5108 0.6643 0.5457
vn -0.3520 0.7700 0.5322
vn 0.0885 0.9162 -0.3908
vn 0.0094 0.9037 -0.4280
vn 0.0468 0.9340 -0.3542
vn -0.0139 0.9076 -0.4195
vn -0.0110 0.8994 -0.4370
vn 0.0008 0.8860 -0.4637
vn 0.6467 0.1048 0.7555
vn 0.3206 0.0601 0.9453
vn 0.3387 0.2896 0.8952
vn -0.7208 -0.6787 0.1412
vn -0.7062 -0.6933 0.1437
vn -0.7366 -0.6615 0.1408
vn -0.7184 -0.6940 -0.0477
vn -0.5645 -0.8252 -0.0180
vn -0.5984 -0.7938 0.1084
vn -0.6608 -0.7503 0.0213
vn -0.7179 -0.6961 -0.0011
vn 0.9087 -0.3343 0.2500
vn 0.9115 -0.2316 0.3400
vn 0.9407 -0.1947 0.2777
vn 0.6267 -0.7767 0.0638
vn 0.7571 -0.6457 0.0997
vn 0.8075 -0.5539 0.2030
vn 0.5712 -0.4378 0.6943
vn 0.5850 -0.3172 0.7465
vn 0.6892 -0.3979 0.6056
vn 0.2380 -0.9464 0.2183
vn 0.4177 -0.8603 0.2924
vn 0.5087 -0.8242 0.2488
vn -0.6721 -0.5948 0.4410
vn -0.5430 -0.7300 0.4150
vn -0.5689 -0.6295 0.5292
vn 0.0413 0.8569 -0.5138
vn 0.0499 0.8649 -0.4994
vn 0.0247 0.8551 -0.5178
vn -0.0273 0.9372 -0.3477
vn -0.0440 0.9416 -0.3337
vn -0.0077 0.9374 -0.3480
vn -0.0233 0.9374 -0.3476
vn -0.0308 0.9425 -0.3329
vn 0.0619 0.8778 -0.4750
vn 0.0686 0.8717 -0.4853
vn 0.0587 0.8718 -0.4864
vn 0.7408 -0.5667 0.3606
vn 0.8450 -0.4946 0.2032
vn 0.7610 -0.6399 0.1067
vn 0.0245 0.9414 -0.3365
vn -0.0169 0.9229 -0.3847
vn -0.0093 0.9611 -0.2761
vn -0.0385 0.9347 -0.3534
vn 0.0285 0.8993 -0.4363
vn 0.0154 0.8809 -0.4731
vn -0.0138 0.9310 -0.3647
vn -0.0143 0.9172 -0.3982
vn -0.0664 0.9375 -0.3415
vn 0.0603 0.8728 -0.4843
vn 0.0363 0.8720 -0.4882
vn 0.0365 0.8607 -0.5077
vn 0.0842 0.8619 -0.5001
vn 0.0544 0.8584 -0.5101
vn 0.0721 0.8590 -0.5068
vn 0.0465 0.8525 -0.5206
vn 0.0316 0.8426 -0.5376
vn 0.0605 0.8650 -0.4981
vn 0.0487 0.8494 -0.5255
vn 0.0516 0.8550 -0.5161
vn 0.0645 0.8441 -0.5323
vn 0.0435 0.8632 -0.5029
vn 0.0568 0.8434 -0.5343
vn -0.0087 0.9669 -0.2552
vn 0.0012 0.9634 -0.2682
vn -0.1110 0.9833 -0.1445
vn -0.0212 0.9797 -0.1992
vn -0.1194 0.9745 -0.1900
vn -0.4804 -0.8770 0.0143
vn -0.5355 -0.8445 -0.0038
vn -0.6066 -0.7936 0.0473
vn -0.5095 -0.8585 0.0587
vn -0.5867 -0.8054 0.0844
vn 0.7833 -0.2468 0.5706
vn 0.7720 -0.3033 0.5586
vn 0.7655 -0.2723 0.5829
vn 0.3134 -0.4836 0.8173
vn 0.3924 -0.6444 0.6564
vn 0.4199 -0.4540 0.7859
vn 0.3439 -0.3910 0.8537
vn 0.4941 -0.5796 0.6480
vn 0.9324 -0.0985 0.3478
vn 0.9469 -0.1318 0.2934
vn 0.9498 -0.1301 0.2845
vn 0.9608 -0.1228 0.2484
vn 0.9614 -0.0978 0.2573
vn 0.8030 0.5578 0.2098
vn 0.3287 0.9403 0.0877
vn 0.3334 0.9409 0.0594
vn 0.7867 0.5702 0.2368
vn 0.7762 0.5713 0.2666
vn 0.9028 -0.0416 0.4281
vn 0.8937 -0.1779 0.4119
vn 0.8845 0.1187 0.4512
vn 0.8442 -0.2038 0.4958
vn 0.8298 -0.2131 0.5157
vn 0.7988 -0.2348 0.5539
vn 0.8835 0.1579 0.4411
vn 0.8447 0.1878 0.5012
vn 0.7609 0.5627 0.3231
vn 0.7542 0.5673 0.3307
vn 0.8425 0.1645 0.5130
vn 0.7573 0.5625 0.3320
vn 0.8212 0.1799 0.5415
vn 0.8125 0.2045 0.5459
vn 0.6845 -0.3271 0.6515
vn 0.7204 -0.2891 0.6304
vn 0.6670 -0.3864 0.6370
vn 0.7067 -0.3812 0.5961
vn 0.6914 -0.4362 0.5759
vn 0.7366 -0.4178 0.5318
vn 0.7443 -0.3629 0.5606
vn 0.7148 -0.4830 0.5057
vn 0.6920 -0.5586 0.4573
vn 0.6617 -0.6176 0.4252
vn 0.6374 -0.6730 0.3753
vn 0.6318 -0.7062 0.3196
vn 0.6381 -0.7299 0.2450
vn 0.6177 -0.7540 0.2233
vn 0.6240 -0.7634 0.1669
vn 0.5953 -0.7885 0.1543
vn 0.6351 -0.7670 0.0916
vn 0.6808 -0.7263 0.0946
vn 0.5540 -0.8300 0.0646
vn 0.3663 -0.9304 0.0149
vn 0.5231 -0.8509 0.0488
vn 0.3199 -0.9473 0.0185
vn 0.1219 -0.9925 -0.0100
vn 0.2984 -0.9526 0.0589
vn 0.1067 -0.9938 0.0305
vn -0.1138 -0.9935 0.0069
vn 0.0914 -0.9930 0.0754
vn -0.1342 -0.9902 0.0379
vn -0.3422 -0.9396 0.0004
vn -0.3688 -0.9293 0.0210
vn -0.5774 -0.8160 -0.0267
vn -0.7456 -0.6658 -0.0293
vn -0.5708 -0.8203 -0.0351
vn -0.7318 -0.6791 -0.0564
vn -0.8782 -0.4777 -0.0221
vn -0.9509 -0.3095 0.0027
vn -0.8622 -0.5057 -0.0293
vn -0.9398 -0.3414 0.0128
vn -0.9726 -0.2265 0.0524
vn -0.9256 -0.3769 0.0353
vn -0.9621 -0.2610 0.0785
vn -0.9957 -0.0648 0.0660
vn -0.9488 -0.2985 0.1034
vn -0.9864 -0.1424 0.0822
vn -0.9301 0.3563 -0.0890
vn -0.9862 -0.1410 0.0870
vn -0.9341 0.3426 -0.1002
vn -0.7456 0.6256 -0.2295
vn -0.9458 0.3016 -0.1202
vn -0.7628 0.6006 -0.2396
vn -0.3833 0.8401 -0.3837
vn -0.7756 0.5582 -0.2947
vn -0.4170 0.7919 -0.4462
vn -0.0737 0.8690 -0.4894
vn -0.4442 0.7560 -0.4808
vn -0.1170 0.8465 -0.5194
vn 0.0193 0.8571 -0.5148
vn -0.1159 0.8376 -0.5338
vn 0.0028 0.8490 -0.5283
vn 0.0270 0.8571 -0.5145
vn -0.0167 0.8553 -0.5179
vn 0.0313 0.8596 -0.5100
vn -0.0337 0.8492 -0.5271
vn 0.0649 0.8582 -0.5091
vn -0.0583 0.8237 -0.5640
vn -0.3465 0.7017 -0.6226
vn -0.0366 0.8246 -0.5645
vn -0.2782 0.6454 -0.7114
vn -0.3122 0.6379 -0.7040
vn -0.1752 0.6629 -0.7279
vn -0.3994 0.4001 -0.8248
vn -0.5971 0.0439 -0.8010
vn -0.3282 0.3001 -0.8957
vn -0.4346 -0.0250 -0.9003
vn -0.4134 -0.0217 -0.9103
vn -0.2588 -0.0064 -0.9659
vn -0.2662 -0.0692 -0.9614
vn 0.0000 0.8660 -0.5000
vn -0.1357 -0.0861 -0.9870
vn -0.0000 0.8660 -0.5000
vn 0.1578 0.5394 0.8272
vn -0.0435 0.5341 0.8443
vn -0.1871 0.5073 0.8412
vn -0.2556 0.4634 0.8485
vn -0.9787 0.0123 0.2048
vn -0.9868 -0.0397 0.1570
vn 0.9654 0.0555 -0.2550
vn 0.9820 0.1853 -0.0361
vn 0.4888 0.5350 0.6891
vn 0.3288 0.5399 0.7748
vn 0.6486 0.5040 0.5703
vn -0.7243 0.0286 -0.6889
vn -0.6135 -0.0195 -0.7895
vn -0.8165 0.1494 -0.5577
vn -0.8326 0.1105 -0.5428
vn -0.7170 0.0822 -0.6922
vn -0.9029 0.1844 -0.3883
vn -0.3247 0.7584 -0.5651
vn -0.2931 0.7357 -0.6106
vn -0.2164 0.8429 -0.4927
vn -0.4485 0.7634 -0.4648
vn -0.3658 0.7426 -0.5610
vn -0.4241 0.8216 -0.3811
vn 0.0456 0.8577 -0.5121
vn 0.0508 0.8635 -0.5018
vn 0.0629 0.8714 -0.4865
vn 0.0114 0.8812 -0.4725
vn 0.0217 0.8712 -0.4904
vn 0.0268 0.9025 -0.4300
vn 0.0004 0.9028 -0.4300
vn -0.0293 0.8842 -0.4662
vn 0.0590 0.8807 -0.4700
vn 0.0072 0.9027 -0.4301
vn 0.0438 0.8936 -0.4467
vn -0.0091 0.8836 -0.4682
vn -0.0994 0.9142 -0.3928
vn 0.0261 0.8839 -0.4670
vn -0.1673 0.9158 -0.3650
vn -0.2360 0.9211 -0.3098
vn -0.2948 0.8786 -0.3758
vn -0.2661 0.8896 -0.3713
vn -0.8076 0.5880 0.0445
vn -0.2086 0.8655 -0.4553
vn -0.8940 0.4445 -0.0559
vn -0.9487 0.3140 0.0378
vn -0.9363 0.3041 -0.1756
vn -0.9221 0.3221 -0.2147
vn -0.8697 0.2637 -0.4173
vn 0.0124 0.8367 -0.5475
vn 0.9476 0.2995 0.1110
vn 0.8906 0.3803 0.2495
vn 0.7916 0.4413 0.4226
vn 0.9167 -0.0638 -0.3944
vn -0.8163 0.5196 0.2525
vn -0.8949 0.3814 0.2319
vn -0.6556 0.6522 0.3805
vn -0.6274 0.7345 0.2586
vn -0.7607 0.6312 0.1515
vn -0.4645 0.8188 0.3374
vn -0.1122 0.9658 -0.2338
vn -0.1781 0.9404 -0.2897
vn -0.1572 0.9701 -0.1850
vn 0.0131 0.8862 -0.4632
vn 0.0127 0.9096 -0.4153
vn 0.0241 0.8844 -0.4660
vn -0.0047 0.9170 -0.3989
vn -0.0195 0.9105 -0.4130
vn -0.0324 0.8694 -0.4930
vn 0.0302 0.8971 -0.4407
vn 0.0535 0.9066 -0.4185
vn 0.0896 0.8922 -0.4427
vn -0.0138 0.9021 -0.4313
vn 0.0196 0.9205 -0.3903
vn 0.0204 0.9196 -0.3924
vn 0.0246 0.8882 -0.4588
vn 0.0597 0.8706 -0.4883
vn 0.0430 0.9162 -0.3985
vn 0.0520 0.9200 -0.3886
vn 0.0383 0.9231 -0.3827
vn 0.0603 0.9158 -0.3972
vn 0.0632 0.9434 -0.3257
vn 0.0988 0.9487 -0.3005
vn 0.1153 0.9533 -0.2792
vn 0.0111 0.9572 -0.2893
vn 0.0313 0.9307 -0.3644
vn 0.0186 0.9512 -0.3082
vn 0.0089 0.9335 -0.3586
vn -0.0282 0.9617 -0.2727
vn -0.0032 0.9655 -0.2602
vn -0.0128 0.9536 -0.3009
vn -0.1378 0.9716 -0.1925
vn -0.1265 0.9534 -0.2741
vn -0.2985 0.9419 -0.1544
vn -0.3079 0.9249 -0.2230
vn -0.6862 0.7175 -0.1201
vn -0.6909 0.7077 -0.1478
vn -0.2920 0.9180 -0.2685
vn -0.7225 0.6633 -0.1952
vn -0.2908 0.9073 -0.3038
vn -0.9188 0.3931 -0.0346
vn -0.9274 0.3711 -0.0477
vn -0.9126 0.4071 -0.0370
vn -0.9992 0.0101 0.0383
vn -0.9995 0.0106 0.0282
vn -0.9831 -0.1783 0.0425
vn -0.9888 -0.1422 0.0444
vn -0.9596 -0.2805 0.0206
vn -0.9594 -0.2807 0.0256
vn -0.8904 -0.4538 0.0354
vn -0.8882 -0.4594 -0.0067
vn -0.7626 -0.6468 0.0068
vn -0.7499 -0.6611 -0.0229
vn -0.5767 -0.8169 -0.0088
vn -0.5834 -0.8119 -0.0209
vn -0.5721 -0.8201 0.0103
vn -0.3340 -0.9425 -0.0068
vn -0.3328 -0.9430 -0.0043
vn -0.3359 -0.9419 0.0003
vn -0.0996 -0.9950 -0.0094
vn -0.1055 -0.9942 -0.0211
vn 0.1342 -0.9909 -0.0139
vn 0.1501 -0.9885 -0.0187
vn 0.4388 -0.8986 0.0006
vn 0.1825 -0.9831 -0.0160
vn 0.4950 -0.8689 0.0086
vn 0.7152 -0.6949 0.0742
vn 0.8533 -0.5100 0.1087
vn 0.9135 -0.3763 0.1546
vn 0.9460 -0.2769 0.1685
vn 0.9441 -0.2644 0.1971
vn 0.9343 -0.2879 0.2105
vn 0.9670 -0.1944 0.1646
vn 0.9761 -0.1070 0.1891
vn 0.9741 -0.0860 0.2090
vn 0.8118 0.5363 0.2309
vn 0.3418 0.9268 0.1557
vn -0.0390 0.9970 0.0667
vn -0.1714 0.9850 -0.0181
vn -0.0433 0.9990 0.0057
vn -0.1636 0.9816 -0.0980
vn -0.0107 0.9987 -0.0497
vn -0.1336 0.9816 -0.1361
vn 0.0094 0.9952 -0.0973
vn 0.3465 0.9373 0.0388
vn 0.0371 0.9912 -0.1272
vn 0.3524 0.9352 0.0345
vn 0.7745 0.5609 0.2924
vn 0.3932 0.9194 0.0091
vn 0.7843 0.5453 0.2960
vn 0.0689 0.9837 -0.1662
vn 0.0874 0.9762 -0.1983
vn 0.4309 0.9021 0.0229
vn 0.1000 0.9717 -0.2140
vn 0.4489 0.8927 0.0409
vn 0.1317 0.9630 -0.2351
vn 0.4947 0.8688 0.0240
vn 0.1580 0.9550 -0.2509
vn 0.5129 0.8571 0.0492
vn 0.5423 0.8397 0.0292
vn 0.7533 0.5680 0.3315
vn 0.7525 0.5696 0.3306
vn 0.7704 0.5592 0.3062
vn 0.8173 0.1942 0.5425
vn 0.8093 0.2061 0.5501
vn 0.6417 -0.3760 0.6685
vn 0.6461 -0.3545 0.6759
vn 0.6389 -0.4039 0.6547
vn 0.6504 -0.3868 0.6537
vn 0.6040 -0.4426 0.6628
vn 0.6275 -0.4562 0.6309
vn 0.5875 -0.4928 0.6419
vn 0.6188 -0.5098 0.5977
vn 0.6410 -0.4363 0.6315
vn 0.5907 -0.5562 0.5846
vn 0.6347 -0.5675 0.5245
vn 0.6621 -0.5136 0.5457
vn 0.5433 -0.6142 0.5723
vn 0.6151 -0.6327 0.4704
vn 0.5701 -0.6977 0.4339
vn 0.4923 -0.7007 0.5163
vn 0.5497 -0.7529 0.3619
vn 0.4405 -0.7880 0.4302
vn 0.5450 -0.5273 0.6519
vn 0.5708 -0.4602 0.6800
vn 0.5101 -0.4754 0.7168
vn 0.5581 -0.4148 0.7187
vn 0.4996 -0.3994 0.7687
vn 0.5506 -0.3752 0.7457
vn 0.5164 -0.3258 0.7919
vn 0.4421 -0.3694 0.8173
vn 0.4756 -0.2857 0.8320
vn 0.4011 -0.3146 0.8603
vn 0.4563 -0.2981 0.8384
vn 0.3742 -0.2726 0.8864
vn 0.2574 -0.3005 0.9184
vn 0.3307 -0.2859 0.8994
vn 0.2089 -0.3019 0.9302
vn 0.1138 -0.3293 0.9374
vn 0.2115 -0.3501 0.9125
vn 0.0482 -0.3633 0.9304
vn -0.0497 -0.3895 0.9197
vn 0.0386 -0.3914 0.9194
vn -0.0983 -0.3951 0.9134
vn -0.2830 -0.4158 0.8643
vn -0.1033 -0.9628 -0.2497
vn -0.2267 -0.9420 -0.2475
vn -0.3610 -0.8990 -0.2482
vn -0.6037 -0.5071 0.6151
vn -0.4575 -0.4575 0.7625
vn -0.4344 -0.8662 -0.2469
vn -0.4819 -0.8464 -0.2268
vn -0.7423 -0.6235 0.2453
vn -0.7113 -0.5554 0.4308
vn -0.5183 -0.8294 -0.2087
vn -0.5321 -0.8225 -0.2009
vn -0.7471 -0.6647 0.0094
vn -0.7543 -0.6482 0.1049
vn -0.5450 -0.8190 -0.1792
vn -0.5501 -0.8177 -0.1698
vn -0.6637 -0.7471 -0.0350
vn -0.7070 -0.7070 -0.0166
vn -0.5177 -0.8397 -0.1640
vn -0.4829 -0.8671 -0.1224
vn -0.5421 -0.8395 -0.0365
vn -0.6089 -0.7919 -0.0464
vn -0.4545 -0.8854 -0.0975
vn -0.4099 -0.9103 -0.0585
vn -0.4260 -0.9041 0.0351
vn -0.4784 -0.8781 0.0098
vn -0.3572 -0.9338 -0.0202
vn -0.3161 -0.9486 0.0122
vn -0.3869 -0.9217 0.0275
vn -0.3286 -0.9415 0.0749
vn -0.3763 -0.9260 0.0308
vn -0.4356 -0.9001 0.0082
vn -0.3524 -0.9356 0.0233
vn -0.3994 -0.9168 0.0040
vn -0.4645 -0.8814 -0.0858
vn -0.3599 -0.9316 -0.0500
vn -0.3930 -0.9074 -0.1487
vn -0.4193 -0.8693 -0.2618
vn -0.3414 -0.9201 -0.1922
vn -0.3625 -0.8685 -0.3382
vn -0.3811 -0.5529 -0.7410
vn -0.2659 -0.8689 -0.4175
vn -0.2832 -0.5468 -0.7879
vn -0.2513 -0.1667 -0.9534
vn -0.1919 -0.6238 -0.7577
vn -0.1642 -0.1745 -0.9709
vn -0.0925 0.2329 -0.9681
vn -0.0194 -0.1750 -0.9844
vn 0.0093 0.2470 -0.9690
vn 0.0286 0.6226 -0.7820
vn 0.0791 0.2381 -0.9680
vn 0.0684 0.6436 -0.7623
vn 0.0615 0.8272 -0.5585
vn 0.1042 0.6561 -0.7474
vn 0.0489 0.8393 -0.5415
vn 0.0548 0.8417 -0.5372
vn 0.0547 0.8432 -0.5349
vn 0.0609 0.8463 -0.5292
vn 0.0386 0.8541 -0.5186
vn 0.0629 0.8507 -0.5219
vn 0.0643 0.8583 -0.5091
vn 0.0472 0.8572 -0.5128
vn 0.0355 0.8466 -0.5311
vn 0.0478 0.8603 -0.5075
vn 0.0907 0.8644 -0.4946
vn 0.0604 0.8427 -0.5351
vn 0.0429 0.8527 -0.5206
vn 0.0633 0.8480 -0.5262
vn 0.0328 0.8798 -0.4743
vn 0.6436 0.5243 -0.5576
vn 0.6685 0.5746 -0.4721
vn 0.8861 0.2945 -0.3579
vn 0.6660 0.5938 -0.4516
vn 0.8972 0.2969 -0.3268
vn 0.8996 0.3898 -0.1969
vn -0.9939 -0.0956 0.0552
vn -0.9862 -0.1135 -0.1206
vn -0.9727 -0.2319 0.0091
vn -0.9961 -0.0838 -0.0273
vn -0.9698 -0.1781 -0.1669
vn -0.9337 -0.2405 -0.2655
vn -0.9000 -0.3109 -0.3055
vn -0.8333 -0.3861 -0.3956
vn -0.8120 -0.3884 -0.4357
vn -0.7044 -0.4284 -0.5660
vn -0.6194 -0.4525 -0.6416
vn -0.4990 -0.5204 -0.6929
vn -0.5391 -0.4874 -0.6869
vn -0.2457 -0.5377 -0.8065
vn -0.2981 -0.5045 -0.8103
vn -0.0587 -0.5260 -0.8485
vn -0.0606 -0.5268 -0.8478
vn 0.1104 -0.4969 -0.8607
vn 0.2295 -0.4793 -0.8471
vn 0.3560 -0.4553 -0.8161
vn 0.5010 -0.4205 -0.7564
vn 0.5629 -0.3426 -0.7522
vn 0.7620 -0.2451 -0.5994
vn 0.8448 -0.1892 -0.5005
vn -0.0043 0.8318 -0.5551
vn 0.0122 0.8339 -0.5517
vn -0.4038 0.7213 0.5628
vn -0.5504 0.6838 0.4791
vn -0.3623 0.7626 0.5359
vn -0.3358 0.8754 0.3477
vn -0.3977 0.8468 0.3531
vn -0.0950 0.9054 0.4138
vn -0.0436 0.9981 0.0442
vn -0.1640 0.9855 -0.0428
vn -0.0858 0.9963 -0.0053
vn -0.0128 0.8962 -0.4435
vn 0.0622 0.8984 -0.4349
vn 0.0531 0.9983 -0.0242
vn 0.0714 0.8931 -0.4441
vn 0.0421 0.8786 -0.4758
vn 0.0355 0.9160 -0.3997
vn 0.0657 0.9023 -0.4260
vn 0.0462 0.9108 -0.4102
vn 0.0022 0.8983 -0.4393
vn 0.0639 0.8988 -0.4338
vn 0.0292 0.9181 -0.3952
vn 0.0574 0.9055 -0.4203
vn 0.0579 0.9124 -0.4052
vn 0.0495 0.9147 -0.4011
vn 0.0107 0.9231 -0.3844
vn 0.0830 0.8830 -0.4619
vn 0.0459 0.8753 -0.4815
vn 0.1034 0.9284 -0.3569
vn 0.0256 0.8945 -0.4464
vn 0.1344 0.8961 -0.4229
vn 0.0856 0.8717 -0.4825
vn 0.0336 0.8922 -0.4504
vn 0.0458 0.8711 -0.4890
vn 0.0429 0.8719 -0.4877
vn 0.0482 0.8734 -0.4846
vn 0.0468 0.8732 -0.4851
vn 0.0519 0.8713 -0.4881
vn 0.0061 0.8937 -0.4486
vn -0.0513 0.9050 -0.4222
vn 0.0123 0.8937 -0.4484
vn 0.0201 0.8929 -0.4498
vn -0.0157 0.9079 -0.4190
vn -0.0024 0.9057 -0.4240
vn -0.0105 0.9026 -0.4303
vn -0.0128 0.9111 -0.4119
vn -0.0300 0.9319 -0.3616
vn -0.0218 0.9416 -0.3360
vn -0.0383 0.9280 -0.3705
vn -0.0131 0.9102 -0.4139
vn 0.0602 0.9102 -0.4097
vn 0.0658 0.9080 -0.4137
vn 0.0640 0.9300 -0.3620
vn 0.1099 0.9376 -0.3298
vn 0.0581 0.9350 -0.3497
vn 0.0490 0.9539 -0.2961
vn -0.0504 0.9472 -0.3165
vn 0.0062 0.9327 -0.3606
vn 0.0695 0.9359 -0.3454
vn -0.0082 0.9472 -0.3204
vn 0.0134 0.9611 -0.2758
vn 0.0179 0.9469 -0.3211
vn 0.0350 0.9456 -0.3235
vn 0.0158 0.9495 -0.3134
vn -0.0000 0.9473 -0.3204
vn 0.0099 0.9654 -0.2607
vn 0.0549 0.9364 -0.3466
vn -0.0033 0.9723 -0.2338
vn -0.0182 0.9736 -0.2277
vn 0.0217 0.9625 -0.2705
vn -0.0374 0.9753 -0.2177
vn -0.0308 0.9546 -0.2964
vn -0.0036 0.9565 -0.2917
vn -0.0000 0.9614 -0.2750
vn -0.0348 0.9672 -0.2516
vn -0.0185 0.9751 -0.2208
vn -0.0270 0.9522 -0.3041
vn -0.0249 0.9499 -0.3115
vn -0.0347 0.9471 -0.3190
vn -0.0144 0.9491 -0.3145
vn -0.0236 0.9397 -0.3413
vn -0.0419 0.9507 -0.3072
vn -0.0344 0.9408 -0.3371
vn -0.0252 0.9404 -0.3390
vn 0.0000 0.9415 -0.3370
vn -0.0330 0.9444 -0.3273
vn -0.0110 0.9598 -0.2806
vn 0.0000 0.9245 -0.3812
vn -0.0127 0.9185 -0.3952
vn -0.0539 0.9312 -0.3605
vn -0.0218 0.9134 -0.4065
vn 0.0455 0.8932 -0.4473
vn 0.0809 0.9192 -0.3854
vn 0.0497 0.9104 -0.4108
vn 0.0406 0.9045 -0.4246
vn 0.0233 0.9033 -0.4283
vn 0.0306 0.9041 -0.4262
vn 0.0220 0.9025 -0.4301
vn 0.0204 0.9052 -0.4245
vn 0.2162 0.9284 -0.3022
vn 0.2004 0.9350 -0.2925
vn 0.2540 0.9003 -0.3535
vn 0.6036 0.7973 0.0065
vn 0.5725 0.8196 0.0223
vn 0.6496 0.7599 -0.0224
vn 0.8417 0.4976 0.2095
vn 0.7844 0.5494 0.2879
vn 0.8619 0.0176 0.5067
vn 0.8352 0.1133 0.5381
vn 0.6574 -0.4028 0.6368
vn 0.6356 -0.3907 0.6659
vn 0.6425 -0.4099 0.6474
vn 0.6303 -0.4030 0.6636
vn 0.6258 -0.3962 0.6719
vn 0.6026 -0.4192 0.6791
vn 0.6519 -0.3922 0.6489
vn 0.6354 -0.3944 0.6639
vn 0.5859 -0.3891 0.7109
vn 0.7087 -0.4350 0.5555
vn 0.7289 -0.4157 0.5440
vn 0.6172 -0.3591 0.7000
vn 0.7349 -0.3878 0.5564
vn 0.6030 -0.3257 0.7283
vn 0.7076 -0.4012 0.5817
vn 0.5973 -0.3144 0.7378
vn 0.6873 -0.4220 0.5913
vn 0.5611 -0.3655 0.7427
vn 0.7913 -0.5057 0.3436
vn 0.7661 -0.4828 0.4243
vn 0.5071 -0.8334 -0.2200
vn 0.4731 -0.8541 -0.2160
vn 0.7264 -0.4538 0.5162
vn 0.6211 -0.4146 0.6651
vn 0.4299 -0.8736 -0.2280
vn 0.3718 -0.9009 -0.2239
vn 0.3571 -0.3846 0.8512
vn 0.5078 -0.3955 0.7653
vn 0.2796 -0.9309 -0.2350
vn 0.1698 -0.9552 -0.2426
vn 0.0397 -0.9679 -0.2483
vn 0.3020 -0.3729 0.8774
vn 0.4746 -0.3986 0.7848
vn 0.2108 -0.3897 0.8965
vn 0.5061 -0.8364 -0.2108
vn 0.5073 -0.8341 -0.2165
vn 0.4982 -0.8375 -0.2244
vn 0.4814 -0.8550 -0.1931
vn 0.4525 -0.8743 -0.1754
vn 0.4056 -0.9052 -0.1267
vn 0.3714 -0.9218 -0.1111
vn 0.3448 -0.9373 -0.0498
vn 0.3059 -0.9519 -0.0155
vn 0.2590 -0.9646 0.0499
vn 0.2406 -0.9648 0.1060
vn 0.2547 -0.9607 0.1106
vn 0.2606 -0.9611 0.0912
vn 0.2442 -0.9692 0.0331
vn 0.2165 -0.9762 -0.0126
vn 0.1114 -0.9926 -0.0485
vn -0.0037 -0.9936 -0.1125
vn -0.1427 -0.9857 -0.0900
vn -0.2447 -0.9695 -0.0129
vn -0.2696 -0.9630 0.0039
vn -0.2788 -0.9598 0.0312
vn -0.3313 -0.9400 0.0820
vn -0.3021 -0.9526 0.0343
vn -0.3570 -0.9337 0.0255
vn -0.3110 -0.9502 -0.0211
vn -0.3413 -0.9332 -0.1127
vn -0.2715 -0.9612 -0.0479
vn -0.2938 -0.9410 -0.1680
vn -0.2846 -0.9206 -0.2674
vn -0.2162 -0.9525 -0.2144
vn -0.2139 -0.9152 -0.3417
vn -0.2030 -0.8558 -0.4758
vn -0.0965 -0.9170 -0.3870
vn -0.0914 -0.8584 -0.5047
vn -0.0704 -0.5640 -0.8228
vn 0.0401 -0.8511 -0.5235
vn 0.0795 -0.5047 -0.8597
vn 0.0898 -0.1652 -0.9822
vn 0.1658 -0.5806 -0.7971
vn 0.1710 -0.1493 -0.9739
vn 0.1686 0.2601 -0.9508
vn 0.2939 -0.1329 -0.9466
vn 0.2307 0.2910 -0.9285
vn 0.1399 0.6711 -0.7281
vn 0.3101 0.3223 -0.8944
vn 0.1741 0.7020 -0.6906
vn 0.0800 0.8430 -0.5319
vn 0.1569 0.7160 -0.6803
vn 0.0538 0.8412 -0.5380
vn 0.0576 0.8448 -0.5320
vn 0.0574 0.8454 -0.5311
vn 0.0603 0.8499 -0.5235
vn 0.0667 0.8693 -0.4897
vn 0.0621 0.8555 -0.5140
vn 0.0417 0.8519 -0.5220
vn 0.0499 0.8503 -0.5239
vn 0.0476 0.8575 -0.5123
vn 0.0530 0.8565 -0.5135
vn 0.0671 0.8556 -0.5133
vn 0.0323 0.8299 -0.5570
vn 0.0420 0.8459 -0.5317
vn 0.0552 0.8474 -0.5280
vn 0.0629 0.8428 -0.5345
vn 0.0528 0.8541 -0.5175
vn 0.0660 0.8521 -0.5192
vn 0.0602 0.8501 -0.5231
vn 0.0618 0.8572 -0.5112
vn 0.1933 0.7443 -0.6393
vn 0.2100 0.7734 -0.5981
vn 0.5592 0.4172 -0.7164
vn 0.5989 0.4490 -0.6631
vn 0.2155 0.7878 -0.5770
vn 0.6390 0.4695 -0.6094
vn 0.2218 0.7786 -0.5871
vn 0.7018 0.4844 -0.5223
vn 0.2580 0.7968 -0.5464
vn 0.0848 0.8577 -0.5071
vn 0.2849 0.7909 -0.5415
vn 0.0854 0.8474 -0.5240
vn 0.0642 0.8616 -0.5035
vn 0.0942 0.8539 -0.5118
vn 0.0414 0.8610 -0.5069
vn 0.0905 0.8518 -0.5159
vn 0.0642 0.8541 -0.5162
vn 0.0727 0.8495 -0.5226
vn 0.0511 0.8695 -0.4913
vn 0.0723 0.8690 -0.4895
vn 0.0916 0.8543 -0.5116
vn 0.0479 0.8661 -0.4975
vn 0.0587 0.8546 -0.5160
vn 0.0677 0.8609 -0.5042
vn 0.0484 0.8477 -0.5283
vn 0.0584 0.8517 -0.5208
vn 0.0677 0.8595 -0.5067
vn 0.0419 0.8402 -0.5406
vn 0.0655 0.8613 -0.5039
vn 0.1010 0.8537 -0.5108
vn 0.0726 0.8362 -0.5437
vn 0.0509 0.8530 -0.5194
vn 0.0523 0.8590 -0.5093
vn 0.0465 0.8559 -0.5150
vn 0.0633 0.8697 -0.4895
vn 0.0222 0.8487 -0.5284
vn 0.0412 0.8801 -0.4730
vn 0.0435 0.8547 -0.5173
vn 0.0360 0.8539 -0.5192
vn 0.0258 0.8494 -0.5271
vn 0.1075 0.8698 -0.4815
vn 0.0167 0.8443 -0.5355
vn 0.0479 0.8669 -0.4962
vn 0.0515 0.8659 -0.4975
vn 0.0513 0.8614 -0.5054
vn 0.0830 0.8716 -0.4831
vn 0.0439 0.8791 -0.4746
vn 0.0348 0.8751 -0.4827
vn 0.0561 0.8661 -0.4968
vn 0.0719 0.8723 -0.4836
vn 0.0684 0.8628 -0.5009
vn 0.0647 0.8545 -0.5155
vn 0.0551 0.8566 -0.5130
vn 0.0571 0.8646 -0.4992
vn 0.0977 0.8649 -0.4923
vn 0.0858 0.8726 -0.4809
vn 0.3001 0.8619 -0.4088
vn 0.2659 0.8753 -0.4039
vn 0.7412 0.6581 -0.1320
vn 0.7101 0.7006 -0.0705
vn 0.9137 0.3988 0.0780
vn 0.8779 0.4539 0.1527
vn 0.9403 -0.0124 0.3401
vn 0.9024 -0.0173 0.4306
vn 0.7254 -0.4259 0.5408
vn 0.6915 -0.4155 0.5909
vn 0.7204 -0.4290 0.5449
vn 0.6713 -0.4002 0.6238
vn 0.7583 -0.4755 0.4460
vn 0.7464 -0.4878 0.4528
vn 0.7102 -0.4434 0.5468
vn 0.7728 -0.5360 0.3399
vn 0.7841 -0.5714 0.2422
vn 0.7551 -0.5923 0.2811
vn 0.7490 -0.6283 0.2103
vn 0.7014 -0.7052 0.1031
vn 0.6394 -0.7687 -0.0137
vn 0.6986 -0.7141 0.0455
vn 0.6375 -0.7606 0.1229
vn 0.5674 -0.8233 0.0101
vn 0.5660 -0.8223 0.0600
vn 0.4833 -0.8755 -0.0051
vn 0.4981 -0.8664 0.0346
vn 0.4185 -0.9079 0.0238
vn 0.4420 -0.8970 -0.0045
vn 0.3685 -0.9293 0.0241
vn 0.3912 -0.9203 -0.0069
vn 0.3563 -0.9343 0.0105
vn 0.3791 -0.9251 -0.0236
vn 0.3415 -0.9395 0.0251
vn 0.3293 -0.9398 -0.0911
vn 0.3036 -0.9527 -0.0126
vn 0.2955 -0.9454 -0.1374
vn 0.2746 -0.9598 -0.0579
vn 0.1970 -0.9587 -0.2054
vn 0.2204 -0.9645 -0.1454
vn 0.1284 -0.9528 -0.2752
vn 0.1406 -0.9662 -0.2163
vn -0.0089 -0.9509 -0.3094
vn -0.0232 -0.9744 -0.2234
vn -0.1179 -0.9562 -0.2678
vn -0.1317 -0.9697 -0.2060
vn 0.0099 -0.9104 -0.4137
vn 0.1326 -0.8984 -0.4187
vn 0.1481 -0.8399 -0.5222
vn 0.2323 -0.8858 -0.4016
vn 0.2318 -0.8480 -0.4766
vn 0.2881 -0.5846 -0.7584
vn 0.3161 -0.8619 -0.3964
vn 0.3808 -0.5162 -0.7671
vn 0.3868 -0.1193 -0.9144
vn 0.5067 -0.5584 -0.6568
vn 0.4893 -0.0720 -0.8691
vn 0.3780 0.3496 -0.8573
vn 0.5925 -0.0357 -0.8048
vn 0.4422 0.3662 -0.8188
vn 0.6706 -0.0332 -0.7411
vn 0.4939 0.3876 -0.7783
vn 0.6954 -0.5107 -0.5056
vn 0.7699 -0.4237 -0.4772
vn 0.7471 -0.0030 -0.6647
vn 0.8506 -0.3852 -0.3579
vn 0.8138 0.0421 -0.5797
vn 0.9006 -0.3431 -0.2667
vn 0.8690 0.0753 -0.4891
vn 0.9519 -0.2166 -0.2166
vn 0.9116 0.1329 -0.3891
vn 0.9824 -0.1549 -0.1046
vn 0.9362 0.1744 -0.3052
vn 0.7309 0.5042 -0.4599
vn 0.9530 0.2332 -0.1933
vn 0.7496 0.5502 -0.3679
vn 0.3245 0.8088 -0.4905
vn 0.7582 0.5805 -0.2970
vn 0.3499 0.8051 -0.4790
vn 0.0833 0.8559 -0.5104
vn 0.3330 0.8387 -0.4308
vn 0.0830 0.8630 -0.4983
vn 0.7606 0.6124 -0.2154
vn 0.9530 0.2840 -0.1053
vn 0.9388 0.3445 -0.0058
vn 0.9851 -0.1163 0.1270
vn 0.9698 -0.0485 0.2392
vn 0.7754 -0.5180 0.3612
vn 0.7602 -0.4767 0.4415
vn 0.9851 -0.1681 0.0372
vn 0.7857 -0.5554 0.2723
vn 0.7695 -0.6070 0.1988
vn 0.7393 -0.6646 0.1083
vn 0.7003 -0.7015 0.1322
vn 0.7323 -0.6538 0.1905
vn 0.7052 -0.7086 0.0243
vn 0.6696 -0.7409 0.0525
vn 0.6703 -0.7414 -0.0317
vn 0.6086 -0.7933 -0.0135
vn 0.6103 -0.7817 -0.1285
vn 0.5392 -0.8408 -0.0484
vn 0.5465 -0.8095 -0.2146
vn 0.4822 -0.8684 -0.1157
vn 0.4913 -0.8326 -0.2559
vn 0.4536 -0.8740 -0.1741
vn 0.4135 -0.8572 -0.3069
vn 0.3981 -0.8836 -0.2465
vn 0.6009 -0.5943 -0.5345
vn 0.3336 -0.8849 -0.3249
vn 0.0701 0.8617 -0.5026
vn 0.0564 0.8479 -0.5271
vn 0.0440 0.8745 -0.4831
vn 0.0608 0.8463 -0.5293
vn 0.0434 0.8724 -0.4869
vn 0.0627 0.8433 -0.5337
vn 0.0871 0.8637 -0.4964
vn 0.0844 0.8344 -0.5447
vn 0.0837 0.8668 -0.4916
vn 0.0961 0.8686 -0.4861
vn 0.7133 0.7004 -0.0263
vn 0.1006 0.8723 -0.4785
vn 0.6546 0.7492 0.1010
vn 0.7377 0.6395 0.2164
vn 0.6589 0.7411 0.1290
vn 0.7130 0.6640 0.2254
vn 0.6501 0.6914 0.3151
vn -0.0000 0.8251 -0.5649
vn 0.6134 0.6854 0.3924
vn 0.0117 0.8256 -0.5642
vn 0.4660 0.7373 0.4891
vn 0.4478 0.7506 0.4859
vn 0.3041 0.8132 0.4962
vn 0.2951 0.8185 0.4930
vn 0.0666 0.8244 0.5621
vn 0.0865 0.8082 0.5825
vn -0.1798 0.7955 0.5787
vn -0.1494 0.8165 0.5577
vn 0.0633 0.9084 0.4133
vn -0.1535 0.8981 0.4120
vn 0.0663 0.9093 0.4108
vn 0.3046 0.8603 0.4089
vn 0.2056 0.9760 -0.0717
vn 0.1040 0.9944 0.0190
vn 0.2787 0.8662 0.4147
vn -0.0364 0.9518 -0.3044
vn 0.4441 0.8350 0.3250
vn 0.1168 0.8789 -0.4625
vn 0.4031 0.8457 0.3496
vn 0.0988 0.8992 -0.4262
vn 0.5336 0.8104 0.2419
vn 0.1508 0.8935 -0.4230
vn 0.1045 0.8862 -0.4513
vn 0.0813 0.8874 -0.4537
vn 0.0824 0.8935 -0.4415
vn 0.1207 0.8728 -0.4729
vn 0.0387 0.8644 -0.5014
vn 0.0823 0.8654 -0.4943
vn 0.0427 0.8711 -0.4892
vn 0.0432 0.8712 -0.4891
vn 0.0659 0.8479 -0.5260
vn 0.0748 0.8509 -0.5200
vn 0.0891 0.8585 -0.5050
vn 0.1066 0.8515 -0.5134
vn 0.5774 0.7887 0.2113
vn 0.8256 0.5556 0.0985
vn 0.8590 0.5120 0.0068
vn 0.8424 0.5389 -0.0040
vn 0.7201 0.6844 -0.1141
vn 0.7280 0.6760 -0.1145
vn 0.7244 0.6301 -0.2799
vn 0.0307 0.8508 -0.5245
vn 0.0731 0.8367 -0.5427
vn 0.6920 0.6403 -0.3332
vn 0.0230 0.8481 -0.5294
vn 0.8954 0.4163 -0.1582
vn 0.0789 0.8737 -0.4800
vn 0.0396 0.8580 -0.5122
vn 0.0436 0.8662 -0.4977
vn 0.0661 0.8621 -0.5024
vn 0.0531 0.8545 -0.5167
vn 0.1963 0.7363 -0.6476
vn -0.2426 -0.9619 -0.1262
vn 0.8350 -0.4827 0.2642
vn 0.2431 0.8976 -0.3678
vn 0.0354 0.8791 -0.4753
vn 0.0459 0.8708 -0.4895
vn -0.0288 0.9108 -0.4119
vn -0.0773 0.9186 -0.3876
vn 0.0333 0.9337 -0.3564
vn -0.0466 0.9425 -0.3311
vn -0.0297 0.9545 -0.2968
vn -0.0178 0.9338 -0.3574
vn -0.0534 0.9547 -0.2927
vn -0.0319 0.9515 -0.3058
vn -0.0600 0.9617 -0.2675
vn -0.0275 0.9443 -0.3280
vn -0.0738 0.9661 -0.2473
vn -0.0769 0.9650 -0.2508
vn -0.0485 0.9603 -0.2747
vn -0.0964 0.9766 -0.1923
vn -0.1124 0.9742 -0.1959
vn -0.1390 0.9822 -0.1266
vn -0.1196 0.9858 -0.1177
vn -0.0953 0.9802 -0.1738
vn -0.0680 0.9932 -0.0941
vn -0.0556 0.9871 -0.1503
vn -0.0697 0.9878 -0.1393
vn -0.0405 0.9898 -0.1368
vn -0.0407 0.9813 -0.1881
vn -0.1588 0.9806 -0.1150
vn -0.1345 0.9847 -0.1106
vn -0.3719 0.9266 -0.0550
vn -0.3311 0.9401 -0.0813
vn -0.6764 0.7361 -0.0249
vn -0.6576 0.7517 -0.0495
vn -0.3150 0.9403 -0.1288
vn -0.9027 0.4301 -0.0111
vn -0.8905 0.4540 0.0297
vn -0.9917 -0.1156 0.0563
vn -0.9961 -0.0797 0.0382
vn -0.9944 -0.0944 0.0473
vn -0.9874 -0.1518 0.0457
vn -0.9901 -0.1346 0.0390
vn -0.9830 -0.1731 0.0605
vn -0.9527 -0.2975 0.0622
vn -0.9573 -0.2859 0.0439
vn -0.8783 -0.4743 0.0606
vn -0.8839 -0.4669 0.0277
vn -0.7638 -0.6436 0.0496
vn -0.7727 -0.6342 0.0284
vn -0.5771 -0.8161 0.0292
vn -0.5761 -0.8168 0.0322
vn -0.3356 -0.9420 -0.0031
vn -0.3352 -0.9420 0.0151
vn -0.0550 -0.9984 -0.0151
vn -0.0784 -0.9967 -0.0226
vn -0.0461 -0.9989 -0.0015
vn 0.2468 -0.9690 -0.0064
vn 0.5526 -0.8331 0.0256
vn 0.7797 -0.6222 0.0707
vn 0.8848 -0.4537 0.1066
vn 0.9320 -0.3382 0.1303
vn 0.9550 -0.2769 0.1066
vn 0.9733 -0.1813 0.1406
vn 0.9825 -0.0917 0.1619
vn 0.9819 -0.0638 0.1782
vn 0.8226 0.5062 0.2591
vn 0.4017 0.8861 0.2311
vn 0.0172 0.9869 0.1606
vn -0.1764 0.9781 0.1105
vn -0.1900 0.9813 0.0315
vn -0.1781 0.9835 0.0327
vn -0.1507 0.9880 0.0340
vn -0.1338 0.9908 -0.0194
vn -0.1865 0.9820 -0.0308
vn -0.1253 0.9893 -0.0748
vn -0.1608 0.9830 -0.0888
vn -0.0900 0.9940 -0.0622
vn -0.1170 0.9920 -0.0473
vn -0.1899 0.9803 -0.0550
vn -0.0904 0.9928 -0.0786
vn -0.4330 0.9013 -0.0148
vn -0.7128 0.7005 0.0350
vn -0.9084 0.4135 0.0621
vn -0.8999 0.4349 0.0321
vn -0.6890 0.7248 -0.0024
vn -0.9937 -0.0940 0.0607
vn -0.9920 -0.1059 0.0682
vn -0.9793 -0.1889 0.0724
vn -0.9412 -0.3281 0.0801
vn -0.8745 -0.4793 0.0746
vn -0.8622 -0.5012 0.0734
vn -0.7412 -0.6678 0.0685
vn -0.7519 -0.6570 0.0544
vn -0.5647 -0.8240 0.0471
vn -0.7187 -0.6914 0.0742
vn -0.5468 -0.8352 0.0586
vn -0.3189 -0.9471 0.0354
vn -0.2901 -0.9561 0.0413
vn -0.0238 -0.9994 0.0256
vn 0.3245 -0.9457 0.0180
vn 0.6204 -0.7837 0.0310
vn 0.8120 -0.5820 0.0439
vn 0.9145 -0.3988 0.0679
vn 0.9260 -0.3678 0.0855
vn 0.9643 -0.2434 0.1040
vn 0.9783 -0.1673 0.1222
vn 0.9865 -0.0846 0.1404
vn 0.9868 -0.0427 0.1560
vn 0.8414 0.4700 0.2667
vn 0.4820 0.8286 0.2848
vn 0.0589 0.9681 0.2433
vn -0.1131 0.9755 0.1890
vn -0.1874 0.9691 0.1606
vn -0.1673 0.9820 0.0872
vn -0.1802 0.9796 0.0890
vn -0.1339 0.9858 0.1015
vn -0.1858 0.9814 0.0478
vn -0.1248 0.9915 0.0364
vn -0.1417 0.9898 0.0135
vn -0.1153 0.9933 -0.0048
vn -0.3140 0.9488 0.0339
vn -0.5460 0.8343 0.0766
vn -0.4868 0.8729 0.0320
vn -0.2538 0.9672 -0.0136
vn -0.7840 0.6099 0.1154
vn -0.7519 0.6555 0.0701
vn -0.9232 0.3630 0.1262
vn -0.9164 0.3896 0.0922
vn -0.9883 -0.1219 0.0916
vn -0.9701 -0.2212 0.1001
vn -0.9384 -0.3335 0.0901
vn -0.9320 -0.3441 0.1140
vn -0.8480 -0.5218 0.0927
vn -0.8354 -0.5371 0.1166
vn -0.7001 -0.7087 0.0867
vn -0.5157 -0.8547 0.0597
vn -0.4896 -0.8680 0.0825
vn -0.2477 -0.9672 0.0560
vn 0.0302 -0.9982 0.0521
vn 0.3936 -0.9181 0.0461
vn 0.6627 -0.7469 0.0537
vn 0.8352 -0.5457 0.0681
vn 0.8549 -0.5097 0.0961
vn 0.9297 -0.3509 0.1118
vn 0.9642 -0.2346 0.1238
vn 0.9773 -0.1662 0.1310
vn 0.9849 -0.0781 0.1543
vn 0.9855 -0.0469 0.1632
vn 0.8379 0.4429 0.3189
vn 0.5406 0.7544 0.3724
vn 0.1174 0.9355 0.3333
vn -0.0312 0.9602 0.2775
vn -0.1734 0.9587 0.2254
vn -0.1940 0.9575 0.2137
vn -0.1694 0.9686 0.1821
vn -0.1788 0.9699 0.1654
vn -0.3104 0.9284 0.2041
vn -0.4458 0.8820 0.1531
vn -0.2553 0.9586 0.1264
vn -0.6705 0.7197 0.1801
vn -0.6088 0.7842 0.1201
vn -0.3802 0.9210 0.0847
vn -0.8265 0.5440 0.1450
vn -0.9365 0.3076 0.1685
vn -0.9817 -0.1421 0.1266
vn -0.9623 -0.2468 0.1148
vn -0.9756 -0.1469 0.1631
vn -0.9543 -0.2637 0.1405
vn -0.9166 -0.3782 0.1298
vn -0.8984 -0.4124 0.1512
vn -0.8149 -0.5635 0.1357
vn -0.6818 -0.7226 0.1142
vn -0.6468 -0.7496 0.1403
vn -0.4660 -0.8765 0.1206
vn -0.2037 -0.9743 0.0963
vn 0.0906 -0.9928 0.0781
vn 0.4562 -0.8875 0.0657
vn 0.7067 -0.7036 0.0745
vn 0.7420 -0.6616 0.1082
vn 0.8683 -0.4840 0.1090
vn 0.8703 -0.4690 0.1502
vn 0.9241 -0.3459 0.1628
vn 0.9311 -0.3486 0.1075
vn 0.9594 -0.2200 0.1768
vn 0.9676 -0.2206 0.1229
vn 0.9707 -0.1610 0.1786
vn 0.9746 -0.1639 0.1525
vn 0.9735 -0.0894 0.2107
vn 0.9811 -0.0834 0.1745
vn 0.9718 -0.0672 0.2260
vn 0.9809 -0.0538 0.1868
vn 0.8407 0.3512 0.4121
vn 0.8351 0.4081 0.3689
vn 0.6273 0.6166 0.4757
vn 0.5830 0.6929 0.4243
vn 0.3456 0.8207 0.4549
vn 0.2213 0.8870 0.4054
vn 0.1059 0.9088 0.4035
vn 0.0428 0.9388 0.3419
vn -0.1121 0.9234 0.3671
vn -0.1377 0.9454 0.2953
vn -0.2048 0.9104 0.3596
vn -0.2014 0.9393 0.2778
vn -0.2709 0.9152 0.2985
vn -0.3519 0.8935 0.2789
vn -0.2193 0.9463 0.2377
vn -0.5548 0.7617 0.3346
vn -0.7314 0.6325 0.2550
vn -0.4947 0.8385 0.2286
vn -0.8846 0.3774 0.2739
vn -0.9524 0.2176 0.2136
vn -0.8632 0.4630 0.2014
vn -0.9510 0.1598 0.2648
vn -0.9669 -0.1537 0.2038
vn -0.9461 -0.2720 0.1759
vn -0.9339 -0.2755 0.2279
vn -0.8795 -0.4358 0.1911
vn -0.7909 -0.5898 0.1635
vn -0.7642 -0.6118 0.2040
vn -0.6208 -0.7650 0.1714
vn -0.5946 -0.7734 0.2197
vn -0.4110 -0.8912 0.1918
vn -0.4327 -0.8902 0.1422
vn -0.1058 -0.9810 0.1627
vn -0.1636 -0.9798 0.1146
vn 0.2081 -0.9661 0.1526
vn 0.1506 -0.9829 0.1062
vn 0.5514 -0.8237 0.1323
vn 0.5093 -0.8539 0.1075
vn 0.7665 -0.6269 0.1398
vn 0.7947 -0.5794 0.1811
vn 0.8777 -0.4409 0.1879
vn 0.9209 -0.3390 0.1923
vn 0.9546 -0.2210 0.1999
vn 0.9602 -0.1640 0.2263
vn 0.9635 -0.0951 0.2503
vn 0.9607 -0.0768 0.2666
vn 0.8563 0.2555 0.4488
vn 0.7145 0.4979 0.4915
vn 0.4450 0.7318 0.5162
vn 0.1937 0.8509 0.4883
vn -0.0529 0.8947 0.4436
vn -0.2241 0.8767 0.4256
vn -0.3530 0.8259 0.4396
vn -0.4458 0.7876 0.4254
vn -0.3090 0.8708 0.3823
vn -0.6219 0.6348 0.4586
vn -0.6092 0.6841 0.4011
vn -0.4018 0.8447 0.3537
vn -0.7721 0.4792 0.4174
vn -0.8878 0.2900 0.3573
vn -0.7571 0.5414 0.3656
vn -0.9298 0.1486 0.3368
vn -0.9524 -0.1639 0.2570
vn -0.9373 -0.1757 0.3010
vn -0.9214 -0.2768 0.2728
vn -0.8994 -0.2701 0.3435
vn -0.8335 -0.4675 0.2946
vn -0.8626 -0.4497 0.2317
vn -0.7413 -0.6207 0.2553
vn -0.7219 -0.6171 0.3131
vn -0.5763 -0.7706 0.2722
vn -0.3750 -0.8940 0.2453
vn -0.0290 -0.9720 0.2334
vn 0.2674 -0.9364 0.2271
vn 0.3284 -0.8871 0.3244
vn 0.6376 -0.7119 0.2943
vn 0.5860 -0.7841 0.2046
vn 0.6886 -0.5854 0.4279
vn 0.7996 -0.4508 0.3966
vn 0.8075 -0.5258 0.2674
vn 0.8756 -0.3330 0.3500
vn 0.8862 -0.3925 0.2462
vn 0.8020 -0.3448 0.4878
vn 0.8655 -0.2511 0.4335
vn 0.8656 -0.2182 0.4506
vn 0.9165 -0.1439 0.3734
vn 0.9184 -0.2104 0.3350
vn 0.9450 -0.1190 0.3047
vn 0.9426 -0.1813 0.2803
vn 0.9215 -0.1347 0.3642
vn 0.9422 -0.0928 0.3221
vn 0.8277 0.1031 0.5517
vn 0.8719 0.1544 0.4647
vn 0.7035 0.2647 0.6595
vn 0.7395 0.3718 0.5611
vn 0.5360 0.4605 0.7076
vn 0.5009 0.6153 0.6087
vn 0.2252 0.6369 0.7373
vn 0.2481 0.7600 0.6007
vn -0.0664 0.6909 0.7199
vn -0.0198 0.8101 0.5859
vn -0.2129 0.6768 0.7047
vn -0.2113 0.8042 0.5556
vn -0.1667 0.5107 0.8435
vn -0.3692 0.4851 0.7927
vn -0.5153 0.2827 0.8090
vn -0.6877 0.2932 0.6642
vn -0.5695 0.4963 0.6552
vn -0.7320 0.3337 0.5940
vn -0.6357 0.5208 0.5697
vn -0.7736 0.3729 0.5123
vn -0.6403 0.5747 0.5096
vn -0.8545 0.2359 0.4628
vn -0.7789 0.4090 0.4754
vn -0.8861 0.1309 0.4446
vn -0.9112 0.1598 0.3798
vn -0.8857 0.2428 0.3957
vn -0.9078 -0.1839 0.3769
vn -0.8812 -0.1610 0.4445
vn -0.8690 -0.2739 0.4122
vn -0.8013 -0.2830 0.5271
vn -0.7616 -0.4214 0.4924
vn -0.8141 -0.4558 0.3599
vn -0.7211 -0.2639 0.6405
vn -0.6761 -0.4217 0.6042
vn -0.5255 -0.2846 0.8017
vn -0.4237 -0.5196 0.7420
vn -0.1271 -0.6309 0.7654
vn -0.0427 -0.8331 0.5515
vn -0.3174 -0.7528 0.5767
vn 0.0051 -0.9325 0.3610
vn -0.3164 -0.8598 0.4007
vn 0.3817 -0.5961 0.7064
vn 0.3828 -0.7819 0.4920
vn 0.3018 -0.3910 0.8695
vn 0.6454 -0.2996 0.7026
vn 0.7042 -0.4525 0.5472
vn 0.5449 -0.1916 0.8163
vn 0.7357 -0.1734 0.6548
vn 0.7865 -0.2647 0.5580
vn 0.6768 -0.0101 0.7361
vn 0.7461 0.0543 0.6637
vn 0.8431 -0.1567 0.5143
vn 0.4426 -0.0873 0.8925
vn 0.0919 -0.1062 0.9901
vn 0.1852 -0.1832 0.9655
vn 0.0186 0.1201 0.9926
vn -0.3767 -0.0916 0.9218
vn -0.3590 0.1461 0.9218
vn -0.6083 -0.0599 0.7915
vn -0.5972 0.1402 0.7897
vn -0.7309 -0.0191 0.6822
vn -0.7146 0.1724 0.6780
vn -0.8130 0.0282 0.5816
vn -0.7810 0.2008 0.5913
vn -0.8615 0.0898 0.4998
vn -0.8357 0.2234 0.5017
vn -0.7342 -0.1386 0.6647
vn -0.8132 -0.1398 0.5650
vn -0.5716 -0.1627 0.8042
vn -0.3380 -0.2087 0.9177
vn 0.0471 0.2966 0.9538
vn -0.2887 0.3109 0.9055
vn -0.2444 -0.3735 0.8948
vn 0.1475 0.4667 0.8721
vn 0.4920 0.3335 0.8042
vn 0.6786 0.1849 0.7109
vn -0.4888 0.7340 0.4716
vn -0.0321 0.9519 -0.3046
vn -0.0361 0.9491 -0.3129
vn -0.0395 0.9334 -0.3566
vn -0.0333 0.9448 -0.3260
vn 0.0434 0.9489 -0.3127
vn 0.0255 0.9536 -0.3001
vn -0.0104 0.9089 -0.4170
vn -0.9323 0.1134 0.3435
vn 0.0308 0.8263 -0.5623
vn 0.0354 0.8312 -0.5548
vn 0.8236 0.1921 -0.5336
vn 0.8269 0.2173 -0.5186
vn 0.7647 0.1756 -0.6200
vn 0.6133 0.4573 -0.6440
vn 0.6020 0.5033 -0.6199
vn 0.5675 0.4066 -0.7160
vn 0.0879 0.8776 -0.4712
vn 0.0782 0.8813 -0.4660
vn 0.0809 0.8404 -0.5359
vn 0.0872 0.8228 -0.5616
vn 0.0943 0.8353 -0.5416
vn 0.0971 0.8384 -0.5363
vn 0.0727 0.8484 -0.5243
vn 0.0458 0.8532 -0.5196
vn 0.0688 0.8412 -0.5363
vn 0.0482 0.8595 -0.5089
vn 0.0480 0.8631 -0.5027
vn 0.0468 0.8557 -0.5153
vn 0.0403 0.8509 -0.5237
vn 0.0646 0.8472 -0.5274
vn 0.0371 0.8483 -0.5282
vn 0.0268 0.8104 -0.5853
vn 0.0385 0.8145 -0.5789
vn 0.0430 0.8016 -0.5963
vn -0.0565 0.5886 -0.8065
vn -0.0125 0.6095 -0.7927
vn -0.1111 0.5796 -0.8073
vn -0.2522 0.1978 -0.9472
vn -0.1805 0.2000 -0.9630
vn -0.3576 0.2250 -0.9064
vn -0.4665 -0.1414 -0.8731
vn -0.3340 -0.1543 -0.9298
vn -0.5651 -0.1254 -0.8154
vn -0.5970 -0.4842 -0.6396
vn -0.5061 -0.5585 -0.6573
vn -0.7017 -0.4057 -0.5857
vn -0.5359 -0.8375 -0.1065
vn -0.4889 -0.8560 -0.1680
vn -0.7696 -0.3732 -0.5181
vn -0.5830 -0.8108 -0.0520
vn -0.8575 -0.3802 -0.3467
vn -0.6520 -0.7579 0.0230
vn -0.8946 -0.3724 -0.2470
vn -0.7018 -0.7096 0.0627
vn -0.7395 -0.6619 0.1224
vn -0.7255 -0.6743 0.1380
vn -0.6755 -0.7323 0.0858
vn -0.7819 -0.5953 0.1851
vn -0.7696 -0.6189 0.1574
vn -0.8320 -0.5125 0.2126
vn -0.8093 -0.5570 0.1863
vn -0.8398 -0.5121 0.1804
vn -0.7751 -0.6141 0.1487
vn -0.7578 -0.6294 0.1721
vn -0.7092 -0.6935 0.1264
vn -0.6970 -0.7002 0.1546
vn -0.6726 -0.7321 0.1080
vn -0.6459 -0.7522 0.1305
vn -0.6324 -0.7651 0.1209
vn -0.6303 -0.7709 0.0917
vn -0.6007 -0.7931 0.1002
vn -0.5925 -0.8047 0.0377
vn -0.5424 -0.8372 0.0697
vn -0.6689 -0.7390 0.0800
vn -0.6374 -0.7702 0.0247
vn -0.6844 -0.7250 0.0776
vn -0.6729 -0.7386 0.0409
vn -0.6859 -0.7236 0.0771
vn -0.7129 -0.6990 0.0569
vn -0.6864 -0.7209 0.0957
vn -0.7425 -0.6625 0.0990
vn -0.6728 -0.7142 0.1931
vn -0.7471 -0.6352 0.1956
vn -0.6307 -0.6923 0.3506
vn -0.6975 -0.6242 0.3520
vn -0.5423 -0.6620 0.5174
vn -0.6217 -0.5952 0.5092
vn -0.3912 -0.6081 0.6908
vn -0.4975 -0.5350 0.6829
vn -0.2515 -0.5385 0.8042
vn -0.3433 -0.4717 0.8122
vn -0.1091 -0.4694 0.8762
vn -0.1998 -0.4189 0.8858
vn 0.0143 -0.5394 0.8419
vn 0.1069 -0.4479 0.8877
vn 0.0173 -0.3918 0.9199
vn 0.1521 -0.6891 0.7085
vn 0.2189 -0.5865 0.7798
vn 0.2960 -0.8275 0.4771
vn 0.3362 -0.7253 0.6007
vn 0.1372 -0.9160 0.3769
vn -0.0010 -0.7916 0.6111
vn -0.1410 -0.8847 0.4443
vn -0.1408 -0.6464 0.7499
vn -0.2843 -0.7286 0.6232
vn -0.2045 -0.9667 0.1536
vn -0.0187 -0.9629 0.2691
vn -0.2880 -0.9209 0.2628
vn -0.4493 -0.8897 0.0814
vn -0.4218 -0.7986 0.4294
vn -0.5331 -0.8164 0.2222
vn -0.1585 -0.9840 0.0811
vn 0.0547 -0.9891 0.1368
vn -0.3991 -0.9163 0.0341
vn -0.6874 -0.7219 0.0801
vn -0.6849 -0.7263 0.0588
vn -0.7215 -0.6865 0.0906
vn -0.7232 -0.6889 0.0488
vn -0.8107 -0.5821 0.0622
vn -0.7927 -0.5989 0.1136
vn -0.9038 -0.4235 0.0619
vn -0.8258 -0.5638 0.0142
vn -0.8819 -0.4624 0.0920
vn -0.9298 -0.3451 0.1276
vn -0.8651 -0.4832 0.1343
vn -0.8993 -0.4004 0.1759
vn -0.9964 -0.0676 0.0507
vn -0.8657 -0.4492 0.2209
vn -1.0000 0.0000 -0.0000
vn -0.9584 0.2557 -0.1268
vn -0.9957 -0.0920 0.0065
vn -0.9543 0.2351 -0.1843
vn -0.7864 0.5104 -0.3480
vn -0.9397 0.1757 -0.2936
vn -0.7834 0.4534 -0.4251
vn -0.4644 0.7186 -0.5176
vn -0.7546 0.4135 -0.5096
vn -0.4636 0.6751 -0.5739
vn -0.1101 0.8296 -0.5473
vn -0.4291 0.6454 -0.6320
vn -0.1141 0.8084 -0.5775
vn -0.0254 0.8415 -0.5396
vn -0.1259 0.7963 -0.5917
vn 0.0097 0.8395 -0.5432
vn 0.0581 0.8487 -0.5257
vn 0.0245 0.8536 -0.5203
vn 0.0298 0.8528 -0.5214
vn 0.0257 0.8310 -0.5557
vn 0.0348 0.8552 -0.5171
vn 0.0421 0.8531 -0.5201
vn -0.1339 0.6350 -0.7608
vn 0.0450 0.8571 -0.5131
vn -0.0830 0.6619 -0.7450
vn -0.2043 0.2708 -0.9407
vn 0.0073 0.7330 -0.6802
vn -0.0959 0.3010 -0.9488
vn -0.1337 0.0031 -0.9910
vn 0.0886 0.3851 -0.9186
vn 0.0843 0.0012 -0.9964
vn 0.0522 -0.1296 -0.9902
vn 0.1637 0.0502 -0.9852
vn 0.2047 -0.1462 -0.9678
vn 0.2528 -0.1030 -0.9620
vn -0.4254 0.4146 0.8045
vn -0.4702 0.4058 0.7837
vn -0.6520 0.3387 0.6784
vn -0.7065 0.3173 0.6326
vn -0.7849 0.2570 0.5638
vn -0.8110 0.2188 0.5426
vn -0.9164 0.1297 0.3786
vn 0.6532 0.0584 -0.7550
vn 0.7148 0.1388 -0.6854
vn 0.5546 0.0356 -0.8314
vn 0.4692 0.3324 -0.8182
vn 0.5193 0.3918 -0.7595
vn 0.3851 0.2406 -0.8910
vn 0.0775 0.7354 -0.6732
vn 0.1295 0.8260 -0.5487
vn 0.1239 0.6553 -0.7451
vn 0.0319 0.8588 -0.5113
vn 0.0175 0.8393 -0.5433
vn 0.0646 0.8457 -0.5297
vn 0.0519 0.8516 -0.5216
vn 0.0336 0.8401 -0.5413
vn 0.0739 0.8590 -0.5066
vn 0.0804 0.8480 -0.5239
vn 0.0434 0.8519 -0.5219
vn 0.0341 0.8455 -0.5329
vn 0.0244 0.8438 -0.5361
vn 0.0683 0.8428 -0.5339
vn 0.0433 0.8464 -0.5307
vn 0.0072 0.7952 -0.6063
vn -0.0046 0.8039 -0.5947
vn -0.0383 0.8030 -0.5948
vn -0.2457 0.5558 -0.7942
vn -0.1892 0.5672 -0.8016
vn -0.2990 0.5795 -0.7582
vn -0.5355 0.2288 -0.8130
vn -0.4400 0.2345 -0.8668
vn -0.5961 0.2598 -0.7598
vn -0.7252 -0.0600 -0.6859
vn -0.6591 -0.0801 -0.7478
vn -0.6584 0.3130 -0.6845
vn -0.8247 -0.0233 -0.5651
vn -0.7125 0.3670 -0.5980
vn -0.8768 0.0154 -0.4805
vn -0.3809 0.6202 -0.6857
vn -0.3544 0.5985 -0.7185
vn -0.1093 0.7879 -0.6060
vn -0.0582 0.7881 -0.6128
vn 0.0294 0.8426 -0.5378
vn 0.0368 0.8443 -0.5347
vn 0.0464 0.8452 -0.5324
vn 0.0255 0.8418 -0.5391
vn 0.0481 0.8609 -0.5065
vn 0.0526 0.8648 -0.4993
vn 0.0786 0.8047 -0.5884
vn 0.0586 0.8377 -0.5429
vn 0.1233 0.4742 -0.8717
vn 0.1264 0.5872 -0.7995
vn 0.2242 0.0725 -0.9718
vn 0.2826 0.1232 -0.9513
vn 0.3423 -0.0737 -0.9367
vn 0.5159 0.0088 -0.8566
vn -0.9218 0.1033 -0.3736
vn -0.9809 -0.1723 -0.0902
vn -0.9457 -0.2676 -0.1847
vn 0.0170 0.8457 -0.5334
vn -0.4985 -0.8659 -0.0410
vn 0.2099 -0.3762 0.9024
vn 0.4789 -0.2904 0.8285
vn -0.0009 0.9257 -0.3783
vn -0.0264 0.9420 -0.3346
vn -0.6726 0.7339 -0.0947
vn 0.0202 0.8961 -0.4434
vn -0.3386 0.8661 -0.3676
vn -0.8428 -0.5380 -0.0143
vn 0.2919 -0.9514 0.0981
vn 0.5014 -0.8579 0.1124
vn 0.4926 -0.8560 0.1569
vn -0.6426 -0.7581 0.1113
vn 0.0467 0.8676 -0.4951
vn 0.0430 0.8567 -0.5140
vn 0.0023 0.9011 -0.4337
vn -0.0261 0.9235 -0.3826
vn 0.1043 0.8762 -0.4705
vn 0.0648 0.8345 -0.5472
vn 0.9576 -0.1951 0.2122
vn 0.9606 -0.1944 0.1985
vn 0.9545 -0.1732 0.2428
vn 0.9640 -0.1349 0.2289
vn 0.8400 -0.4984 0.2145
vn 0.8656 -0.4844 0.1271
vn 0.9261 -0.1573 0.3429
vn 0.9325 -0.0951 0.3483
vn 0.1728 0.9525 -0.2507
vn 0.0807 0.9104 -0.4058
vn 0.1029 0.8699 -0.4824
vn 0.1176 0.9368 -0.3295
vn 0.0327 0.9235 -0.3823
vn 0.0478 0.9098 -0.4124
vn 0.1239 0.9285 -0.3500
vn -0.0122 0.9528 -0.3034
vn -0.0633 0.9660 -0.2508
vn -0.0041 0.9059 -0.4236
vn 0.0474 0.9069 -0.4187
vn 0.0534 0.9298 -0.3643
vn -0.0065 0.9133 -0.4072
vn 0.0420 0.8480 -0.5283
vn 0.0493 0.8792 -0.4739
vn 0.0451 0.8777 -0.4770
vn -0.9899 -0.0707 -0.1225
vn -0.9062 -0.2114 -0.3662
vn -0.7399 -0.3363 -0.5826
vn -0.5369 -0.4218 -0.7306
vn -0.9912 0.0661 0.1145
vn -0.9333 0.1795 0.3109
vn -0.8192 0.2867 0.4966
vn -0.1961 0.4903 0.8492
vn 0.0995 0.4975 0.8617
vn 0.5039 0.4319 0.7481
vn 0.8437 0.2684 0.4649
vn 0.9487 0.1581 0.2739
vn 0.9971 0.0383 0.0664
vn 0.9965 -0.0415 -0.0719
vn 0.9487 -0.1581 -0.2739
vn 0.8480 -0.2650 -0.4590
vn 0.7593 -0.3254 -0.5636
vn 0.7071 -0.3536 -0.6124
vn 0.4961 -0.4341 -0.7519
vn 0.4061 -0.4569 -0.7914
vn 0.2425 -0.4851 -0.8402
vn 0.0905 -0.4979 -0.8625
vn -0.1961 -0.4903 -0.8492
vn -0.3162 -0.4743 -0.8216
vn -0.4472 0.4472 0.7746
vn -0.6690 0.3716 0.6437
vn -0.0995 0.4975 0.8617
vn 0.3162 0.4743 0.8216
vn 0.7071 0.3536 0.6124
vn -0.2873 0.4789 0.8295
vn -0.0905 0.4979 0.8625
vn 0.8437 -0.2684 -0.4649
vn 0.6757 -0.3686 -0.6384
vn 0.6585 0.3763 0.6518
vn 0.8000 0.3000 0.5196
vn 0.8944 0.2236 0.3873
vn 0.9191 0.1970 0.3411
vn 0.4229 -0.4531 -0.7848
vn 0.1168 -0.4966 -0.8601
vn -0.1644 -0.4932 -0.8542
vn -0.4961 -0.4341 -0.7519
vn 0.9285 -0.1857 -0.3216
vn 0.9939 -0.0552 -0.0956
vn 1.0000 0.0000 -0.0000
vn 0.9762 0.1085 0.1879
vn -0.9648 -0.1316 -0.2279
vn -0.6139 0.3947 0.6836
vn -0.4061 0.4569 0.7914
vn 0.2873 0.4789 0.8295
vn 0.5145 0.4287 0.7426
vn -0.9864 0.0822 0.1424
vn -0.8944 0.2236 0.3873
vn -0.7526 0.3293 0.5703
vn -0.9959 -0.0453 -0.0784
vn -0.8779 -0.2394 -0.4147
vn 0.1219 0.9282 -0.3514
vn 0.0025 0.9438 -0.3305
vn -0.0025 0.9525 -0.3046
vn 0.0136 0.9397 -0.3419
vn 0.0220 0.9816 -0.1897
vn -0.7071 0.3536 0.6124
vn -0.8000 0.3000 0.5196
vn -0.3162 0.4743 0.8216
vn 0.0624 0.4990 0.8643
vn 0.8192 0.2867 0.4966
vn 0.9950 0.0498 0.0862
vn -0.9701 0.1213 0.2100
vn -0.9363 0.1756 0.3041
vn 0.9701 -0.1213 -0.2100
vn 0.6402 -0.3841 -0.6653
vn 0.3714 -0.4642 -0.8041
vn -0.5547 -0.4160 -0.7206
vn 0.0000 -0.5000 -0.8660
vn -0.7526 -0.3293 -0.5703
vn -0.9701 -0.1213 -0.2100
vn -0.9762 -0.1085 -0.1879
vn -0.8480 -0.2650 -0.4590
vn -0.9939 0.0552 0.0956
vn 0.5735 0.4096 0.7095
vn 0.6918 -0.5194 0.5017
vn 0.6774 -0.4523 0.5800
vn 0.9419 -0.2830 0.1808
vn 0.8914 -0.4079 0.1975
vn 0.9436 -0.2970 0.1464
vn 0.0350 -0.5338 -0.8449
vn 0.0242 -0.5327 -0.8459
vn 0.1027 -0.5474 -0.8306
vn 0.1021 -0.5472 -0.8307
vn 0.2169 -0.5869 -0.7801
vn 0.3153 -0.6263 -0.7130
vn 0.3832 -0.6586 -0.6476
vn 0.4449 -0.6956 -0.5642
vn 0.4861 -0.7265 -0.4857
vn 0.5286 -0.7680 -0.3616
vn 0.5549 -0.8111 -0.1849
vn 0.5518 -0.8308 -0.0723
vn 0.5227 -0.8489 0.0780
vn 0.4700 -0.8560 0.2152
vn 0.4050 -0.8543 0.3257
vn 0.3390 -0.8472 0.4090
vn -0.2157 -0.5850 -0.7818
vn -0.2109 -0.5832 -0.7845
vn -0.1281 -0.5558 -0.8214
vn -0.0830 -0.5432 -0.8355
vn -0.0659 -0.5396 -0.8393
vn -0.0340 -0.5355 -0.8438
vn 0.0016 -0.5334 -0.8459
vn -0.3278 -0.6343 -0.7001
vn -0.3678 -0.6535 -0.6615
vn -0.4151 -0.6795 -0.6050
vn -0.4827 -0.7228 -0.4946
vn -0.5298 -0.7651 -0.3660
vn -0.5574 -0.8090 -0.1867
vn -0.5539 -0.8294 -0.0720
vn -0.5298 -0.8464 0.0547
vn -0.4706 -0.8557 0.2154
vn -0.4160 -0.8546 0.3108
vn -0.3173 -0.8446 0.4312
vn -0.2507 -0.8349 0.4900
vn -0.1575 -0.8206 0.5494
vn -0.1022 -0.8126 0.5738
vn -0.0473 -0.8063 0.5896
vn -0.0239 -0.8045 0.5934
vn -0.0042 -0.8042 0.5943
vn 0.0326 -0.8053 0.5920
vn 0.0530 -0.8069 0.5883
vn 0.1073 -0.8131 0.5722
vn 0.1698 -0.8212 0.5448
vn 0.1861 -0.8238 0.5354
vn 0.3006 -0.8423 0.4474
vn 0.9406 0.1333 -0.3121
vn 0.8799 0.0157 -0.4749
vn 0.2330 -0.5440 0.8061
vn 0.2250 -0.4982 0.8374
vn 0.7073 -0.6530 -0.2709
vn 0.7660 -0.5271 -0.3679
vn 0.4934 -0.8624 0.1130
vn 0.3790 -0.8412 0.3858
vn 0.3169 -0.7763 0.5449
vn 0.2842 -0.7128 0.6412
vn 0.2257 -0.4627 0.8573
vn 0.2259 -0.4619 0.8577
vn 0.2340 -0.4455 0.8642
vn 0.3942 -0.1861 0.9000
vn 0.4553 -0.0994 0.8848
vn 0.5386 0.0008 0.8426
vn 0.5977 0.0617 0.7993
vn 0.7314 0.1840 0.6567
vn 0.7197 0.1753 0.6718
vn 0.8443 0.2460 0.4760
vn 0.8499 0.2482 0.4648
vn 0.9446 0.2561 0.2051
vn 0.9723 0.2153 -0.0915
vn 0.8741 0.0867 -0.4779
vn 0.8729 0.0669 -0.4834
vn 0.8568 -0.1538 -0.4922
vn 0.8273 -0.3193 -0.4622
vn 0.8299 -0.0696 -0.5535
vn 0.5831 -0.8102 -0.0604
vn 0.2967 -0.3383 0.8931
vn 0.8543 -0.0156 -0.5195
vn 0.0697 0.9493 -0.3067
vn -0.0070 0.9234 -0.3839
vn 0.0306 0.9326 -0.3595
vn 0.0713 0.9313 -0.3571
vn -0.0202 0.9434 -0.3310
vn 0.0618 0.9266 -0.3709
vn 0.0352 0.9478 -0.3170
vn -0.0086 0.9221 -0.3867
vn -0.0083 0.9225 -0.3859
vn -0.0619 0.9196 -0.3880
vn 0.0283 0.9336 -0.3572
vn 0.0176 0.9403 -0.3399
vn 0.0515 0.9465 -0.3184
vn 0.0099 0.9415 -0.3370
vn -0.0000 0.9433 -0.3318
vn -0.0370 0.9517 -0.3049
vn 0.0113 0.9224 -0.3861
vn -0.0149 0.9528 -0.3033
vn 0.0261 0.9272 -0.3736
vn 0.0025 0.9538 -0.3005
vn 0.0833 0.9163 -0.3916
vn 0.0391 0.9423 -0.3325
vn 0.0600 0.9553 -0.2895
vn 0.0353 0.9467 -0.3202
vn -0.0040 0.9434 -0.3316
vn 0.0742 0.9025 -0.4242
vn -0.0056 0.8954 -0.4452
vn 0.0655 0.9249 -0.3746
vn 0.0512 0.9203 -0.3878
vn 0.0558 0.8948 -0.4430
vn 0.0673 0.8882 -0.4545
vn 0.0208 0.9251 -0.3791
vn 0.0571 0.8766 -0.4778
vn 0.0167 0.9141 -0.4050
vn -0.0118 0.9118 -0.4104
vn -0.0381 0.9121 -0.4082
vn -0.0172 0.9092 -0.4161
vn 0.0328 0.9055 -0.4230
vn 0.0403 0.9134 -0.4050
vn 0.0411 0.9152 -0.4010
vn 0.0412 0.9188 -0.3926
vn 0.0331 0.8700 -0.4919
vn -0.0056 0.9056 -0.4241
vn 0.0443 0.9046 -0.4239
vn -0.0164 0.8837 -0.4677
vn 0.1059 0.8924 -0.4386
vn 0.0242 0.9033 -0.4283
vn 0.0436 0.8993 -0.4352
vn 0.0128 0.8914 -0.4531
vn 0.0179 0.9006 -0.4343
vn -0.0143 0.8721 -0.4891
vn 0.0095 0.9081 -0.4187
vn -0.0067 0.9062 -0.4228
vn 0.0517 0.8685 -0.4929
vn 0.0627 0.8451 -0.5309
vn 0.0614 0.8464 -0.5290
vn 0.0098 0.8736 -0.4866
vn 0.0517 0.8614 -0.5053
vn 0.0485 0.8555 -0.5155
vn 0.0424 0.8500 -0.5251
vn 0.0988 0.8635 -0.4945
vn 0.0981 0.8546 -0.5099
vn 0.0698 0.8523 -0.5184
vn 0.0328 0.8758 -0.4815
vn 0.0762 0.8333 -0.5476
vn 0.0599 0.8668 -0.4951
vn 0.0599 0.8620 -0.5034
vn 0.0565 0.8551 -0.5154
vn 0.0506 0.8487 -0.5265
vn 0.1077 0.8847 -0.4536
vn 0.0281 0.8513 -0.5240
vn 0.0195 0.8483 -0.5292
vn 0.1069 0.8650 -0.4903
vn 0.0047 0.8565 -0.5162
vn 0.0915 0.8572 -0.5068
vn 0.0752 0.8515 -0.5189
vn 0.0156 0.8499 -0.5267
vn 0.0835 0.8719 -0.4826
vn 0.0018 0.8570 -0.5153
vn 0.0808 0.8478 -0.5241
vn -0.0076 0.8321 -0.5546
vn 0.0074 0.8327 -0.5536
vn -0.0301 0.8319 -0.5542
vn 0.0434 0.8003 -0.5981
vn -0.0188 0.8258 -0.5637
vn -0.0128 0.8214 -0.5701
vn 0.3417 0.4699 0.8139
vn -0.2941 -0.4779 -0.8277
vn -0.1521 -0.4942 -0.8560
vn 0.0905 0.4979 0.8625
vn -0.0000 0.5000 0.8660
vn 0.6247 0.3904 0.6763
vn -0.6727 -0.3700 -0.6408
vn -0.4741 -0.4402 -0.7625
vn 0.4789 0.4389 0.7603
vn 0.8087 0.2941 0.5094
vn -0.8000 -0.3000 -0.5196
vn -0.9981 -0.0312 -0.0540
vn -0.9662 -0.1288 -0.2231
vn 0.9558 0.1470 0.2547
vn -0.8944 -0.2236 -0.3873
vn 0.9231 -0.1923 -0.3331
vn -0.9191 0.1970 0.3411
vn -0.9806 0.0981 0.1698
vn 0.9884 -0.0760 -0.1317
vn -0.8321 0.2773 0.4804
vn -0.9899 0.0707 0.1225
vn 0.9923 -0.0620 -0.1074
vn 0.9923 0.0620 0.1074
vn -1.0000 -0.0000 -0.0000
vn 1.0000 -0.0000 -0.0000
vn -0.9923 -0.0620 -0.1074
vn 0.4856 -0.4371 -0.7570
vn -0.5547 0.4160 0.7206
vn -0.7433 0.3345 0.5793
vn 0.7526 -0.3293 -0.5703
vn 0.5300 -0.4240 -0.7344
vn -0.4856 0.4371 0.7570
vn -0.7682 -0.3201 -0.5544
vn 0.7682 0.3201 0.5544
vn -0.7071 -0.3536 -0.6124
vn 0.4961 0.4341 0.7519
vn -0.4472 -0.4472 -0.7746
vn 0.2425 0.4851 0.8402
vn -0.2747 -0.4808 -0.8327
vn 0.3939 0.4596 0.7960
vn -0.1240 -0.4961 -0.8593
vn -0.1104 0.4969 0.8607
vn 0.2747 -0.4808 -0.8327
vn -0.2169 0.4881 0.8454
vn 0.1240 -0.4961 -0.8593
vn 0.8682 0.2481 0.4297
vn -0.9615 -0.1374 -0.2379
vn 0.9363 0.1756 0.3041
vn -0.9487 -0.1581 -0.2739
vn 0.9701 0.1213 0.2100
vn 0.3511 -0.4682 -0.8109
vn 0.9191 -0.1970 -0.3411
vn 0.9363 -0.1756 -0.3041
vn -0.2425 0.4851 0.8402
vn 0.1961 -0.4903 -0.8492
vn 0.3162 -0.4743 -0.8216
vn -0.7682 0.3201 0.5544
vn 0.7682 -0.3201 -0.5544
vn 0.8682 -0.2481 -0.4297
vn 0.6508 -0.3796 -0.6575
vn 0.5812 -0.4069 -0.7047
vn -0.6402 0.3841 0.6653
vn 0.1104 0.4969 0.8607
vn -0.1414 -0.4950 -0.8573
vn 0.0368 0.7463 -0.6646
vn 0.1367 0.7415 -0.6569
vn 0.1022 0.7410 -0.6637
vn 0.2540 0.7608 -0.5972
vn 0.1812 0.7465 -0.6403
vn 0.1972 0.7518 -0.6292
vn 0.2137 0.7593 -0.6146
vn 0.2490 0.7803 -0.5737
vn 0.2556 0.7852 -0.5640
vn 0.2682 0.7988 -0.5386
vn 0.2787 0.8158 -0.5068
vn 0.2830 0.8306 -0.4796
vn 0.2834 0.8458 -0.4520
vn 0.2927 0.8040 -0.5176
vn 0.2555 0.8811 -0.3980
vn 0.2187 0.9123 -0.3463
vn 0.2880 0.8618 -0.4176
vn 0.1594 0.9344 -0.3186
vn 0.1622 0.9333 -0.3203
vn 0.2260 0.9104 -0.3466
vn 0.1134 0.9423 -0.3149
vn 0.1673 0.9311 -0.3241
vn 0.0498 0.9472 -0.3167
vn 0.0221 0.9480 -0.3174
vn 0.1212 0.9456 -0.3020
vn -0.0197 0.9409 -0.3381
vn 0.0692 0.9498 -0.3050
vn -0.0540 0.9294 -0.3650
vn -0.0785 0.9213 -0.3808
vn -0.0293 0.9409 -0.3374
vn -0.0996 0.9026 -0.4189
vn -0.1125 0.8915 -0.4389
vn -0.1197 0.8819 -0.4560
vn -0.1237 0.8715 -0.4746
vn -0.1241 0.8554 -0.5028
vn -0.1196 0.8422 -0.5257
vn -0.0926 0.8018 -0.5904
vn -0.0761 0.7854 -0.6143
vn -0.1000 0.8014 -0.5897
vn -0.0217 0.7632 -0.6458
vn 0.0017 0.7540 -0.6569
vn -0.0299 0.7620 -0.6468
vn 0.0886 0.7400 -0.6667
vn 0.5820 -0.4371 0.6857
vn 0.6422 -0.4130 0.6458
vn 0.7089 -0.4435 0.5484
vn 0.6837 -0.3643 0.6324
vn 0.7251 -0.4704 0.5030
vn 0.9619 -0.2733 -0.0036
vn 0.2958 0.2849 -0.9118
vn 0.9397 -0.2818 0.1939
vn 0.9524 -0.3000 0.0549
vn 0.5974 -0.4664 0.6524
vn 0.6410 -0.4107 0.6484
vn 0.7122 -0.4212 0.5615
vn 0.8374 -0.3609 0.4105
vn 0.8286 -0.3839 0.4074
vn 0.9304 -0.3255 0.1688
vn 0.9331 -0.3179 0.1680
vn 0.9802 -0.1943 -0.0393
vn 0.9712 -0.2365 -0.0282
vn 0.9651 -0.2605 0.0266
vn 0.9339 -0.3343 0.1268
vn 0.9027 -0.3941 0.1727
vn 0.0968 0.7002 0.7073
vn 0.1148 0.8779 0.4649
vn 0.0179 0.9802 0.1973
vn 0.1642 0.9844 0.0635
vn 0.0368 0.5727 -0.8189
vn 0.0263 0.4680 -0.8833
vn 0.0037 0.4650 -0.8853
vn 0.1701 0.0012 -0.9854
vn -0.0190 -0.0610 -0.9980
vn 0.0050 -0.4018 -0.9157
vn 0.0186 -0.8356 -0.5490
vn -0.0114 -0.9598 -0.2805
vn -0.0172 -0.9501 0.3114
vn 0.0279 -0.5766 0.8166
vn 0.0352 -0.4641 0.8851
vn -0.0060 -0.3552 0.9348
vn 0.0386 0.4723 0.8806
vn 0.0701 0.0278 0.9972
vn 0.0658 -0.4477 0.8918
vn 0.0999 -0.5005 0.8599
vn 0.1131 -0.8410 0.5291
vn 0.0612 -0.9968 0.0509
vn 0.0833 -0.9419 -0.3253
vn 0.1138 -0.7703 -0.6274
vn 0.6255 -0.3821 0.6802
vn 0.6248 -0.4302 0.6516
vn 0.5845 -0.4998 0.6392
vn 0.6022 -0.4519 0.6582
vn 0.6108 -0.4145 0.6746
vn 0.6567 -0.4301 0.6195
vn 0.7136 -0.4262 0.5560
vn 0.7290 -0.4232 0.5380
vn 0.8491 -0.3772 0.3697
vn 0.8528 -0.4075 0.3267
vn 0.9257 -0.3469 0.1508
vn 0.9280 -0.3590 0.0993
vn 0.9200 -0.3655 0.1412
vn 0.8618 -0.4415 0.2497
vn 0.7475 -0.4728 0.4666
vn 0.7245 -0.4322 0.5370
vn 0.1752 0.9733 -0.1484
vn 0.2106 0.9164 -0.3403
vn 0.7866 -0.5031 0.3579
vn 0.8540 -0.4542 0.2536
vn 0.8371 -0.4393 0.3260
vn 0.8326 -0.3943 0.3889
vn 0.6990 -0.4170 0.5810
vn 0.5903 -0.4548 0.6668
vn 0.6982 -0.4360 0.5678
vn 0.5854 -0.4537 0.6719
vn 0.6814 -0.3106 0.6628
vn 0.7270 -0.3058 0.6147
vn 0.8239 -0.2869 0.4888
vn 0.8425 -0.2867 0.4561
vn 0.9043 -0.2989 0.3047
vn 0.9277 -0.3151 0.2003
vn 0.9384 -0.3376 0.0742
vn 0.9437 -0.3258 -0.0574
vn 0.9576 -0.2823 -0.0573
vn 0.9589 -0.2559 -0.1229
vn 0.9731 -0.1975 -0.1184
vn 0.9821 -0.1657 -0.0896
vn 0.9849 -0.1624 -0.0605
vn 0.7710 -0.3297 0.5448
vn 0.7147 -0.3840 0.5845
vn 0.8397 -0.3082 0.4472
vn 0.9167 -0.3197 0.2397
vn 0.9287 -0.3096 0.2042
vn 0.9712 -0.2368 -0.0274
vn 0.9611 -0.2745 0.0288
vn 0.8390 -0.3212 0.4392
vn 0.9047 -0.3209 0.2804
vn 0.9698 -0.2335 -0.0703
vn 0.9704 -0.2398 -0.0272
vn -0.0319 0.4530 -0.8910
vn 0.6809 -0.3803 0.6259
vn 0.1767 0.8069 -0.5637
vn -0.0239 0.3968 -0.9176
vn 0.0172 0.7580 0.6520
vn -0.0077 0.9058 0.4236
vn 0.1495 0.9520 0.2669
vn 0.0374 0.9985 -0.0395
vn 0.1538 0.5942 -0.7895
vn 0.1692 0.4434 -0.8802
vn 0.2668 0.4197 -0.8675
vn -0.0226 0.1871 -0.9821
vn 0.1877 -0.3494 -0.9180
vn 0.1549 -0.6474 -0.7463
vn 0.0600 -0.8894 -0.4532
vn 0.0725 -0.9882 -0.1350
vn 0.0847 -0.9437 0.3198
vn 0.1328 -0.6185 0.7745
vn 0.0356 -0.4824 0.8752
vn 0.0586 -0.3462 0.9363
vn 0.1029 0.4227 0.9004
vn 0.0082 0.0881 0.9961
vn 0.0356 -0.4467 0.8940
vn 0.0217 -0.4585 0.8884
vn -0.0152 -0.8053 0.5926
vn -0.0122 -0.9999 0.0090
vn -0.0150 -0.9035 -0.4282
vn 0.0153 -0.6900 -0.7236
vn 0.0592 0.9701 -0.2352
vn 0.0293 0.9062 -0.4218
vn 0.3787 0.3477 -0.8577
vn 0.0342 0.7504 -0.6601
vn 0.7120 -0.4867 0.5060
vn 0.6948 -0.4605 0.5524
vn 0.7291 -0.4668 0.5005
vn -0.0846 0.7566 -0.6484
vn -0.0650 0.7389 -0.6706
vn 0.0289 0.7331 -0.6795
vn 0.1140 0.7456 -0.6566
vn 0.2278 0.7687 -0.5977
vn 0.2226 0.7802 -0.5846
vn 0.2496 0.8340 -0.4922
vn 0.2601 0.8443 -0.4685
vn 0.1847 0.9250 -0.3320
vn 0.1742 0.9313 -0.3200
vn 0.0442 0.9535 -0.2980
vn 0.0048 0.9499 -0.3125
vn -0.1273 0.9182 -0.3750
vn -0.1665 0.8895 -0.4254
vn -0.1896 0.8539 -0.4846
vn -0.1798 0.8162 -0.5491
vn 0.0243 0.8010 -0.5982
vn -0.0391 0.8280 -0.5593
vn 0.0990 0.8057 -0.5840
vn 0.0377 0.8033 -0.5944
vn 0.1728 0.8365 -0.5201
vn 0.1394 0.8162 -0.5607
vn 0.1580 0.8551 -0.4937
vn 0.1654 0.8286 -0.5348
vn 0.0828 0.9015 -0.4249
vn 0.1312 0.8814 -0.4538
vn 0.0078 0.9023 -0.4310
vn 0.0648 0.9042 -0.4222
vn -0.0278 0.8792 -0.4756
vn -0.0361 0.8734 -0.4857
vn -0.0390 0.8673 -0.4962
vn -0.0360 0.8574 -0.5135
vn -0.7540 0.3766 -0.5382
vn -0.5774 0.2113 -0.7887
vn -0.3319 0.1523 -0.9310
vn -0.0139 0.0644 -0.9978
vn 0.3049 0.1454 -0.9412
vn 0.5773 0.2113 -0.7887
vn 0.7596 0.2838 -0.5852
vn 0.8313 0.4592 -0.3131
vn 0.7850 0.6161 -0.0638
vn 0.6350 0.7351 0.2376
vn 0.3746 0.7960 0.4754
vn 0.0804 0.8610 0.5022
vn -0.2506 0.8964 0.3657
vn -0.5179 0.8359 0.1819
vn -0.7198 0.6941 0.0070
vn -0.8320 0.4873 -0.2653
vn -0.7311 -0.3412 -0.5909
vn -0.0476 -0.4994 -0.8650
vn 0.3457 -0.4692 -0.8126
vn 0.6823 -0.3655 -0.6331
vn 0.9037 -0.2140 -0.3707
vn 0.9988 -0.0250 -0.0432
vn 0.9439 0.1652 0.2861
vn 0.7311 0.3412 0.5909
vn 0.3881 0.4608 0.7982
vn 0.0499 0.4994 0.8649
vn -0.3304 0.4719 0.8174
vn -0.6823 0.3655 0.6331
vn -0.9138 0.2031 0.3517
vn -0.9989 0.0238 0.0412
vn -0.9383 -0.1729 -0.2994
vn -0.2073 0.6840 -0.6995
vn -0.0945 0.6619 -0.7436
vn 0.0059 0.6257 -0.7801
vn 0.1919 0.6093 -0.7693
vn 0.2739 0.6810 -0.6791
vn 0.3420 0.7306 -0.5910
vn 0.4050 0.7806 -0.4760
vn 0.3954 0.8397 -0.3723
vn 0.2781 0.9200 -0.2762
vn 0.1885 0.9543 -0.2318
vn 0.0598 0.9807 -0.1862
vn -0.0640 0.9812 -0.1822
vn -0.2298 0.9418 -0.2453
vn -0.2520 0.9006 -0.3542
vn -0.2832 0.8208 -0.4962
vn -0.3125 0.7620 -0.5673
vn -0.1955 0.8075 -0.5565
vn -0.1058 0.7878 -0.6068
vn -0.0047 0.7950 -0.6066
vn 0.0444 0.7998 -0.5986
vn 0.1322 0.8087 -0.5732
vn 0.1984 0.8439 -0.4984
vn 0.1916 0.8808 -0.4330
vn 0.1940 0.8987 -0.3932
vn 0.1275 0.9483 -0.2906
vn 0.0792 0.9635 -0.2556
vn -0.0261 0.9711 -0.2371
vn -0.0606 0.9684 -0.2418
vn -0.1517 0.9452 -0.2892
vn -0.1954 0.9187 -0.3433
vn -0.2172 0.8673 -0.4478
vn -0.2042 0.8502 -0.4851
vn -0.0783 0.8900 -0.4493
vn 0.0599 0.9034 -0.4247
vn 0.0621 0.9072 -0.4162
vn 0.0722 0.8778 -0.4735
vn 0.0000 0.9280 -0.3725
vn 0.0479 0.9138 -0.4033
vn -0.0848 0.9239 -0.3732
vn 0.0395 0.9334 -0.3566
vn -0.0781 0.9045 -0.4192
vn -0.0477 0.9232 -0.3815
vn -0.0797 0.8633 -0.4984
vn -0.0921 0.8994 -0.4274
vn -0.7813 0.3568 -0.5121
vn -0.6549 0.1663 -0.7372
vn -0.3906 0.0031 -0.9206
vn -0.0692 0.0642 -0.9955
vn 0.3191 0.1051 -0.9419
vn 0.5572 0.2013 -0.8056
vn 0.7691 0.3366 -0.5432
vn 0.8320 0.4734 -0.2893
vn 0.7301 0.6833 -0.0113
vn 0.5522 0.8202 0.1493
vn 0.2981 0.8891 0.3474
vn 0.0404 0.8981 0.4378
vn -0.2923 0.8745 0.3872
vn -0.5553 0.7714 0.3109
vn -0.7651 0.6387 0.0813
vn -0.8209 0.5352 -0.1993
vn -0.4281 -0.4519 -0.7827
vn -0.0499 -0.4994 -0.8649
vn 0.6585 -0.3763 -0.6518
vn 0.9216 -0.1940 -0.3361
vn 0.4061 0.4569 0.7914
vn 0.0476 0.4994 0.8650
vn -0.3457 0.4692 0.8126
vn -0.2595 0.7447 -0.6148
vn -0.1776 0.6977 -0.6940
vn -0.0404 0.7016 -0.7114
vn 0.1259 0.7095 -0.6933
vn 0.2532 0.7155 -0.6511
vn 0.3261 0.7676 -0.5518
vn 0.3347 0.8362 -0.4345
vn 0.3374 0.8985 -0.2807
vn 0.2958 0.9412 -0.1631
vn 0.1349 0.9869 -0.0888
vn 0.0118 0.9964 -0.0837
vn -0.1411 0.9842 -0.1065
vn -0.2560 0.9574 -0.1339
vn -0.3627 0.8910 -0.2732
vn -0.3607 0.8520 -0.3795
vn -0.3086 0.7899 -0.5300
vn -0.0254 0.8957 -0.4439
vn -0.0417 0.8908 -0.4525
vn -0.0542 0.8844 -0.4637
vn -0.0605 0.8792 -0.4727
vn -0.0656 0.8706 -0.4875
vn -0.0669 0.8610 -0.5041
vn -0.0645 0.8544 -0.5156
vn -0.0195 0.7989 -0.6011
vn -0.0632 0.8309 -0.5528
vn -0.0474 0.8246 -0.5637
vn -0.0332 0.8211 -0.5699
vn 0.0000 0.8172 -0.5764
vn 0.0082 0.8173 -0.5762
vn 0.0366 0.8213 -0.5693
vn -0.0238 0.8027 -0.5959
vn 0.0525 0.8409 -0.5386
vn 0.0607 0.8471 -0.5280
vn 0.0259 0.8963 -0.4427
vn 0.0068 0.8981 -0.4396
vn -0.0123 0.8977 -0.4404
vn 0.0680 0.8571 -0.5106
vn 0.0391 0.8932 -0.4479
vn 0.2038 0.9754 0.0841
vn 0.0567 0.9870 0.1503
vn -0.1104 0.9850 0.1326
vn -0.2545 0.9580 0.1325
vn -0.3843 0.9205 0.0708
vn -0.5019 0.8631 -0.0551
vn -0.5862 0.7983 -0.1386
vn -0.6391 0.7267 -0.2519
vn -0.6205 0.6506 -0.4379
vn -0.6177 0.5495 -0.5626
vn -0.5524 0.4716 -0.6873
vn -0.4506 0.4131 -0.7914
vn -0.3733 0.3956 -0.8391
vn -0.2039 0.3563 -0.9119
vn -0.0288 0.3172 -0.9479
vn 0.0856 0.3207 -0.9433
vn 0.2653 0.3168 -0.9106
vn 0.3846 0.3698 -0.8458
vn 0.5290 0.4128 -0.7414
vn 0.6445 0.4238 -0.6364
vn 0.6739 0.5265 -0.5184
vn 0.6247 0.6763 -0.3904
vn 0.5849 0.7709 -0.2522
vn 0.0668 0.8739 -0.4814
vn 0.0696 0.8639 -0.4988
vn 0.5436 0.8261 -0.1482
vn 0.0623 0.8795 -0.4718
vn 0.4125 0.9108 -0.0177
vn 0.0462 0.8903 -0.4530
vn 0.3247 0.9458 0.0020
vn -0.1707 0.7084 -0.6849
vn -0.0899 0.6870 -0.7211
vn -0.0429 0.3667 -0.9294
vn -0.0240 0.6661 -0.7455
vn 0.0874 0.3752 -0.9228
vn 0.0513 0.6686 -0.7418
vn 0.2457 0.3818 -0.8910
vn 0.1101 0.6976 -0.7080
vn 0.3456 0.4519 -0.8224
vn 0.1732 0.7162 -0.6761
vn 0.4045 0.5758 -0.7105
vn 0.2313 0.7363 -0.6359
vn 0.5060 0.6023 -0.6174
vn 0.2497 0.7725 -0.5839
vn 0.5982 0.6133 -0.5158
vn 0.2065 0.8043 -0.5571
vn 0.6628 0.6596 -0.3544
vn 0.1521 0.8589 -0.4891
vn 0.6562 0.7286 -0.1962
vn 0.2181 0.8564 -0.4679
vn 0.5245 0.8372 -0.1550
vn 0.2494 0.9051 -0.3443
vn 0.3847 0.9144 -0.1260
vn 0.1924 0.9296 -0.3145
vn 0.2605 0.9646 -0.0412
vn 0.1537 0.9474 -0.2807
vn 0.1706 0.9853 0.0003
vn 0.0838 0.9671 -0.2404
vn 0.0379 0.9992 0.0136
vn 0.0219 0.9695 -0.2442
vn -0.0718 0.9974 0.0045
vn -0.0435 0.9684 -0.2455
vn -0.2027 0.9792 -0.0120
vn -0.1006 0.9609 -0.2580
vn -0.3026 0.9507 -0.0684
vn -0.1693 0.9437 -0.2842
vn -0.4372 0.8903 -0.1272
vn -0.2181 0.9219 -0.3202
vn -0.5852 0.7992 -0.1371
vn -0.2408 0.8943 -0.3773
vn -0.6359 0.7335 -0.2399
vn -0.2073 0.8525 -0.4799
vn -0.5671 0.6744 -0.4729
vn -0.2281 0.8182 -0.5278
vn -0.4874 0.6962 -0.5270
vn -0.3039 0.7845 -0.5406
vn -0.2745 0.7442 -0.6089
vn -0.4319 0.6186 -0.6564
vn -0.4082 0.5030 -0.7618
vn -0.2293 0.7136 -0.6620
vn -0.5681 0.2585 -0.7813
vn -0.4261 0.1976 -0.8828
vn -0.3696 0.3945 -0.8413
vn -0.5162 -0.1952 -0.8340
vn -0.3351 -0.2591 -0.9058
vn -0.2822 0.1524 -0.9472
vn -0.0906 -0.2739 -0.9575
vn -0.0502 0.1542 -0.9868
vn 0.1751 -0.1974 -0.9646
vn 0.1300 0.0969 -0.9868
vn 0.3620 -0.1588 -0.9186
vn 0.3374 0.1025 -0.9358
vn 0.5651 -0.1377 -0.8135
vn 0.4618 0.1632 -0.8718
vn 0.7627 -0.0410 -0.6455
vn 0.6586 0.2155 -0.7210
vn 0.8381 0.0929 -0.5375
vn 0.7364 0.3347 -0.5880
vn 0.9286 0.1912 -0.3179
vn 0.7633 0.4635 -0.4500
vn 0.9454 0.3078 -0.1073
vn 0.7798 0.5663 -0.2669
vn 0.9206 0.3773 0.1011
vn 0.7536 0.6440 -0.1318
vn 0.8304 0.4724 0.2954
vn 0.7162 0.6944 0.0691
vn 0.6821 0.6127 0.3992
vn 0.6368 0.7274 0.2556
vn 0.5241 0.6500 0.5503
vn 0.4484 0.8309 0.3293
vn 0.2866 0.6824 0.6724
vn 0.2474 0.8944 0.3725
vn 0.1178 0.7430 0.6589
vn 0.0817 0.9032 0.4213
vn -0.1864 0.7351 0.6518
vn -0.1332 0.9072 0.3991
vn -0.3620 0.7161 0.5968
vn -0.3374 0.8617 0.3791
vn -0.5633 0.6737 0.4783
vn -0.4870 0.8102 0.3262
vn -0.7369 0.5482 0.3956
vn -0.6610 0.7279 0.1823
vn -0.8445 0.4744 0.2485
vn -0.7171 0.6970 -0.0038
vn -0.9286 0.3709 -0.0066
vn -0.7876 0.6012 -0.1349
vn -0.9487 0.2739 -0.1581
vn -0.8202 0.4806 -0.3102
vn -0.9157 0.1632 -0.3671
vn -0.7876 0.4174 -0.4532
vn -0.8186 0.0032 -0.5744
vn -0.6909 0.2937 -0.6606
vn -0.8805 -0.2933 -0.3725
vn -0.7372 -0.3379 -0.5852
vn -0.7202 -0.0912 -0.6877
vn -0.6669 -0.6746 -0.3164
vn -0.4793 -0.7590 -0.4407
vn -0.5408 -0.4206 -0.7285
vn -0.2798 -0.8234 -0.4937
vn -0.0887 -0.7956 -0.5993
vn -0.0930 -0.5677 -0.8179
vn 0.1428 -0.7865 -0.6009
vn 0.1539 -0.5634 -0.8117
vn 0.3779 -0.7530 -0.5387
vn 0.3965 -0.5235 -0.7542
vn 0.5711 -0.6620 -0.4854
vn 0.6045 -0.5063 -0.6150
vn 0.7209 -0.6213 -0.3072
vn 0.7809 -0.3529 -0.5154
vn 0.8219 -0.5605 -0.1018
vn 0.9001 -0.2442 -0.3608
vn 0.8927 -0.4398 0.0987
vn 0.9839 -0.1500 -0.0966
vn 0.9110 -0.3339 0.2420
vn 0.9965 -0.0496 0.0674
vn 0.8797 -0.2006 0.4311
vn 0.7948 -0.0959 0.5992
vn 0.6691 -0.0099 0.7432
vn 0.4913 0.0978 0.8655
vn 0.5241 0.4258 0.7376
vn 0.3084 0.1668 0.9365
vn 0.0631 0.2001 0.9777
vn 0.0961 0.4412 0.8923
vn -0.1211 0.1896 0.9744
vn -0.1587 0.4213 0.8929
vn -0.3692 0.1288 0.9204
vn -0.3822 0.4382 0.8136
vn -0.5394 0.0415 0.8410
vn -0.5838 0.3693 0.7230
vn -0.6968 -0.0294 0.7166
vn -0.8381 -0.0929 0.5375
vn -0.8791 0.1720 0.4445
vn -0.8902 -0.2473 0.3826
vn -0.9735 0.0555 0.2218
vn -0.9108 -0.3653 0.1923
vn -0.9963 -0.0845 0.0157
vn -0.9094 -0.4156 -0.0179
vn -0.9567 -0.2571 -0.1367
vn -0.7073 -0.6797 0.1944
vn -0.6305 -0.7719 0.0816
vn -0.8211 -0.5421 -0.1786
vn -0.4279 -0.8725 0.2361
vn -0.3662 -0.9034 0.2231
vn -0.5633 -0.8183 -0.1142
vn -0.2857 -0.9566 0.0574
vn -0.3913 -0.8940 -0.2181
vn -0.1811 -0.9834 -0.0131
vn -0.2600 -0.9134 -0.3133
vn -0.0491 -0.9984 0.0281
vn -0.1036 -0.9264 -0.3619
vn 0.0831 -0.9958 0.0374
vn 0.1481 -0.9253 -0.3491
vn 0.2034 -0.9786 0.0311
vn 0.3090 -0.9096 -0.2777
vn 0.3026 -0.9507 0.0684
vn 0.4506 -0.8696 -0.2020
vn 0.4599 -0.8668 0.1930
vn 0.5886 -0.8082 -0.0180
vn 0.4623 -0.8491 0.2553
vn 0.6252 -0.7706 0.1241
vn 0.4943 -0.8034 0.3321
vn 0.7340 -0.6419 0.2218
vn 0.5113 -0.7246 0.4621
vn 0.7771 -0.5163 0.3599
vn 0.4663 -0.6842 0.5607
vn 0.7420 -0.4448 0.5016
vn 0.4279 -0.6407 0.6375
vn 0.6845 -0.3163 0.6568
vn 0.3208 -0.5338 0.7824
vn 0.5322 -0.2971 0.7928
vn 0.2790 -0.5015 0.8189
vn 0.3510 -0.3408 0.8722
vn 0.1811 -0.4804 0.8582
vn 0.2374 -0.3117 0.9201
vn 0.0379 -0.4879 0.8721
vn 0.0485 -0.2627 0.9637
vn -0.0772 -0.4954 0.8652
vn -0.0962 -0.2658 0.9592
vn -0.1761 -0.5424 0.8215
vn -0.2733 -0.2617 0.9257
vn -0.3026 -0.5345 0.7891
vn -0.4411 -0.3230 0.8373
vn -0.3435 -0.5410 0.7677
vn -0.5322 -0.2971 0.7928
vn -0.4263 -0.6607 0.6178
vn -0.7171 -0.3518 0.6017
vn -0.4943 -0.6893 0.5297
vn -0.7633 -0.4635 0.4500
vn -0.5145 -0.7426 0.4287
vn -0.7809 -0.5410 0.3123
vn -0.1414 -0.8573 0.4950
vn -0.1321 -0.8745 0.4667
vn -0.5183 -0.7986 0.3059
vn 0.0000 -0.8660 0.5000
vn 0.0000 -0.8352 0.5500
vn -0.2035 -0.8806 0.4279
vn 0.0405 -0.8459 0.5318
vn -0.1980 -0.9048 0.3769
vn 0.0294 -0.8412 0.5399
vn -0.0792 -0.9165 0.3920
vn 0.0206 -0.8381 0.5451
vn -0.0438 -0.9213 0.3865
vn -0.0508 -0.8480 0.5276
vn -0.0108 -0.9274 0.3739
vn 0.0493 -0.8459 0.5311
vn 0.0230 -0.9266 0.3754
vn -0.0202 -0.8387 0.5442
vn 0.0518 -0.9234 0.3803
vn -0.0330 -0.8422 0.5382
vn 0.0873 -0.9150 0.3939
vn 0.0089 -0.8365 0.5479
vn 0.1617 -0.8652 0.4746
vn 0.1343 -0.8871 0.4417
vn 0.1449 -0.8722 0.4672
vn 0.1414 -0.8514 0.5051
vn 0.1422 -0.8348 0.5319
vn -0.0000 -0.8660 0.5000
vn 0.1237 -0.8218 0.5561
vn 0.1049 -0.7683 0.6314
vn 0.1382 -0.7314 0.6678
vn 0.0854 -0.7136 0.6954
vn 0.0226 -0.6974 0.7163
vn -0.0472 -0.6969 0.7156
vn -0.1072 -0.6995 0.7065
vn -0.1540 -0.7123 0.6848
vn -0.1364 -0.7672 0.6267
vn -0.1238 -0.8267 0.5488
vn -0.1340 -0.8402 0.5255
vn -0.8436 0.2822 0.4569
vn -0.9556 0.1629 0.2455
vn -0.9777 -0.0947 -0.1873
vn -0.9189 -0.1780 -0.3520
vn -0.5547 -0.4260 -0.7148
vn -0.3938 -0.4784 -0.7849
vn -0.0678 -0.5159 -0.8540
vn 0.1972 -0.5045 -0.8406
vn 0.3938 -0.4784 -0.7849
vn 0.5998 -0.4215 -0.6801
vn 0.8436 -0.2822 -0.4569
vn 0.8943 -0.2397 -0.3779
vn 0.9899 -0.0758 -0.1195
vn 0.9899 0.0758 0.1195
vn 0.9558 0.1523 0.2516
vn 0.8779 0.2481 0.4097
vn 0.7068 0.3789 0.5974
vn 0.5038 0.4474 0.7389
vn 0.1414 0.4950 0.8573
vn -0.1414 0.4950 0.8573
vn -0.3845 0.4781 0.7896
vn -0.6244 0.4184 0.6596
vn -0.7432 0.3452 0.5731
vn -0.2878 0.9229 -0.2559
vn -0.3255 0.9032 -0.2799
vn -0.4388 0.8672 -0.2353
vn -0.4879 0.8115 -0.3216
vn -0.3793 0.8512 -0.3626
vn -0.5039 0.7481 -0.4319
vn -0.3939 0.7960 -0.4596
vn -0.4978 0.6842 -0.5330
vn -0.3931 0.7615 -0.5153
vn -0.4613 0.6266 -0.6281
vn -0.3646 0.7068 -0.6062
vn -0.3276 0.5767 -0.7484
vn -0.2778 0.6196 -0.7341
vn -0.2629 0.5819 -0.7696
vn -0.2460 0.5917 -0.7677
vn -0.1204 0.5598 -0.8199
vn -0.1447 0.5529 -0.8206
vn -0.0370 0.5529 -0.8324
vn -0.0497 0.5262 -0.8489
vn 0.0735 0.5541 -0.8292
vn 0.0963 0.5368 -0.8382
vn 0.1631 0.5660 -0.8081
vn 0.1737 0.5597 -0.8103
vn 0.3157 0.5782 -0.7523
vn 0.2810 0.5979 -0.7507
vn 0.4017 0.5893 -0.7010
vn 0.3616 0.6526 -0.6659
vn 0.4571 0.6534 -0.6034
vn 0.4126 0.6933 -0.5908
vn 0.4436 0.7050 -0.5534
vn 0.4441 0.7310 -0.5182
vn 0.4607 0.7599 -0.4585
vn 0.4211 0.7837 -0.4566
vn 0.4594 0.8343 -0.3049
vn 0.3757 0.8578 -0.3507
vn 0.4266 0.8707 -0.2447
vn 0.3551 0.8875 -0.2937
vn 0.3589 0.9192 -0.1624
vn 0.2931 0.9294 -0.2242
vn 0.2564 0.9645 -0.0634
vn 0.1910 0.9664 -0.1721
vn 0.1889 0.9814 -0.0334
vn 0.1314 0.9783 -0.1601
vn 0.0417 0.9991 0.0015
vn 0.0432 0.9883 -0.1464
vn -0.0820 0.9966 -0.0073
vn -0.0624 0.9884 -0.1385
vn -0.1561 0.9873 -0.0293
vn -0.1206 0.9815 -0.1489
vn -0.2898 0.9523 -0.0956
vn -0.2305 0.9516 -0.2034
vn -0.3775 0.9109 -0.1669
vn -0.5155 0.8569 -0.0031
vn -0.5877 0.7979 -0.1339
vn -0.6373 0.7234 -0.2654
vn -0.6579 0.6406 -0.3960
vn -0.6415 0.5288 -0.5558
vn -0.6194 0.4487 -0.6442
vn -0.5047 0.3806 -0.7748
vn -0.3878 0.3421 -0.8559
vn -0.2012 0.3116 -0.9287
vn -0.0465 0.3007 -0.9526
vn 0.0959 0.3010 -0.9488
vn 0.2508 0.3110 -0.9167
vn 0.4220 0.3540 -0.8346
vn 0.5256 0.4207 -0.7394
vn 0.6147 0.4754 -0.6294
vn 0.6511 0.5349 -0.5385
vn 0.6757 0.6384 -0.3686
vn 0.6472 0.7330 -0.2097
vn 0.5935 0.7995 -0.0926
vn 0.5166 0.8559 0.0246
vn 0.3683 0.9268 0.0741
vn 0.2281 0.9672 0.1119
vn 0.0617 0.9878 0.1426
vn -0.1027 0.9843 0.1434
vn -0.2149 0.9671 0.1364
vn -0.4144 0.9078 0.0655
vn 0.1826 -0.7727 -0.6080
vn 0.1076 -0.7846 -0.6106
vn 0.1519 -0.7226 -0.6743
vn -0.1092 -0.7855 -0.6091
vn -0.1754 -0.7459 -0.6426
vn -0.1093 -0.7074 -0.6983
vn 0.2232 -0.9430 -0.2467
vn -0.2438 -0.9248 -0.2921
vn -0.1594 -0.9662 -0.2027
vn -0.2282 -0.9516 -0.2058
vn -0.2913 -0.9207 -0.2598
vn -0.4060 -0.8637 -0.2987
vn -0.4433 -0.8222 -0.3570
vn -0.4646 -0.7746 -0.4291
vn -0.8569 -0.3746 0.3542
vn -0.7565 -0.4636 0.4614
vn -0.5962 -0.5513 0.5837
vn 0.0666 -0.5621 0.8244
vn 0.2695 -0.5379 0.7988
vn 0.4850 -0.4807 0.7305
vn 0.6523 -0.4060 0.6400
vn 0.7808 -0.3284 0.5315
vn 0.8826 -0.2419 0.4032
vn 0.9506 -0.1907 0.2448
vn 0.9865 -0.1595 0.0361
vn 0.9760 -0.1445 -0.1631
vn 0.9153 -0.1429 -0.3765
vn 0.8024 -0.1713 -0.5717
vn 0.6878 -0.1581 -0.7085
vn 0.4792 -0.1338 -0.8674
vn 0.2519 -0.1562 -0.9551
vn -0.5199 -0.2895 -0.8037
vn -0.7061 -0.2763 -0.6520
vn -0.8178 -0.2771 -0.5044
vn -0.9019 -0.2337 -0.3632
vn -0.9220 -0.2202 0.3185
vn -0.8384 -0.2886 0.4623
vn -0.7208 -0.3663 0.5884
vn -0.5554 -0.4628 0.6910
vn -0.3795 -0.5220 0.7639
vn -0.1327 -0.5631 0.8157
vn -0.9367 -0.2962 0.1865
vn -0.9660 -0.2585 0.0033
vn -0.9561 -0.2373 -0.1721
vn -0.0281 -0.3290 -0.9439
vn -0.2855 -0.3269 -0.9009
vn 0.2478 -0.3315 -0.9103
vn 0.0734 -0.6804 0.7292
vn -0.1550 -0.6761 0.7203
vn -0.4124 -0.6202 0.6673
vn -0.3845 -0.7117 -0.5878
vn -0.4061 -0.7182 -0.5651
vn -0.4360 -0.7408 -0.5110
vn -0.3577 -0.8235 -0.4403
vn -0.3477 -0.8585 -0.3769
vn -0.3474 -0.8794 -0.3255
vn -0.2497 -0.9060 -0.3418
vn -0.1206 -0.9288 -0.3505
vn -0.1320 -0.9538 -0.2701
vn -0.0160 -0.9661 -0.2578
vn -0.0155 -0.9839 -0.1783
vn -0.1183 -0.9666 -0.2272
vn -0.2223 -0.9494 -0.2218
vn -0.3333 -0.9107 -0.2440
vn -0.1202 -0.9785 -0.1674
vn -0.0206 -0.9854 -0.1690
vn 0.6651 -0.2988 -0.6844
vn 0.4619 -0.3248 -0.8253
vn 0.7860 -0.2734 -0.5545
vn 0.8772 -0.2728 -0.3951
vn 0.9408 -0.2519 -0.2268
vn 0.9704 -0.2290 -0.0762
vn 0.9543 -0.2749 0.1171
vn 0.9080 -0.3192 0.2713
vn 0.8163 -0.3891 0.4270
vn 0.6779 -0.4912 0.5469
vn 0.5311 -0.5638 0.6325
vn 0.2984 -0.6449 0.7036
vn -0.0942 -0.7714 -0.6293
vn -0.2212 -0.7520 -0.6209
vn -0.3333 -0.7241 -0.6038
vn -0.2831 -0.6873 -0.6690
vn -0.3077 -0.7570 -0.5764
vn -0.3352 -0.7721 -0.5400
vn -0.2434 -0.8634 -0.4419
vn -0.1350 -0.8964 -0.4223
vn 0.0046 -0.9081 -0.4188
vn -0.0120 -0.9332 -0.3592
vn 0.1176 -0.9380 -0.3261
vn 0.1139 -0.9568 -0.2675
vn 0.1356 -0.9707 -0.1982
vn 0.0865 -0.9748 -0.2055
vn 0.1979 -0.9555 -0.2188
vn 0.1003 -0.9770 -0.1884
vn 0.3072 -0.9281 -0.2104
vn 0.3015 -0.7266 -0.6175
vn 0.1873 -0.7748 -0.6038
vn 0.0582 -0.7872 -0.6139
vn -0.0729 -0.6856 -0.7243
vn -0.1400 -0.6725 -0.7268
vn -0.2022 -0.6929 -0.6921
vn 0.0011 -0.7004 -0.7137
vn -0.0743 -0.6975 -0.7127
vn 0.0313 -0.6874 -0.7256
vn 0.1144 -0.6794 -0.7248
vn 0.2103 -0.6701 -0.7119
vn 0.3644 -0.7061 -0.6072
vn 0.4031 -0.7204 -0.5644
vn 0.4396 -0.7302 -0.5231
vn 0.4505 -0.7551 -0.4763
vn 0.4549 -0.7945 -0.4022
vn 0.4493 -0.8220 -0.3499
vn 0.4114 -0.8648 -0.2878
vn 0.3636 -0.8986 -0.2456
vn 0.3284 -0.8853 -0.3294
vn 0.3492 -0.8665 -0.3566
vn 0.3560 -0.8420 -0.4054
vn 0.3369 -0.7857 -0.5188
vn 0.3276 -0.7707 -0.5465
vn 0.3206 -0.7265 -0.6078
vn 0.2524 -0.7314 -0.6335
vn 0.2241 -0.8045 -0.5501
vn 0.1018 -0.8330 -0.5439
vn 0.0031 -0.7877 -0.6160
vn -0.1333 -0.8282 -0.5443
vn -0.2142 -0.8002 -0.5601
vn 0.0132 -0.8419 -0.5394
vn 0.1179 -0.8979 -0.4242
vn 0.2231 -0.8770 -0.4256
vn 0.2204 -0.9178 -0.3304
vn 0.3030 -0.9235 -0.2352
vn 0.2432 -0.9440 -0.2229
vn 0.1167 -0.7134 -0.6910
vn -0.3832 -0.8852 -0.2639
vn -0.9775 -0.1713 0.1228
vn -0.9823 -0.1598 -0.0976
vn -0.9329 -0.1646 -0.3203
vn -0.8400 -0.1468 -0.5224
vn -0.7248 -0.1360 -0.6754
vn -0.5349 -0.1234 -0.8359
vn -0.2940 -0.1004 -0.9505
vn -0.0318 -0.1517 -0.9879
vn -0.0532 0.9475 -0.3154
vn -0.0791 0.9364 -0.3418
vn -0.0752 0.9482 -0.3087
vn 0.0748 0.9541 -0.2901
vn 0.0815 0.9531 -0.2914
vn 0.1040 0.9439 -0.3133
vn 0.1231 0.9143 -0.3858
vn -0.0416 0.9719 -0.2315
vn -0.0885 0.9300 -0.3566
vn 0.0022 0.9601 -0.2797
vn 0.1243 0.9507 -0.2840
vn 0.1219 0.9341 -0.3354
vn 0.0196 0.9182 -0.3957
vn -0.0452 0.9212 -0.3864
vn 0.0000 0.9169 -0.3990
vn -0.0859 0.9316 -0.3531
vn -0.0750 0.9562 -0.2830
vn -0.0468 0.9134 -0.4043
vn -0.0447 0.9116 -0.4087
vn -0.0713 0.9167 -0.3931
vn 0.0708 0.9555 -0.2864
vn 0.0921 0.9506 -0.2965
vn 0.0805 0.9203 -0.3830
vn 0.1179 0.9369 -0.3291
vn -0.0290 0.9184 -0.3946
vn 0.6856 -0.2394 -0.6875
vn 0.8252 -0.1752 -0.5370
vn 0.3422 -0.2669 -0.9009
vn -0.0534 -0.2837 -0.9574
vn -0.3201 -0.2656 -0.9094
vn -0.7787 -0.1200 -0.6158
vn -0.9755 0.0064 -0.2198
vn 0.9613 -0.0236 -0.2746
vn 0.9341 -0.0606 -0.3517
vn 0.4365 -0.2790 -0.8553
vn -0.9657 0.1505 0.2114
vn -0.6413 0.3206 0.6972
vn -0.3789 0.3581 0.8534
vn 0.5358 0.3437 0.7712
vn -0.0000 0.3625 0.9320
vn 0.7368 0.2710 0.6195
vn 0.9905 0.1098 0.0822
vn 0.9351 0.1927 0.2975
vn 0.8730 0.2073 0.4414
vn 0.9901 0.0362 -0.1353
vn -0.5917 -0.1714 -0.7878
vn -0.9088 -0.0796 -0.4096
vn -0.8450 0.2523 0.4716
vn -0.9927 0.0990 0.0693
vn 0.3312 0.3537 0.8747
# 2797 vertex normals

vt 0.2566 0.6951 0.0000
vt 0.2660 0.6912 0.0000
vt 0.2637 0.6821 0.0000
vt 0.2515 0.6853 0.0000
vt 0.2419 0.6940 0.0000
vt 0.2479 0.7008 0.0000
vt 0.2544 0.6744 0.0000
vt 0.2450 0.6740 0.0000
vt 0.2414 0.6818 0.0000
vt 0.2353 0.6891 0.0000
vt 0.2647 0.6726 0.0000
vt 0.2022 0.7348 0.0000
vt 0.2159 0.7254 0.0000
vt 0.2093 0.7186 0.0000
vt 0.1977 0.7269 0.0000
vt 0.2206 0.7391 0.0000
vt 0.2263 0.7317 0.0000
vt 0.2028 0.7462 0.0000
vt 0.2177 0.7484 0.0000
vt 0.2291 0.5506 0.0000
vt 0.2221 0.5316 0.0000
vt 0.2046 0.5548 0.0000
vt 0.2202 0.5645 0.0000
vt 0.2323 0.5737 0.0000
vt 0.2505 0.5548 0.0000
vt 0.2525 0.5302 0.0000
vt 0.2506 0.1188 0.0000
vt 0.2588 0.1122 0.0000
vt 0.2485 0.1029 0.0000
vt 0.2415 0.1163 0.0000
vt 0.2549 0.1356 0.0000
vt 0.2681 0.1301 0.0000
vt 0.2423 0.1385 0.0000
vt 0.2761 0.6520 0.0000
vt 0.2681 0.6632 0.0000
vt 0.2771 0.6633 0.0000
vt 0.2819 0.6557 0.0000
vt 0.2595 0.6571 0.0000
vt 0.2569 0.6655 0.0000
vt 0.2717 0.6473 0.0000
vt 0.2594 0.6511 0.0000
vt 0.3251 0.6594 0.0000
vt 0.3164 0.6595 0.0000
vt 0.3188 0.6731 0.0000
vt 0.3232 0.6510 0.0000
vt 0.3313 0.6743 0.0000
vt 0.3447 0.6534 0.0000
vt 0.2229 0.0710 0.0000
vt 0.2210 0.0622 0.0000
vt 0.2102 0.0700 0.0000
vt 0.2168 0.0782 0.0000
vt 0.2314 0.0714 0.0000
vt 0.2338 0.0590 0.0000
vt 0.2260 0.0819 0.0000
vt 0.5111 0.6404 0.0000
vt 0.5244 0.6604 0.0000
vt 0.5333 0.6454 0.0000
vt 0.5219 0.6337 0.0000
vt 0.5403 0.6270 0.0000
vt 0.5228 0.6200 0.0000
vt 0.5053 0.6226 0.0000
vt 0.5689 0.5109 0.0000
vt 0.5369 0.5108 0.0000
vt 0.5355 0.5300 0.0000
vt 0.5719 0.5340 0.0000
vt 0.6075 0.5246 0.0000
vt 0.6023 0.5069 0.0000
vt 0.5967 0.5539 0.0000
vt 0.6198 0.5429 0.0000
vt 0.5598 0.5533 0.0000
vt 0.5831 0.5675 0.0000
vt 0.5324 0.5477 0.0000
vt 0.7669 0.0659 0.0000
vt 0.7570 0.0643 0.0000
vt 0.7589 0.0849 0.0000
vt 0.7723 0.0821 0.0000
vt 0.7733 0.0599 0.0000
vt 0.7601 0.0517 0.0000
vt 0.7848 0.0773 0.0000
vt 0.7364 0.3508 0.0000
vt 0.7301 0.3750 0.0000
vt 0.7566 0.3761 0.0000
vt 0.7659 0.3521 0.0000
vt 0.7717 0.3794 0.0000
vt 0.7823 0.3614 0.0000
vt 0.7852 0.3399 0.0000
vt 0.7924 0.3509 0.0000
vt 0.7799 0.7277 0.0000
vt 0.7726 0.7145 0.0000
vt 0.7639 0.7226 0.0000
vt 0.7748 0.7347 0.0000
vt 0.7743 0.6131 0.0000
vt 0.7842 0.6115 0.0000
vt 0.7790 0.5967 0.0000
vt 0.7672 0.6041 0.0000
vt 0.7860 0.7434 0.0000
vt 0.7909 0.7322 0.0000
vt 0.6968 0.4562 0.0000
vt 0.6942 0.4801 0.0000
vt 0.7257 0.4818 0.0000
vt 0.7332 0.4533 0.0000
vt 0.7512 0.4892 0.0000
vt 0.7631 0.4730 0.0000
vt 0.7789 0.4558 0.0000
vt 0.7611 0.4408 0.0000
vt 0.6726 0.0570 0.0000
vt 0.6678 0.0485 0.0000
vt 0.6514 0.0666 0.0000
vt 0.6629 0.0733 0.0000
vt 0.6749 0.0787 0.0000
vt 0.6826 0.0573 0.0000
vt 0.6828 0.0423 0.0000
vt 0.1894 0.7129 0.0000
vt 0.1939 0.7201 0.0000
vt 0.2050 0.7115 0.0000
vt 0.2016 0.7036 0.0000
vt 0.1935 0.6967 0.0000
vt 0.1869 0.6960 0.0000
vt 0.1824 0.7099 0.0000
vt 0.2003 0.6961 0.0000
vt 0.2309 0.6397 0.0000
vt 0.2434 0.6390 0.0000
vt 0.2411 0.6318 0.0000
vt 0.2253 0.6317 0.0000
vt 0.2181 0.6356 0.0000
vt 0.2235 0.6418 0.0000
vt 0.2117 0.6245 0.0000
vt 0.2089 0.6295 0.0000
vt 0.2417 0.6232 0.0000
vt 0.2283 0.6212 0.0000
vt 0.2168 0.6174 0.0000
vt 0.1620 0.6910 0.0000
vt 0.1604 0.7064 0.0000
vt 0.1680 0.7061 0.0000
vt 0.1739 0.6905 0.0000
vt 0.1516 0.6946 0.0000
vt 0.1516 0.7081 0.0000
vt 0.1639 0.6794 0.0000
vt 0.1525 0.6820 0.0000
vt 0.8554 0.7999 0.0000
vt 0.8737 0.7807 0.0000
vt 0.8423 0.7732 0.0000
vt 0.8067 0.7974 0.0000
vt 0.8244 0.7653 0.0000
vt 0.8013 0.7830 0.0000
vt 0.8104 0.8140 0.0000
vt 0.8459 0.8165 0.0000
vt 0.1714 0.6185 0.0000
vt 0.1544 0.6368 0.0000
vt 0.1643 0.6361 0.0000
vt 0.1741 0.6273 0.0000
vt 0.1530 0.6120 0.0000
vt 0.1414 0.6296 0.0000
vt 0.1886 0.6221 0.0000
vt 0.1906 0.6140 0.0000
vt 0.1824 0.5981 0.0000
vt 0.1636 0.5907 0.0000
vt 0.3444 0.6768 0.0000
vt 0.3562 0.6852 0.0000
vt 0.3728 0.6704 0.0000
vt 0.3638 0.6512 0.0000
vt 0.3620 0.6224 0.0000
vt 0.3499 0.6264 0.0000
vt 0.3948 0.6615 0.0000
vt 0.3868 0.6415 0.0000
vt 0.3822 0.6198 0.0000
vt 0.1183 0.6938 0.0000
vt 0.1238 0.6715 0.0000
vt 0.1007 0.6645 0.0000
vt 0.0916 0.6850 0.0000
vt 0.1379 0.6882 0.0000
vt 0.1395 0.6717 0.0000
vt 0.1270 0.7063 0.0000
vt 0.1394 0.6995 0.0000
vt 0.0811 0.7043 0.0000
vt 0.1040 0.7122 0.0000
vt 0.1158 0.7180 0.0000
vt 0.2001 0.7908 0.0000
vt 0.2067 0.7793 0.0000
vt 0.1958 0.7764 0.0000
vt 0.1901 0.7851 0.0000
vt 0.2207 0.7779 0.0000
vt 0.2038 0.7958 0.0000
vt 0.2209 0.7882 0.0000
vt 0.1794 0.7939 0.0000
vt 0.1821 0.8037 0.0000
vt 0.1344 0.8303 0.0000
vt 0.1408 0.8466 0.0000
vt 0.1644 0.8307 0.0000
vt 0.1624 0.8191 0.0000
vt 0.1635 0.8096 0.0000
vt 0.1449 0.8123 0.0000
vt 0.1170 0.8232 0.0000
vt 0.0964 0.8383 0.0000
vt 0.1081 0.8521 0.0000
vt 0.1293 0.8096 0.0000
vt 0.1195 0.8674 0.0000
vt 0.3228 0.5669 0.0000
vt 0.3158 0.5808 0.0000
vt 0.3313 0.5909 0.0000
vt 0.3422 0.5795 0.0000
vt 0.2888 0.5668 0.0000
vt 0.2918 0.5772 0.0000
vt 0.3641 0.5657 0.0000
vt 0.3234 0.5430 0.0000
vt 0.2884 0.5478 0.0000
vt 0.3552 0.5336 0.0000
vt 0.5242 0.8879 0.0000
vt 0.5440 0.8786 0.0000
vt 0.5372 0.8630 0.0000
vt 0.5100 0.8652 0.0000
vt 0.4886 0.8819 0.0000
vt 0.5060 0.9009 0.0000
vt 0.5432 0.6809 0.0000
vt 0.5287 0.6955 0.0000
vt 0.5483 0.7177 0.0000
vt 0.5698 0.7012 0.0000
vt 0.5345 0.8414 0.0000
vt 0.5125 0.8385 0.0000
vt 0.5722 0.6744 0.0000
vt 0.5507 0.6616 0.0000
vt 0.9292 0.4184 0.0000
vt 0.9440 0.4100 0.0000
vt 0.9224 0.4025 0.0000
vt 0.9160 0.4122 0.0000
vt 0.9173 0.4378 0.0000
vt 0.9034 0.4253 0.0000
vt 0.9470 0.4323 0.0000
vt 0.7628 0.5118 0.0000
vt 0.7492 0.5286 0.0000
vt 0.7651 0.5406 0.0000
vt 0.7866 0.5240 0.0000
vt 0.7958 0.5026 0.0000
vt 0.7731 0.4967 0.0000
vt 0.7969 0.5461 0.0000
vt 0.8218 0.5414 0.0000
vt 0.8197 0.5227 0.0000
vt 0.7771 0.5563 0.0000
vt 0.8226 0.5057 0.0000
vt 0.9076 0.3064 0.0000
vt 0.9195 0.3163 0.0000
vt 0.9387 0.3034 0.0000
vt 0.8990 0.3158 0.0000
vt 0.9095 0.3240 0.0000
vt 0.8921 0.3009 0.0000
vt 0.8868 0.3108 0.0000
vt 0.9042 0.2751 0.0000
vt 0.9336 0.2733 0.0000
vt 0.1292 0.4102 0.0000
vt 0.1486 0.4151 0.0000
vt 0.1531 0.3820 0.0000
vt 0.1345 0.3774 0.0000
vt 0.1686 0.4199 0.0000
vt 0.1720 0.3864 0.0000
vt 0.1423 0.4472 0.0000
vt 0.1629 0.4528 0.0000
vt 0.1219 0.4413 0.0000
vt 0.1132 0.4702 0.0000
vt 0.1340 0.4779 0.0000
vt 0.9327 0.3347 0.0000
vt 0.9414 0.3605 0.0000
vt 0.9450 0.3603 0.0000
vt 0.9424 0.3324 0.0000
vt 0.9203 0.3398 0.0000
vt 0.9284 0.3617 0.0000
vt 0.9422 0.3775 0.0000
vt 0.9459 0.3774 0.0000
vt 0.9292 0.3778 0.0000
vt 0.9266 0.3911 0.0000
vt 0.9428 0.3931 0.0000
vt 0.9466 0.3933 0.0000
vt 0.9479 0.4098 0.0000
vt 0.0922 0.5217 0.0000
vt 0.1117 0.5354 0.0000
vt 0.1200 0.5160 0.0000
vt 0.0999 0.5043 0.0000
vt 0.0811 0.5454 0.0000
vt 0.1012 0.5580 0.0000
vt 0.9509 0.4325 0.0000
vt 0.0684 0.5704 0.0000
vt 0.0898 0.5812 0.0000
vt 0.9506 0.4576 0.0000
vt 0.9544 0.4571 0.0000
vt 0.9544 0.4813 0.0000
vt 0.9581 0.4805 0.0000
vt 0.9250 0.4654 0.0000
vt 0.9293 0.4884 0.0000
vt 0.9007 0.4751 0.0000
vt 0.9038 0.4954 0.0000
vt 0.8950 0.4552 0.0000
vt 0.8726 0.4662 0.0000
vt 0.8760 0.4832 0.0000
vt 0.8859 0.4401 0.0000
vt 0.8686 0.4528 0.0000
vt 0.8574 0.4582 0.0000
vt 0.8614 0.4693 0.0000
vt 0.8443 0.4608 0.0000
vt 0.8316 0.4586 0.0000
vt 0.8290 0.4731 0.0000
vt 0.8502 0.4723 0.0000
vt 0.8163 0.4537 0.0000
vt 0.8097 0.4694 0.0000
vt 0.8043 0.4472 0.0000
vt 0.7934 0.4634 0.0000
vt 0.7941 0.4394 0.0000
vt 0.7861 0.4313 0.0000
vt 0.7794 0.4226 0.0000
vt 0.7744 0.4142 0.0000
vt 0.7524 0.4226 0.0000
vt 0.7701 0.4046 0.0000
vt 0.7504 0.4097 0.0000
vt 0.7689 0.3951 0.0000
vt 0.7506 0.3966 0.0000
vt 0.7259 0.3978 0.0000
vt 0.7018 0.3743 0.0000
vt 0.6981 0.3990 0.0000
vt 0.7252 0.4131 0.0000
vt 0.6968 0.4153 0.0000
vt 0.6689 0.3992 0.0000
vt 0.6668 0.4163 0.0000
vt 0.6963 0.4317 0.0000
vt 0.7262 0.4287 0.0000
vt 0.6654 0.4332 0.0000
vt 0.6370 0.4162 0.0000
vt 0.6348 0.4338 0.0000
vt 0.6640 0.4580 0.0000
vt 0.6327 0.4598 0.0000
vt 0.6049 0.4337 0.0000
vt 0.6019 0.4613 0.0000
vt 0.6007 0.4889 0.0000
vt 0.6322 0.4852 0.0000
vt 0.5718 0.4619 0.0000
vt 0.5692 0.4911 0.0000
vt 0.5422 0.4612 0.0000
vt 0.5385 0.4910 0.0000
vt 0.5124 0.4595 0.0000
vt 0.5084 0.4896 0.0000
vt 0.4814 0.4577 0.0000
vt 0.4784 0.4885 0.0000
vt 0.5069 0.5094 0.0000
vt 0.4780 0.5090 0.0000
vt 0.4480 0.4890 0.0000
vt 0.4495 0.5102 0.0000
vt 0.4783 0.5291 0.0000
vt 0.5060 0.5288 0.0000
vt 0.4515 0.5312 0.0000
vt 0.4456 0.5107 0.0000
vt 0.4476 0.5316 0.0000
vt 0.4544 0.5518 0.0000
vt 0.4792 0.5489 0.0000
vt 0.4505 0.5523 0.0000
vt 0.4535 0.6246 0.0000
vt 0.4311 0.6293 0.0000
vt 0.4368 0.6517 0.0000
vt 0.4580 0.6476 0.0000
vt 0.4543 0.5728 0.0000
vt 0.4581 0.5721 0.0000
vt 0.4424 0.6741 0.0000
vt 0.4626 0.6707 0.0000
vt 0.4162 0.6560 0.0000
vt 0.4231 0.6778 0.0000
vt 0.4478 0.6972 0.0000
vt 0.4670 0.6944 0.0000
vt 0.4297 0.7002 0.0000
vt 0.4039 0.6818 0.0000
vt 0.4120 0.7031 0.0000
vt 0.4354 0.7234 0.0000
vt 0.4525 0.7213 0.0000
vt 0.4186 0.7254 0.0000
vt 0.3943 0.7072 0.0000
vt 0.4021 0.7275 0.0000
vt 0.4226 0.7480 0.0000
vt 0.4388 0.7475 0.0000
vt 0.4065 0.7486 0.0000
vt 0.3872 0.7322 0.0000
vt 0.3910 0.7505 0.0000
vt 0.4076 0.7699 0.0000
vt 0.4233 0.7711 0.0000
vt 0.3926 0.7695 0.0000
vt 0.3794 0.7532 0.0000
vt 0.3815 0.7707 0.0000
vt 0.3911 0.7884 0.0000
vt 0.4054 0.7914 0.0000
vt 0.3797 0.7858 0.0000
vt 0.3736 0.7700 0.0000
vt 0.3722 0.7843 0.0000
vt 0.3747 0.8020 0.0000
vt 0.3865 0.8071 0.0000
vt 0.3678 0.7987 0.0000
vt 0.3686 0.7839 0.0000
vt 0.3647 0.7967 0.0000
vt 0.3609 0.8120 0.0000
vt 0.3688 0.8169 0.0000
vt 0.3580 0.8095 0.0000
vt 0.3621 0.7958 0.0000
vt 0.3559 0.8068 0.0000
vt 0.3496 0.8193 0.0000
vt 0.3522 0.8232 0.0000
vt 0.3479 0.8161 0.0000
vt 0.3516 0.8035 0.0000
vt 0.3442 0.8119 0.0000
vt 0.3386 0.8237 0.0000
vt 0.3399 0.8268 0.0000
vt 0.3356 0.8186 0.0000
vt 0.3417 0.8089 0.0000
vt 0.3336 0.8150 0.0000
vt 0.3264 0.8234 0.0000
vt 0.3285 0.8294 0.0000
vt 0.3250 0.8192 0.0000
vt 0.0734 0.3564 0.0000
vt 0.0724 0.3624 0.0000
vt 0.0812 0.3645 0.0000
vt 0.0834 0.3587 0.0000
vt 0.3163 0.8217 0.0000
vt 0.3171 0.8265 0.0000
vt 0.0889 0.3678 0.0000
vt 0.0921 0.3626 0.0000
vt 0.8728 0.0239 0.0000
vt 0.8671 0.0113 0.0000
vt 0.8612 0.0144 0.0000
vt 0.8690 0.0262 0.0000
vt 0.0950 0.3719 0.0000
vt 0.0990 0.3672 0.0000
vt 0.8565 0.0180 0.0000
vt 0.8662 0.0287 0.0000
vt 0.8526 0.0221 0.0000
vt 0.8640 0.0313 0.0000
vt 0.8496 0.0263 0.0000
vt 0.8622 0.0339 0.0000
vt 0.8483 0.0656 0.0000
vt 0.8622 0.0582 0.0000
vt 0.8609 0.0558 0.0000
vt 0.8464 0.0616 0.0000
vt 0.8506 0.0693 0.0000
vt 0.8635 0.0606 0.0000
vt 0.9188 0.0320 0.0000
vt 0.9150 0.0251 0.0000
vt 0.9047 0.0323 0.0000
vt 0.9072 0.0370 0.0000
vt 0.9099 0.0190 0.0000
vt 0.9013 0.0282 0.0000
vt 0.8737 0.0091 0.0000
vt 0.8771 0.0223 0.0000
vt 0.8819 0.0214 0.0000
vt 0.8811 0.0081 0.0000
vt 0.8870 0.0215 0.0000
vt 0.8888 0.0086 0.0000
vt 0.0630 0.3620 0.0000
vt 0.0628 0.3559 0.0000
vt 0.0519 0.3576 0.0000
vt 0.0533 0.3636 0.0000
vt 0.0413 0.3616 0.0000
vt 0.0439 0.3671 0.0000
vt 0.3486 0.8012 0.0000
vt 0.3572 0.7935 0.0000
vt 0.3538 0.7919 0.0000
vt 0.3607 0.7823 0.0000
vt 0.3570 0.7815 0.0000
vt 0.3658 0.7833 0.0000
vt 0.3669 0.7702 0.0000
vt 0.3616 0.7703 0.0000
vt 0.3699 0.7702 0.0000
vt 0.3679 0.7562 0.0000
vt 0.3651 0.7571 0.0000
vt 0.3719 0.7550 0.0000
vt 0.3670 0.7407 0.0000
vt 0.3637 0.7432 0.0000
vt 0.3751 0.7371 0.0000
vt 0.3674 0.7218 0.0000
vt 0.3606 0.7269 0.0000
vt 0.3785 0.7142 0.0000
vt 0.3682 0.6986 0.0000
vt 0.3583 0.7089 0.0000
vt 0.3842 0.6878 0.0000
vt 0.3478 0.6986 0.0000
vt 0.3371 0.6917 0.0000
vt 0.3337 0.7016 0.0000
vt 0.3421 0.7067 0.0000
vt 0.3522 0.7159 0.0000
vt 0.3406 0.7135 0.0000
vt 0.3487 0.7207 0.0000
vt 0.3568 0.7306 0.0000
vt 0.3471 0.7247 0.0000
vt 0.3546 0.7339 0.0000
vt 0.3608 0.7449 0.0000
vt 0.3503 0.7376 0.0000
vt 0.3562 0.7474 0.0000
vt 0.3599 0.7585 0.0000
vt 0.3528 0.7492 0.0000
vt 0.3565 0.7594 0.0000
vt 0.3580 0.7705 0.0000
vt 0.0168 0.3860 0.0000
vt 0.0223 0.3886 0.0000
vt 0.0279 0.3799 0.0000
vt 0.0232 0.3760 0.0000
vt 0.0353 0.3726 0.0000
vt 0.0315 0.3678 0.0000
vt 0.9035 0.0141 0.0000
vt 0.8970 0.0249 0.0000
vt 0.8964 0.0106 0.0000
vt 0.8921 0.0227 0.0000
vt 0.9085 0.0419 0.0000
vt 0.9211 0.0392 0.0000
vt 0.0128 0.3968 0.0000
vt 0.0111 0.4079 0.0000
vt 0.0172 0.4078 0.0000
vt 0.0187 0.3981 0.0000
vt 0.0115 0.4183 0.0000
vt 0.0174 0.4170 0.0000
vt 0.3432 0.7295 0.0000
vt 0.3406 0.7331 0.0000
vt 0.3472 0.7403 0.0000
vt 0.3355 0.7235 0.0000
vt 0.3334 0.7276 0.0000
vt 0.3386 0.7175 0.0000
vt 0.3299 0.7129 0.0000
vt 0.3277 0.7194 0.0000
vt 0.3327 0.7092 0.0000
vt 0.3236 0.7061 0.0000
vt 0.3215 0.7097 0.0000
vt 0.3239 0.6973 0.0000
vt 0.3143 0.6952 0.0000
vt 0.3143 0.7045 0.0000
vt 0.3258 0.6881 0.0000
vt 0.3151 0.6868 0.0000
vt 0.3055 0.6864 0.0000
vt 0.3052 0.6942 0.0000
vt 0.3060 0.6778 0.0000
vt 0.2953 0.6865 0.0000
vt 0.2960 0.6941 0.0000
vt 0.2950 0.6787 0.0000
vt 0.2840 0.6794 0.0000
vt 0.2852 0.6874 0.0000
vt 0.2954 0.6712 0.0000
vt 0.2844 0.6715 0.0000
vt 0.3065 0.6704 0.0000
vt 0.2972 0.6642 0.0000
vt 0.2861 0.6640 0.0000
vt 0.3072 0.6638 0.0000
vt 0.2967 0.6590 0.0000
vt 0.2886 0.6581 0.0000
vt 0.3073 0.6569 0.0000
vt 0.3143 0.6532 0.0000
vt 0.3200 0.6477 0.0000
vt 0.3280 0.6431 0.0000
vt 0.3240 0.6408 0.0000
vt 0.3321 0.6338 0.0000
vt 0.3328 0.6254 0.0000
vt 0.3262 0.6262 0.0000
vt 0.3262 0.6329 0.0000
vt 0.3409 0.6295 0.0000
vt 0.3337 0.6469 0.0000
vt 0.3441 0.6094 0.0000
vt 0.3374 0.6142 0.0000
vt 0.3316 0.6048 0.0000
vt 0.3579 0.6023 0.0000
vt 0.3758 0.5975 0.0000
vt 0.3978 0.5900 0.0000
vt 0.3894 0.5570 0.0000
vt 0.4035 0.6125 0.0000
vt 0.4258 0.6069 0.0000
vt 0.4207 0.5843 0.0000
vt 0.4093 0.6344 0.0000
vt 0.4486 0.6017 0.0000
vt 0.4438 0.5789 0.0000
vt 0.4371 0.5447 0.0000
vt 0.4135 0.5505 0.0000
vt 0.4479 0.4568 0.0000
vt 0.4439 0.4571 0.0000
vt 0.4443 0.4895 0.0000
vt 0.4869 0.4268 0.0000
vt 0.4494 0.4246 0.0000
vt 0.5179 0.4292 0.0000
vt 0.5224 0.4091 0.0000
vt 0.4939 0.4063 0.0000
vt 0.5469 0.4314 0.0000
vt 0.5507 0.4117 0.0000
vt 0.5757 0.4330 0.0000
vt 0.5789 0.4138 0.0000
vt 0.6076 0.4153 0.0000
vt 0.6108 0.3969 0.0000
vt 0.5826 0.3947 0.0000
vt 0.6396 0.3984 0.0000
vt 0.6442 0.3717 0.0000
vt 0.6161 0.3692 0.0000
vt 0.6728 0.3735 0.0000
vt 0.7063 0.3490 0.0000
vt 0.6772 0.3473 0.0000
vt 0.7097 0.3207 0.0000
vt 0.6820 0.3199 0.0000
vt 0.7391 0.3187 0.0000
vt 0.7679 0.3123 0.0000
vt 0.7991 0.2998 0.0000
vt 0.8013 0.3286 0.0000
vt 0.8200 0.3179 0.0000
vt 0.8160 0.2934 0.0000
vt 0.8397 0.2882 0.0000
vt 0.8356 0.3099 0.0000
vt 0.8522 0.3024 0.0000
vt 0.8381 0.3214 0.0000
vt 0.8548 0.3123 0.0000
vt 0.8225 0.3310 0.0000
vt 0.8697 0.2783 0.0000
vt 0.8636 0.2470 0.0000
vt 0.8308 0.2558 0.0000
vt 0.8953 0.2399 0.0000
vt 0.9248 0.2343 0.0000
vt 0.1568 0.3385 0.0000
vt 0.1393 0.3348 0.0000
vt 0.1745 0.3423 0.0000
vt 0.1922 0.3904 0.0000
vt 0.1934 0.3461 0.0000
vt 0.1900 0.4243 0.0000
vt 0.2139 0.4280 0.0000
vt 0.2152 0.3937 0.0000
vt 0.1850 0.4582 0.0000
vt 0.2092 0.4628 0.0000
vt 0.1770 0.4920 0.0000
vt 0.2010 0.4983 0.0000
vt 0.1550 0.4851 0.0000
vt 0.1483 0.5060 0.0000
vt 0.1697 0.5145 0.0000
vt 0.1276 0.4971 0.0000
vt 0.1066 0.4878 0.0000
vt 0.1404 0.5264 0.0000
vt 0.1614 0.5364 0.0000
vt 0.1316 0.5473 0.0000
vt 0.1524 0.5581 0.0000
vt 0.1217 0.5694 0.0000
vt 0.1428 0.5803 0.0000
vt 0.1112 0.5915 0.0000
vt 0.1328 0.6020 0.0000
vt 0.1002 0.6130 0.0000
vt 0.1217 0.6222 0.0000
vt 0.0785 0.6038 0.0000
vt 0.0673 0.6259 0.0000
vt 0.0891 0.6344 0.0000
vt 0.0565 0.5944 0.0000
vt 0.0450 0.6172 0.0000
vt 0.0343 0.6402 0.0000
vt 0.0565 0.6477 0.0000
vt 0.9580 0.5039 0.0000
vt 0.9612 0.5264 0.0000
vt 0.9650 0.5257 0.0000
vt 0.9618 0.5031 0.0000
vt 0.9322 0.5098 0.0000
vt 0.9342 0.5310 0.0000
vt 0.9054 0.5151 0.0000
vt 0.9063 0.5348 0.0000
vt 0.8774 0.5192 0.0000
vt 0.8776 0.5375 0.0000
vt 0.8771 0.5012 0.0000
vt 0.8499 0.5050 0.0000
vt 0.8488 0.5220 0.0000
vt 0.8508 0.4883 0.0000
vt 0.8260 0.4890 0.0000
vt 0.8027 0.4859 0.0000
vt 0.7826 0.4803 0.0000
vt 0.8491 0.5395 0.0000
vt 0.8504 0.5582 0.0000
vt 0.8779 0.5563 0.0000
vt 0.8254 0.5615 0.0000
vt 0.8279 0.5813 0.0000
vt 0.8514 0.5781 0.0000
vt 0.8041 0.5663 0.0000
vt 0.8089 0.5856 0.0000
vt 0.7868 0.5733 0.0000
vt 0.7929 0.5909 0.0000
vt 0.7720 0.5819 0.0000
vt 0.7620 0.5679 0.0000
vt 0.7498 0.5558 0.0000
vt 0.7482 0.5807 0.0000
vt 0.7583 0.5918 0.0000
vt 0.7369 0.5708 0.0000
vt 0.7364 0.5458 0.0000
vt 0.7250 0.5625 0.0000
vt 0.7258 0.6745 0.0000
vt 0.7189 0.6934 0.0000
vt 0.7358 0.7011 0.0000
vt 0.7451 0.6851 0.0000
vt 0.7040 0.6676 0.0000
vt 0.7002 0.6886 0.0000
vt 0.6802 0.6659 0.0000
vt 0.6801 0.6861 0.0000
vt 0.6970 0.7084 0.0000
vt 0.7138 0.7123 0.0000
vt 0.6790 0.7068 0.0000
vt 0.6591 0.6880 0.0000
vt 0.6610 0.7075 0.0000
vt 0.6794 0.7241 0.0000
vt 0.6947 0.7255 0.0000
vt 0.6621 0.7255 0.0000
vt 0.6427 0.7113 0.0000
vt 0.6467 0.7301 0.0000
vt 0.6380 0.6934 0.0000
vt 0.6175 0.7024 0.0000
vt 0.6247 0.7182 0.0000
vt 0.6321 0.7366 0.0000
vt 0.6081 0.7278 0.0000
vt 0.6179 0.7456 0.0000
vt 0.5984 0.7140 0.0000
vt 0.5812 0.7272 0.0000
vt 0.5933 0.7393 0.0000
vt 0.6068 0.7553 0.0000
vt 0.5808 0.7518 0.0000
vt 0.5963 0.7665 0.0000
vt 0.5669 0.7412 0.0000
vt 0.5557 0.7557 0.0000
vt 0.5709 0.7649 0.0000
vt 0.5887 0.7771 0.0000
vt 0.5634 0.7787 0.0000
vt 0.5831 0.7873 0.0000
vt 0.5472 0.7706 0.0000
vt 0.5412 0.7862 0.0000
vt 0.5582 0.7928 0.0000
vt 0.5788 0.7988 0.0000
vt 0.5550 0.8081 0.0000
vt 0.5756 0.8112 0.0000
vt 0.5372 0.8030 0.0000
vt 0.5350 0.8214 0.0000
vt 0.5559 0.8240 0.0000
vt 0.5744 0.8243 0.0000
vt 0.5574 0.8411 0.0000
vt 0.5754 0.8384 0.0000
vt 0.5605 0.8571 0.0000
vt 0.5785 0.8521 0.0000
vt 0.5660 0.8701 0.0000
vt 0.5829 0.8630 0.0000
vt 0.5728 0.8821 0.0000
vt 0.5879 0.8729 0.0000
vt 0.5541 0.8933 0.0000
vt 0.5375 0.9042 0.0000
vt 0.5664 0.9064 0.0000
vt 0.5814 0.8942 0.0000
vt 0.5528 0.9189 0.0000
vt 0.5228 0.9174 0.0000
vt 0.5405 0.9324 0.0000
vt 0.5693 0.9317 0.0000
vt 0.5801 0.9182 0.0000
vt 0.5595 0.9457 0.0000
vt 0.5282 0.9473 0.0000
vt 0.5497 0.9604 0.0000
vt 0.5799 0.9569 0.0000
vt 0.5874 0.9427 0.0000
vt 0.5724 0.9714 0.0000
vt 0.5476 0.9636 0.0000
vt 0.5706 0.9748 0.0000
vt 0.5960 0.9804 0.0000
vt 0.6015 0.9659 0.0000
vt 0.5945 0.9839 0.0000
vt 0.3488 0.9640 0.0000
vt 0.3411 0.9468 0.0000
vt 0.3180 0.9569 0.0000
vt 0.3240 0.9751 0.0000
vt 0.6193 0.9909 0.0000
vt 0.6203 0.9872 0.0000
vt 0.2943 0.9641 0.0000
vt 0.2984 0.9834 0.0000
vt 0.3120 0.9394 0.0000
vt 0.2901 0.9456 0.0000
vt 0.2699 0.9685 0.0000
vt 0.2721 0.9886 0.0000
vt 0.2677 0.9492 0.0000
vt 0.2857 0.9268 0.0000
vt 0.2655 0.9293 0.0000
vt 0.2450 0.9502 0.0000
vt 0.2453 0.9702 0.0000
vt 0.2449 0.9295 0.0000
vt 0.2636 0.9087 0.0000
vt 0.2452 0.9080 0.0000
vt 0.2246 0.9273 0.0000
vt 0.2224 0.9486 0.0000
vt 0.2270 0.9051 0.0000
vt 0.2476 0.8872 0.0000
vt 0.2314 0.8832 0.0000
vt 0.2095 0.9003 0.0000
vt 0.2045 0.9229 0.0000
vt 0.2166 0.8775 0.0000
vt 0.2417 0.8633 0.0000
vt 0.2292 0.8575 0.0000
vt 0.2027 0.8707 0.0000
vt 0.1926 0.8932 0.0000
vt 0.2173 0.8511 0.0000
vt 0.2419 0.8429 0.0000
vt 0.2324 0.8367 0.0000
vt 0.2070 0.8433 0.0000
vt 0.1894 0.8616 0.0000
vt 0.2238 0.8301 0.0000
vt 0.2443 0.8267 0.0000
vt 0.2375 0.8205 0.0000
vt 0.2167 0.8229 0.0000
vt 0.1984 0.8353 0.0000
vt 0.2314 0.8139 0.0000
vt 0.2478 0.8138 0.0000
vt 0.2430 0.8075 0.0000
vt 0.2268 0.8064 0.0000
vt 0.2109 0.8149 0.0000
vt 0.2393 0.8008 0.0000
vt 0.2537 0.8020 0.0000
vt 0.2506 0.7963 0.0000
vt 0.2365 0.7932 0.0000
vt 0.2230 0.7978 0.0000
vt 0.2484 0.7899 0.0000
vt 0.2604 0.7926 0.0000
vt 0.2585 0.7873 0.0000
vt 0.2468 0.7836 0.0000
vt 0.2348 0.7853 0.0000
vt 0.2569 0.7820 0.0000
vt 0.1161 0.4306 0.0000
vt 0.1105 0.4281 0.0000
vt 0.1084 0.4330 0.0000
vt 0.1138 0.4362 0.0000
vt 0.2563 0.7764 0.0000
vt 0.2463 0.7768 0.0000
vt 0.1055 0.4375 0.0000
vt 0.1104 0.4412 0.0000
vt 0.8534 0.0729 0.0000
vt 0.8653 0.0627 0.0000
vt 0.1024 0.4419 0.0000
vt 0.1069 0.4461 0.0000
vt 0.8653 0.0667 0.0000
vt 0.8672 0.0647 0.0000
vt 0.8565 0.0761 0.0000
vt 0.8693 0.0664 0.0000
vt 0.8600 0.0790 0.0000
vt 0.8716 0.0679 0.0000
vt 0.8639 0.0814 0.0000
vt 0.8740 0.0691 0.0000
vt 0.8678 0.0833 0.0000
vt 0.8765 0.0700 0.0000
vt 0.8720 0.0848 0.0000
vt 0.8791 0.0707 0.0000
vt 0.8763 0.0858 0.0000
vt 0.8819 0.0711 0.0000
vt 0.8807 0.0862 0.0000
vt 0.8846 0.0713 0.0000
vt 0.8851 0.0863 0.0000
vt 0.8873 0.0709 0.0000
vt 0.8895 0.0857 0.0000
vt 0.8900 0.0706 0.0000
vt 0.8938 0.0848 0.0000
vt 0.8926 0.0696 0.0000
vt 0.8978 0.0834 0.0000
vt 0.8952 0.0687 0.0000
vt 0.9019 0.0815 0.0000
vt 0.8976 0.0671 0.0000
vt 0.9056 0.0791 0.0000
vt 0.9001 0.0655 0.0000
vt 0.9092 0.0762 0.0000
vt 0.9122 0.0730 0.0000
vt 0.9022 0.0633 0.0000
vt 0.9151 0.0695 0.0000
vt 0.9043 0.0609 0.0000
vt 0.9180 0.0643 0.0000
vt 0.9060 0.0580 0.0000
vt 0.9074 0.0547 0.0000
vt 0.9203 0.0587 0.0000
vt 0.9086 0.0511 0.0000
vt 0.9216 0.0526 0.0000
vt 0.9090 0.0467 0.0000
vt 0.9219 0.0463 0.0000
vt 0.0134 0.4277 0.0000
vt 0.0170 0.4354 0.0000
vt 0.0222 0.4320 0.0000
vt 0.0191 0.4253 0.0000
vt 0.0211 0.4420 0.0000
vt 0.0257 0.4380 0.0000
vt 0.3202 0.7168 0.0000
vt 0.3192 0.7220 0.0000
vt 0.3262 0.7243 0.0000
vt 0.3128 0.7151 0.0000
vt 0.3125 0.7206 0.0000
vt 0.3132 0.7079 0.0000
vt 0.3054 0.7071 0.0000
vt 0.3058 0.7147 0.0000
vt 0.3063 0.7035 0.0000
vt 0.2978 0.7038 0.0000
vt 0.2978 0.7074 0.0000
vt 0.2892 0.7045 0.0000
vt 0.2903 0.7085 0.0000
vt 0.2870 0.6951 0.0000
vt 0.2782 0.6969 0.0000
vt 0.2810 0.7069 0.0000
vt 0.2756 0.6888 0.0000
vt 0.2699 0.6996 0.0000
vt 0.2740 0.6803 0.0000
vt 0.2745 0.6718 0.0000
vt 0.2617 0.7032 0.0000
vt 0.2665 0.7103 0.0000
vt 0.2738 0.7099 0.0000
vt 0.2540 0.7079 0.0000
vt 0.2598 0.7143 0.0000
vt 0.2465 0.7132 0.0000
vt 0.2533 0.7191 0.0000
vt 0.2397 0.7070 0.0000
vt 0.2317 0.7132 0.0000
vt 0.2394 0.7190 0.0000
vt 0.2335 0.7010 0.0000
vt 0.2254 0.7073 0.0000
vt 0.2282 0.6958 0.0000
vt 0.2205 0.7016 0.0000
vt 0.2231 0.6908 0.0000
vt 0.2163 0.6959 0.0000
vt 0.2289 0.6849 0.0000
vt 0.2231 0.6813 0.0000
vt 0.2187 0.6865 0.0000
vt 0.2335 0.6786 0.0000
vt 0.2264 0.6754 0.0000
vt 0.2361 0.6722 0.0000
vt 0.2283 0.6699 0.0000
vt 0.2375 0.6659 0.0000
vt 0.2292 0.6648 0.0000
vt 0.2468 0.6664 0.0000
vt 0.2476 0.6593 0.0000
vt 0.2377 0.6594 0.0000
vt 0.2473 0.6527 0.0000
vt 0.2368 0.6531 0.0000
vt 0.2458 0.6460 0.0000
vt 0.2347 0.6465 0.0000
vt 0.2581 0.6450 0.0000
vt 0.2563 0.6385 0.0000
vt 0.2686 0.6425 0.0000
vt 0.2666 0.6377 0.0000
vt 0.3156 0.6058 0.0000
vt 0.3200 0.6023 0.0000
vt 0.3102 0.5955 0.0000
vt 0.3071 0.6006 0.0000
vt 0.3213 0.6124 0.0000
vt 0.3264 0.6089 0.0000
vt 0.2653 0.6266 0.0000
vt 0.2548 0.6251 0.0000
vt 0.2549 0.6321 0.0000
vt 0.2653 0.6323 0.0000
vt 0.2662 0.6209 0.0000
vt 0.2564 0.6186 0.0000
vt 0.2446 0.6149 0.0000
vt 0.2601 0.6116 0.0000
vt 0.2501 0.6065 0.0000
vt 0.2683 0.6153 0.0000
vt 0.2658 0.6052 0.0000
vt 0.2582 0.5988 0.0000
vt 0.2720 0.6091 0.0000
vt 0.2731 0.5984 0.0000
vt 0.2699 0.5906 0.0000
vt 0.2768 0.6043 0.0000
vt 0.2848 0.5935 0.0000
vt 0.2840 0.5861 0.0000
vt 0.2860 0.5997 0.0000
vt 0.2964 0.5933 0.0000
vt 0.3133 0.5902 0.0000
vt 0.2947 0.5856 0.0000
vt 0.2965 0.5982 0.0000
vt 0.3245 0.5972 0.0000
vt 0.2600 0.5706 0.0000
vt 0.2404 0.5820 0.0000
vt 0.2499 0.5911 0.0000
vt 0.2671 0.5839 0.0000
vt 0.2195 0.5888 0.0000
vt 0.2298 0.5948 0.0000
vt 0.2399 0.6006 0.0000
vt 0.2225 0.6068 0.0000
vt 0.2332 0.6109 0.0000
vt 0.2111 0.6034 0.0000
vt 0.2048 0.6145 0.0000
vt 0.1982 0.6006 0.0000
vt 0.2015 0.6212 0.0000
vt 0.1987 0.6267 0.0000
vt 0.1876 0.6271 0.0000
vt 0.2286 0.6535 0.0000
vt 0.2268 0.6477 0.0000
vt 0.2294 0.6593 0.0000
vt 0.1591 0.6609 0.0000
vt 0.1600 0.6534 0.0000
vt 0.1546 0.6531 0.0000
vt 0.1528 0.6612 0.0000
vt 0.1628 0.6461 0.0000
vt 0.1597 0.6426 0.0000
vt 0.1453 0.6526 0.0000
vt 0.1311 0.6497 0.0000
vt 0.1107 0.6430 0.0000
vt 0.0782 0.6557 0.0000
vt 0.0681 0.6770 0.0000
vt 0.0467 0.6704 0.0000
vt 0.0383 0.6939 0.0000
vt 0.0595 0.6988 0.0000
vt 0.0247 0.6641 0.0000
vt 0.0165 0.6891 0.0000
vt 0.9634 0.5494 0.0000
vt 0.9637 0.5732 0.0000
vt 0.9676 0.5731 0.0000
vt 0.9672 0.5490 0.0000
vt 0.9352 0.5522 0.0000
vt 0.9354 0.5739 0.0000
vt 0.9066 0.5545 0.0000
vt 0.9065 0.5750 0.0000
vt 0.8780 0.5762 0.0000
vt 0.8763 0.5970 0.0000
vt 0.9052 0.5965 0.0000
vt 0.8499 0.5987 0.0000
vt 0.8601 0.7539 0.0000
vt 0.8869 0.7622 0.0000
vt 0.8376 0.7464 0.0000
vt 0.8279 0.6013 0.0000
vt 0.8199 0.7404 0.0000
vt 0.8103 0.7576 0.0000
vt 0.8110 0.6043 0.0000
vt 0.8047 0.7358 0.0000
vt 0.7977 0.7510 0.0000
vt 0.7968 0.6079 0.0000
vt 0.7882 0.7613 0.0000
vt 0.7953 0.7719 0.0000
vt 0.7798 0.7507 0.0000
vt 0.7662 0.7649 0.0000
vt 0.7730 0.7734 0.0000
vt 0.7701 0.7407 0.0000
vt 0.7582 0.7565 0.0000
vt 0.7580 0.7316 0.0000
vt 0.7481 0.7487 0.0000
vt 0.7446 0.7241 0.0000
vt 0.7369 0.7421 0.0000
vt 0.7509 0.7109 0.0000
vt 0.7296 0.7179 0.0000
vt 0.7228 0.7363 0.0000
vt 0.7095 0.7296 0.0000
vt 0.7606 0.6987 0.0000
vt 0.7791 0.7827 0.0000
vt 0.7838 0.7913 0.0000
vt 0.7880 0.8016 0.0000
vt 0.7918 0.8173 0.0000
vt 0.7930 0.8317 0.0000
vt 0.8114 0.8324 0.0000
vt 0.7919 0.8453 0.0000
vt 0.8098 0.8487 0.0000
vt 0.7889 0.8580 0.0000
vt 0.8061 0.8643 0.0000
vt 0.7843 0.8697 0.0000
vt 0.8000 0.8786 0.0000
vt 0.7772 0.8815 0.0000
vt 0.7902 0.8916 0.0000
vt 0.7675 0.8931 0.0000
vt 0.7782 0.9036 0.0000
vt 0.7562 0.9035 0.0000
vt 0.7641 0.9143 0.0000
vt 0.7429 0.9131 0.0000
vt 0.7484 0.9236 0.0000
vt 0.7273 0.9211 0.0000
vt 0.7310 0.9310 0.0000
vt 0.7099 0.9266 0.0000
vt 0.7124 0.9361 0.0000
vt 0.6920 0.9289 0.0000
vt 0.6930 0.9386 0.0000
vt 0.6739 0.9309 0.0000
vt 0.6733 0.9400 0.0000
vt 0.6563 0.9295 0.0000
vt 0.6536 0.9383 0.0000
vt 0.6394 0.9232 0.0000
vt 0.6356 0.9326 0.0000
vt 0.6254 0.9150 0.0000
vt 0.6194 0.9248 0.0000
vt 0.6134 0.9057 0.0000
vt 0.6047 0.9157 0.0000
vt 0.6032 0.8950 0.0000
vt 0.5921 0.9054 0.0000
vt 0.5940 0.8837 0.0000
vt 0.5956 0.9288 0.0000
vt 0.6126 0.9380 0.0000
vt 0.6068 0.9517 0.0000
vt 0.6275 0.9586 0.0000
vt 0.6313 0.9452 0.0000
vt 0.6240 0.9726 0.0000
vt 0.6473 0.9769 0.0000
vt 0.6492 0.9632 0.0000
vt 0.6453 0.9915 0.0000
vt 0.6447 0.9953 0.0000
vt 0.6707 0.9928 0.0000
vt 0.6711 0.9786 0.0000
vt 0.6706 0.9966 0.0000
vt 0.2454 0.9906 0.0000
vt 0.6963 0.9956 0.0000
vt 0.6961 0.9918 0.0000
vt 0.2203 0.9690 0.0000
vt 0.2183 0.9895 0.0000
vt 0.1956 0.9648 0.0000
vt 0.1912 0.9857 0.0000
vt 0.1999 0.9443 0.0000
vt 0.1779 0.9375 0.0000
vt 0.1712 0.9578 0.0000
vt 0.1851 0.9161 0.0000
vt 0.1666 0.9069 0.0000
vt 0.1568 0.9280 0.0000
vt 0.1768 0.8843 0.0000
vt 0.1623 0.8734 0.0000
vt 0.1493 0.8957 0.0000
vt 0.1781 0.8518 0.0000
vt 0.1696 0.8416 0.0000
vt 0.1499 0.8611 0.0000
vt 0.1913 0.8268 0.0000
vt 0.1868 0.8179 0.0000
vt 0.2065 0.8060 0.0000
vt 0.1841 0.8082 0.0000
vt 0.1334 0.8825 0.0000
vt 0.1185 0.9018 0.0000
vt 0.1369 0.9160 0.0000
vt 0.1020 0.8858 0.0000
vt 0.0860 0.9021 0.0000
vt 0.1046 0.9196 0.0000
vt 0.0878 0.8687 0.0000
vt 0.0698 0.8829 0.0000
vt 0.0754 0.8507 0.0000
vt 0.0561 0.8622 0.0000
vt 0.0649 0.8317 0.0000
vt 0.0450 0.8402 0.0000
vt 0.0858 0.8226 0.0000
vt 0.1052 0.8126 0.0000
vt 0.0773 0.8053 0.0000
vt 0.0568 0.8111 0.0000
vt 0.0967 0.7987 0.0000
vt 0.1185 0.8024 0.0000
vt 0.1105 0.7915 0.0000
vt 0.0907 0.7821 0.0000
vt 0.0717 0.7859 0.0000
vt 0.1052 0.7779 0.0000
vt 0.1228 0.7830 0.0000
vt 0.1177 0.7733 0.0000
vt 0.1024 0.7633 0.0000
vt 0.0884 0.7643 0.0000
vt 0.1152 0.7614 0.0000
vt 0.1155 0.7486 0.0000
vt 0.1032 0.7472 0.0000
vt 0.1242 0.7596 0.0000
vt 0.1242 0.7499 0.0000
vt 0.1271 0.7401 0.0000
vt 0.1189 0.7363 0.0000
vt 0.1322 0.7321 0.0000
vt 0.1250 0.7256 0.0000
vt 0.1312 0.7765 0.0000
vt 0.1268 0.7691 0.0000
vt 0.1298 0.7909 0.0000
vt 0.1371 0.7824 0.0000
vt 0.1386 0.7962 0.0000
vt 0.1503 0.7986 0.0000
vt 0.1616 0.7983 0.0000
vt 0.1650 0.7896 0.0000
vt 0.1586 0.7903 0.0000
vt 0.1711 0.7879 0.0000
vt 0.1768 0.7850 0.0000
vt 0.1838 0.7794 0.0000
vt 0.1991 0.7677 0.0000
vt 0.1916 0.7652 0.0000
vt 0.1886 0.7727 0.0000
vt 0.2021 0.7572 0.0000
vt 0.1932 0.7571 0.0000
vt 0.1927 0.7484 0.0000
vt 0.1904 0.7405 0.0000
vt 0.1877 0.7352 0.0000
vt 0.1840 0.7304 0.0000
vt 0.1797 0.7267 0.0000
vt 0.1750 0.7236 0.0000
vt 0.1751 0.7076 0.0000
vt 0.1701 0.7214 0.0000
vt 0.1644 0.7199 0.0000
vt 0.1806 0.6941 0.0000
vt 0.1588 0.7196 0.0000
vt 0.1520 0.7202 0.0000
vt 0.1423 0.7115 0.0000
vt 0.1454 0.7222 0.0000
vt 0.1331 0.7171 0.0000
vt 0.1074 0.7317 0.0000
vt 0.0943 0.7285 0.0000
vt 0.0894 0.7464 0.0000
vt 0.0740 0.7245 0.0000
vt 0.0699 0.7452 0.0000
vt 0.0533 0.7212 0.0000
vt 0.0495 0.7440 0.0000
vt 0.0322 0.7182 0.0000
vt 0.0287 0.7430 0.0000
vt 0.0102 0.7152 0.0000
vt 0.0068 0.7423 0.0000
vt 0.9692 0.7912 0.0000
vt 0.9580 0.8134 0.0000
vt 0.9615 0.8152 0.0000
vt 0.9728 0.7928 0.0000
vt 0.9662 0.5978 0.0000
vt 0.9623 0.5977 0.0000
vt 0.9430 0.7809 0.0000
vt 0.9325 0.8019 0.0000
vt 0.9341 0.5967 0.0000
vt 0.9153 0.7714 0.0000
vt 0.9046 0.7907 0.0000
vt 0.8918 0.8087 0.0000
vt 0.9207 0.8217 0.0000
vt 0.8805 0.8249 0.0000
vt 0.9086 0.8400 0.0000
vt 0.8716 0.8418 0.0000
vt 0.8962 0.8577 0.0000
vt 0.8409 0.8350 0.0000
vt 0.8361 0.8536 0.0000
vt 0.8623 0.8607 0.0000
vt 0.8290 0.8713 0.0000
vt 0.8504 0.8801 0.0000
vt 0.8181 0.8884 0.0000
vt 0.8348 0.8985 0.0000
vt 0.8046 0.9032 0.0000
vt 0.8180 0.9146 0.0000
vt 0.7894 0.9161 0.0000
vt 0.8001 0.9285 0.0000
vt 0.7727 0.9271 0.0000
vt 0.7810 0.9401 0.0000
vt 0.7546 0.9363 0.0000
vt 0.7607 0.9495 0.0000
vt 0.7355 0.9436 0.0000
vt 0.7394 0.9568 0.0000
vt 0.7150 0.9486 0.0000
vt 0.7172 0.9617 0.0000
vt 0.6939 0.9512 0.0000
vt 0.6945 0.9643 0.0000
vt 0.6725 0.9520 0.0000
vt 0.6717 0.9650 0.0000
vt 0.6513 0.9501 0.0000
vt 0.6951 0.9778 0.0000
vt 0.7192 0.9751 0.0000
vt 0.7214 0.9888 0.0000
vt 0.7220 0.9926 0.0000
vt 0.7466 0.9839 0.0000
vt 0.7430 0.9701 0.0000
vt 0.7476 0.9875 0.0000
vt 0.1645 0.9785 0.0000
vt 0.7729 0.9801 0.0000
vt 0.7716 0.9765 0.0000
vt 0.1476 0.9477 0.0000
vt 0.1386 0.9679 0.0000
vt 0.1253 0.9349 0.0000
vt 0.1139 0.9541 0.0000
vt 0.0908 0.9375 0.0000
vt 0.8194 0.9551 0.0000
vt 0.7959 0.9668 0.0000
vt 0.7976 0.9703 0.0000
vt 0.8214 0.9584 0.0000
vt 0.8438 0.9448 0.0000
vt 0.8416 0.9417 0.0000
vt 0.0701 0.9183 0.0000
vt 0.8648 0.9299 0.0000
vt 0.8624 0.9269 0.0000
vt 0.0520 0.8970 0.0000
vt 0.8844 0.9135 0.0000
vt 0.8818 0.9108 0.0000
vt 0.0368 0.8739 0.0000
vt 0.9026 0.8959 0.0000
vt 0.8998 0.8933 0.0000
vt 0.0246 0.8492 0.0000
vt 0.9193 0.8773 0.0000
vt 0.9163 0.8749 0.0000
vt 0.0366 0.8171 0.0000
vt 0.0154 0.8234 0.0000
vt 0.0310 0.7929 0.0000
vt 0.0094 0.7969 0.0000
vt 0.0513 0.7894 0.0000
vt 0.0488 0.7668 0.0000
vt 0.0282 0.7681 0.0000
vt 0.0692 0.7657 0.0000
vt 0.0065 0.7698 0.0000
vt 0.9454 0.8350 0.0000
vt 0.9315 0.8555 0.0000
vt 0.9347 0.8576 0.0000
vt 0.9488 0.8369 0.0000
vt 0.8822 0.8761 0.0000
vt 0.8662 0.8942 0.0000
vt 0.8486 0.9112 0.0000
vt 0.8300 0.9271 0.0000
vt 0.8101 0.9413 0.0000
vt 0.7887 0.9532 0.0000
vt 0.7663 0.9628 0.0000
vt 0.1385 0.7261 0.0000
vt 0.2108 0.7687 0.0000
vt 0.2149 0.7584 0.0000
vt 0.2233 0.7685 0.0000
vt 0.2261 0.7600 0.0000
vt 0.2291 0.7518 0.0000
vt 0.2368 0.7619 0.0000
vt 0.2390 0.7547 0.0000
vt 0.2325 0.7441 0.0000
vt 0.2417 0.7480 0.0000
vt 0.2487 0.7575 0.0000
vt 0.2509 0.7516 0.0000
vt 0.2450 0.7415 0.0000
vt 0.2367 0.7372 0.0000
vt 0.2536 0.7459 0.0000
vt 0.2589 0.7546 0.0000
vt 0.2609 0.7496 0.0000
vt 0.2568 0.7406 0.0000
vt 0.2489 0.7356 0.0000
vt 0.2635 0.7447 0.0000
vt 0.0879 0.4601 0.0000
vt 0.0855 0.4544 0.0000
vt 0.0806 0.4564 0.0000
vt 0.0824 0.4623 0.0000
vt 0.2668 0.7402 0.0000
vt 0.2607 0.7355 0.0000
vt 0.0754 0.4577 0.0000
vt 0.0766 0.4637 0.0000
vt 0.2702 0.7358 0.0000
vt 0.2651 0.7307 0.0000
vt 0.0701 0.4587 0.0000
vt 0.0707 0.4648 0.0000
vt 0.2745 0.7322 0.0000
vt 0.2699 0.7265 0.0000
vt 0.0648 0.4587 0.0000
vt 0.0646 0.4648 0.0000
vt 0.2788 0.7286 0.0000
vt 0.2750 0.7228 0.0000
vt 0.0594 0.4586 0.0000
vt 0.0586 0.4647 0.0000
vt 0.2837 0.7261 0.0000
vt 0.2804 0.7201 0.0000
vt 0.0542 0.4574 0.0000
vt 0.0529 0.4634 0.0000
vt 0.2886 0.7236 0.0000
vt 0.2861 0.7177 0.0000
vt 0.0490 0.4561 0.0000
vt 0.0471 0.4620 0.0000
vt 0.2943 0.7221 0.0000
vt 0.2925 0.7160 0.0000
vt 0.3001 0.7207 0.0000
vt 0.2990 0.7149 0.0000
vt 0.0414 0.4592 0.0000
vt 0.0439 0.4536 0.0000
vt 0.0389 0.4511 0.0000
vt 0.0357 0.4564 0.0000
vt 0.3063 0.7205 0.0000
vt 0.0343 0.4473 0.0000
vt 0.0306 0.4522 0.0000
vt 0.0298 0.4432 0.0000
vt 0.0256 0.4478 0.0000
vt 0.2832 0.7103 0.0000
vt 0.2765 0.7129 0.0000
vt 0.2703 0.7160 0.0000
vt 0.2644 0.7199 0.0000
vt 0.2588 0.7245 0.0000
vt 0.2535 0.7298 0.0000
vt 0.2472 0.7247 0.0000
vt 0.2416 0.7308 0.0000
vt 0.2326 0.7253 0.0000
vt 0.2238 0.7194 0.0000
vt 0.2174 0.7131 0.0000
vt 0.2126 0.7067 0.0000
vt 0.2091 0.7002 0.0000
vt 0.2066 0.6944 0.0000
vt 0.2130 0.6910 0.0000
vt 0.0981 0.4542 0.0000
vt 0.0946 0.4491 0.0000
vt 0.0902 0.4520 0.0000
vt 0.0932 0.4573 0.0000
vt 0.2573 0.7599 0.0000
vt 0.1026 0.4502 0.0000
vt 0.0986 0.4456 0.0000
vt 0.2473 0.7638 0.0000
vt 0.2564 0.7653 0.0000
vt 0.2464 0.7703 0.0000
vt 0.2558 0.7708 0.0000
vt 0.2352 0.7695 0.0000
vt 0.2345 0.7771 0.0000
vt 0.1443 0.7870 0.0000
vt 0.1525 0.7896 0.0000
vt 0.1527 0.6696 0.0000
vt 0.1598 0.6683 0.0000
vt 0.1683 0.6378 0.0000
vt 0.1765 0.6313 0.0000
vt 0.2077 0.5830 0.0000
vt 0.1925 0.5765 0.0000
vt 0.1830 0.5457 0.0000
vt 0.1732 0.5682 0.0000
vt 0.1929 0.5227 0.0000
vt 0.2284 0.5020 0.0000
vt 0.2353 0.4659 0.0000
vt 0.2580 0.5039 0.0000
vt 0.2630 0.4666 0.0000
vt 0.2910 0.5015 0.0000
vt 0.2915 0.4643 0.0000
vt 0.2902 0.5263 0.0000
vt 0.3228 0.5192 0.0000
vt 0.3210 0.4951 0.0000
vt 0.3516 0.5104 0.0000
vt 0.3488 0.4868 0.0000
vt 0.3781 0.5014 0.0000
vt 0.3749 0.4781 0.0000
vt 0.3819 0.5243 0.0000
vt 0.4068 0.5167 0.0000
vt 0.4031 0.4938 0.0000
vt 0.4310 0.5106 0.0000
vt 0.4274 0.4874 0.0000
vt 0.4652 0.4036 0.0000
vt 0.4480 0.4025 0.0000
vt 0.4456 0.4245 0.0000
vt 0.4737 0.3828 0.0000
vt 0.4513 0.3804 0.0000
vt 0.4998 0.3859 0.0000
vt 0.5079 0.3552 0.0000
vt 0.4823 0.3513 0.0000
vt 0.5271 0.3891 0.0000
vt 0.5343 0.3591 0.0000
vt 0.5547 0.3920 0.0000
vt 0.5613 0.3628 0.0000
vt 0.5886 0.3662 0.0000
vt 0.6221 0.3415 0.0000
vt 0.5952 0.3379 0.0000
vt 0.6494 0.3447 0.0000
vt 0.6549 0.3171 0.0000
vt 0.6284 0.3137 0.0000
vt 0.6883 0.2819 0.0000
vt 0.6626 0.2798 0.0000
vt 0.7142 0.2818 0.0000
vt 0.7410 0.2790 0.0000
vt 0.7690 0.2733 0.0000
vt 0.7989 0.2652 0.0000
vt 0.8268 0.2227 0.0000
vt 0.7980 0.2307 0.0000
vt 0.8562 0.2138 0.0000
vt 0.8850 0.2049 0.0000
vt 0.9132 0.1966 0.0000
vt 0.1595 0.2961 0.0000
vt 0.1431 0.2930 0.0000
vt 0.1758 0.2994 0.0000
vt 0.1934 0.3031 0.0000
vt 0.2151 0.3493 0.0000
vt 0.2141 0.3066 0.0000
vt 0.2394 0.3955 0.0000
vt 0.2386 0.3511 0.0000
vt 0.2641 0.3954 0.0000
vt 0.2624 0.3505 0.0000
vt 0.2388 0.4301 0.0000
vt 0.2646 0.4303 0.0000
vt 0.2908 0.4279 0.0000
vt 0.3190 0.4587 0.0000
vt 0.3166 0.4226 0.0000
vt 0.3454 0.4510 0.0000
vt 0.3707 0.4427 0.0000
vt 0.3997 0.4705 0.0000
vt 0.3950 0.4353 0.0000
vt 0.4240 0.4642 0.0000
vt 0.4190 0.4292 0.0000
vt 0.4578 0.3473 0.0000
vt 0.4907 0.3196 0.0000
vt 0.4660 0.3143 0.0000
vt 0.5161 0.3246 0.0000
vt 0.5420 0.3293 0.0000
vt 0.5684 0.3338 0.0000
vt 0.5761 0.3050 0.0000
vt 0.5503 0.2999 0.0000
vt 0.6021 0.3096 0.0000
vt 0.6119 0.2721 0.0000
vt 0.5869 0.2669 0.0000
vt 0.6372 0.2764 0.0000
vt 0.6701 0.2425 0.0000
vt 0.6460 0.2393 0.0000
vt 0.6943 0.2440 0.0000
vt 0.7188 0.2436 0.0000
vt 0.7439 0.2414 0.0000
vt 0.7702 0.2371 0.0000
vt 0.7953 0.1958 0.0000
vt 0.7702 0.2014 0.0000
vt 0.8210 0.1883 0.0000
vt 0.8470 0.1795 0.0000
vt 0.8726 0.1696 0.0000
vt 0.8978 0.1594 0.0000
vt 0.1622 0.2538 0.0000
vt 0.1466 0.2509 0.0000
vt 0.1777 0.2571 0.0000
vt 0.1944 0.2611 0.0000
vt 0.2134 0.2654 0.0000
vt 0.2370 0.3086 0.0000
vt 0.2350 0.2680 0.0000
vt 0.2603 0.3076 0.0000
vt 0.2862 0.3473 0.0000
vt 0.2835 0.3038 0.0000
vt 0.2890 0.3926 0.0000
vt 0.3138 0.3874 0.0000
vt 0.3099 0.3420 0.0000
vt 0.3419 0.4153 0.0000
vt 0.3383 0.3804 0.0000
vt 0.3665 0.4075 0.0000
vt 0.3623 0.3728 0.0000
vt 0.3904 0.4001 0.0000
vt 0.3858 0.3653 0.0000
vt 0.4141 0.3941 0.0000
vt 0.4091 0.3591 0.0000
vt 0.4759 0.2818 0.0000
vt 0.5002 0.2884 0.0000
vt 0.5250 0.2943 0.0000
vt 0.5622 0.2610 0.0000
vt 0.5380 0.2545 0.0000
vt 0.5984 0.2293 0.0000
vt 0.5751 0.2229 0.0000
vt 0.6221 0.2348 0.0000
vt 0.6549 0.2024 0.0000
vt 0.6327 0.1979 0.0000
vt 0.6773 0.2054 0.0000
vt 0.6998 0.2068 0.0000
vt 0.7226 0.2066 0.0000
vt 0.7460 0.2048 0.0000
vt 0.7684 0.1656 0.0000
vt 0.7470 0.1686 0.0000
vt 0.7905 0.1606 0.0000
vt 0.8128 0.1536 0.0000
vt 0.8351 0.1447 0.0000
vt 0.8570 0.1344 0.0000
vt 0.8786 0.1232 0.0000
vt 0.1660 0.2118 0.0000
vt 0.1513 0.2087 0.0000
vt 0.1808 0.2156 0.0000
vt 0.1968 0.2200 0.0000
vt 0.2142 0.2249 0.0000
vt 0.2338 0.2287 0.0000
vt 0.2576 0.2671 0.0000
vt 0.2535 0.2278 0.0000
vt 0.2797 0.2619 0.0000
vt 0.3061 0.2979 0.0000
vt 0.3007 0.2547 0.0000
vt 0.3333 0.3351 0.0000
vt 0.3281 0.2908 0.0000
vt 0.3564 0.3276 0.0000
vt 0.3495 0.2832 0.0000
vt 0.3790 0.3198 0.0000
vt 0.4017 0.3135 0.0000
vt 0.4910 0.2395 0.0000
vt 0.5142 0.2473 0.0000
vt 0.5302 0.2072 0.0000
vt 0.5087 0.1981 0.0000
vt 0.5523 0.2154 0.0000
vt 0.5893 0.1852 0.0000
vt 0.5685 0.1772 0.0000
vt 0.6108 0.1922 0.0000
vt 0.6439 0.1613 0.0000
vt 0.6242 0.1554 0.0000
vt 0.6641 0.1659 0.0000
vt 0.6845 0.1689 0.0000
vt 0.7051 0.1703 0.0000
vt 0.7259 0.1702 0.0000
vt 0.7468 0.1415 0.0000
vt 0.7277 0.1429 0.0000
vt 0.7661 0.1387 0.0000
vt 0.7627 0.1119 0.0000
vt 0.7459 0.1143 0.0000
vt 0.7856 0.1342 0.0000
vt 0.7794 0.1081 0.0000
vt 0.8052 0.1276 0.0000
vt 0.7959 0.1023 0.0000
vt 0.8245 0.1190 0.0000
vt 0.8116 0.0942 0.0000
vt 0.8430 0.1086 0.0000
vt 0.8266 0.0846 0.0000
vt 0.8611 0.0971 0.0000
vt 0.8409 0.0734 0.0000
vt 0.1562 0.1762 0.0000
vt 0.1700 0.1803 0.0000
vt 0.1756 0.1492 0.0000
vt 0.1624 0.1443 0.0000
vt 0.1840 0.1850 0.0000
vt 0.1885 0.1548 0.0000
vt 0.1991 0.1899 0.0000
vt 0.2020 0.1600 0.0000
vt 0.2153 0.1949 0.0000
vt 0.2163 0.1649 0.0000
vt 0.2326 0.1987 0.0000
vt 0.2312 0.1680 0.0000
vt 0.2493 0.1981 0.0000
vt 0.2457 0.1678 0.0000
vt 0.2733 0.2213 0.0000
vt 0.2673 0.1920 0.0000
vt 0.2924 0.2131 0.0000
vt 0.3207 0.2469 0.0000
vt 0.3110 0.2048 0.0000
vt 0.3403 0.2392 0.0000
vt 0.3707 0.2752 0.0000
vt 0.3605 0.2315 0.0000
vt 0.3928 0.2683 0.0000
vt 0.3816 0.2246 0.0000
vt 0.5483 0.1681 0.0000
vt 0.5288 0.1584 0.0000
vt 0.5866 0.1396 0.0000
vt 0.5689 0.1300 0.0000
vt 0.6051 0.1481 0.0000
vt 0.6353 0.1280 0.0000
vt 0.6183 0.1206 0.0000
vt 0.6531 0.1342 0.0000
vt 0.6632 0.1070 0.0000
vt 0.6480 0.1010 0.0000
vt 0.6714 0.1388 0.0000
vt 0.6792 0.1114 0.0000
vt 0.6900 0.1417 0.0000
vt 0.6954 0.1141 0.0000
vt 0.7087 0.1430 0.0000
vt 0.7120 0.1154 0.0000
vt 0.7289 0.1155 0.0000
vt 0.7448 0.0865 0.0000
vt 0.7303 0.0874 0.0000
vt 0.7963 0.0704 0.0000
vt 0.8071 0.0619 0.0000
vt 0.8176 0.0522 0.0000
vt 0.1835 0.1189 0.0000
vt 0.1710 0.1125 0.0000
vt 0.1952 0.1251 0.0000
vt 0.2069 0.1305 0.0000
vt 0.2187 0.1349 0.0000
vt 0.2304 0.1378 0.0000
vt 0.2613 0.1636 0.0000
vt 0.2850 0.1838 0.0000
vt 0.2772 0.1564 0.0000
vt 0.3026 0.1753 0.0000
vt 0.2930 0.1481 0.0000
vt 0.3294 0.1970 0.0000
vt 0.3200 0.1670 0.0000
vt 0.3483 0.1895 0.0000
vt 0.3676 0.1820 0.0000
vt 0.5521 0.1197 0.0000
vt 0.5869 0.1019 0.0000
vt 0.5724 0.0912 0.0000
vt 0.6020 0.1119 0.0000
vt 0.6200 0.0845 0.0000
vt 0.6076 0.0748 0.0000
vt 0.6333 0.0933 0.0000
vt 0.6876 0.0830 0.0000
vt 0.7012 0.0858 0.0000
vt 0.7157 0.0873 0.0000
vt 0.7184 0.0668 0.0000
vt 0.7049 0.0651 0.0000
vt 0.7320 0.0671 0.0000
vt 0.7353 0.0484 0.0000
vt 0.7216 0.0473 0.0000
vt 0.7454 0.0662 0.0000
vt 0.7483 0.0492 0.0000
vt 0.7525 0.0377 0.0000
vt 0.7389 0.0345 0.0000
vt 0.7657 0.0429 0.0000
vt 0.7731 0.0356 0.0000
vt 0.7581 0.0282 0.0000
vt 0.7822 0.0545 0.0000
vt 0.7908 0.0475 0.0000
vt 0.7996 0.0393 0.0000
vt 0.7812 0.0281 0.0000
vt 0.1798 0.0910 0.0000
vt 0.1910 0.0990 0.0000
vt 0.2003 0.0821 0.0000
vt 0.1916 0.0727 0.0000
vt 0.2018 0.1057 0.0000
vt 0.2097 0.0893 0.0000
vt 0.2125 0.1108 0.0000
vt 0.2194 0.0941 0.0000
vt 0.2229 0.1142 0.0000
vt 0.2292 0.0970 0.0000
vt 0.2327 0.1162 0.0000
vt 0.2391 0.0992 0.0000
vt 0.2468 0.0878 0.0000
vt 0.2360 0.0845 0.0000
vt 0.2580 0.0942 0.0000
vt 0.2681 0.0845 0.0000
vt 0.2547 0.0766 0.0000
vt 0.2706 0.1065 0.0000
vt 0.2825 0.0977 0.0000
vt 0.2813 0.1227 0.0000
vt 0.2945 0.1136 0.0000
vt 0.3085 0.1392 0.0000
vt 0.3373 0.1589 0.0000
vt 0.3238 0.1300 0.0000
vt 0.3546 0.1507 0.0000
vt 0.3389 0.1206 0.0000
vt 0.5955 0.0642 0.0000
vt 0.6315 0.0496 0.0000
vt 0.6218 0.0397 0.0000
vt 0.6412 0.0586 0.0000
vt 0.6592 0.0423 0.0000
vt 0.6510 0.0343 0.0000
vt 0.6789 0.0323 0.0000
vt 0.6736 0.0227 0.0000
vt 0.6951 0.0299 0.0000
vt 0.6936 0.0181 0.0000
vt 0.6952 0.0431 0.0000
vt 0.7080 0.0456 0.0000
vt 0.7098 0.0307 0.0000
vt 0.6927 0.0617 0.0000
vt 0.7243 0.0322 0.0000
vt 0.7272 0.0196 0.0000
vt 0.7111 0.0177 0.0000
vt 0.7431 0.0231 0.0000
vt 0.7484 0.0131 0.0000
vt 0.7307 0.0083 0.0000
vt 0.7645 0.0195 0.0000
vt 0.2047 0.0598 0.0000
vt 0.2187 0.0510 0.0000
vt 0.2345 0.0459 0.0000
vt 0.2471 0.0595 0.0000
vt 0.2508 0.0453 0.0000
vt 0.7119 0.0057 0.0000
vt 0.2421 0.0728 0.0000
vt 0.2618 0.0638 0.0000
vt 0.2675 0.0499 0.0000
vt 0.2773 0.0727 0.0000
vt 0.2857 0.0592 0.0000
vt 0.2936 0.0869 0.0000
vt 0.3044 0.0748 0.0000
vt 0.3074 0.1035 0.0000
vt 0.3201 0.0927 0.0000
vt 0.6683 0.0130 0.0000
vt 0.6433 0.0247 0.0000
vt 0.6915 0.0070 0.0000
vt 0.8601 0.0533 0.0000
vt 0.8450 0.0575 0.0000
vt 0.1123 0.4231 0.0000
vt 0.1182 0.4250 0.0000
vt 0.1193 0.4192 0.0000
vt 0.1133 0.4180 0.0000
vt 0.1201 0.4133 0.0000
vt 0.1139 0.4127 0.0000
vt 0.2631 0.7974 0.0000
vt 0.2575 0.8075 0.0000
vt 0.2660 0.8020 0.0000
vt 0.2619 0.8124 0.0000
vt 0.2696 0.8062 0.0000
vt 0.2532 0.8194 0.0000
vt 0.2592 0.8246 0.0000
vt 0.2668 0.8167 0.0000
vt 0.2517 0.8325 0.0000
vt 0.2600 0.8368 0.0000
vt 0.2662 0.8287 0.0000
vt 0.2523 0.8477 0.0000
vt 0.2630 0.8509 0.0000
vt 0.2691 0.8403 0.0000
vt 0.2548 0.8670 0.0000
vt 0.2684 0.8689 0.0000
vt 0.2742 0.8529 0.0000
vt 0.2638 0.8888 0.0000
vt 0.2807 0.8882 0.0000
vt 0.2822 0.8687 0.0000
vt 0.2821 0.9072 0.0000
vt 0.3004 0.9039 0.0000
vt 0.2970 0.8855 0.0000
vt 0.3059 0.9219 0.0000
vt 0.3257 0.9144 0.0000
vt 0.3184 0.8981 0.0000
vt 0.3335 0.9306 0.0000
vt 0.3538 0.9191 0.0000
vt 0.3447 0.9043 0.0000
vt 0.3630 0.9340 0.0000
vt 0.3834 0.9185 0.0000
vt 0.3729 0.9050 0.0000
vt 0.3724 0.9500 0.0000
vt 0.3943 0.9330 0.0000
vt 0.4141 0.9133 0.0000
vt 0.4020 0.9003 0.0000
vt 0.5258 0.9503 0.0000
vt 0.5080 0.9322 0.0000
vt 0.5053 0.9349 0.0000
vt 0.4886 0.9152 0.0000
vt 0.4857 0.9176 0.0000
vt 0.4699 0.8955 0.0000
vt 0.4668 0.8978 0.0000
vt 0.5123 0.7079 0.0000
vt 0.5090 0.7099 0.0000
vt 0.5260 0.7328 0.0000
vt 0.5293 0.7308 0.0000
vt 0.4972 0.6838 0.0000
vt 0.4939 0.6857 0.0000
vt 0.5119 0.6730 0.0000
vt 0.4987 0.6507 0.0000
vt 0.4849 0.6596 0.0000
vt 0.4900 0.6290 0.0000
vt 0.4754 0.6361 0.0000
vt 0.4855 0.6086 0.0000
vt 0.4683 0.6136 0.0000
vt 0.5042 0.6051 0.0000
vt 0.5041 0.5861 0.0000
vt 0.4828 0.5888 0.0000
vt 0.5245 0.6039 0.0000
vt 0.5266 0.5854 0.0000
vt 0.5439 0.6088 0.0000
vt 0.5476 0.5901 0.0000
vt 0.5617 0.6192 0.0000
vt 0.5670 0.6006 0.0000
vt 0.5566 0.6394 0.0000
vt 0.5749 0.6504 0.0000
vt 0.5793 0.6306 0.0000
vt 0.5150 0.8148 0.0000
vt 0.5189 0.7951 0.0000
vt 0.5852 0.6129 0.0000
vt 0.5240 0.7772 0.0000
vt 0.5927 0.5970 0.0000
vt 0.5739 0.5831 0.0000
vt 0.5304 0.7607 0.0000
vt 0.6022 0.5827 0.0000
vt 0.5391 0.7453 0.0000
vt 0.6153 0.5700 0.0000
vt 0.5513 0.7305 0.0000
vt 0.6317 0.5588 0.0000
vt 0.5675 0.7154 0.0000
vt 0.6497 0.5508 0.0000
vt 0.6426 0.5346 0.0000
vt 0.5867 0.7008 0.0000
vt 0.6676 0.5469 0.0000
vt 0.6648 0.5300 0.0000
vt 0.6081 0.6875 0.0000
vt 0.6841 0.5472 0.0000
vt 0.6857 0.5289 0.0000
vt 0.6313 0.6763 0.0000
vt 0.6991 0.5499 0.0000
vt 0.7045 0.5318 0.0000
vt 0.6557 0.6689 0.0000
vt 0.7126 0.5553 0.0000
vt 0.7213 0.5376 0.0000
vt 0.7303 0.5204 0.0000
vt 0.7107 0.5145 0.0000
vt 0.7410 0.5039 0.0000
vt 0.7173 0.4980 0.0000
vt 0.6911 0.4957 0.0000
vt 0.6879 0.5119 0.0000
vt 0.6627 0.4976 0.0000
vt 0.6631 0.5134 0.0000
vt 0.6630 0.4819 0.0000
vt 0.6334 0.5018 0.0000
vt 0.6367 0.5180 0.0000
vt 0.5529 0.5713 0.0000
vt 0.5292 0.5665 0.0000
vt 0.5051 0.5477 0.0000
vt 0.5044 0.5668 0.0000
vt 0.4806 0.5687 0.0000
vt 0.4627 0.5926 0.0000
vt 0.4589 0.5935 0.0000
vt 0.4646 0.6147 0.0000
vt 0.4709 0.7189 0.0000
vt 0.4719 0.6375 0.0000
vt 0.4555 0.7468 0.0000
vt 0.4734 0.7457 0.0000
vt 0.4554 0.7735 0.0000
vt 0.4733 0.7744 0.0000
vt 0.4392 0.7725 0.0000
vt 0.4358 0.7980 0.0000
vt 0.4516 0.8012 0.0000
vt 0.4205 0.7946 0.0000
vt 0.4143 0.8178 0.0000
vt 0.4289 0.8234 0.0000
vt 0.3998 0.8125 0.0000
vt 0.3915 0.8324 0.0000
vt 0.4049 0.8397 0.0000
vt 0.3789 0.8246 0.0000
vt 0.3688 0.8398 0.0000
vt 0.3802 0.8501 0.0000
vt 0.3593 0.8303 0.0000
vt 0.3486 0.8411 0.0000
vt 0.3565 0.8530 0.0000
vt 0.3424 0.8314 0.0000
vt 0.3318 0.8391 0.0000
vt 0.3364 0.8506 0.0000
vt 0.3295 0.8329 0.0000
vt 0.3186 0.8377 0.0000
vt 0.3205 0.8450 0.0000
vt 0.3183 0.8331 0.0000
vt 0.3087 0.8352 0.0000
vt 0.3092 0.8405 0.0000
vt 0.3086 0.8280 0.0000
vt 0.3086 0.8224 0.0000
vt 0.3006 0.8282 0.0000
vt 0.2995 0.8360 0.0000
vt 0.3017 0.8221 0.0000
vt 0.0999 0.3763 0.0000
vt 0.1045 0.3722 0.0000
vt 0.2951 0.8211 0.0000
vt 0.2931 0.8275 0.0000
vt 0.1041 0.3810 0.0000
vt 0.1092 0.3776 0.0000
vt 0.1075 0.3860 0.0000
vt 0.1130 0.3833 0.0000
vt 0.8472 0.0305 0.0000
vt 0.8609 0.0367 0.0000
vt 0.8455 0.0350 0.0000
vt 0.8600 0.0396 0.0000
vt 0.8443 0.0397 0.0000
vt 0.8593 0.0424 0.0000
vt 0.8437 0.0442 0.0000
vt 0.8591 0.0452 0.0000
vt 0.8436 0.0488 0.0000
vt 0.8591 0.0480 0.0000
vt 0.8440 0.0532 0.0000
vt 0.8594 0.0507 0.0000
vt 0.1139 0.4074 0.0000
vt 0.1200 0.4074 0.0000
vt 0.1194 0.4014 0.0000
vt 0.1132 0.4021 0.0000
vt 0.1181 0.3954 0.0000
vt 0.1121 0.3967 0.0000
vt 0.2736 0.8101 0.0000
vt 0.2725 0.8205 0.0000
vt 0.2781 0.8136 0.0000
vt 0.2788 0.8236 0.0000
vt 0.2833 0.8166 0.0000
vt 0.2737 0.8322 0.0000
vt 0.2820 0.8346 0.0000
vt 0.2857 0.8261 0.0000
vt 0.2781 0.8416 0.0000
vt 0.2887 0.8417 0.0000
vt 0.2904 0.8355 0.0000
vt 0.2856 0.8532 0.0000
vt 0.2974 0.8522 0.0000
vt 0.2983 0.8414 0.0000
vt 0.2961 0.8665 0.0000
vt 0.3097 0.8630 0.0000
vt 0.3094 0.8493 0.0000
vt 0.3127 0.8809 0.0000
vt 0.3282 0.8740 0.0000
vt 0.3231 0.8579 0.0000
vt 0.3358 0.8895 0.0000
vt 0.3520 0.8787 0.0000
vt 0.3427 0.8647 0.0000
vt 0.3624 0.8918 0.0000
vt 0.3784 0.8768 0.0000
vt 0.3667 0.8656 0.0000
vt 0.3902 0.8883 0.0000
vt 0.4055 0.8692 0.0000
vt 0.3926 0.8595 0.0000
vt 0.4185 0.8794 0.0000
vt 0.4327 0.8556 0.0000
vt 0.4186 0.8474 0.0000
vt 0.4320 0.8906 0.0000
vt 0.4478 0.8645 0.0000
vt 0.4440 0.8291 0.0000
vt 0.4604 0.8353 0.0000
vt 0.4691 0.8047 0.0000
vt 0.2889 0.8192 0.0000
vt 0.1100 0.3913 0.0000
vt 0.1158 0.3893 0.0000
vt 0.4815 0.6613 0.0000
vt 0.1690 0.6862 0.0000
vt 0.8712 0.2988 0.0000
vt 0.8708 0.3097 0.0000
vt 0.8061 0.3414 0.0000
vt 0.3249 0.6198 0.0000
vt 0.3300 0.6168 0.0000
vt 0.9835 0.4702 0.0000
vt 0.9942 0.4702 0.0000
vt 0.9942 0.4605 0.0000
vt 0.9835 0.4605 0.0000
vt 0.9942 0.4503 0.0000
vt 0.9835 0.4503 0.0000
vt 0.9942 0.4408 0.0000
vt 0.9835 0.4408 0.0000
vt 0.9942 0.4321 0.0000
vt 0.9835 0.4321 0.0000
vt 0.9835 0.4800 0.0000
vt 0.9942 0.4800 0.0000
vt 0.9942 0.4886 0.0000
vt 0.9835 0.4886 0.0000
vt 0.9942 0.4970 0.0000
vt 0.9835 0.4970 0.0000
vt 0.9942 0.5204 0.0000
vt 0.9942 0.5142 0.0000
vt 0.9835 0.5142 0.0000
vt 0.9835 0.5204 0.0000
vt 0.9942 0.5334 0.0000
vt 0.9942 0.5269 0.0000
vt 0.9835 0.5269 0.0000
vt 0.9835 0.5334 0.0000
vt 0.9942 0.5489 0.0000
vt 0.9942 0.5398 0.0000
vt 0.9835 0.5398 0.0000
vt 0.9835 0.5489 0.0000
vt 0.9942 0.5651 0.0000
vt 0.9942 0.5571 0.0000
vt 0.9835 0.5571 0.0000
vt 0.9835 0.5651 0.0000
vt 0.9942 0.5733 0.0000
vt 0.9835 0.5733 0.0000
vt 0.9942 0.5819 0.0000
vt 0.9835 0.5819 0.0000
vt 0.9942 0.5901 0.0000
vt 0.9835 0.5901 0.0000
vt 0.9835 0.5961 0.0000
vt 0.9942 0.5961 0.0000
vt 0.9835 0.6022 0.0000
vt 0.9942 0.6022 0.0000
vt 0.9835 0.3876 0.0000
vt 0.9942 0.3876 0.0000
vt 0.9942 0.3819 0.0000
vt 0.9835 0.3819 0.0000
vt 0.9835 0.3933 0.0000
vt 0.9942 0.3933 0.0000
vt 0.9835 0.3987 0.0000
vt 0.9942 0.3987 0.0000
vt 0.9835 0.4047 0.0000
vt 0.9942 0.4047 0.0000
vt 0.9835 0.4104 0.0000
vt 0.9942 0.4103 0.0000
vt 0.9835 0.4172 0.0000
vt 0.9942 0.4172 0.0000
vt 0.9835 0.4242 0.0000
vt 0.9942 0.4242 0.0000
vt 0.9942 0.5056 0.0000
vt 0.9835 0.5056 0.0000
vt 0.4168 0.9938 0.0000
vt 0.4235 0.9938 0.0000
vt 0.4235 0.9789 0.0000
vt 0.4168 0.9789 0.0000
vt 0.4099 0.9938 0.0000
vt 0.4099 0.9789 0.0000
vt 0.5525 0.9789 0.0000
vt 0.5525 0.9938 0.0000
vt 0.5607 0.9938 0.0000
vt 0.5607 0.9789 0.0000
vt 0.5415 0.9789 0.0000
vt 0.5415 0.9938 0.0000
vt 0.3822 0.9938 0.0000
vt 0.3890 0.9938 0.0000
vt 0.3890 0.9789 0.0000
vt 0.3822 0.9789 0.0000
vt 0.3755 0.9789 0.0000
vt 0.3755 0.9938 0.0000
vt 0.3698 0.9789 0.0000
vt 0.3698 0.9938 0.0000
vt 0.3646 0.9789 0.0000
vt 0.3646 0.9938 0.0000
vt 0.5309 0.9789 0.0000
vt 0.5309 0.9938 0.0000
vt 0.5199 0.9789 0.0000
vt 0.5199 0.9938 0.0000
vt 0.5081 0.9938 0.0000
vt 0.5081 0.9789 0.0000
vt 0.4976 0.9938 0.0000
vt 0.4976 0.9789 0.0000
vt 0.3404 0.9789 0.0000
vt 0.3404 0.9938 0.0000
vt 0.3472 0.9938 0.0000
vt 0.3472 0.9789 0.0000
vt 0.3532 0.9938 0.0000
vt 0.3532 0.9789 0.0000
vt 0.3591 0.9938 0.0000
vt 0.3591 0.9789 0.0000
vt 0.4723 0.9938 0.0000
vt 0.4798 0.9938 0.0000
vt 0.4798 0.9789 0.0000
vt 0.4723 0.9789 0.0000
vt 0.4876 0.9938 0.0000
vt 0.4876 0.9789 0.0000
vt 0.4301 0.9938 0.0000
vt 0.4378 0.9938 0.0000
vt 0.4378 0.9789 0.0000
vt 0.4301 0.9789 0.0000
vt 0.4034 0.9938 0.0000
vt 0.4034 0.9789 0.0000
vt 0.3962 0.9938 0.0000
vt 0.3962 0.9789 0.0000
vt 0.4529 0.9938 0.0000
vt 0.4648 0.9938 0.0000
vt 0.4648 0.9789 0.0000
vt 0.4529 0.9789 0.0000
vt 0.4444 0.9938 0.0000
vt 0.4444 0.9789 0.0000
vt 0.9614 0.3021 0.0000
vt 0.9614 0.3090 0.0000
vt 0.9711 0.3090 0.0000
vt 0.9711 0.3022 0.0000
vt 0.9614 0.3154 0.0000
vt 0.9711 0.3154 0.0000
vt 0.9614 0.2870 0.0000
vt 0.9614 0.2950 0.0000
vt 0.9711 0.2951 0.0000
vt 0.9711 0.2871 0.0000
vt 0.9614 0.2764 0.0000
vt 0.9711 0.2765 0.0000
vt 0.9711 0.2686 0.0000
vt 0.9614 0.2685 0.0000
vt 0.9711 0.2526 0.0000
vt 0.9614 0.2525 0.0000
vt 0.9614 0.2605 0.0000
vt 0.9711 0.2606 0.0000
vt 0.9711 0.2375 0.0000
vt 0.9614 0.2374 0.0000
vt 0.9614 0.2442 0.0000
vt 0.9711 0.2443 0.0000
vt 0.9614 0.3210 0.0000
vt 0.9614 0.3263 0.0000
vt 0.9711 0.3263 0.0000
vt 0.9711 0.3210 0.0000
vt 0.9711 0.2228 0.0000
vt 0.9614 0.2227 0.0000
vt 0.9614 0.2309 0.0000
vt 0.9711 0.2310 0.0000
vt 0.9711 0.3947 0.0000
vt 0.9614 0.3946 0.0000
vt 0.9614 0.4044 0.0000
vt 0.9711 0.4044 0.0000
vt 0.9711 0.3839 0.0000
vt 0.9614 0.3838 0.0000
vt 0.9614 0.3564 0.0000
vt 0.9614 0.3632 0.0000
vt 0.9711 0.3632 0.0000
vt 0.9711 0.3565 0.0000
vt 0.9711 0.3734 0.0000
vt 0.9614 0.3734 0.0000
vt 0.9614 0.3492 0.0000
vt 0.9711 0.3493 0.0000
vt 0.9614 0.3318 0.0000
vt 0.9614 0.3375 0.0000
vt 0.9711 0.3376 0.0000
vt 0.9711 0.3319 0.0000
vt 0.9614 0.3433 0.0000
vt 0.9711 0.3434 0.0000
vt 0.9614 0.4129 0.0000
vt 0.9711 0.4130 0.0000
vt 0.9434 0.7715 0.0000
vt 0.9387 0.7271 0.0000
vt 0.9374 0.7721 0.0000
vt 0.9499 0.7694 0.0000
vt 0.9552 0.7661 0.0000
vt 0.9600 0.7621 0.0000
vt 0.9643 0.7573 0.0000
vt 0.9674 0.7526 0.0000
vt 0.9700 0.7473 0.0000
vt 0.9718 0.7426 0.0000
vt 0.9731 0.7382 0.0000
vt 0.9740 0.7336 0.0000
vt 0.9745 0.7287 0.0000
vt 0.9746 0.7235 0.0000
vt 0.9741 0.7181 0.0000
vt 0.9731 0.7127 0.0000
vt 0.9718 0.7085 0.0000
vt 0.9702 0.7045 0.0000
vt 0.9110 0.7562 0.0000
vt 0.9089 0.7526 0.0000
vt 0.9136 0.7598 0.0000
vt 0.9170 0.7634 0.0000
vt 0.9209 0.7666 0.0000
vt 0.9261 0.7695 0.0000
vt 0.9315 0.7714 0.0000
vt 0.9071 0.7487 0.0000
vt 0.9057 0.7452 0.0000
vt 0.9046 0.7411 0.0000
vt 0.9034 0.7349 0.0000
vt 0.9029 0.7293 0.0000
vt 0.9030 0.7239 0.0000
vt 0.9036 0.7189 0.0000
vt 0.9046 0.7141 0.0000
vt 0.9062 0.7091 0.0000
vt 0.9086 0.7038 0.0000
vt 0.9116 0.6988 0.0000
vt 0.9154 0.6939 0.0000
vt 0.9201 0.6894 0.0000
vt 0.9259 0.6857 0.0000
vt 0.9321 0.6832 0.0000
vt 0.9388 0.6821 0.0000
vt 0.9454 0.6825 0.0000
vt 0.9518 0.6848 0.0000
vt 0.9570 0.6879 0.0000
vt 0.9614 0.6916 0.0000
vt 0.9650 0.6958 0.0000
vt 0.9681 0.7003 0.0000
vt 0.8670 0.6701 0.0000
vt 0.8430 0.7005 0.0000
vt 0.8745 0.6782 0.0000
vt 0.8776 0.6851 0.0000
vt 0.8090 0.7256 0.0000
vt 0.8058 0.7202 0.0000
vt 0.8027 0.7110 0.0000
vt 0.8581 0.7393 0.0000
vt 0.8510 0.7408 0.0000
vt 0.8645 0.7362 0.0000
vt 0.8405 0.7408 0.0000
vt 0.8278 0.7382 0.0000
vt 0.8197 0.7346 0.0000
vt 0.8136 0.7303 0.0000
vt 0.8011 0.6988 0.0000
vt 0.8017 0.6874 0.0000
vt 0.8036 0.6811 0.0000
vt 0.8072 0.6751 0.0000
vt 0.8121 0.6708 0.0000
vt 0.8191 0.6665 0.0000
vt 0.8258 0.6642 0.0000
vt 0.8324 0.6628 0.0000
vt 0.8384 0.6623 0.0000
vt 0.8442 0.6624 0.0000
vt 0.8494 0.6629 0.0000
vt 0.8549 0.6640 0.0000
vt 0.8597 0.6657 0.0000
vt 0.8786 0.7140 0.0000
vt 0.8759 0.7236 0.0000
vt 0.8797 0.7043 0.0000
vt 0.8711 0.7308 0.0000
vt 0.8793 0.6938 0.0000
vt 0.1321 0.7562 0.0000
vt 0.1573 0.7530 0.0000
vt 0.1325 0.7500 0.0000
vt 0.1341 0.7445 0.0000
vt 0.1363 0.7690 0.0000
vt 0.1333 0.7625 0.0000
vt 0.1427 0.7761 0.0000
vt 0.1488 0.7797 0.0000
vt 0.1630 0.7813 0.0000
vt 0.1557 0.7815 0.0000
vt 0.1755 0.7762 0.0000
vt 0.1702 0.7793 0.0000
vt 0.1364 0.7399 0.0000
vt 0.1393 0.7361 0.0000
vt 0.1840 0.7660 0.0000
vt 0.1799 0.7722 0.0000
vt 0.1868 0.7497 0.0000
vt 0.1866 0.7586 0.0000
vt 0.1838 0.7405 0.0000
vt 0.1641 0.7270 0.0000
vt 0.1701 0.7284 0.0000
vt 0.1778 0.7333 0.0000
vt 0.1576 0.7270 0.0000
vt 0.1429 0.7326 0.0000
vt 0.1474 0.7299 0.0000
vt 0.1523 0.7280 0.0000
vt 0.2874 0.6520 0.0000
vt 0.2975 0.6317 0.0000
vt 0.2832 0.6499 0.0000
vt 0.2921 0.6533 0.0000
vt 0.3186 0.6172 0.0000
vt 0.3207 0.6227 0.0000
vt 0.3139 0.6108 0.0000
vt 0.3108 0.6491 0.0000
vt 0.3067 0.6516 0.0000
vt 0.3145 0.6460 0.0000
vt 0.3170 0.6428 0.0000
vt 0.3188 0.6396 0.0000
vt 0.3079 0.6064 0.0000
vt 0.3004 0.6039 0.0000
vt 0.2920 0.6040 0.0000
vt 0.2850 0.6063 0.0000
vt 0.3214 0.6275 0.0000
vt 0.3211 0.6318 0.0000
vt 0.3203 0.6359 0.0000
vt 0.2732 0.6194 0.0000
vt 0.2756 0.6147 0.0000
vt 0.2793 0.6105 0.0000
vt 0.2795 0.6470 0.0000
vt 0.2759 0.6429 0.0000
vt 0.2967 0.6538 0.0000
vt 0.3018 0.6532 0.0000
vt 0.2719 0.6330 0.0000
vt 0.2719 0.6245 0.0000
vt 0.2736 0.6388 0.0000
vt 0.2237 0.6655 0.0000
vt 0.1922 0.6619 0.0000
vt 0.2215 0.6733 0.0000
vt 0.2168 0.6805 0.0000
vt 0.2108 0.6858 0.0000
vt 0.2043 0.6891 0.0000
vt 0.2237 0.6573 0.0000
vt 0.2219 0.6503 0.0000
vt 0.2184 0.6442 0.0000
vt 0.2026 0.6328 0.0000
vt 0.2075 0.6348 0.0000
vt 0.1918 0.6318 0.0000
vt 0.1973 0.6319 0.0000
vt 0.1795 0.6357 0.0000
vt 0.1865 0.6328 0.0000
vt 0.1698 0.6452 0.0000
vt 0.1740 0.6399 0.0000
vt 0.1666 0.6513 0.0000
vt 0.1650 0.6584 0.0000
vt 0.1652 0.6652 0.0000
vt 0.1662 0.6702 0.0000
vt 0.1682 0.6749 0.0000
vt 0.1708 0.6789 0.0000
vt 0.1739 0.6825 0.0000
vt 0.1774 0.6855 0.0000
vt 0.1818 0.6880 0.0000
vt 0.1863 0.6896 0.0000
vt 0.1919 0.6907 0.0000
vt 0.1978 0.6906 0.0000
vt 0.2136 0.6388 0.0000
vt 0.5710 0.0132 0.0000
vt 0.5668 0.0179 0.0000
vt 0.5722 0.0234 0.0000
vt 0.5772 0.0196 0.0000
vt 0.5763 0.0294 0.0000
vt 0.5819 0.0266 0.0000
vt 0.5788 0.0352 0.0000
vt 0.5848 0.0333 0.0000
vt 0.5601 0.0132 0.0000
vt 0.5633 0.0078 0.0000
vt 0.5545 0.0039 0.0000
vt 0.5524 0.0098 0.0000
vt 0.5447 0.0018 0.0000
vt 0.5440 0.0081 0.0000
vt 0.5151 0.0083 0.0000
vt 0.5184 0.0137 0.0000
vt 0.5265 0.0100 0.0000
vt 0.5245 0.0040 0.0000
vt 0.5352 0.0081 0.0000
vt 0.5346 0.0018 0.0000
vt 0.5070 0.0144 0.0000
vt 0.5005 0.0218 0.0000
vt 0.5058 0.0252 0.0000
vt 0.5114 0.0189 0.0000
vt 0.4959 0.0298 0.0000
vt 0.5017 0.0320 0.0000
vt 0.5675 0.0883 0.0000
vt 0.5641 0.0831 0.0000
vt 0.5603 0.0857 0.0000
vt 0.5632 0.0913 0.0000
vt 0.5561 0.0876 0.0000
vt 0.5583 0.0934 0.0000
vt 0.5518 0.0893 0.0000
vt 0.5534 0.0954 0.0000
vt 0.4929 0.0376 0.0000
vt 0.4919 0.0450 0.0000
vt 0.4982 0.0451 0.0000
vt 0.4991 0.0388 0.0000
vt 0.4918 0.0518 0.0000
vt 0.4980 0.0510 0.0000
vt 0.5327 0.0968 0.0000
vt 0.5337 0.0906 0.0000
vt 0.5293 0.0898 0.0000
vt 0.5276 0.0958 0.0000
vt 0.5249 0.0883 0.0000
vt 0.5226 0.0941 0.0000
vt 0.5206 0.0866 0.0000
vt 0.5177 0.0921 0.0000
vt 0.5167 0.0841 0.0000
vt 0.5133 0.0893 0.0000
vt 0.5129 0.0816 0.0000
vt 0.5089 0.0864 0.0000
vt 0.5097 0.0783 0.0000
vt 0.5052 0.0826 0.0000
vt 0.5065 0.0750 0.0000
vt 0.5016 0.0789 0.0000
vt 0.4987 0.0742 0.0000
vt 0.5040 0.0708 0.0000
vt 0.5015 0.0666 0.0000
vt 0.4958 0.0694 0.0000
vt 0.4999 0.0617 0.0000
vt 0.4940 0.0639 0.0000
vt 0.4985 0.0567 0.0000
vt 0.4924 0.0583 0.0000
vt 0.5431 0.0972 0.0000
vt 0.5428 0.0909 0.0000
vt 0.5383 0.0910 0.0000
vt 0.5379 0.0972 0.0000
vt 0.5483 0.0964 0.0000
vt 0.5473 0.0903 0.0000
vt 0.5677 0.0803 0.0000
vt 0.5717 0.0851 0.0000
vt 0.5753 0.0813 0.0000
vt 0.5708 0.0770 0.0000
vt 0.5786 0.0774 0.0000
vt 0.5736 0.0735 0.0000
vt 0.5803 0.0406 0.0000
vt 0.5865 0.0396 0.0000
vt 0.5812 0.0460 0.0000
vt 0.5874 0.0457 0.0000
vt 0.5813 0.0512 0.0000
vt 0.5876 0.0518 0.0000
vt 0.5760 0.0696 0.0000
vt 0.5814 0.0729 0.0000
vt 0.5837 0.0682 0.0000
vt 0.5781 0.0654 0.0000
vt 0.5856 0.0632 0.0000
vt 0.5797 0.0610 0.0000
vt 0.5807 0.0562 0.0000
vt 0.5868 0.0576 0.0000
vt 0.9906 0.7523 0.0000
vt 0.9906 0.7600 0.0000
vt 0.9965 0.7600 0.0000
vt 0.9965 0.7523 0.0000
vt 0.9804 0.9695 0.0000
vt 0.9804 0.9785 0.0000
vt 0.9862 0.9785 0.0000
vt 0.9862 0.9695 0.0000
vt 0.9804 0.9611 0.0000
vt 0.9862 0.9611 0.0000
vt 0.9906 0.7673 0.0000
vt 0.9965 0.7673 0.0000
vt 0.9804 0.9539 0.0000
vt 0.9862 0.9538 0.0000
vt 0.9906 0.7736 0.0000
vt 0.9965 0.7736 0.0000
vt 0.9906 0.7357 0.0000
vt 0.9906 0.7442 0.0000
vt 0.9965 0.7442 0.0000
vt 0.9965 0.7357 0.0000
vt 0.9862 0.9878 0.0000
vt 0.9804 0.9879 0.0000
vt 0.9804 0.9975 0.0000
vt 0.9862 0.9975 0.0000
vt 0.9906 0.9886 0.0000
vt 0.9906 0.9972 0.0000
vt 0.9965 0.9973 0.0000
vt 0.9965 0.9886 0.0000
vt 0.9862 0.6967 0.0000
vt 0.9804 0.6966 0.0000
vt 0.9804 0.7066 0.0000
vt 0.9862 0.7066 0.0000
vt 0.9906 0.9620 0.0000
vt 0.9906 0.9709 0.0000
vt 0.9965 0.9709 0.0000
vt 0.9965 0.9620 0.0000
vt 0.9862 0.7270 0.0000
vt 0.9804 0.7270 0.0000
vt 0.9804 0.7374 0.0000
vt 0.9862 0.7374 0.0000
vt 0.9862 0.7167 0.0000
vt 0.9804 0.7167 0.0000
vt 0.9906 0.9798 0.0000
vt 0.9965 0.9798 0.0000
vt 0.9906 0.9448 0.0000
vt 0.9906 0.9533 0.0000
vt 0.9965 0.9533 0.0000
vt 0.9965 0.9448 0.0000
vt 0.9862 0.7475 0.0000
vt 0.9804 0.7475 0.0000
vt 0.9804 0.7574 0.0000
vt 0.9862 0.7574 0.0000
vt 0.9906 0.9369 0.0000
vt 0.9965 0.9369 0.0000
vt 0.9804 0.7666 0.0000
vt 0.9862 0.7666 0.0000
vt 0.9965 0.8273 0.0000
vt 0.9906 0.8273 0.0000
vt 0.9906 0.8319 0.0000
vt 0.9965 0.8319 0.0000
vt 0.9804 0.8867 0.0000
vt 0.9804 0.8920 0.0000
vt 0.9862 0.8919 0.0000
vt 0.9862 0.8867 0.0000
vt 0.9804 0.8814 0.0000
vt 0.9862 0.8814 0.0000
vt 0.9906 0.8366 0.0000
vt 0.9965 0.8366 0.0000
vt 0.9804 0.8761 0.0000
vt 0.9862 0.8761 0.0000
vt 0.9906 0.8412 0.0000
vt 0.9965 0.8412 0.0000
vt 0.9906 0.9233 0.0000
vt 0.9906 0.9297 0.0000
vt 0.9965 0.9297 0.0000
vt 0.9965 0.9233 0.0000
vt 0.9862 0.7750 0.0000
vt 0.9804 0.7750 0.0000
vt 0.9804 0.7824 0.0000
vt 0.9862 0.7824 0.0000
vt 0.9906 0.9173 0.0000
vt 0.9965 0.9173 0.0000
vt 0.9804 0.7892 0.0000
vt 0.9862 0.7893 0.0000
vt 0.9965 0.8594 0.0000
vt 0.9906 0.8594 0.0000
vt 0.9906 0.8639 0.0000
vt 0.9965 0.8640 0.0000
vt 0.9804 0.8500 0.0000
vt 0.9804 0.8552 0.0000
vt 0.9862 0.8552 0.0000
vt 0.9862 0.8500 0.0000
vt 0.9804 0.8447 0.0000
vt 0.9862 0.8447 0.0000
vt 0.9906 0.8686 0.0000
vt 0.9965 0.8686 0.0000
vt 0.9804 0.8395 0.0000
vt 0.9862 0.8395 0.0000
vt 0.9906 0.8732 0.0000
vt 0.9965 0.8732 0.0000
vt 0.9804 0.8342 0.0000
vt 0.9862 0.8342 0.0000
vt 0.9906 0.8778 0.0000
vt 0.9965 0.8778 0.0000
vt 0.9804 0.8289 0.0000
vt 0.9862 0.8289 0.0000
vt 0.9906 0.8824 0.0000
vt 0.9965 0.8824 0.0000
vt 0.9804 0.8237 0.0000
vt 0.9862 0.8237 0.0000
vt 0.9906 0.8870 0.0000
vt 0.9965 0.8870 0.0000
vt 0.9804 0.8185 0.0000
vt 0.9862 0.8185 0.0000
vt 0.9906 0.8916 0.0000
vt 0.9965 0.8916 0.0000
vt 0.9804 0.8074 0.0000
vt 0.9804 0.8129 0.0000
vt 0.9862 0.8129 0.0000
vt 0.9862 0.8074 0.0000
vt 0.9906 0.8964 0.0000
vt 0.9906 0.9013 0.0000
vt 0.9965 0.9013 0.0000
vt 0.9965 0.8965 0.0000
vt 0.9804 0.8016 0.0000
vt 0.9862 0.8016 0.0000
vt 0.9906 0.9065 0.0000
vt 0.9965 0.9065 0.0000
vt 0.9804 0.7957 0.0000
vt 0.9862 0.7957 0.0000
vt 0.9906 0.9117 0.0000
vt 0.9965 0.9117 0.0000
vt 0.9965 0.8503 0.0000
vt 0.9906 0.8503 0.0000
vt 0.9906 0.8549 0.0000
vt 0.9965 0.8549 0.0000
vt 0.9804 0.8604 0.0000
vt 0.9804 0.8656 0.0000
vt 0.9862 0.8656 0.0000
vt 0.9862 0.8604 0.0000
vt 0.9965 0.8458 0.0000
vt 0.9906 0.8458 0.0000
vt 0.9804 0.8708 0.0000
vt 0.9862 0.8708 0.0000
vt 0.9965 0.8183 0.0000
vt 0.9906 0.8183 0.0000
vt 0.9906 0.8228 0.0000
vt 0.9965 0.8228 0.0000
vt 0.9804 0.8972 0.0000
vt 0.9804 0.9024 0.0000
vt 0.9862 0.9024 0.0000
vt 0.9862 0.8972 0.0000
vt 0.9965 0.8138 0.0000
vt 0.9906 0.8138 0.0000
vt 0.9804 0.9076 0.0000
vt 0.9862 0.9076 0.0000
vt 0.9906 0.7792 0.0000
vt 0.9965 0.7792 0.0000
vt 0.9804 0.9473 0.0000
vt 0.9862 0.9473 0.0000
vt 0.9804 0.9411 0.0000
vt 0.9862 0.9411 0.0000
vt 0.9906 0.7846 0.0000
vt 0.9965 0.7846 0.0000
vt 0.9804 0.9350 0.0000
vt 0.9862 0.9350 0.0000
vt 0.9906 0.7899 0.0000
vt 0.9965 0.7899 0.0000
vt 0.9965 0.8046 0.0000
vt 0.9906 0.8046 0.0000
vt 0.9906 0.8092 0.0000
vt 0.9965 0.8092 0.0000
vt 0.9804 0.9129 0.0000
vt 0.9804 0.9181 0.0000
vt 0.9862 0.9181 0.0000
vt 0.9862 0.9128 0.0000
vt 0.9965 0.7998 0.0000
vt 0.9906 0.7998 0.0000
vt 0.9804 0.9235 0.0000
vt 0.9862 0.9235 0.0000
vt 0.9906 0.7949 0.0000
vt 0.9965 0.7949 0.0000
vt 0.9804 0.9292 0.0000
vt 0.9862 0.9292 0.0000
vt 0.8377 0.6697 0.0000
vt 0.8421 0.6691 0.0000
vt 0.8395 0.7017 0.0000
vt 0.8337 0.6708 0.0000
vt 0.8302 0.6723 0.0000
vt 0.8269 0.6742 0.0000
vt 0.8238 0.6765 0.0000
vt 0.8213 0.6790 0.0000
vt 0.8189 0.6818 0.0000
vt 0.8171 0.6848 0.0000
vt 0.8155 0.6880 0.0000
vt 0.8143 0.6911 0.0000
vt 0.8135 0.6946 0.0000
vt 0.8131 0.6981 0.0000
vt 0.8131 0.7017 0.0000
vt 0.8134 0.7052 0.0000
vt 0.8143 0.7087 0.0000
vt 0.8154 0.7121 0.0000
vt 0.8169 0.7153 0.0000
vt 0.8189 0.7182 0.0000
vt 0.8210 0.7210 0.0000
vt 0.8236 0.7235 0.0000
vt 0.8263 0.7257 0.0000
vt 0.8293 0.7275 0.0000
vt 0.8324 0.7291 0.0000
vt 0.8356 0.7300 0.0000
vt 0.8391 0.7310 0.0000
vt 0.8426 0.7312 0.0000
vt 0.8462 0.7313 0.0000
vt 0.8497 0.7307 0.0000
vt 0.8532 0.7300 0.0000
vt 0.8576 0.7282 0.0000
vt 0.8617 0.7257 0.0000
vt 0.8656 0.7227 0.0000
vt 0.8689 0.7190 0.0000
vt 0.8718 0.7141 0.0000
vt 0.8740 0.7085 0.0000
vt 0.8750 0.7023 0.0000
vt 0.8748 0.6960 0.0000
vt 0.8733 0.6898 0.0000
vt 0.8706 0.6840 0.0000
vt 0.8669 0.6791 0.0000
vt 0.8623 0.6750 0.0000
vt 0.8572 0.6719 0.0000
vt 0.8520 0.6700 0.0000
vt 0.8468 0.6690 0.0000
vt 0.0107 0.2710 0.0000
vt 0.0208 0.2711 0.0000
vt 0.0212 0.2542 0.0000
vt 0.0112 0.2512 0.0000
vt 0.0120 0.2920 0.0000
vt 0.0218 0.2887 0.0000
vt 0.0277 0.3143 0.0000
vt 0.0184 0.3197 0.0000
vt 0.0261 0.3291 0.0000
vt 0.0341 0.3227 0.0000
vt 0.0233 0.3036 0.0000
vt 0.0138 0.3063 0.0000
vt 0.0557 0.3226 0.0000
vt 0.0415 0.3219 0.0000
vt 0.0421 0.3296 0.0000
vt 0.0522 0.3351 0.0000
vt 0.1111 0.3282 0.0000
vt 0.1156 0.3162 0.0000
vt 0.0982 0.3192 0.0000
vt 0.0999 0.3351 0.0000
vt 0.9785 0.3245 0.0000
vt 0.9883 0.3245 0.0000
vt 0.9883 0.3128 0.0000
vt 0.9785 0.3128 0.0000
vt 0.0939 0.2345 0.0000
vt 0.1021 0.2223 0.0000
vt 0.0916 0.2168 0.0000
vt 0.1128 0.2358 0.0000
vt 0.0384 0.2401 0.0000
vt 0.0284 0.2314 0.0000
vt 0.0233 0.2404 0.0000
vt 0.0356 0.2249 0.0000
vt 0.0364 0.2555 0.0000
vt 0.0538 0.2554 0.0000
vt 0.0553 0.2375 0.0000
vt 0.0735 0.2542 0.0000
vt 0.0735 0.2351 0.0000
vt 0.0536 0.2750 0.0000
vt 0.0741 0.2731 0.0000
vt 0.0748 0.2902 0.0000
vt 0.0981 0.2874 0.0000
vt 0.0980 0.2709 0.0000
vt 0.0742 0.3064 0.0000
vt 0.0980 0.3042 0.0000
vt 0.1171 0.3027 0.0000
vt 0.1177 0.2856 0.0000
vt 0.1034 0.3445 0.0000
vt 0.1165 0.3341 0.0000
vt 0.0878 0.3382 0.0000
vt 0.0885 0.3494 0.0000
vt 0.0757 0.3386 0.0000
vt 0.0740 0.3501 0.0000
vt 0.9785 0.1724 0.0000
vt 0.9785 0.1862 0.0000
vt 0.9883 0.1862 0.0000
vt 0.9883 0.1724 0.0000
vt 0.9785 0.1994 0.0000
vt 0.9883 0.1994 0.0000
vt 0.9972 0.2120 0.0000
vt 0.9972 0.1994 0.0000
vt 0.9883 0.2120 0.0000
vt 0.9785 0.2120 0.0000
vt 0.9785 0.2245 0.0000
vt 0.9883 0.2245 0.0000
vt 0.9972 0.2694 0.0000
vt 0.9972 0.2586 0.0000
vt 0.9883 0.2586 0.0000
vt 0.9883 0.2694 0.0000
vt 0.9972 0.2799 0.0000
vt 0.9883 0.2799 0.0000
vt 0.9972 0.2979 0.0000
vt 0.9883 0.2979 0.0000
vt 0.9785 0.3341 0.0000
vt 0.9883 0.3341 0.0000
vt 0.9972 0.3341 0.0000
vt 0.9883 0.3432 0.0000
vt 0.9972 0.3432 0.0000
vt 0.9883 0.3511 0.0000
vt 0.9972 0.3511 0.0000
vt 0.9972 0.3637 0.0000
vt 0.9883 0.3637 0.0000
vt 0.9883 0.3763 0.0000
vt 0.9972 0.3763 0.0000
vt 0.9972 0.0189 0.0000
vt 0.9883 0.0189 0.0000
vt 0.9883 0.0327 0.0000
vt 0.9972 0.0327 0.0000
vt 0.9972 0.0595 0.0000
vt 0.9972 0.0466 0.0000
vt 0.9883 0.0466 0.0000
vt 0.9883 0.0595 0.0000
vt 0.9972 0.0815 0.0000
vt 0.9972 0.0709 0.0000
vt 0.9883 0.0709 0.0000
vt 0.9883 0.0815 0.0000
vt 0.9972 0.1254 0.0000
vt 0.9972 0.1108 0.0000
vt 0.9883 0.1108 0.0000
vt 0.9883 0.1254 0.0000
vt 0.9972 0.1414 0.0000
vt 0.9883 0.1414 0.0000
vt 0.9972 0.1581 0.0000
vt 0.9883 0.1581 0.0000
vt 0.9972 0.1724 0.0000
vt 0.9785 0.1414 0.0000
vt 0.9785 0.1581 0.0000
vt 0.9785 0.0967 0.0000
vt 0.9785 0.1108 0.0000
vt 0.9883 0.0967 0.0000
vt 0.9785 0.0815 0.0000
vt 0.9785 0.0595 0.0000
vt 0.9785 0.0709 0.0000
vt 0.9785 0.0327 0.0000
vt 0.9785 0.0466 0.0000
vt 0.9785 0.0048 0.0000
vt 0.9785 0.0189 0.0000
vt 0.9883 0.0048 0.0000
vt 0.9785 0.3637 0.0000
vt 0.9785 0.3511 0.0000
vt 0.0290 0.2153 0.0000
vt 0.0194 0.2238 0.0000
vt 0.0128 0.2354 0.0000
vt 0.0374 0.2845 0.0000
vt 0.0369 0.2721 0.0000
vt 0.0376 0.2977 0.0000
vt 0.0406 0.3109 0.0000
vt 0.0541 0.2923 0.0000
vt 0.0555 0.3081 0.0000
vt 0.0738 0.3229 0.0000
vt 0.0632 0.3375 0.0000
vt 0.0361 0.3377 0.0000
vt 0.0481 0.3440 0.0000
vt 0.9785 0.2359 0.0000
vt 0.9883 0.2359 0.0000
vt 0.9785 0.2474 0.0000
vt 0.9883 0.2474 0.0000
vt 0.0608 0.3482 0.0000
vt 0.0378 0.2109 0.0000
vt 0.0438 0.2197 0.0000
vt 0.0547 0.2161 0.0000
vt 0.0519 0.2057 0.0000
vt 0.0671 0.2142 0.0000
vt 0.0677 0.2040 0.0000
vt 0.0796 0.2144 0.0000
vt 0.0835 0.2042 0.0000
vt 0.0963 0.2067 0.0000
vt 0.1081 0.2126 0.0000
vt 0.1181 0.2230 0.0000
vt 0.1245 0.2355 0.0000
vt 0.1158 0.2515 0.0000
vt 0.1270 0.2489 0.0000
vt 0.1170 0.2692 0.0000
vt 0.1273 0.2680 0.0000
vt 0.1273 0.2856 0.0000
vt 0.1270 0.3026 0.0000
vt 0.1248 0.3191 0.0000
vt 0.0965 0.2528 0.0000
vt 0.9972 0.3128 0.0000
vt 0.9785 0.2586 0.0000
vt 0.9972 0.3245 0.0000
vt 0.9972 0.1862 0.0000
vt 0.9972 0.2245 0.0000
vt 0.9785 0.2694 0.0000
vt 0.9785 0.2799 0.0000
vt 0.9785 0.2979 0.0000
vt 0.9785 0.3432 0.0000
vt 0.9785 0.3763 0.0000
vt 0.9785 0.1254 0.0000
vt 0.9972 0.0967 0.0000
vt 0.9972 0.0048 0.0000
vt 0.9972 0.2359 0.0000
vt 0.9972 0.2474 0.0000
vt 0.6778 0.6237 0.0000
vt 0.6863 0.6176 0.0000
vt 0.6910 0.6220 0.0000
vt 0.6855 0.6310 0.0000
vt 0.6971 0.6243 0.0000
vt 0.6954 0.6348 0.0000
vt 0.7035 0.6242 0.0000
vt 0.7060 0.6345 0.0000
vt 0.7095 0.6215 0.0000
vt 0.7157 0.6302 0.0000
vt 0.7139 0.6168 0.0000
vt 0.7230 0.6225 0.0000
vt 0.7162 0.6108 0.0000
vt 0.7268 0.6126 0.0000
vt 0.7161 0.6043 0.0000
vt 0.7265 0.6020 0.0000
vt 0.7134 0.5984 0.0000
vt 0.7222 0.5923 0.0000
vt 0.7087 0.5939 0.0000
vt 0.7145 0.5850 0.0000
vt 0.7027 0.5916 0.0000
vt 0.7046 0.5812 0.0000
vt 0.6962 0.5918 0.0000
vt 0.6940 0.5815 0.0000
vt 0.6903 0.5944 0.0000
vt 0.6843 0.5858 0.0000
vt 0.6858 0.5991 0.0000
vt 0.6770 0.5935 0.0000
vt 0.6835 0.6052 0.0000
vt 0.6732 0.6034 0.0000
vt 0.6837 0.6117 0.0000
vt 0.6735 0.6140 0.0000
vt 0.6998 0.6080 0.0000
vt 0.6653 0.6159 0.0000
vt 0.6676 0.6154 0.0000
vt 0.6729 0.6272 0.0000
vt 0.6710 0.6287 0.0000
vt 0.6824 0.6361 0.0000
vt 0.6811 0.6382 0.0000
vt 0.6945 0.6407 0.0000
vt 0.6942 0.6432 0.0000
vt 0.7075 0.6404 0.0000
vt 0.7081 0.6428 0.0000
vt 0.7193 0.6351 0.0000
vt 0.7208 0.6371 0.0000
vt 0.7282 0.6257 0.0000
vt 0.7304 0.6270 0.0000
vt 0.7329 0.6136 0.0000
vt 0.7354 0.6140 0.0000
vt 0.7325 0.6007 0.0000
vt 0.7350 0.6001 0.0000
vt 0.7272 0.5888 0.0000
vt 0.7294 0.5874 0.0000
vt 0.7178 0.5799 0.0000
vt 0.7193 0.5778 0.0000
vt 0.7057 0.5753 0.0000
vt 0.7062 0.5728 0.0000
vt 0.6927 0.5756 0.0000
vt 0.6923 0.5732 0.0000
vt 0.6809 0.5809 0.0000
vt 0.6795 0.5788 0.0000
vt 0.6719 0.5903 0.0000
vt 0.6699 0.5889 0.0000
vt 0.6673 0.6024 0.0000
vt 0.6649 0.6020 0.0000
vt 0.9591 0.9721 0.0000
vt 0.9481 0.9722 0.0000
vt 0.9481 0.9806 0.0000
vt 0.9591 0.9805 0.0000
vt 0.9481 0.9889 0.0000
vt 0.9591 0.9888 0.0000
vt 0.9481 0.9973 0.0000
vt 0.9591 0.9972 0.0000
vt 0.9591 0.8634 0.0000
vt 0.9481 0.8635 0.0000
vt 0.9481 0.8719 0.0000
vt 0.9591 0.8718 0.0000
vt 0.9481 0.8802 0.0000
vt 0.9591 0.8802 0.0000
vt 0.9481 0.8886 0.0000
vt 0.9591 0.8885 0.0000
vt 0.9481 0.8970 0.0000
vt 0.9591 0.8969 0.0000
vt 0.9481 0.9053 0.0000
vt 0.9591 0.9052 0.0000
vt 0.9481 0.9137 0.0000
vt 0.9591 0.9136 0.0000
vt 0.9481 0.9220 0.0000
vt 0.9591 0.9220 0.0000
vt 0.9481 0.9304 0.0000
vt 0.9591 0.9303 0.0000
vt 0.9481 0.9388 0.0000
vt 0.9591 0.9387 0.0000
vt 0.9481 0.9471 0.0000
vt 0.9591 0.9471 0.0000
vt 0.9481 0.9555 0.0000
vt 0.9591 0.9554 0.0000
vt 0.9481 0.9639 0.0000
vt 0.9591 0.9638 0.0000
vt 0.6099 0.6420 0.0000
vt 0.6144 0.6466 0.0000
vt 0.6084 0.6552 0.0000
vt 0.6010 0.6476 0.0000
vt 0.6204 0.6492 0.0000
vt 0.6182 0.6594 0.0000
vt 0.6268 0.6492 0.0000
vt 0.6288 0.6595 0.0000
vt 0.6328 0.6468 0.0000
vt 0.6386 0.6555 0.0000
vt 0.6375 0.6423 0.0000
vt 0.6461 0.6481 0.0000
vt 0.6400 0.6363 0.0000
vt 0.6503 0.6383 0.0000
vt 0.6401 0.6298 0.0000
vt 0.6504 0.6277 0.0000
vt 0.6376 0.6238 0.0000
vt 0.6464 0.6178 0.0000
vt 0.6331 0.6191 0.0000
vt 0.6390 0.6102 0.0000
vt 0.6271 0.6166 0.0000
vt 0.6293 0.6061 0.0000
vt 0.6207 0.6165 0.0000
vt 0.6187 0.6060 0.0000
vt 0.6147 0.6189 0.0000
vt 0.6089 0.6099 0.0000
vt 0.6100 0.6235 0.0000
vt 0.6013 0.6173 0.0000
vt 0.6075 0.6295 0.0000
vt 0.5971 0.6271 0.0000
vt 0.6074 0.6360 0.0000
vt 0.5970 0.6377 0.0000
vt 0.6238 0.6330 0.0000
vt 0.5937 0.6520 0.0000
vt 0.5886 0.6390 0.0000
vt 0.5910 0.6387 0.0000
vt 0.5959 0.6508 0.0000
vt 0.6050 0.6600 0.0000
vt 0.6035 0.6620 0.0000
vt 0.6169 0.6652 0.0000
vt 0.6163 0.6675 0.0000
vt 0.6299 0.6653 0.0000
vt 0.6303 0.6677 0.0000
vt 0.6419 0.6605 0.0000
vt 0.6433 0.6624 0.0000
vt 0.6511 0.6514 0.0000
vt 0.6532 0.6526 0.0000
vt 0.6562 0.6394 0.0000
vt 0.6586 0.6398 0.0000
vt 0.6563 0.6264 0.0000
vt 0.6587 0.6258 0.0000
vt 0.6515 0.6143 0.0000
vt 0.6535 0.6128 0.0000
vt 0.6424 0.6051 0.0000
vt 0.6437 0.6029 0.0000
vt 0.6305 0.6000 0.0000
vt 0.6309 0.5974 0.0000
vt 0.6175 0.5998 0.0000
vt 0.6171 0.5973 0.0000
vt 0.6055 0.6047 0.0000
vt 0.6042 0.6025 0.0000
vt 0.5963 0.6137 0.0000
vt 0.5942 0.6122 0.0000
vt 0.5912 0.6257 0.0000
vt 0.5887 0.6250 0.0000
vt 0.9446 0.9386 0.0000
vt 0.9446 0.9303 0.0000
vt 0.9336 0.9303 0.0000
vt 0.9336 0.9386 0.0000
vt 0.9446 0.9219 0.0000
vt 0.9336 0.9219 0.0000
vt 0.9446 0.9135 0.0000
vt 0.9336 0.9135 0.0000
vt 0.9446 0.9052 0.0000
vt 0.9336 0.9052 0.0000
vt 0.9446 0.8968 0.0000
vt 0.9336 0.8968 0.0000
vt 0.9446 0.8885 0.0000
vt 0.9336 0.8885 0.0000
vt 0.9446 0.8801 0.0000
vt 0.9336 0.8801 0.0000
vt 0.9446 0.8717 0.0000
vt 0.9336 0.8717 0.0000
vt 0.9446 0.8634 0.0000
vt 0.9336 0.8634 0.0000
vt 0.9336 0.9971 0.0000
vt 0.9446 0.9971 0.0000
vt 0.9446 0.9888 0.0000
vt 0.9336 0.9888 0.0000
vt 0.9446 0.9804 0.0000
vt 0.9336 0.9804 0.0000
vt 0.9446 0.9721 0.0000
vt 0.9336 0.9721 0.0000
vt 0.9446 0.9637 0.0000
vt 0.9336 0.9637 0.0000
vt 0.9446 0.9553 0.0000
vt 0.9336 0.9553 0.0000
vt 0.9446 0.9470 0.0000
vt 0.9336 0.9470 0.0000
vt 0.3069 0.7719 0.0000
vt 0.2805 0.7614 0.0000
vt 0.2788 0.7682 0.0000
vt 0.2837 0.7553 0.0000
vt 0.2883 0.7502 0.0000
vt 0.2939 0.7462 0.0000
vt 0.3004 0.7438 0.0000
vt 0.3072 0.7430 0.0000
vt 0.3141 0.7439 0.0000
vt 0.3204 0.7464 0.0000
vt 0.3260 0.7503 0.0000
vt 0.3305 0.7554 0.0000
vt 0.3336 0.7613 0.0000
vt 0.3353 0.7681 0.0000
vt 0.3353 0.7748 0.0000
vt 0.3337 0.7813 0.0000
vt 0.3306 0.7872 0.0000
vt 0.3261 0.7924 0.0000
vt 0.3206 0.7963 0.0000
vt 0.2841 0.7879 0.0000
vt 0.2808 0.7820 0.0000
vt 0.2789 0.7753 0.0000
vt 0.3144 0.7988 0.0000
vt 0.2886 0.7930 0.0000
vt 0.2768 0.7835 0.0000
vt 0.2806 0.7904 0.0000
vt 0.2748 0.7757 0.0000
vt 0.2748 0.7677 0.0000
vt 0.2766 0.7600 0.0000
vt 0.2803 0.7530 0.0000
vt 0.2856 0.7471 0.0000
vt 0.2921 0.7426 0.0000
vt 0.2995 0.7399 0.0000
vt 0.3073 0.7390 0.0000
vt 0.3150 0.7400 0.0000
vt 0.3223 0.7428 0.0000
vt 0.3287 0.7472 0.0000
vt 0.3339 0.7530 0.0000
vt 0.3374 0.7599 0.0000
vt 0.3394 0.7674 0.0000
vt 0.3394 0.7752 0.0000
vt 0.3376 0.7827 0.0000
vt 0.3342 0.7896 0.0000
vt 0.3291 0.7955 0.0000
vt 0.3228 0.8000 0.0000
vt 0.3156 0.8030 0.0000
vt 0.3077 0.7998 0.0000
vt 0.3079 0.8041 0.0000
vt 0.3009 0.7991 0.0000
vt 0.3000 0.8033 0.0000
vt 0.2944 0.7969 0.0000
vt 0.2925 0.8007 0.0000
vt 0.2859 0.7963 0.0000
vt 0.2770 0.7930 0.0000
vt 0.2831 0.7997 0.0000
vt 0.2727 0.7851 0.0000
vt 0.2689 0.7865 0.0000
vt 0.2738 0.7953 0.0000
vt 0.2705 0.7763 0.0000
vt 0.2664 0.7768 0.0000
vt 0.2704 0.7672 0.0000
vt 0.2664 0.7667 0.0000
vt 0.2725 0.7584 0.0000
vt 0.2688 0.7570 0.0000
vt 0.2767 0.7504 0.0000
vt 0.2735 0.7481 0.0000
vt 0.2827 0.7437 0.0000
vt 0.2801 0.7407 0.0000
vt 0.2901 0.7387 0.0000
vt 0.2883 0.7352 0.0000
vt 0.2985 0.7356 0.0000
vt 0.2976 0.7317 0.0000
vt 0.3073 0.7346 0.0000
vt 0.3074 0.7306 0.0000
vt 0.3161 0.7357 0.0000
vt 0.3171 0.7318 0.0000
vt 0.3244 0.7389 0.0000
vt 0.3262 0.7354 0.0000
vt 0.3317 0.7439 0.0000
vt 0.3343 0.7409 0.0000
vt 0.3375 0.7505 0.0000
vt 0.3407 0.7482 0.0000
vt 0.3416 0.7583 0.0000
vt 0.3453 0.7568 0.0000
vt 0.3437 0.7668 0.0000
vt 0.3477 0.7663 0.0000
vt 0.3438 0.7756 0.0000
vt 0.3478 0.7760 0.0000
vt 0.3418 0.7842 0.0000
vt 0.3456 0.7855 0.0000
vt 0.3379 0.7920 0.0000
vt 0.3412 0.7941 0.0000
vt 0.3321 0.7987 0.0000
vt 0.3349 0.8016 0.0000
vt 0.3250 0.8039 0.0000
vt 0.3270 0.8073 0.0000
vt 0.3168 0.8072 0.0000
vt 0.3179 0.8110 0.0000
vt 0.3080 0.8085 0.0000
vt 0.3082 0.8124 0.0000
vt 0.2991 0.8076 0.0000
vt 0.2983 0.8115 0.0000
vt 0.2907 0.8046 0.0000
vt 0.2889 0.8082 0.0000
vt 0.2806 0.8027 0.0000
vt 0.4383 0.1890 0.0000
vt 0.4383 0.1990 0.0000
vt 0.4423 0.1990 0.0000
vt 0.4423 0.1890 0.0000
vt 0.4423 0.1788 0.0000
vt 0.4383 0.1788 0.0000
vt 0.4342 0.1788 0.0000
vt 0.4342 0.1890 0.0000
vt 0.4383 0.1688 0.0000
vt 0.4342 0.1688 0.0000
vt 0.4423 0.1688 0.0000
vt 0.4383 0.1578 0.0000
vt 0.4342 0.1578 0.0000
vt 0.4423 0.1578 0.0000
vt 0.4383 0.4069 0.0000
vt 0.4342 0.4069 0.0000
vt 0.4342 0.4180 0.0000
vt 0.4383 0.4180 0.0000
vt 0.4423 0.4180 0.0000
vt 0.4423 0.4069 0.0000
vt 0.4383 0.3969 0.0000
vt 0.4342 0.3969 0.0000
vt 0.4423 0.3969 0.0000
vt 0.4383 0.3869 0.0000
vt 0.4342 0.3869 0.0000
vt 0.4423 0.3869 0.0000
vt 0.4383 0.3768 0.0000
vt 0.4342 0.3768 0.0000
vt 0.4423 0.3768 0.0000
vt 0.4383 0.3669 0.0000
vt 0.4342 0.3669 0.0000
vt 0.4423 0.3669 0.0000
vt 0.4383 0.3569 0.0000
vt 0.4342 0.3569 0.0000
vt 0.4423 0.3569 0.0000
vt 0.4383 0.3470 0.0000
vt 0.4342 0.3470 0.0000
vt 0.4423 0.3470 0.0000
vt 0.4383 0.3372 0.0000
vt 0.4342 0.3372 0.0000
vt 0.4423 0.3372 0.0000
vt 0.4383 0.3273 0.0000
vt 0.4342 0.3273 0.0000
vt 0.4423 0.3273 0.0000
vt 0.4383 0.3175 0.0000
vt 0.4342 0.3175 0.0000
vt 0.4423 0.3175 0.0000
vt 0.4383 0.3077 0.0000
vt 0.4342 0.3077 0.0000
vt 0.4423 0.3077 0.0000
vt 0.4383 0.2978 0.0000
vt 0.4342 0.2978 0.0000
vt 0.4423 0.2978 0.0000
vt 0.4383 0.2880 0.0000
vt 0.4342 0.2880 0.0000
vt 0.4423 0.2880 0.0000
vt 0.4383 0.2782 0.0000
vt 0.4342 0.2782 0.0000
vt 0.4423 0.2782 0.0000
vt 0.4383 0.2684 0.0000
vt 0.4342 0.2684 0.0000
vt 0.4423 0.2684 0.0000
vt 0.4383 0.2586 0.0000
vt 0.4342 0.2586 0.0000
vt 0.4423 0.2586 0.0000
vt 0.4383 0.2488 0.0000
vt 0.4342 0.2488 0.0000
vt 0.4423 0.2488 0.0000
vt 0.4383 0.2389 0.0000
vt 0.4342 0.2389 0.0000
vt 0.4423 0.2389 0.0000
vt 0.4383 0.2290 0.0000
vt 0.4342 0.2290 0.0000
vt 0.4423 0.2290 0.0000
vt 0.4383 0.2191 0.0000
vt 0.4342 0.2191 0.0000
vt 0.4423 0.2191 0.0000
vt 0.4383 0.2091 0.0000
vt 0.4342 0.2091 0.0000
vt 0.4423 0.2091 0.0000
vt 0.4342 0.1990 0.0000
vt 0.4300 0.1990 0.0000
vt 0.4300 0.2091 0.0000
vt 0.4300 0.1890 0.0000
vt 0.4259 0.1890 0.0000
vt 0.4259 0.1990 0.0000
vt 0.4300 0.1788 0.0000
vt 0.4259 0.1788 0.0000
vt 0.4300 0.1688 0.0000
vt 0.4259 0.1688 0.0000
vt 0.4300 0.1578 0.0000
vt 0.4259 0.1578 0.0000
vt 0.4300 0.4069 0.0000
vt 0.4259 0.4069 0.0000
vt 0.4259 0.4180 0.0000
vt 0.4300 0.4180 0.0000
vt 0.4300 0.3969 0.0000
vt 0.4259 0.3969 0.0000
vt 0.4300 0.3869 0.0000
vt 0.4259 0.3869 0.0000
vt 0.4300 0.3768 0.0000
vt 0.4259 0.3768 0.0000
vt 0.4300 0.3669 0.0000
vt 0.4259 0.3669 0.0000
vt 0.4300 0.3569 0.0000
vt 0.4259 0.3569 0.0000
vt 0.4300 0.3470 0.0000
vt 0.4259 0.3470 0.0000
vt 0.4300 0.3372 0.0000
vt 0.4259 0.3372 0.0000
vt 0.4300 0.3273 0.0000
vt 0.4259 0.3273 0.0000
vt 0.4300 0.3175 0.0000
vt 0.4259 0.3175 0.0000
vt 0.4300 0.3077 0.0000
vt 0.4259 0.3077 0.0000
vt 0.4300 0.2978 0.0000
vt 0.4259 0.2978 0.0000
vt 0.4300 0.2880 0.0000
vt 0.4259 0.2880 0.0000
vt 0.4300 0.2782 0.0000
vt 0.4259 0.2782 0.0000
vt 0.4300 0.2684 0.0000
vt 0.4259 0.2684 0.0000
vt 0.4300 0.2586 0.0000
vt 0.4259 0.2586 0.0000
vt 0.4300 0.2488 0.0000
vt 0.4259 0.2488 0.0000
vt 0.4300 0.2389 0.0000
vt 0.4259 0.2389 0.0000
vt 0.4300 0.2290 0.0000
vt 0.4259 0.2290 0.0000
vt 0.4300 0.2191 0.0000
vt 0.4259 0.2191 0.0000
vt 0.4259 0.2091 0.0000
vt 0.4219 0.2091 0.0000
vt 0.4219 0.2191 0.0000
vt 0.4219 0.1990 0.0000
vt 0.9341 0.6234 0.0000
vt 0.9383 0.6309 0.0000
vt 0.9419 0.6293 0.0000
vt 0.9373 0.6210 0.0000
vt 0.9307 0.6140 0.0000
vt 0.9282 0.6171 0.0000
vt 0.4219 0.1890 0.0000
vt 0.9226 0.6088 0.0000
vt 0.9209 0.6124 0.0000
vt 0.4219 0.1788 0.0000
vt 0.9134 0.6058 0.0000
vt 0.9127 0.6096 0.0000
vt 0.4219 0.1688 0.0000
vt 0.9037 0.6051 0.0000
vt 0.9039 0.6090 0.0000
vt 0.4219 0.1578 0.0000
vt 0.8942 0.6068 0.0000
vt 0.8953 0.6105 0.0000
vt 0.4219 0.4069 0.0000
vt 0.4219 0.4180 0.0000
vt 0.8854 0.6108 0.0000
vt 0.8874 0.6142 0.0000
vt 0.4219 0.3969 0.0000
vt 0.8779 0.6167 0.0000
vt 0.8807 0.6196 0.0000
vt 0.4219 0.3869 0.0000
vt 0.8722 0.6243 0.0000
vt 0.8756 0.6264 0.0000
vt 0.4219 0.3768 0.0000
vt 0.8684 0.6330 0.0000
vt 0.8722 0.6342 0.0000
vt 0.4219 0.3669 0.0000
vt 0.8669 0.6422 0.0000
vt 0.8709 0.6424 0.0000
vt 0.4219 0.3569 0.0000
vt 0.8676 0.6515 0.0000
vt 0.8714 0.6508 0.0000
vt 0.4219 0.3470 0.0000
vt 0.8704 0.6603 0.0000
vt 0.8740 0.6587 0.0000
vt 0.4219 0.3372 0.0000
vt 0.8752 0.6682 0.0000
vt 0.8783 0.6658 0.0000
vt 0.4219 0.3273 0.0000
vt 0.8818 0.6748 0.0000
vt 0.8842 0.6717 0.0000
vt 0.4219 0.3175 0.0000
vt 0.8897 0.6796 0.0000
vt 0.8913 0.6760 0.0000
vt 0.4219 0.3077 0.0000
vt 0.8985 0.6824 0.0000
vt 0.8992 0.6785 0.0000
vt 0.4219 0.2978 0.0000
vt 0.9077 0.6831 0.0000
vt 0.9074 0.6791 0.0000
vt 0.4219 0.2880 0.0000
vt 0.9168 0.6815 0.0000
vt 0.9156 0.6778 0.0000
vt 0.4219 0.2782 0.0000
vt 0.9252 0.6779 0.0000
vt 0.9232 0.6746 0.0000
vt 0.4219 0.2684 0.0000
vt 0.9327 0.6724 0.0000
vt 0.9299 0.6696 0.0000
vt 0.4219 0.2586 0.0000
vt 0.9386 0.6653 0.0000
vt 0.9352 0.6632 0.0000
vt 0.4219 0.2488 0.0000
vt 0.9427 0.6569 0.0000
vt 0.9390 0.6557 0.0000
vt 0.4219 0.2389 0.0000
vt 0.9447 0.6478 0.0000
vt 0.9408 0.6475 0.0000
vt 0.4219 0.2290 0.0000
vt 0.9444 0.6384 0.0000
vt 0.9405 0.6391 0.0000
vt 0.9360 0.6398 0.0000
vt 0.9361 0.6471 0.0000
vt 0.9341 0.6327 0.0000
vt 0.9234 0.6373 0.0000
vt 0.9245 0.6418 0.0000
vt 0.9305 0.6262 0.0000
vt 0.9212 0.6332 0.0000
vt 0.9254 0.6207 0.0000
vt 0.9180 0.6297 0.0000
vt 0.9190 0.6166 0.0000
vt 0.9140 0.6271 0.0000
vt 0.9118 0.6142 0.0000
vt 0.9095 0.6256 0.0000
vt 0.9042 0.6136 0.0000
vt 0.9047 0.6253 0.0000
vt 0.8967 0.6149 0.0000
vt 0.9000 0.6262 0.0000
vt 0.8898 0.6181 0.0000
vt 0.8957 0.6282 0.0000
vt 0.8839 0.6228 0.0000
vt 0.8922 0.6311 0.0000
vt 0.8795 0.6288 0.0000
vt 0.8895 0.6348 0.0000
vt 0.8766 0.6356 0.0000
vt 0.8878 0.6389 0.0000
vt 0.8754 0.6427 0.0000
vt 0.8871 0.6433 0.0000
vt 0.8760 0.6499 0.0000
vt 0.8874 0.6478 0.0000
vt 0.8782 0.6568 0.0000
vt 0.8888 0.6520 0.0000
vt 0.8819 0.6630 0.0000
vt 0.8912 0.6558 0.0000
vt 0.8870 0.6680 0.0000
vt 0.8943 0.6589 0.0000
vt 0.8932 0.6718 0.0000
vt 0.8981 0.6612 0.0000
vt 0.9000 0.6740 0.0000
vt 0.9023 0.6625 0.0000
vt 0.9072 0.6745 0.0000
vt 0.9066 0.6628 0.0000
vt 0.9143 0.6734 0.0000
vt 0.9110 0.6621 0.0000
vt 0.9209 0.6706 0.0000
vt 0.9150 0.6604 0.0000
vt 0.9267 0.6663 0.0000
vt 0.9185 0.6579 0.0000
vt 0.9314 0.6608 0.0000
vt 0.9214 0.6546 0.0000
vt 0.9346 0.6542 0.0000
vt 0.9234 0.6507 0.0000
vt 0.9245 0.6464 0.0000
vt 0.9777 0.9115 0.0000
vt 0.9777 0.9072 0.0000
vt 0.9622 0.9072 0.0000
vt 0.9622 0.9115 0.0000
vt 0.9777 0.9027 0.0000
vt 0.9622 0.9027 0.0000
vt 0.9777 0.8981 0.0000
vt 0.9622 0.8981 0.0000
vt 0.9622 0.8935 0.0000
vt 0.9777 0.8935 0.0000
vt 0.9622 0.8887 0.0000
vt 0.9777 0.8887 0.0000
vt 0.9622 0.8840 0.0000
vt 0.9777 0.8840 0.0000
vt 0.9622 0.8793 0.0000
vt 0.9777 0.8793 0.0000
vt 0.9622 0.9922 0.0000
vt 0.9622 0.9972 0.0000
vt 0.9777 0.9972 0.0000
vt 0.9777 0.9922 0.0000
vt 0.9777 0.9871 0.0000
vt 0.9622 0.9871 0.0000
vt 0.9777 0.9821 0.0000
vt 0.9622 0.9821 0.0000
vt 0.9777 0.9772 0.0000
vt 0.9622 0.9772 0.0000
vt 0.9777 0.9726 0.0000
vt 0.9622 0.9726 0.0000
vt 0.9777 0.9683 0.0000
vt 0.9622 0.9683 0.0000
vt 0.9777 0.9639 0.0000
vt 0.9622 0.9639 0.0000
vt 0.9777 0.9595 0.0000
vt 0.9622 0.9595 0.0000
vt 0.9777 0.9551 0.0000
vt 0.9622 0.9551 0.0000
vt 0.9777 0.9507 0.0000
vt 0.9622 0.9506 0.0000
vt 0.9777 0.9463 0.0000
vt 0.9622 0.9462 0.0000
vt 0.9777 0.9419 0.0000
vt 0.9622 0.9418 0.0000
vt 0.9777 0.9375 0.0000
vt 0.9622 0.9374 0.0000
vt 0.9777 0.9331 0.0000
vt 0.9622 0.9330 0.0000
vt 0.9777 0.9287 0.0000
vt 0.9622 0.9287 0.0000
vt 0.9777 0.9243 0.0000
vt 0.9622 0.9243 0.0000
vt 0.9622 0.9200 0.0000
vt 0.9777 0.9200 0.0000
vt 0.9622 0.9158 0.0000
vt 0.9777 0.9158 0.0000
vt 0.8726 0.3784 0.0000
vt 0.8819 0.3745 0.0000
vt 0.8786 0.3690 0.0000
vt 0.8705 0.3749 0.0000
vt 0.8740 0.3823 0.0000
vt 0.8838 0.3809 0.0000
vt 0.8928 0.3803 0.0000
vt 0.8906 0.3716 0.0000
vt 0.8842 0.3875 0.0000
vt 0.8930 0.3891 0.0000
vt 0.8744 0.3866 0.0000
vt 0.8830 0.3941 0.0000
vt 0.8911 0.3978 0.0000
vt 0.8738 0.3909 0.0000
vt 0.8800 0.4006 0.0000
vt 0.8867 0.4061 0.0000
vt 0.8721 0.3951 0.0000
vt 0.8756 0.4061 0.0000
vt 0.8808 0.4130 0.0000
vt 0.8693 0.3989 0.0000
vt 0.8702 0.4103 0.0000
vt 0.8738 0.4182 0.0000
vt 0.8657 0.4018 0.0000
vt 0.8639 0.4129 0.0000
vt 0.8655 0.4214 0.0000
vt 0.8615 0.4037 0.0000
vt 0.8566 0.4139 0.0000
vt 0.8564 0.4223 0.0000
vt 0.8566 0.4045 0.0000
vt 0.8492 0.4130 0.0000
vt 0.8474 0.4212 0.0000
vt 0.8514 0.4039 0.0000
vt 0.8424 0.4103 0.0000
vt 0.8391 0.4181 0.0000
vt 0.8467 0.4019 0.0000
vt 0.8366 0.4060 0.0000
vt 0.8315 0.4131 0.0000
vt 0.8429 0.3988 0.0000
vt 0.8321 0.4007 0.0000
vt 0.8252 0.4064 0.0000
vt 0.8403 0.3953 0.0000
vt 0.8293 0.3949 0.0000
vt 0.8211 0.3988 0.0000
vt 0.8386 0.3915 0.0000
vt 0.8280 0.3888 0.0000
vt 0.8191 0.3908 0.0000
vt 0.8379 0.3874 0.0000
vt 0.8282 0.3823 0.0000
vt 0.8191 0.3821 0.0000
vt 0.8381 0.3833 0.0000
vt 0.8299 0.3760 0.0000
vt 0.8212 0.3735 0.0000
vt 0.8393 0.3792 0.0000
vt 0.8330 0.3701 0.0000
vt 0.8252 0.3655 0.0000
vt 0.8414 0.3755 0.0000
vt 0.8375 0.3651 0.0000
vt 0.8310 0.3587 0.0000
vt 0.8443 0.3723 0.0000
vt 0.8429 0.3613 0.0000
vt 0.8382 0.3535 0.0000
vt 0.8478 0.3700 0.0000
vt 0.8492 0.3589 0.0000
vt 0.8466 0.3502 0.0000
vt 0.8518 0.3685 0.0000
vt 0.8559 0.3580 0.0000
vt 0.8555 0.3489 0.0000
vt 0.8560 0.3680 0.0000
vt 0.8625 0.3587 0.0000
vt 0.8645 0.3498 0.0000
vt 0.8602 0.3685 0.0000
vt 0.8688 0.3609 0.0000
vt 0.8730 0.3527 0.0000
vt 0.8642 0.3699 0.0000
vt 0.8742 0.3643 0.0000
vt 0.8804 0.3575 0.0000
vt 0.8676 0.3720 0.0000
vt 0.8864 0.3640 0.0000
vt 0.9007 0.3690 0.0000
vt 0.8952 0.3587 0.0000
vt 0.9035 0.3802 0.0000
vt 0.9035 0.3919 0.0000
vt 0.9008 0.4030 0.0000
vt 0.8952 0.4135 0.0000
vt 0.8876 0.4220 0.0000
vt 0.8781 0.4284 0.0000
vt 0.8677 0.4323 0.0000
vt 0.8565 0.4337 0.0000
vt 0.8453 0.4325 0.0000
vt 0.8348 0.4287 0.0000
vt 0.8253 0.4224 0.0000
vt 0.8176 0.4141 0.0000
vt 0.8121 0.4043 0.0000
vt 0.8091 0.3937 0.0000
vt 0.8086 0.3823 0.0000
vt 0.8109 0.3711 0.0000
vt 0.8158 0.3607 0.0000
vt 0.8232 0.3516 0.0000
vt 0.8327 0.3446 0.0000
vt 0.8433 0.3401 0.0000
vt 0.8549 0.3384 0.0000
vt 0.8664 0.3394 0.0000
vt 0.8777 0.3434 0.0000
vt 0.8876 0.3501 0.0000
vt 0.7053 0.7862 0.0000
vt 0.7115 0.7982 0.0000
vt 0.7286 0.7911 0.0000
vt 0.7143 0.7725 0.0000
vt 0.6910 0.7841 0.0000
vt 0.6925 0.8017 0.0000
vt 0.7019 0.7660 0.0000
vt 0.6560 0.7879 0.0000
vt 0.6503 0.8014 0.0000
vt 0.6692 0.8024 0.0000
vt 0.6696 0.7831 0.0000
vt 0.6464 0.7744 0.0000
vt 0.6331 0.7939 0.0000
vt 0.6586 0.7657 0.0000
vt 0.7344 0.8673 0.0000
vt 0.7382 0.8569 0.0000
vt 0.7189 0.8590 0.0000
vt 0.7244 0.8757 0.0000
vt 0.6412 0.8775 0.0000
vt 0.6529 0.8833 0.0000
vt 0.6535 0.8659 0.0000
vt 0.6335 0.8664 0.0000
vt 0.6463 0.8955 0.0000
vt 0.6634 0.9010 0.0000
vt 0.6726 0.8867 0.0000
vt 0.6313 0.8863 0.0000
vt 0.6185 0.8742 0.0000
vt 0.6085 0.8592 0.0000
vt 0.5964 0.8610 0.0000
vt 0.6076 0.8781 0.0000
vt 0.6031 0.8421 0.0000
vt 0.5904 0.8417 0.0000
vt 0.6024 0.8246 0.0000
vt 0.5902 0.8225 0.0000
vt 0.4634 0.0901 0.0000
vt 0.4514 0.0703 0.0000
vt 0.4246 0.0869 0.0000
vt 0.4315 0.1054 0.0000
vt 0.4375 0.1265 0.0000
vt 0.4715 0.1078 0.0000
vt 0.4434 0.1470 0.0000
vt 0.4804 0.1269 0.0000
vt 0.0113 0.1402 0.0000
vt 0.0033 0.1542 0.0000
vt 0.0310 0.1723 0.0000
vt 0.0408 0.1561 0.0000
vt 0.0487 0.1393 0.0000
vt 0.0176 0.1239 0.0000
vt 0.0566 0.1202 0.0000
vt 0.0262 0.1058 0.0000
vt 0.0644 0.1032 0.0000
vt 0.0356 0.0871 0.0000
vt 0.0741 0.0849 0.0000
vt 0.0468 0.0673 0.0000
vt 0.0862 0.0660 0.0000
vt 0.0615 0.0470 0.0000
vt 0.1018 0.0496 0.0000
vt 0.0806 0.0281 0.0000
vt 0.1198 0.0362 0.0000
vt 0.1049 0.0137 0.0000
vt 0.1414 0.0270 0.0000
vt 0.1328 0.0067 0.0000
vt 0.1642 0.0219 0.0000
vt 0.1608 0.0056 0.0000
vt 0.1887 0.0200 0.0000
vt 0.1858 0.0083 0.0000
vt 0.2079 0.0071 0.0000
vt 0.2109 0.0178 0.0000
vt 0.2343 0.0167 0.0000
vt 0.2331 0.0059 0.0000
vt 0.2564 0.0163 0.0000
vt 0.2564 0.0054 0.0000
vt 0.3009 0.0169 0.0000
vt 0.3005 0.0294 0.0000
vt 0.3231 0.0290 0.0000
vt 0.3254 0.0182 0.0000
vt 0.3439 0.0308 0.0000
vt 0.3486 0.0190 0.0000
vt 0.3649 0.0347 0.0000
vt 0.3721 0.0224 0.0000
vt 0.3846 0.0420 0.0000
vt 0.3962 0.0277 0.0000
vt 0.4775 0.0516 0.0000
vt 0.4591 0.0313 0.0000
vt 0.4370 0.0531 0.0000
vt 0.4915 0.0723 0.0000
vt 0.5024 0.0919 0.0000
vt 0.5119 0.1101 0.0000
vt 0.4902 0.1452 0.0000
vt 0.5196 0.1282 0.0000
vt 0.4999 0.1615 0.0000
vt 0.5273 0.1428 0.0000
vt 0.4148 0.0687 0.0000
vt 0.4184 0.0382 0.0000
vt 0.4018 0.0538 0.0000
vt 0.2793 0.0159 0.0000
vt 0.2572 0.0300 0.0000
vt 0.2790 0.0297 0.0000
vt 0.2355 0.0303 0.0000
vt 0.0714 0.1958 0.0000
vt 0.0811 0.1770 0.0000
vt 0.4504 0.1663 0.0000
vt 0.4597 0.1854 0.0000
vt 0.6133 0.7905 0.0000
vt 0.6238 0.7758 0.0000
vt 0.6170 0.7695 0.0000
vt 0.6039 0.7861 0.0000
vt 0.5953 0.8032 0.0000
vt 0.6059 0.8071 0.0000
vt 0.6249 0.8451 0.0000
vt 0.6265 0.8187 0.0000
vt 0.6487 0.8473 0.0000
vt 0.6737 0.8668 0.0000
vt 0.6717 0.8469 0.0000
vt 0.7038 0.8840 0.0000
vt 0.6997 0.8644 0.0000
vt 0.6815 0.9028 0.0000
vt 0.6999 0.9008 0.0000
vt 0.6394 0.9035 0.0000
vt 0.6601 0.9104 0.0000
vt 0.6225 0.8924 0.0000
vt 0.6808 0.9128 0.0000
vt 0.7018 0.9106 0.0000
vt 0.1922 0.0317 0.0000
vt 0.2134 0.0304 0.0000
vt 0.1713 0.0352 0.0000
vt 0.1522 0.0416 0.0000
vt 0.1358 0.0518 0.0000
vt 0.1221 0.0650 0.0000
vt 0.1119 0.0813 0.0000
vt 0.1045 0.0985 0.0000
vt 0.0983 0.1182 0.0000
vt 0.0931 0.1396 0.0000
vt 0.0877 0.1583 0.0000
vt 0.6496 0.7455 0.0000
vt 0.6530 0.7537 0.0000
vt 0.6710 0.7486 0.0000
vt 0.6695 0.7394 0.0000
vt 0.6324 0.7558 0.0000
vt 0.6371 0.7631 0.0000
vt 0.6470 0.8231 0.0000
vt 0.6705 0.8239 0.0000
vt 0.6965 0.8451 0.0000
vt 0.6945 0.8214 0.0000
vt 0.7176 0.8417 0.0000
vt 0.7175 0.8954 0.0000
vt 0.7334 0.8865 0.0000
vt 0.7216 0.9037 0.0000
vt 0.7401 0.8930 0.0000
vt 0.7552 0.8792 0.0000
vt 0.7466 0.8743 0.0000
vt 0.7070 0.7524 0.0000
vt 0.7227 0.7597 0.0000
vt 0.7267 0.7496 0.0000
vt 0.7093 0.7421 0.0000
vt 0.6903 0.7386 0.0000
vt 0.6897 0.7485 0.0000
vt 0.6731 0.7625 0.0000
vt 0.6879 0.7627 0.0000
vt 0.7446 0.7612 0.0000
vt 0.7367 0.7698 0.0000
vt 0.7482 0.7820 0.0000
vt 0.7587 0.7753 0.0000
vt 0.7570 0.7961 0.0000
vt 0.7687 0.7904 0.0000
vt 0.7626 0.8115 0.0000
vt 0.7757 0.8077 0.0000
vt 0.7645 0.8278 0.0000
vt 0.7776 0.8261 0.0000
vt 0.7625 0.8443 0.0000
vt 0.7750 0.8447 0.0000
vt 0.7563 0.8601 0.0000
vt 0.7672 0.8626 0.0000
vt 0.7416 0.8364 0.0000
vt 0.7381 0.8123 0.0000
vt 0.7157 0.8177 0.0000
vt 0.4356 0.0143 0.0000
vt 0.4073 0.0054 0.0000
vt 0.3779 0.0033 0.0000
vt 0.3511 0.0059 0.0000
vt 0.3282 0.0066 0.0000
vt 0.3020 0.0058 0.0000
vt 0.2787 0.0054 0.0000
vt 0.0547 0.5816 0.0000
vt 0.0339 0.5605 0.0000
vt 0.0587 0.5764 0.0000
vt 0.0614 0.5707 0.0000
vt 0.0426 0.5890 0.0000
vt 0.0494 0.5857 0.0000
vt 0.0325 0.5904 0.0000
vt 0.0247 0.5889 0.0000
vt 0.0122 0.5805 0.0000
vt 0.0180 0.5857 0.0000
vt 0.0057 0.5679 0.0000
vt 0.0078 0.5738 0.0000
vt 0.0626 0.5653 0.0000
vt 0.0630 0.5602 0.0000
vt 0.0058 0.5532 0.0000
vt 0.0048 0.5612 0.0000
vt 0.0149 0.5384 0.0000
vt 0.0089 0.5457 0.0000
vt 0.0238 0.5331 0.0000
vt 0.0491 0.5357 0.0000
vt 0.0434 0.5329 0.0000
vt 0.0337 0.5312 0.0000
vt 0.0545 0.5400 0.0000
vt 0.0624 0.5548 0.0000
vt 0.0608 0.5495 0.0000
vt 0.0580 0.5444 0.0000
vt 0.7404 0.6755 0.0000
vt 0.7463 0.6814 0.0000
vt 0.7513 0.6751 0.0000
vt 0.7468 0.6705 0.0000
vt 0.7362 0.6689 0.0000
vt 0.7437 0.6653 0.0000
vt 0.7533 0.6862 0.0000
vt 0.7624 0.6891 0.0000
vt 0.7639 0.6810 0.0000
vt 0.7569 0.6785 0.0000
vt 0.7751 0.6891 0.0000
vt 0.7739 0.6812 0.0000
vt 0.7848 0.6865 0.0000
vt 0.7813 0.6789 0.0000
vt 0.7925 0.6811 0.0000
vt 0.7993 0.6740 0.0000
vt 0.7925 0.6694 0.0000
vt 0.7874 0.6751 0.0000
vt 0.8040 0.6652 0.0000
vt 0.8057 0.6574 0.0000
vt 0.7974 0.6564 0.0000
vt 0.7960 0.6623 0.0000
vt 0.7408 0.6553 0.0000
vt 0.7328 0.6561 0.0000
vt 0.7337 0.6624 0.0000
vt 0.7419 0.6601 0.0000
vt 0.8057 0.6489 0.0000
vt 0.8033 0.6391 0.0000
vt 0.7957 0.6422 0.0000
vt 0.7975 0.6499 0.0000
vt 0.7984 0.6303 0.0000
vt 0.7897 0.6222 0.0000
vt 0.7853 0.6287 0.0000
vt 0.7919 0.6353 0.0000
vt 0.7781 0.6164 0.0000
vt 0.7760 0.6246 0.0000
vt 0.7535 0.6191 0.0000
vt 0.7465 0.6232 0.0000
vt 0.7517 0.6299 0.0000
vt 0.7569 0.6266 0.0000
vt 0.7653 0.6159 0.0000
vt 0.7661 0.6238 0.0000
vt 0.7406 0.6298 0.0000
vt 0.7469 0.6347 0.0000
vt 0.7341 0.6424 0.0000
vt 0.7326 0.6492 0.0000
vt 0.7409 0.6500 0.0000
vt 0.7418 0.6447 0.0000
vt 0.7366 0.6355 0.0000
vt 0.7440 0.6394 0.0000
# 3746 texture coords

g yvr_d3_left_controller
usemtl lambert2SG21
s off
f 1/1/1 2/2/1 3/3/1 4/4/1 
f 5/5/2 6/6/2 1/1/2 4/4/2 
f 4/4/3 7/7/3 8/8/3 9/9/3 
f 9/9/4 10/10/4 5/5/4 4/4/4 
f 3/3/5 11/11/5 7/7/5 4/4/5 
f 12/12/6 13/13/6 14/14/6 15/15/6 
f 16/16/7 17/17/7 13/13/7 12/12/7 
f 18/18/8 19/19/8 16/16/8 12/12/8 
f 20/20/9 21/21/9 22/22/9 23/23/9 
f 20/20/10 23/23/10 24/24/10 25/25/10 
f 20/20/11 25/25/11 26/26/11 21/21/11 
f 27/27/12 28/28/12 29/29/12 30/30/12 
f 27/27/13 31/31/13 32/32/13 28/28/13 
f 27/27/14 30/30/14 33/33/14 31/31/14 
f 34/34/15 35/35/15 36/36/15 37/37/15 
f 38/38/16 39/39/16 35/35/16 34/34/16 
f 40/40/17 41/41/17 38/38/17 34/34/17 
f 42/42/18 43/43/18 44/44/18 
f 42/42/19 45/45/19 43/43/19 
f 42/42/20 44/44/20 46/46/20 47/47/20 
f 48/48/21 49/49/21 50/50/21 51/51/21 
f 52/52/22 53/53/22 49/49/22 48/48/22 
f 48/48/23 51/51/23 54/54/23 52/52/23 
f 55/55/24 56/56/24 57/57/24 58/58/24 
f 58/58/25 57/57/25 59/59/25 60/60/25 
f 58/58/26 60/60/26 61/61/26 55/55/26 
f 62/62/27 63/63/27 64/64/27 65/65/27 
f 65/65/28 66/66/28 67/67/28 62/62/28 
f 68/68/29 69/69/29 66/66/29 65/65/29 
f 65/65/30 70/70/30 71/71/30 68/68/30 
f 64/64/31 72/72/31 70/70/31 65/65/31 
f 73/73/32 74/74/32 75/75/32 76/76/32 
f 73/73/33 77/77/33 78/78/33 74/74/33 
f 73/73/34 76/76/34 79/79/34 77/77/34 
f 80/80/35 81/81/35 82/82/35 83/83/35 
f 83/83/36 82/82/36 84/84/36 85/85/36 
f 86/86/37 83/83/37 85/85/37 87/87/37 
f 88/88/38 89/89/38 90/90/38 91/91/38 
f 88/92/39 92/93/39 93/94/39 89/95/39 
f 88/88/40 91/91/40 94/96/40 92/97/40 
f 95/98/41 96/99/41 97/100/41 98/101/41 
f 97/100/42 99/102/42 100/103/42 98/101/42 
f 100/103/43 101/104/43 102/105/43 98/101/43 
f 103/106/44 104/107/44 105/108/44 106/109/44 
f 103/106/45 106/109/45 107/110/45 108/111/45 
f 108/111/46 109/112/46 104/107/46 103/106/46 
f 110/113/47 111/114/47 112/115/47 113/116/47 
f 114/117/48 115/118/48 116/119/48 110/113/48 
f 113/116/49 117/120/49 114/117/49 110/113/49 
f 118/121/50 119/122/50 120/123/50 121/124/50 
f 121/124/51 122/125/51 123/126/51 118/121/51 
f 124/127/52 125/128/52 122/125/52 121/124/52 
f 120/123/53 126/129/53 127/130/53 121/124/53 
f 121/124/54 127/130/54 128/131/54 124/127/54 
f 129/132/55 130/133/55 131/134/55 132/135/55 
f 133/136/56 134/137/56 130/133/56 129/132/56 
f 129/132/57 135/138/57 136/139/57 133/136/57 
f 137/140/58 138/141/58 139/142/58 140/143/58 
f 140/143/59 139/142/59 141/144/59 142/145/59 
f 140/143/60 143/146/60 144/147/60 137/140/60 
f 145/148/61 146/149/61 147/150/61 148/151/61 
f 149/152/62 150/153/62 146/149/62 145/148/62 
f 145/148/63 148/151/63 151/154/63 152/155/63 
f 145/148/64 153/156/64 154/157/64 149/152/64 
f 155/158/65 156/159/65 157/160/65 158/161/65 
f 47/47/66 46/46/66 155/158/66 158/161/66 
f 158/161/67 159/162/67 160/163/67 47/47/67 
f 158/161/68 157/160/68 161/164/68 162/165/68 
f 162/165/69 163/166/69 159/162/69 158/161/69 
f 164/167/70 165/168/70 166/169/70 167/170/70 
f 168/171/71 169/172/71 165/168/71 164/167/71 
f 170/173/72 171/174/72 168/171/72 164/167/72 
f 167/170/73 172/175/73 173/176/73 164/167/73 
f 173/176/74 174/177/74 170/173/74 164/167/74 
f 175/178/75 176/179/75 177/180/75 178/181/75 
f 175/178/76 179/182/76 176/179/76 
f 175/178/77 180/183/77 181/184/77 179/182/77 
f 178/181/78 182/185/78 183/186/78 175/178/78 
f 184/187/79 185/188/79 186/189/79 187/190/79 
f 187/190/80 188/191/80 189/192/80 184/187/80 
f 190/193/81 191/194/81 192/195/81 184/187/81 
f 184/187/82 189/192/82 193/196/82 190/193/82 
f 192/195/83 194/197/83 185/188/83 184/187/83 
f 195/198/84 196/199/84 197/200/84 198/201/84 
f 199/202/85 200/203/85 196/199/85 195/198/85 
f 195/198/86 198/201/86 201/204/86 
f 195/198/87 202/205/87 203/206/87 199/202/87 
f 201/204/88 204/207/88 202/205/88 195/198/88 
f 205/208/89 206/209/89 207/210/89 208/211/89 
f 208/211/90 209/212/90 210/213/90 205/208/90 
f 211/214/91 212/215/91 209/216/91 208/217/91 
f 208/211/92 207/210/92 213/218/92 214/219/92 
f 214/220/93 215/221/93 211/214/93 208/217/93 
f 216/222/94 217/223/94 218/224/94 219/225/94 
f 220/226/95 216/222/95 219/225/95 221/227/95 
f 216/222/96 220/226/96 222/228/96 217/223/96 
f 223/229/97 224/230/97 225/231/97 226/232/97 
f 226/232/98 227/233/98 228/234/98 223/229/98 
f 229/235/99 230/236/99 231/237/99 226/232/99 
f 226/232/100 225/231/100 232/238/100 229/235/100 
f 231/237/101 233/239/101 227/233/101 226/232/101 
f 234/240/102 235/241/102 236/242/102 
f 234/240/103 237/243/103 238/244/103 235/241/103 
f 237/243/104 234/240/104 239/245/104 240/246/104 
f 234/240/105 241/247/105 239/245/105 
f 234/240/106 236/242/106 242/248/106 241/247/106 
f 236/249/107 243/250/107 244/251/107 242/252/107 
f 243/250/108 245/253/108 246/254/108 244/251/108 
f 247/255/109 248/256/109 245/253/109 243/250/109 
f 243/250/110 236/249/110 249/257/110 247/255/110 
f 250/258/111 251/259/111 247/255/111 249/257/111 
f 252/260/112 253/261/112 250/262/112 249/263/112 
f 252/260/113 254/264/113 255/265/113 253/261/113 
f 256/266/114 257/267/114 250/262/114 253/261/114 
f 253/261/115 255/265/115 258/268/115 256/266/115 
f 259/269/116 260/270/116 256/266/116 258/268/116 
f 218/224/117 217/223/117 260/270/117 259/269/117 
f 260/270/118 261/271/118 257/267/118 256/266/118 
f 217/223/119 262/272/119 261/271/119 260/270/119 
f 262/273/120 263/274/120 264/275/120 261/276/120 
f 265/277/121 266/278/121 263/274/121 262/273/121 
f 262/272/122 217/223/122 222/228/122 265/279/122 
f 267/280/123 268/281/123 266/278/123 265/277/123 
f 265/279/124 222/228/124 269/282/124 267/283/124 
f 270/284/125 271/285/125 267/283/125 269/282/125 
f 272/286/126 273/287/126 270/284/126 269/282/126 
f 269/282/127 222/228/127 220/226/127 272/286/127 
f 274/288/128 275/289/128 273/287/128 272/286/128 
f 272/286/129 220/226/129 276/290/129 274/288/129 
f 277/291/130 278/292/130 274/288/130 276/290/130 
f 276/290/131 279/293/131 280/294/131 277/291/131 
f 220/226/132 221/227/132 279/293/132 276/290/132 
f 281/295/133 282/296/133 277/291/133 280/294/133 
f 283/297/134 284/298/134 285/299/134 286/300/134 
f 287/301/135 288/302/135 285/299/135 284/298/135 
f 289/303/136 290/304/136 288/302/136 287/301/136 
f 291/305/137 101/104/137 290/304/137 289/303/137 
f 292/306/138 102/105/138 101/104/138 291/305/138 
f 292/306/139 293/307/139 102/105/139 
f 293/307/140 294/308/140 295/309/140 102/105/140 
f 294/308/141 296/310/141 297/311/141 295/309/141 
f 296/310/142 298/312/142 299/313/142 297/311/142 
f 298/312/143 84/84/143 82/82/143 299/313/143 
f 81/81/144 300/314/144 299/313/144 82/82/144 
f 300/314/145 81/81/145 301/315/145 302/316/145 
f 300/314/146 303/317/146 297/311/146 299/313/146 
f 302/316/147 304/318/147 303/317/147 300/314/147 
f 304/318/148 302/316/148 305/319/148 306/320/148 
f 304/318/149 307/321/149 308/322/149 303/317/149 
f 306/320/150 309/323/150 307/321/150 304/318/150 
f 309/323/151 306/320/151 310/324/151 311/325/151 
f 309/323/152 312/326/152 95/98/152 307/321/152 
f 311/325/153 313/327/153 312/326/153 309/323/153 
f 313/327/154 311/325/154 314/328/154 315/329/154 
f 315/329/155 316/330/155 317/331/155 313/327/155 
f 318/332/156 319/333/156 316/330/156 315/329/156 
f 319/333/157 318/332/157 320/334/157 321/335/157 
f 319/333/158 62/62/158 67/67/158 316/330/158 
f 321/335/159 63/63/159 62/62/159 319/333/159 
f 322/336/160 323/337/160 321/335/160 320/334/160 
f 323/337/161 322/336/161 324/338/161 325/339/161 
f 323/337/162 326/340/162 63/63/162 321/335/162 
f 325/339/163 327/341/163 326/340/163 323/337/163 
f 327/341/164 325/339/164 328/342/164 329/343/164 
f 327/341/165 330/344/165 331/345/165 326/340/165 
f 329/343/166 332/346/166 330/344/166 327/341/166 
f 332/346/167 329/343/167 333/347/167 334/348/167 
f 335/349/168 336/350/168 330/344/168 332/346/168 
f 334/348/169 337/351/169 335/349/169 332/346/169 
f 334/352/170 338/353/170 339/354/170 337/355/170 
f 340/356/171 341/357/171 335/349/171 337/351/171 
f 337/355/172 339/354/172 342/358/172 340/359/172 
f 339/354/173 343/360/173 344/361/173 342/358/173 
f 345/362/174 346/363/174 340/359/174 342/358/174 
f 342/358/175 344/361/175 347/364/175 345/362/175 
f 344/361/176 348/365/176 349/366/176 347/364/176 
f 350/367/177 351/368/177 345/362/177 347/364/177 
f 347/364/178 349/366/178 352/369/178 350/367/178 
f 349/366/179 353/370/179 354/371/179 352/369/179 
f 355/372/180 356/373/180 350/367/180 352/369/180 
f 352/369/181 354/371/181 357/374/181 355/372/181 
f 357/374/182 354/371/182 358/375/182 359/376/182 
f 360/377/183 361/378/183 355/372/183 357/374/183 
f 357/374/184 359/376/184 362/379/184 360/377/184 
f 362/379/185 359/376/185 363/380/185 364/381/185 
f 365/382/186 366/383/186 360/377/186 362/379/186 
f 364/381/187 367/384/187 365/382/187 362/379/187 
f 364/381/188 368/385/188 369/386/188 367/384/188 
f 370/387/189 371/388/189 365/382/189 367/384/189 
f 367/384/190 369/386/190 372/389/190 370/387/190 
f 369/386/191 373/390/191 374/391/191 372/389/191 
f 375/392/192 376/393/192 370/387/192 372/389/192 
f 372/389/193 374/391/193 377/394/193 375/392/193 
f 374/391/194 378/395/194 379/396/194 377/394/194 
f 380/397/195 381/398/195 375/392/195 377/394/195 
f 377/394/196 379/396/196 382/399/196 380/397/196 
f 379/396/197 383/400/197 384/401/197 382/399/197 
f 385/402/198 386/403/198 380/397/198 382/399/198 
f 382/399/199 384/401/199 387/404/199 385/402/199 
f 384/401/200 388/405/200 389/406/200 387/404/200 
f 390/407/201 391/408/201 385/402/201 387/404/201 
f 387/404/202 389/406/202 392/409/202 390/407/202 
f 389/410/203 393/411/203 394/412/203 392/413/203 
f 395/414/204 396/415/204 390/407/204 392/409/204 
f 392/413/205 394/412/205 397/416/205 395/417/205 
f 394/418/206 398/419/206 399/420/206 397/421/206 
f 400/422/205 401/423/205 395/417/205 397/416/205 
f 397/421/207 399/420/207 402/424/207 400/425/207 
f 400/425/208 402/424/208 403/426/208 404/427/208 
f 404/427/209 403/426/209 405/428/209 406/429/209 
f 407/430/210 408/431/210 409/432/210 410/433/210 
f 411/434/211 412/435/211 408/431/211 407/430/211 
f 413/436/212 414/437/212 415/438/212 416/439/212 
f 417/440/213 418/441/213 415/438/213 414/437/213 
f 419/442/214 393/443/214 420/444/214 421/445/214 
f 398/419/215 394/418/215 393/443/215 419/442/215 
f 421/445/216 420/444/216 422/446/216 423/447/216 
f 420/448/205 388/449/205 424/450/205 422/451/205 
f 393/411/203 389/410/203 388/449/203 420/448/203 
f 425/452/203 426/453/203 422/451/203 424/450/203 
f 424/454/217 383/400/217 427/455/217 425/456/217 
f 388/405/218 384/401/218 383/400/218 424/454/218 
f 428/457/219 429/458/219 425/456/219 427/455/219 
f 427/455/220 378/395/220 430/459/220 428/457/220 
f 383/400/221 379/396/221 378/395/221 427/455/221 
f 431/460/222 432/461/222 428/457/222 430/459/222 
f 373/390/223 433/462/223 431/460/223 430/459/223 
f 430/459/224 378/395/224 374/391/224 373/390/224 
f 434/463/225 435/464/225 431/460/225 433/462/225 
f 368/385/226 436/465/226 434/463/226 433/462/226 
f 433/462/227 373/390/227 369/386/227 368/385/227 
f 436/465/228 437/466/228 438/467/228 434/463/228 
f 363/380/205 439/468/205 437/466/205 436/465/205 
f 368/385/205 364/381/205 363/380/205 436/465/205 
f 439/468/203 440/469/203 441/470/203 437/466/203 
f 358/375/229 442/471/229 440/469/229 439/468/229 
f 439/468/230 363/380/230 359/376/230 358/375/230 
f 442/471/231 443/472/231 444/473/231 440/469/231 
f 353/370/232 445/474/232 443/472/232 442/471/232 
f 358/375/233 354/371/233 353/370/233 442/471/233 
f 445/474/234 157/160/234 156/159/234 443/472/234 
f 445/474/235 348/365/235 161/164/235 157/160/235 
f 353/370/236 349/366/236 348/365/236 445/474/236 
f 443/472/237 156/159/237 446/475/237 444/473/237 
f 446/475/238 447/476/238 448/477/238 449/478/238 
f 156/159/239 155/158/239 447/476/239 446/475/239 
f 449/478/240 450/479/240 444/473/240 446/475/240 
f 450/479/241 449/478/241 451/480/241 452/481/241 
f 450/479/242 441/470/242 440/469/242 444/473/242 
f 452/481/243 453/482/243 441/470/243 450/479/243 
f 453/482/244 452/481/244 454/483/244 455/484/244 
f 453/482/245 438/467/245 437/466/245 441/470/245 
f 455/484/246 456/485/246 438/467/246 453/482/246 
f 456/485/247 455/484/247 457/486/247 458/487/247 
f 456/485/248 435/464/248 434/463/248 438/467/248 
f 458/487/249 459/488/249 435/464/249 456/485/249 
f 459/488/250 458/487/250 460/489/250 461/490/250 
f 432/461/251 431/460/251 435/464/251 459/488/251 
f 461/490/252 462/491/252 432/461/252 459/488/252 
f 461/492/205 415/493/205 418/494/205 462/495/205 
f 429/458/253 428/457/253 432/461/253 462/491/253 
f 462/495/254 418/494/254 463/496/254 429/497/254 
f 418/441/255 417/440/255 464/498/255 463/499/255 
f 426/453/203 425/452/203 429/497/203 463/496/203 
f 463/499/256 464/498/256 465/500/256 426/501/256 
f 426/501/257 465/500/257 423/447/257 422/446/257 
f 416/439/258 466/502/258 467/503/258 413/436/258 
f 460/504/203 468/505/203 466/506/203 416/507/203 
f 416/507/205 415/493/205 461/492/205 460/504/205 
f 468/505/205 469/508/205 470/509/205 466/506/205 
f 457/486/259 471/510/259 469/511/259 468/512/259 
f 468/512/260 460/489/260 458/487/260 457/486/260 
f 471/510/261 472/513/261 473/514/261 469/511/261 
f 454/483/262 474/515/262 472/513/262 471/510/262 
f 471/510/263 457/486/263 455/484/263 454/483/263 
f 474/515/264 475/516/264 476/517/264 472/513/264 
f 474/515/265 451/480/265 477/518/265 475/516/265 
f 474/515/266 454/483/266 452/481/266 451/480/266 
f 478/519/267 479/520/267 475/516/267 477/518/267 
f 448/477/268 480/521/268 478/519/268 477/518/268 
f 477/518/269 451/480/269 449/478/269 448/477/269 
f 480/521/270 481/522/270 482/523/270 478/519/270 
f 483/524/271 484/525/271 481/522/271 480/521/271 
f 480/521/272 448/477/272 447/476/272 483/524/272 
f 483/524/273 46/46/273 44/44/273 484/525/273 
f 447/476/274 155/158/274 46/46/274 483/524/274 
f 485/526/275 486/527/275 481/522/275 484/525/275 
f 484/525/276 44/44/276 487/528/276 485/526/276 
f 485/526/277 488/529/277 489/530/277 486/527/277 
f 485/526/278 487/528/278 490/531/278 488/529/278 
f 490/531/279 491/532/279 492/533/279 488/529/279 
f 490/531/280 493/534/280 494/535/280 491/532/280 
f 487/528/281 495/536/281 493/534/281 490/531/281 
f 493/534/282 496/537/282 497/538/282 494/535/282 
f 495/536/283 498/539/283 496/537/283 493/534/283 
f 496/537/284 499/540/284 500/541/284 497/538/284 
f 498/539/285 501/542/285 499/540/285 496/537/285 
f 501/542/286 498/539/286 43/43/286 502/543/286 
f 503/544/287 45/45/287 504/545/287 505/546/287 
f 506/547/288 507/548/288 508/549/288 509/550/288 
f 506/547/289 510/551/289 507/548/289 
f 506/547/290 504/545/290 511/552/290 510/551/290 
f 160/163/291 512/553/291 513/554/291 510/551/291 
f 510/551/292 511/552/292 47/47/292 160/163/292 
f 512/553/293 197/200/293 514/555/293 513/554/293 
f 515/556/294 198/201/294 197/200/294 512/553/294 
f 512/553/295 160/163/295 159/162/295 515/556/295 
f 515/556/296 516/557/296 201/204/296 198/201/296 
f 159/162/297 163/166/297 516/557/297 515/556/297 
f 517/558/298 518/559/298 201/204/298 516/557/298 
f 516/557/299 163/166/299 519/560/299 517/558/299 
f 520/561/300 521/562/300 517/558/300 519/560/300 
f 519/560/301 522/563/301 338/353/301 520/561/301 
f 163/166/302 162/165/302 522/563/302 519/560/302 
f 343/360/303 339/354/303 338/353/303 522/563/303 
f 522/563/304 162/165/304 161/164/304 343/360/304 
f 333/564/305 523/565/305 521/562/305 520/561/305 
f 520/561/306 338/353/306 334/352/306 333/564/306 
f 523/565/307 524/566/307 525/567/307 521/562/307 
f 328/342/308 526/568/308 524/569/308 523/570/308 
f 523/570/309 333/347/309 329/343/309 328/342/309 
f 526/568/310 328/342/310 325/339/310 324/338/310 
f 324/338/311 527/571/311 528/572/311 526/568/311 
f 322/336/312 529/573/312 527/571/312 324/338/312 
f 529/573/313 530/574/313 531/575/313 527/571/313 
f 532/576/314 533/577/314 530/574/314 529/573/314 
f 529/573/315 322/336/315 320/334/315 532/576/315 
f 534/578/316 535/579/316 533/577/316 532/576/316 
f 532/576/317 320/334/317 318/332/317 534/578/317 
f 314/328/318 536/580/318 535/579/318 534/578/318 
f 534/578/319 318/332/319 315/329/319 314/328/319 
f 536/580/320 537/581/320 538/582/320 535/579/320 
f 310/324/321 539/583/321 537/581/321 536/580/321 
f 536/580/322 314/328/322 311/325/322 310/324/322 
f 539/583/323 540/584/323 541/585/323 537/581/323 
f 305/319/324 542/586/324 540/584/324 539/583/324 
f 539/583/325 310/324/325 306/320/325 305/319/325 
f 542/586/326 305/319/326 302/316/326 301/315/326 
f 301/315/327 543/587/327 544/588/327 542/586/327 
f 81/81/328 80/80/328 543/587/328 301/315/328 
f 543/587/329 545/589/329 546/590/329 544/588/329 
f 80/80/330 547/591/330 545/589/330 543/587/330 
f 547/591/331 80/80/331 83/83/331 548/592/331 
f 548/592/332 83/83/332 86/86/332 
f 549/593/333 550/594/333 551/595/333 552/596/333 
f 553/597/334 554/598/334 555/599/334 
f 554/598/335 556/600/335 557/601/335 555/599/335 
f 556/600/336 554/598/336 551/595/336 558/602/336 
f 559/603/337 560/604/337 561/605/337 553/597/337 
f 559/603/338 241/247/338 562/606/338 560/604/338 
f 241/247/339 242/248/339 563/607/339 562/606/339 
f 242/252/340 244/251/340 564/608/340 563/609/340 
f 244/251/341 246/254/341 565/610/341 564/608/341 
f 246/254/342 566/611/342 567/612/342 565/610/342 
f 568/613/343 569/614/343 570/615/343 566/611/343 
f 566/611/344 246/254/344 245/253/344 568/613/344 
f 571/616/345 572/617/345 569/614/345 568/613/345 
f 568/613/346 245/253/346 248/256/346 571/616/346 
f 573/618/347 574/619/347 572/617/347 571/616/347 
f 571/616/348 248/256/348 575/620/348 573/618/348 
f 248/256/349 247/255/349 251/259/349 575/620/349 
f 576/621/350 577/622/350 573/618/350 575/620/350 
f 575/620/351 251/259/351 578/623/351 576/621/351 
f 251/259/352 250/258/352 257/624/352 578/623/352 
f 264/275/353 579/625/353 576/621/353 578/623/353 
f 578/623/354 257/624/354 261/276/354 264/275/354 
f 579/625/355 580/626/355 577/622/355 576/621/355 
f 581/627/356 582/628/356 580/626/356 579/625/356 
f 579/625/357 264/275/357 263/274/357 581/627/357 
f 583/629/358 584/630/358 582/628/358 581/627/358 
f 581/627/359 263/274/359 266/278/359 583/629/359 
f 585/631/360 586/632/360 584/630/360 583/629/360 
f 583/629/361 266/278/361 268/281/361 585/631/361 
f 585/631/362 587/633/362 588/634/362 586/632/362 
f 268/281/363 589/635/363 587/633/363 585/631/363 
f 589/635/364 590/636/364 591/637/364 587/633/364 
f 271/638/365 592/639/365 590/636/365 589/635/365 
f 589/635/366 268/281/366 267/280/366 271/638/366 
f 592/639/367 593/640/367 594/641/367 590/636/367 
f 595/642/368 596/643/368 593/644/368 592/645/368 
f 592/645/369 271/285/369 270/284/369 595/642/369 
f 597/646/370 598/647/370 596/643/370 595/642/370 
f 595/642/371 270/284/371 273/287/371 597/646/371 
f 599/648/372 600/649/372 598/647/372 597/646/372 
f 597/646/373 273/287/373 275/289/373 599/648/373 
f 601/650/374 602/651/374 600/649/374 599/648/374 
f 599/648/375 275/289/375 603/652/375 601/650/375 
f 604/653/376 605/654/376 601/650/376 603/652/376 
f 603/652/377 278/292/377 606/655/377 604/653/377 
f 275/289/378 274/288/378 278/292/378 603/652/378 
f 607/656/379 233/239/379 604/653/379 606/655/379 
f 606/655/380 286/300/380 285/299/380 607/656/380 
f 606/655/381 278/292/381 282/296/381 286/300/381 
f 608/657/382 227/233/382 233/239/382 607/656/382 
f 607/656/383 285/299/383 288/302/383 608/657/383 
f 608/657/384 288/302/384 290/304/384 609/658/384 
f 609/658/385 228/234/385 227/233/385 608/657/385 
f 609/658/386 290/304/386 101/104/386 100/103/386 
f 100/103/387 99/102/387 228/234/387 609/658/387 
f 233/239/388 231/237/388 605/654/388 604/653/388 
f 605/654/389 610/659/389 602/651/389 601/650/389 
f 231/237/390 230/236/390 610/659/390 605/654/390 
f 610/659/391 611/660/391 612/661/391 602/651/391 
f 230/236/392 613/662/392 611/660/392 610/659/392 
f 613/662/393 614/663/393 615/664/393 611/660/393 
f 616/665/394 617/666/394 614/663/394 613/662/394 
f 230/236/395 229/235/395 616/665/395 613/662/395 
f 618/667/396 619/668/396 617/666/396 616/665/396 
f 229/235/397 232/238/397 618/667/397 616/665/397 
f 620/669/398 93/94/398 619/668/398 618/667/398 
f 232/238/399 621/670/399 620/669/399 618/667/399 
f 621/670/400 232/238/400 225/231/400 622/671/400 
f 621/670/401 623/672/401 624/673/401 620/669/401 
f 622/671/402 625/674/402 623/672/402 621/670/402 
f 625/674/403 622/671/403 626/675/403 627/676/403 
f 625/677/404 628/678/404 629/679/404 623/680/404 
f 627/681/405 630/682/405 628/678/405 625/677/405 
f 627/681/406 631/683/406 632/684/406 630/682/406 
f 630/682/407 633/685/407 634/686/407 628/678/407 
f 632/684/408 635/687/408 633/685/408 630/682/408 
f 632/684/409 636/688/409 637/689/409 635/687/409 
f 638/690/410 639/691/410 633/685/410 635/687/410 
f 637/689/411 640/692/411 638/690/411 635/687/411 
f 640/692/412 637/689/412 641/693/412 642/694/412 
f 643/695/413 644/696/413 645/697/413 641/693/413 
f 641/693/414 637/689/414 636/688/414 643/695/414 
f 645/697/415 646/698/415 642/694/415 641/693/415 
f 645/697/416 647/699/416 648/700/416 646/698/416 
f 649/701/417 650/702/417 651/703/417 647/699/417 
f 647/699/418 645/697/418 644/696/418 649/701/418 
f 647/699/419 651/703/419 652/704/419 648/700/419 
f 651/703/420 653/705/420 654/706/420 652/704/420 
f 655/707/421 656/708/421 657/709/421 653/705/421 
f 653/705/422 651/703/422 650/702/422 655/707/422 
f 653/705/423 657/709/423 658/710/423 654/706/423 
f 657/709/424 659/711/424 660/712/424 658/710/424 
f 659/711/425 661/713/425 662/714/425 663/715/425 
f 659/711/426 657/709/426 656/708/426 661/713/426 
f 659/711/427 663/715/427 664/716/427 660/712/427 
f 663/715/428 665/717/428 666/718/428 664/716/428 
f 665/717/429 667/719/429 668/720/429 669/721/429 
f 663/715/430 662/714/430 667/719/430 665/717/430 
f 669/721/431 670/722/431 666/718/431 665/717/431 
f 670/722/432 669/721/432 671/723/432 672/724/432 
f 671/723/433 213/218/433 207/210/433 673/725/433 
f 669/721/434 668/720/434 213/218/434 671/723/434 
f 671/723/435 673/725/435 674/726/435 672/724/435 
f 674/726/436 673/725/436 675/727/436 676/728/436 
f 673/725/437 207/210/437 206/209/437 675/727/437 
f 677/729/438 678/730/438 676/728/438 675/727/438 
f 675/727/439 206/209/439 679/731/439 677/729/439 
f 206/209/440 205/208/440 680/732/440 679/731/440 
f 681/733/441 682/734/441 677/729/441 679/731/441 
f 679/731/442 680/732/442 683/735/442 681/733/442 
f 680/732/443 684/736/443 685/737/443 683/735/443 
f 686/738/444 687/739/444 681/733/444 683/735/444 
f 683/735/445 685/737/445 688/740/445 686/738/445 
f 685/737/446 689/741/446 690/742/446 688/740/446 
f 691/743/447 692/744/447 686/738/447 688/740/447 
f 688/740/448 690/742/448 693/745/448 691/743/448 
f 690/742/449 694/746/449 695/747/449 693/745/449 
f 696/748/450 697/749/450 691/743/450 693/745/450 
f 693/745/451 695/747/451 698/750/451 696/748/451 
f 695/751/452 699/752/452 700/753/452 698/754/452 
f 701/755/453 702/756/453 696/748/453 698/750/453 
f 698/754/454 700/753/454 703/757/454 701/758/454 
f 700/753/455 704/759/455 705/760/455 703/757/455 
f 706/761/456 707/762/456 701/758/456 703/757/456 
f 703/757/457 705/760/457 708/763/457 706/761/457 
f 708/763/458 705/760/458 709/764/458 710/765/458 
f 711/766/459 712/767/459 706/761/459 708/763/459 
f 710/765/460 713/768/460 711/766/460 708/763/460 
f 713/768/461 710/765/461 714/769/461 715/770/461 
f 713/768/462 716/771/462 717/772/462 711/766/462 
f 715/770/463 718/773/463 716/771/463 713/768/463 
f 718/773/464 715/770/464 719/774/464 720/775/464 
f 718/773/465 721/776/465 722/777/465 716/771/465 
f 720/775/466 723/778/466 721/776/466 718/773/466 
f 720/775/467 724/779/467 725/780/467 723/778/467 
f 723/778/468 726/781/468 727/782/468 721/776/468 
f 723/778/469 725/780/469 728/783/469 726/781/469 
f 725/780/470 729/784/470 730/785/470 728/783/470 
f 731/786/471 732/787/471 726/781/471 728/783/471 
f 728/783/472 730/785/472 733/788/472 731/786/472 
f 730/785/473 734/789/473 735/790/473 733/788/473 
f 736/791/48 737/792/48 731/786/48 733/788/48 
f 733/788/474 735/790/474 738/793/474 736/791/474 
f 735/790/475 739/794/475 740/795/475 738/793/475 
f 741/796/476 742/797/476 736/791/476 738/793/476 
f 738/793/477 740/795/477 743/798/477 741/796/477 
f 740/795/478 744/799/478 745/800/478 743/798/478 
f 746/801/205 747/802/205 741/796/205 743/798/205 
f 743/798/479 745/800/479 748/803/479 746/801/479 
f 745/800/480 749/804/480 750/805/480 748/803/480 
f 751/806/481 752/807/481 746/801/481 748/803/481 
f 748/803/482 750/805/482 753/808/482 751/806/482 
f 750/809/205 408/810/205 412/811/205 753/812/205 
f 754/813/483 755/814/483 751/806/483 753/808/483 
f 412/811/205 756/815/205 754/816/205 753/812/205 
f 412/435/484 411/434/484 757/817/484 756/818/484 
f 758/819/205 759/820/205 754/816/205 756/815/205 
f 760/821/485 758/822/485 756/818/485 757/817/485 
f 760/821/486 757/817/486 761/823/486 
f 762/824/487 758/822/487 760/821/487 761/823/487 
f 762/824/488 761/823/488 763/825/488 
f 764/826/489 762/824/489 763/825/489 765/827/489 
f 766/828/490 764/826/490 765/827/490 767/829/490 
f 768/830/491 766/828/491 767/829/491 769/831/491 
f 770/832/492 768/830/492 769/831/492 771/833/492 
f 772/834/493 770/832/493 771/833/493 773/835/493 
f 774/836/494 772/834/494 773/835/494 775/837/494 
f 776/838/495 774/836/495 775/837/495 777/839/495 
f 778/840/496 776/838/496 777/839/496 779/841/496 
f 780/842/497 778/840/497 779/841/497 781/843/497 
f 782/844/498 780/842/498 781/843/498 783/845/498 
f 784/846/499 782/844/499 783/845/499 785/847/499 
f 786/848/500 784/846/500 785/847/500 787/849/500 
f 786/848/501 787/849/501 788/850/501 789/851/501 
f 789/851/502 788/850/502 790/852/502 791/853/502 
f 791/853/503 790/852/503 792/854/503 793/855/503 
f 794/856/504 793/855/504 792/854/504 795/857/504 
f 796/858/505 794/856/505 795/857/505 797/859/505 
f 470/860/506 796/858/506 797/859/506 798/861/506 
f 466/502/507 470/860/507 798/861/507 467/503/507 
f 473/862/508 799/863/508 794/864/508 796/865/508 
f 796/865/509 470/509/509 469/508/509 473/862/509 
f 799/863/205 800/866/205 793/867/205 794/864/205 
f 476/517/510 801/868/510 800/869/510 799/870/510 
f 799/870/511 473/514/511 472/513/511 476/517/511 
f 801/868/512 802/871/512 803/872/512 800/869/512 
f 479/520/513 804/873/513 802/871/513 801/868/513 
f 801/868/514 476/517/514 475/516/514 479/520/514 
f 804/873/515 805/874/515 806/875/515 802/871/515 
f 804/873/516 482/523/516 807/876/516 805/874/516 
f 479/520/517 478/519/517 482/523/517 804/873/517 
f 808/877/518 809/878/518 805/874/518 807/876/518 
f 486/527/519 489/530/519 808/877/519 807/876/519 
f 807/876/520 482/523/520 481/522/520 486/527/520 
f 808/877/521 810/879/521 811/880/521 809/878/521 
f 489/530/522 812/881/522 810/879/522 808/877/522 
f 813/882/523 814/883/523 810/879/523 812/881/523 
f 492/533/524 815/884/524 813/882/524 812/881/524 
f 812/881/525 489/530/525 488/529/525 492/533/525 
f 815/884/526 2/2/526 816/885/526 813/882/526 
f 817/886/527 3/3/527 2/2/527 815/884/527 
f 815/884/528 492/533/528 491/532/528 817/886/528 
f 817/886/529 818/887/529 11/11/529 3/3/529 
f 491/532/530 494/535/530 818/887/530 817/886/530 
f 818/887/531 36/36/531 35/35/531 11/11/531 
f 494/535/532 497/538/532 36/36/532 818/887/532 
f 816/885/533 819/888/533 820/889/533 821/890/533 
f 2/2/534 1/1/534 819/888/534 816/885/534 
f 816/885/535 821/890/535 814/883/535 813/882/535 
f 819/888/536 822/891/536 823/892/536 820/889/536 
f 1/1/537 6/6/537 822/891/537 819/888/537 
f 822/891/538 824/893/538 825/894/538 823/892/538 
f 6/6/539 826/895/539 824/893/539 822/891/539 
f 826/895/540 827/896/540 828/897/540 824/893/540 
f 829/898/541 830/899/541 827/896/541 826/895/541 
f 826/895/542 6/6/542 5/5/542 829/898/542 
f 831/900/543 832/901/543 830/899/543 829/898/543 
f 829/898/544 5/5/544 10/10/544 831/900/544 
f 833/902/205 834/903/205 832/901/205 831/900/205 
f 831/900/545 10/10/545 835/904/545 833/902/545 
f 836/905/203 837/906/203 833/902/203 835/904/203 
f 835/904/203 838/907/203 839/908/203 836/905/203 
f 10/10/546 9/9/546 838/907/546 835/904/546 
f 840/909/547 841/910/547 839/908/547 838/907/547 
f 9/9/548 8/8/548 840/909/548 838/907/548 
f 842/911/205 843/912/205 841/910/205 840/909/205 
f 8/8/549 844/913/549 842/911/549 840/909/549 
f 844/913/550 845/914/550 846/915/550 842/911/550 
f 39/39/551 38/38/551 845/914/551 844/913/551 
f 844/913/552 8/8/552 7/7/552 39/39/552 
f 847/916/553 848/917/553 846/915/553 845/914/553 
f 38/38/554 41/41/554 847/916/554 845/914/554 
f 849/918/555 850/919/555 848/917/555 847/916/555 
f 847/916/556 41/41/556 851/920/556 849/918/556 
f 852/921/557 119/122/557 849/918/557 851/920/557 
f 851/920/558 853/922/558 854/923/558 852/921/558 
f 41/41/559 40/40/559 853/922/559 851/920/559 
f 855/924/560 856/925/560 857/926/560 858/927/560 
f 859/928/561 860/929/561 856/925/561 855/924/561 
f 861/930/562 862/931/562 863/932/562 864/933/562 
f 865/934/563 866/935/563 862/931/563 861/930/563 
f 867/936/564 126/129/564 862/931/564 866/935/564 
f 866/935/565 868/937/565 869/938/565 867/936/565 
f 865/934/566 870/939/566 868/937/566 866/935/566 
f 868/937/567 871/940/567 872/941/567 869/938/567 
f 870/939/568 873/942/568 871/940/568 868/937/568 
f 874/943/569 875/944/569 872/941/569 871/940/569 
f 873/942/570 876/945/570 874/943/570 871/940/570 
f 875/944/571 874/943/571 877/946/571 878/947/571 
f 874/943/572 876/945/572 879/948/572 877/946/572 
f 880/949/573 857/926/573 881/950/573 882/951/573 
f 880/949/574 883/952/574 858/927/574 857/926/574 
f 196/199/575 200/203/575 882/951/575 881/950/575 
f 881/950/576 884/953/576 197/200/576 196/199/576 
f 881/950/577 857/926/577 856/925/577 884/953/577 
f 882/951/578 200/203/578 878/947/578 
f 885/954/579 886/955/579 887/956/579 888/957/579 
f 888/957/580 200/203/580 199/202/580 885/954/580 
f 888/957/581 887/956/581 872/941/581 875/944/581 
f 885/954/582 25/25/582 24/24/582 886/955/582 
f 885/954/583 199/202/583 203/206/583 25/25/583 
f 24/24/584 889/958/584 890/959/584 886/955/584 
f 886/955/585 890/959/585 891/960/585 887/956/585 
f 890/959/586 892/961/586 893/962/586 891/960/586 
f 869/938/587 872/941/587 887/956/587 891/960/587 
f 891/960/588 893/962/588 867/936/588 869/938/588 
f 892/961/589 890/959/589 889/958/589 894/963/589 
f 892/961/590 128/131/590 127/130/590 893/962/590 
f 894/963/591 895/964/591 128/131/591 892/961/591 
f 895/964/592 894/963/592 896/965/592 152/155/592 
f 895/964/593 897/966/593 124/127/593 128/131/593 
f 152/155/594 151/154/594 897/966/594 895/964/594 
f 897/966/595 898/967/595 125/128/595 124/127/595 
f 151/154/596 899/968/596 898/967/596 897/966/596 
f 900/969/597 848/917/597 850/919/597 901/970/597 
f 902/971/598 846/915/598 848/917/598 900/969/598 
f 903/972/599 904/973/599 905/974/599 906/975/599 
f 907/976/600 908/977/600 905/974/600 904/973/600 
f 909/978/601 169/172/601 906/975/601 905/974/601 
f 905/974/602 908/977/602 146/149/602 909/978/602 
f 910/979/603 165/168/603 169/172/603 909/978/603 
f 909/978/604 146/149/604 150/153/604 910/979/604 
f 911/980/605 166/169/605 165/168/605 910/979/605 
f 910/979/606 150/153/606 588/634/606 911/980/606 
f 591/637/607 912/981/607 166/169/607 911/980/607 
f 911/980/608 588/634/608 587/633/608 591/637/608 
f 912/981/609 913/982/609 167/170/609 166/169/609 
f 594/641/610 914/983/610 913/982/610 912/981/610 
f 912/981/611 591/637/611 590/636/611 594/641/611 
f 914/983/612 915/984/612 916/985/612 913/982/612 
f 917/986/613 918/987/613 915/984/613 914/983/613 
f 914/983/614 594/641/614 593/640/614 917/986/614 
f 919/988/615 920/989/615 918/990/615 917/991/615 
f 917/991/616 593/644/616 596/643/616 919/988/616 
f 921/992/617 922/993/617 920/989/617 919/988/617 
f 919/988/618 596/643/618 598/647/618 921/992/618 
f 923/994/619 924/995/619 922/993/619 921/992/619 
f 921/992/620 598/647/620 600/649/620 923/994/620 
f 612/661/621 925/996/621 924/995/621 923/994/621 
f 923/994/622 600/649/622 602/651/622 612/661/622 
f 925/996/623 926/997/623 927/998/623 924/995/623 
f 615/664/624 928/999/624 926/997/624 925/996/624 
f 925/996/625 612/661/625 611/660/625 615/664/625 
f 928/1000/626 139/142/626 138/141/626 926/1001/626 
f 929/1002/627 141/144/627 139/142/627 928/1000/627 
f 928/999/628 615/664/628 614/663/628 929/1003/628 
f 930/1004/629 931/1005/629 141/144/629 929/1002/629 
f 929/1003/630 614/663/630 617/666/630 930/1006/630 
f 932/1007/631 933/1008/631 931/1005/631 930/1004/631 
f 930/1006/632 617/666/632 619/668/632 932/1009/632 
f 92/97/633 94/96/633 933/1008/633 932/1007/633 
f 932/1009/634 619/668/634 93/94/634 92/93/634 
f 933/1008/635 934/1010/635 935/1011/635 931/1005/635 
f 94/96/636 936/1012/636 934/1010/636 933/1008/636 
f 936/1012/637 937/1013/637 938/1014/637 934/1010/637 
f 936/1012/638 939/1015/638 940/1016/638 937/1013/638 
f 936/1012/639 94/96/639 91/91/639 939/1015/639 
f 91/91/640 90/90/640 941/1017/640 939/1015/640 
f 941/1017/641 942/1018/641 940/1016/641 939/1015/641 
f 941/1017/642 943/1019/642 944/1020/642 942/1018/642 
f 943/1019/643 945/1021/643 629/679/643 946/1022/643 
f 943/1019/644 941/1017/644 90/90/644 945/1021/644 
f 943/1019/645 946/1022/645 947/1023/645 944/1020/645 
f 947/1023/646 946/1022/646 634/686/646 948/1024/646 
f 948/1024/647 634/686/647 633/685/647 639/691/647 
f 945/1021/648 624/1025/648 623/680/648 629/679/648 
f 945/1021/649 90/90/649 89/89/649 624/1025/649 
f 946/1022/650 629/679/650 628/678/650 634/686/650 
f 949/1026/651 935/1011/651 934/1010/651 938/1014/651 
f 950/1027/652 142/145/652 935/1011/652 949/1026/652 
f 951/1028/653 140/143/653 142/145/653 950/1027/653 
f 952/1029/654 143/146/654 140/143/654 951/1028/654 
f 953/1030/655 954/1031/655 143/146/655 952/1029/655 
f 955/1032/656 956/1033/656 954/1031/656 953/1030/656 
f 957/1034/657 958/1035/657 956/1033/657 955/1032/657 
f 959/1036/658 960/1037/658 958/1035/658 957/1034/658 
f 959/1036/659 961/1038/659 962/1039/659 960/1037/659 
f 961/1038/660 963/1040/660 964/1041/660 962/1039/660 
f 963/1040/661 965/1042/661 966/1043/661 964/1041/661 
f 967/1044/662 968/1045/662 966/1043/662 965/1042/662 
f 969/1046/663 970/1047/663 968/1045/663 967/1044/663 
f 969/1046/664 971/1048/664 972/1049/664 970/1047/664 
f 971/1048/665 973/1050/665 974/1051/665 972/1049/665 
f 975/1052/666 976/1053/666 974/1051/666 973/1050/666 
f 977/1054/667 978/1055/667 976/1053/667 975/1052/667 
f 979/1056/668 980/1057/668 978/1055/668 977/1054/668 
f 981/1058/669 982/1059/669 980/1057/669 979/1056/669 
f 983/1060/670 984/1061/670 982/1059/670 981/1058/670 
f 985/1062/671 986/1063/671 984/1061/671 983/1060/671 
f 987/1064/672 682/734/672 986/1063/672 985/1062/672 
f 987/1064/673 678/730/673 677/729/673 682/734/673 
f 682/734/674 681/733/674 687/739/674 986/1063/674 
f 986/1063/675 687/739/675 988/1065/675 984/1061/675 
f 687/739/676 686/738/676 692/744/676 988/1065/676 
f 989/1066/677 982/1059/677 984/1061/677 988/1065/677 
f 988/1065/678 692/744/678 990/1067/678 989/1066/678 
f 692/744/679 691/743/679 697/749/679 990/1067/679 
f 991/1068/680 992/1069/680 989/1066/680 990/1067/680 
f 990/1067/681 697/749/681 993/1070/681 991/1068/681 
f 697/749/682 696/748/682 702/756/682 993/1070/682 
f 994/1071/683 995/1072/683 991/1068/683 993/1070/683 
f 993/1070/684 702/756/684 996/1073/684 994/1071/684 
f 702/756/685 701/755/685 707/1074/685 996/1073/685 
f 997/1075/686 998/1076/686 994/1071/686 996/1073/686 
f 996/1073/687 707/1074/687 999/1077/687 997/1075/687 
f 707/762/688 706/761/688 712/767/688 999/1078/688 
f 1000/1079/689 1001/1080/689 997/1075/689 999/1077/689 
f 712/767/690 1002/1081/690 1000/1082/690 999/1078/690 
f 1002/1081/691 712/767/691 711/766/691 717/772/691 
f 1002/1081/692 1003/1083/692 1004/1084/692 1000/1082/692 
f 717/772/693 1005/1085/693 1003/1083/693 1002/1081/693 
f 1005/1085/694 717/772/694 716/771/694 722/777/694 
f 1005/1085/695 1006/1086/695 1007/1087/695 1003/1083/695 
f 722/777/696 1008/1088/696 1006/1086/696 1005/1085/696 
f 1008/1088/697 722/777/697 721/776/697 727/782/697 
f 1008/1088/698 1009/1089/698 1010/1090/698 1006/1086/698 
f 727/782/699 1011/1091/699 1009/1089/699 1008/1088/699 
f 1011/1091/700 727/782/700 726/781/700 732/787/700 
f 1011/1091/701 1012/1092/701 1013/1093/701 1009/1089/701 
f 732/787/702 1014/1094/702 1012/1092/702 1011/1091/702 
f 732/787/703 731/786/703 737/792/703 1014/1094/703 
f 1014/1094/704 1015/1095/704 1016/1096/704 1012/1092/704 
f 1014/1094/705 737/792/705 1017/1097/705 1015/1095/705 
f 737/792/706 736/791/706 742/797/706 1017/1097/706 
f 1017/1097/707 1018/1098/707 186/189/707 1015/1095/707 
f 742/797/708 1019/1099/708 1018/1098/708 1017/1097/708 
f 1019/1099/709 742/797/709 741/796/709 747/802/709 
f 1019/1099/710 180/183/710 1020/1100/710 1018/1098/710 
f 747/802/711 181/184/711 180/183/711 1019/1099/711 
f 187/190/712 186/189/712 1018/1098/712 1020/1100/712 
f 1020/1100/713 183/186/713 188/191/713 187/190/713 
f 180/183/714 175/178/714 183/186/714 1020/1100/714 
f 1015/1095/715 186/189/715 185/188/715 1016/1096/715 
f 1021/1101/716 1013/1093/716 1012/1092/716 1016/1096/716 
f 1016/1096/717 185/188/717 194/197/717 1021/1101/717 
f 1022/1102/718 1023/1103/718 1013/1093/718 1021/1101/718 
f 1021/1101/719 194/197/719 1024/1104/719 1022/1102/719 
f 1025/1105/720 1026/1106/720 1022/1102/720 1024/1104/720 
f 1024/1104/721 1027/1107/721 1028/1108/721 1025/1105/721 
f 194/197/722 192/195/722 1027/1107/722 1024/1104/722 
f 1027/1107/723 1029/1109/723 1030/1110/723 1028/1108/723 
f 1027/1107/724 192/195/724 191/194/724 1029/1109/724 
f 1031/1111/725 1032/1112/725 1030/1110/725 1029/1109/725 
f 1029/1109/726 191/194/726 1033/1113/726 1031/1111/726 
f 191/194/727 190/193/727 1034/1114/727 1033/1113/727 
f 1035/1115/728 1036/1116/728 1031/1111/728 1033/1113/728 
f 1033/1113/729 1034/1114/729 1037/1117/729 1035/1115/729 
f 1034/1114/730 1038/1118/730 1039/1119/730 1037/1117/730 
f 1040/1120/731 1041/1121/731 1035/1115/731 1037/1117/731 
f 1039/1119/732 1042/1122/732 1040/1120/732 1037/1117/732 
f 1042/1122/733 1039/1119/733 1043/1123/733 1044/1124/733 
f 1042/1122/734 1045/1125/734 1046/1126/734 1040/1120/734 
f 1044/1124/735 1047/1127/735 1045/1125/735 1042/1122/735 
f 1047/1127/736 1048/1128/736 1049/1129/736 1045/1125/736 
f 1048/1128/737 1047/1127/737 1050/1130/737 1051/1131/737 
f 1048/1128/738 1051/1131/738 1052/1132/738 1053/1133/738 
f 1054/1134/739 1055/1135/739 1053/1133/739 1052/1132/739 
f 1044/1124/740 1043/1123/740 1056/1136/740 1057/1137/740 
f 1057/1137/741 1050/1130/741 1047/1127/741 1044/1124/741 
f 1058/1138/742 1059/1139/742 1056/1136/742 1043/1123/742 
f 1058/1138/743 1038/1118/743 193/196/743 1060/1140/743 
f 1058/1138/744 1043/1123/744 1039/1119/744 1038/1118/744 
f 1060/1140/745 193/196/745 189/192/745 1061/1141/745 
f 1061/1141/746 189/192/746 188/191/746 1062/1142/746 
f 1062/1142/747 1063/1143/747 1064/1144/747 
f 1062/1142/748 182/185/748 1065/1145/748 1063/1143/748 
f 1066/1146/749 182/185/749 178/181/749 1067/1147/749 
f 177/180/750 1068/1148/750 1069/1149/750 1070/1150/750 
f 1068/1148/751 1071/1151/751 1072/1152/751 1069/1149/751 
f 1071/1151/752 18/18/752 1073/1153/752 1072/1152/752 
f 18/18/753 12/12/753 1074/1154/753 1073/1153/753 
f 12/12/754 15/15/754 1075/1155/754 1074/1154/754 
f 15/15/755 111/114/755 1076/1156/755 1075/1155/755 
f 111/114/756 110/113/756 1077/1157/756 1076/1156/756 
f 1077/1157/757 110/113/757 116/119/757 1078/1158/757 
f 1078/1158/758 116/119/758 1079/1159/758 1080/1160/758 
f 131/134/759 1081/1161/759 1080/1160/759 1079/1159/759 
f 1079/1159/760 1082/1162/760 132/135/760 131/134/760 
f 116/119/761 115/118/761 1082/1162/761 1079/1159/761 
f 130/133/762 1083/1163/762 1081/1161/762 131/134/762 
f 134/137/763 1084/1164/763 1083/1163/763 130/133/763 
f 1085/1165/764 1086/1166/764 1084/1164/764 134/137/764 
f 1085/1165/765 171/174/765 170/173/765 1087/1167/765 
f 134/137/766 133/136/766 171/174/766 1085/1165/766 
f 1087/1167/767 170/173/767 174/177/767 1055/1135/767 
f 174/177/768 1088/1168/768 1053/1133/768 1055/1135/768 
f 1088/1168/769 1049/1129/769 1048/1128/769 1053/1133/769 
f 1089/1169/770 1090/1170/770 1049/1129/770 1088/1168/770 
f 1088/1168/771 174/177/771 173/176/771 1089/1169/771 
f 1091/1171/772 1092/1172/772 1090/1170/772 1089/1169/772 
f 1089/1169/773 173/176/773 172/175/773 1091/1171/773 
f 1093/1173/774 1094/1174/774 1092/1172/774 1091/1171/774 
f 1091/1171/775 172/175/775 916/985/775 1093/1173/775 
f 1095/1175/776 1096/1176/776 1094/1174/776 1093/1173/776 
f 1093/1173/777 916/985/777 915/984/777 1095/1175/777 
f 1097/1177/778 1098/1178/778 1096/1176/778 1095/1175/778 
f 1095/1175/779 915/984/779 918/987/779 1097/1177/779 
f 1099/1179/780 1100/1180/780 1098/1181/780 1097/1182/780 
f 1097/1183/781 918/990/781 920/989/781 1099/1184/781 
f 1101/1185/782 1102/1186/782 1100/1180/782 1099/1179/782 
f 1099/1184/783 920/989/783 922/993/783 1101/1187/783 
f 927/1188/784 1103/1189/784 1102/1186/784 1101/1185/784 
f 1101/1187/785 922/993/785 924/995/785 927/998/785 
f 1103/1189/786 1104/1190/786 1105/1191/786 1102/1186/786 
f 138/141/787 137/140/787 1104/1190/787 1103/1189/787 
f 1103/1189/788 927/1188/788 926/1001/788 138/141/788 
f 1104/1190/789 1106/1192/789 1107/1193/789 1105/1191/789 
f 137/140/790 144/147/790 1106/1192/790 1104/1190/790 
f 1106/1192/791 1108/1194/791 1109/1195/791 1107/1193/791 
f 144/147/792 1110/1196/792 1108/1194/792 1106/1192/792 
f 1110/1196/793 1111/1197/793 1112/1198/793 1108/1194/793 
f 954/1031/794 956/1033/794 1111/1197/794 1110/1196/794 
f 1110/1196/795 144/147/795 143/146/795 954/1031/795 
f 1111/1197/796 1113/1199/796 1114/1200/796 1112/1198/796 
f 956/1033/797 958/1035/797 1113/1199/797 1111/1197/797 
f 1113/1199/798 1115/1201/798 1116/1202/798 1114/1200/798 
f 958/1035/799 960/1037/799 1115/1201/799 1113/1199/799 
f 1115/1201/800 1117/1203/800 1118/1204/800 1116/1202/800 
f 960/1037/801 962/1039/801 1117/1203/801 1115/1201/801 
f 1117/1203/802 1119/1205/802 1120/1206/802 1118/1204/802 
f 962/1039/803 964/1041/803 1119/1205/803 1117/1203/803 
f 1119/1205/804 1121/1207/804 1122/1208/804 1120/1206/804 
f 964/1041/805 966/1043/805 1121/1207/805 1119/1205/805 
f 1121/1207/806 1123/1209/806 1124/1210/806 1122/1208/806 
f 966/1043/807 968/1045/807 1123/1209/807 1121/1207/807 
f 1123/1209/808 1125/1211/808 1126/1212/808 1124/1210/808 
f 968/1045/809 970/1047/809 1125/1211/809 1123/1209/809 
f 1127/1213/810 1128/1214/810 1126/1212/810 1125/1211/810 
f 970/1047/811 972/1049/811 1127/1213/811 1125/1211/811 
f 1129/1215/812 1130/1216/812 1128/1214/812 1127/1213/812 
f 972/1049/813 974/1051/813 1129/1215/813 1127/1213/813 
f 1131/1217/814 1132/1218/814 1130/1216/814 1129/1215/814 
f 974/1051/815 976/1053/815 1131/1217/815 1129/1215/815 
f 1133/1219/816 995/1072/816 1132/1218/816 1131/1217/816 
f 1131/1217/817 976/1053/817 978/1055/817 1133/1219/817 
f 992/1069/818 991/1068/818 995/1072/818 1133/1219/818 
f 978/1055/819 980/1057/819 992/1069/819 1133/1219/819 
f 995/1072/820 994/1071/820 998/1076/820 1132/1218/820 
f 998/1076/821 1134/1220/821 1130/1216/821 1132/1218/821 
f 998/1076/822 997/1075/822 1001/1080/822 1134/1220/822 
f 1135/1221/823 1128/1214/823 1130/1216/823 1134/1220/823 
f 1001/1080/824 1136/1222/824 1135/1221/824 1134/1220/824 
f 1001/1080/825 1000/1079/825 1004/1223/825 1136/1222/825 
f 1136/1222/826 1137/1224/826 1138/1225/826 1135/1221/826 
f 1004/1223/827 1139/1226/827 1137/1224/827 1136/1222/827 
f 1139/1227/828 1004/1084/828 1003/1083/828 1007/1087/828 
f 1139/1226/829 1140/1228/829 1141/1229/829 1137/1224/829 
f 1007/1087/830 1142/1230/830 1140/1231/830 1139/1227/830 
f 1142/1230/831 1007/1087/831 1006/1086/831 1010/1090/831 
f 1142/1230/832 1143/1232/832 1144/1233/832 1140/1231/832 
f 1010/1090/833 1023/1103/833 1143/1232/833 1142/1230/833 
f 1143/1232/834 1026/1106/834 1145/1234/834 1144/1233/834 
f 1023/1103/835 1022/1102/835 1026/1106/835 1143/1232/835 
f 1146/1235/836 1147/1236/836 1144/1237/836 1145/1238/836 
f 1145/1238/837 1148/1239/837 1149/1240/837 1146/1235/837 
f 1026/1106/838 1025/1105/838 1148/1241/838 1145/1234/838 
f 1148/1239/839 1150/1242/839 1151/1243/839 1149/1240/839 
f 1025/1105/840 1028/1108/840 1150/1244/840 1148/1241/840 
f 1150/1242/841 1152/1245/841 1153/1246/841 1151/1243/841 
f 1028/1108/842 1030/1110/842 1152/1247/842 1150/1244/842 
f 1152/1245/843 1154/1248/843 1155/1249/843 1153/1246/843 
f 1030/1110/844 1032/1112/844 1154/1250/844 1152/1247/844 
f 1154/1248/845 1156/1251/845 1157/1252/845 1155/1249/845 
f 1032/1112/846 1158/1253/846 1156/1254/846 1154/1250/846 
f 1032/1112/847 1031/1111/847 1036/1116/847 1158/1253/847 
f 1158/1253/848 1159/1255/848 1160/1256/848 1156/1254/848 
f 1158/1253/849 1036/1116/849 1161/1257/849 1159/1255/849 
f 1036/1116/850 1035/1115/850 1041/1121/850 1161/1257/850 
f 1161/1257/851 1162/1258/851 1163/1259/851 1159/1255/851 
f 1041/1121/852 1164/1260/852 1162/1258/852 1161/1257/852 
f 1164/1260/853 1041/1121/853 1040/1120/853 1046/1126/853 
f 1164/1260/854 1092/1172/854 1094/1174/854 1162/1258/854 
f 1046/1126/855 1090/1170/855 1092/1172/855 1164/1260/855 
f 1162/1258/856 1094/1174/856 1096/1176/856 1163/1259/856 
f 1165/1261/857 1160/1256/857 1159/1255/857 1163/1259/857 
f 1163/1259/858 1096/1176/858 1098/1178/858 1165/1261/858 
f 1166/1262/859 1167/1263/859 1160/1264/859 1165/1265/859 
f 1165/1265/860 1098/1181/860 1100/1180/860 1166/1262/860 
f 1105/1191/861 1107/1193/861 1167/1263/861 1166/1262/861 
f 1166/1262/862 1100/1180/862 1102/1186/862 1105/1191/862 
f 1167/1263/863 1157/1252/863 1156/1251/863 1160/1264/863 
f 1167/1263/864 1107/1193/864 1109/1195/864 1157/1252/864 
f 1157/1252/865 1109/1195/865 1168/1266/865 1155/1249/865 
f 1169/1267/866 1153/1246/866 1155/1249/866 1168/1266/866 
f 1168/1266/867 1112/1198/867 1114/1200/867 1169/1267/867 
f 1109/1195/868 1108/1194/868 1112/1198/868 1168/1266/868 
f 1169/1267/869 1170/1268/869 1151/1243/869 1153/1246/869 
f 1114/1200/870 1116/1202/870 1170/1268/870 1169/1267/870 
f 1170/1268/871 1171/1269/871 1149/1240/871 1151/1243/871 
f 1116/1202/872 1118/1204/872 1171/1269/872 1170/1268/872 
f 1171/1269/873 1172/1270/873 1146/1235/873 1149/1240/873 
f 1118/1204/874 1120/1206/874 1172/1270/874 1171/1269/874 
f 1172/1270/875 1173/1271/875 1147/1236/875 1146/1235/875 
f 1120/1206/876 1122/1208/876 1173/1271/876 1172/1270/876 
f 1173/1271/877 1174/1272/877 1141/1229/877 1147/1236/877 
f 1122/1208/878 1124/1210/878 1174/1272/878 1173/1271/878 
f 1174/1272/879 1138/1225/879 1137/1224/879 1141/1229/879 
f 1124/1210/880 1126/1212/880 1138/1225/880 1174/1272/880 
f 1147/1236/881 1141/1229/881 1140/1228/881 1144/1237/881 
f 1126/1212/882 1128/1214/882 1135/1221/882 1138/1225/882 
f 1090/1170/883 1046/1126/883 1045/1125/883 1049/1129/883 
f 1055/1135/884 1054/1134/884 1175/1273/884 1087/1167/884 
f 1087/1167/885 1175/1273/885 1086/1166/885 1085/1165/885 
f 1071/1151/886 1068/1148/886 1176/1274/886 1177/1275/886 
f 1177/1275/887 19/19/887 18/18/887 1071/1151/887 
f 1177/1275/888 1176/1274/888 1178/1276/888 1179/1277/888 
f 1179/1277/889 1180/1278/889 19/19/889 1177/1275/889 
f 1180/1278/890 1179/1277/890 1181/1279/890 1182/1280/890 
f 1180/1278/891 1183/1281/891 16/16/891 19/19/891 
f 1182/1280/892 1184/1282/892 1183/1281/892 1180/1278/892 
f 1184/1282/893 1182/1280/893 1185/1283/893 1186/1284/893 
f 1184/1282/894 1187/1285/894 1188/1286/894 1183/1281/894 
f 1186/1284/895 1189/1287/895 1187/1285/895 1184/1282/895 
f 1186/1284/896 1190/1288/896 1191/1289/896 1189/1287/896 
f 1189/1287/897 1192/1290/897 1193/1291/897 1187/1285/897 
f 1189/1287/898 1191/1289/898 1194/1292/898 1192/1290/898 
f 1191/1293/205 768/1294/205 770/1295/205 1194/1296/205 
f 1194/1292/899 1195/1297/899 1196/1298/899 1192/1290/899 
f 770/1295/900 772/1299/900 1195/1300/900 1194/1296/900 
f 1197/1301/901 1198/1302/901 1196/1298/901 1195/1297/901 
f 1195/1300/902 772/1299/902 774/1303/902 1197/1304/902 
f 1199/1305/903 1200/1306/903 1198/1302/903 1197/1301/903 
f 774/1303/203 776/1307/203 1199/1308/203 1197/1304/203 
f 1201/1309/904 1202/1310/904 1200/1306/904 1199/1305/904 
f 1199/1308/203 776/1307/203 778/1311/203 1201/1312/203 
f 1201/1309/905 1203/1313/905 1204/1314/905 1202/1310/905 
f 778/1311/205 780/1315/205 1203/1316/205 1201/1312/205 
f 1203/1313/906 1205/1317/906 1206/1318/906 1204/1314/906 
f 1203/1316/203 780/1315/203 782/1319/203 1205/1320/203 
f 1205/1317/907 1207/1321/907 1208/1322/907 1206/1318/907 
f 1207/1321/908 1209/1323/908 1210/1324/908 1208/1322/908 
f 1207/1325/203 784/1326/203 786/1327/203 1209/1328/203 
f 1209/1323/909 1211/1329/909 806/875/909 1210/1324/909 
f 786/1327/203 789/1330/203 1211/1331/203 1209/1328/203 
f 1211/1329/910 803/872/910 802/871/910 806/875/910 
f 789/1330/205 791/1332/205 803/1333/205 1211/1331/205 
f 809/878/911 811/880/911 1208/1322/911 1210/1324/911 
f 1210/1324/912 806/875/912 805/874/912 809/878/912 
f 811/880/913 1212/1334/913 1206/1318/913 1208/1322/913 
f 1212/1334/914 1213/1335/914 1204/1314/914 1206/1318/914 
f 814/883/915 821/890/915 1213/1335/915 1212/1334/915 
f 1212/1334/916 811/880/916 810/879/916 814/883/916 
f 1213/1335/917 1214/1336/917 1202/1310/917 1204/1314/917 
f 821/890/918 820/889/918 1214/1336/918 1213/1335/918 
f 1214/1336/919 1215/1337/919 1200/1306/919 1202/1310/919 
f 820/889/920 823/892/920 1215/1337/920 1214/1336/920 
f 1215/1337/921 1216/1338/921 1198/1302/921 1200/1306/921 
f 823/892/922 825/894/922 1216/1338/922 1215/1337/922 
f 1216/1338/923 1217/1339/923 1196/1298/923 1198/1302/923 
f 825/894/924 1218/1340/924 1217/1339/924 1216/1338/924 
f 1218/1340/925 1219/1341/925 1193/1291/925 1217/1339/925 
f 828/897/926 1220/1342/926 1219/1341/926 1218/1340/926 
f 1218/1340/927 825/894/927 824/893/927 828/897/927 
f 1220/1342/928 17/17/928 1188/1286/928 1219/1341/928 
f 1221/1343/929 13/13/929 17/17/929 1220/1342/929 
f 1220/1342/930 828/897/930 827/896/930 1221/1343/930 
f 1222/1344/931 14/14/931 13/13/931 1221/1343/931 
f 1221/1343/932 827/896/932 830/899/932 1222/1344/932 
f 1223/1345/933 112/115/933 14/14/933 1222/1344/933 
f 1222/1344/203 830/899/203 832/901/203 1223/1345/203 
f 1223/1345/934 1224/1346/934 113/116/934 112/115/934 
f 1223/1345/203 832/901/203 834/903/203 1224/1346/203 
f 1224/1346/935 1225/1347/935 117/120/935 113/116/935 
f 834/903/203 1226/1348/203 1225/1347/203 1224/1346/203 
f 834/903/203 833/902/203 837/906/203 1226/1348/203 
f 1219/1341/936 1188/1286/936 1187/1285/936 1193/1291/936 
f 1217/1339/937 1193/1291/937 1192/1290/937 1196/1298/937 
f 1227/1349/205 764/1350/205 766/1351/205 1190/1352/205 
f 1186/1284/938 1185/1283/938 1227/1353/938 1190/1288/938 
f 1190/1352/203 766/1351/203 768/1294/203 1191/1293/203 
f 1228/1354/205 762/1355/205 764/1350/205 1227/1349/205 
f 1227/1353/939 1185/1283/939 1229/1356/939 1228/1357/939 
f 1230/1358/940 759/1359/940 1228/1357/940 1229/1356/940 
f 1181/1279/941 1231/1360/941 1230/1358/941 1229/1356/941 
f 1229/1356/942 1185/1283/942 1182/1280/942 1181/1279/942 
f 1231/1360/943 1232/1361/943 755/814/943 1230/1358/943 
f 1178/1276/944 179/182/944 1232/1361/944 1231/1360/944 
f 1231/1360/945 1181/1279/945 1179/1277/945 1178/1276/945 
f 1232/1361/946 752/807/946 751/806/946 755/814/946 
f 179/182/947 181/184/947 752/807/947 1232/1361/947 
f 755/814/948 754/813/948 759/1359/948 1230/1358/948 
f 759/820/203 758/819/203 762/1355/203 1228/1354/203 
f 17/17/949 16/16/949 1183/1281/949 1188/1286/949 
f 1233/1362/950 1060/1140/950 1061/1141/950 1234/1363/950 
f 1059/1139/951 1058/1138/951 1060/1140/951 1233/1362/951 
f 1062/1142/952 188/191/952 183/186/952 182/185/952 
f 1038/1118/953 1034/1114/953 190/193/953 193/196/953 
f 1023/1103/954 1010/1090/954 1009/1089/954 1013/1093/954 
f 992/1069/955 980/1057/955 982/1059/955 989/1066/955 
f 142/145/956 141/144/956 931/1005/956 935/1011/956 
f 172/175/957 167/170/957 913/982/957 916/985/957 
f 1235/1364/958 136/139/958 135/138/958 1236/1365/958 
f 169/172/959 168/171/959 136/139/959 1235/1364/959 
f 843/912/960 842/911/960 846/915/960 902/971/960 
f 901/970/961 850/919/961 118/121/961 123/126/961 
f 1237/1366/962 1238/1367/962 148/151/962 147/150/962 
f 896/965/963 1239/1368/963 1240/1369/963 153/156/963 
f 894/963/964 889/958/964 1239/1368/964 896/965/964 
f 153/156/965 145/148/965 152/155/965 896/965/965 
f 1239/1368/966 23/23/966 22/22/966 1240/1369/966 
f 889/958/967 24/24/967 23/23/967 1239/1368/967 
f 1240/1369/968 22/22/968 1241/1370/968 1242/1371/968 
f 1242/1371/969 154/157/969 153/156/969 1240/1369/969 
f 1243/1372/970 577/622/970 580/626/970 1241/1370/970 
f 22/22/971 21/21/971 1243/1372/971 1241/1370/971 
f 1241/1370/972 580/626/972 582/628/972 1242/1371/972 
f 1243/1372/973 574/619/973 573/618/973 577/622/973 
f 21/21/974 1244/1373/974 574/619/974 1243/1372/974 
f 1244/1373/975 1245/1374/975 572/617/975 574/619/975 
f 1246/1375/976 1247/1376/976 1245/1374/976 1244/1373/976 
f 1244/1373/977 21/21/977 26/26/977 1246/1375/977 
f 1248/1377/978 1249/1378/978 1247/1376/978 1246/1375/978 
f 1246/1375/979 26/26/979 1250/1379/979 1248/1377/979 
f 1251/1380/980 1252/1381/980 1248/1377/980 1250/1379/980 
f 1250/1379/981 203/206/981 202/205/981 1251/1380/981 
f 26/26/982 25/25/982 203/206/982 1250/1379/982 
f 1253/1382/983 1254/1383/983 1252/1381/983 1251/1380/983 
f 1251/1380/984 202/205/984 204/207/984 1253/1382/984 
f 1255/1384/985 1256/1385/985 1254/1383/985 1253/1382/985 
f 1253/1382/986 204/207/986 1257/1386/986 1255/1384/986 
f 1258/1387/987 1259/1388/987 1255/1384/987 1257/1386/987 
f 1257/1386/988 518/559/988 525/567/988 1258/1387/988 
f 204/207/989 201/204/989 518/559/989 1257/1386/989 
f 524/566/990 1260/1389/990 1258/1387/990 525/567/990 
f 1260/1389/991 1261/1390/991 1259/1388/991 1258/1387/991 
f 528/572/992 1262/1391/992 1261/1392/992 1260/1393/992 
f 1260/1393/993 524/569/993 526/568/993 528/572/993 
f 1262/1391/994 1263/1394/994 1264/1395/994 1261/1392/994 
f 531/575/995 1265/1396/995 1263/1394/995 1262/1391/995 
f 1262/1391/996 528/572/996 527/571/996 531/575/996 
f 1265/1396/997 1266/1397/997 1267/1398/997 1263/1394/997 
f 1268/1399/998 1269/1400/998 1266/1397/998 1265/1396/998 
f 1265/1396/999 531/575/999 530/574/999 1268/1399/999 
f 1270/1401/1000 1271/1402/1000 1269/1400/1000 1268/1399/1000 
f 1268/1399/1001 530/574/1001 533/577/1001 1270/1401/1001 
f 538/582/1002 1272/1403/1002 1271/1402/1002 1270/1401/1002 
f 1270/1401/1003 533/577/1003 535/579/1003 538/582/1003 
f 1272/1403/1004 538/582/1004 537/581/1004 541/585/1004 
f 541/585/1005 1273/1404/1005 1274/1405/1005 1272/1403/1005 
f 540/584/1006 1275/1406/1006 1273/1404/1006 541/585/1006 
f 1275/1406/1007 1276/1407/1007 1277/1408/1007 1273/1404/1007 
f 544/588/1008 546/590/1008 1276/1407/1008 1275/1406/1008 
f 1275/1406/1009 540/584/1009 542/586/1009 544/588/1009 
f 546/590/1010 1278/1409/1010 1279/1410/1010 1276/1407/1010 
f 545/589/1011 1280/1411/1011 1278/1409/1011 546/590/1011 
f 1280/1411/1012 545/589/1012 547/591/1012 1281/1412/1012 
f 1281/1412/1013 547/591/1013 548/592/1013 1282/1413/1013 
f 1282/1413/1014 548/592/1014 549/593/1014 1283/1414/1014 
f 1283/1414/1015 549/593/1015 552/596/1015 
f 561/605/1016 1284/1415/1016 1285/1416/1016 1283/1414/1016 
f 560/604/1017 1286/1417/1017 1284/1415/1017 561/605/1017 
f 560/604/1018 562/606/1018 1287/1418/1018 1286/1417/1018 
f 562/606/1019 563/607/1019 1288/1419/1019 1287/1418/1019 
f 563/609/1020 564/608/1020 1289/1420/1020 1288/1421/1020 
f 564/608/1021 565/610/1021 1290/1422/1021 1289/1420/1021 
f 565/610/1022 567/612/1022 1291/1423/1022 1290/1422/1022 
f 567/612/1023 1292/1424/1023 1293/1425/1023 1291/1423/1023 
f 570/615/1024 1294/1426/1024 1295/1427/1024 1292/1424/1024 
f 1292/1424/1025 567/612/1025 566/611/1025 570/615/1025 
f 1294/1426/1026 1296/1428/1026 1297/1429/1026 1295/1427/1026 
f 1298/1430/1027 1299/1431/1027 1296/1428/1027 1294/1426/1027 
f 1294/1426/1028 570/615/1028 569/614/1028 1298/1430/1028 
f 1298/1430/1029 1245/1374/1029 1247/1376/1029 1299/1431/1029 
f 569/614/1030 572/617/1030 1245/1374/1030 1298/1430/1030 
f 1249/1378/1031 1300/1432/1031 1299/1431/1031 1247/1376/1031 
f 1301/1433/1032 1302/1434/1032 1300/1432/1032 1249/1378/1032 
f 1301/1433/1033 1252/1381/1033 1254/1383/1033 1303/1435/1033 
f 1249/1378/1034 1248/1377/1034 1252/1381/1034 1301/1433/1034 
f 1303/1435/1035 1254/1383/1035 1256/1385/1035 1304/1436/1035 
f 1304/1436/1036 1256/1385/1036 1305/1437/1036 1306/1438/1036 
f 1264/1439/1037 1307/1440/1037 1306/1438/1037 1305/1437/1037 
f 1305/1437/1038 1259/1388/1038 1261/1390/1038 1264/1439/1038 
f 1256/1385/1039 1255/1384/1039 1259/1388/1039 1305/1437/1039 
f 1307/1441/1040 1264/1395/1040 1263/1394/1040 1267/1398/1040 
f 1267/1398/1041 1308/1442/1041 1309/1443/1041 1307/1441/1041 
f 1266/1397/1042 1310/1444/1042 1308/1442/1042 1267/1398/1042 
f 1269/1400/1043 1311/1445/1043 1310/1444/1043 1266/1397/1043 
f 1271/1402/1044 1312/1446/1044 1311/1445/1044 1269/1400/1044 
f 1312/1446/1045 1313/1447/1045 1314/1448/1045 1311/1445/1045 
f 1274/1405/1046 1315/1449/1046 1313/1447/1046 1312/1446/1046 
f 1312/1446/1047 1271/1402/1047 1272/1403/1047 1274/1405/1047 
f 1315/1449/1048 1274/1405/1048 1273/1404/1048 1277/1408/1048 
f 1315/1449/1049 1316/1450/1049 1317/1451/1049 1313/1447/1049 
f 1277/1408/1050 1318/1452/1050 1316/1450/1050 1315/1449/1050 
f 1318/1452/1051 1277/1408/1051 1276/1407/1051 1279/1410/1051 
f 1279/1410/1052 1319/1453/1052 1320/1454/1052 1318/1452/1052 
f 1278/1409/1053 1321/1455/1053 1319/1453/1053 1279/1410/1053 
f 1321/1455/1054 1278/1409/1054 1280/1411/1054 1322/1456/1054 
f 1322/1456/1055 1280/1411/1055 1281/1412/1055 1323/1457/1055 
f 1323/1457/1056 1281/1412/1056 1282/1413/1056 1324/1458/1056 
f 1324/1458/1057 1282/1413/1057 1283/1414/1057 1285/1416/1057 
f 1285/1416/1058 1325/1459/1058 1326/1460/1058 1324/1458/1058 
f 1284/1415/1059 1327/1461/1059 1325/1459/1059 1285/1416/1059 
f 1327/1461/1060 1284/1415/1060 1286/1417/1060 1328/1462/1060 
f 1286/1417/1061 1287/1418/1061 1329/1463/1061 1328/1462/1061 
f 1287/1418/1062 1288/1419/1062 1330/1464/1062 1329/1463/1062 
f 1288/1421/1063 1289/1420/1063 1331/1465/1063 1330/1466/1063 
f 1289/1420/1064 1290/1422/1064 1332/1467/1064 1331/1465/1064 
f 1290/1422/1065 1291/1423/1065 1333/1468/1065 1332/1467/1065 
f 1291/1423/1066 1293/1425/1066 1334/1469/1066 1333/1468/1066 
f 1293/1425/1067 1335/1470/1067 1336/1471/1067 1334/1469/1067 
f 1295/1427/1068 1297/1429/1068 1337/1472/1068 1335/1470/1068 
f 1335/1470/1069 1293/1425/1069 1292/1424/1069 1295/1427/1069 
f 1338/1473/1070 1339/1474/1070 1337/1472/1070 1297/1429/1070 
f 1338/1473/1071 1340/1475/1071 1341/1476/1071 1342/1477/1071 
f 1297/1429/1072 1296/1428/1072 1340/1475/1072 1338/1473/1072 
f 1340/1475/1073 1300/1432/1073 1302/1434/1073 1341/1476/1073 
f 1296/1428/1074 1299/1431/1074 1300/1432/1074 1340/1475/1074 
f 1341/1476/1075 1302/1434/1075 1343/1478/1075 1344/1479/1075 
f 1345/1480/1076 1346/1481/1076 1344/1479/1076 1343/1478/1076 
f 1343/1478/1077 1303/1435/1077 1304/1436/1077 1345/1480/1077 
f 1302/1434/1078 1301/1433/1078 1303/1435/1078 1343/1478/1078 
f 1347/1482/1079 1348/1483/1079 1346/1481/1079 1345/1480/1079 
f 1345/1480/1080 1304/1436/1080 1306/1438/1080 1347/1482/1080 
f 1309/1484/1081 1349/1485/1081 1348/1483/1081 1347/1482/1081 
f 1347/1482/1082 1306/1438/1082 1307/1440/1082 1309/1484/1082 
f 1349/1486/1083 1309/1443/1083 1308/1442/1083 1350/1487/1083 
f 1350/1487/1084 1308/1442/1084 1310/1444/1084 1351/1488/1084 
f 1351/1488/1085 1310/1444/1085 1311/1445/1085 1314/1448/1085 
f 1314/1448/1086 1352/1489/1086 1353/1490/1086 1351/1488/1086 
f 1313/1447/1087 1317/1451/1087 1352/1489/1087 1314/1448/1087 
f 1317/1451/1088 1354/1491/1088 1355/1492/1088 1352/1489/1088 
f 1316/1450/1089 1356/1493/1089 1354/1491/1089 1317/1451/1089 
f 1356/1493/1090 1316/1450/1090 1318/1452/1090 1320/1454/1090 
f 1320/1454/1091 1357/1494/1091 1358/1495/1091 1356/1493/1091 
f 1319/1453/1092 1359/1496/1092 1357/1494/1092 1320/1454/1092 
f 1359/1496/1093 1319/1453/1093 1321/1455/1093 1360/1497/1093 
f 1360/1497/1094 1321/1455/1094 1322/1456/1094 1361/1498/1094 
f 1361/1498/1095 1322/1456/1095 1323/1457/1095 1362/1499/1095 
f 1362/1499/1096 1323/1457/1096 1324/1458/1096 1326/1460/1096 
f 1326/1460/1097 1363/1500/1097 1364/1501/1097 1362/1499/1097 
f 1325/1459/1098 1365/1502/1098 1363/1500/1098 1326/1460/1098 
f 1365/1502/1099 1325/1459/1099 1327/1461/1099 1366/1503/1099 
f 1366/1503/1100 1327/1461/1100 1328/1462/1100 1367/1504/1100 
f 1328/1462/1101 1329/1463/1101 1368/1505/1101 1367/1504/1101 
f 1329/1463/1102 1330/1464/1102 1369/1506/1102 1368/1505/1102 
f 1330/1466/1103 1331/1465/1103 1370/1507/1103 1369/1508/1103 
f 1331/1465/1104 1332/1467/1104 1371/1509/1104 1370/1507/1104 
f 1332/1467/1105 1333/1468/1105 1372/1510/1105 1371/1509/1105 
f 1333/1468/1106 1334/1469/1106 1373/1511/1106 1372/1510/1106 
f 1334/1469/1107 1336/1471/1107 1374/1512/1107 1373/1511/1107 
f 1336/1471/1108 1375/1513/1108 1376/1514/1108 1374/1512/1108 
f 1375/1513/1109 1337/1472/1109 1339/1474/1109 1377/1515/1109 
f 1375/1513/1110 1336/1471/1110 1335/1470/1110 1337/1472/1110 
f 1378/1516/1111 1379/1517/1111 1377/1515/1111 1339/1474/1111 
f 1378/1516/1112 1342/1477/1112 1380/1518/1112 1381/1519/1112 
f 1339/1474/1113 1338/1473/1113 1342/1477/1113 1378/1516/1113 
f 1382/1520/1114 1383/1521/1114 1381/1519/1114 1380/1518/1114 
f 1380/1518/1115 1344/1479/1115 1346/1481/1115 1382/1520/1115 
f 1342/1477/1116 1341/1476/1116 1344/1479/1116 1380/1518/1116 
f 1348/1483/1117 1384/1522/1117 1382/1520/1117 1346/1481/1117 
f 1384/1522/1118 1348/1483/1118 1349/1485/1118 1385/1523/1118 
f 1385/1524/1119 1349/1486/1119 1350/1487/1119 1386/1525/1119 
f 1386/1525/1120 1350/1487/1120 1351/1488/1120 1353/1490/1120 
f 1386/1525/1121 1387/1526/1121 1388/1527/1121 1385/1524/1121 
f 1353/1490/1122 1389/1528/1122 1387/1526/1122 1386/1525/1122 
f 1389/1528/1123 1353/1490/1123 1352/1489/1123 1355/1492/1123 
f 1355/1492/1124 1390/1529/1124 1391/1530/1124 1389/1528/1124 
f 1354/1491/1125 1392/1531/1125 1390/1529/1125 1355/1492/1125 
f 1392/1531/1126 1354/1491/1126 1356/1493/1126 1358/1495/1126 
f 1358/1495/1127 1393/1532/1127 1394/1533/1127 1392/1531/1127 
f 1357/1494/1128 1395/1534/1128 1393/1532/1128 1358/1495/1128 
f 1395/1534/1129 1357/1494/1129 1359/1496/1129 1396/1535/1129 
f 1396/1535/1130 1359/1496/1130 1360/1497/1130 1397/1536/1130 
f 1397/1536/1131 1360/1497/1131 1361/1498/1131 1398/1537/1131 
f 1398/1537/1132 1361/1498/1132 1362/1499/1132 1364/1501/1132 
f 1364/1501/1133 1399/1538/1133 1400/1539/1133 1398/1537/1133 
f 1363/1500/1134 1401/1540/1134 1399/1538/1134 1364/1501/1134 
f 1401/1540/1135 1402/1541/1135 1403/1542/1135 1399/1538/1135 
f 1404/1543/1136 1405/1544/1136 1402/1541/1136 1401/1540/1136 
f 1401/1540/1137 1363/1500/1137 1365/1502/1137 1404/1543/1137 
f 1406/1545/1138 1407/1546/1138 1405/1544/1138 1404/1543/1138 
f 1404/1543/1139 1365/1502/1139 1366/1503/1139 1406/1545/1139 
f 1408/1547/1140 1409/1548/1140 1407/1546/1140 1406/1545/1140 
f 1406/1545/1141 1366/1503/1141 1367/1504/1141 1408/1547/1141 
f 1408/1547/1142 1410/1549/1142 1411/1550/1142 1409/1548/1142 
f 1408/1547/1143 1367/1504/1143 1368/1505/1143 1410/1549/1143 
f 1410/1549/1144 1412/1551/1144 1413/1552/1144 1411/1550/1144 
f 1368/1505/1145 1369/1506/1145 1412/1551/1145 1410/1549/1145 
f 1412/1553/1146 1414/1554/1146 1415/1555/1146 1413/1556/1146 
f 1369/1508/1147 1370/1507/1147 1414/1554/1147 1412/1553/1147 
f 1414/1554/1148 1416/1557/1148 1417/1558/1148 1415/1555/1148 
f 1370/1507/1149 1371/1509/1149 1416/1557/1149 1414/1554/1149 
f 1416/1557/1150 1418/1559/1150 1419/1560/1150 1417/1558/1150 
f 1371/1509/1151 1372/1510/1151 1418/1559/1151 1416/1557/1151 
f 1418/1559/1152 1420/1561/1152 1421/1562/1152 1419/1560/1152 
f 1372/1510/1153 1373/1511/1153 1420/1561/1153 1418/1559/1153 
f 1420/1561/1154 1422/1563/1154 1423/1564/1154 1421/1562/1154 
f 1373/1511/1155 1374/1512/1155 1422/1563/1155 1420/1561/1155 
f 1422/1563/1156 1424/1565/1156 1425/1566/1156 1423/1564/1156 
f 1374/1512/1157 1376/1514/1157 1424/1565/1157 1422/1563/1157 
f 1426/1567/1158 1427/1568/1158 1424/1565/1158 1376/1514/1158 
f 1426/1567/1159 1377/1515/1159 1379/1517/1159 1428/1569/1159 
f 1376/1514/1160 1375/1513/1160 1377/1515/1160 1426/1567/1160 
f 1429/1570/1161 1430/1571/1161 1428/1569/1161 1379/1517/1161 
f 1429/1570/1162 1381/1519/1162 1383/1521/1162 1431/1572/1162 
f 1379/1517/1163 1378/1516/1163 1381/1519/1163 1429/1570/1163 
f 1432/1573/1164 1433/1574/1164 1431/1572/1164 1383/1521/1164 
f 1432/1573/1165 1384/1522/1165 1385/1523/1165 1388/1575/1165 
f 1383/1521/1166 1382/1520/1166 1384/1522/1166 1432/1573/1166 
f 1388/1575/1167 1434/1576/1167 1433/1574/1167 1432/1573/1167 
f 1387/1526/1168 1435/1577/1168 1434/1578/1168 1388/1527/1168 
f 1435/1577/1169 1387/1526/1169 1389/1528/1169 1391/1530/1169 
f 1391/1530/1170 1436/1579/1170 1437/1580/1170 1435/1577/1170 
f 1390/1529/1171 1438/1581/1171 1436/1579/1171 1391/1530/1171 
f 1438/1581/1172 1390/1529/1172 1392/1531/1172 1394/1533/1172 
f 1394/1533/1173 1439/1582/1173 1440/1583/1173 1438/1581/1173 
f 1393/1532/1174 1441/1584/1174 1439/1582/1174 1394/1533/1174 
f 1441/1584/1175 1442/1585/1175 1443/1586/1175 1439/1582/1175 
f 1444/1587/1176 1445/1588/1176 1442/1585/1176 1441/1584/1176 
f 1441/1584/1177 1393/1532/1177 1395/1534/1177 1444/1587/1177 
f 1446/1589/1178 1447/1590/1178 1445/1588/1178 1444/1587/1178 
f 1444/1587/1179 1395/1534/1179 1396/1535/1179 1446/1589/1179 
f 1448/1591/1180 1449/1592/1180 1447/1590/1180 1446/1589/1180 
f 1446/1589/1181 1396/1535/1181 1397/1536/1181 1448/1591/1181 
f 1400/1539/1182 1450/1593/1182 1449/1592/1182 1448/1591/1182 
f 1448/1591/1183 1397/1536/1183 1398/1537/1183 1400/1539/1183 
f 1450/1593/1184 1400/1539/1184 1399/1538/1184 1403/1542/1184 
f 1403/1542/1185 1451/1594/1185 1452/1595/1185 1450/1593/1185 
f 1402/1541/1186 75/75/1186 1451/1594/1186 1403/1542/1186 
f 1405/1544/1187 76/76/1187 75/75/1187 1402/1541/1187 
f 1407/1546/1188 79/79/1188 76/76/1188 1405/1544/1188 
f 1407/1546/1189 1409/1548/1189 1453/1596/1189 79/79/1189 
f 1409/1548/1190 1411/1550/1190 1454/1597/1190 1453/1596/1190 
f 1411/1550/1191 1413/1552/1191 1455/1598/1191 1454/1597/1191 
f 1413/1556/1192 1415/1555/1192 1456/1599/1192 1455/1600/1192 
f 1415/1555/1193 1417/1558/1193 1457/1601/1193 1456/1599/1193 
f 1417/1558/1194 1419/1560/1194 1458/1602/1194 1457/1601/1194 
f 1419/1560/1195 1421/1562/1195 1459/1603/1195 1458/1602/1195 
f 1421/1562/1196 1423/1564/1196 1460/1604/1196 1459/1603/1196 
f 1423/1564/1197 1425/1566/1197 33/33/1197 1460/1604/1197 
f 1461/1605/1198 31/31/1198 33/33/1198 1425/1566/1198 
f 1461/1605/1199 1427/1568/1199 1462/1606/1199 1463/1607/1199 
f 1425/1566/1200 1424/1565/1200 1427/1568/1200 1461/1605/1200 
f 1464/1608/1201 1465/1609/1201 1463/1607/1201 1462/1606/1201 
f 1462/1606/1202 1428/1569/1202 1430/1571/1202 1464/1608/1202 
f 1427/1568/1203 1426/1567/1203 1428/1569/1203 1462/1606/1203 
f 1466/1610/1204 1467/1611/1204 1464/1608/1204 1430/1571/1204 
f 1466/1610/1205 1431/1572/1205 1433/1574/1205 1468/1612/1205 
f 1430/1571/1206 1429/1570/1206 1431/1572/1206 1466/1610/1206 
f 1434/1576/1207 1469/1613/1207 1468/1612/1207 1433/1574/1207 
f 1469/1614/1208 1434/1578/1208 1435/1577/1208 1437/1580/1208 
f 1437/1580/1209 1470/1615/1209 1471/1616/1209 1469/1614/1209 
f 1436/1579/1210 1472/1617/1210 1470/1615/1210 1437/1580/1210 
f 1472/1617/1211 1473/1618/1211 1474/1619/1211 1470/1615/1211 
f 1440/1583/1212 1475/1620/1212 1473/1618/1212 1472/1617/1212 
f 1472/1617/1213 1436/1579/1213 1438/1581/1213 1440/1583/1213 
f 1475/1620/1214 1440/1583/1214 1439/1582/1214 1443/1586/1214 
f 1443/1586/1215 106/109/1215 105/108/1215 1475/1620/1215 
f 1442/1585/1216 107/110/1216 106/109/1216 1443/1586/1216 
f 1445/1588/1217 1476/1621/1217 107/110/1217 1442/1585/1217 
f 1447/1590/1218 1477/1622/1218 1476/1621/1218 1445/1588/1218 
f 1449/1592/1219 1478/1623/1219 1477/1622/1219 1447/1590/1219 
f 1478/1623/1220 1479/1624/1220 1480/1625/1220 1477/1622/1220 
f 1452/1595/1221 1481/1626/1221 1479/1624/1221 1478/1623/1221 
f 1478/1623/1222 1449/1592/1222 1450/1593/1222 1452/1595/1222 
f 1481/1626/1223 1482/1627/1223 1483/1628/1223 1479/1624/1223 
f 1484/1629/1224 1485/1630/1224 1482/1627/1224 1481/1626/1224 
f 1481/1626/1225 1452/1595/1225 1451/1594/1225 1484/1629/1225 
f 74/74/1226 78/78/1226 1485/1630/1226 1484/1629/1226 
f 1484/1629/1227 1451/1594/1227 75/75/1227 74/74/1227 
f 1485/1630/1228 1486/1631/1228 1487/1632/1228 1482/1627/1228 
f 78/78/1229 1488/1633/1229 1486/1631/1229 1485/1630/1229 
f 1488/1633/1230 1489/1634/1230 1490/1635/1230 1486/1631/1230 
f 1491/1636/1231 1492/1637/1231 1489/1634/1231 1488/1633/1231 
f 1488/1633/1232 78/78/1232 77/77/1232 1491/1636/1232 
f 1453/1596/1233 1454/1597/1233 1492/1637/1233 1491/1636/1233 
f 1491/1636/1234 77/77/1234 79/79/1234 1453/1596/1234 
f 1492/1637/1235 1493/1638/1235 1494/1639/1235 1489/1634/1235 
f 1454/1597/1236 1455/1598/1236 1493/1638/1236 1492/1637/1236 
f 1493/1640/1237 1495/1641/1237 1496/1642/1237 1494/1643/1237 
f 1455/1600/1238 1456/1599/1238 1495/1641/1238 1493/1640/1238 
f 1495/1641/1239 1497/1644/1239 1498/1645/1239 1496/1642/1239 
f 1456/1599/1240 1457/1601/1240 1497/1644/1240 1495/1641/1240 
f 1497/1644/1241 1499/1646/1241 1500/1647/1241 1498/1645/1241 
f 1457/1601/1242 1458/1602/1242 1499/1646/1242 1497/1644/1242 
f 1501/1648/1243 1502/1649/1243 1500/1647/1243 1499/1646/1243 
f 1458/1602/1244 1459/1603/1244 1501/1648/1244 1499/1646/1244 
f 1503/1650/1245 1504/1651/1245 1502/1649/1245 1501/1648/1245 
f 1459/1603/1246 1460/1604/1246 1503/1650/1246 1501/1648/1246 
f 30/30/1247 29/29/1247 1504/1651/1247 1503/1650/1247 
f 1460/1604/1248 33/33/1248 30/30/1248 1503/1650/1248 
f 1504/1651/1249 1505/1652/1249 1506/1653/1249 1502/1649/1249 
f 29/29/1250 1507/1654/1250 1505/1652/1250 1504/1651/1250 
f 1507/1654/1251 1508/1655/1251 1509/1656/1251 1505/1652/1251 
f 1510/1657/1252 1511/1658/1252 1508/1655/1252 1507/1654/1252 
f 1507/1654/1253 29/29/1253 28/28/1253 1510/1657/1253 
f 1512/1659/1254 1513/1660/1254 1511/1658/1254 1510/1657/1254 
f 1510/1657/1255 28/28/1255 32/32/1255 1512/1659/1255 
f 1512/1659/1256 1465/1609/1256 1514/1661/1256 1513/1660/1256 
f 32/32/1257 1463/1607/1257 1465/1609/1257 1512/1659/1257 
f 1514/1661/1258 1467/1611/1258 1515/1662/1258 1516/1663/1258 
f 1465/1609/1259 1464/1608/1259 1467/1611/1259 1514/1661/1259 
f 1471/1664/1260 1517/1665/1260 1516/1663/1260 1515/1662/1260 
f 1515/1662/1261 1468/1612/1261 1469/1613/1261 1471/1664/1261 
f 1467/1611/1262 1466/1610/1262 1468/1612/1262 1515/1662/1262 
f 1517/1666/1263 1471/1616/1263 1470/1615/1263 1474/1619/1263 
f 1474/1619/1264 1518/1667/1264 1519/1668/1264 1517/1666/1264 
f 1473/1618/1265 1520/1669/1265 1518/1667/1265 1474/1619/1265 
f 1520/1669/1266 1521/1670/1266 1522/1671/1266 1518/1667/1266 
f 105/108/1267 104/107/1267 1521/1670/1267 1520/1669/1267 
f 1520/1669/1268 1473/1618/1268 1475/1620/1268 105/108/1268 
f 1521/1670/1269 1523/1672/1269 1524/1673/1269 1522/1671/1269 
f 104/107/1270 109/112/1270 1523/1672/1270 1521/1670/1270 
f 1523/1672/1271 1525/1674/1271 1526/1675/1271 1524/1673/1271 
f 109/112/1272 1527/1676/1272 1525/1674/1272 1523/1672/1272 
f 1527/1676/1273 1528/1677/1273 1529/1678/1273 1525/1674/1273 
f 1530/1679/1274 1480/1625/1274 1528/1677/1274 1527/1676/1274 
f 1527/1676/1275 109/112/1275 108/111/1275 1530/1679/1275 
f 1476/1621/1276 1477/1622/1276 1480/1625/1276 1530/1679/1276 
f 1530/1679/1277 108/111/1277 107/110/1277 1476/1621/1277 
f 1483/1628/1278 1531/1680/1278 1529/1678/1278 1528/1677/1278 
f 1528/1677/1279 1480/1625/1279 1479/1624/1279 1483/1628/1279 
f 1531/1680/1280 1532/1681/1280 1533/1682/1280 1529/1678/1280 
f 1487/1632/1281 1534/1683/1281 1532/1681/1281 1531/1680/1281 
f 1531/1680/1282 1483/1628/1282 1482/1627/1282 1487/1632/1282 
f 1534/1683/1283 1535/1684/1283 1536/1685/1283 1532/1681/1283 
f 1490/1635/1284 1537/1686/1284 1535/1684/1284 1534/1683/1284 
f 1534/1683/1285 1487/1632/1285 1486/1631/1285 1490/1635/1285 
f 1537/1687/1286 50/50/1286 49/49/1286 1535/1688/1286 
f 1494/1643/1287 1496/1642/1287 50/50/1287 1537/1687/1287 
f 1537/1686/1288 1490/1635/1288 1489/1634/1288 1494/1639/1288 
f 1535/1688/1289 49/49/1289 53/53/1289 1536/1689/1289 
f 1536/1689/1290 53/53/1290 1538/1690/1290 1539/1691/1290 
f 1539/1692/1291 1533/1682/1291 1532/1681/1291 1536/1685/1291 
f 53/53/1292 52/52/1292 1540/1693/1292 1538/1690/1292 
f 1541/1694/1293 1542/1695/1293 1539/1691/1293 1538/1690/1293 
f 1538/1690/1294 1540/1693/1294 1509/1656/1294 1541/1694/1294 
f 1541/1694/1295 1543/1696/1295 1544/1697/1295 1542/1695/1295 
f 1541/1694/1296 1509/1656/1296 1508/1655/1296 1543/1696/1296 
f 1543/1696/1297 1545/1698/1297 1546/1699/1297 1544/1697/1297 
f 1543/1696/1298 1508/1655/1298 1511/1658/1298 1545/1698/1298 
f 1545/1698/1299 1547/1700/1299 1519/1701/1299 1546/1699/1299 
f 1511/1658/1300 1513/1660/1300 1547/1700/1300 1545/1698/1300 
f 1547/1700/1301 1516/1663/1301 1517/1665/1301 1519/1701/1301 
f 1513/1660/1302 1514/1661/1302 1516/1663/1302 1547/1700/1302 
f 1522/1671/1303 1524/1673/1303 1544/1702/1303 1546/1703/1303 
f 1546/1703/1304 1519/1668/1304 1518/1667/1304 1522/1671/1304 
f 1524/1673/1305 1526/1675/1305 1542/1704/1305 1544/1702/1305 
f 1526/1675/1306 1533/1682/1306 1539/1692/1306 1542/1704/1306 
f 52/52/1307 54/54/1307 1506/1653/1307 1540/1693/1307 
f 1540/1693/1308 1506/1653/1308 1505/1652/1308 1509/1656/1308 
f 1533/1682/1309 1526/1675/1309 1525/1674/1309 1529/1678/1309 
f 54/54/1310 1500/1647/1310 1502/1649/1310 1506/1653/1310 
f 1500/1647/1311 54/54/1311 51/51/1311 1498/1645/1311 
f 51/51/1312 50/50/1312 1496/1642/1312 1498/1645/1312 
f 1463/1607/1313 32/32/1313 31/31/1313 1461/1605/1313 
f 1242/1371/1314 582/628/1314 584/630/1314 154/157/1314 
f 893/962/1315 127/130/1315 126/129/1315 867/936/1315 
f 862/931/1316 126/129/1316 120/123/1316 863/932/1316 
f 863/932/1317 120/123/1317 119/122/1317 852/921/1317 
f 852/921/1318 854/923/1318 864/933/1318 863/932/1318 
f 856/925/1319 860/929/1319 514/555/1319 884/953/1319 
f 119/122/1320 118/121/1320 850/919/1320 849/918/1320 
f 791/1332/203 793/867/203 800/866/203 803/1333/203 
f 410/433/1321 409/432/1321 1548/1705/1321 1549/1706/1321 
f 409/1707/1322 749/1708/1322 1550/1709/1322 1548/1710/1322 
f 408/810/1323 750/809/1323 749/1708/1323 409/1707/1323 
f 1551/1711/203 1552/1712/203 1548/1710/203 1550/1709/203 
f 1550/1713/1324 744/799/1324 1553/1714/1324 1551/1715/1324 
f 749/804/1325 745/800/1325 744/799/1325 1550/1713/1325 
f 1554/1716/1326 1555/1717/1326 1551/1715/1326 1553/1714/1326 
f 1553/1714/1327 739/794/1327 1556/1718/1327 1554/1716/1327 
f 744/799/1328 740/795/1328 739/794/1328 1553/1714/1328 
f 1557/1719/1329 1558/1720/1329 1554/1716/1329 1556/1718/1329 
f 1556/1718/1330 734/789/1330 1559/1721/1330 1557/1719/1330 
f 739/794/1331 735/790/1331 734/789/1331 1556/1718/1331 
f 1560/1722/1332 1561/1723/1332 1557/1719/1332 1559/1721/1332 
f 1559/1721/1333 729/784/1333 1562/1724/1333 1560/1722/1333 
f 734/789/1334 730/785/1334 729/784/1334 1559/1721/1334 
f 1563/1725/1335 1564/1726/1335 1560/1722/1335 1562/1724/1335 
f 1562/1724/1336 724/779/1336 1565/1727/1336 1563/1725/1336 
f 729/784/1337 725/780/1337 724/779/1337 1562/1724/1337 
f 1566/1728/1338 1567/1729/1338 1563/1725/1338 1565/1727/1338 
f 1565/1727/1339 719/774/1339 1568/1730/1339 1566/1728/1339 
f 724/779/1340 720/775/1340 719/774/1340 1565/1727/1340 
f 1569/1731/1341 1570/1732/1341 1566/1728/1341 1568/1730/1341 
f 1568/1730/1342 714/769/1342 1571/1733/1342 1569/1731/1342 
f 719/774/1343 715/770/1343 714/769/1343 1568/1730/1343 
f 1572/1734/1344 1573/1735/1344 1569/1731/1344 1571/1733/1344 
f 709/764/1345 1574/1736/1345 1572/1734/1345 1571/1733/1345 
f 1571/1733/1346 714/769/1346 710/765/1346 709/764/1346 
f 1574/1736/1347 1575/1737/1347 1576/1738/1347 1572/1734/1347 
f 704/759/1348 1577/1739/1348 1575/1737/1348 1574/1736/1348 
f 1574/1736/1349 709/764/1349 705/760/1349 704/759/1349 
f 1578/1740/1350 1579/1741/1350 1575/1737/1350 1577/1739/1350 
f 1577/1739/1351 699/752/1351 1580/1742/1351 1578/1740/1351 
f 704/759/1352 700/753/1352 699/752/1352 1577/1739/1352 
f 1581/1743/1353 1582/1744/1353 1578/1740/1353 1580/1742/1353 
f 1580/1742/1354 694/1745/1354 1583/1746/1354 1581/1743/1354 
f 699/752/1355 695/751/1355 694/1745/1355 1580/1742/1355 
f 1584/1747/1356 1585/1748/1356 1581/1743/1356 1583/1746/1356 
f 1583/1749/1357 689/741/1357 1586/1750/1357 1584/1751/1357 
f 694/746/1358 690/742/1358 689/741/1358 1583/1749/1358 
f 1587/1752/1359 1588/1753/1359 1584/1751/1359 1586/1750/1359 
f 1586/1750/1360 684/736/1360 210/213/1360 1587/1752/1360 
f 689/741/1361 685/737/1361 684/736/1361 1586/1750/1361 
f 1589/1754/1362 1590/1755/1362 1588/1753/1362 1587/1752/1362 
f 1587/1752/1363 210/213/1363 209/212/1363 1589/1754/1363 
f 1591/1756/1364 1592/1757/1364 1590/1758/1364 1589/1759/1364 
f 1589/1759/1365 209/216/1365 212/215/1365 1591/1756/1365 
f 1593/1760/1366 1594/1761/1366 1592/1757/1366 1591/1756/1366 
f 212/215/1367 1595/1762/1367 1593/1760/1367 1591/1756/1367 
f 1595/1762/1368 1596/1763/1368 1597/1764/1368 1593/1760/1368 
f 56/56/1369 55/55/1369 1596/1763/1369 1595/1762/1369 
f 1595/1762/1370 212/215/1370 211/214/1370 56/56/1370 
f 1596/1763/1371 1598/1765/1371 1599/1766/1371 1597/1764/1371 
f 55/55/1372 61/61/1372 1598/1765/1372 1596/1763/1372 
f 1598/1765/1373 1600/1767/1373 1601/1768/1373 1599/1766/1373 
f 61/61/1374 1602/1769/1374 1600/1767/1374 1598/1765/1374 
f 1602/1769/1375 1603/1770/1375 1604/1771/1375 1600/1767/1375 
f 1605/1772/1376 1606/1773/1376 1603/1770/1376 1602/1769/1376 
f 1602/1769/1377 61/61/1377 60/60/1377 1605/1772/1377 
f 1605/1772/1378 1607/1774/1378 1608/1775/1378 1606/1773/1378 
f 60/60/1379 59/59/1379 1607/1774/1379 1605/1772/1379 
f 1607/1774/1380 1609/1776/1380 1610/1777/1380 1608/1775/1380 
f 59/59/1381 1611/1778/1381 1609/1776/1381 1607/1774/1381 
f 1611/1778/1382 59/59/1382 57/57/1382 215/221/1382 
f 1611/1778/1383 1612/1779/1383 1613/1780/1383 1609/1776/1383 
f 215/221/1384 214/220/1384 1612/1779/1384 1611/1778/1384 
f 1612/1781/1385 668/720/1385 667/719/1385 1613/1782/1385 
f 214/219/1386 213/218/1386 668/720/1386 1612/1781/1386 
f 1614/1783/1387 1610/1777/1387 1609/1776/1387 1613/1780/1387 
f 1613/1782/1388 667/719/1388 662/714/1388 1614/1784/1388 
f 1615/1785/1389 1616/1786/1389 1610/1777/1389 1614/1783/1389 
f 1614/1784/1390 662/714/1390 661/713/1390 1615/1787/1390 
f 1617/1788/1391 71/71/1391 1616/1786/1391 1615/1785/1391 
f 1615/1787/1392 661/713/1392 656/708/1392 1617/1789/1392 
f 1617/1788/1393 1618/1790/1393 68/68/1393 71/71/1393 
f 656/708/1394 655/707/1394 1618/1791/1394 1617/1789/1394 
f 1618/1790/1395 1619/1792/1395 69/69/1395 68/68/1395 
f 655/707/1396 650/702/1396 1619/1793/1396 1618/1791/1396 
f 1619/1792/1397 1620/1794/1397 1621/1795/1397 69/69/1397 
f 650/702/1398 649/701/1398 1620/1796/1398 1619/1793/1398 
f 1620/1794/1399 1622/1797/1399 1623/1798/1399 1621/1795/1399 
f 649/701/1400 644/696/1400 1622/1799/1400 1620/1796/1400 
f 1622/1797/1401 1624/1800/1401 1625/1801/1401 1623/1798/1401 
f 644/696/1402 643/695/1402 1624/1802/1402 1622/1799/1402 
f 1626/1803/1403 1627/1804/1403 1625/1801/1403 1624/1800/1403 
f 643/695/1404 636/688/1404 1626/1805/1404 1624/1802/1404 
f 631/1806/1405 1628/1807/1405 1627/1804/1405 1626/1803/1405 
f 636/688/1406 632/684/1406 631/683/1406 1626/1805/1406 
f 1628/1807/1407 1629/1808/1407 1630/1809/1407 1627/1804/1407 
f 626/675/1408 224/230/1408 1629/1808/1408 1628/1807/1408 
f 1628/1807/1409 631/1806/1409 627/676/1409 626/675/1409 
f 1629/1808/1410 1631/1810/1410 1632/1811/1410 1630/1809/1410 
f 224/230/1411 223/229/1411 1631/1810/1411 1629/1808/1411 
f 1631/1810/1412 99/102/1412 97/100/1412 1632/1811/1412 
f 223/229/1413 228/234/1413 99/102/1413 1631/1810/1413 
f 1632/1811/1414 97/100/1414 96/99/1414 1633/1812/1414 
f 1633/1812/1415 1634/1813/1415 1630/1809/1415 1632/1811/1415 
f 1634/1813/1416 1633/1812/1416 1635/1814/1416 1636/1815/1416 
f 1634/1813/1417 1625/1801/1417 1627/1804/1417 1630/1809/1417 
f 1636/1815/1418 1623/1798/1418 1625/1801/1418 1634/1813/1418 
f 1635/1814/1419 1637/1816/1419 317/331/1419 1638/1817/1419 
f 1633/1812/1420 96/99/1420 1637/1816/1420 1635/1814/1420 
f 1635/1814/1421 1638/1817/1421 1639/1818/1421 1636/1815/1421 
f 1638/1817/1422 67/67/1422 66/66/1422 1639/1818/1422 
f 1621/1795/1423 1623/1798/1423 1636/1815/1423 1639/1818/1423 
f 1639/1818/1424 66/66/1424 69/69/1424 1621/1795/1424 
f 1637/1816/1425 312/326/1425 313/327/1425 317/331/1425 
f 96/99/1426 95/98/1426 312/326/1426 1637/1816/1426 
f 1638/1817/1427 317/331/1427 316/330/1427 67/67/1427 
f 1616/1786/1428 1640/1819/1428 1608/1775/1428 1610/1777/1428 
f 71/71/1429 70/70/1429 1640/1819/1429 1616/1786/1429 
f 1641/1820/1430 1606/1773/1430 1608/1775/1430 1640/1819/1430 
f 1640/1819/1431 70/70/1431 72/72/1431 1641/1820/1431 
f 1641/1820/1432 72/72/1432 1642/1821/1432 1643/1822/1432 
f 1643/1822/1433 1603/1770/1433 1606/1773/1433 1641/1820/1433 
f 1642/1821/1434 331/345/1434 330/344/1434 336/350/1434 
f 72/72/1435 64/64/1435 331/345/1435 1642/1821/1435 
f 336/350/1436 1644/1823/1436 1643/1822/1436 1642/1821/1436 
f 336/350/1437 335/349/1437 341/357/1437 1644/1823/1437 
f 1644/1823/1438 1604/1771/1438 1603/1770/1438 1643/1822/1438 
f 1644/1823/1439 341/357/1439 1645/1824/1439 1604/1771/1439 
f 341/357/1440 340/356/1440 346/1825/1440 1645/1824/1440 
f 1645/1824/1441 1601/1768/1441 1600/1767/1441 1604/1771/1441 
f 346/1825/1442 1646/1826/1442 1601/1768/1442 1645/1824/1442 
f 346/363/1443 345/362/1443 351/368/1443 1646/1827/1443 
f 1646/1826/1444 1647/1828/1444 1599/1766/1444 1601/1768/1444 
f 1646/1827/1445 351/368/1445 1648/1829/1445 1647/1830/1445 
f 351/368/1446 350/367/1446 356/373/1446 1648/1829/1446 
f 1648/1829/1447 1649/1831/1447 1650/1832/1447 1647/1830/1447 
f 1648/1829/1448 356/373/1448 1651/1833/1448 1649/1831/1448 
f 356/373/1449 355/372/1449 361/378/1449 1651/1833/1449 
f 1652/1834/1450 1653/1835/1450 1649/1831/1450 1651/1833/1450 
f 1651/1833/1451 361/378/1451 1654/1836/1451 1652/1834/1451 
f 361/378/1452 360/377/1452 366/383/1452 1654/1836/1452 
f 1655/1837/1453 1656/1838/1453 1652/1834/1453 1654/1836/1453 
f 1654/1836/1454 366/383/1454 1657/1839/1454 1655/1837/1454 
f 366/383/1455 365/382/1455 371/388/1455 1657/1839/1455 
f 1658/1840/1456 1659/1841/1456 1655/1837/1456 1657/1839/1456 
f 1657/1839/1457 371/388/1457 1660/1842/1457 1658/1840/1457 
f 371/388/1458 370/387/1458 376/393/1458 1660/1842/1458 
f 1661/1843/1459 1662/1844/1459 1658/1840/1459 1660/1842/1459 
f 1660/1842/1460 376/393/1460 1663/1845/1460 1661/1843/1460 
f 376/393/1461 375/392/1461 381/398/1461 1663/1845/1461 
f 1664/1846/1462 1665/1847/1462 1661/1843/1462 1663/1845/1462 
f 1663/1845/1463 381/398/1463 1666/1848/1463 1664/1846/1463 
f 381/398/1464 380/397/1464 386/403/1464 1666/1848/1464 
f 1667/1849/1465 1668/1850/1465 1664/1846/1465 1666/1848/1465 
f 1666/1848/1466 386/403/1466 1669/1851/1466 1667/1849/1466 
f 386/403/1467 385/402/1467 391/408/1467 1669/1851/1467 
f 1670/1852/1468 1671/1853/1468 1667/1849/1468 1669/1851/1468 
f 1669/1851/1469 391/408/1469 1672/1854/1469 1670/1852/1469 
f 391/408/1470 390/407/1470 396/415/1470 1672/1854/1470 
f 1673/1855/1471 1674/1856/1471 1670/1852/1471 1672/1854/1471 
f 1672/1854/1472 396/415/1472 1675/1857/1472 1673/1855/1472 
f 396/415/1473 395/414/1473 401/1858/1473 1675/1857/1473 
f 1676/1859/1474 1677/1860/1474 1673/1855/1474 1675/1857/1474 
f 1675/1857/1475 401/1858/1475 1678/1861/1475 1676/1859/1475 
f 401/423/205 400/422/205 404/1862/205 1678/1863/205 
f 1679/1864/1476 1680/1865/1476 1676/1859/1476 1678/1861/1476 
f 1678/1863/205 404/1862/205 406/1866/205 1679/1867/205 
f 1681/1868/205 1682/1869/205 1679/1867/205 406/1866/205 
f 406/429/1477 405/428/1477 1683/1870/1477 1681/1871/1477 
f 1681/1871/1478 1683/1870/1478 1684/1872/1478 1685/1873/1478 
f 1685/1873/1479 1684/1872/1479 1686/1874/1479 1687/1875/1479 
f 1687/1875/1480 1686/1874/1480 1688/1876/1480 1689/1877/1480 
f 1689/1877/1481 1688/1876/1481 1690/1878/1481 1691/1879/1481 
f 1691/1879/1482 1690/1878/1482 1692/1880/1482 1552/1881/1482 
f 1552/1881/1483 1692/1880/1483 1549/1706/1483 1548/1705/1483 
f 1691/1882/203 1555/1883/203 1693/1884/203 1689/1885/203 
f 1552/1712/205 1551/1711/205 1555/1883/205 1691/1882/205 
f 1694/1886/203 1687/1887/203 1689/1885/203 1693/1884/203 
f 1693/1888/1484 1558/1720/1484 1695/1889/1484 1694/1890/1484 
f 1555/1717/1485 1554/1716/1485 1558/1720/1485 1693/1888/1485 
f 1696/1891/1486 1697/1892/1486 1694/1890/1486 1695/1889/1486 
f 1695/1889/1487 1561/1723/1487 1698/1893/1487 1696/1891/1487 
f 1558/1720/1488 1557/1719/1488 1561/1723/1488 1695/1889/1488 
f 1699/1894/1489 1700/1895/1489 1696/1891/1489 1698/1893/1489 
f 1698/1893/1490 1564/1726/1490 1701/1896/1490 1699/1894/1490 
f 1561/1723/1491 1560/1722/1491 1564/1726/1491 1698/1893/1491 
f 1702/1897/1492 1703/1898/1492 1699/1894/1492 1701/1896/1492 
f 1701/1896/1493 1567/1729/1493 1704/1899/1493 1702/1897/1493 
f 1564/1726/1494 1563/1725/1494 1567/1729/1494 1701/1896/1494 
f 1705/1900/1495 1706/1901/1495 1702/1897/1495 1704/1899/1495 
f 1704/1899/1496 1570/1732/1496 1707/1902/1496 1705/1900/1496 
f 1567/1729/1497 1566/1728/1497 1570/1732/1497 1704/1899/1497 
f 1708/1903/1498 1709/1904/1498 1705/1900/1498 1707/1902/1498 
f 1707/1902/1499 1573/1735/1499 1710/1905/1499 1708/1903/1499 
f 1570/1732/1500 1569/1731/1500 1573/1735/1500 1707/1902/1500 
f 1711/1906/1501 1712/1907/1501 1708/1903/1501 1710/1905/1501 
f 1710/1905/1502 1576/1738/1502 1713/1908/1502 1711/1906/1502 
f 1573/1735/1503 1572/1734/1503 1576/1738/1503 1710/1905/1503 
f 1714/1909/1504 1715/1910/1504 1711/1906/1504 1713/1908/1504 
f 1713/1908/1505 1579/1741/1505 1716/1911/1505 1714/1909/1505 
f 1576/1738/1506 1575/1737/1506 1579/1741/1506 1713/1908/1506 
f 1717/1912/1507 1718/1913/1507 1714/1909/1507 1716/1911/1507 
f 1716/1911/1508 1582/1744/1508 1719/1914/1508 1717/1912/1508 
f 1579/1741/1509 1578/1740/1509 1582/1744/1509 1716/1911/1509 
f 1720/1915/1510 1721/1916/1510 1717/1912/1510 1719/1914/1510 
f 1719/1914/1511 1585/1748/1511 1722/1917/1511 1720/1915/1511 
f 1582/1744/1512 1581/1743/1512 1585/1748/1512 1719/1914/1512 
f 1723/1918/1513 1724/1919/1513 1720/1915/1513 1722/1917/1513 
f 1722/1917/1514 1588/1920/1514 1590/1921/1514 1723/1918/1514 
f 1585/1748/1515 1584/1747/1515 1588/1920/1515 1722/1917/1515 
f 1725/1922/1516 1656/1838/1516 1724/1919/1516 1723/1918/1516 
f 1723/1918/1517 1590/1921/1517 1592/1923/1517 1725/1922/1517 
f 1653/1835/1518 1652/1834/1518 1656/1838/1518 1725/1922/1518 
f 1725/1922/1519 1592/1923/1519 1594/1924/1519 1653/1835/1519 
f 1656/1838/1520 1655/1837/1520 1659/1841/1520 1724/1919/1520 
f 1724/1919/1521 1659/1841/1521 1721/1916/1521 1720/1915/1521 
f 1659/1841/1522 1658/1840/1522 1662/1844/1522 1721/1916/1522 
f 1721/1916/1523 1662/1844/1523 1718/1913/1523 1717/1912/1523 
f 1662/1844/1524 1661/1843/1524 1665/1847/1524 1718/1913/1524 
f 1718/1913/1525 1665/1847/1525 1715/1910/1525 1714/1909/1525 
f 1665/1847/1526 1664/1846/1526 1668/1850/1526 1715/1910/1526 
f 1715/1910/1527 1668/1850/1527 1712/1907/1527 1711/1906/1527 
f 1668/1850/1528 1667/1849/1528 1671/1853/1528 1712/1907/1528 
f 1712/1907/1529 1671/1853/1529 1709/1904/1529 1708/1903/1529 
f 1671/1853/1530 1670/1852/1530 1674/1856/1530 1709/1904/1530 
f 1709/1904/1531 1674/1856/1531 1706/1901/1531 1705/1900/1531 
f 1674/1856/1532 1673/1855/1532 1677/1860/1532 1706/1901/1532 
f 1706/1901/1533 1677/1860/1533 1703/1898/1533 1702/1897/1533 
f 1677/1860/1534 1676/1859/1534 1680/1865/1534 1703/1898/1534 
f 1703/1898/1535 1680/1865/1535 1700/1895/1535 1699/1894/1535 
f 1680/1865/1536 1679/1864/1536 1682/1925/1536 1700/1895/1536 
f 1700/1895/1537 1682/1925/1537 1697/1892/1537 1696/1891/1537 
f 1682/1869/203 1681/1868/203 1685/1926/203 1697/1927/203 
f 1697/1927/205 1685/1926/205 1687/1887/205 1694/1886/205 
f 1594/1924/1538 1650/1832/1538 1649/1831/1538 1653/1835/1538 
f 1597/1764/1539 1599/1766/1539 1647/1828/1539 1650/1928/1539 
f 1650/1928/1540 1594/1761/1540 1593/1760/1540 1597/1764/1540 
f 181/184/1541 747/802/1541 746/801/1541 752/807/1541 
f 684/736/1542 680/732/1542 205/208/1542 210/213/1542 
f 622/671/1543 225/231/1543 224/230/1543 626/675/1543 
f 624/673/1544 89/95/1544 93/94/1544 620/669/1544 
f 150/153/1545 149/152/1545 586/632/1545 588/634/1545 
f 586/632/1546 149/152/1546 154/157/1546 584/630/1546 
f 518/559/1547 517/558/1547 521/562/1547 525/567/1547 
f 37/37/1548 36/36/1548 497/538/1548 500/541/1548 
f 348/365/1549 344/361/1549 343/360/1549 161/164/1549 
f 64/64/1550 63/63/1550 326/340/1550 331/345/1550 
f 95/98/1551 98/101/1551 308/322/1551 307/321/1551 
f 295/309/1552 297/311/1552 303/317/1552 308/322/1552 
f 98/101/1553 102/105/1553 295/309/1553 308/322/1553 
f 215/221/1554 57/57/1554 56/56/1554 211/214/1554 
f 133/136/1555 136/139/1555 168/171/1555 171/174/1555 
f 111/114/1556 15/15/1556 14/14/1556 112/115/1556 
f 39/39/1557 7/7/1557 11/11/1557 35/35/1557 
f 899/968/1558 151/154/1558 148/151/1558 1238/1367/1558 
f 782/1319/205 784/1326/205 1207/1325/205 1205/1320/205 
f 1726/1929/1559 135/138/1559 129/132/1559 
f 132/135/1560 1726/1929/1560 129/132/1560 
f 555/599/1561 1727/1930/1561 559/603/1561 553/597/1561 
f 555/599/1562 557/601/1562 1728/1931/1562 1727/1930/1562 
f 240/246/1563 239/245/1563 1727/1930/1563 1728/1931/1563 
f 239/245/1564 241/247/1564 559/603/1564 1727/1930/1564 
f 86/86/1565 87/87/1565 1729/1932/1565 550/594/1565 
f 548/592/1566 86/86/1566 550/594/1566 549/593/1566 
f 235/241/1567 238/244/1567 254/264/1567 252/260/1567 
f 249/263/1568 236/242/1568 235/241/1568 252/260/1568 
f 502/543/1569 43/43/1569 45/45/1569 503/544/1569 
f 44/44/1570 43/43/1570 498/539/1570 495/536/1570 
f 44/44/1571 495/536/1571 487/528/1571 
f 509/550/1572 505/546/1572 504/545/1572 506/547/1572 
f 511/552/1573 504/545/1573 45/45/1573 42/42/1573 
f 47/47/1574 511/552/1574 42/42/1574 
f 859/928/1575 1730/1933/1575 1731/1934/1575 860/929/1575 
f 860/929/1576 1731/1934/1576 513/554/1576 514/555/1576 
f 514/555/1577 197/200/1577 884/953/1577 
f 1236/1365/1578 903/972/1578 906/975/1578 1235/1364/1578 
f 906/975/1579 169/172/1579 1235/1364/1579 
f 908/977/1580 907/976/1580 1237/1366/1580 147/150/1580 
f 146/149/1581 908/977/1581 147/150/1581 
f 1064/1144/1582 1234/1363/1582 1061/1141/1582 1062/1142/1582 
f 1066/1146/205 1065/1145/205 182/185/205 
f 178/181/48 177/180/48 1070/1150/48 1067/1147/48 
f 1068/1148/1583 177/180/1583 176/179/1583 1176/1274/1583 
f 1176/1274/1584 176/179/1584 179/182/1584 1178/1276/1584 
f 1050/1935/1585 1732/1936/1585 1733/1937/1585 1051/1938/1585 
f 1051/1938/1586 1733/1937/1586 1734/1939/1586 1052/1940/1586 
f 1052/1940/1587 1734/1939/1587 1735/1941/1587 1054/1942/1587 
f 1054/1942/1588 1735/1941/1588 1736/1943/1588 1175/1944/1588 
f 1057/1945/1589 1737/1946/1589 1732/1936/1589 1050/1935/1589 
f 1738/1947/1590 1737/1946/1590 1057/1945/1590 1056/1948/1590 
f 1739/1949/1591 1738/1947/1591 1056/1948/1591 1059/1950/1591 
f 1740/1951/1592 1741/1952/1592 1234/1953/1592 1064/1954/1592 
f 1742/1955/1593 1743/1956/1593 1063/1957/1593 1065/1958/1593 
f 1744/1959/1594 1745/1960/1594 1066/1961/1594 1067/1962/1594 
f 1746/1963/1595 1747/1964/1595 1070/1965/1595 1069/1966/1595 
f 1748/1967/1596 1746/1963/1596 1069/1966/1596 1072/1968/1596 
f 1749/1969/1597 1748/1967/1597 1072/1968/1597 1073/1970/1597 
f 1750/1971/1598 1749/1969/1598 1073/1970/1598 1074/1972/1598 
f 1075/1973/1599 1751/1974/1599 1750/1971/1599 1074/1972/1599 
f 1076/1975/1600 1752/1976/1600 1751/1974/1600 1075/1973/1600 
f 1077/1977/1601 1753/1978/1601 1752/1979/1601 1076/1980/1601 
f 1078/1981/1602 1754/1982/1602 1753/1978/1602 1077/1977/1602 
f 1080/1983/1603 1755/1984/1603 1754/1982/1603 1078/1981/1603 
f 1081/1985/1604 1756/1986/1604 1755/1984/1604 1080/1983/1604 
f 1083/1987/1605 1757/1988/1605 1756/1986/1605 1081/1985/1605 
f 1084/1989/1606 1758/1990/1606 1757/1988/1606 1083/1987/1606 
f 1086/1991/1607 1759/1992/1607 1758/1990/1607 1084/1989/1607 
f 1175/1944/1608 1736/1943/1608 1759/1992/1608 1086/1991/1608 
f 1741/1952/1609 1760/1993/1609 1233/1994/1609 1234/1953/1609 
f 1760/1993/1610 1739/1949/1610 1059/1950/1610 1233/1994/1610 
f 1743/1956/1611 1740/1951/1611 1064/1954/1611 1063/1957/1611 
f 1745/1960/1612 1742/1955/1612 1065/1958/1612 1066/1961/1612 
f 1747/1964/1613 1744/1959/1613 1067/1962/1613 1070/1965/1613 
f 1761/1995/1614 1762/1996/1614 115/1997/1614 114/1998/1614 
f 1763/1999/1615 1761/1995/1615 114/1998/1615 117/2000/1615 
f 122/2001/1616 1764/2002/1616 1765/2003/1616 123/2004/1616 
f 125/2005/1617 1766/2006/1617 1764/2002/1617 122/2001/1617 
f 1767/2007/1618 1768/2008/1618 837/2009/1618 836/2010/1618 
f 839/2011/1619 1769/2012/1619 1767/2007/1619 836/2010/1619 
f 841/2013/1620 1770/2014/1620 1769/2012/1620 839/2011/1620 
f 843/2015/1621 1771/2016/1621 1770/2014/1621 841/2013/1621 
f 898/2017/1622 1772/2018/1622 1766/2006/1622 125/2005/1622 
f 899/2019/1623 1773/2020/1623 1772/2018/1623 898/2017/1623 
f 1774/2021/1624 1773/2020/1624 899/2019/1624 1238/2022/1624 
f 1775/2023/1625 1774/2021/1625 1238/2022/1625 1237/2024/1625 
f 123/2025/1626 1765/2026/1626 1776/2027/1626 901/2028/1626 
f 901/2028/1627 1776/2027/1627 1777/2029/1627 900/2030/1627 
f 900/2030/1628 1777/2029/1628 1778/2031/1628 902/2032/1628 
f 902/2032/1629 1778/2031/1629 1771/2016/1629 843/2015/1629 
f 1779/2033/1630 1780/2034/1630 904/2035/1630 903/2036/1630 
f 1781/2037/1587 1775/2023/1587 1237/2024/1587 907/2038/1587 
f 1782/2039/1631 1783/2040/1631 132/2041/1631 1082/2042/1631 
f 1762/1996/1632 1782/2039/1632 1082/2042/1632 115/1997/1632 
f 1784/2043/1593 1763/1999/1593 117/2000/1593 1225/2044/1593 
f 1785/2045/1633 1784/2043/1633 1225/2044/1633 1226/2046/1633 
f 1768/2008/1634 1785/2045/1634 1226/2046/1634 837/2009/1634 
f 1786/2047/1635 1787/2048/1635 1236/2049/1635 135/2050/1635 
f 1788/2051/1636 1786/2047/1636 135/2050/1636 1726/2052/1636 
f 1783/2040/1637 1788/2051/1637 1726/2052/1637 132/2041/1637 
f 1787/2048/1638 1779/2033/1638 903/2036/1638 1236/2049/1638 
f 1780/2034/1639 1781/2037/1639 907/2038/1639 904/2035/1639 
f 1730/1933/1640 508/549/1640 507/548/1640 1731/1934/1640 
f 507/548/1641 510/551/1641 513/554/1641 1731/1934/1641 
f 877/946/1642 880/949/1642 882/951/1642 878/947/1642 
f 879/948/1643 883/952/1643 880/949/1643 877/946/1643 
f 878/947/1644 200/203/1644 888/957/1644 875/944/1644 
f 1789/2053/1645 1790/2054/1645 34/2055/1645 37/2056/1645 
f 1790/2054/1646 1791/2057/1646 40/2058/1646 34/2055/1646 
f 1792/2059/1647 1793/2060/1647 500/2061/1647 499/2062/1647 
f 1794/2063/1648 1792/2059/1648 499/2062/1648 501/2064/1648 
f 502/2065/1612 1795/2066/1612 1794/2063/1612 501/2064/1612 
f 505/2067/1649 1796/2068/1649 1797/2069/1649 503/2070/1649 
f 508/2071/1650 1798/2072/1650 1799/2073/1650 509/2074/1650 
f 1800/2075/1651 1801/2076/1651 854/2077/1651 853/2078/1651 
f 1791/2057/1652 1800/2075/1652 853/2078/1652 40/2058/1652 
f 1793/2060/1609 1789/2053/1609 37/2056/1609 500/2061/1609 
f 859/2079/1653 1802/2080/1653 1803/2081/1653 1730/2082/1653 
f 858/2083/1654 1804/2084/1654 1805/2085/1654 855/2086/1654 
f 883/2087/1655 1806/2088/1655 1804/2084/1655 858/2083/1655 
f 1807/2089/1656 1808/2090/1656 876/2091/1656 873/2092/1656 
f 879/2093/1657 1809/2094/1657 1806/2088/1657 883/2087/1657 
f 1810/2095/1658 1807/2089/1658 873/2092/1658 870/2096/1658 
f 1811/2097/1659 1812/2098/1659 861/2099/1659 864/2100/1659 
f 1812/2098/1660 1813/2101/1660 865/2102/1660 861/2099/1660 
f 1813/2101/1661 1810/2095/1661 870/2096/1661 865/2102/1661 
f 1801/2076/1662 1811/2097/1662 864/2100/1662 854/2077/1662 
f 503/2070/1663 1797/2069/1663 1795/2066/1663 502/2065/1663 
f 509/2074/1620 1799/2073/1620 1796/2068/1620 505/2067/1620 
f 855/2086/1616 1805/2085/1616 1802/2103/1616 859/2104/1616 
f 1730/2082/1628 1803/2081/1628 1798/2072/1628 508/2071/1628 
f 1808/2090/1608 1809/2094/1608 879/2093/1608 876/2091/1608 
f 286/300/1664 282/296/1664 281/295/1664 283/297/1664 
f 282/296/1665 278/292/1665 277/291/1665 
f 552/596/1666 551/595/1666 554/598/1666 553/597/1666 
f 558/602/1667 551/595/1667 550/594/1667 1729/1932/1667 
f 552/596/1668 553/597/1668 561/605/1668 1283/1414/1668 
f 638/2105/1669 1814/2106/1669 639/2107/1669 
f 640/2108/1670 1814/2106/1670 638/2105/1670 
f 642/2109/1671 1814/2106/1671 640/2108/1671 
f 646/2110/1672 1814/2106/1672 642/2109/1672 
f 648/2111/1673 1814/2106/1673 646/2110/1673 
f 652/2112/1674 1814/2106/1674 648/2111/1674 
f 654/2113/1675 1814/2106/1675 652/2112/1675 
f 658/2114/1676 1814/2106/1676 654/2113/1676 
f 660/2115/1677 1814/2106/1677 658/2114/1677 
f 664/2116/1678 1814/2106/1678 660/2115/1678 
f 666/2117/1679 1814/2106/1679 664/2116/1679 
f 670/2118/1680 1814/2106/1680 666/2117/1680 
f 672/2119/1681 1814/2106/1681 670/2118/1681 
f 674/2120/1682 1814/2106/1682 672/2119/1682 
f 676/2121/1683 1814/2106/1683 674/2120/1683 
f 678/2122/1684 1814/2106/1684 676/2121/1684 
f 937/2123/1685 1814/2106/1685 938/2124/1685 
f 940/2125/1686 1814/2106/1686 937/2123/1686 
f 942/2126/1687 1814/2106/1687 940/2125/1687 
f 944/2127/1688 1814/2106/1688 942/2126/1688 
f 947/2128/1689 1814/2106/1689 944/2127/1689 
f 948/2129/1690 1814/2106/1690 947/2128/1690 
f 639/2107/1691 1814/2106/1691 948/2129/1691 
f 938/2124/1692 1814/2106/1692 949/2130/1692 
f 949/2130/1693 1814/2106/1693 950/2131/1693 
f 950/2131/1694 1814/2106/1694 951/2132/1694 
f 951/2132/1695 1814/2106/1695 952/2133/1695 
f 952/2133/1696 1814/2106/1696 953/2134/1696 
f 953/2134/1697 1814/2106/1697 955/2135/1697 
f 955/2135/1698 1814/2106/1698 957/2136/1698 
f 957/2136/1699 1814/2106/1699 959/2137/1699 
f 959/2137/1700 1814/2106/1700 961/2138/1700 
f 961/2138/1701 1814/2106/1701 963/2139/1701 
f 963/2139/1702 1814/2106/1702 965/2140/1702 
f 965/2140/1703 1814/2106/1703 967/2141/1703 
f 967/2141/1704 1814/2106/1704 969/2142/1704 
f 969/2142/1705 1814/2106/1705 971/2143/1705 
f 971/2143/1706 1814/2106/1706 973/2144/1706 
f 973/2144/1707 1814/2106/1707 975/2145/1707 
f 975/2145/1708 1814/2106/1708 977/2146/1708 
f 977/2146/1709 1814/2106/1709 979/2147/1709 
f 979/2147/1710 1814/2106/1710 981/2148/1710 
f 981/2148/1711 1814/2106/1711 983/2149/1711 
f 983/2149/1712 1814/2106/1712 985/2150/1712 
f 985/2150/1713 1814/2106/1713 987/2151/1713 
f 987/2151/1714 1814/2106/1714 678/2122/1714 
f 84/2152/1715 1815/2153/1715 85/2154/1715 
f 85/2154/1716 1815/2153/1716 87/2155/1716 
f 218/2156/1717 1815/2153/1717 219/2157/1717 
f 219/2157/1718 1815/2153/1718 221/2158/1718 
f 237/2159/1719 1815/2153/1719 238/2160/1719 
f 240/2161/1720 1815/2153/1720 237/2159/1720 
f 254/2162/1721 1815/2153/1721 255/2163/1721 
f 255/2163/1722 1815/2153/1722 258/2164/1722 
f 258/2164/1723 1815/2153/1723 259/2165/1723 
f 259/2165/1724 1815/2153/1724 218/2156/1724 
f 279/2166/1725 1815/2153/1725 280/2167/1725 
f 221/2158/1726 1815/2153/1726 279/2166/1726 
f 280/2167/1727 1815/2153/1727 281/2168/1727 
f 283/2169/1728 1815/2153/1728 284/2170/1728 
f 284/2170/1729 1815/2153/1729 287/2171/1729 
f 287/2171/1730 1815/2153/1730 289/2172/1730 
f 289/2172/1731 1815/2153/1731 291/2173/1731 
f 291/2173/1732 1815/2153/1732 292/2174/1732 
f 292/2174/1733 1815/2153/1733 293/2175/1733 
f 293/2175/1734 1815/2153/1734 294/2176/1734 
f 294/2176/1735 1815/2153/1735 296/2177/1735 
f 296/2177/1736 1815/2153/1736 298/2178/1736 
f 298/2178/1737 1815/2153/1737 84/2152/1737 
f 556/2179/1738 1815/2153/1738 557/2180/1738 
f 558/2181/1739 1815/2153/1739 556/2179/1739 
f 557/2180/1740 1815/2153/1740 1728/2182/1740 
f 1728/2182/1741 1815/2153/1741 240/2161/1741 
f 87/2155/1742 1815/2153/1742 1729/2183/1742 
f 238/2160/1743 1815/2153/1743 254/2162/1743 
f 281/2168/1744 1815/2153/1744 283/2169/1744 
f 1729/2183/1745 1815/2153/1745 558/2181/1745 
f 1789/2184/1746 1816/2185/1746 1790/2186/1746 
f 1790/2186/1747 1816/2185/1747 1791/2187/1747 
f 1792/2188/1748 1816/2185/1748 1793/2189/1748 
f 1794/2190/1749 1816/2185/1749 1792/2188/1749 
f 1795/2191/1750 1816/2185/1750 1794/2190/1750 
f 1796/2192/1751 1816/2185/1751 1797/2193/1751 
f 1798/2194/1752 1816/2185/1752 1799/2195/1752 
f 1800/2196/1753 1816/2185/1753 1801/2197/1753 
f 1791/2187/1754 1816/2185/1754 1800/2196/1754 
f 1793/2189/1755 1816/2185/1755 1789/2184/1755 
f 1802/2198/1756 1816/2185/1756 1803/2199/1756 
f 1804/2200/1757 1816/2185/1757 1805/2201/1757 
f 1806/2202/1758 1816/2185/1758 1804/2200/1758 
f 1807/2203/1759 1816/2185/1759 1808/2204/1759 
f 1809/2205/1760 1816/2185/1760 1806/2202/1760 
f 1810/2206/1761 1816/2185/1761 1807/2203/1761 
f 1811/2207/1762 1816/2185/1762 1812/2208/1762 
f 1812/2208/1763 1816/2185/1763 1813/2209/1763 
f 1813/2209/1764 1816/2185/1764 1810/2206/1764 
f 1801/2197/1765 1816/2185/1765 1811/2207/1765 
f 1797/2193/1766 1816/2185/1766 1795/2191/1766 
f 1799/2195/1767 1816/2185/1767 1796/2192/1767 
f 1805/2201/1768 1816/2185/1768 1802/2198/1768 
f 1803/2199/1769 1816/2185/1769 1798/2194/1769 
f 1808/2204/1770 1816/2185/1770 1809/2205/1770 
f 1761/2210/1771 1817/2211/1771 1762/2212/1771 
f 1763/2213/1772 1817/2211/1772 1761/2210/1772 
f 1764/2214/1773 1817/2211/1773 1765/2215/1773 
f 1766/2216/1774 1817/2211/1774 1764/2214/1774 
f 1767/2217/1775 1817/2211/1775 1768/2218/1775 
f 1769/2219/1776 1817/2211/1776 1767/2217/1776 
f 1770/2220/1777 1817/2211/1777 1769/2219/1777 
f 1771/2221/1778 1817/2211/1778 1770/2220/1778 
f 1772/2222/1779 1817/2211/1779 1766/2216/1779 
f 1773/2223/1780 1817/2211/1780 1772/2222/1780 
f 1774/2224/1781 1817/2211/1781 1773/2223/1781 
f 1775/2225/1782 1817/2211/1782 1774/2224/1782 
f 1765/2215/1783 1817/2211/1783 1776/2226/1783 
f 1776/2226/1784 1817/2211/1784 1777/2227/1784 
f 1777/2227/1785 1817/2211/1785 1778/2228/1785 
f 1778/2228/1786 1817/2211/1786 1771/2221/1786 
f 1779/2229/1787 1817/2211/1787 1780/2230/1787 
f 1781/2231/1788 1817/2211/1788 1775/2225/1788 
f 1782/2232/1789 1817/2211/1789 1783/2233/1789 
f 1762/2212/1790 1817/2211/1790 1782/2232/1790 
f 1784/2234/1791 1817/2211/1791 1763/2213/1791 
f 1785/2235/1792 1817/2211/1792 1784/2234/1792 
f 1768/2218/1793 1817/2211/1793 1785/2235/1793 
f 1786/2236/1794 1817/2211/1794 1787/2237/1794 
f 1788/2238/1795 1817/2211/1795 1786/2236/1795 
f 1783/2233/1796 1817/2211/1796 1788/2238/1796 
f 1787/2237/1797 1817/2211/1797 1779/2229/1797 
f 1780/2230/1798 1817/2211/1798 1781/2231/1798 
f 1732/2239/1799 1818/2240/1799 1733/2241/1799 
f 1733/2241/1800 1818/2240/1800 1734/2242/1800 
f 1734/2242/1801 1818/2240/1801 1735/2243/1801 
f 1735/2243/1802 1818/2240/1802 1736/2244/1802 
f 1737/2245/1803 1818/2240/1803 1732/2239/1803 
f 1738/2246/1804 1818/2240/1804 1737/2245/1804 
f 1739/2247/1805 1818/2240/1805 1738/2246/1805 
f 1740/2248/1806 1818/2240/1806 1741/2249/1806 
f 1742/2250/1807 1818/2240/1807 1743/2251/1807 
f 1744/2252/1808 1818/2240/1808 1745/2253/1808 
f 1746/2254/1809 1818/2240/1809 1747/2255/1809 
f 1748/2256/1810 1818/2240/1810 1746/2254/1810 
f 1749/2257/1811 1818/2240/1811 1748/2256/1811 
f 1750/2258/1812 1818/2240/1812 1749/2257/1812 
f 1751/2259/1813 1818/2240/1813 1750/2258/1813 
f 1752/2260/1814 1818/2240/1814 1751/2259/1814 
f 1753/2261/1815 1818/2240/1815 1752/2260/1815 
f 1754/2262/1816 1818/2240/1816 1753/2261/1816 
f 1755/2263/1817 1818/2240/1817 1754/2262/1817 
f 1756/2264/1818 1818/2240/1818 1755/2263/1818 
f 1757/2265/1819 1818/2240/1819 1756/2264/1819 
f 1758/2266/1820 1818/2240/1820 1757/2265/1820 
f 1759/2267/203 1818/2240/203 1758/2266/203 
f 1736/2244/1821 1818/2240/1821 1759/2267/1821 
f 1741/2249/1822 1818/2240/1822 1760/2268/1822 
f 1760/2268/1823 1818/2240/1823 1739/2247/1823 
f 1743/2251/1824 1818/2240/1824 1740/2248/1824 
f 1745/2253/205 1818/2240/205 1742/2250/205 
f 1747/2255/1825 1818/2240/1825 1744/2252/1825 
f 1819/2269/205 1820/2270/205 1821/2271/205 1822/2272/205 
f 1822/2272/203 1821/2271/203 1823/2273/203 1824/2274/203 
f 1825/2275/205 1826/2276/205 1824/2274/205 1823/2273/205 
f 1827/2277/1826 1828/2278/1826 1829/2279/1826 1830/2280/1826 
f 1820/2270/1827 1819/2269/1827 1828/2278/1827 1827/2277/1827 
f 1831/2281/203 1832/2282/203 1830/2280/203 1829/2279/203 
f 1833/2283/203 1834/2284/203 1835/2285/203 1836/2286/203 
f 1836/2286/205 1835/2285/205 1837/2287/205 1838/2288/205 
f 1832/2282/203 1831/2281/203 1838/2288/203 1837/2287/203 
f 1839/2289/1828 1840/2290/1828 1841/2291/1828 1842/2292/1828 
f 1842/2292/203 1834/2284/203 1833/2283/203 1839/2289/203 
f 1840/2290/203 1843/2293/203 1844/2294/203 1841/2291/203 
f 1845/2295/203 1846/2296/203 1847/2297/203 1848/2298/203 
f 1847/2297/205 1849/2299/205 1850/2300/205 1848/2298/205 
f 1851/2301/205 1852/2302/205 1850/2300/205 1849/2299/205 
f 1853/2303/203 1854/2304/203 1855/2305/203 1856/2306/203 
f 1856/2306/205 1844/2294/205 1843/2293/205 1853/2303/205 
f 1854/2304/205 1857/2307/205 1858/2308/205 1855/2305/205 
f 1859/2309/203 1860/2310/203 1861/2311/203 1862/2312/203 
f 1861/2311/205 1863/2313/205 1864/2314/205 1862/2312/205 
f 1864/2314/203 1863/2313/203 1865/2315/203 1866/2316/203 
f 1865/2315/205 1867/2317/205 1868/2318/205 1866/2316/205 
f 1868/2318/205 1867/2317/205 1869/2319/205 1870/2320/205 
f 1869/2319/203 1871/2321/203 1872/2322/203 1870/2320/203 
f 1872/2322/203 1871/2321/203 1873/2323/203 1874/2324/203 
f 1875/2325/205 1876/2326/205 1877/2327/205 1878/2328/205 
f 1877/2327/203 1879/2329/203 1880/2330/203 1878/2328/203 
f 1879/2329/205 1881/2331/205 1882/2332/205 1880/2330/205 
f 1883/2333/203 1884/2334/203 1885/2335/203 1886/2336/203 
f 1886/2336/203 1885/2335/203 1860/2310/203 1859/2309/203 
f 1887/2337/1829 1888/2338/1829 1884/2334/1829 1883/2333/1829 
f 1887/2337/205 1852/2302/205 1851/2301/205 1888/2338/205 
f 1881/2331/205 1858/2308/205 1857/2307/205 1882/2332/205 
f 1889/2339/205 1890/2340/205 1891/2341/205 1892/2342/205 
f 1846/2296/205 1845/2295/205 1890/2340/205 1889/2339/205 
f 1893/2343/203 1894/2344/203 1892/2342/203 1891/2341/203 
f 1826/2276/205 1825/2275/205 1895/2345/205 1896/2346/205 
f 1896/2346/203 1895/2345/203 1897/2347/203 1898/2348/203 
f 1899/2349/205 1900/2350/205 1898/2348/205 1897/2347/205 
f 1901/2351/203 1902/2352/203 1903/2353/203 1904/2354/203 
f 1894/2344/203 1893/2343/203 1902/2352/203 1901/2351/203 
f 1905/2355/205 1906/2356/205 1904/2354/205 1903/2353/205 
f 1900/2350/1830 1899/2349/1830 1907/2357/1830 1908/2358/1830 
f 1908/2358/1831 1907/2357/1831 1906/2356/1831 1905/2355/1831 
f 1873/2323/205 1876/2326/205 1875/2325/205 1874/2324/205 
f 1909/2359/1832 1910/2360/1832 1821/2361/1832 1820/2362/1832 
f 1911/2363/1833 1912/2364/1833 1819/2365/1833 1822/2366/1833 
f 1913/2367/1834 1911/2363/1834 1822/2366/1834 1824/2368/1834 
f 1910/2360/1835 1914/2369/1835 1823/2370/1835 1821/2361/1835 
f 1915/2371/1606 1913/2367/1606 1824/2368/1606 1826/2372/1606 
f 1914/2369/1836 1916/2373/1836 1825/2374/1836 1823/2370/1836 
f 1917/2375/1837 1918/2376/1837 1827/2377/1837 1830/2378/1837 
f 1828/2379/1838 1919/2380/1838 1920/2381/1838 1829/2382/1838 
f 1819/2365/1839 1912/2364/1839 1919/2380/1839 1828/2379/1839 
f 1918/2376/1840 1909/2359/1840 1820/2362/1840 1827/2377/1840 
f 1921/2383/1841 1917/2384/1841 1830/2385/1841 1832/2386/1841 
f 1829/2387/1842 1920/2388/1842 1922/2389/1842 1831/2390/1842 
f 1923/2391/1628 1924/2392/1628 1835/2393/1628 1834/2394/1628 
f 1836/2395/1843 1925/2396/1843 1926/2397/1843 1833/2398/1843 
f 1838/2399/1844 1927/2400/1844 1925/2396/1844 1836/2395/1844 
f 1924/2392/1845 1928/2401/1845 1837/2402/1845 1835/2393/1845 
f 1831/2390/1846 1922/2389/1846 1927/2400/1846 1838/2399/1846 
f 1928/2401/1620 1921/2383/1620 1832/2386/1620 1837/2402/1620 
f 1929/2403/1847 1930/2404/1847 1842/2405/1847 1841/2406/1847 
f 1839/2407/1848 1931/2408/1848 1932/2409/1848 1840/2410/1848 
f 1833/2398/1849 1926/2397/1849 1931/2408/1849 1839/2407/1849 
f 1930/2404/1850 1923/2391/1850 1834/2394/1850 1842/2405/1850 
f 1933/2411/1616 1929/2403/1616 1841/2406/1616 1844/2412/1616 
f 1840/2410/1851 1932/2409/1851 1934/2413/1851 1843/2414/1851 
f 1846/2415/1852 1935/2416/1852 1936/2417/1852 1847/2418/1852 
f 1937/2419/1853 1938/2420/1853 1845/2421/1853 1848/2422/1853 
f 1939/2423/1854 1937/2419/1854 1848/2422/1854 1850/2424/1854 
f 1847/2418/1855 1936/2417/1855 1940/2425/1855 1849/2426/1855 
f 760/2427/1856 1939/2423/1856 1850/2424/1856 1852/2428/1856 
f 1849/2426/1857 1940/2425/1857 1941/2429/1857 1851/2430/1857 
f 1942/2431/1858 1943/2432/1858 1856/2433/1858 1855/2434/1858 
f 1853/2435/1859 1944/2436/1859 1945/2437/1859 1854/2438/1859 
f 1843/2414/1860 1934/2413/1860 1944/2436/1860 1853/2435/1860 
f 1943/2432/1861 1933/2411/1861 1844/2412/1861 1856/2433/1861 
f 1946/2439/1862 1942/2431/1862 1855/2434/1862 1858/2440/1862 
f 1854/2438/1863 1945/2437/1863 1947/2441/1863 1857/2442/1863 
f 1860/2443/1864 1948/2444/1864 1949/2445/1864 1861/2446/1864 
f 1950/2447/1865 1951/2448/1865 1859/2449/1865 1862/2450/1865 
f 1952/2451/1613 1950/2447/1613 1862/2450/1613 1864/2452/1613 
f 1861/2446/1866 1949/2445/1866 1953/2453/1866 1863/2454/1866 
f 1954/2455/1613 1952/2451/1613 1864/2452/1613 1866/2456/1613 
f 1863/2454/1866 1953/2453/1866 1955/2457/1866 1865/2458/1866 
f 1956/2459/1867 1954/2455/1867 1866/2456/1867 1868/2460/1867 
f 1865/2458/1868 1955/2457/1868 1957/2461/1868 1867/2462/1868 
f 1958/2463/1867 1956/2459/1867 1868/2460/1867 1870/2464/1867 
f 1867/2462/1656 1957/2461/1656 1959/2465/1656 1869/2466/1656 
f 1960/2467/1869 1958/2463/1869 1870/2464/1869 1872/2468/1869 
f 1959/2465/1870 1961/2469/1870 1871/2470/1870 1869/2466/1870 
f 1962/2471/1871 1960/2467/1871 1872/2468/1871 1874/2472/1871 
f 1961/2469/1870 1963/2473/1870 1873/2474/1870 1871/2470/1870 
f 1964/2475/1836 1965/2476/1836 1875/2477/1836 1878/2478/1836 
f 1966/2479/1872 1967/2480/1872 1877/2481/1872 1876/2482/1872 
f 1968/2483/1873 1964/2475/1873 1878/2478/1873 1880/2484/1873 
f 1967/2480/1874 1969/2485/1874 1879/2486/1874 1877/2481/1874 
f 1970/2487/1875 1968/2483/1875 1880/2484/1875 1882/2488/1875 
f 1969/2485/1876 1971/2489/1876 1881/2490/1876 1879/2486/1876 
f 1884/2491/1846 1972/2492/1846 1973/2493/1846 1885/2494/1846 
f 1974/2495/1621 1975/2496/1621 1883/2497/1621 1886/2498/1621 
f 1951/2448/1877 1974/2495/1877 1886/2498/1877 1859/2449/1877 
f 1885/2494/1846 1973/2493/1846 1948/2444/1846 1860/2443/1846 
f 1888/2499/1878 1976/2500/1878 1972/2492/1878 1884/2491/1878 
f 1975/2496/1879 1977/2501/1879 1887/2502/1879 1883/2497/1879 
f 1851/2430/1880 1941/2429/1880 1976/2500/1880 1888/2499/1880 
f 1977/2501/1881 760/2427/1881 1852/2428/1881 1887/2502/1881 
f 1947/2441/1614 1970/2487/1614 1882/2488/1614 1857/2442/1614 
f 1971/2489/1882 1946/2439/1882 1858/2440/1882 1881/2490/1882 
f 1892/2503/1636 1978/2504/1636 1979/2505/1636 1889/2506/1636 
f 1980/2507/1883 1981/2508/1883 1891/2509/1883 1890/2510/1883 
f 1938/2420/1653 1980/2507/1653 1890/2510/1653 1845/2421/1653 
f 1889/2506/1852 1979/2505/1852 1935/2416/1852 1846/2415/1852 
f 1894/2511/1636 1982/2512/1636 1978/2504/1636 1892/2503/1636 
f 1981/2508/1884 1983/2513/1884 1893/2514/1884 1891/2509/1884 
f 1916/2373/1885 1984/2515/1885 1895/2516/1885 1825/2374/1885 
f 1985/2517/1886 1915/2371/1886 1826/2372/1886 1896/2518/1886 
f 1986/2519/1887 1985/2517/1887 1896/2518/1887 1898/2520/1887 
f 1984/2515/1885 1987/2521/1885 1897/2522/1885 1895/2516/1885 
f 1988/2523/1887 1986/2519/1887 1898/2520/1887 1900/2524/1887 
f 1897/2522/1609 1987/2521/1609 1989/2525/1609 1899/2526/1609 
f 1904/2527/1888 1990/2528/1888 1991/2529/1888 1901/2530/1888 
f 1992/2531/1889 1993/2532/1889 1903/2533/1889 1902/2534/1889 
f 1983/2513/1890 1992/2531/1890 1902/2534/1890 1893/2514/1890 
f 1901/2530/1636 1991/2529/1636 1982/2512/1636 1894/2511/1636 
f 1906/2535/1645 1994/2536/1645 1990/2528/1645 1904/2527/1645 
f 1993/2532/1602 1995/2537/1602 1905/2538/1602 1903/2533/1602 
f 1899/2526/1859 1989/2525/1859 1996/2539/1859 1907/2540/1859 
f 1997/2541/1891 1988/2523/1891 1900/2524/1891 1908/2542/1891 
f 1995/2537/1892 1997/2541/1892 1908/2542/1892 1905/2538/1892 
f 1907/2540/1893 1996/2539/1893 1994/2536/1893 1906/2535/1893 
f 1965/2476/1894 1962/2471/1894 1874/2472/1894 1875/2477/1894 
f 1963/2473/1895 1966/2479/1895 1876/2482/1895 1873/2474/1895 
f 403/2543/1896 402/2544/1896 1998/2545/1896 
f 405/2546/1897 403/2543/1897 1998/2545/1897 
f 1683/2547/1898 405/2546/1898 1998/2545/1898 
f 1684/2548/1898 1683/2547/1898 1998/2545/1898 
f 1686/2549/1899 1684/2548/1899 1998/2545/1899 
f 1688/2550/1900 1686/2549/1900 1998/2545/1900 
f 1690/2551/1901 1688/2550/1901 1998/2545/1901 
f 1692/2552/1902 1690/2551/1902 1998/2545/1902 
f 1549/2553/1903 1692/2552/1903 1998/2545/1903 
f 410/2554/1904 1549/2553/1904 1998/2545/1904 
f 407/2555/1905 410/2554/1905 1998/2545/1905 
f 411/2556/1906 407/2555/1906 1998/2545/1906 
f 757/2557/1907 411/2556/1907 1998/2545/1907 
f 761/2558/1908 757/2557/1908 1998/2545/1908 
f 763/2559/1909 761/2558/1909 1998/2545/1909 
f 765/2560/1910 763/2559/1910 1998/2545/1910 
f 767/2561/1910 765/2560/1910 1998/2545/1910 
f 769/2562/1911 767/2561/1911 1998/2545/1911 
f 771/2563/1912 769/2562/1912 1998/2545/1912 
f 773/2564/1913 771/2563/1913 1998/2545/1913 
f 775/2565/1914 773/2564/1914 1998/2545/1914 
f 777/2566/1915 775/2565/1915 1998/2545/1915 
f 779/2567/1916 777/2566/1916 1998/2545/1916 
f 781/2568/1917 779/2567/1917 1998/2545/1917 
f 783/2569/1918 781/2568/1918 1998/2545/1918 
f 785/2570/1919 783/2569/1919 1998/2545/1919 
f 787/2571/1920 785/2570/1920 1998/2545/1920 
f 788/2572/1921 787/2571/1921 1998/2545/1921 
f 790/2573/1922 788/2572/1922 1998/2545/1922 
f 792/2574/1923 790/2573/1923 1998/2545/1923 
f 795/2575/1924 792/2574/1924 1998/2545/1924 
f 797/2576/1925 795/2575/1925 1998/2545/1925 
f 798/2577/1926 797/2576/1926 1998/2545/1926 
f 467/2578/1927 798/2577/1927 1998/2545/1927 
f 413/2579/1928 467/2578/1928 1998/2545/1928 
f 414/2580/1929 413/2579/1929 1998/2545/1929 
f 417/2581/1930 414/2580/1930 1998/2545/1930 
f 464/2582/1931 417/2581/1931 1998/2545/1931 
f 465/2583/1932 464/2582/1932 1998/2545/1932 
f 423/2584/1933 465/2583/1933 1998/2545/1933 
f 421/2585/1934 423/2584/1934 1998/2545/1934 
f 419/2586/1935 421/2585/1935 1998/2545/1935 
f 398/2587/1936 419/2586/1936 1998/2545/1936 
f 399/2588/1937 398/2587/1937 1998/2545/1937 
f 402/2544/1938 399/2588/1938 1998/2545/1938 
f 1999/2589/1939 2000/2590/1939 2001/2591/1939 2002/2592/1939 
f 1999/2589/1940 2003/2593/1940 2004/2594/1940 2000/2590/1940 
f 2005/2595/1941 2006/2596/1941 2007/2597/1941 2008/2598/1941 
f 2005/2595/1942 2009/2599/1942 2010/2600/1942 2006/2596/1942 
f 2011/2601/1943 2012/2602/1943 2013/2603/1943 2014/2604/1943 
f 2015/2605/1944 2016/2606/1944 2017/2607/1944 2018/2608/1944 
f 2019/2609/1945 2020/2610/1945 2021/2611/1945 2002/2612/1945 
f 2022/2613/1946 2023/2614/1946 2024/2615/1946 
f 2023/2614/1947 2022/2613/1947 2025/2616/1947 
f 2026/2617/1948 2027/2618/1948 2028/2619/1948 
f 2026/2617/1949 2029/2620/1949 2027/2618/1949 
f 2026/2617/1950 2030/2621/1950 2031/2622/1950 2032/2623/1950 
f 2033/2624/1951 2034/2625/1951 2032/2623/1951 2031/2622/1951 
f 2031/2622/1952 2035/2626/1952 2036/2627/1952 2033/2624/1952 
f 2036/2627/1953 2037/2628/1953 2038/2629/1953 2039/2630/1953 
f 2037/2628/1954 2040/2631/1954 2041/2632/1954 2038/2629/1954 
f 2042/2633/1955 2043/2634/1955 2038/2629/1955 2041/2632/1955 
f 2041/2632/1956 2017/2607/1956 2016/2606/1956 2042/2633/1956 
f 2018/2608/1957 2044/2635/1957 2045/2636/1957 2015/2605/1957 
f 2046/2637/1958 2047/2638/1958 2044/2635/1958 2018/2608/1958 
f 2047/2638/1959 2046/2637/1959 2048/2639/1959 2049/2640/1959 
f 2044/2641/1960 2047/2642/1960 2050/2643/1960 2051/2644/1960 
f 2047/2642/1961 2049/2645/1961 2052/2646/1961 2050/2643/1961 
f 2053/2647/1962 2054/2648/1962 2052/2646/1962 2055/2649/1962 
f 2056/2650/1963 2057/2651/1963 2058/2652/1963 2055/2649/1963 
f 2059/2653/1964 2060/2654/1964 2061/2655/1964 2062/2656/1964 
f 2063/2657/1965 2059/2653/1965 2062/2656/1965 2064/2658/1965 
f 2065/2659/1966 2063/2657/1966 2064/2658/1966 2066/2660/1966 
f 2067/2661/1967 2068/2662/1967 2020/2610/1967 2019/2609/1967 
f 2069/2663/1968 2068/2662/1968 2070/2664/1968 2071/2665/1968 
f 2071/2665/1969 2070/2664/1969 2072/2666/1969 2073/2667/1969 
f 2074/2668/1970 2075/2669/1970 2076/2670/1970 2077/2671/1970 
f 2078/2672/1971 2079/2673/1971 2080/2674/1971 2081/2675/1971 
f 2082/2676/1972 2083/2677/1972 2084/2678/1972 2085/2679/1972 
f 2086/2680/1973 2087/2681/1973 2088/2682/1973 2089/2683/1973 
f 2090/2684/1974 2091/2685/1974 2092/2686/1974 2093/2687/1974 
f 2094/2688/1975 2090/2684/1975 2093/2687/1975 2095/2689/1975 
f 2096/2690/1976 2097/2691/1976 2051/2644/1976 2098/2692/1976 
f 2099/2693/1977 2045/2694/1977 2097/2691/1977 2095/2689/1977 
f 2100/2695/1978 2101/2696/1978 2092/2686/1978 2102/2697/1978 
f 2103/2698/1979 2100/2695/1979 2102/2697/1979 2089/2683/1979 
f 2104/2699/1980 2105/2700/1980 2088/2682/1980 2085/2679/1980 
f 2106/2701/1981 2107/2702/1981 2084/2678/1981 2080/2674/1981 
f 2108/2703/1982 2109/2704/1982 2079/2673/1982 2076/2705/1982 
f 2110/2706/1983 2075/2669/1983 2072/2666/1983 2111/2707/1983 
f 2027/2618/1984 2029/2620/1984 2112/2708/1984 2067/2709/1984 
f 2019/2710/1985 2028/2619/1985 2027/2618/1985 2067/2709/1985 
f 2028/2619/1986 2019/2710/1986 2002/2592/1986 2001/2591/1986 
f 2113/2711/1987 2114/2712/1987 2000/2590/1987 2004/2594/1987 
f 2004/2594/1988 2009/2599/1988 2115/2713/1988 2113/2711/1988 
f 2009/2599/1989 2005/2595/1989 2116/2714/1989 2115/2713/1989 
f 2117/2715/1990 2035/2626/1990 2113/2711/1990 2115/2713/1990 
f 2115/2713/1991 2116/2714/1991 2118/2716/1991 2117/2715/1991 
f 2040/2631/1992 2037/2628/1992 2117/2715/1992 2118/2716/1992 
f 2118/2716/1993 2011/2601/1993 2119/2717/1993 2040/2631/1993 
f 2017/2607/1994 2041/2632/1994 2040/2631/1994 2119/2717/1994 
f 2017/2607/1995 2046/2637/1995 2018/2608/1995 
f 2119/2717/1996 2048/2639/1996 2046/2637/1996 2017/2607/1996 
f 2048/2639/1997 2119/2717/1997 2120/2718/1997 
f 2013/2603/1998 2121/2719/1998 2057/2720/1998 2014/2604/1998 
f 2008/2598/1999 2007/2597/1999 2121/2719/1999 2013/2603/1999 
f 2057/2651/2000 2121/2721/2000 2122/2722/2000 2058/2652/2000 
f 2121/2721/2001 2007/2723/2001 2123/2724/2001 2122/2722/2001 
f 2056/2725/2002 2120/2718/2002 2014/2604/2002 2057/2720/2002 
f 2120/2718/2003 2056/2725/2003 2049/2640/2003 2048/2639/2003 
f 2120/2718/2004 2119/2717/2004 2011/2601/2004 2014/2604/2004 
f 2037/2628/2005 2036/2627/2005 2035/2626/2005 2117/2715/2005 
f 2035/2626/2006 2114/2712/2006 2113/2711/2006 
f 2030/2621/2007 2001/2591/2007 2000/2590/2007 2114/2712/2007 
f 2114/2712/2008 2035/2626/2008 2031/2622/2008 2030/2621/2008 
f 2030/2621/2009 2026/2617/2009 2028/2619/2009 2001/2591/2009 
f 2111/2726/2010 2112/2708/2010 2029/2620/2010 2124/2727/2010 
f 2124/2727/2011 2125/2728/2011 2110/2729/2011 2111/2726/2011 
f 2110/2729/2012 2125/2728/2012 2126/2730/2012 2108/2731/2012 
f 2127/2732/2013 2109/2733/2013 2108/2731/2013 2126/2730/2013 
f 2109/2733/2014 2127/2732/2014 2024/2615/2014 2106/2734/2014 
f 2023/2614/2015 2107/2735/2015 2106/2734/2015 2024/2615/2015 
f 2023/2614/2016 2025/2616/2016 2104/2736/2016 2107/2735/2016 
f 2025/2616/2017 2105/2737/2017 2104/2736/2017 
f 2105/2737/2018 2025/2616/2018 2128/2738/2018 2103/2739/2018 
f 2128/2738/2019 2129/2740/2019 2100/2741/2019 2103/2739/2019 
f 2129/2740/2020 2043/2634/2020 2101/2742/2020 2100/2741/2020 
f 2043/2634/2021 2042/2633/2021 2130/2743/2021 2101/2742/2021 
f 2016/2606/2022 2099/2744/2022 2130/2743/2022 2042/2633/2022 
f 2124/2727/2023 2032/2623/2023 2125/2728/2023 
f 2124/2727/2024 2029/2620/2024 2026/2617/2024 2032/2623/2024 
f 2032/2623/2025 2034/2625/2025 2126/2730/2025 2125/2728/2025 
f 2033/2624/2026 2131/2745/2026 2022/2613/2026 2034/2625/2026 
f 2033/2624/2027 2036/2627/2027 2039/2630/2027 2131/2745/2027 
f 2129/2740/2028 2128/2738/2028 2131/2745/2028 2039/2630/2028 
f 2131/2745/2029 2128/2738/2029 2025/2616/2029 2022/2613/2029 
f 2034/2625/2030 2127/2732/2030 2126/2730/2030 
f 2022/2613/2031 2024/2615/2031 2127/2732/2031 2034/2625/2031 
f 2039/2630/2032 2038/2629/2032 2043/2634/2032 2129/2740/2032 
f 2099/2744/2033 2016/2606/2033 2015/2605/2033 2045/2636/2033 
f 2021/2611/2034 2132/2746/2034 2065/2659/2034 2066/2660/2034 
f 2009/2599/2035 2004/2594/2035 2003/2593/2035 2010/2600/2035 
f 2006/2747/2036 2061/2655/2036 2123/2724/2036 2007/2723/2036 
f 2132/2746/2037 2021/2611/2037 2020/2610/2037 2133/2748/2037 
f 2051/2644/2038 2050/2643/2038 2134/2749/2038 2098/2692/2038 
f 2050/2643/2039 2052/2646/2039 2054/2648/2039 2134/2749/2039 
f 2055/2649/2040 2052/2646/2040 2049/2645/2040 2056/2650/2040 
f 2055/2649/2041 2058/2652/2041 2135/2750/2041 2053/2647/2041 
f 2061/2655/2042 2006/2747/2042 2010/2751/2042 2062/2656/2042 
f 2062/2656/2043 2010/2751/2043 2003/2752/2043 2064/2658/2043 
f 1999/2753/2044 2066/2660/2044 2064/2658/2044 2003/2752/2044 
f 2133/2748/2045 2020/2610/2045 2068/2662/2045 2069/2663/2045 
f 2112/2754/2046 2070/2664/2046 2068/2662/2046 2067/2661/2046 
f 2111/2707/2047 2072/2666/2047 2070/2664/2047 2112/2754/2047 
f 2108/2755/2048 2076/2670/2048 2075/2669/2048 2110/2706/2048 
f 2079/2673/2049 2109/2704/2049 2106/2701/2049 2080/2674/2049 
f 2085/2679/2050 2084/2678/2050 2107/2702/2050 2104/2699/2050 
f 2089/2683/2051 2088/2682/2051 2105/2700/2051 2103/2698/2051 
f 2093/2687/2052 2092/2686/2052 2101/2696/2052 2130/2756/2052 
f 2095/2689/2053 2093/2687/2053 2130/2756/2053 2099/2693/2053 
f 2051/2644/2054 2097/2691/2054 2045/2694/2054 2044/2641/2054 
f 2097/2691/2055 2096/2690/2055 2094/2688/2055 2095/2689/2055 
f 2102/2697/2056 2092/2686/2056 2091/2685/2056 2136/2757/2056 
f 2089/2683/2057 2102/2697/2057 2136/2757/2057 2086/2680/2057 
f 2085/2679/2058 2088/2682/2058 2087/2681/2058 2082/2676/2058 
f 2080/2674/2059 2084/2678/2059 2083/2677/2059 2081/2675/2059 
f 2076/2705/2060 2079/2673/2060 2078/2672/2060 2077/2758/2060 
f 2073/2667/2061 2072/2666/2061 2075/2669/2061 2074/2668/2061 
f 2058/2652/2062 2122/2722/2062 2137/2759/2062 2135/2750/2062 
f 2122/2722/2063 2123/2724/2063 2138/2760/2063 2137/2759/2063 
f 2002/2612/2064 2021/2611/2064 2066/2660/2064 1999/2753/2064 
f 2123/2724/2065 2061/2655/2065 2060/2654/2065 2138/2760/2065 
f 2013/2603/2066 2012/2602/2066 2008/2598/2066 
f 2008/2598/2067 2012/2602/2067 2116/2714/2067 2005/2595/2067 
f 2116/2714/2068 2012/2602/2068 2011/2601/2068 2118/2716/2068 
f 2139/2761/2069 2140/2762/2069 2141/2763/2069 2142/2764/2069 
f 2142/2764/2070 2141/2763/2070 2143/2765/2070 2144/2766/2070 
f 2144/2766/2071 2143/2765/2071 2145/2767/2071 2146/2768/2071 
f 2146/2768/2072 2145/2767/2072 2147/2769/2072 2148/2770/2072 
f 2148/2770/2073 2147/2769/2073 2149/2771/2073 2150/2772/2073 
f 2149/2771/2074 2151/2773/2074 2152/2774/2074 2150/2772/2074 
f 2151/2773/2075 2153/2775/2075 2154/2776/2075 2152/2774/2075 
f 2153/2775/2076 2155/2777/2076 2156/2778/2076 2154/2776/2076 
f 2155/2777/2077 2157/2779/2077 2158/2780/2077 2156/2778/2077 
f 2157/2779/2078 2159/2781/2078 2160/2782/2078 2158/2780/2078 
f 2159/2781/2079 2161/2783/2079 2162/2784/2079 2160/2782/2079 
f 2161/2783/2080 2163/2785/2080 2164/2786/2080 2162/2784/2080 
f 2163/2785/2081 2165/2787/2081 2166/2788/2081 2164/2786/2081 
f 2165/2787/2082 2167/2789/2082 2168/2790/2082 2166/2788/2082 
f 2167/2789/2083 2169/2791/2083 2170/2792/2083 2168/2790/2083 
f 2169/2791/2084 2140/2762/2084 2139/2761/2084 2170/2792/2084 
f 2140/2762/2085 2171/2793/2085 2141/2763/2085 
f 2141/2763/2086 2171/2793/2086 2143/2765/2086 
f 2143/2765/2087 2171/2793/2087 2145/2767/2087 
f 2145/2767/2088 2171/2793/2088 2147/2769/2088 
f 2147/2769/2089 2171/2793/2089 2149/2771/2089 
f 2149/2771/2090 2171/2793/2090 2151/2773/2090 
f 2151/2773/2091 2171/2793/2091 2153/2775/2091 
f 2153/2775/2092 2171/2793/2092 2155/2777/2092 
f 2155/2777/2093 2171/2793/2093 2157/2779/2093 
f 2157/2779/2094 2171/2793/2094 2159/2781/2094 
f 2159/2781/2095 2171/2793/2095 2161/2783/2095 
f 2161/2783/2096 2171/2793/2096 2163/2785/2096 
f 2163/2785/2097 2171/2793/2097 2165/2787/2097 
f 2165/2787/2098 2171/2793/2098 2167/2789/2098 
f 2167/2789/2099 2171/2793/2099 2169/2791/2099 
f 2169/2791/2100 2171/2793/2100 2140/2762/2100 
f 2172/2794/2101 2173/2795/2101 2174/2796/2101 2175/2797/2101 
f 2176/2798/2102 2177/2799/2102 2175/2797/2102 2174/2796/2102 
f 2178/2800/2103 2179/2801/2103 2177/2799/2103 2176/2798/2103 
f 2180/2802/2104 2181/2803/2104 2179/2801/2104 2178/2800/2104 
f 2182/2804/2105 2183/2805/2105 2181/2803/2105 2180/2802/2105 
f 2184/2806/2106 2185/2807/2106 2183/2805/2106 2182/2804/2106 
f 2186/2808/2107 2187/2809/2107 2185/2807/2107 2184/2806/2107 
f 2188/2810/2108 2189/2811/2108 2187/2809/2108 2186/2808/2108 
f 2188/2810/2109 2190/2812/2109 2191/2813/2109 2189/2811/2109 
f 2190/2812/2110 2192/2814/2110 2193/2815/2110 2191/2813/2110 
f 2192/2814/2111 2194/2816/2111 2195/2817/2111 2193/2815/2111 
f 2194/2816/2112 2196/2818/2112 2197/2819/2112 2195/2817/2112 
f 2196/2818/2113 2198/2820/2113 2199/2821/2113 2197/2819/2113 
f 2198/2820/2114 2200/2822/2114 2201/2823/2114 2199/2821/2114 
f 2202/2824/2115 2203/2825/2115 2201/2823/2115 2200/2822/2115 
f 2173/2795/2116 2172/2794/2116 2203/2825/2116 2202/2824/2116 
f 2204/2826/2117 2175/2827/2117 2177/2828/2117 2205/2829/2117 
f 2205/2829/1868 2177/2828/1868 2179/2830/1868 2206/2831/1868 
f 2206/2831/2118 2179/2830/2118 2181/2832/2118 2207/2833/2118 
f 2207/2834/2119 2181/2835/2119 2183/2836/2119 2208/2837/2119 
f 2208/2837/2120 2183/2836/2120 2185/2838/2120 2209/2839/2120 
f 2209/2839/2121 2185/2838/2121 2187/2840/2121 2210/2841/2121 
f 2187/2840/2122 2189/2842/2122 2211/2843/2122 2210/2841/2122 
f 2189/2842/2123 2191/2844/2123 2212/2845/2123 2211/2843/2123 
f 2191/2844/2124 2193/2846/2124 2213/2847/2124 2212/2845/2124 
f 2193/2846/2125 2195/2848/2125 2214/2849/2125 2213/2847/2125 
f 2195/2848/2126 2197/2850/2126 2215/2851/2126 2214/2849/2126 
f 2197/2850/2127 2199/2852/2127 2216/2853/2127 2215/2851/2127 
f 2199/2852/2128 2201/2854/2128 2217/2855/2128 2216/2853/2128 
f 2201/2854/2129 2203/2856/2129 2218/2857/2129 2217/2855/2129 
f 2203/2856/2130 2172/2858/2130 2219/2859/2130 2218/2857/2130 
f 2219/2859/2131 2172/2858/2131 2175/2827/2131 2204/2826/2131 
f 2174/2796/2132 2139/2761/2132 2142/2764/2132 2176/2798/2132 
f 2176/2798/2133 2142/2764/2133 2144/2766/2133 2178/2800/2133 
f 2178/2800/2134 2144/2766/2134 2146/2768/2134 2180/2802/2134 
f 2180/2802/2135 2146/2768/2135 2148/2770/2135 2182/2804/2135 
f 2182/2804/2136 2148/2770/2136 2150/2772/2136 2184/2806/2136 
f 2184/2806/2137 2150/2772/2137 2152/2774/2137 2186/2808/2137 
f 2152/2774/2138 2154/2776/2138 2188/2810/2138 2186/2808/2138 
f 2154/2776/2139 2156/2778/2139 2190/2812/2139 2188/2810/2139 
f 2156/2778/2140 2158/2780/2140 2192/2814/2140 2190/2812/2140 
f 2158/2780/2141 2160/2782/2141 2194/2816/2141 2192/2814/2141 
f 2160/2782/2142 2162/2784/2142 2196/2818/2142 2194/2816/2142 
f 2162/2784/2143 2164/2786/2143 2198/2820/2143 2196/2818/2143 
f 2164/2786/2144 2166/2788/2144 2200/2822/2144 2198/2820/2144 
f 2166/2788/2145 2168/2790/2145 2202/2824/2145 2200/2822/2145 
f 2168/2790/2146 2170/2792/2146 2173/2795/2146 2202/2824/2146 
f 2173/2795/2147 2170/2792/2147 2139/2761/2147 2174/2796/2147 
f 2220/2860/2148 2221/2861/2148 2222/2862/2148 2223/2863/2148 
f 2221/2861/2149 2224/2864/2149 2225/2865/2149 2222/2862/2149 
f 2224/2864/2150 2226/2866/2150 2227/2867/2150 2225/2865/2150 
f 2226/2866/2151 2228/2868/2151 2229/2869/2151 2227/2867/2151 
f 2229/2869/2152 2228/2868/2152 2230/2870/2152 2231/2871/2152 
f 2231/2871/2153 2230/2870/2153 2232/2872/2153 2233/2873/2153 
f 2233/2873/2154 2232/2872/2154 2234/2874/2154 2235/2875/2154 
f 2235/2875/2155 2234/2874/2155 2236/2876/2155 2237/2877/2155 
f 2237/2877/2156 2236/2876/2156 2238/2878/2156 2239/2879/2156 
f 2239/2879/2157 2238/2878/2157 2240/2880/2157 2241/2881/2157 
f 2240/2880/2158 2242/2882/2158 2243/2883/2158 2241/2881/2158 
f 2242/2882/2159 2244/2884/2159 2245/2885/2159 2243/2883/2159 
f 2244/2884/2160 2246/2886/2160 2247/2887/2160 2245/2885/2160 
f 2246/2886/2161 2248/2888/2161 2249/2889/2161 2247/2887/2161 
f 2248/2888/2162 2250/2890/2162 2251/2891/2162 2249/2889/2162 
f 2250/2890/2163 2220/2860/2163 2223/2863/2163 2251/2891/2163 
f 2220/2860/2164 2252/2892/2164 2221/2861/2164 
f 2221/2861/203 2252/2892/203 2224/2864/203 
f 2224/2864/203 2252/2892/203 2226/2866/203 
f 2226/2866/203 2252/2892/203 2228/2868/203 
f 2228/2868/205 2252/2892/205 2230/2870/205 
f 2230/2870/2165 2252/2892/2165 2232/2872/2165 
f 2232/2872/2166 2252/2892/2166 2234/2874/2166 
f 2234/2874/2167 2252/2892/2167 2236/2876/2167 
f 2236/2876/2168 2252/2892/2168 2238/2878/2168 
f 2238/2878/2169 2252/2892/2169 2240/2880/2169 
f 2240/2880/2170 2252/2892/2170 2242/2882/2170 
f 2242/2882/2171 2252/2892/2171 2244/2884/2171 
f 2244/2884/2172 2252/2892/2172 2246/2886/2172 
f 2246/2886/2173 2252/2892/2173 2248/2888/2173 
f 2248/2888/2174 2252/2892/2174 2250/2890/2174 
f 2250/2890/2175 2252/2892/2175 2220/2860/2175 
f 2253/2893/2176 2254/2894/2176 2255/2895/2176 2256/2896/2176 
f 2256/2896/2177 2257/2897/2177 2258/2898/2177 2253/2893/2177 
f 2257/2897/2178 2259/2899/2178 2260/2900/2178 2258/2898/2178 
f 2261/2901/2179 2262/2902/2179 2260/2900/2179 2259/2899/2179 
f 2263/2903/2180 2264/2904/2180 2262/2902/2180 2261/2901/2180 
f 2265/2905/2181 2266/2906/2181 2264/2904/2181 2263/2903/2181 
f 2267/2907/2182 2268/2908/2182 2266/2906/2182 2265/2905/2182 
f 2269/2909/2183 2270/2910/2183 2268/2908/2183 2267/2907/2183 
f 2271/2911/2184 2272/2912/2184 2270/2910/2184 2269/2909/2184 
f 2273/2913/2185 2274/2914/2185 2272/2912/2185 2271/2911/2185 
f 2275/2915/2186 2276/2916/2186 2274/2914/2186 2273/2913/2186 
f 2277/2917/2187 2278/2918/2187 2276/2916/2187 2275/2915/2187 
f 2279/2919/2188 2280/2920/2188 2278/2918/2188 2277/2917/2188 
f 2279/2919/2189 2281/2921/2189 2282/2922/2189 2280/2920/2189 
f 2281/2921/2190 2283/2923/2190 2284/2924/2190 2282/2922/2190 
f 2283/2923/2191 2255/2895/2191 2254/2894/2191 2284/2924/2191 
f 2253/2925/2117 2258/2926/2117 2285/2927/2117 2286/2928/2117 
f 2258/2926/2192 2260/2929/2192 2287/2930/2192 2285/2927/2192 
f 2260/2929/2193 2262/2931/2193 2288/2932/2193 2287/2930/2193 
f 2288/2932/2119 2262/2931/2119 2264/2933/2119 2289/2934/2119 
f 2289/2934/2194 2264/2933/2194 2266/2935/2194 2290/2936/2194 
f 2290/2936/2195 2266/2935/2195 2268/2937/2195 2291/2938/2195 
f 2291/2938/2122 2268/2937/2122 2270/2939/2122 2292/2940/2122 
f 2292/2940/2123 2270/2939/2123 2272/2941/2123 2293/2942/2123 
f 2293/2942/2124 2272/2941/2124 2274/2943/2124 2294/2944/2124 
f 2294/2945/2196 2274/2946/2196 2276/2947/2196 2295/2948/2196 
f 2278/2949/2197 2296/2950/2197 2295/2948/2197 2276/2947/2197 
f 2278/2949/2198 2280/2951/2198 2297/2952/2198 2296/2950/2198 
f 2280/2951/2128 2282/2953/2128 2298/2954/2128 2297/2952/2128 
f 2282/2953/1636 2284/2955/1636 2299/2956/1636 2298/2954/1636 
f 2284/2955/2130 2254/2957/2130 2300/2958/2130 2299/2956/2130 
f 2254/2957/2131 2253/2925/2131 2286/2928/2131 2300/2958/2131 
f 2223/2863/2199 2222/2862/2199 2257/2897/2199 2256/2896/2199 
f 2222/2862/2200 2225/2865/2200 2259/2899/2200 2257/2897/2200 
f 2225/2865/2201 2227/2867/2201 2261/2901/2201 2259/2899/2201 
f 2227/2867/2202 2229/2869/2202 2263/2903/2202 2261/2901/2202 
f 2263/2903/2203 2229/2869/2203 2231/2871/2203 2265/2905/2203 
f 2265/2905/2204 2231/2871/2204 2233/2873/2204 2267/2907/2204 
f 2267/2907/2205 2233/2873/2205 2235/2875/2205 2269/2909/2205 
f 2269/2909/2206 2235/2875/2206 2237/2877/2206 2271/2911/2206 
f 2271/2911/2207 2237/2877/2207 2239/2879/2207 2273/2913/2207 
f 2273/2913/2208 2239/2879/2208 2241/2881/2208 2275/2915/2208 
f 2275/2915/2209 2241/2881/2209 2243/2883/2209 2277/2917/2209 
f 2243/2883/2210 2245/2885/2210 2279/2919/2210 2277/2917/2210 
f 2245/2885/2211 2247/2887/2211 2281/2921/2211 2279/2919/2211 
f 2247/2887/2212 2249/2889/2212 2283/2923/2212 2281/2921/2212 
f 2249/2889/2213 2251/2891/2213 2255/2895/2213 2283/2923/2213 
f 2251/2891/2214 2223/2863/2214 2256/2896/2214 2255/2895/2214 
f 2301/2959/2215 2302/2960/2215 2303/2961/2215 
f 2302/2960/2216 2301/2959/2216 2304/2962/2216 
f 2304/2962/2217 2301/2959/2217 2305/2963/2217 
f 2305/2963/2218 2301/2959/2218 2306/2964/2218 
f 2306/2964/2219 2301/2959/2219 2307/2965/2219 
f 2307/2965/2220 2301/2959/2220 2308/2966/2220 
f 2308/2966/2221 2301/2959/2221 2309/2967/2221 
f 2309/2967/2222 2301/2959/2222 2310/2968/2222 
f 2310/2968/2223 2301/2959/2223 2311/2969/2223 
f 2301/2959/2224 2312/2970/2224 2311/2969/2224 
f 2312/2970/2225 2301/2959/2225 2313/2971/2225 
f 2313/2971/2226 2301/2959/2226 2314/2972/2226 
f 2314/2972/2227 2301/2959/2227 2315/2973/2227 
f 2301/2959/2228 2316/2974/2228 2315/2973/2228 
f 2316/2974/2229 2301/2959/2229 2317/2975/2229 
f 2317/2975/2230 2301/2959/2230 2318/2976/2230 
f 2318/2976/2231 2301/2959/2231 2319/2977/2231 
f 2320/2978/2232 2301/2959/2232 2321/2979/2232 
f 2321/2979/2233 2301/2959/2233 2322/2980/2233 
f 2301/2959/2234 2303/2961/2234 2322/2980/2234 
f 2319/2977/2235 2301/2959/2235 2323/2981/2235 
f 2301/2959/2236 2320/2978/2236 2324/2982/2236 
f 2325/2983/2237 2326/2984/2237 2320/2978/2237 2321/2979/2237 
f 2322/2980/2238 2327/2985/2238 2325/2983/2238 2321/2979/2238 
f 2327/2985/2239 2322/2980/2239 2303/2961/2239 2328/2986/2239 
f 2329/2987/2240 2328/2986/2240 2303/2961/2240 2302/2960/2240 
f 2329/2987/2241 2302/2960/2241 2304/2962/2241 2330/2988/2241 
f 2330/2988/2242 2304/2962/2242 2305/2963/2242 2331/2989/2242 
f 2331/2989/2243 2305/2963/2243 2306/2964/2243 2332/2990/2243 
f 2332/2990/2244 2306/2964/2244 2307/2965/2244 2333/2991/2244 
f 2333/2991/2245 2307/2965/2245 2308/2966/2245 2334/2992/2245 
f 2334/2992/2246 2308/2966/2246 2309/2967/2246 2335/2993/2246 
f 2336/2994/2247 2335/2993/2247 2309/2967/2247 2310/2968/2247 
f 2337/2995/2248 2336/2994/2248 2310/2968/2248 2311/2969/2248 
f 2338/2996/2249 2337/2995/2249 2311/2969/2249 2312/2970/2249 
f 2338/2996/2250 2312/2970/2250 2313/2971/2250 2339/2997/2250 
f 2340/2998/2251 2339/2997/2251 2313/2971/2251 2314/2972/2251 
f 2341/2999/2252 2340/2998/2252 2314/2972/2252 2315/2973/2252 
f 2342/3000/2253 2341/2999/2253 2315/2973/2253 2316/2974/2253 
f 2343/3001/2254 2342/3000/2254 2316/2974/2254 2317/2975/2254 
f 2344/3002/2255 2343/3001/2255 2317/2975/2255 2318/2976/2255 
f 2345/3003/2256 2344/3002/2256 2318/2976/2256 2319/2977/2256 
f 2346/3004/2257 2345/3003/2257 2319/2977/2257 2323/2981/2257 
f 2346/3004/2258 2323/2981/2258 2347/3005/2258 2348/3006/2258 
f 2349/3007/2259 2350/3008/2259 2348/3006/2259 2347/3005/2259 
f 2347/3005/2260 2301/2959/2260 2349/3007/2260 
f 2347/3005/2261 2323/2981/2261 2301/2959/2261 
f 2351/3009/2262 2352/3010/2262 2350/3008/2262 2349/3007/2262 
f 2349/3007/2263 2301/2959/2263 2351/3009/2263 
f 2351/3009/2264 2324/2982/2264 2353/3011/2264 2352/3010/2264 
f 2351/3009/2265 2301/2959/2265 2324/2982/2265 
f 2324/2982/2266 2320/2978/2266 2326/2984/2266 2353/3011/2266 
f 2354/3012/2267 2355/3013/2267 2353/3011/2267 2326/2984/2267 
f 2325/2983/2268 2356/3014/2268 2354/3012/2268 2326/2984/2268 
f 2357/3015/2250 2358/3016/2250 2354/3012/2250 2356/3014/2250 
f 2359/3017/2269 2360/3018/2269 2357/3015/2269 2356/3014/2269 
f 2325/2983/2270 2327/2985/2270 2359/3017/2270 2356/3014/2270 
f 2361/3019/2271 2362/3020/2271 2360/3018/2271 2359/3017/2271 
f 2327/2985/2272 2328/2986/2272 2361/3019/2272 2359/3017/2272 
f 2363/3021/2273 2364/3022/2273 2362/3020/2273 2361/3019/2273 
f 2328/2986/2274 2329/2987/2274 2363/3021/2274 2361/3019/2274 
f 2365/3023/2275 2366/3024/2275 2364/3022/2275 2363/3021/2275 
f 2329/2987/2276 2330/2988/2276 2365/3023/2276 2363/3021/2276 
f 2367/3025/2277 2368/3026/2277 2366/3024/2277 2365/3023/2277 
f 2330/2988/2278 2331/2989/2278 2367/3025/2278 2365/3023/2278 
f 2369/3027/2279 2370/3028/2279 2368/3026/2279 2367/3025/2279 
f 2367/3025/2280 2331/2989/2280 2332/2990/2280 2369/3027/2280 
f 2371/3029/2281 2372/3030/2281 2370/3028/2281 2369/3027/2281 
f 2332/2990/2282 2333/2991/2282 2371/3029/2282 2369/3027/2282 
f 2373/3031/2283 2374/3032/2283 2372/3030/2283 2371/3029/2283 
f 2371/3029/2284 2333/2991/2284 2334/2992/2284 2373/3031/2284 
f 2375/3033/2285 2376/3034/2285 2374/3032/2285 2373/3031/2285 
f 2334/2992/2286 2335/2993/2286 2375/3033/2286 2373/3031/2286 
f 2377/3035/2287 2378/3036/2287 2376/3034/2287 2375/3033/2287 
f 2335/2993/2288 2336/2994/2288 2377/3035/2288 2375/3033/2288 
f 2379/3037/2289 2380/3038/2289 2378/3036/2289 2377/3035/2289 
f 2336/2994/2290 2337/2995/2290 2379/3037/2290 2377/3035/2290 
f 2381/3039/2291 2382/3040/2291 2380/3038/2291 2379/3037/2291 
f 2337/2995/2292 2338/2996/2292 2381/3039/2292 2379/3037/2292 
f 2383/3041/2293 2384/3042/2293 2382/3040/2293 2381/3039/2293 
f 2338/2996/2294 2339/2997/2294 2383/3041/2294 2381/3039/2294 
f 2383/3041/2295 2385/3043/2295 2386/3044/2295 2384/3042/2295 
f 2339/2997/2296 2340/2998/2296 2385/3043/2296 2383/3041/2296 
f 2385/3043/2297 2387/3045/2297 2388/3046/2297 2386/3044/2297 
f 2340/2998/2298 2341/2999/2298 2387/3045/2298 2385/3043/2298 
f 2387/3045/2299 2389/3047/2299 2390/3048/2299 2388/3046/2299 
f 2341/2999/2300 2342/3000/2300 2389/3047/2300 2387/3045/2300 
f 2389/3047/2301 2391/3049/2301 2392/3050/2301 2390/3048/2301 
f 2342/3000/2302 2343/3001/2302 2391/3049/2302 2389/3047/2302 
f 2391/3049/2303 2393/3051/2303 2394/3052/2303 2392/3050/2303 
f 2343/3001/2304 2344/3002/2304 2393/3051/2304 2391/3049/2304 
f 2393/3051/2305 2395/3053/2305 2396/3054/2305 2394/3052/2305 
f 2344/3002/2306 2345/3003/2306 2395/3053/2306 2393/3051/2306 
f 2395/3053/2307 2397/3055/2307 2398/3056/2307 2396/3054/2307 
f 2345/3003/2308 2346/3004/2308 2397/3055/2308 2395/3053/2308 
f 2397/3055/2309 2399/3057/2309 2400/3058/2309 2398/3056/2309 
f 2346/3004/2310 2348/3006/2310 2399/3057/2310 2397/3055/2310 
f 2399/3057/2311 2401/3059/2311 2402/3060/2311 2400/3058/2311 
f 2348/3006/2312 2350/3008/2312 2401/3059/2312 2399/3057/2312 
f 2350/3008/2313 2352/3010/2313 2403/3061/2313 2401/3059/2313 
f 2404/3062/2314 2402/3060/2314 2401/3059/2314 2403/3061/2314 
f 2403/3061/2315 2355/3013/2315 2405/3063/2315 2404/3062/2315 
f 2352/3010/2316 2353/3011/2316 2355/3013/2316 2403/3061/2316 
f 2406/3064/2317 2407/3065/2317 2404/3066/2317 2405/3067/2317 
f 2358/3068/2318 2408/3069/2318 2406/3064/2318 2405/3067/2318 
f 2355/3013/2319 2354/3012/2319 2358/3016/2319 2405/3063/2319 
f 2409/3070/2320 2410/3071/2320 2406/3064/2320 2408/3069/2320 
f 2411/3072/2321 2412/3073/2321 2409/3070/2321 2408/3069/2321 
f 2358/3068/2322 2357/3074/2322 2411/3072/2322 2408/3069/2322 
f 2413/3075/2323 2414/3076/2323 2412/3073/2323 2411/3072/2323 
f 2357/3074/2324 2360/3077/2324 2413/3075/2324 2411/3072/2324 
f 2415/3078/2325 2416/3079/2325 2414/3080/2325 2413/3081/2325 
f 2360/3082/2326 2362/3083/2326 2415/3078/2326 2413/3081/2326 
f 2417/3084/2327 2418/3085/2327 2416/3079/2327 2415/3078/2327 
f 2362/3083/2328 2364/3086/2328 2417/3084/2328 2415/3078/2328 
f 2419/3087/2329 2420/3088/2329 2418/3085/2329 2417/3084/2329 
f 2364/3086/2330 2366/3089/2330 2419/3087/2330 2417/3084/2330 
f 2421/3090/2331 2422/3091/2331 2420/3088/2331 2419/3087/2331 
f 2419/3087/2332 2366/3089/2332 2368/3092/2332 2421/3090/2332 
f 2423/3093/2333 2424/3094/2333 2422/3091/2333 2421/3090/2333 
f 2421/3090/2334 2368/3092/2334 2370/3095/2334 2423/3093/2334 
f 2425/3096/2335 2426/3097/2335 2424/3094/2335 2423/3093/2335 
f 2423/3093/2336 2370/3095/2336 2372/3098/2336 2425/3096/2336 
f 2427/3099/2337 2428/3100/2337 2426/3097/2337 2425/3096/2337 
f 2425/3096/2338 2372/3098/2338 2374/3101/2338 2427/3099/2338 
f 2429/3102/2339 2430/3103/2339 2428/3100/2339 2427/3099/2339 
f 2374/3101/2340 2376/3104/2340 2429/3102/2340 2427/3099/2340 
f 2431/3105/2341 2432/3106/2341 2430/3103/2341 2429/3102/2341 
f 2376/3104/2342 2378/3107/2342 2431/3105/2342 2429/3102/2342 
f 2433/3108/2343 2434/3109/2343 2432/3106/2343 2431/3105/2343 
f 2378/3107/2344 2380/3110/2344 2433/3108/2344 2431/3105/2344 
f 2435/3111/2345 2436/3112/2345 2434/3109/2345 2433/3108/2345 
f 2380/3110/2346 2382/3113/2346 2435/3111/2346 2433/3108/2346 
f 2435/3111/2347 2437/3114/2347 2438/3115/2347 2436/3112/2347 
f 2382/3113/2348 2384/3116/2348 2437/3114/2348 2435/3111/2348 
f 2437/3114/2349 2439/3117/2349 2440/3118/2349 2438/3115/2349 
f 2384/3116/2350 2386/3119/2350 2439/3117/2350 2437/3114/2350 
f 2439/3117/2351 2441/3120/2351 2442/3121/2351 2440/3118/2351 
f 2386/3119/2352 2388/3122/2352 2441/3120/2352 2439/3117/2352 
f 2441/3120/2353 2443/3123/2353 2444/3124/2353 2442/3121/2353 
f 2388/3122/2354 2390/3125/2354 2443/3123/2354 2441/3120/2354 
f 2443/3123/2355 2445/3126/2355 2446/3127/2355 2444/3124/2355 
f 2390/3125/2356 2392/3128/2356 2445/3126/2356 2443/3123/2356 
f 2445/3126/2357 2447/3129/2357 2448/3130/2357 2446/3127/2357 
f 2392/3128/2358 2394/3131/2358 2447/3129/2358 2445/3126/2358 
f 2447/3129/2359 2449/3132/2359 2450/3133/2359 2448/3130/2359 
f 2394/3131/2360 2396/3134/2360 2449/3132/2360 2447/3129/2360 
f 2449/3132/2361 2451/3135/2361 2452/3136/2361 2450/3133/2361 
f 2396/3134/2362 2398/3137/2362 2451/3135/2362 2449/3132/2362 
f 2451/3135/2363 2453/3138/2363 2454/3139/2363 2452/3136/2363 
f 2398/3137/2364 2400/3140/2364 2453/3138/2364 2451/3135/2364 
f 2453/3138/2365 2455/3141/2365 2456/3142/2365 2454/3139/2365 
f 2400/3140/2366 2402/3143/2366 2455/3141/2366 2453/3138/2366 
f 2455/3141/2367 2407/3065/2367 2457/3144/2367 2456/3142/2367 
f 2402/3143/2368 2404/3066/2368 2407/3065/2368 2455/3141/2368 
f 2458/3145/2369 2459/3146/2369 2456/3142/2369 2457/3144/2369 
f 2457/3144/2370 2410/3071/2370 2460/3147/2370 2458/3145/2370 
f 2407/3065/2371 2406/3064/2371 2410/3071/2371 2457/3144/2371 
f 2461/3148/2372 2462/3149/2372 2458/3145/2372 2460/3147/2372 
f 2460/3147/2373 2463/3150/2373 2464/3151/2373 2461/3148/2373 
f 2410/3071/2374 2409/3070/2374 2463/3150/2374 2460/3147/2374 
f 2465/3152/2375 2466/3153/2375 2464/3151/2375 2463/3150/2375 
f 2409/3070/1608 2412/3073/1608 2465/3152/1608 2463/3150/1608 
f 2467/3154/2376 2468/3155/2376 2466/3153/2376 2465/3152/2376 
f 2412/3073/2377 2414/3076/2377 2467/3154/2377 2465/3152/2377 
f 2469/3156/2378 2470/3157/2378 2468/3158/2378 2467/3159/2378 
f 2414/3080/2379 2416/3079/2379 2469/3156/2379 2467/3159/2379 
f 2471/3160/2380 2472/3161/2380 2470/3157/2380 2469/3156/2380 
f 2416/3079/2381 2418/3085/2381 2471/3160/2381 2469/3156/2381 
f 2473/3162/2382 2474/3163/2382 2472/3161/2382 2471/3160/2382 
f 2471/3160/2383 2418/3085/2383 2420/3088/2383 2473/3162/2383 
f 2475/3164/2384 2476/3165/2384 2474/3163/2384 2473/3162/2384 
f 2473/3162/2385 2420/3088/2385 2422/3091/2385 2475/3164/2385 
f 2477/3166/2386 2478/3167/2386 2476/3165/2386 2475/3164/2386 
f 2475/3164/2387 2422/3091/2387 2424/3094/2387 2477/3166/2387 
f 2479/3168/2388 2480/3169/2388 2478/3167/2388 2477/3166/2388 
f 2477/3166/2389 2424/3094/2389 2426/3097/2389 2479/3168/2389 
f 2481/3170/2390 2482/3171/2390 2480/3169/2390 2479/3168/2390 
f 2479/3168/2391 2426/3097/2391 2428/3100/2391 2481/3170/2391 
f 2483/3172/2392 2484/3173/2392 2482/3171/2392 2481/3170/2392 
f 2428/3100/1596 2430/3103/1596 2483/3172/1596 2481/3170/1596 
f 2485/3174/2393 2486/3175/2393 2484/3173/2393 2483/3172/2393 
f 2430/3103/1877 2432/3106/1877 2485/3174/1877 2483/3172/1877 
f 2487/3176/2394 2488/3177/2394 2486/3175/2394 2485/3174/2394 
f 2432/3106/1613 2434/3109/1613 2487/3176/1613 2485/3174/1613 
f 2489/3178/2395 2490/3179/2395 2488/3177/2395 2487/3176/2395 
f 2434/3109/2396 2436/3112/2396 2489/3178/2396 2487/3176/2396 
f 2491/3180/2397 2492/3181/2397 2490/3179/2397 2489/3178/2397 
f 2436/3112/1612 2438/3115/1612 2491/3180/1612 2489/3178/1612 
f 2491/3180/2398 2493/3182/2398 2494/3183/2398 2492/3181/2398 
f 2438/3115/2399 2440/3118/2399 2493/3182/2399 2491/3180/2399 
f 2493/3182/2400 2495/3184/2400 2496/3185/2400 2494/3183/2400 
f 2440/3118/2401 2442/3121/2401 2495/3184/2401 2493/3182/2401 
f 2495/3184/2402 2497/3186/2402 2498/3187/2402 2496/3185/2402 
f 2442/3121/2403 2444/3124/2403 2497/3186/2403 2495/3184/2403 
f 2497/3186/2404 2499/3188/2404 2500/3189/2404 2498/3187/2404 
f 2444/3124/2405 2446/3127/2405 2499/3188/2405 2497/3186/2405 
f 2499/3188/2406 2501/3190/2406 2502/3191/2406 2500/3189/2406 
f 2446/3127/1888 2448/3130/1888 2501/3190/1888 2499/3188/1888 
f 2501/3190/2407 2503/3192/2407 2504/3193/2407 2502/3191/2407 
f 2448/3130/2408 2450/3133/2408 2503/3192/2408 2501/3190/2408 
f 2503/3192/2409 2505/3194/2409 2506/3195/2409 2504/3193/2409 
f 2450/3133/2410 2452/3136/2410 2505/3194/2410 2503/3192/2410 
f 2505/3194/2411 2507/3196/2411 2508/3197/2411 2506/3195/2411 
f 2452/3136/2412 2454/3139/2412 2507/3196/2412 2505/3194/2412 
f 2507/3196/2413 2459/3146/2413 2509/3198/2413 2508/3197/2413 
f 2454/3139/2414 2456/3142/2414 2459/3146/2414 2507/3196/2414 
f 2510/3199/2415 2511/3200/2415 2508/3197/2415 2509/3198/2415 
f 2509/3198/2416 2462/3149/2416 2512/3201/2416 2510/3199/2416 
f 2459/3146/2417 2458/3145/2417 2462/3149/2417 2509/3198/2417 
f 2513/3202/2418 2514/3203/2418 2510/3204/2418 2512/3205/2418 
f 2512/3205/2419 2515/3206/2419 2516/3207/2419 2513/3202/2419 
f 2462/3149/2420 2461/3148/2420 2515/3208/2420 2512/3201/2420 
f 2515/3206/2421 2517/3209/2421 2518/3210/2421 2516/3207/2421 
f 2461/3148/2422 2464/3151/2422 2517/3211/2422 2515/3208/2422 
f 2517/3209/2423 2519/3212/2423 2520/3213/2423 2518/3210/2423 
f 2464/3151/2424 2466/3153/2424 2519/3214/2424 2517/3211/2424 
f 2521/3215/2425 2522/3216/2425 2520/3213/2425 2519/3212/2425 
f 2466/3153/2426 2468/3155/2426 2521/3217/2426 2519/3214/2426 
f 2523/3218/2427 2524/3219/2427 2522/3216/2427 2521/3215/2427 
f 2468/3158/2428 2470/3157/2428 2523/3220/2428 2521/3221/2428 
f 2525/3222/2429 2526/3223/2429 2524/3219/2429 2523/3218/2429 
f 2523/3220/2430 2470/3157/2430 2472/3161/2430 2525/3224/2430 
f 2527/3225/2431 2528/3226/2431 2526/3223/2431 2525/3222/2431 
f 2525/3224/2432 2472/3161/2432 2474/3163/2432 2527/3227/2432 
f 2529/3228/2433 2530/3229/2433 2528/3226/2433 2527/3225/2433 
f 2527/3227/2434 2474/3163/2434 2476/3165/2434 2529/3230/2434 
f 2531/3231/2435 2532/3232/2435 2530/3229/2435 2529/3228/2435 
f 2529/3230/2436 2476/3165/2436 2478/3167/2436 2531/3233/2436 
f 2533/3234/2437 2534/3235/2437 2532/3232/2437 2531/3231/2437 
f 2531/3233/2438 2478/3167/2438 2480/3169/2438 2533/3236/2438 
f 2535/3237/2439 2536/3238/2439 2534/3235/2439 2533/3234/2439 
f 2533/3236/2440 2480/3169/2440 2482/3171/2440 2535/3239/2440 
f 2537/3240/2441 2538/3241/2441 2536/3238/2441 2535/3237/2441 
f 2535/3239/2442 2482/3171/2442 2484/3173/2442 2537/3242/2442 
f 2539/3243/2443 2540/3244/2443 2538/3241/2443 2537/3240/2443 
f 2484/3173/2444 2486/3175/2444 2539/3245/2444 2537/3242/2444 
f 2541/3246/2445 2542/3247/2445 2540/3244/2445 2539/3243/2445 
f 2486/3175/2446 2488/3177/2446 2541/3248/2446 2539/3245/2446 
f 2543/3249/2447 2544/3250/2447 2542/3247/2447 2541/3246/2447 
f 2488/3177/2448 2490/3179/2448 2543/3251/2448 2541/3248/2448 
f 2545/3252/2449 2546/3253/2449 2544/3250/2449 2543/3249/2449 
f 2490/3179/2450 2492/3181/2450 2545/3254/2450 2543/3251/2450 
f 2545/3252/2451 2547/3255/2451 2548/3256/2451 2546/3253/2451 
f 2492/3181/2452 2494/3183/2452 2547/3257/2452 2545/3254/2452 
f 2547/3255/2453 2549/3258/2453 2550/3259/2453 2548/3256/2453 
f 2494/3183/2454 2496/3185/2454 2549/3260/2454 2547/3257/2454 
f 2549/3258/2455 2551/3261/2455 2552/3262/2455 2550/3259/2455 
f 2496/3185/2456 2498/3187/2456 2551/3263/2456 2549/3260/2456 
f 2551/3261/2457 2553/3264/2457 2554/3265/2457 2552/3262/2457 
f 2498/3187/2458 2500/3189/2458 2553/3266/2458 2551/3263/2458 
f 2553/3264/2459 2555/3267/2459 2556/3268/2459 2554/3265/2459 
f 2500/3189/2460 2502/3191/2460 2555/3269/2460 2553/3266/2460 
f 2555/3267/2461 2557/3270/2461 2558/3271/2461 2556/3268/2461 
f 2502/3191/2462 2504/3193/2462 2557/3272/2462 2555/3269/2462 
f 2557/3270/2463 2559/3273/2463 2560/3274/2463 2558/3271/2463 
f 2504/3193/2464 2506/3195/2464 2559/3275/2464 2557/3272/2464 
f 2559/3273/2465 2511/3276/2465 2561/3277/2465 2560/3274/2465 
f 2506/3195/2466 2508/3197/2466 2511/3200/2466 2559/3275/2466 
f 2562/3278/2467 2563/3279/2467 2560/3274/2467 2561/3277/2467 
f 2561/3277/2468 2514/3203/2468 2564/3280/2468 2562/3278/2468 
f 2511/3276/2469 2510/3204/2469 2514/3203/2469 2561/3277/2469 
f 2565/3281/2470 2566/3282/2470 2562/3278/2470 2564/3280/2470 
f 2564/3280/2471 2567/3283/2471 2568/3284/2471 2565/3281/2471 
f 2514/3203/2472 2513/3202/2472 2567/3283/2472 2564/3280/2472 
f 2567/3283/2473 2569/3285/2473 2570/3286/2473 2568/3284/2473 
f 2513/3202/2474 2516/3207/2474 2569/3285/2474 2567/3283/2474 
f 2569/3285/2475 2571/3287/2475 2572/3288/2475 2570/3286/2475 
f 2516/3207/2476 2518/3210/2476 2571/3287/2476 2569/3285/2476 
f 2573/3289/2477 2574/3290/2477 2572/3288/2477 2571/3287/2477 
f 2518/3210/2478 2520/3213/2478 2573/3289/2478 2571/3287/2478 
f 2575/3291/2479 2576/3292/2479 2574/3290/2479 2573/3289/2479 
f 2520/3213/2480 2522/3216/2480 2575/3291/2480 2573/3289/2480 
f 2577/3293/2481 2578/3294/2481 2576/3292/2481 2575/3291/2481 
f 2522/3216/2482 2524/3219/2482 2577/3293/2482 2575/3291/2482 
f 2579/3295/2483 2580/3296/2483 2578/3294/2483 2577/3293/2483 
f 2577/3293/2484 2524/3219/2484 2526/3223/2484 2579/3295/2484 
f 2581/3297/2485 2582/3298/2485 2580/3296/2485 2579/3295/2485 
f 2579/3295/2486 2526/3223/2486 2528/3226/2486 2581/3297/2486 
f 2583/3299/2487 2584/3300/2487 2582/3298/2487 2581/3297/2487 
f 2581/3297/2488 2528/3226/2488 2530/3229/2488 2583/3299/2488 
f 2585/3301/2470 2586/3302/2470 2584/3300/2470 2583/3299/2470 
f 2583/3299/2489 2530/3229/2489 2532/3232/2489 2585/3301/2489 
f 2587/3303/2470 2588/3304/2470 2586/3302/2470 2585/3301/2470 
f 2585/3301/2490 2532/3232/2490 2534/3235/2490 2587/3303/2490 
f 2589/3305/2470 2590/3306/2470 2588/3304/2470 2587/3303/2470 
f 2587/3303/2491 2534/3235/2491 2536/3238/2491 2589/3305/2491 
f 2591/3307/2470 2592/3308/2470 2590/3306/2470 2589/3305/2470 
f 2589/3305/2492 2536/3238/2492 2538/3241/2492 2591/3307/2492 
f 2593/3309/2493 2594/3310/2493 2592/3308/2493 2591/3307/2493 
f 2538/3241/2494 2540/3244/2494 2593/3309/2494 2591/3307/2494 
f 2595/3311/2470 2596/3312/2470 2594/3310/2470 2593/3309/2470 
f 2540/3244/2495 2542/3247/2495 2595/3311/2495 2593/3309/2495 
f 2597/3313/2470 2598/3314/2470 2596/3312/2470 2595/3311/2470 
f 2542/3247/2496 2544/3250/2496 2597/3313/2496 2595/3311/2496 
f 2599/3315/2493 2600/3316/2493 2598/3314/2493 2597/3313/2493 
f 2544/3250/2497 2546/3253/2497 2599/3315/2497 2597/3313/2497 
f 2601/3317/2470 2602/3318/2470 2600/3316/2470 2599/3315/2470 
f 2546/3253/2498 2548/3256/2498 2601/3317/2498 2599/3315/2498 
f 2601/3317/2493 2603/3319/2493 2604/3320/2493 2602/3318/2493 
f 2548/3256/2499 2550/3259/2499 2603/3319/2499 2601/3317/2499 
f 2603/3319/2470 2605/3321/2470 2606/3322/2470 2604/3320/2470 
f 2550/3259/2500 2552/3262/2500 2605/3321/2500 2603/3319/2500 
f 2605/3321/2470 2607/3323/2470 2608/3324/2470 2606/3322/2470 
f 2552/3262/2501 2554/3265/2501 2607/3323/2501 2605/3321/2501 
f 2607/3323/2493 2609/3325/2493 2610/3326/2493 2608/3324/2493 
f 2554/3265/2502 2556/3268/2502 2609/3325/2502 2607/3323/2502 
f 2609/3325/2470 2611/3327/2470 2612/3328/2470 2610/3326/2470 
f 2556/3268/2503 2558/3271/2503 2611/3327/2503 2609/3325/2503 
f 2611/3327/2470 2563/3279/2470 2613/3329/2470 2612/3328/2470 
f 2558/3271/2504 2560/3274/2504 2563/3279/2504 2611/3327/2504 
f 2563/3279/2493 2562/3278/2493 2566/3282/2493 2613/3329/2493 
f 2610/3330/2505 2612/3331/2505 2614/3332/2505 2615/3333/2505 
f 2612/3331/2506 2613/3334/2506 2616/3335/2506 2614/3332/2506 
f 2613/3334/1442 2566/3336/1442 2617/3337/1442 2616/3335/1442 
f 2618/3338/2507 2617/3337/2507 2566/3336/2507 2565/3339/2507 
f 2619/3340/2508 2618/3338/2508 2565/3339/2508 2568/3341/2508 
f 2620/3342/1866 2619/3340/1866 2568/3341/1866 2570/3343/1866 
f 2621/3344/2509 2620/3342/2509 2570/3343/2509 2572/3345/2509 
f 2622/3346/2510 2621/3347/2510 2572/3348/2510 2574/3349/2510 
f 2622/3346/2511 2574/3349/2511 2576/3350/2511 2623/3351/2511 
f 2623/3351/2512 2576/3350/2512 2578/3352/2512 2624/3353/2512 
f 2624/3353/2513 2578/3352/2513 2580/3354/2513 2625/3355/2513 
f 2625/3355/2514 2580/3354/2514 2582/3356/2514 2626/3357/2514 
f 2626/3357/2515 2582/3356/2515 2584/3358/2515 2627/3359/2515 
f 2627/3359/2516 2584/3358/2516 2586/3360/2516 2628/3361/2516 
f 2628/3361/2517 2586/3360/2517 2588/3362/2517 2629/3363/2517 
f 2629/3363/2518 2588/3362/2518 2590/3364/2518 2630/3365/2518 
f 2630/3365/2519 2590/3364/2519 2592/3366/2519 2631/3367/2519 
f 2631/3367/2520 2592/3366/2520 2594/3368/2520 2632/3369/2520 
f 2632/3369/2521 2594/3368/2521 2596/3370/2521 2633/3371/2521 
f 2633/3371/2522 2596/3370/2522 2598/3372/2522 2634/3373/2522 
f 2634/3373/1612 2598/3372/1612 2600/3374/1612 2635/3375/1612 
f 2635/3375/2523 2600/3374/2523 2602/3376/2523 2636/3377/2523 
f 2636/3377/2524 2602/3376/2524 2604/3378/2524 2637/3379/2524 
f 2638/3380/2525 2637/3379/2525 2604/3378/2525 2606/3381/2525 
f 2639/3382/2526 2638/3380/2526 2606/3381/2526 2608/3383/2526 
f 2615/3333/2527 2639/3382/2527 2608/3383/2527 2610/3330/2527 
f 2615/3384/2528 2640/3385/2528 2641/3386/2528 2639/3387/2528 
f 2614/3388/2529 2642/3389/2529 2640/3385/2529 2615/3384/2529 
f 2642/3389/2530 2643/3390/2530 2644/3391/2530 2640/3385/2530 
f 2645/3392/2531 2646/3393/2531 2643/3390/2531 2642/3389/2531 
f 2642/3389/2532 2614/3388/2532 2616/3394/2532 2645/3392/2532 
f 2647/3395/2533 2648/3396/2533 2646/3393/2533 2645/3392/2533 
f 2645/3392/2534 2616/3394/2534 2617/3397/2534 2647/3395/2534 
f 2649/3398/2535 2650/3399/2535 2648/3396/2535 2647/3395/2535 
f 2647/3395/2536 2617/3397/2536 2618/3400/2536 2649/3398/2536 
f 2651/3401/2537 2652/3402/2537 2650/3399/2537 2649/3398/2537 
f 2649/3398/2538 2618/3400/2538 2619/3403/2538 2651/3401/2538 
f 2653/3404/2539 2654/3405/2539 2652/3402/2539 2651/3401/2539 
f 2651/3401/2540 2619/3403/2540 2620/3406/2540 2653/3404/2540 
f 2655/3407/2541 2656/3408/2541 2654/3405/2541 2653/3404/2541 
f 2653/3404/2542 2620/3406/2542 2621/3409/2542 2655/3407/2542 
f 2657/3410/2543 2658/3411/2543 2656/3408/2543 2655/3407/2543 
f 2655/3407/2544 2621/3409/2544 2622/3412/2544 2657/3410/2544 
f 2657/3410/2545 2659/3413/2545 2660/3414/2545 2658/3411/2545 
f 2622/3412/2546 2623/3415/2546 2659/3413/2546 2657/3410/2546 
f 2659/3413/2547 2661/3416/2547 2662/3417/2547 2660/3414/2547 
f 2623/3415/2548 2624/3418/2548 2661/3416/2548 2659/3413/2548 
f 2661/3416/2549 2663/3419/2549 2664/3420/2549 2662/3417/2549 
f 2624/3418/2550 2625/3421/2550 2663/3419/2550 2661/3416/2550 
f 2663/3419/2551 2665/3422/2551 2666/3423/2551 2664/3420/2551 
f 2625/3421/2552 2626/3424/2552 2665/3422/2552 2663/3419/2552 
f 2665/3422/2553 2667/3425/2553 2668/3426/2553 2666/3423/2553 
f 2626/3424/2554 2627/3427/2554 2667/3425/2554 2665/3422/2554 
f 2667/3425/2555 2669/3428/2555 2670/3429/2555 2668/3426/2555 
f 2627/3427/2556 2628/3430/2556 2669/3428/2556 2667/3425/2556 
f 2669/3428/2557 2671/3431/2557 2672/3432/2557 2670/3429/2557 
f 2628/3430/2558 2629/3433/2558 2671/3431/2558 2669/3428/2558 
f 2671/3431/2559 2673/3434/2559 2674/3435/2559 2672/3432/2559 
f 2629/3433/2560 2630/3436/2560 2673/3434/2560 2671/3431/2560 
f 2673/3434/2561 2675/3437/2561 2676/3438/2561 2674/3435/2561 
f 2630/3436/2562 2631/3439/2562 2675/3437/2562 2673/3434/2562 
f 2675/3437/2563 2677/3440/2563 2678/3441/2563 2676/3438/2563 
f 2631/3439/2564 2632/3442/2564 2677/3440/2564 2675/3437/2564 
f 2677/3440/2565 2679/3443/2565 2680/3444/2565 2678/3441/2565 
f 2632/3442/2566 2633/3445/2566 2679/3443/2566 2677/3440/2566 
f 2679/3443/2567 2681/3446/2567 2682/3447/2567 2680/3444/2567 
f 2633/3445/2568 2634/3448/2568 2681/3446/2568 2679/3443/2568 
f 2681/3446/2569 2683/3449/2569 2684/3450/2569 2682/3447/2569 
f 2634/3448/2570 2635/3451/2570 2683/3449/2570 2681/3446/2570 
f 2683/3449/2571 2685/3452/2571 2686/3453/2571 2684/3450/2571 
f 2635/3451/2572 2636/3454/2572 2685/3452/2572 2683/3449/2572 
f 2687/3455/2573 2688/3456/2573 2686/3453/2573 2685/3452/2573 
f 2685/3452/2574 2636/3454/2574 2637/3457/2574 2687/3455/2574 
f 2689/3458/2575 2690/3459/2575 2688/3456/2575 2687/3455/2575 
f 2687/3455/2576 2637/3457/2576 2638/3460/2576 2689/3458/2576 
f 2641/3386/2577 2691/3461/2577 2690/3459/2577 2689/3458/2577 
f 2689/3458/2578 2638/3460/2578 2639/3387/2578 2641/3386/2578 
f 2691/3461/2579 2641/3386/2579 2640/3385/2579 2644/3391/2579 
f 2644/3391/2580 2692/3462/2580 2693/3463/2580 2691/3461/2580 
f 2643/3390/2581 2694/3464/2581 2692/3462/2581 2644/3391/2581 
f 2646/3393/2582 2695/3465/2582 2694/3464/2582 2643/3390/2582 
f 2648/3396/2583 2696/3466/2583 2695/3465/2583 2646/3393/2583 
f 2650/3399/2584 2697/3467/2584 2696/3466/2584 2648/3396/2584 
f 2652/3402/2585 2698/3468/2585 2697/3467/2585 2650/3399/2585 
f 2654/3405/2586 2699/3469/2586 2698/3468/2586 2652/3402/2586 
f 2656/3408/2587 2700/3470/2587 2699/3469/2587 2654/3405/2587 
f 2658/3411/2588 2701/3471/2588 2700/3470/2588 2656/3408/2588 
f 2658/3411/2589 2660/3414/2589 2702/3472/2589 2701/3471/2589 
f 2660/3414/2590 2662/3417/2590 2703/3473/2590 2702/3472/2590 
f 2662/3417/2591 2664/3420/2591 2704/3474/2591 2703/3473/2591 
f 2664/3420/2592 2666/3423/2592 2705/3475/2592 2704/3474/2592 
f 2666/3423/2593 2668/3426/2593 2706/3476/2593 2705/3475/2593 
f 2668/3426/2594 2670/3429/2594 2707/3477/2594 2706/3476/2594 
f 2670/3429/2595 2672/3432/2595 2708/3478/2595 2707/3477/2595 
f 2672/3432/2596 2674/3435/2596 2709/3479/2596 2708/3478/2596 
f 2674/3435/2597 2676/3438/2597 2710/3480/2597 2709/3479/2597 
f 2676/3438/2598 2678/3441/2598 2711/3481/2598 2710/3480/2598 
f 2678/3441/2599 2680/3444/2599 2712/3482/2599 2711/3481/2599 
f 2680/3444/2600 2682/3447/2600 2713/3483/2600 2712/3482/2600 
f 2682/3447/2601 2684/3450/2601 2714/3484/2601 2713/3483/2601 
f 2684/3450/2602 2686/3453/2602 2715/3485/2602 2714/3484/2602 
f 2686/3453/2603 2688/3456/2603 2716/3486/2603 2715/3485/2603 
f 2716/3486/2604 2688/3456/2604 2690/3459/2604 2717/3487/2604 
f 2691/3461/2605 2693/3463/2605 2717/3487/2605 2690/3459/2605 
f 2718/3488/2606 2719/3489/2606 2720/3490/2606 2721/3491/2606 
f 2718/3488/2607 2722/3492/2607 2723/3493/2607 2719/3489/2607 
f 2718/3488/2608 2721/3491/2608 2724/3494/2608 2722/3492/2608 
f 2725/3495/2609 2726/3496/2609 2727/3497/2609 2728/3498/2609 
f 2725/3495/2610 2729/3499/2610 2730/3500/2610 2726/3496/2610 
f 2725/3495/2611 2728/3498/2611 2731/3501/2611 2729/3499/2611 
f 2732/3502/2612 2733/3503/2612 2734/3504/2612 2735/3505/2612 
f 2736/3506/2613 2737/3507/2613 2738/3508/2613 2739/3509/2613 
f 2737/3507/2614 2740/3510/2614 2741/3511/2614 2742/3512/2614 
f 2736/3506/2615 2743/3513/2615 2740/3510/2615 2737/3507/2615 
f 2743/3513/2616 2736/3506/2616 2739/3509/2616 2744/3514/2616 
f 2745/3515/2617 2746/3516/2617 2747/3517/2617 2744/3514/2617 
f 2748/3518/2618 2749/3519/2618 2746/3516/2618 2745/3515/2618 
f 2749/3519/2619 2748/3518/2619 2750/3520/2619 2751/3521/2619 
f 2752/3522/2620 2753/3523/2620 2754/3524/2620 2755/3525/2620 
f 2755/3525/2621 2756/3526/2621 2757/3527/2621 2752/3522/2621 
f 2756/3526/2622 2758/3528/2622 2759/3529/2622 2757/3527/2622 
f 2760/3530/2623 2761/3531/2623 2762/3532/2623 2763/3533/2623 
f 2764/3534/2624 2765/3535/2624 2760/3530/2624 2763/3533/2624 
f 2765/3535/2625 2764/3534/2625 2766/3536/2625 2767/3537/2625 
f 2768/3538/2626 2769/3539/2626 2767/3537/2626 2766/3536/2626 
f 2769/3539/2627 2768/3538/2627 2770/3540/2627 2771/3541/2627 
f 2772/3542/2628 2773/3543/2628 2771/3541/2628 2770/3540/2628 
f 2772/3542/2629 2774/3544/2629 2775/3545/2629 2773/3543/2629 
f 2774/3544/2630 2776/3546/2630 2777/3547/2630 2775/3545/2630 
f 2776/3546/2631 2778/3548/2631 2779/3549/2631 2777/3547/2631 
f 2778/3548/2632 2780/3550/2632 2781/3551/2632 2779/3549/2632 
f 2780/3550/2633 2782/3552/2633 2783/3553/2633 2781/3551/2633 
f 2784/3554/2634 2783/3553/2634 2782/3552/2634 2785/3555/2634 
f 2785/3555/2635 2786/3556/2635 2787/3557/2635 2784/3554/2635 
f 2786/3556/2636 2788/3558/2636 2789/3559/2636 2787/3557/2636 
f 2790/3560/2637 2791/3561/2637 2792/3562/2637 2793/3563/2637 
f 2793/3563/2638 2792/3562/2638 2794/3564/2638 2795/3565/2638 
f 2747/3566/2639 2796/3567/2639 2795/3565/2639 2794/3564/2639 
f 2796/3567/2640 2747/3566/2640 2746/3568/2640 2797/3569/2640 
f 2753/3523/2641 2798/3570/2641 2799/3571/2641 2800/3572/2641 
f 2753/3523/2642 2752/3522/2642 2801/3573/2642 2798/3570/2642 
f 2752/3522/2643 2757/3527/2643 2802/3574/2643 2801/3573/2643 
f 2757/3527/2644 2759/3529/2644 2803/3575/2644 2802/3574/2644 
f 2759/3529/2645 2804/3576/2645 2805/3577/2645 2803/3575/2645 
f 2804/3576/2646 2762/3578/2646 2761/3579/2646 2805/3577/2646 
f 2800/3572/2647 2751/3580/2647 2754/3524/2647 2753/3523/2647 
f 2806/3581/2648 2749/3582/2648 2751/3580/2648 2800/3572/2648 
f 2749/3582/2649 2806/3581/2649 2797/3569/2649 2746/3568/2649 
f 2807/3583/2650 2788/3558/2650 2808/3584/2650 2809/3585/2650 
f 2791/3561/2651 2790/3560/2651 2807/3583/2651 2809/3585/2651 
f 2788/3558/2652 2786/3556/2652 2810/3586/2652 2808/3584/2652 
f 2811/3587/2653 2812/3588/2653 2763/3533/2653 2762/3532/2653 
f 2762/3578/2654 2804/3576/2654 2813/3589/2654 2811/3590/2654 
f 2804/3576/2655 2759/3529/2655 2758/3528/2655 2813/3589/2655 
f 2814/3591/2656 2815/3592/2656 2756/3593/2656 2755/3594/2656 
f 2755/3594/2657 2754/3595/2657 2816/3596/2657 2814/3591/2657 
f 2816/3596/2658 2754/3595/2658 2751/3521/2658 2750/3520/2658 
f 2817/3597/2659 2818/3598/2659 2750/3520/2659 2748/3518/2659 
f 2748/3518/2660 2745/3515/2660 2817/3597/2660 
f 2745/3515/2661 2744/3514/2661 2739/3509/2661 2817/3597/2661 
f 2739/3509/2662 2738/3508/2662 2819/3599/2662 2817/3597/2662 
f 2738/3508/2663 2820/3600/2663 2821/3601/2663 2819/3599/2663 
f 2820/3600/2664 2738/3508/2664 2737/3507/2664 2742/3512/2664 
f 2822/3602/2665 2823/3603/2665 2820/3600/2665 2742/3512/2665 
f 2824/3604/2666 2825/3605/2666 2822/3602/2666 2742/3512/2666 
f 2742/3512/2667 2741/3511/2667 2824/3604/2667 
f 2740/3510/2668 2792/3606/2668 2791/3607/2668 2741/3511/2668 
f 2743/3513/2669 2794/3608/2669 2792/3606/2669 2740/3510/2669 
f 2741/3511/2670 2791/3607/2670 2809/3609/2670 2824/3604/2670 
f 2808/3610/2671 2825/3605/2671 2824/3604/2671 2809/3609/2671 
f 2785/3555/2672 2782/3552/2672 2826/3611/2672 2827/3612/2672 
f 2827/3612/2673 2810/3586/2673 2786/3556/2673 2785/3555/2673 
f 2782/3552/2674 2780/3550/2674 2828/3613/2674 2826/3611/2674 
f 2780/3550/2675 2778/3548/2675 2829/3614/2675 2828/3613/2675 
f 2778/3548/2676 2776/3546/2676 2830/3615/2676 2829/3614/2676 
f 2776/3546/2677 2774/3544/2677 2831/3616/2677 2830/3615/2677 
f 2774/3544/2678 2772/3542/2678 2832/3617/2678 2831/3616/2678 
f 2772/3542/2679 2770/3540/2679 2833/3618/2679 2832/3617/2679 
f 2768/3538/2680 2834/3619/2680 2833/3618/2680 2770/3540/2680 
f 2766/3536/2681 2835/3620/2681 2834/3619/2681 2768/3538/2681 
f 2764/3534/2682 2836/3621/2682 2835/3620/2682 2766/3536/2682 
f 2836/3621/2683 2764/3534/2683 2763/3533/2683 2812/3588/2683 
f 2813/3622/2684 2837/3623/2684 2838/3624/2684 2811/3625/2684 
f 2758/3626/2685 2839/3627/2685 2837/3623/2685 2813/3622/2685 
f 2839/3627/2686 2758/3626/2686 2756/3593/2686 2815/3592/2686 
f 2814/3591/2687 2730/3500/2687 2815/3592/2687 
f 2816/3596/2688 2818/3598/2688 2730/3500/2688 2814/3591/2688 
f 2818/3598/2689 2816/3596/2689 2750/3520/2689 
f 2817/3597/2690 2819/3599/2690 2840/3628/2690 2818/3598/2690 
f 2819/3599/2691 2821/3601/2691 2841/3629/2691 2840/3628/2691 
f 2842/3630/2692 2843/3631/2692 2841/3629/2692 2821/3601/2692 
f 2842/3630/2693 2821/3601/2693 2820/3600/2693 2823/3603/2693 
f 2734/3504/2694 2844/3632/2694 2842/3630/2694 2823/3603/2694 
f 2823/3603/2695 2822/3602/2695 2735/3505/2695 2734/3504/2695 
f 2845/3633/2696 2846/3634/2696 2735/3505/2696 2822/3602/2696 
f 2822/3602/2697 2825/3605/2697 2845/3633/2697 
f 2810/3635/2698 2827/3636/2698 2846/3634/2698 2845/3633/2698 
f 2845/3633/2699 2825/3605/2699 2808/3610/2699 2810/3635/2699 
f 2827/3636/2700 2826/3637/2700 2847/3638/2700 2846/3634/2700 
f 2848/3639/2701 2849/3640/2701 2835/3641/2701 2836/3642/2701 
f 2836/3642/2702 2812/3643/2702 2850/3644/2702 2848/3639/2702 
f 2812/3643/2703 2811/3625/2703 2838/3624/2703 2850/3644/2703 
f 2731/3501/2704 2851/3645/2704 2838/3624/2704 2837/3623/2704 
f 2839/3627/2705 2729/3499/2705 2731/3501/2705 2837/3623/2705 
f 2729/3499/2706 2839/3627/2706 2815/3592/2706 2730/3500/2706 
f 2728/3498/2707 2722/3492/2707 2852/3646/2707 2851/3645/2707 
f 2851/3645/2708 2731/3501/2708 2728/3498/2708 
f 2850/3644/2709 2838/3624/2709 2851/3645/2709 2852/3646/2709 
f 2724/3494/2710 2848/3639/2710 2850/3644/2710 2852/3646/2710 
f 2848/3639/2711 2724/3494/2711 2721/3491/2711 2849/3640/2711 
f 2834/3647/2712 2835/3641/2712 2849/3640/2712 2853/3648/2712 
f 2854/3649/2713 2833/3650/2713 2834/3647/2713 2853/3648/2713 
f 2833/3650/2714 2854/3649/2714 2855/3651/2714 2832/3652/2714 
f 2856/3653/2715 2831/3654/2715 2832/3652/2715 2855/3651/2715 
f 2856/3653/2716 2857/3655/2716 2830/3656/2716 2831/3654/2716 
f 2857/3655/2717 2858/3657/2717 2829/3658/2717 2830/3656/2717 
f 2858/3657/2718 2859/3659/2718 2828/3660/2718 2829/3658/2718 
f 2859/3659/2719 2847/3638/2719 2826/3637/2719 2828/3660/2719 
f 2858/3657/2720 2860/3661/2720 2733/3503/2720 2859/3659/2720 
f 2858/3657/2721 2857/3655/2721 2860/3661/2721 
f 2857/3655/2722 2856/3653/2722 2861/3662/2722 2860/3661/2722 
f 2856/3653/2723 2855/3651/2723 2861/3662/2723 
f 2855/3651/2724 2854/3649/2724 2720/3490/2724 2861/3662/2724 
f 2854/3649/2725 2853/3648/2725 2720/3490/2725 
f 2853/3648/2726 2849/3640/2726 2721/3491/2726 2720/3490/2726 
f 2720/3490/2727 2719/3489/2727 2862/3663/2727 2861/3662/2727 
f 2723/3493/2728 2843/3631/2728 2862/3663/2728 2719/3489/2728 
f 2722/3492/2729 2728/3498/2729 2727/3497/2729 2723/3493/2729 
f 2726/3496/2730 2840/3628/2730 2841/3629/2730 2727/3497/2730 
f 2726/3496/2731 2730/3500/2731 2818/3598/2731 2840/3628/2731 
f 2841/3629/2732 2843/3631/2732 2723/3493/2732 2727/3497/2732 
f 2843/3631/2733 2842/3630/2733 2844/3632/2733 2862/3663/2733 
f 2860/3661/2734 2861/3662/2734 2862/3663/2734 2844/3632/2734 
f 2844/3632/2735 2734/3504/2735 2733/3503/2735 2860/3661/2735 
f 2733/3503/2736 2732/3502/2736 2847/3638/2736 2859/3659/2736 
f 2732/3502/2737 2735/3505/2737 2846/3634/2737 2847/3638/2737 
f 2722/3492/2738 2724/3494/2738 2852/3646/2738 
f 2794/3608/2739 2743/3513/2739 2744/3514/2739 2747/3517/2739 
f 2863/3664/2740 2806/3581/2740 2800/3572/2740 2799/3571/2740 
f 2864/3665/2741 2797/3569/2741 2806/3581/2741 2863/3664/2741 
f 2865/3666/2742 2796/3567/2742 2797/3569/2742 2864/3665/2742 
f 2866/3667/2743 2795/3565/2743 2796/3567/2743 2865/3666/2743 
f 2867/3668/2744 2793/3563/2744 2795/3565/2744 2866/3667/2744 
f 2868/3669/2745 2790/3560/2745 2793/3563/2745 2867/3668/2745 
f 2868/3669/2746 2869/3670/2746 2807/3583/2746 2790/3560/2746 
f 2869/3670/2747 2789/3559/2747 2788/3558/2747 2807/3583/2747 
f 2870/3671/2748 2871/3672/2748 2872/3673/2748 
f 2872/3673/2749 2871/3672/2749 2873/3674/2749 
f 2874/3675/2750 2871/3672/2750 2875/3676/2750 
f 2876/3677/2751 2871/3672/2751 2874/3675/2751 
f 2877/3678/2752 2871/3672/2752 2876/3677/2752 
f 2878/3679/2753 2871/3672/2753 2879/3680/2753 
f 2880/3681/2754 2871/3672/2754 2881/3682/2754 
f 2882/3683/2755 2871/3672/2755 2883/3684/2755 
f 2873/3674/2756 2871/3672/2756 2882/3683/2756 
f 2875/3676/2757 2871/3672/2757 2870/3671/2757 
f 2884/3685/2758 2871/3672/2758 2885/3686/2758 
f 2886/3687/2759 2871/3672/2759 2887/3688/2759 
f 2888/3689/2760 2871/3672/2760 2886/3687/2760 
f 2889/3690/2761 2871/3672/2761 2890/3691/2761 
f 2891/3692/2762 2871/3672/2762 2888/3689/2762 
f 2892/3693/2763 2871/3672/2763 2889/3690/2763 
f 2893/3694/2764 2871/3672/2764 2894/3695/2764 
f 2894/3695/2765 2871/3672/2765 2895/3696/2765 
f 2895/3696/2766 2871/3672/2766 2892/3693/2766 
f 2883/3684/2767 2871/3672/2767 2893/3694/2767 
f 2879/3680/2768 2871/3672/2768 2877/3678/2768 
f 2881/3682/2769 2871/3672/2769 2878/3679/2769 
f 2887/3688/2770 2871/3672/2770 2884/3685/2770 
f 2885/3686/2771 2871/3672/2771 2880/3681/2771 
f 2890/3691/2772 2871/3672/2772 2891/3692/2772 
f 2896/3697/2773 2897/3698/2773 2870/3699/2773 2872/3700/2773 
f 2898/3701/2774 2896/3697/2774 2872/3700/2774 2873/3702/2774 
f 2899/3703/2775 2900/3704/2775 2874/3705/2775 2875/3706/2775 
f 2900/3704/2776 2901/3707/2776 2876/3708/2776 2874/3705/2776 
f 2876/3708/2777 2901/3707/2777 2902/3709/2777 2877/3710/2777 
f 2903/3711/2778 2904/3712/2778 2878/3713/2778 2879/3714/2778 
f 2905/3715/2779 2906/3716/2779 2880/3717/2779 2881/3718/2779 
f 2883/3719/2780 2907/3720/2780 2908/3721/2780 2882/3722/2780 
f 2908/3721/2781 2898/3701/2781 2873/3702/2781 2882/3722/2781 
f 2870/3699/2782 2897/3698/2782 2899/3703/2782 2875/3706/2782 
f 2909/3723/2783 2910/3724/2783 2884/3725/2783 2885/3726/2783 
f 2911/3727/2784 2912/3728/2784 2886/3729/2784 2887/3730/2784 
f 2912/3728/2785 2913/3731/2785 2888/3732/2785 2886/3729/2785 
f 2914/3733/2786 2915/3734/2786 2889/3735/2786 2890/3736/2786 
f 2913/3731/2787 2916/3737/2787 2891/3738/2787 2888/3732/2787 
f 2915/3734/2788 2917/3739/2788 2892/3740/2788 2889/3735/2788 
f 2918/3741/2789 2919/3742/2789 2893/3743/2789 2894/3744/2789 
f 2920/3745/2790 2918/3741/2790 2894/3744/2790 2895/3746/2790 
f 2892/3740/2791 2917/3739/2791 2920/3745/2791 2895/3746/2791 
f 2919/3742/2792 2907/3720/2792 2883/3719/2792 2893/3743/2792 
f 2902/3709/2793 2903/3711/2793 2879/3714/2793 2877/3710/2793 
f 2878/3713/2794 2904/3712/2794 2905/3715/2794 2881/3718/2794 
f 2910/3724/2795 2911/3727/2795 2887/3730/2795 2884/3725/2795 
f 2906/3716/2796 2909/3723/2796 2885/3726/2796 2880/3717/2796 
f 2891/3738/2797 2916/3737/2797 2914/3733/2797 2890/3736/2797 
# 2632 polygons - 332 triangles

