# 3ds Max Wavefront OBJ Exporter v0.97b - (c)2007 guruware
# File Created: 26.12.2024 12:45:44

mtllib yvr_d3_left_body.mtl

#
# object yvr_d3_left_body
#

v  0.0064 0.0086 -0.0039
v  0.0059 0.0079 -0.0053
v  0.0044 0.0081 -0.0051
v  0.0045 0.0088 -0.0037
v  0.0081 0.0081 -0.0048
v  0.0073 0.0076 -0.0059
v  0.0057 0.0094 -0.0024
v  0.0071 0.0095 -0.0021
v  0.0079 0.0090 -0.0031
v  0.0089 0.0085 -0.0040
v  0.0041 0.0094 -0.0024
v  0.0150 0.0053 -0.0091
v  0.0127 0.0059 -0.0083
v  0.0135 0.0065 -0.0072
v  0.0155 0.0060 -0.0080
v  0.0122 0.0049 -0.0102
v  0.0112 0.0054 -0.0094
v  0.0151 0.0044 -0.0106
v  0.0129 0.0042 -0.0113
v  0.0065 0.0159 0.0161
v  0.0071 0.0167 0.0191
v  0.0103 0.0162 0.0160
v  0.0082 0.0155 0.0142
v  0.0034 0.0155 0.0150
v  0.0066 0.0150 0.0126
v  0.0025 0.0162 0.0187
v  -0.0023 0.0069 0.0812
v  -0.0034 0.0056 0.0817
v  -0.0018 0.0052 0.0832
v  -0.0009 0.0071 0.0818
v  -0.0031 0.0082 0.0788
v  -0.0048 0.0068 0.0789
v  -0.0013 0.0091 0.0787
v  0.0019 0.0107 0.0002
v  0.0034 0.0100 -0.0012
v  0.0021 0.0099 -0.0014
v  0.0012 0.0104 -0.0005
v  0.0045 0.0104 -0.0001
v  0.0051 0.0099 -0.0012
v  0.0025 0.0110 0.0010
v  0.0044 0.0108 0.0008
v  -0.0052 0.0100 -0.0021
v  -0.0039 0.0101 -0.0019
v  -0.0039 0.0092 -0.0038
v  -0.0052 0.0106 -0.0008
v  -0.0057 0.0089 -0.0042
v  -0.0083 0.0103 -0.0017
v  0.0029 0.0012 0.0854
v  0.0032 -0.0002 0.0853
v  0.0043 0.0008 0.0843
v  0.0035 0.0022 0.0847
v  0.0016 0.0012 0.0858
v  0.0016 -0.0008 0.0861
v  0.0022 0.0029 0.0852
v  -0.0176 -0.0087 -0.0116
v  -0.0188 -0.0077 -0.0128
v  -0.0174 -0.0097 -0.0156
v  -0.0164 -0.0102 -0.0132
v  -0.0156 -0.0104 -0.0103
v  -0.0175 -0.0083 -0.0095
v  -0.0193 -0.0065 -0.0103
v  -0.0127 -0.0116 0.0044
v  -0.0136 -0.0110 0.0079
v  -0.0169 -0.0075 0.0072
v  -0.0167 -0.0076 0.0043
v  -0.0084 -0.0146 0.0066
v  -0.0096 -0.0139 0.0092
v  -0.0094 -0.0144 0.0020
v  -0.0066 -0.0163 0.0042
v  -0.0137 -0.0107 0.0013
v  -0.0109 -0.0134 -0.0004
v  -0.0167 -0.0075 0.0015
v  0.0069 -0.0040 0.0780
v  0.0063 -0.0053 0.0786
v  0.0068 -0.0061 0.0756
v  0.0076 -0.0041 0.0755
v  0.0070 -0.0027 0.0786
v  0.0061 -0.0040 0.0802
v  0.0080 -0.0020 0.0758
v  0.0100 -0.0096 0.0348
v  0.0067 -0.0126 0.0349
v  0.0061 -0.0131 0.0312
v  0.0093 -0.0108 0.0312
v  0.0109 -0.0092 0.0307
v  0.0116 -0.0078 0.0334
v  0.0114 -0.0069 0.0364
v  0.0123 -0.0062 0.0347
v  0.0230 -0.0235 0.0040
v  0.0216 -0.0235 0.0052
v  0.0213 -0.0252 0.0044
v  0.0232 -0.0245 0.0032
v  0.0239 -0.0222 0.0038
v  0.0223 -0.0215 0.0055
v  0.0246 -0.0232 0.0024
v  0.0076 -0.0134 0.0196
v  0.0026 -0.0151 0.0187
v  0.0028 -0.0157 0.0151
v  0.0073 -0.0147 0.0153
v  0.0109 -0.0135 0.0147
v  0.0119 -0.0119 0.0170
v  0.0132 -0.0100 0.0196
v  0.0108 -0.0111 0.0216
v  -0.0045 -0.0093 0.0801
v  -0.0051 -0.0080 0.0808
v  -0.0070 -0.0083 0.0776
v  -0.0057 -0.0100 0.0774
v  -0.0040 -0.0113 0.0772
v  -0.0031 -0.0100 0.0806
v  -0.0033 -0.0084 0.0824
v  0.0165 0.0071 -0.0059
v  0.0159 0.0065 -0.0070
v  0.0140 0.0071 -0.0061
v  0.0144 0.0077 -0.0050
v  0.0155 0.0083 -0.0039
v  0.0165 0.0084 -0.0036
v  0.0175 0.0074 -0.0053
v  0.0144 0.0083 -0.0040
v  0.0091 0.0123 0.0043
v  0.0084 0.0118 0.0030
v  0.0065 0.0116 0.0029
v  0.0067 0.0121 0.0039
v  0.0103 0.0122 0.0039
v  0.0096 0.0118 0.0029
v  0.0110 0.0129 0.0056
v  0.0115 0.0126 0.0050
v  0.0064 0.0125 0.0052
v  0.0084 0.0128 0.0058
v  0.0100 0.0131 0.0066
v  0.0201 0.0090 -0.0023
v  0.0208 0.0078 -0.0043
v  0.0196 0.0078 -0.0045
v  0.0183 0.0089 -0.0026
v  0.0218 0.0087 -0.0025
v  0.0221 0.0077 -0.0043
v  0.0196 0.0098 -0.0008
v  0.0214 0.0097 -0.0009
v  0.0288 -0.0202 -0.0045
v  0.0332 -0.0142 -0.0031
v  0.0331 -0.0116 0.0000
v  0.0304 -0.0158 0.0002
v  0.0287 -0.0182 0.0007
v  0.0279 -0.0212 -0.0026
v  0.0295 -0.0193 -0.0068
v  0.0331 -0.0153 -0.0059
v  0.0169 0.0136 0.0074
v  0.0200 0.0127 0.0053
v  0.0184 0.0127 0.0051
v  0.0167 0.0131 0.0061
v  0.0195 0.0142 0.0088
v  0.0218 0.0133 0.0066
v  0.0144 0.0132 0.0065
v  0.0139 0.0136 0.0077
v  0.0147 0.0145 0.0101
v  0.0174 0.0151 0.0116
v  -0.0113 0.0103 -0.0018
v  -0.0076 0.0086 -0.0049
v  -0.0092 0.0080 -0.0063
v  -0.0121 0.0089 -0.0046
v  -0.0118 0.0119 0.0024
v  -0.0098 0.0118 0.0021
v  -0.0157 0.0093 -0.0039
v  -0.0150 0.0105 -0.0008
v  -0.0149 0.0116 0.0024
v  0.0269 0.0090 -0.0016
v  0.0255 0.0106 0.0013
v  0.0288 0.0113 0.0028
v  0.0308 0.0098 0.0003
v  0.0238 0.0093 -0.0013
v  0.0231 0.0105 0.0008
v  0.0259 0.0080 -0.0034
v  0.0238 0.0084 -0.0029
v  0.0328 0.0083 -0.0019
v  0.0295 0.0076 -0.0036
v  0.0279 0.0071 -0.0047
v  0.0180 0.0015 -0.0153
v  0.0166 0.0010 -0.0162
v  0.0153 0.0018 -0.0149
v  0.0169 0.0021 -0.0143
v  0.0131 0.0019 -0.0151
v  0.0162 0.0006 -0.0170
v  0.0133 0.0011 -0.0164
v  0.0199 0.0008 -0.0161
v  0.0197 0.0000 -0.0175
v  0.0277 -0.0018 -0.0197
v  0.0271 -0.0032 -0.0220
v  0.0231 -0.0020 -0.0205
v  0.0232 -0.0011 -0.0190
v  0.0228 -0.0003 -0.0178
v  0.0257 -0.0005 -0.0177
v  0.0302 -0.0012 -0.0184
v  0.0337 -0.0024 -0.0198
v  0.0323 -0.0035 -0.0219
v  0.0280 -0.0002 -0.0169
v  0.0309 -0.0048 -0.0242
v  -0.0072 0.0145 0.0115
v  -0.0058 0.0140 0.0096
v  -0.0079 0.0135 0.0078
v  -0.0098 0.0139 0.0092
v  -0.0021 0.0147 0.0124
v  -0.0023 0.0143 0.0107
v  -0.0135 0.0137 0.0109
v  -0.0079 0.0152 0.0152
v  -0.0025 0.0153 0.0152
v  -0.0129 0.0147 0.0160
v  -0.0117 -0.0148 -0.0211
v  -0.0095 -0.0161 -0.0243
v  -0.0070 -0.0174 -0.0226
v  -0.0081 -0.0168 -0.0203
v  -0.0142 -0.0132 -0.0239
v  -0.0117 -0.0148 -0.0266
v  -0.0152 -0.0120 -0.0184
v  -0.0168 -0.0109 -0.0209
v  -0.0087 -0.0163 -0.0170
v  -0.0116 -0.0145 -0.0169
v  -0.0143 -0.0123 -0.0153
v  0.0241 0.0100 0.0231
v  0.0244 0.0126 0.0238
v  0.0225 0.0100 0.0253
v  0.0228 0.0086 0.0242
v  0.0247 0.0072 0.0209
v  0.0228 0.0061 0.0228
v  0.0264 0.0116 0.0208
v  0.0173 -0.0134 0.0110
v  0.0135 -0.0144 0.0121
v  0.0128 -0.0172 0.0104
v  0.0158 -0.0171 0.0096
v  0.0171 -0.0108 0.0134
v  0.0140 -0.0124 0.0139
v  0.0201 -0.0145 0.0091
v  0.0226 -0.0114 0.0093
v  0.0211 -0.0100 0.0112
v  0.0186 -0.0176 0.0085
v  0.0204 -0.0084 0.0131
v  0.0164 0.0112 0.0392
v  0.0172 0.0127 0.0375
v  0.0170 0.0159 0.0390
v  0.0166 0.0097 0.0381
v  0.0172 0.0109 0.0366
v  0.0158 0.0090 0.0405
v  0.0160 0.0080 0.0391
v  0.0152 0.0114 0.0440
v  0.0157 0.0159 0.0437
v  0.0154 0.0184 0.0382
v  0.0142 0.0184 0.0431
v  0.0127 0.0195 0.0371
v  0.0115 0.0194 0.0422
v  0.0170 0.0182 0.0335
v  0.0142 0.0193 0.0322
v  0.0186 0.0155 0.0345
v  0.0204 0.0149 0.0305
v  0.0189 0.0177 0.0291
v  0.0185 0.0140 0.0345
v  0.0204 0.0144 0.0306
v  0.0184 0.0120 0.0340
v  0.0199 0.0124 0.0307
v  0.0217 0.0138 0.0282
v  0.0217 0.0144 0.0281
v  0.0211 0.0119 0.0285
v  0.0219 0.0110 0.0267
v  0.0229 0.0133 0.0261
v  0.0229 0.0138 0.0259
v  0.0244 0.0131 0.0236
v  0.0234 0.0158 0.0212
v  0.0218 0.0165 0.0238
v  0.0265 0.0121 0.0205
v  0.0255 0.0148 0.0183
v  0.0288 0.0108 0.0174
v  0.0277 0.0136 0.0153
v  0.0288 0.0103 0.0176
v  0.0311 0.0090 0.0147
v  0.0311 0.0095 0.0145
v  0.0274 0.0064 0.0173
v  0.0295 0.0053 0.0144
v  0.0260 0.0027 0.0165
v  0.0278 0.0016 0.0140
v  0.0242 0.0033 0.0191
v  0.0230 -0.0002 0.0179
v  0.0244 -0.0009 0.0157
v  0.0224 0.0030 0.0212
v  0.0219 0.0001 0.0198
v  0.0212 -0.0016 0.0191
v  0.0222 -0.0017 0.0176
v  0.0202 -0.0032 0.0188
v  0.0189 -0.0046 0.0191
v  0.0193 -0.0056 0.0172
v  0.0213 -0.0032 0.0173
v  0.0172 -0.0061 0.0198
v  0.0171 -0.0075 0.0177
v  0.0157 -0.0072 0.0207
v  0.0151 -0.0089 0.0185
v  0.0144 -0.0080 0.0219
v  0.0134 -0.0086 0.0231
v  0.0124 -0.0091 0.0243
v  0.0118 -0.0094 0.0256
v  0.0094 -0.0115 0.0243
v  0.0111 -0.0097 0.0270
v  0.0089 -0.0115 0.0262
v  0.0108 -0.0097 0.0284
v  0.0088 -0.0115 0.0281
v  0.0057 -0.0134 0.0278
v  0.0022 -0.0147 0.0311
v  0.0019 -0.0148 0.0273
v  0.0058 -0.0135 0.0255
v  0.0019 -0.0148 0.0248
v  -0.0024 -0.0153 0.0268
v  -0.0024 -0.0153 0.0242
v  0.0021 -0.0149 0.0223
v  0.0062 -0.0135 0.0231
v  -0.0023 -0.0153 0.0216
v  -0.0068 -0.0148 0.0237
v  -0.0068 -0.0148 0.0210
v  -0.0020 -0.0155 0.0178
v  -0.0065 -0.0150 0.0170
v  -0.0110 -0.0133 0.0204
v  -0.0108 -0.0134 0.0161
v  -0.0102 -0.0135 0.0119
v  -0.0060 -0.0153 0.0131
v  -0.0144 -0.0107 0.0154
v  -0.0141 -0.0108 0.0109
v  -0.0174 -0.0074 0.0149
v  -0.0172 -0.0074 0.0103
v  -0.0195 -0.0033 0.0146
v  -0.0194 -0.0034 0.0099
v  -0.0209 0.0012 0.0142
v  -0.0209 0.0010 0.0094
v  -0.0193 -0.0036 0.0068
v  -0.0209 0.0006 0.0062
v  -0.0219 0.0055 0.0086
v  -0.0220 0.0047 0.0054
v  -0.0209 0.0000 0.0032
v  -0.0192 -0.0038 0.0039
v  -0.0221 0.0038 0.0022
v  -0.0220 0.0053 0.0052
v  -0.0222 0.0044 0.0020
v  -0.0222 0.0028 -0.0009
v  -0.0209 -0.0007 0.0002
v  -0.0223 0.0033 -0.0011
v  -0.0209 0.0075 0.0010
v  -0.0211 0.0063 -0.0022
v  -0.0224 0.0021 -0.0041
v  -0.0223 0.0016 -0.0039
v  -0.0213 0.0049 -0.0053
v  -0.0189 0.0085 -0.0032
v  -0.0193 0.0069 -0.0063
v  -0.0215 0.0032 -0.0083
v  -0.0224 0.0007 -0.0071
v  -0.0197 0.0052 -0.0093
v  -0.0165 0.0078 -0.0068
v  -0.0172 0.0062 -0.0098
v  -0.0199 0.0033 -0.0124
v  -0.0216 0.0015 -0.0114
v  -0.0176 0.0044 -0.0129
v  -0.0144 0.0062 -0.0101
v  -0.0150 0.0046 -0.0129
v  -0.0176 0.0025 -0.0158
v  -0.0199 0.0014 -0.0155
v  -0.0152 0.0029 -0.0157
v  -0.0126 0.0044 -0.0132
v  -0.0127 0.0029 -0.0156
v  -0.0148 0.0013 -0.0185
v  -0.0172 0.0007 -0.0188
v  -0.0125 0.0015 -0.0181
v  -0.0108 0.0028 -0.0157
v  -0.0107 0.0015 -0.0180
v  -0.0118 0.0000 -0.0204
v  -0.0140 -0.0004 -0.0212
v  -0.0101 0.0003 -0.0198
v  -0.0095 0.0017 -0.0177
v  -0.0090 0.0006 -0.0195
v  -0.0090 -0.0009 -0.0217
v  -0.0107 -0.0014 -0.0227
v  -0.0080 -0.0005 -0.0212
v  -0.0084 0.0009 -0.0195
v  -0.0076 -0.0000 -0.0210
v  -0.0067 -0.0015 -0.0226
v  -0.0078 -0.0020 -0.0235
v  -0.0063 -0.0010 -0.0224
v  -0.0072 0.0002 -0.0209
v  -0.0061 -0.0006 -0.0222
v  -0.0048 -0.0017 -0.0234
v  -0.0052 -0.0023 -0.0238
v  -0.0047 -0.0012 -0.0232
v  -0.0058 0.0003 -0.0224
v  -0.0045 -0.0003 -0.0233
v  -0.0032 -0.0017 -0.0239
v  -0.0033 -0.0022 -0.0241
v  -0.0030 -0.0008 -0.0240
v  -0.0043 0.0003 -0.0235
v  -0.0029 -0.0001 -0.0241
v  -0.0014 -0.0011 -0.0245
v  -0.0016 -0.0021 -0.0244
v  -0.0014 -0.0003 -0.0245
v  -0.0025 0.0004 -0.0234
v  -0.0012 0.0001 -0.0237
v  0.0001 -0.0004 -0.0247
v  0.0001 -0.0012 -0.0246
v  0.0001 0.0000 -0.0239
v  -0.0013 -0.0010 -0.0230
v  -0.0001 -0.0011 -0.0231
v  0.0012 0.0001 -0.0238
v  0.0013 -0.0004 -0.0247
v  0.0010 -0.0012 -0.0231
v  0.0022 0.0002 -0.0237
v  0.0021 -0.0012 -0.0229
v  0.0031 -0.0011 -0.0227
v  0.0031 0.0003 -0.0234
v  0.0077 0.0013 -0.0184
v  0.0079 0.0017 -0.0177
v  0.0077 0.0032 -0.0185
v  0.0076 0.0028 -0.0192
v  0.0080 0.0021 -0.0170
v  0.0078 0.0036 -0.0178
v  -0.0066 0.0040 -0.0152
v  -0.0069 0.0032 -0.0164
v  -0.0071 0.0042 -0.0170
v  -0.0068 0.0049 -0.0156
v  -0.0068 0.0025 -0.0178
v  -0.0070 0.0033 -0.0183
v  -0.0038 -0.0003 -0.0220
v  -0.0026 -0.0007 -0.0226
v  -0.0038 0.0007 -0.0228
v  -0.0050 0.0012 -0.0219
v  -0.0049 0.0003 -0.0212
v  -0.0056 0.0009 -0.0225
v  -0.0067 0.0016 -0.0213
v  -0.0059 0.0018 -0.0209
v  -0.0069 0.0010 -0.0212
v  -0.0077 0.0019 -0.0198
v  -0.0075 0.0024 -0.0200
v  -0.0080 0.0011 -0.0195
v  -0.0085 0.0021 -0.0178
v  -0.0082 0.0028 -0.0182
v  -0.0089 0.0019 -0.0178
v  -0.0090 0.0030 -0.0160
v  -0.0085 0.0031 -0.0161
v  -0.0096 0.0028 -0.0158
v  -0.0092 0.0039 -0.0139
v  -0.0086 0.0040 -0.0143
v  -0.0106 0.0041 -0.0136
v  -0.0098 0.0053 -0.0115
v  -0.0086 0.0049 -0.0120
v  -0.0117 0.0058 -0.0107
v  -0.0106 0.0070 -0.0084
v  -0.0088 0.0063 -0.0096
v  -0.0134 0.0077 -0.0073
v  -0.0075 0.0071 -0.0080
v  -0.0061 0.0077 -0.0068
v  -0.0053 0.0070 -0.0081
v  -0.0064 0.0066 -0.0090
v  -0.0077 0.0058 -0.0104
v  -0.0060 0.0061 -0.0099
v  -0.0070 0.0056 -0.0110
v  -0.0079 0.0049 -0.0125
v  -0.0066 0.0055 -0.0116
v  -0.0075 0.0048 -0.0130
v  -0.0082 0.0040 -0.0145
v  -0.0071 0.0054 -0.0136
v  -0.0078 0.0046 -0.0150
v  -0.0082 0.0037 -0.0166
v  -0.0077 0.0051 -0.0154
v  -0.0080 0.0042 -0.0169
v  -0.0079 0.0033 -0.0185
v  -0.0066 0.0026 -0.0197
v  -0.0064 0.0017 -0.0190
v  -0.0058 0.0009 -0.0202
v  -0.0062 0.0057 -0.0144
v  -0.0061 0.0046 -0.0140
v  -0.0070 0.0059 -0.0140
v  -0.0061 0.0066 -0.0129
v  -0.0054 0.0063 -0.0134
v  -0.0063 0.0061 -0.0123
v  -0.0052 0.0066 -0.0114
v  -0.0051 0.0072 -0.0119
v  -0.0056 0.0061 -0.0105
v  -0.0044 0.0064 -0.0097
v  -0.0041 0.0070 -0.0106
v  -0.0049 0.0065 -0.0092
v  -0.0037 0.0068 -0.0086
v  -0.0033 0.0068 -0.0091
v  -0.0040 0.0074 -0.0073
v  -0.0026 0.0076 -0.0068
v  -0.0024 0.0070 -0.0082
v  -0.0045 0.0080 -0.0061
v  -0.0030 0.0081 -0.0056
v  -0.0016 0.0082 -0.0054
v  -0.0013 0.0077 -0.0065
v  -0.0019 0.0088 -0.0042
v  -0.0001 0.0083 -0.0051
v  0.0000 0.0078 -0.0063
v  -0.0002 0.0088 -0.0040
v  0.0014 0.0088 -0.0039
v  0.0014 0.0083 -0.0050
v  -0.0005 0.0093 -0.0030
v  0.0012 0.0094 -0.0028
v  -0.0021 0.0094 -0.0032
v  -0.0009 0.0098 -0.0021
v  0.0007 0.0098 -0.0017
v  -0.0024 0.0098 -0.0022
v  -0.0010 0.0101 -0.0013
v  0.0002 0.0102 -0.0010
v  -0.0026 0.0102 -0.0013
v  -0.0038 0.0104 -0.0009
v  -0.0048 0.0107 -0.0002
v  -0.0061 0.0110 0.0002
v  -0.0055 0.0111 0.0006
v  -0.0061 0.0115 0.0017
v  -0.0069 0.0115 0.0014
v  -0.0073 0.0120 0.0026
v  -0.0062 0.0119 0.0027
v  -0.0084 0.0117 0.0019
v  -0.0068 0.0108 -0.0005
v  -0.0094 0.0127 0.0047
v  -0.0082 0.0125 0.0042
v  -0.0076 0.0130 0.0057
v  -0.0117 0.0128 0.0055
v  -0.0145 0.0125 0.0059
v  -0.0178 0.0116 0.0068
v  -0.0173 0.0126 0.0119
v  -0.0181 0.0108 0.0033
v  -0.0207 0.0085 0.0043
v  -0.0204 0.0093 0.0076
v  -0.0185 0.0097 0.0000
v  -0.0219 0.0060 0.0084
v  -0.0217 0.0069 0.0134
v  -0.0202 0.0102 0.0127
v  -0.0217 0.0063 0.0136
v  -0.0207 0.0011 0.0191
v  -0.0215 0.0068 0.0185
v  -0.0194 -0.0035 0.0194
v  -0.0192 -0.0037 0.0226
v  -0.0205 0.0005 0.0224
v  -0.0174 -0.0074 0.0196
v  -0.0172 -0.0075 0.0228
v  -0.0145 -0.0108 0.0200
v  -0.0145 -0.0108 0.0230
v  -0.0109 -0.0133 0.0233
v  -0.0108 -0.0134 0.0262
v  -0.0143 -0.0109 0.0260
v  -0.0067 -0.0148 0.0265
v  -0.0064 -0.0150 0.0307
v  -0.0104 -0.0135 0.0306
v  -0.0021 -0.0154 0.0308
v  0.0027 -0.0147 0.0349
v  -0.0017 -0.0155 0.0349
v  0.0030 -0.0146 0.0393
v  -0.0011 -0.0155 0.0392
v  0.0069 -0.0123 0.0397
v  0.0097 -0.0089 0.0407
v  0.0119 -0.0045 0.0422
v  0.0125 -0.0046 0.0378
v  0.0135 -0.0018 0.0391
v  0.0127 -0.0021 0.0429
v  0.0137 0.0015 0.0433
v  0.0140 0.0006 0.0401
v  0.0146 0.0031 0.0410
v  0.0145 0.0007 0.0384
v  0.0149 0.0033 0.0395
v  0.0140 -0.0017 0.0371
v  0.0145 0.0062 0.0443
v  0.0136 0.0058 0.0491
v  0.0127 0.0007 0.0483
v  0.0140 0.0108 0.0495
v  0.0143 0.0154 0.0498
v  0.0129 0.0177 0.0495
v  0.0104 0.0189 0.0488
v  0.0085 0.0193 0.0412
v  0.0076 0.0189 0.0480
v  0.0095 0.0194 0.0360
v  0.0060 0.0187 0.0350
v  0.0051 0.0187 0.0403
v  0.0110 0.0191 0.0309
v  0.0075 0.0185 0.0298
v  0.0130 0.0187 0.0260
v  0.0095 0.0180 0.0245
v  0.0161 0.0188 0.0275
v  0.0176 0.0183 0.0245
v  0.0146 0.0182 0.0227
v  0.0203 0.0172 0.0264
v  0.0193 0.0177 0.0217
v  0.0164 0.0175 0.0196
v  0.0211 0.0170 0.0188
v  0.0183 0.0168 0.0166
v  0.0232 0.0161 0.0158
v  0.0203 0.0159 0.0136
v  0.0253 0.0151 0.0129
v  0.0224 0.0149 0.0107
v  0.0275 0.0139 0.0102
v  0.0246 0.0139 0.0081
v  0.0298 0.0123 0.0125
v  0.0320 0.0110 0.0098
v  0.0297 0.0127 0.0075
v  0.0332 0.0082 0.0118
v  0.0353 0.0069 0.0092
v  0.0341 0.0096 0.0072
v  0.0332 0.0077 0.0120
v  0.0353 0.0063 0.0094
v  0.0314 0.0040 0.0119
v  0.0331 0.0027 0.0094
v  0.0293 0.0004 0.0116
v  0.0308 -0.0010 0.0093
v  0.0269 -0.0033 0.0114
v  0.0282 -0.0046 0.0093
v  0.0257 -0.0020 0.0135
v  0.0232 -0.0054 0.0132
v  0.0242 -0.0068 0.0112
v  0.0223 -0.0041 0.0152
v  0.0198 -0.0069 0.0152
v  0.0171 -0.0091 0.0155
v  0.0145 -0.0107 0.0162
v  0.0254 -0.0081 0.0093
v  0.0270 -0.0096 0.0073
v  0.0296 -0.0061 0.0072
v  0.0246 -0.0128 0.0074
v  0.0264 -0.0143 0.0055
v  0.0286 -0.0111 0.0053
v  0.0226 -0.0157 0.0074
v  0.0247 -0.0170 0.0056
v  0.0212 -0.0183 0.0072
v  0.0234 -0.0193 0.0056
v  0.0202 -0.0208 0.0069
v  0.0177 -0.0204 0.0080
v  0.0149 -0.0203 0.0087
v  0.0171 -0.0232 0.0073
v  0.0195 -0.0233 0.0064
v  0.0144 -0.0232 0.0078
v  0.0122 -0.0202 0.0092
v  0.0117 -0.0232 0.0081
v  0.0143 -0.0262 0.0068
v  0.0168 -0.0260 0.0063
v  0.0115 -0.0262 0.0069
v  0.0089 -0.0230 0.0081
v  0.0087 -0.0259 0.0067
v  0.0113 -0.0294 0.0056
v  0.0142 -0.0292 0.0055
v  0.0082 -0.0290 0.0053
v  0.0058 -0.0253 0.0063
v  0.0054 -0.0280 0.0046
v  0.0090 -0.0283 0.0024
v  0.0114 -0.0286 0.0027
v  0.0063 -0.0276 0.0019
v  0.0028 -0.0267 0.0037
v  0.0042 -0.0265 0.0009
v  0.0030 -0.0244 0.0055
v  0.0004 -0.0231 0.0042
v  0.0005 -0.0251 0.0023
v  0.0022 -0.0253 -0.0002
v  -0.0014 -0.0235 0.0007
v  0.0005 -0.0240 -0.0017
v  -0.0020 -0.0217 0.0025
v  -0.0041 -0.0203 0.0006
v  -0.0030 -0.0220 -0.0011
v  -0.0008 -0.0229 -0.0032
v  -0.0043 -0.0206 -0.0030
v  -0.0019 -0.0217 -0.0050
v  -0.0057 -0.0189 -0.0015
v  -0.0069 -0.0178 -0.0038
v  -0.0052 -0.0195 -0.0050
v  -0.0027 -0.0209 -0.0066
v  -0.0059 -0.0187 -0.0072
v  -0.0032 -0.0202 -0.0082
v  -0.0078 -0.0169 -0.0061
v  -0.0084 -0.0164 -0.0085
v  -0.0063 -0.0181 -0.0093
v  -0.0035 -0.0196 -0.0099
v  -0.0064 -0.0177 -0.0117
v  -0.0036 -0.0192 -0.0118
v  -0.0087 -0.0161 -0.0111
v  -0.0088 -0.0161 -0.0140
v  -0.0060 -0.0177 -0.0141
v  -0.0035 -0.0190 -0.0138
v  -0.0056 -0.0179 -0.0167
v  -0.0031 -0.0189 -0.0160
v  -0.0049 -0.0182 -0.0191
v  -0.0024 -0.0191 -0.0180
v  -0.0040 -0.0186 -0.0210
v  -0.0016 -0.0193 -0.0196
v  -0.0028 -0.0191 -0.0227
v  -0.0008 -0.0196 -0.0211
v  -0.0053 -0.0182 -0.0247
v  -0.0075 -0.0172 -0.0266
v  -0.0034 -0.0190 -0.0265
v  -0.0014 -0.0197 -0.0244
v  -0.0051 -0.0182 -0.0286
v  -0.0092 -0.0161 -0.0288
v  -0.0065 -0.0173 -0.0308
v  -0.0025 -0.0191 -0.0302
v  -0.0012 -0.0198 -0.0280
v  -0.0035 -0.0183 -0.0325
v  -0.0077 -0.0160 -0.0332
v  -0.0044 -0.0171 -0.0348
v  -0.0003 -0.0192 -0.0338
v  0.0004 -0.0200 -0.0316
v  -0.0009 -0.0180 -0.0360
v  -0.0045 -0.0166 -0.0351
v  -0.0009 -0.0175 -0.0363
v  0.0027 -0.0187 -0.0368
v  0.0030 -0.0199 -0.0347
v  0.0027 -0.0182 -0.0372
v  -0.0007 -0.0147 -0.0369
v  0.0029 -0.0153 -0.0377
v  0.0064 -0.0187 -0.0376
v  0.0064 -0.0192 -0.0373
v  0.0065 -0.0157 -0.0382
v  0.0033 -0.0125 -0.0372
v  0.0068 -0.0129 -0.0375
v  0.0102 -0.0159 -0.0383
v  0.0102 -0.0190 -0.0378
v  0.0102 -0.0130 -0.0375
v  0.0070 -0.0105 -0.0357
v  0.0101 -0.0106 -0.0355
v  0.0137 -0.0129 -0.0372
v  0.0139 -0.0159 -0.0380
v  0.0133 -0.0105 -0.0351
v  0.0099 -0.0088 -0.0329
v  0.0127 -0.0086 -0.0324
v  0.0163 -0.0102 -0.0344
v  0.0171 -0.0126 -0.0365
v  0.0154 -0.0083 -0.0316
v  0.0118 -0.0069 -0.0297
v  0.0142 -0.0065 -0.0289
v  0.0179 -0.0078 -0.0306
v  0.0192 -0.0097 -0.0333
v  0.0163 -0.0060 -0.0278
v  0.0121 -0.0050 -0.0265
v  0.0139 -0.0044 -0.0254
v  0.0183 -0.0054 -0.0266
v  0.0203 -0.0072 -0.0293
v  0.0155 -0.0039 -0.0244
v  0.0115 -0.0033 -0.0238
v  0.0128 -0.0028 -0.0228
v  0.0169 -0.0032 -0.0231
v  0.0201 -0.0046 -0.0251
v  0.0140 -0.0023 -0.0218
v  0.0107 -0.0020 -0.0218
v  0.0116 -0.0015 -0.0209
v  0.0149 -0.0017 -0.0207
v  0.0180 -0.0025 -0.0219
v  0.0123 -0.0010 -0.0199
v  0.0098 -0.0010 -0.0202
v  0.0103 -0.0005 -0.0193
v  0.0129 -0.0004 -0.0188
v  0.0156 -0.0010 -0.0196
v  0.0107 -0.0000 -0.0184
v  0.0089 0.0008 -0.0195
v  0.0093 0.0013 -0.0188
v  0.0110 0.0006 -0.0173
v  0.0132 0.0003 -0.0177
v  0.0094 0.0018 -0.0179
v  0.0085 0.0027 -0.0194
v  0.0087 0.0032 -0.0186
v  0.0096 0.0023 -0.0170
v  0.0110 0.0012 -0.0163
v  0.0088 0.0036 -0.0178
v  0.0088 0.0041 -0.0171
v  0.0095 0.0029 -0.0162
v  0.0078 0.0041 -0.0171
v  0.0080 0.0025 -0.0162
v  0.0078 0.0045 -0.0164
v  0.0087 0.0046 -0.0163
v  0.0077 0.0038 -0.0160
v  0.0079 0.0030 -0.0155
v  0.0076 0.0049 -0.0157
v  0.0077 0.0034 -0.0148
v  0.0073 0.0053 -0.0151
v  0.0074 0.0039 -0.0141
v  0.0069 0.0057 -0.0144
v  0.0071 0.0043 -0.0134
v  0.0065 0.0060 -0.0138
v  0.0066 0.0046 -0.0128
v  0.0060 0.0064 -0.0133
v  0.0061 0.0050 -0.0123
v  0.0055 0.0067 -0.0128
v  0.0055 0.0053 -0.0118
v  0.0048 0.0069 -0.0123
v  0.0048 0.0056 -0.0113
v  0.0041 0.0072 -0.0119
v  0.0041 0.0059 -0.0110
v  0.0034 0.0074 -0.0116
v  0.0034 0.0061 -0.0107
v  0.0026 0.0075 -0.0114
v  0.0026 0.0062 -0.0105
v  0.0018 0.0076 -0.0111
v  0.0018 0.0064 -0.0103
v  0.0010 0.0077 -0.0111
v  0.0009 0.0064 -0.0103
v  0.0001 0.0077 -0.0110
v  0.0001 0.0065 -0.0103
v  -0.0008 0.0076 -0.0111
v  -0.0008 0.0065 -0.0104
v  -0.0017 0.0075 -0.0113
v  -0.0016 0.0064 -0.0106
v  -0.0027 0.0073 -0.0116
v  -0.0027 0.0062 -0.0110
v  -0.0036 0.0071 -0.0120
v  -0.0037 0.0060 -0.0115
v  -0.0046 0.0068 -0.0126
v  -0.0046 0.0056 -0.0122
v  -0.0054 0.0052 -0.0130
v  -0.0040 0.0075 -0.0113
v  -0.0030 0.0078 -0.0108
v  -0.0030 0.0073 -0.0101
v  -0.0020 0.0075 -0.0097
v  -0.0019 0.0080 -0.0105
v  -0.0021 0.0070 -0.0087
v  -0.0010 0.0070 -0.0084
v  -0.0009 0.0076 -0.0095
v  -0.0012 0.0071 -0.0078
v  0.0000 0.0071 -0.0077
v  0.0001 0.0071 -0.0083
v  0.0013 0.0071 -0.0076
v  0.0012 0.0070 -0.0082
v  0.0014 0.0078 -0.0062
v  0.0027 0.0077 -0.0062
v  0.0025 0.0069 -0.0077
v  0.0029 0.0082 -0.0050
v  0.0040 0.0075 -0.0063
v  0.0029 0.0088 -0.0037
v  0.0027 0.0094 -0.0025
v  0.0053 0.0073 -0.0066
v  0.0047 0.0069 -0.0078
v  0.0036 0.0067 -0.0079
v  0.0065 0.0070 -0.0070
v  0.0058 0.0066 -0.0081
v  0.0077 0.0067 -0.0075
v  0.0068 0.0063 -0.0086
v  0.0087 0.0072 -0.0065
v  0.0100 0.0068 -0.0071
v  0.0089 0.0063 -0.0081
v  0.0095 0.0077 -0.0055
v  0.0108 0.0072 -0.0061
v  0.0102 0.0081 -0.0047
v  0.0115 0.0077 -0.0052
v  0.0108 0.0085 -0.0039
v  0.0120 0.0082 -0.0044
v  0.0098 0.0089 -0.0032
v  0.0106 0.0092 -0.0026
v  0.0114 0.0089 -0.0032
v  0.0090 0.0093 -0.0025
v  0.0100 0.0096 -0.0019
v  0.0084 0.0097 -0.0017
v  0.0096 0.0100 -0.0012
v  0.0081 0.0101 -0.0008
v  0.0093 0.0103 -0.0005
v  0.0067 0.0100 -0.0011
v  0.0064 0.0104 -0.0001
v  0.0079 0.0105 0.0001
v  0.0063 0.0108 0.0008
v  0.0079 0.0109 0.0010
v  0.0063 0.0112 0.0018
v  0.0080 0.0113 0.0020
v  0.0045 0.0111 0.0017
v  0.0046 0.0115 0.0026
v  0.0028 0.0112 0.0017
v  0.0030 0.0116 0.0025
v  -0.0052 0.0129 0.0059
v  -0.0059 0.0131 0.0063
v  -0.0046 0.0135 0.0076
v  -0.0040 0.0132 0.0069
v  -0.0059 0.0126 0.0048
v  -0.0067 0.0128 0.0052
v  0.0029 0.0122 0.0041
v  0.0045 0.0123 0.0046
v  0.0046 0.0119 0.0036
v  0.0031 0.0119 0.0033
v  0.0027 0.0125 0.0049
v  0.0041 0.0126 0.0055
v  0.0058 0.0129 0.0063
v  0.0033 0.0129 0.0064
v  0.0047 0.0133 0.0074
v  0.0022 0.0127 0.0057
v  0.0023 0.0132 0.0072
v  0.0033 0.0136 0.0083
v  0.0015 0.0130 0.0065
v  0.0011 0.0136 0.0080
v  0.0013 0.0139 0.0092
v  0.0006 0.0132 0.0071
v  -0.0008 0.0137 0.0085
v  -0.0009 0.0141 0.0096
v  -0.0009 0.0134 0.0075
v  -0.0026 0.0136 0.0082
v  -0.0052 0.0137 0.0083
v  -0.0025 0.0140 0.0094
v  -0.0025 0.0134 0.0075
v  -0.0067 0.0133 0.0070
v  0.0016 0.0142 0.0103
v  0.0023 0.0148 0.0124
v  0.0056 0.0145 0.0112
v  0.0044 0.0140 0.0096
v  0.0089 0.0145 0.0107
v  0.0075 0.0141 0.0096
v  0.0061 0.0137 0.0085
v  0.0089 0.0136 0.0080
v  0.0074 0.0132 0.0071
v  0.0105 0.0139 0.0087
v  0.0118 0.0134 0.0073
v  0.0124 0.0142 0.0094
v  0.0124 0.0131 0.0063
v  0.0130 0.0129 0.0056
v  0.0147 0.0130 0.0058
v  0.0091 0.0110 0.0011
v  0.0092 0.0114 0.0020
v  0.0091 0.0107 0.0003
v  0.0198 0.0111 0.0018
v  0.0195 0.0116 0.0028
v  0.0203 0.0117 0.0030
v  0.0208 0.0111 0.0019
v  0.0189 0.0121 0.0037
v  0.0193 0.0123 0.0043
v  0.0218 0.0118 0.0033
v  0.0238 0.0121 0.0040
v  0.0268 0.0127 0.0055
v  0.0319 0.0113 0.0049
v  0.0340 0.0097 0.0024
v  0.0362 0.0081 0.0045
v  0.0379 0.0063 0.0017
v  0.0359 0.0081 -0.0003
v  0.0373 0.0053 0.0065
v  0.0390 0.0037 0.0036
v  0.0372 0.0048 0.0067
v  0.0389 0.0031 0.0039
v  0.0348 0.0012 0.0069
v  0.0363 -0.0004 0.0043
v  0.0322 -0.0025 0.0070
v  0.0337 -0.0040 0.0047
v  0.0311 -0.0077 0.0050
v  0.0324 -0.0095 0.0026
v  0.0351 -0.0057 0.0022
v  0.0299 -0.0130 0.0030
v  0.0279 -0.0161 0.0034
v  0.0263 -0.0185 0.0037
v  0.0273 -0.0201 0.0014
v  0.0250 -0.0205 0.0038
v  0.0260 -0.0218 0.0018
v  0.0259 -0.0231 0.0001
v  0.0270 -0.0221 -0.0011
v  0.0247 -0.0242 0.0014
v  0.0229 -0.0246 -0.0010
v  0.0240 -0.0237 -0.0020
v  0.0232 -0.0253 0.0025
v  0.0217 -0.0255 -0.0000
v  0.0215 -0.0265 0.0035
v  0.0201 -0.0264 0.0008
v  0.0194 -0.0276 0.0043
v  0.0184 -0.0273 0.0016
v  0.0192 -0.0256 0.0055
v  0.0170 -0.0286 0.0050
v  0.0161 -0.0281 0.0022
v  0.0139 -0.0285 0.0026
v  0.0249 -0.0228 -0.0032
v  0.0256 -0.0221 -0.0043
v  0.0263 -0.0213 -0.0057
v  0.0271 -0.0203 -0.0078
v  0.0275 -0.0197 -0.0099
v  0.0300 -0.0185 -0.0094
v  0.0276 -0.0192 -0.0120
v  0.0302 -0.0182 -0.0119
v  0.0275 -0.0190 -0.0139
v  0.0301 -0.0180 -0.0143
v  0.0272 -0.0189 -0.0158
v  0.0297 -0.0181 -0.0167
v  0.0265 -0.0190 -0.0178
v  0.0287 -0.0184 -0.0189
v  0.0255 -0.0194 -0.0199
v  0.0274 -0.0190 -0.0211
v  0.0243 -0.0199 -0.0218
v  0.0258 -0.0196 -0.0232
v  0.0227 -0.0205 -0.0237
v  0.0238 -0.0203 -0.0251
v  0.0207 -0.0212 -0.0254
v  0.0216 -0.0211 -0.0268
v  0.0184 -0.0219 -0.0268
v  0.0190 -0.0218 -0.0281
v  0.0159 -0.0225 -0.0277
v  0.0162 -0.0223 -0.0291
v  0.0131 -0.0228 -0.0282
v  0.0132 -0.0226 -0.0296
v  0.0104 -0.0228 -0.0283
v  0.0102 -0.0226 -0.0297
v  0.0077 -0.0224 -0.0276
v  0.0073 -0.0222 -0.0292
v  0.0055 -0.0219 -0.0266
v  0.0047 -0.0217 -0.0283
v  0.0035 -0.0213 -0.0255
v  0.0024 -0.0210 -0.0272
v  0.0018 -0.0207 -0.0241
v  0.0003 -0.0203 -0.0259
v  0.0003 -0.0201 -0.0226
v  0.0013 -0.0206 -0.0293
v  0.0040 -0.0213 -0.0304
v  0.0034 -0.0207 -0.0326
v  0.0067 -0.0212 -0.0332
v  0.0069 -0.0218 -0.0312
v  0.0065 -0.0204 -0.0353
v  0.0101 -0.0207 -0.0355
v  0.0101 -0.0216 -0.0335
v  0.0101 -0.0195 -0.0374
v  0.0139 -0.0195 -0.0371
v  0.0137 -0.0207 -0.0353
v  0.0139 -0.0190 -0.0374
v  0.0177 -0.0188 -0.0368
v  0.0176 -0.0193 -0.0364
v  0.0175 -0.0157 -0.0373
v  0.0211 -0.0152 -0.0363
v  0.0214 -0.0184 -0.0357
v  0.0204 -0.0121 -0.0355
v  0.0235 -0.0115 -0.0341
v  0.0246 -0.0145 -0.0348
v  0.0220 -0.0091 -0.0320
v  0.0246 -0.0082 -0.0304
v  0.0265 -0.0106 -0.0324
v  0.0225 -0.0064 -0.0277
v  0.0245 -0.0054 -0.0260
v  0.0270 -0.0072 -0.0285
v  0.0215 -0.0038 -0.0236
v  0.0226 -0.0029 -0.0220
v  0.0261 -0.0044 -0.0241
v  0.0189 -0.0018 -0.0206
v  0.0194 -0.0011 -0.0194
v  0.0160 -0.0003 -0.0183
v  0.0195 -0.0003 -0.0181
v  0.0291 -0.0061 -0.0265
v  0.0318 -0.0082 -0.0282
v  0.0293 -0.0094 -0.0304
v  0.0339 -0.0068 -0.0257
v  0.0359 -0.0097 -0.0259
v  0.0336 -0.0112 -0.0285
v  0.0357 -0.0054 -0.0232
v  0.0379 -0.0082 -0.0231
v  0.0372 -0.0039 -0.0205
v  0.0394 -0.0065 -0.0201
v  0.0383 -0.0024 -0.0177
v  0.0405 -0.0048 -0.0170
v  0.0350 -0.0011 -0.0175
v  0.0318 -0.0003 -0.0167
v  0.0359 0.0003 -0.0150
v  0.0390 -0.0008 -0.0148
v  0.0327 0.0008 -0.0147
v  0.0295 0.0005 -0.0157
v  0.0305 0.0014 -0.0141
v  0.0333 0.0022 -0.0124
v  0.0363 0.0019 -0.0123
v  0.0309 0.0025 -0.0122
v  0.0284 0.0020 -0.0133
v  0.0289 0.0028 -0.0119
v  0.0310 0.0036 -0.0102
v  0.0332 0.0036 -0.0100
v  0.0290 0.0037 -0.0103
v  0.0287 0.0047 -0.0087
v  0.0305 0.0049 -0.0082
v  0.0276 0.0038 -0.0103
v  0.0274 0.0046 -0.0091
v  0.0267 0.0053 -0.0079
v  0.0278 0.0057 -0.0071
v  0.0257 0.0059 -0.0069
v  0.0266 0.0065 -0.0059
v  0.0274 0.0031 -0.0116
v  0.0269 0.0025 -0.0127
v  0.0275 0.0013 -0.0145
v  0.0262 0.0020 -0.0136
v  0.0263 0.0009 -0.0154
v  0.0245 0.0006 -0.0160
v  0.0228 0.0006 -0.0163
v  0.0220 0.0012 -0.0152
v  0.0230 0.0012 -0.0152
v  0.0210 0.0014 -0.0152
v  0.0201 0.0015 -0.0149
v  0.0189 0.0020 -0.0144
v  0.0162 0.0028 -0.0133
v  0.0173 0.0030 -0.0127
v  0.0180 0.0024 -0.0136
v  0.0155 0.0036 -0.0120
v  0.0169 0.0036 -0.0117
v  0.0168 0.0043 -0.0106
v  0.0169 0.0050 -0.0095
v  0.0172 0.0054 -0.0088
v  0.0177 0.0058 -0.0081
v  0.0183 0.0061 -0.0075
v  0.0189 0.0064 -0.0069
v  0.0185 0.0076 -0.0049
v  0.0196 0.0066 -0.0065
v  0.0205 0.0067 -0.0062
v  0.0174 0.0086 -0.0032
v  0.0213 0.0068 -0.0060
v  0.0224 0.0068 -0.0059
v  0.0237 0.0075 -0.0045
v  0.0234 0.0066 -0.0060
v  0.0252 0.0071 -0.0050
v  0.0295 0.0061 -0.0063
v  0.0314 0.0064 -0.0055
v  0.0326 0.0050 -0.0077
v  0.0344 0.0067 -0.0044
v  0.0356 0.0051 -0.0070
v  0.0374 0.0063 -0.0030
v  0.0385 0.0045 -0.0059
v  0.0394 0.0045 -0.0012
v  0.0405 0.0026 -0.0043
v  0.0404 0.0018 0.0007
v  0.0415 -0.0001 -0.0025
v  0.0403 0.0013 0.0009
v  0.0414 -0.0006 -0.0022
v  0.0377 -0.0021 0.0016
v  0.0388 -0.0039 -0.0013
v  0.0360 -0.0076 -0.0005
v  0.0365 -0.0095 -0.0033
v  0.0394 -0.0058 -0.0043
v  0.0365 -0.0110 -0.0059
v  0.0397 -0.0074 -0.0072
v  0.0366 -0.0120 -0.0087
v  0.0396 -0.0090 -0.0102
v  0.0334 -0.0156 -0.0087
v  0.0334 -0.0157 -0.0117
v  0.0365 -0.0129 -0.0118
v  0.0332 -0.0161 -0.0146
v  0.0360 -0.0140 -0.0151
v  0.0324 -0.0167 -0.0175
v  0.0349 -0.0152 -0.0184
v  0.0311 -0.0175 -0.0202
v  0.0332 -0.0164 -0.0214
v  0.0294 -0.0183 -0.0226
v  0.0313 -0.0174 -0.0241
v  0.0274 -0.0191 -0.0248
v  0.0290 -0.0184 -0.0265
v  0.0251 -0.0199 -0.0268
v  0.0264 -0.0193 -0.0286
v  0.0226 -0.0207 -0.0285
v  0.0235 -0.0202 -0.0303
v  0.0198 -0.0214 -0.0299
v  0.0204 -0.0209 -0.0318
v  0.0166 -0.0219 -0.0309
v  0.0170 -0.0214 -0.0328
v  0.0134 -0.0222 -0.0315
v  0.0135 -0.0216 -0.0334
v  0.0101 -0.0222 -0.0315
v  0.0173 -0.0205 -0.0346
v  0.0209 -0.0200 -0.0336
v  0.0213 -0.0189 -0.0354
v  0.0249 -0.0183 -0.0340
v  0.0242 -0.0194 -0.0322
v  0.0250 -0.0178 -0.0343
v  0.0284 -0.0169 -0.0324
v  0.0283 -0.0174 -0.0321
v  0.0278 -0.0136 -0.0331
v  0.0308 -0.0125 -0.0309
v  0.0315 -0.0158 -0.0302
v  0.0343 -0.0145 -0.0277
v  0.0342 -0.0150 -0.0274
v  0.0314 -0.0163 -0.0299
v  0.0368 -0.0130 -0.0249
v  0.0367 -0.0135 -0.0246
v  0.0388 -0.0114 -0.0220
v  0.0387 -0.0119 -0.0217
v  0.0404 -0.0096 -0.0189
v  0.0403 -0.0101 -0.0186
v  0.0415 -0.0078 -0.0156
v  0.0415 -0.0083 -0.0153
v  0.0422 -0.0059 -0.0123
v  0.0421 -0.0064 -0.0121
v  0.0412 -0.0030 -0.0138
v  0.0414 -0.0012 -0.0106
v  0.0424 -0.0040 -0.0090
v  0.0393 0.0009 -0.0118
v  0.0391 0.0027 -0.0088
v  0.0412 0.0007 -0.0074
v  0.0362 0.0035 -0.0096
v  0.0422 -0.0020 -0.0057
v  0.0421 -0.0026 -0.0055
v  0.0423 -0.0045 -0.0088
v  0.0391 -0.0106 -0.0134
v  0.0382 -0.0122 -0.0166
v  0.0368 -0.0137 -0.0198
v  0.0351 -0.0151 -0.0229
v  0.0329 -0.0163 -0.0257
v  0.0303 -0.0175 -0.0282
v  0.0274 -0.0185 -0.0304
v  0.0246 0.0064 -0.0063
v  0.0144 0.0026 -0.0137
v  0.0135 0.0034 -0.0125
v  0.0124 0.0026 -0.0140
v  0.0118 0.0032 -0.0130
v  0.0112 0.0039 -0.0121
v  0.0101 0.0030 -0.0135
v  0.0097 0.0036 -0.0127
v  0.0105 0.0044 -0.0112
v  0.0091 0.0041 -0.0120
v  0.0087 0.0045 -0.0138
v  0.0083 0.0050 -0.0131
v  0.0085 0.0046 -0.0113
v  0.0097 0.0050 -0.0104
v  0.0077 0.0054 -0.0124
v  0.0078 0.0059 -0.0140
v  0.0073 0.0063 -0.0134
v  0.0072 0.0059 -0.0118
v  0.0078 0.0051 -0.0106
v  0.0067 0.0067 -0.0127
v  0.0061 0.0070 -0.0122
v  0.0064 0.0062 -0.0112
v  0.0054 0.0073 -0.0116
v  0.0057 0.0066 -0.0107
v  0.0046 0.0076 -0.0112
v  0.0048 0.0069 -0.0103
v  0.0038 0.0078 -0.0108
v  0.0040 0.0071 -0.0099
v  0.0029 0.0080 -0.0106
v  0.0031 0.0073 -0.0097
v  0.0021 0.0081 -0.0103
v  0.0022 0.0075 -0.0095
v  0.0011 0.0081 -0.0103
v  0.0012 0.0076 -0.0094
v  0.0001 0.0082 -0.0102
v  0.0001 0.0076 -0.0094
v  -0.0009 0.0081 -0.0103
v  0.0023 0.0070 -0.0083
v  0.0033 0.0067 -0.0085
v  0.0043 0.0065 -0.0087
v  0.0052 0.0062 -0.0091
v  0.0061 0.0059 -0.0095
v  0.0070 0.0055 -0.0100
v  0.0079 0.0059 -0.0091
v  0.0088 0.0054 -0.0097
v  0.0101 0.0058 -0.0087
v  0.0113 0.0063 -0.0077
v  0.0122 0.0069 -0.0067
v  0.0128 0.0074 -0.0057
v  0.0132 0.0079 -0.0048
v  0.0134 0.0084 -0.0039
v  0.0124 0.0086 -0.0037
v  0.0082 0.0055 -0.0147
v  0.0084 0.0050 -0.0155
v  0.0091 0.0040 -0.0146
v  0.0094 0.0034 -0.0154
v  0.0106 0.0024 -0.0144
v  0.0109 0.0018 -0.0153
v  0.0240 0.0013 -0.0149
v  0.0252 0.0016 -0.0144
v  0.0210 0.0106 0.0008
v  0.0199 0.0106 0.0008
v  0.0179 0.0125 0.0048
v  0.0165 0.0128 0.0055
v  0.0105 0.0149 0.0118
v  0.0127 0.0155 0.0130
v  0.0133 0.0169 0.0178
v  0.0154 0.0161 0.0147
v  0.0113 0.0175 0.0210
v  0.0055 0.0173 0.0234
v  0.0036 0.0178 0.0288
v  0.0011 0.0167 0.0225
v  -0.0005 0.0172 0.0282
v  -0.0040 0.0164 0.0222
v  -0.0049 0.0168 0.0279
v  -0.0033 0.0159 0.0184
v  -0.0084 0.0157 0.0188
v  -0.0087 0.0161 0.0226
v  -0.0129 0.0151 0.0196
v  -0.0130 0.0154 0.0233
v  -0.0168 0.0137 0.0205
v  -0.0168 0.0137 0.0242
v  -0.0169 0.0133 0.0170
v  -0.0199 0.0108 0.0178
v  -0.0197 0.0110 0.0213
v  -0.0216 0.0074 0.0185
v  -0.0214 0.0075 0.0219
v  -0.0211 0.0049 0.0221
v  -0.0209 0.0041 0.0255
v  -0.0212 0.0075 0.0253
v  -0.0202 0.0001 0.0256
v  -0.0198 -0.0004 0.0305
v  -0.0205 0.0035 0.0305
v  -0.0190 -0.0039 0.0258
v  -0.0185 -0.0043 0.0305
v  -0.0170 -0.0077 0.0259
v  -0.0165 -0.0080 0.0306
v  -0.0138 -0.0111 0.0306
v  -0.0098 -0.0138 0.0350
v  -0.0132 -0.0114 0.0351
v  -0.0059 -0.0151 0.0349
v  -0.0053 -0.0153 0.0393
v  -0.0091 -0.0139 0.0394
v  -0.0004 -0.0155 0.0451
v  -0.0043 -0.0153 0.0452
v  0.0035 -0.0144 0.0453
v  0.0068 -0.0119 0.0458
v  0.0094 -0.0084 0.0465
v  0.0113 -0.0041 0.0474
v  0.0120 0.0006 0.0534
v  0.0109 -0.0039 0.0527
v  0.0127 0.0052 0.0541
v  0.0130 0.0098 0.0549
v  0.0131 0.0143 0.0556
v  0.0118 0.0165 0.0557
v  0.0096 0.0177 0.0553
v  0.0070 0.0179 0.0545
v  0.0044 0.0184 0.0471
v  0.0039 0.0176 0.0537
v  0.0015 0.0180 0.0395
v  0.0009 0.0177 0.0464
v  -0.0022 0.0175 0.0391
v  -0.0027 0.0172 0.0461
v  0.0023 0.0180 0.0342
v  -0.0016 0.0175 0.0337
v  -0.0056 0.0171 0.0335
v  -0.0092 0.0164 0.0282
v  -0.0096 0.0165 0.0339
v  -0.0132 0.0155 0.0289
v  -0.0168 0.0137 0.0297
v  -0.0196 0.0110 0.0249
v  -0.0194 0.0108 0.0303
v  -0.0209 0.0073 0.0306
v  -0.0201 0.0030 0.0355
v  -0.0205 0.0069 0.0358
v  -0.0193 -0.0009 0.0354
v  -0.0179 -0.0047 0.0353
v  -0.0159 -0.0083 0.0352
v  -0.0152 -0.0086 0.0398
v  -0.0173 -0.0052 0.0400
v  -0.0125 -0.0116 0.0396
v  -0.0114 -0.0120 0.0456
v  -0.0142 -0.0092 0.0459
v  -0.0081 -0.0142 0.0454
v  -0.0034 -0.0153 0.0511
v  -0.0070 -0.0143 0.0513
v  0.0004 -0.0153 0.0511
v  0.0040 -0.0139 0.0513
v  0.0070 -0.0114 0.0516
v  0.0093 -0.0079 0.0520
v  0.0104 -0.0038 0.0580
v  0.0090 -0.0075 0.0575
v  0.0113 0.0003 0.0586
v  0.0119 0.0044 0.0594
v  0.0121 0.0086 0.0604
v  0.0121 0.0126 0.0614
v  0.0109 0.0147 0.0617
v  0.0089 0.0161 0.0615
v  0.0063 0.0165 0.0608
v  0.0035 0.0165 0.0600
v  0.0004 0.0170 0.0530
v  0.0002 0.0160 0.0593
v  -0.0031 0.0165 0.0528
v  -0.0064 0.0167 0.0461
v  -0.0067 0.0158 0.0529
v  -0.0060 0.0170 0.0390
v  -0.0098 0.0164 0.0394
v  -0.0100 0.0158 0.0465
v  -0.0134 0.0154 0.0345
v  -0.0134 0.0150 0.0399
v  -0.0167 0.0133 0.0351
v  -0.0165 0.0128 0.0405
v  -0.0191 0.0104 0.0356
v  -0.0187 0.0097 0.0409
v  -0.0200 0.0062 0.0409
v  -0.0195 0.0024 0.0405
v  -0.0186 -0.0014 0.0402
v  -0.0162 -0.0059 0.0462
v  -0.0176 -0.0023 0.0465
v  -0.0130 -0.0097 0.0519
v  -0.0150 -0.0066 0.0522
v  -0.0103 -0.0123 0.0516
v  -0.0059 -0.0143 0.0572
v  -0.0090 -0.0125 0.0575
v  -0.0025 -0.0151 0.0571
v  0.0011 -0.0148 0.0571
v  0.0043 -0.0133 0.0571
v  0.0070 -0.0108 0.0573
v  0.0085 -0.0072 0.0631
v  0.0068 -0.0102 0.0630
v  0.0097 -0.0038 0.0634
v  0.0105 -0.0003 0.0640
v  0.0110 0.0034 0.0648
v  0.0111 0.0070 0.0658
v  0.0111 0.0105 0.0670
v  0.0099 0.0125 0.0674
v  0.0081 0.0139 0.0674
v  0.0057 0.0146 0.0669
v  0.0030 0.0149 0.0661
v  0.0001 0.0146 0.0653
v  -0.0032 0.0154 0.0590
v  -0.0029 0.0141 0.0651
v  -0.0066 0.0146 0.0595
v  -0.0101 0.0148 0.0534
v  -0.0097 0.0134 0.0601
v  -0.0134 0.0142 0.0470
v  -0.0131 0.0130 0.0538
v  -0.0162 0.0118 0.0474
v  -0.0155 0.0105 0.0542
v  -0.0180 0.0086 0.0477
v  -0.0190 0.0051 0.0475
v  -0.0185 0.0014 0.0470
v  -0.0173 0.0003 0.0533
v  -0.0177 0.0038 0.0540
v  -0.0164 -0.0032 0.0527
v  -0.0136 -0.0073 0.0582
v  -0.0150 -0.0041 0.0588
v  -0.0116 -0.0101 0.0578
v  -0.0076 -0.0125 0.0634
v  -0.0101 -0.0104 0.0638
v  -0.0048 -0.0140 0.0632
v  -0.0016 -0.0146 0.0630
v  0.0017 -0.0142 0.0629
v  0.0046 -0.0126 0.0629
v  0.0066 -0.0097 0.0672
v  0.0046 -0.0120 0.0673
v  0.0081 -0.0069 0.0673
v  0.0075 -0.0067 0.0715
v  0.0062 -0.0091 0.0715
v  0.0092 -0.0039 0.0675
v  0.0084 -0.0041 0.0715
v  0.0098 -0.0008 0.0680
v  0.0090 -0.0014 0.0719
v  0.0102 0.0024 0.0687
v  0.0093 0.0013 0.0726
v  0.0103 0.0056 0.0698
v  0.0093 0.0039 0.0735
v  0.0102 0.0086 0.0710
v  0.0092 0.0064 0.0748
v  0.0091 0.0105 0.0715
v  0.0082 0.0083 0.0754
v  0.0074 0.0120 0.0716
v  0.0067 0.0099 0.0756
v  0.0052 0.0129 0.0712
v  0.0048 0.0110 0.0754
v  0.0027 0.0134 0.0706
v  0.0026 0.0116 0.0750
v  0.0001 0.0133 0.0699
v  0.0003 0.0115 0.0745
v  -0.0024 0.0128 0.0697
v  -0.0019 0.0111 0.0743
v  -0.0059 0.0131 0.0658
v  -0.0051 0.0117 0.0703
v  -0.0086 0.0116 0.0665
v  -0.0124 0.0114 0.0606
v  -0.0109 0.0095 0.0669
v  -0.0143 0.0088 0.0608
v  -0.0170 0.0073 0.0543
v  -0.0155 0.0057 0.0606
v  -0.0162 0.0024 0.0601
v  -0.0158 -0.0009 0.0594
v  -0.0133 -0.0050 0.0647
v  -0.0140 -0.0021 0.0654
v  -0.0120 -0.0079 0.0642
v  -0.0088 -0.0105 0.0682
v  -0.0106 -0.0082 0.0687
v  -0.0065 -0.0124 0.0679
v  -0.0053 -0.0120 0.0724
v  -0.0073 -0.0104 0.0727
v  -0.0038 -0.0137 0.0676
v  -0.0029 -0.0131 0.0722
v  -0.0009 -0.0141 0.0675
v  -0.0003 -0.0134 0.0721
v  0.0020 -0.0136 0.0674
v  0.0023 -0.0128 0.0719
v  0.0045 -0.0112 0.0717
v  0.0058 -0.0082 0.0759
v  0.0044 -0.0101 0.0762
v  0.0082 0.0000 0.0763
v  0.0082 0.0020 0.0772
v  0.0080 0.0040 0.0782
v  0.0072 0.0058 0.0790
v  0.0060 0.0074 0.0794
v  0.0043 0.0086 0.0794
v  0.0025 0.0093 0.0793
v  0.0006 0.0094 0.0789
v  -0.0042 0.0101 0.0746
v  -0.0075 0.0101 0.0709
v  -0.0063 0.0085 0.0750
v  -0.0096 0.0079 0.0713
v  -0.0081 0.0064 0.0753
v  -0.0126 0.0069 0.0670
v  -0.0111 0.0053 0.0712
v  -0.0136 0.0039 0.0666
v  -0.0143 0.0009 0.0661
v  -0.0124 -0.0030 0.0698
v  -0.0127 -0.0003 0.0705
v  -0.0118 -0.0056 0.0692
v  -0.0100 -0.0061 0.0736
v  -0.0105 -0.0038 0.0741
v  -0.0089 -0.0084 0.0731
v  -0.0020 -0.0121 0.0770
v  0.0003 -0.0122 0.0768
v  0.0025 -0.0115 0.0765
v  0.0026 -0.0102 0.0797
v  0.0005 -0.0109 0.0801
v  0.0043 -0.0088 0.0793
v  0.0041 -0.0070 0.0818
v  0.0026 -0.0084 0.0825
v  0.0055 -0.0070 0.0789
v  0.0053 -0.0054 0.0810
v  0.0051 -0.0039 0.0823
v  0.0040 -0.0052 0.0833
v  0.0061 -0.0027 0.0811
v  0.0061 -0.0011 0.0817
v  0.0051 -0.0024 0.0831
v  0.0072 -0.0011 0.0790
v  0.0072 0.0005 0.0796
v  0.0071 0.0021 0.0804
v  0.0061 0.0004 0.0823
v  0.0064 0.0039 0.0812
v  0.0054 0.0022 0.0830
v  0.0052 0.0055 0.0818
v  0.0043 0.0036 0.0836
v  0.0037 0.0067 0.0820
v  0.0030 0.0046 0.0840
v  0.0021 0.0072 0.0821
v  0.0014 0.0051 0.0841
v  0.0005 0.0073 0.0819
v  -0.0003 0.0052 0.0839
v  -0.0012 0.0033 0.0848
v  0.0006 0.0032 0.0852
v  -0.0029 0.0035 0.0837
v  -0.0038 0.0014 0.0837
v  -0.0019 0.0012 0.0851
v  -0.0047 0.0040 0.0816
v  -0.0057 0.0019 0.0815
v  -0.0063 0.0049 0.0791
v  -0.0074 0.0027 0.0790
v  -0.0093 0.0039 0.0752
v  -0.0120 0.0026 0.0709
v  -0.0102 0.0013 0.0750
v  -0.0107 -0.0014 0.0747
v  -0.0083 -0.0045 0.0783
v  -0.0085 -0.0023 0.0786
v  -0.0078 -0.0065 0.0779
v  -0.0059 -0.0066 0.0808
v  -0.0064 -0.0048 0.0810
v  -0.0038 -0.0068 0.0831
v  -0.0042 -0.0051 0.0834
v  -0.0017 -0.0072 0.0843
v  -0.0020 -0.0053 0.0848
v  -0.0015 -0.0089 0.0830
v  0.0006 -0.0091 0.0830
v  0.0004 -0.0072 0.0847
v  -0.0015 -0.0108 0.0804
v  0.0025 -0.0065 0.0842
v  0.0022 -0.0046 0.0852
v  0.0002 -0.0052 0.0855
v  0.0038 -0.0036 0.0842
v  0.0036 -0.0019 0.0849
v  0.0019 -0.0028 0.0857
v  0.0049 -0.0009 0.0838
v  -0.0003 -0.0011 0.0861
v  -0.0002 -0.0034 0.0859
v  -0.0000 0.0012 0.0858
v  -0.0023 -0.0011 0.0853
v  -0.0022 -0.0035 0.0851
v  -0.0043 -0.0009 0.0837
v  -0.0044 -0.0034 0.0835
v  -0.0064 -0.0004 0.0814
v  -0.0066 -0.0029 0.0812
v  -0.0081 0.0002 0.0789
v  0.0073 0.0024 -0.0199
v  0.0074 0.0009 -0.0191
v  0.0082 0.0023 -0.0202
v  0.0078 0.0018 -0.0209
v  0.0070 0.0020 -0.0205
v  0.0085 0.0004 -0.0204
v  0.0080 0.0000 -0.0211
v  0.0073 0.0014 -0.0215
v  0.0091 -0.0014 -0.0210
v  0.0084 -0.0018 -0.0219
v  0.0074 -0.0003 -0.0218
v  0.0098 -0.0024 -0.0227
v  0.0086 -0.0028 -0.0235
v  0.0075 -0.0021 -0.0226
v  0.0101 -0.0038 -0.0247
v  0.0086 -0.0040 -0.0253
v  0.0074 -0.0031 -0.0241
v  0.0102 -0.0053 -0.0273
v  0.0082 -0.0055 -0.0278
v  0.0070 -0.0042 -0.0258
v  0.0094 -0.0071 -0.0303
v  0.0069 -0.0072 -0.0306
v  0.0062 -0.0056 -0.0281
v  0.0071 -0.0087 -0.0331
v  0.0043 -0.0086 -0.0331
v  0.0044 -0.0070 -0.0306
v  0.0039 -0.0103 -0.0355
v  0.0007 -0.0098 -0.0350
v  0.0015 -0.0082 -0.0328
v  -0.0001 -0.0120 -0.0365
v  -0.0034 -0.0113 -0.0354
v  -0.0024 -0.0091 -0.0341
v  -0.0041 -0.0139 -0.0358
v  -0.0074 -0.0128 -0.0342
v  -0.0065 -0.0103 -0.0340
v  -0.0078 -0.0155 -0.0336
v  -0.0109 -0.0142 -0.0316
v  -0.0104 -0.0116 -0.0323
v  -0.0108 -0.0147 -0.0313
v  -0.0137 -0.0132 -0.0290
v  -0.0137 -0.0127 -0.0293
v  -0.0163 -0.0114 -0.0263
v  -0.0164 -0.0109 -0.0266
v  -0.0185 -0.0094 -0.0231
v  -0.0186 -0.0090 -0.0234
v  -0.0203 -0.0073 -0.0197
v  -0.0204 -0.0069 -0.0200
v  -0.0188 -0.0087 -0.0178
v  -0.0201 -0.0066 -0.0146
v  -0.0216 -0.0053 -0.0163
v  -0.0208 -0.0048 -0.0116
v  -0.0222 -0.0033 -0.0129
v  -0.0210 -0.0035 -0.0086
v  -0.0224 -0.0015 -0.0098
v  -0.0193 -0.0057 -0.0077
v  -0.0192 -0.0051 -0.0048
v  -0.0209 -0.0024 -0.0057
v  -0.0173 -0.0081 -0.0071
v  -0.0170 -0.0077 -0.0043
v  -0.0151 -0.0103 -0.0074
v  -0.0148 -0.0102 -0.0045
v  -0.0131 -0.0123 -0.0087
v  -0.0125 -0.0125 -0.0058
v  -0.0137 -0.0123 -0.0118
v  -0.0114 -0.0143 -0.0132
v  -0.0110 -0.0143 -0.0101
v  -0.0104 -0.0146 -0.0073
v  -0.0096 -0.0150 -0.0047
v  -0.0118 -0.0128 -0.0030
v  -0.0086 -0.0158 -0.0023
v  -0.0072 -0.0169 0.0000
v  -0.0052 -0.0183 0.0023
v  -0.0028 -0.0198 0.0043
v  -0.0036 -0.0179 0.0061
v  0.0000 -0.0210 0.0059
v  -0.0004 -0.0190 0.0077
v  0.0030 -0.0219 0.0071
v  0.0030 -0.0197 0.0087
v  0.0060 -0.0226 0.0078
v  0.0062 -0.0200 0.0092
v  0.0092 -0.0202 0.0094
v  0.0096 -0.0175 0.0108
v  0.0064 -0.0178 0.0110
v  0.0102 -0.0152 0.0127
v  0.0067 -0.0159 0.0130
v  0.0028 -0.0165 0.0128
v  0.0029 -0.0178 0.0106
v  -0.0013 -0.0165 0.0119
v  -0.0008 -0.0175 0.0097
v  -0.0016 -0.0160 0.0142
v  -0.0054 -0.0157 0.0106
v  -0.0046 -0.0164 0.0083
v  -0.0143 -0.0103 -0.0016
v  -0.0168 -0.0076 -0.0014
v  -0.0191 -0.0041 0.0010
v  -0.0191 -0.0045 -0.0019
v  -0.0209 -0.0015 -0.0028
v  -0.0224 0.0002 -0.0068
v  -0.0224 -0.0009 -0.0101
v  -0.0223 -0.0028 -0.0133
v  -0.0214 -0.0005 -0.0146
v  -0.0208 -0.0025 -0.0179
v  -0.0216 -0.0048 -0.0166
v  -0.0193 -0.0006 -0.0186
v  -0.0182 -0.0025 -0.0218
v  -0.0197 -0.0045 -0.0212
v  -0.0162 -0.0011 -0.0217
v  -0.0148 -0.0029 -0.0245
v  -0.0166 -0.0044 -0.0248
v  -0.0127 -0.0020 -0.0237
v  -0.0110 -0.0035 -0.0260
v  -0.0128 -0.0045 -0.0271
v  -0.0092 -0.0027 -0.0247
v  -0.0074 -0.0038 -0.0264
v  -0.0089 -0.0048 -0.0280
v  -0.0061 -0.0030 -0.0249
v  -0.0043 -0.0037 -0.0261
v  -0.0052 -0.0048 -0.0278
v  -0.0035 -0.0029 -0.0246
v  -0.0018 -0.0034 -0.0253
v  -0.0023 -0.0044 -0.0270
v  -0.0016 -0.0027 -0.0246
v  0.0001 -0.0031 -0.0249
v  -0.0001 -0.0038 -0.0258
v  0.0000 -0.0024 -0.0246
v  0.0015 -0.0025 -0.0245
v  0.0015 -0.0033 -0.0249
v  0.0014 -0.0013 -0.0246
v  0.0026 -0.0013 -0.0243
v  0.0028 -0.0026 -0.0243
v  0.0025 -0.0003 -0.0245
v  0.0035 -0.0001 -0.0242
v  0.0037 -0.0012 -0.0240
v  0.0040 0.0005 -0.0231
v  0.0045 0.0001 -0.0238
v  0.0039 -0.0009 -0.0224
v  0.0047 0.0008 -0.0227
v  0.0047 -0.0007 -0.0220
v  0.0054 0.0010 -0.0222
v  0.0054 -0.0005 -0.0215
v  0.0060 0.0014 -0.0217
v  0.0060 -0.0002 -0.0209
v  0.0065 0.0017 -0.0211
v  0.0066 0.0002 -0.0203
v  0.0071 0.0005 -0.0197
v  0.0068 0.0011 -0.0222
v  0.0061 0.0007 -0.0228
v  0.0066 -0.0006 -0.0224
v  0.0058 -0.0009 -0.0230
v  0.0053 0.0004 -0.0233
v  0.0065 -0.0023 -0.0232
v  0.0053 -0.0025 -0.0237
v  0.0048 -0.0011 -0.0236
v  0.0061 -0.0033 -0.0244
v  0.0045 -0.0033 -0.0246
v  0.0041 -0.0026 -0.0240
v  0.0053 -0.0043 -0.0261
v  0.0035 -0.0043 -0.0262
v  0.0031 -0.0033 -0.0248
v  0.0041 -0.0054 -0.0281
v  0.0019 -0.0052 -0.0280
v  0.0017 -0.0041 -0.0261
v  0.0019 -0.0067 -0.0304
v  -0.0006 -0.0063 -0.0299
v  -0.0002 -0.0049 -0.0276
v  -0.0014 -0.0076 -0.0321
v  -0.0040 -0.0069 -0.0311
v  -0.0029 -0.0056 -0.0290
v  -0.0053 -0.0083 -0.0329
v  -0.0080 -0.0072 -0.0313
v  -0.0065 -0.0059 -0.0297
v  -0.0094 -0.0092 -0.0322
v  -0.0121 -0.0078 -0.0301
v  -0.0106 -0.0060 -0.0293
v  -0.0132 -0.0101 -0.0301
v  -0.0158 -0.0084 -0.0274
v  -0.0146 -0.0062 -0.0276
v  -0.0180 -0.0065 -0.0244
v  0.0190 0.0093 -0.0019
v  0.0151 0.0060 0.0413
v  0.0154 0.0057 0.0397
v  0.0132 -0.0042 0.0358
v  -0.0062 0.0122 0.0037
v  -0.0071 0.0124 0.0040
v  0.0276 0.0024 -0.0095
v  0.0274 0.0031 -0.0082
v  0.0267 0.0039 -0.0070
v  0.0257 0.0045 -0.0061
v  0.0246 0.0049 -0.0055
v  0.0274 0.0016 -0.0108
v  0.0269 0.0010 -0.0119
v  0.0262 0.0005 -0.0128
v  0.0230 -0.0002 -0.0143
v  0.0240 -0.0001 -0.0141
v  0.0210 -0.0001 -0.0143
v  0.0220 -0.0002 -0.0144
v  0.0189 0.0005 -0.0135
v  0.0201 0.0001 -0.0141
v  0.0173 0.0016 -0.0119
v  0.0180 0.0010 -0.0128
v  0.0169 0.0022 -0.0109
v  0.0168 0.0029 -0.0098
v  0.0169 0.0035 -0.0087
v  0.0172 0.0039 -0.0079
v  0.0177 0.0043 -0.0072
v  0.0183 0.0047 -0.0066
v  0.0189 0.0049 -0.0061
v  0.0196 0.0051 -0.0057
v  0.0205 0.0053 -0.0054
v  0.0213 0.0053 -0.0052
v  0.0224 0.0053 -0.0051
v  0.0234 0.0052 -0.0052
v  0.0252 0.0001 -0.0136
v  0.0155 0.0063 -0.0028
v  0.0165 0.0064 -0.0025
v  0.0144 0.0063 -0.0029
v  0.0103 0.0102 0.0050
v  0.0096 0.0098 0.0040
v  0.0115 0.0106 0.0061
v  0.0106 0.0073 -0.0015
v  0.0114 0.0069 -0.0021
v  0.0100 0.0076 -0.0007
v  0.0096 0.0080 -0.0000
v  0.0093 0.0083 0.0007
v  0.0130 0.0109 0.0068
v  0.0147 0.0110 0.0070
v  0.0165 0.0109 0.0066
v  0.0179 0.0105 0.0059
v  0.0092 0.0094 0.0031
v  0.0091 0.0090 0.0023
v  0.0091 0.0087 0.0014
v  0.0198 0.0091 0.0029
v  0.0195 0.0096 0.0039
v  0.0189 0.0101 0.0049
v  0.0174 0.0066 -0.0021
v  0.0183 0.0069 -0.0014
v  0.0134 0.0064 -0.0028
v  0.0124 0.0066 -0.0025
v  0.0196 0.0078 0.0003
v  0.0199 0.0086 0.0019
v  0.0190 0.0073 -0.0007
v  0.0012 0.0091 0.0003
v  0.0019 0.0094 0.0009
v  0.0025 0.0097 0.0017
v  -0.0010 0.0088 -0.0006
v  0.0002 0.0089 -0.0002
v  -0.0026 0.0089 -0.0005
v  -0.0038 0.0091 -0.0001
v  -0.0055 0.0098 0.0014
v  -0.0048 0.0094 0.0005
v  -0.0062 0.0106 0.0035
v  -0.0061 0.0102 0.0025
v  0.0028 0.0099 0.0025
v  0.0030 0.0103 0.0032
v  -0.0059 0.0113 0.0056
v  -0.0062 0.0109 0.0044
v  -0.0040 0.0119 0.0077
v  -0.0052 0.0116 0.0067
v  -0.0025 0.0121 0.0083
v  0.0015 0.0117 0.0072
v  0.0006 0.0119 0.0078
v  -0.0009 0.0121 0.0083
v  0.0022 0.0114 0.0064
v  0.0031 0.0106 0.0040
v  0.0029 0.0109 0.0049
v  0.0027 0.0112 0.0057
v  0.0120 -0.0091 -0.0097
v  0.0074 0.0046 0.0261
v  -0.0012 0.0105 0.0037
v  0.0142 0.0085 0.0015
v  0.0218 0.0027 -0.0096
v  -0.0012 0.0003 -0.0237
v  -0.0025 0.0005 -0.0234
v  -0.0021 0.0010 -0.0226
v  -0.0010 0.0008 -0.0229
v  0.0001 0.0007 -0.0231
v  0.0001 0.0002 -0.0239
v  0.0011 0.0007 -0.0230
v  0.0012 0.0002 -0.0238
v  -0.0032 0.0013 -0.0221
v  -0.0038 0.0009 -0.0228
v  -0.0049 0.0014 -0.0220
v  -0.0042 0.0017 -0.0214
v  -0.0058 0.0020 -0.0209
v  -0.0050 0.0022 -0.0205
v  -0.0069 0.0035 -0.0184
v  -0.0070 0.0043 -0.0170
v  -0.0060 0.0042 -0.0171
v  -0.0060 0.0035 -0.0183
v  -0.0056 0.0029 -0.0194
v  -0.0065 0.0027 -0.0197
v  -0.0058 0.0049 -0.0160
v  -0.0067 0.0051 -0.0157
v  -0.0061 0.0058 -0.0145
v  -0.0053 0.0055 -0.0149
v  -0.0053 0.0064 -0.0135
v  -0.0046 0.0061 -0.0141
v  0.0078 0.0038 -0.0179
v  0.0077 0.0034 -0.0186
v  0.0067 0.0034 -0.0185
v  0.0068 0.0038 -0.0179
v  0.0068 0.0042 -0.0172
v  0.0077 0.0042 -0.0172
v  0.0067 0.0045 -0.0166
v  0.0077 0.0046 -0.0165
v  -0.0039 0.0065 -0.0133
v  -0.0044 0.0069 -0.0127
v  -0.0035 0.0072 -0.0121
v  -0.0030 0.0068 -0.0129
v  -0.0026 0.0074 -0.0117
v  -0.0022 0.0070 -0.0125
v  0.0060 0.0065 -0.0134
v  0.0065 0.0061 -0.0139
v  0.0057 0.0058 -0.0144
v  0.0052 0.0061 -0.0139
v  0.0047 0.0064 -0.0135
v  0.0054 0.0067 -0.0129
v  0.0042 0.0066 -0.0131
v  0.0048 0.0070 -0.0124
v  0.0036 0.0068 -0.0128
v  0.0041 0.0072 -0.0121
v  0.0030 0.0070 -0.0125
v  0.0034 0.0075 -0.0117
v  0.0023 0.0071 -0.0123
v  0.0026 0.0076 -0.0115
v  0.0016 0.0072 -0.0121
v  0.0019 0.0077 -0.0113
v  0.0010 0.0077 -0.0112
v  0.0009 0.0073 -0.0120
v  0.0001 0.0073 -0.0120
v  0.0002 0.0078 -0.0112
v  -0.0006 0.0072 -0.0121
v  -0.0007 0.0077 -0.0113
v  -0.0014 0.0071 -0.0122
v  -0.0016 0.0076 -0.0114
v  0.0069 0.0058 -0.0145
v  0.0072 0.0054 -0.0151
v  0.0063 0.0052 -0.0155
v  0.0060 0.0055 -0.0149
v  0.0075 0.0050 -0.0158
v  0.0065 0.0049 -0.0160
v  0.0066 0.0031 -0.0191
v  0.0075 0.0030 -0.0192
v  0.0072 0.0026 -0.0199
v  0.0063 0.0028 -0.0196
v  0.0069 0.0022 -0.0205
v  0.0060 0.0024 -0.0202
v  0.0022 0.0003 -0.0237
v  0.0019 0.0008 -0.0229
v  0.0027 0.0009 -0.0227
v  0.0031 0.0005 -0.0234
v  0.0035 0.0011 -0.0224
v  0.0040 0.0007 -0.0231
v  0.0057 0.0021 -0.0207
v  0.0065 0.0019 -0.0211
v  0.0060 0.0015 -0.0217
v  0.0052 0.0018 -0.0212
v  0.0054 0.0012 -0.0222
v  0.0047 0.0016 -0.0216
v  0.0047 0.0009 -0.0227
v  0.0041 0.0013 -0.0220
v  -0.0021 0.0002 -0.0222
v  -0.0010 -0.0000 -0.0225
v  -0.0012 -0.0005 -0.0233
v  -0.0025 -0.0003 -0.0229
v  0.0001 -0.0006 -0.0234
v  0.0001 -0.0001 -0.0226
v  0.0012 -0.0006 -0.0234
v  0.0011 -0.0001 -0.0226
v  -0.0042 0.0009 -0.0209
v  -0.0032 0.0005 -0.0216
v  -0.0038 0.0001 -0.0223
v  -0.0049 0.0006 -0.0215
v  -0.0050 0.0015 -0.0200
v  -0.0058 0.0012 -0.0205
v  -0.0060 0.0035 -0.0167
v  -0.0060 0.0028 -0.0178
v  -0.0069 0.0027 -0.0180
v  -0.0070 0.0035 -0.0166
v  -0.0065 0.0019 -0.0193
v  -0.0056 0.0021 -0.0190
v  -0.0053 0.0047 -0.0145
v  -0.0058 0.0041 -0.0155
v  -0.0067 0.0043 -0.0153
v  -0.0061 0.0050 -0.0141
v  -0.0046 0.0053 -0.0136
v  -0.0053 0.0056 -0.0130
v  0.0067 0.0027 -0.0180
v  0.0068 0.0030 -0.0174
v  0.0078 0.0030 -0.0174
v  0.0077 0.0026 -0.0181
v  0.0077 0.0034 -0.0167
v  0.0068 0.0034 -0.0168
v  0.0067 0.0037 -0.0162
v  -0.0030 0.0060 -0.0124
v  -0.0039 0.0057 -0.0129
v  -0.0044 0.0061 -0.0122
v  -0.0035 0.0064 -0.0117
v  -0.0022 0.0062 -0.0120
v  -0.0026 0.0067 -0.0113
v  0.0057 0.0051 -0.0140
v  0.0052 0.0053 -0.0135
v  0.0060 0.0057 -0.0129
v  0.0065 0.0053 -0.0135
v  0.0054 0.0060 -0.0124
v  0.0047 0.0056 -0.0130
v  0.0048 0.0062 -0.0120
v  0.0042 0.0058 -0.0126
v  0.0041 0.0065 -0.0116
v  0.0036 0.0060 -0.0123
v  0.0034 0.0067 -0.0113
v  0.0030 0.0062 -0.0120
v  0.0026 0.0068 -0.0110
v  0.0023 0.0063 -0.0118
v  0.0019 0.0069 -0.0108
v  0.0016 0.0064 -0.0116
v  0.0002 0.0070 -0.0107
v  0.0010 0.0070 -0.0108
v  0.0009 0.0065 -0.0116
v  0.0001 0.0065 -0.0115
v  -0.0007 0.0069 -0.0108
v  -0.0006 0.0064 -0.0116
v  -0.0016 0.0068 -0.0109
v  -0.0014 0.0064 -0.0118
v  0.0063 0.0044 -0.0150
v  0.0060 0.0048 -0.0145
v  0.0069 0.0050 -0.0141
v  0.0072 0.0046 -0.0147
v  0.0065 0.0041 -0.0156
v  0.0075 0.0042 -0.0153
v  0.0063 0.0020 -0.0192
v  0.0066 0.0023 -0.0186
v  0.0075 0.0022 -0.0188
v  0.0072 0.0018 -0.0194
v  0.0060 0.0016 -0.0197
v  0.0069 0.0014 -0.0201
v  0.0019 0.0000 -0.0224
v  0.0022 -0.0005 -0.0232
v  0.0031 -0.0003 -0.0230
v  0.0027 0.0001 -0.0222
v  0.0040 -0.0001 -0.0226
v  0.0035 0.0003 -0.0219
v  0.0052 0.0010 -0.0207
v  0.0057 0.0013 -0.0202
v  0.0065 0.0011 -0.0207
v  0.0060 0.0007 -0.0212
v  0.0047 0.0008 -0.0212
v  0.0054 0.0004 -0.0217
v  0.0041 0.0005 -0.0216
v  0.0047 0.0002 -0.0222
v  0.0019 0.0042 -0.0170
# 1998 vertices

vn 0.0378 0.8955 -0.4435
vn 0.0412 0.8878 -0.4585
vn 0.0112 0.8975 -0.4409
vn 0.0252 0.8843 -0.4662
vn 0.0290 0.9025 -0.4297
vn 0.0472 0.8618 -0.5051
vn 0.0531 0.8627 -0.5029
vn 0.0531 0.8599 -0.5077
vn -0.0728 0.9681 -0.2398
vn -0.0577 0.9652 -0.2552
vn -0.0740 0.9729 -0.2192
vn -0.4059 0.6464 0.6461
vn -0.5057 0.6679 0.5461
vn -0.3409 0.7689 0.5410
vn 0.0456 0.9082 -0.4160
vn 0.0360 0.9133 -0.4058
vn 0.0531 0.9206 -0.3868
vn 0.0329 0.9084 -0.4169
vn 0.0307 0.9147 -0.4029
vn 0.0012 0.8849 -0.4658
vn 0.6231 0.0950 0.7763
vn 0.3700 0.0761 0.9259
vn 0.3717 0.2593 0.8914
vn -0.7071 -0.6950 0.1302
vn -0.6882 -0.7091 0.1538
vn -0.7383 -0.6545 0.1627
vn -0.7147 -0.6976 -0.0498
vn -0.5735 -0.8191 -0.0106
vn -0.6044 -0.7911 0.0940
vn -0.6561 -0.7538 0.0348
vn -0.7180 -0.6959 0.0117
vn 0.9178 -0.3048 0.2545
vn 0.9103 -0.2597 0.3222
vn 0.9389 -0.2270 0.2589
vn 0.6304 -0.7742 0.0572
vn 0.7486 -0.6552 0.1014
vn 0.8065 -0.5524 0.2108
vn 0.5764 -0.4387 0.6894
vn 0.5975 -0.3068 0.7408
vn 0.6994 -0.3860 0.6015
vn 0.2468 -0.9448 0.2153
vn 0.4124 -0.8623 0.2940
vn 0.5050 -0.8235 0.2587
vn -0.6807 -0.5838 0.4425
vn -0.5338 -0.7413 0.4068
vn -0.5682 -0.6159 0.5457
vn 0.0454 0.8618 -0.5051
vn 0.0504 0.8620 -0.5044
vn 0.0454 0.8606 -0.5073
vn -0.0238 0.9340 -0.3565
vn -0.0518 0.9379 -0.3430
vn -0.0355 0.9349 -0.3531
vn -0.0241 0.9381 -0.3456
vn -0.0467 0.9419 -0.3326
vn 0.0503 0.8640 -0.5009
vn 0.0591 0.8665 -0.4956
vn 0.0524 0.8725 -0.4857
vn 0.7462 -0.5647 0.3527
vn 0.8451 -0.4953 0.2013
vn 0.7601 -0.6374 0.1268
vn 0.0251 0.9380 -0.3459
vn -0.0098 0.9235 -0.3836
vn -0.0098 0.9476 -0.3192
vn -0.0275 0.9369 -0.3486
vn 0.0249 0.8940 -0.4473
vn 0.0326 0.8896 -0.4557
vn 0.0081 0.9351 -0.3544
vn -0.0234 0.9113 -0.4110
vn -0.0641 0.9417 -0.3304
vn 0.0503 0.8747 -0.4821
vn 0.0445 0.8751 -0.4818
vn 0.0500 0.8690 -0.4923
vn 0.0692 0.8648 -0.4973
vn 0.0543 0.8657 -0.4976
vn 0.0513 0.8572 -0.5123
vn 0.0577 0.8593 -0.5082
vn 0.0534 0.8510 -0.5224
vn 0.0511 0.8567 -0.5133
vn 0.0543 0.8538 -0.5177
vn 0.0548 0.8534 -0.5184
vn 0.0658 0.8510 -0.5211
vn 0.0557 0.8543 -0.5168
vn 0.0635 0.8509 -0.5215
vn -0.0225 0.9714 -0.2363
vn -0.0061 0.9730 -0.2306
vn -0.1070 0.9836 -0.1455
vn -0.0188 0.9794 -0.2013
vn -0.1147 0.9756 -0.1872
vn -0.4760 -0.8789 0.0304
vn -0.5373 -0.8434 0.0058
vn -0.6024 -0.7960 0.0597
vn -0.5098 -0.8584 0.0566
vn -0.5865 -0.8060 0.0792
vn 0.7943 -0.2578 0.5500
vn 0.7749 -0.2920 0.5605
vn 0.7589 -0.2763 0.5896
vn 0.3041 -0.4850 0.8199
vn 0.3913 -0.6432 0.6581
vn 0.4253 -0.4596 0.7797
vn 0.3468 -0.3940 0.8512
vn 0.4869 -0.5771 0.6556
vn 0.9478 -0.1051 0.3009
vn 0.9474 -0.1326 0.2913
vn 0.9547 -0.1427 0.2611
vn 0.9590 -0.1388 0.2472
vn 0.9612 -0.0958 0.2588
vn 0.7940 0.5656 0.2228
vn 0.3380 0.9360 0.0978
vn 0.3356 0.9398 0.0642
vn 0.7896 0.5661 0.2369
vn 0.7854 0.5614 0.2605
vn 0.9055 -0.0636 0.4197
vn 0.8947 -0.1635 0.4157
vn 0.8877 0.0805 0.4533
vn 0.8552 -0.1758 0.4875
vn 0.8297 -0.2030 0.5200
vn 0.8029 -0.2275 0.5509
vn 0.8713 0.1315 0.4727
vn 0.8561 0.1512 0.4941
vn 0.7656 0.5606 0.3155
vn 0.7578 0.5630 0.3299
vn 0.8399 0.1590 0.5189
vn 0.7539 0.5645 0.3360
vn 0.8207 0.1734 0.5445
vn 0.8104 0.1791 0.5578
vn 0.6798 -0.3258 0.6571
vn 0.7203 -0.2966 0.6271
vn 0.6693 -0.3826 0.6370
vn 0.7056 -0.3738 0.6019
vn 0.6880 -0.4330 0.5824
vn 0.7359 -0.4202 0.5309
vn 0.7570 -0.3572 0.5471
vn 0.7110 -0.4873 0.5070
vn 0.6800 -0.5628 0.4699
vn 0.6605 -0.6133 0.4331
vn 0.6445 -0.6669 0.3739
vn 0.6460 -0.6974 0.3102
vn 0.6202 -0.7368 0.2692
vn 0.6403 -0.7488 0.1709
vn 0.6089 -0.7728 0.1786
vn 0.6077 -0.7845 0.1237
vn 0.6254 -0.7750 0.0907
vn 0.6678 -0.7366 0.1076
vn 0.5553 -0.8291 0.0658
vn 0.3682 -0.9296 0.0148
vn 0.5212 -0.8517 0.0545
vn 0.3311 -0.9429 0.0362
vn 0.1067 -0.9942 0.0090
vn 0.3194 -0.9465 0.0460
vn 0.0965 -0.9950 0.0247
vn -0.1124 -0.9936 0.0139
vn 0.0835 -0.9939 0.0718
vn -0.1284 -0.9910 0.0366
vn -0.3491 -0.9371 0.0044
vn -0.3729 -0.9278 0.0097
vn -0.5724 -0.8192 -0.0353
vn -0.7419 -0.6693 -0.0396
vn -0.5697 -0.8210 -0.0369
vn -0.7275 -0.6839 -0.0554
vn -0.8782 -0.4778 -0.0237
vn -0.9518 -0.3065 0.0063
vn -0.8613 -0.5072 -0.0285
vn -0.9400 -0.3409 0.0140
vn -0.9749 -0.2154 0.0557
vn -0.9243 -0.3811 0.0216
vn -0.9630 -0.2596 0.0718
vn -0.9949 -0.0828 0.0576
vn -0.9472 -0.3048 0.0994
vn -0.9946 -0.0830 0.0617
vn -0.9369 0.3415 -0.0749
vn -0.9939 -0.0883 0.0665
vn -0.9433 0.3185 -0.0932
vn -0.7439 0.6263 -0.2331
vn -0.9486 0.2971 -0.1091
vn -0.7663 0.5941 -0.2447
vn -0.3736 0.8381 -0.3976
vn -0.7832 0.5501 -0.2898
vn -0.4124 0.7980 -0.4394
vn -0.0744 0.8688 -0.4895
vn -0.4480 0.7560 -0.4772
vn -0.1035 0.8499 -0.5167
vn 0.0167 0.8590 -0.5118
vn -0.1274 0.8383 -0.5300
vn 0.0151 0.8568 -0.5154
vn 0.0367 0.8588 -0.5111
vn 0.0107 0.8525 -0.5226
vn 0.0362 0.8563 -0.5152
vn -0.0269 0.8491 -0.5276
vn 0.0375 0.8549 -0.5175
vn -0.0278 0.8385 -0.5442
vn -0.4171 0.6412 -0.6441
vn -0.0009 0.8368 -0.5475
vn -0.3464 0.6032 -0.7185
vn -0.3613 0.6007 -0.7132
vn -0.2460 0.6077 -0.7551
vn -0.3329 0.4993 -0.7999
vn -0.5844 0.0132 -0.8114
vn -0.2645 0.4157 -0.8702
vn -0.4338 -0.0224 -0.9007
vn -0.4349 -0.0522 -0.8990
vn -0.2767 -0.0265 -0.9606
vn -0.2769 -0.0875 -0.9569
vn 0.0000 0.8595 -0.5111
vn -0.1278 -0.0905 -0.9877
vn 0.1606 0.5363 0.8286
vn -0.0000 0.8595 -0.5111
vn -0.0232 0.5265 0.8498
vn -0.1681 0.5030 0.8478
vn -0.2799 0.4739 0.8349
vn -0.9735 0.0269 0.2272
vn -0.9864 -0.0128 0.1639
vn 0.9683 0.0676 -0.2403
vn 0.9815 0.1780 -0.0710
vn 0.4957 0.5231 0.6933
vn 0.3284 0.5370 0.7771
vn 0.6516 0.4900 0.5790
vn -0.7214 0.0502 -0.6907
vn -0.5872 -0.0060 -0.8094
vn -0.8260 0.1247 -0.5497
vn -0.8198 0.1430 -0.5546
vn -0.7163 0.0725 -0.6940
vn -0.8913 0.2251 -0.3936
vn -0.3492 0.7532 -0.5575
vn -0.3418 0.6989 -0.6282
vn -0.3081 0.8152 -0.4905
vn -0.4480 0.7598 -0.4712
vn -0.4374 0.7053 -0.5579
vn -0.4243 0.8223 -0.3792
vn -0.0026 0.8652 -0.5014
vn -0.0208 0.8595 -0.5107
vn 0.0284 0.8673 -0.4970
vn 0.0334 0.8663 -0.4984
vn 0.0399 0.8582 -0.5117
vn 0.0265 0.8767 -0.4802
vn 0.0324 0.8810 -0.4720
vn 0.0264 0.8684 -0.4951
vn 0.0277 0.8974 -0.4404
vn -0.0001 0.9037 -0.4281
vn -0.0377 0.8844 -0.4652
vn 0.0293 0.8867 -0.4615
vn 0.0146 0.8922 -0.4514
vn 0.0313 0.8968 -0.4414
vn 0.0206 0.8797 -0.4750
vn -0.0441 0.9069 -0.4191
vn 0.0365 0.8685 -0.4943
vn -0.1529 0.9125 -0.3794
vn -0.2138 0.9264 -0.3099
vn -0.3058 0.8805 -0.3623
vn -0.2540 0.8958 -0.3647
vn -0.8175 0.5739 0.0491
vn -0.2586 0.8643 -0.4315
vn -0.8853 0.4619 -0.0540
vn -0.9432 0.3309 0.0309
vn -0.9214 0.3328 -0.2007
vn -0.9330 0.3021 -0.1958
vn -0.8927 0.2204 -0.3932
vn 0.9542 0.2802 0.1047
vn 0.8881 0.3671 0.2768
vn 0.7853 0.4371 0.4385
vn 0.9187 -0.0448 -0.3924
vn -0.0001 0.8595 -0.5111
vn -0.8103 0.5032 0.3002
vn -0.9005 0.3856 0.2012
vn -0.6875 0.6006 0.4082
vn -0.6348 0.7289 0.2563
vn -0.7462 0.6441 0.1683
vn -0.4985 0.8020 0.3292
vn -0.1693 0.9614 -0.2169
vn -0.2095 0.9402 -0.2686
vn -0.1527 0.9721 -0.1778
vn 0.0089 0.8943 -0.4473
vn 0.0010 0.8956 -0.4449
vn 0.0097 0.8956 -0.4448
vn 0.0087 0.9098 -0.4150
vn 0.0118 0.9011 -0.4335
vn -0.0032 0.8840 -0.4676
vn 0.0271 0.9022 -0.4305
vn 0.0251 0.9145 -0.4038
vn 0.0642 0.8931 -0.4453
vn 0.0185 0.9160 -0.4007
vn 0.0293 0.9062 -0.4218
vn 0.0371 0.9062 -0.4212
vn 0.0372 0.9044 -0.4250
vn 0.0706 0.8820 -0.4659
vn 0.0423 0.9032 -0.4272
vn 0.0664 0.9246 -0.3752
vn 0.0375 0.9118 -0.4089
vn 0.0326 0.9165 -0.3986
vn 0.0793 0.9312 -0.3558
vn 0.1374 0.9488 -0.2845
vn 0.1131 0.9402 -0.3214
vn 0.0196 0.9399 -0.3410
vn 0.0140 0.9313 -0.3640
vn 0.0036 0.9487 -0.3161
vn 0.0073 0.9308 -0.3654
vn -0.0077 0.9595 -0.2815
vn -0.0285 0.9655 -0.2588
vn -0.0183 0.9545 -0.2976
vn -0.1295 0.9709 -0.2017
vn -0.1153 0.9563 -0.2686
vn -0.3009 0.9410 -0.1549
vn -0.3016 0.9283 -0.2175
vn -0.6884 0.7149 -0.1226
vn -0.6965 0.7023 -0.1474
vn -0.2896 0.9195 -0.2659
vn -0.7197 0.6694 -0.1842
vn -0.2885 0.9054 -0.3114
vn -0.9165 0.3974 -0.0455
vn -0.9271 0.3708 -0.0546
vn -0.9079 0.4180 -0.0325
vn -0.9948 -0.0881 0.0507
vn -0.9947 -0.0860 0.0567
vn -0.9841 -0.1726 0.0412
vn -0.9890 -0.1415 0.0422
vn -0.9600 -0.2793 0.0192
vn -0.9610 -0.2751 0.0286
vn -0.8889 -0.4576 0.0230
vn -0.8878 -0.4603 -0.0004
vn -0.7634 -0.6459 0.0092
vn -0.7550 -0.6555 -0.0147
vn -0.5736 -0.8191 -0.0018
vn -0.5759 -0.8173 -0.0168
vn -0.5722 -0.8201 0.0077
vn -0.3349 -0.9422 -0.0036
vn -0.3398 -0.9405 0.0010
vn -0.3339 -0.9426 -0.0037
vn -0.0954 -0.9953 -0.0187
vn -0.1037 -0.9946 -0.0066
vn 0.1310 -0.9913 -0.0150
vn 0.1625 -0.9864 -0.0245
vn 0.4312 -0.9023 0.0040
vn 0.2019 -0.9792 -0.0199
vn 0.4885 -0.8725 0.0075
vn 0.7116 -0.6990 0.0710
vn 0.8580 -0.5042 0.0978
vn 0.9106 -0.3835 0.1540
vn 0.9490 -0.2687 0.1649
vn 0.9373 -0.2724 0.2176
vn 0.9334 -0.2938 0.2062
vn 0.9676 -0.1900 0.1663
vn 0.9749 -0.1202 0.1876
vn 0.9743 -0.0762 0.2118
vn 0.8079 0.5443 0.2258
vn 0.3581 0.9214 0.1511
vn -0.0416 0.9967 0.0696
vn -0.1727 0.9846 -0.0280
vn -0.0455 0.9990 0.0000
vn -0.1528 0.9845 -0.0856
vn -0.0299 0.9981 -0.0544
vn -0.1259 0.9823 -0.1387
vn -0.0033 0.9950 -0.0995
vn 0.3509 0.9356 0.0395
vn 0.0285 0.9895 -0.1419
vn 0.3675 0.9295 0.0298
vn 0.7765 0.5584 0.2919
vn 0.3996 0.9165 0.0158
vn 0.7743 0.5560 0.3021
vn 0.0559 0.9837 -0.1706
vn 0.0794 0.9781 -0.1925
vn 0.4299 0.9024 0.0285
vn 0.1049 0.9701 -0.2189
vn 0.4587 0.8880 0.0337
vn 0.1297 0.9613 -0.2429
vn 0.4879 0.8723 0.0333
vn 0.1549 0.9532 -0.2595
vn 0.5201 0.8532 0.0381
vn 0.5429 0.8386 0.0447
vn 0.7491 0.5746 0.3295
vn 0.7523 0.5708 0.3290
vn 0.7645 0.5624 0.3152
vn 0.8146 0.1652 0.5560
vn 0.8059 0.1797 0.5641
vn 0.6388 -0.3691 0.6750
vn 0.6505 -0.3460 0.6761
vn 0.6343 -0.4036 0.6594
vn 0.6426 -0.3918 0.6585
vn 0.6090 -0.4419 0.6587
vn 0.6214 -0.4438 0.6457
vn 0.5888 -0.4913 0.6418
vn 0.6199 -0.4996 0.6050
vn 0.6484 -0.4404 0.6210
vn 0.5856 -0.5559 0.5900
vn 0.6357 -0.5634 0.5277
vn 0.6628 -0.5028 0.5549
vn 0.5419 -0.6188 0.5688
vn 0.6040 -0.6324 0.4850
vn 0.5782 -0.6903 0.4349
vn 0.4937 -0.7010 0.5147
vn 0.5506 -0.7545 0.3571
vn 0.4457 -0.7845 0.4312
vn 0.5461 -0.5295 0.6491
vn 0.5705 -0.4666 0.6759
vn 0.5170 -0.4759 0.7115
vn 0.5635 -0.4236 0.7092
vn 0.5078 -0.4053 0.7601
vn 0.5428 -0.3603 0.7586
vn 0.5121 -0.3277 0.7939
vn 0.4498 -0.3630 0.8160
vn 0.4852 -0.2911 0.8245
vn 0.3984 -0.3190 0.8600
vn 0.4584 -0.2914 0.8396
vn 0.3639 -0.2786 0.8888
vn 0.2722 -0.3081 0.9116
vn 0.3318 -0.2804 0.9007
vn 0.2164 -0.3004 0.9289
vn 0.1205 -0.3386 0.9332
vn 0.1963 -0.3381 0.9204
vn 0.0606 -0.3525 0.9339
vn -0.0550 -0.3906 0.9189
vn 0.0398 -0.3901 0.9199
vn -0.1097 -0.3933 0.9128
vn -0.2881 -0.4149 0.8631
vn -0.1040 -0.9649 -0.2411
vn -0.2342 -0.9411 -0.2439
vn -0.3589 -0.9004 -0.2460
vn -0.6056 -0.5157 0.6061
vn -0.4453 -0.4657 0.7647
vn -0.4244 -0.8727 -0.2416
vn -0.4806 -0.8465 -0.2291
vn -0.7484 -0.6124 0.2547
vn -0.7147 -0.5561 0.4241
vn -0.5183 -0.8275 -0.2158
vn -0.5367 -0.8185 -0.2052
vn -0.7433 -0.6688 0.0150
vn -0.7561 -0.6467 0.1010
vn -0.5423 -0.8181 -0.1915
vn -0.5369 -0.8255 -0.1740
vn -0.6579 -0.7517 -0.0463
vn -0.7074 -0.7065 -0.0218
vn -0.5222 -0.8390 -0.1529
vn -0.4957 -0.8592 -0.1262
vn -0.5407 -0.8409 -0.0228
vn -0.6062 -0.7938 -0.0492
vn -0.4572 -0.8841 -0.0964
vn -0.4054 -0.9123 -0.0586
vn -0.4312 -0.9017 0.0309
vn -0.4786 -0.8780 0.0029
vn -0.3571 -0.9339 -0.0158
vn -0.3293 -0.9439 0.0235
vn -0.3957 -0.9180 0.0270
vn -0.3138 -0.9485 0.0442
vn -0.3769 -0.9257 0.0323
vn -0.4314 -0.9021 0.0110
vn -0.3584 -0.9329 0.0352
vn -0.4049 -0.9143 -0.0068
vn -0.4553 -0.8864 -0.0832
vn -0.3659 -0.9291 -0.0532
vn -0.3954 -0.9063 -0.1496
vn -0.4219 -0.8704 -0.2539
vn -0.3531 -0.9122 -0.2079
vn -0.3525 -0.8757 -0.3299
vn -0.3837 -0.5413 -0.7482
vn -0.2765 -0.8677 -0.4130
vn -0.2843 -0.5627 -0.7762
vn -0.2479 -0.1781 -0.9523
vn -0.1840 -0.5770 -0.7957
vn -0.1520 -0.1813 -0.9716
vn -0.0895 0.2202 -0.9713
vn -0.0378 -0.1759 -0.9837
vn 0.0044 0.2445 -0.9696
vn 0.0384 0.6262 -0.7787
vn 0.0825 0.2569 -0.9629
vn 0.0681 0.6457 -0.7605
vn 0.0544 0.8258 -0.5614
vn 0.1056 0.6616 -0.7424
vn 0.0535 0.8317 -0.5526
vn 0.0522 0.8498 -0.5245
vn 0.0626 0.8367 -0.5441
vn 0.0537 0.8510 -0.5224
vn 0.0520 0.8538 -0.5180
vn 0.0547 0.8515 -0.5215
vn 0.0519 0.8542 -0.5174
vn 0.0513 0.8576 -0.5117
vn 0.0517 0.8541 -0.5175
vn 0.0472 0.8568 -0.5135
vn 0.0663 0.8529 -0.5178
vn 0.0463 0.8557 -0.5155
vn 0.0573 0.8503 -0.5232
vn 0.0547 0.8654 -0.4981
vn 0.0572 0.8511 -0.5218
vn 0.0314 0.8639 -0.5027
vn 0.6287 0.5294 -0.5696
vn 0.0209 0.8610 -0.5082
vn 0.6558 0.5838 -0.4786
vn 0.8797 0.3093 -0.3611
vn 0.6700 0.5985 -0.4391
vn 0.8873 0.3177 -0.3344
vn 0.8957 0.4055 -0.1826
vn -0.9952 -0.0899 0.0398
vn -0.9820 -0.1416 -0.1252
vn -0.9727 -0.2309 0.0248
vn -0.9896 -0.1374 -0.0419
vn -0.9686 -0.2053 -0.1406
vn -0.9436 -0.2479 -0.2194
vn -0.8978 -0.3049 -0.3178
vn -0.8429 -0.3545 -0.4049
vn -0.7953 -0.3854 -0.4680
vn -0.6947 -0.4415 -0.5679
vn -0.6539 -0.4526 -0.6063
vn -0.5085 -0.5027 -0.6991
vn -0.4841 -0.4990 -0.7188
vn -0.2974 -0.5364 -0.7898
vn -0.2857 -0.5237 -0.8026
vn -0.0729 -0.5381 -0.8397
vn -0.0524 -0.5229 -0.8508
vn 0.1556 -0.5059 -0.8484
vn 0.1894 -0.4950 -0.8480
vn 0.3775 -0.4418 -0.8138
vn 0.4900 -0.3898 -0.7797
vn 0.5875 -0.3246 -0.7413
vn 0.7375 -0.2420 -0.6306
vn 0.8422 -0.1510 -0.5176
vn -0.4149 0.7472 0.5192
vn -0.5464 0.6836 0.4839
vn -0.3535 0.7727 0.5273
vn -0.3270 0.8682 0.3732
vn -0.3910 0.8433 0.3689
vn -0.1331 0.8961 0.4234
vn -0.0569 0.9980 -0.0286
vn -0.1423 0.9865 -0.0810
vn -0.0396 0.9990 -0.0202
vn 0.0287 0.8942 -0.4468
vn 0.0394 0.8977 -0.4389
vn 0.0453 0.9988 -0.0201
vn 0.0591 0.8901 -0.4519
vn 0.0443 0.8886 -0.4566
vn 0.0393 0.9103 -0.4120
vn 0.0466 0.9143 -0.4023
vn 0.0565 0.9025 -0.4269
vn 0.0383 0.9014 -0.4312
vn 0.0379 0.9045 -0.4249
vn 0.0327 0.9051 -0.4239
vn 0.0367 0.9056 -0.4226
vn 0.0352 0.9116 -0.4096
vn 0.0415 0.9078 -0.4173
vn -0.0132 0.9159 -0.4013
vn 0.0511 0.8957 -0.4417
vn 0.0681 0.8821 -0.4661
vn 0.1156 0.9122 -0.3931
vn 0.0595 0.8880 -0.4560
vn 0.0918 0.9103 -0.4036
vn 0.0541 0.8845 -0.4635
vn 0.0613 0.8754 -0.4796
vn 0.0431 0.8724 -0.4869
vn 0.0406 0.8800 -0.4733
vn 0.0335 0.8713 -0.4896
vn 0.0283 0.8780 -0.4778
vn 0.0264 0.8697 -0.4928
vn 0.0183 0.8766 -0.4809
vn 0.0009 0.8691 -0.4946
vn -0.0082 0.8780 -0.4786
vn 0.0149 0.8837 -0.4678
vn -0.0208 0.8893 -0.4569
vn 0.0042 0.8955 -0.4450
vn -0.0292 0.8970 -0.4410
vn -0.0015 0.9023 -0.4311
vn -0.0096 0.9116 -0.4109
vn -0.0007 0.9147 -0.4041
vn 0.0045 0.9047 -0.4260
vn -0.0160 0.9174 -0.3977
vn -0.0045 0.9211 -0.3893
vn -0.0201 0.9219 -0.3870
vn -0.0094 0.9235 -0.3834
vn -0.0156 0.9306 -0.3656
vn 0.0477 0.9211 -0.3865
vn 0.0505 0.9315 -0.3601
vn 0.0654 0.9379 -0.3406
vn 0.0833 0.9374 -0.3383
vn 0.0614 0.9402 -0.3352
vn 0.0544 0.9452 -0.3219
vn -0.0190 0.9382 -0.3456
vn -0.0141 0.9403 -0.3402
vn 0.0464 0.9515 -0.3043
vn -0.0088 0.9432 -0.3322
vn 0.0379 0.9562 -0.2901
vn 0.0385 0.9454 -0.3237
vn 0.0350 0.9410 -0.3365
vn 0.0085 0.9561 -0.2930
vn -0.0178 0.9341 -0.3566
vn 0.0105 0.9556 -0.2945
vn 0.0415 0.9358 -0.3501
vn -0.0114 0.9714 -0.2371
vn -0.0010 0.9659 -0.2590
vn 0.0065 0.9616 -0.2745
vn -0.0028 0.9767 -0.2144
vn -0.0233 0.9617 -0.2731
vn -0.0026 0.9675 -0.2528
vn 0.0053 0.9585 -0.2852
vn -0.0417 0.9647 -0.2602
vn -0.0225 0.9726 -0.2313
vn -0.0355 0.9523 -0.3032
vn -0.0196 0.9522 -0.3047
vn -0.0228 0.9459 -0.3236
vn -0.0129 0.9478 -0.3186
vn -0.0166 0.9439 -0.3298
vn -0.0307 0.9459 -0.3230
vn -0.0252 0.9426 -0.3331
vn -0.0265 0.9426 -0.3327
vn -0.0256 0.9416 -0.3357
vn -0.0438 0.9542 -0.2960
vn -0.0260 0.9550 -0.2953
vn -0.0083 0.9318 -0.3629
vn -0.0107 0.9301 -0.3671
vn -0.0489 0.9221 -0.3839
vn -0.0450 0.9145 -0.4020
vn 0.0550 0.9020 -0.4282
vn 0.0358 0.9080 -0.4174
vn 0.0311 0.8945 -0.4460
vn 0.0327 0.9108 -0.4114
vn 0.0301 0.8928 -0.4495
vn 0.0148 0.9095 -0.4155
vn 0.0346 0.8950 -0.4448
vn 0.0207 0.9133 -0.4068
vn 0.2156 0.9248 -0.3135
vn 0.1886 0.9407 -0.2819
vn 0.2427 0.9038 -0.3524
vn 0.6032 0.7976 -0.0019
vn 0.5690 0.8217 0.0324
vn 0.6479 0.7609 -0.0368
vn 0.8444 0.4885 0.2200
vn 0.7962 0.5353 0.2820
vn 0.8789 0.0942 0.4677
vn 0.8412 0.1329 0.5241
vn 0.6535 -0.4065 0.6385
vn 0.6391 -0.3925 0.6614
vn 0.6440 -0.4053 0.6488
vn 0.6336 -0.4069 0.6580
vn 0.6195 -0.4043 0.6729
vn 0.6039 -0.4245 0.6746
vn 0.6521 -0.4007 0.6436
vn 0.6397 -0.3874 0.6639
vn 0.5846 -0.3864 0.7134
vn 0.7049 -0.4362 0.5594
vn 0.7366 -0.4074 0.5399
vn 0.6241 -0.3553 0.6959
vn 0.7315 -0.3893 0.5598
vn 0.5927 -0.3330 0.7333
vn 0.7010 -0.4058 0.5865
vn 0.5886 -0.3170 0.7437
vn 0.6800 -0.4206 0.6006
vn 0.5726 -0.3584 0.7373
vn 0.7967 -0.5008 0.3384
vn 0.7624 -0.4837 0.4299
vn 0.4896 -0.8413 -0.2291
vn 0.4700 -0.8511 -0.2340
vn 0.7299 -0.4455 0.5184
vn 0.6213 -0.4317 0.6540
vn 0.4253 -0.8745 -0.2331
vn 0.3616 -0.9027 -0.2332
vn 0.3706 -0.4110 0.8329
vn 0.5066 -0.4184 0.7539
vn 0.2837 -0.9289 -0.2380
vn 0.1788 -0.9543 -0.2395
vn 0.0357 -0.9703 -0.2391
vn 0.3230 -0.3556 0.8771
vn 0.4637 -0.3909 0.7951
vn 0.2207 -0.3984 0.8902
vn 0.5026 -0.8342 -0.2267
vn 0.5061 -0.8332 -0.2229
vn 0.4967 -0.8412 -0.2137
vn 0.4775 -0.8553 -0.2011
vn 0.4407 -0.8804 -0.1750
vn 0.3966 -0.9071 -0.1407
vn 0.3500 -0.9313 -0.1007
vn 0.3096 -0.9495 -0.0501
vn 0.2806 -0.9598 0.0005
vn 0.2628 -0.9635 0.0510
vn 0.2541 -0.9633 0.0870
vn 0.2568 -0.9608 0.1042
vn 0.2631 -0.9600 0.0957
vn 0.2520 -0.9665 0.0480
vn 0.2071 -0.9780 -0.0260
vn 0.1177 -0.9888 -0.0922
vn 0.0051 -0.9918 -0.1281
vn -0.1558 -0.9837 -0.0901
vn -0.2308 -0.9725 -0.0324
vn -0.2701 -0.9627 0.0151
vn -0.2948 -0.9541 0.0537
vn -0.3034 -0.9504 0.0688
vn -0.3066 -0.9499 0.0614
vn -0.3376 -0.9411 0.0180
vn -0.3191 -0.9477 -0.0089
vn -0.3410 -0.9347 -0.1006
vn -0.2782 -0.9589 -0.0550
vn -0.2867 -0.9434 -0.1667
vn -0.2834 -0.9186 -0.2755
vn -0.2197 -0.9489 -0.2267
vn -0.2079 -0.9179 -0.3381
vn -0.1919 -0.8594 -0.4740
vn -0.1031 -0.9120 -0.3969
vn -0.0861 -0.8576 -0.5071
vn -0.0718 -0.5783 -0.8127
vn 0.0331 -0.8525 -0.5216
vn 0.0693 -0.5685 -0.8198
vn 0.0858 -0.1691 -0.9819
vn 0.1747 -0.5582 -0.8111
vn 0.1873 -0.1619 -0.9689
vn 0.1664 0.2705 -0.9482
vn 0.2866 -0.1472 -0.9467
vn 0.2299 0.2915 -0.9286
vn 0.1294 0.6794 -0.7223
vn 0.3173 0.3181 -0.8934
vn 0.1645 0.7010 -0.6939
vn 0.0664 0.8388 -0.5404
vn 0.1773 0.7144 -0.6769
vn 0.0654 0.8410 -0.5371
vn 0.0552 0.8519 -0.5208
vn 0.0645 0.8439 -0.5326
vn 0.0549 0.8521 -0.5205
vn 0.0518 0.8540 -0.5176
vn 0.0542 0.8525 -0.5199
vn 0.0520 0.8541 -0.5175
vn 0.0471 0.8548 -0.5168
vn 0.0520 0.8541 -0.5176
vn 0.0480 0.8541 -0.5179
vn 0.0567 0.8521 -0.5203
vn 0.0489 0.8540 -0.5180
vn 0.0567 0.8525 -0.5197
vn 0.0520 0.8540 -0.5176
vn 0.0509 0.8491 -0.5257
vn 0.0429 0.8473 -0.5294
vn 0.0541 0.8534 -0.5185
vn 0.0642 0.8462 -0.5291
vn 0.0644 0.8486 -0.5251
vn 0.1924 0.7546 -0.6273
vn 0.2055 0.7720 -0.6015
vn 0.5564 0.4168 -0.7188
vn 0.6016 0.4449 -0.6634
vn 0.2131 0.7836 -0.5835
vn 0.6460 0.4684 -0.6027
vn 0.2271 0.7877 -0.5726
vn 0.6903 0.4926 -0.5300
vn 0.2614 0.7896 -0.5552
vn 0.0742 0.8506 -0.5205
vn 0.2983 0.7911 -0.5341
vn 0.0830 0.8522 -0.5167
vn 0.0595 0.8557 -0.5141
vn 0.0932 0.8554 -0.5095
vn 0.0624 0.8568 -0.5118
vn 0.0579 0.8569 -0.5123
vn 0.0631 0.8575 -0.5106
vn 0.0587 0.8581 -0.5101
vn 0.0589 0.8588 -0.5089
vn 0.0590 0.8589 -0.5088
vn 0.0583 0.8600 -0.5069
vn 0.0574 0.8613 -0.5048
vn 0.0579 0.8568 -0.5124
vn 0.0587 0.8579 -0.5105
vn 0.0575 0.8560 -0.5138
vn 0.0562 0.8556 -0.5147
vn 0.0569 0.8560 -0.5139
vn 0.0557 0.8550 -0.5156
vn 0.0556 0.8549 -0.5159
vn 0.0537 0.8552 -0.5156
vn 0.0537 0.8555 -0.5150
vn 0.0510 0.8564 -0.5137
vn 0.0437 0.8614 -0.5060
vn 0.0464 0.8544 -0.5176
vn 0.0422 0.8581 -0.5118
vn 0.0441 0.8595 -0.5092
vn 0.0455 0.8611 -0.5063
vn 0.0459 0.8616 -0.5055
vn 0.0468 0.8620 -0.5047
vn 0.0483 0.8627 -0.5033
vn 0.0494 0.8636 -0.5018
vn 0.0509 0.8647 -0.4998
vn 0.0577 0.8651 -0.4983
vn 0.0510 0.8621 -0.5042
vn 0.0513 0.8655 -0.4983
vn 0.0515 0.8657 -0.4978
vn 0.0533 0.8654 -0.4982
vn 0.0526 0.8661 -0.4971
vn 0.0512 0.8681 -0.4938
vn 0.0544 0.8640 -0.5006
vn 0.0568 0.8616 -0.5044
vn 0.0582 0.8600 -0.5070
vn 0.0611 0.8603 -0.5061
vn 0.0585 0.8621 -0.5034
vn 0.0915 0.8639 -0.4952
vn 0.0828 0.8672 -0.4910
vn 0.3154 0.8565 -0.4086
vn 0.2831 0.8761 -0.3902
vn 0.7270 0.6699 -0.1504
vn 0.6929 0.7163 -0.0824
vn 0.9184 0.3864 0.0855
vn 0.8801 0.4437 0.1688
vn 0.9359 -0.0416 0.3497
vn 0.9086 0.0325 0.4163
vn 0.7281 -0.4338 0.5308
vn 0.6863 -0.4171 0.5959
vn 0.7182 -0.4286 0.5482
vn 0.6720 -0.4056 0.6196
vn 0.7559 -0.4774 0.4480
vn 0.7513 -0.4972 0.4340
vn 0.7043 -0.4354 0.5607
vn 0.7694 -0.5373 0.3455
vn 0.7757 -0.5682 0.2746
vn 0.7629 -0.5869 0.2712
vn 0.7459 -0.6362 0.1972
vn 0.6974 -0.7076 0.1135
vn 0.6413 -0.7672 -0.0100
vn 0.7048 -0.7084 0.0378
vn 0.6400 -0.7611 0.1051
vn 0.5714 -0.8206 0.0094
vn 0.5749 -0.8159 0.0615
vn 0.4961 -0.8682 -0.0022
vn 0.5025 -0.8639 0.0333
vn 0.4253 -0.9050 0.0105
vn 0.4500 -0.8930 -0.0002
vn 0.3657 -0.9303 0.0296
vn 0.4090 -0.9122 -0.0244
vn 0.3336 -0.9420 0.0360
vn 0.3750 -0.9256 -0.0516
vn 0.3211 -0.9466 0.0274
vn 0.3462 -0.9331 -0.0974
vn 0.3121 -0.9501 -0.0019
vn 0.3021 -0.9385 -0.1675
vn 0.2790 -0.9587 -0.0547
vn 0.2206 -0.9467 -0.2347
vn 0.2116 -0.9692 -0.1259
vn 0.1181 -0.9516 -0.2837
vn 0.1189 -0.9755 -0.1852
vn 0.0002 -0.9523 -0.3053
vn -0.0019 -0.9774 -0.2112
vn -0.1256 -0.9522 -0.2784
vn -0.1448 -0.9723 -0.1835
vn 0.0140 -0.9039 -0.4276
vn 0.1266 -0.8984 -0.4206
vn 0.1372 -0.8439 -0.5186
vn 0.2321 -0.8995 -0.3701
vn 0.2372 -0.8415 -0.4855
vn 0.2839 -0.5529 -0.7834
vn 0.3294 -0.8468 -0.4177
vn 0.3869 -0.5463 -0.7428
vn 0.3906 -0.1174 -0.9130
vn 0.5105 -0.5171 -0.6870
vn 0.4941 -0.0847 -0.8653
vn 0.3762 0.3444 -0.8602
vn 0.5899 -0.0599 -0.8053
vn 0.4383 0.3656 -0.8211
vn 0.6719 -0.0313 -0.7400
vn 0.5002 0.3866 -0.7749
vn 0.7000 -0.4666 -0.5406
vn 0.7774 -0.4360 -0.4533
vn 0.7476 0.0036 -0.6642
vn 0.8449 -0.3835 -0.3729
vn 0.8118 0.0428 -0.5823
vn 0.9038 -0.3178 -0.2867
vn 0.8658 0.0864 -0.4929
vn 0.9489 -0.2549 -0.1861
vn 0.9086 0.1351 -0.3952
vn 0.9761 -0.2020 -0.0808
vn 0.9368 0.1814 -0.2991
vn 0.7237 0.5162 -0.4580
vn 0.9532 0.2268 -0.2001
vn 0.7456 0.5470 -0.3807
vn 0.3240 0.8041 -0.4984
vn 0.7519 0.5870 -0.3003
vn 0.3384 0.8156 -0.4693
vn 0.0976 0.8547 -0.5099
vn 0.3380 0.8344 -0.4355
vn 0.0952 0.8603 -0.5008
vn 0.7468 0.6287 -0.2170
vn 0.9564 0.2747 -0.0987
vn 0.9426 0.3339 0.0029
vn 0.9820 -0.1227 0.1439
vn 0.9628 -0.0876 0.2555
vn 0.7804 -0.5128 0.3578
vn 0.7638 -0.4672 0.4453
vn 0.9869 -0.1588 0.0298
vn 0.7792 -0.5630 0.2754
vn 0.7663 -0.6112 0.1980
vn 0.7440 -0.6582 0.1148
vn 0.6970 -0.7045 0.1333
vn 0.7385 -0.6469 0.1902
vn 0.7084 -0.7053 0.0274
vn 0.6524 -0.7550 0.0658
vn 0.6646 -0.7453 -0.0527
vn 0.6003 -0.7998 -0.0057
vn 0.6119 -0.7809 -0.1257
vn 0.5406 -0.8390 -0.0612
vn 0.5526 -0.8111 -0.1919
vn 0.4877 -0.8668 -0.1040
vn 0.4909 -0.8315 -0.2602
vn 0.4362 -0.8874 -0.1491
vn 0.4125 -0.8466 -0.3362
vn 0.3803 -0.8996 -0.2148
vn 0.6143 -0.4868 -0.6210
vn 0.3194 -0.9016 -0.2917
vn 0.0621 0.8590 -0.5081
vn 0.0560 0.8630 -0.5021
vn 0.0547 0.8645 -0.4997
vn 0.0547 0.8582 -0.5103
vn 0.0548 0.8582 -0.5104
vn 0.0685 0.8612 -0.5036
vn 0.0820 0.8566 -0.5094
vn 0.0820 0.8391 -0.5378
vn 0.0823 0.8666 -0.4921
vn 0.0812 0.8620 -0.5003
vn 0.6972 0.7169 0.0058
vn 0.1021 0.8521 -0.5133
vn 0.6844 0.7264 0.0626
vn 0.7704 0.6094 0.1873
vn 0.6472 0.7511 0.1303
vn 0.7228 0.6458 0.2460
vn 0.6342 0.6977 0.3331
vn 0.6031 0.7121 0.3593
vn 0.4639 0.7663 0.4446
vn 0.4542 0.7681 0.4514
vn 0.2781 0.8128 0.5119
vn 0.2813 0.8165 0.5041
vn 0.0789 0.8390 0.5383
vn 0.0684 0.8351 0.5458
vn -0.1314 0.8237 0.5516
vn -0.1524 0.8210 0.5503
vn 0.0617 0.9007 0.4300
vn -0.1183 0.8971 0.4257
vn 0.0756 0.9008 0.4276
vn 0.2844 0.8721 0.3983
vn 0.1960 0.9762 -0.0932
vn 0.0822 0.9959 -0.0366
vn 0.2705 0.8715 0.4090
vn -0.0109 0.9640 -0.2656
vn 0.4214 0.8368 0.3496
vn 0.1206 0.8877 -0.4443
vn 0.4302 0.8360 0.3407
vn 0.0831 0.8971 -0.4340
vn 0.5509 0.7937 0.2580
vn 0.1185 0.8776 -0.4645
vn 0.0961 0.8828 -0.4598
vn 0.0957 0.8905 -0.4448
vn 0.1126 0.8919 -0.4379
vn 0.0956 0.8818 -0.4618
vn 0.0534 0.8676 -0.4944
vn 0.0543 0.8712 -0.4878
vn 0.0453 0.8643 -0.5010
vn 0.0429 0.8677 -0.4953
vn 0.0425 0.8640 -0.5017
vn 0.0379 0.8668 -0.4971
vn 0.0397 0.8626 -0.5043
vn 0.0334 0.8653 -0.5002
vn 0.0391 0.8594 -0.5099
vn 0.0280 0.8594 -0.5105
vn 0.0155 0.8622 -0.5064
vn 0.1033 0.8653 -0.4906
vn 0.5733 0.7889 0.2211
vn -0.0000 0.8595 -0.5112
vn 0.8094 0.5736 0.1264
vn 0.8589 0.5118 0.0210
vn 0.8658 0.5002 -0.0129
vn 0.7119 0.6883 -0.1396
vn 0.7281 0.6770 -0.1073
vn 0.7100 0.6475 -0.2768
vn 0.0432 0.8408 -0.5396
vn 0.0557 0.8531 -0.5188
vn 0.6875 0.6475 -0.3286
vn 0.0259 0.8489 -0.5279
vn 0.8966 0.4113 -0.1642
vn 0.0952 0.8659 -0.4911
vn 0.0563 0.8550 -0.5155
vn 0.0567 0.8552 -0.5152
vn 0.0547 0.8557 -0.5146
vn 0.0576 0.8551 -0.5153
vn 0.1832 0.7334 -0.6547
vn -0.2267 -0.9669 -0.1168
vn 0.8317 -0.4896 0.2619
vn 0.2553 0.8951 -0.3656
vn 0.0362 0.8866 -0.4612
vn 0.0579 0.8821 -0.4675
vn -0.0380 0.9065 -0.4205
vn -0.0520 0.9316 -0.3598
vn 0.0008 0.9208 -0.3900
vn -0.0367 0.9437 -0.3288
vn -0.0336 0.9453 -0.3246
vn -0.0242 0.9388 -0.3437
vn -0.0565 0.9562 -0.2874
vn -0.0434 0.9551 -0.2930
vn -0.0629 0.9572 -0.2824
vn -0.0367 0.9437 -0.3287
vn -0.0635 0.9705 -0.2324
vn -0.0868 0.9657 -0.2447
vn -0.0439 0.9628 -0.2665
vn -0.0923 0.9774 -0.1903
vn -0.1172 0.9742 -0.1931
vn -0.1417 0.9803 -0.1372
vn -0.1110 0.9865 -0.1200
vn -0.0898 0.9804 -0.1753
vn -0.0744 0.9922 -0.0999
vn -0.0571 0.9869 -0.1506
vn -0.0587 0.9899 -0.1289
vn -0.0372 0.9876 -0.1522
vn -0.0404 0.9811 -0.1892
vn -0.1635 0.9811 -0.1039
vn -0.1367 0.9825 -0.1267
vn -0.3746 0.9258 -0.0501
vn -0.3407 0.9360 -0.0887
vn -0.6716 0.7403 -0.0313
vn -0.6586 0.7505 -0.0542
vn -0.3192 0.9394 -0.1249
vn -0.9004 0.4350 -0.0062
vn -0.8971 0.4416 0.0171
vn -0.9939 -0.0999 0.0467
vn -0.9950 -0.0883 0.0466
vn -0.9934 -0.1036 0.0487
vn -0.9869 -0.1542 0.0466
vn -0.9895 -0.1398 0.0368
vn -0.9831 -0.1725 0.0606
vn -0.9520 -0.2997 0.0628
vn -0.9573 -0.2854 0.0458
vn -0.8829 -0.4660 0.0581
vn -0.8872 -0.4598 0.0381
vn -0.7617 -0.6463 0.0462
vn -0.7653 -0.6433 0.0238
vn -0.5730 -0.8192 0.0237
vn -0.5730 -0.8189 0.0336
vn -0.3339 -0.9426 -0.0011
vn -0.3291 -0.9442 0.0150
vn -0.0723 -0.9973 -0.0136
vn -0.0840 -0.9961 -0.0252
vn -0.0515 -0.9987 0.0051
vn 0.2509 -0.9680 -0.0032
vn 0.5525 -0.8332 0.0230
vn 0.7715 -0.6325 0.0691
vn 0.8892 -0.4461 0.1010
vn 0.9259 -0.3589 0.1179
vn 0.9553 -0.2751 0.1088
vn 0.9750 -0.1764 0.1349
vn 0.9822 -0.1007 0.1587
vn 0.9824 -0.0583 0.1772
vn 0.8208 0.5131 0.2510
vn 0.4033 0.8860 0.2286
vn -0.0042 0.9874 0.1583
vn -0.1633 0.9803 0.1111
vn -0.1887 0.9816 0.0277
vn -0.1795 0.9831 0.0354
vn -0.1508 0.9881 0.0314
vn -0.1402 0.9899 -0.0195
vn -0.1791 0.9834 -0.0281
vn -0.1268 0.9893 -0.0717
vn -0.1631 0.9830 -0.0844
vn -0.0938 0.9940 -0.0570
vn -0.1142 0.9926 -0.0408
vn -0.2014 0.9781 -0.0533
vn -0.0832 0.9932 -0.0814
vn -0.4260 0.9046 -0.0138
vn -0.7104 0.7031 0.0308
vn -0.9079 0.4146 0.0623
vn -0.9011 0.4325 0.0297
vn -0.6856 0.7279 0.0025
vn -0.9926 -0.1066 0.0578
vn -0.9906 -0.1140 0.0751
vn -0.9782 -0.1927 0.0773
vn -0.9443 -0.3197 0.0785
vn -0.8753 -0.4780 0.0729
vn -0.8641 -0.4959 0.0865
vn -0.7421 -0.6663 0.0727
vn -0.7532 -0.6551 0.0586
vn -0.5673 -0.8221 0.0478
vn -0.7268 -0.6828 0.0743
vn -0.5498 -0.8336 0.0536
vn -0.3127 -0.9494 0.0278
vn -0.2823 -0.9584 0.0410
vn -0.0140 -0.9996 0.0251
vn 0.3139 -0.9492 0.0206
vn 0.6205 -0.7836 0.0316
vn 0.8103 -0.5835 0.0552
vn 0.9103 -0.4059 0.0814
vn 0.9230 -0.3750 0.0861
vn 0.9620 -0.2513 0.1063
vn 0.9787 -0.1617 0.1265
vn 0.9852 -0.0873 0.1474
vn 0.9856 -0.0480 0.1619
vn 0.8346 0.4771 0.2754
vn 0.4676 0.8335 0.2944
vn 0.0582 0.9678 0.2448
vn -0.1181 0.9744 0.1913
vn -0.1829 0.9700 0.1602
vn -0.1613 0.9825 0.0926
vn -0.1904 0.9774 0.0923
vn -0.1513 0.9831 0.1028
vn -0.1866 0.9808 0.0561
vn -0.1287 0.9909 0.0399
vn -0.1461 0.9893 0.0063
vn -0.1111 0.9938 -0.0092
vn -0.3119 0.9495 0.0351
vn -0.5447 0.8353 0.0744
vn -0.4847 0.8741 0.0302
vn -0.2572 0.9662 -0.0156
vn -0.7805 0.6151 0.1117
vn -0.7453 0.6629 0.0718
vn -0.9286 0.3471 0.1314
vn -0.9185 0.3846 0.0918
vn -0.9876 -0.1256 0.0941
vn -0.9730 -0.2110 0.0934
vn -0.9354 -0.3417 0.0904
vn -0.9254 -0.3644 0.1043
vn -0.8492 -0.5201 0.0909
vn -0.8311 -0.5454 0.1085
vn -0.7029 -0.7056 0.0893
vn -0.5242 -0.8489 0.0668
vn -0.4957 -0.8641 0.0867
vn -0.2463 -0.9672 0.0621
vn 0.0404 -0.9979 0.0498
vn 0.3787 -0.9243 0.0470
vn 0.6687 -0.7418 0.0519
vn 0.8389 -0.5402 0.0665
vn 0.8576 -0.5070 0.0866
vn 0.9298 -0.3543 0.0999
vn 0.9642 -0.2392 0.1146
vn 0.9795 -0.1531 0.1311
vn 0.9851 -0.0793 0.1528
vn 0.9849 -0.0455 0.1672
vn 0.8420 0.4351 0.3190
vn 0.5278 0.7646 0.3698
vn 0.1349 0.9336 0.3318
vn -0.0471 0.9615 0.2707
vn -0.1615 0.9606 0.2263
vn -0.1849 0.9581 0.2189
vn -0.1817 0.9687 0.1694
vn -0.1704 0.9729 0.1562
vn -0.2978 0.9339 0.1978
vn -0.4463 0.8823 0.1495
vn -0.2386 0.9633 0.1228
vn -0.6725 0.7184 0.1778
vn -0.6057 0.7863 0.1221
vn -0.3778 0.9221 0.0842
vn -0.8237 0.5463 0.1519
vn -0.9410 0.2941 0.1674
vn -0.9827 -0.1381 0.1233
vn -0.9663 -0.2303 0.1152
vn -0.9753 -0.1492 0.1626
vn -0.9574 -0.2488 0.1466
vn -0.9133 -0.3866 0.1278
vn -0.8993 -0.4074 0.1593
vn -0.8103 -0.5705 0.1344
vn -0.6774 -0.7273 0.1105
vn -0.6508 -0.7462 0.1404
vn -0.4623 -0.8791 0.1157
vn -0.2051 -0.9744 0.0921
vn 0.1022 -0.9918 0.0770
vn 0.4428 -0.8938 0.0713
vn 0.7082 -0.7018 0.0764
vn 0.7414 -0.6635 0.1005
vn 0.8677 -0.4848 0.1101
vn 0.8725 -0.4661 0.1466
vn 0.9305 -0.3310 0.1570
vn 0.9324 -0.3410 0.1200
vn 0.9570 -0.2340 0.1712
vn 0.9626 -0.2353 0.1342
vn 0.9700 -0.1514 0.1902
vn 0.9768 -0.1497 0.1532
vn 0.9733 -0.0865 0.2128
vn 0.9812 -0.0789 0.1762
vn 0.9722 -0.0614 0.2258
vn 0.9805 -0.0495 0.1899
vn 0.8523 0.3297 0.4060
vn 0.8454 0.3949 0.3596
vn 0.6292 0.6167 0.4730
vn 0.5813 0.6956 0.4222
vn 0.3384 0.8200 0.4617
vn 0.2315 0.8864 0.4009
vn 0.1057 0.9068 0.4081
vn 0.0291 0.9399 0.3401
vn -0.1118 0.9234 0.3672
vn -0.1340 0.9467 0.2930
vn -0.2064 0.9099 0.3599
vn -0.1984 0.9393 0.2798
vn -0.2748 0.9114 0.3063
vn -0.3554 0.8905 0.2841
vn -0.2233 0.9443 0.2418
vn -0.5597 0.7591 0.3323
vn -0.7266 0.6355 0.2610
vn -0.5055 0.8312 0.2316
vn -0.8869 0.3700 0.2765
vn -0.9521 0.2205 0.2117
vn -0.8637 0.4629 0.1996
vn -0.9482 0.1660 0.2707
vn -0.9657 -0.1584 0.2058
vn -0.9466 -0.2650 0.1836
vn -0.9335 -0.2789 0.2253
vn -0.8825 -0.4278 0.1955
vn -0.7873 -0.5938 0.1661
vn -0.7665 -0.6101 0.2009
vn -0.6232 -0.7631 0.1713
vn -0.5954 -0.7738 0.2161
vn -0.4053 -0.8945 0.1885
vn -0.4330 -0.8896 0.1452
vn -0.1106 -0.9804 0.1630
vn -0.1600 -0.9800 0.1186
vn 0.2102 -0.9659 0.1509
vn 0.1582 -0.9820 0.1031
vn 0.5470 -0.8251 0.1415
vn 0.4997 -0.8609 0.0956
vn 0.7636 -0.6300 0.1415
vn 0.7818 -0.5942 0.1891
vn 0.8791 -0.4379 0.1883
vn 0.9276 -0.3185 0.1955
vn 0.9509 -0.2300 0.2071
vn 0.9617 -0.1568 0.2249
vn 0.9641 -0.0955 0.2478
vn 0.9622 -0.0744 0.2620
vn 0.8638 0.2452 0.4402
vn 0.6983 0.5054 0.5070
vn 0.4455 0.7291 0.5196
vn 0.1972 0.8495 0.4894
vn -0.0688 0.8906 0.4495
vn -0.2089 0.8781 0.4304
vn -0.3409 0.8296 0.4421
vn -0.4518 0.7882 0.4178
vn -0.3101 0.8735 0.3753
vn -0.6292 0.6262 0.4605
vn -0.6053 0.6848 0.4059
vn -0.4040 0.8416 0.3584
vn -0.7776 0.4655 0.4228
vn -0.8871 0.2967 0.3535
vn -0.7598 0.5399 0.3622
vn -0.9322 0.1500 0.3294
vn -0.9533 -0.1680 0.2511
vn -0.9378 -0.1766 0.2989
vn -0.9187 -0.2899 0.2684
vn -0.8957 -0.2960 0.3318
vn -0.8443 -0.4512 0.2892
vn -0.8643 -0.4447 0.2350
vn -0.7433 -0.6203 0.2504
vn -0.7162 -0.6209 0.3188
vn -0.5726 -0.7709 0.2790
vn -0.3693 -0.8953 0.2489
vn -0.0461 -0.9727 0.2275
vn 0.2673 -0.9390 0.2165
vn 0.3289 -0.8831 0.3348
vn 0.6492 -0.7021 0.2924
vn 0.6019 -0.7744 0.1950
vn 0.6847 -0.5956 0.4200
vn 0.8148 -0.4402 0.3773
vn 0.8021 -0.5321 0.2710
vn 0.8728 -0.3370 0.3530
vn 0.8821 -0.3924 0.2605
vn 0.8044 -0.3390 0.4879
vn 0.8704 -0.2649 0.4149
vn 0.8624 -0.2052 0.4627
vn 0.9173 -0.1585 0.3654
vn 0.9144 -0.1996 0.3522
vn 0.9476 -0.1185 0.2967
vn 0.9459 -0.1699 0.2763
vn 0.9148 -0.1277 0.3832
vn 0.9464 -0.0944 0.3090
vn 0.8246 0.1059 0.5557
vn 0.8634 0.1654 0.4766
vn 0.7203 0.2568 0.6444
vn 0.7416 0.3776 0.5545
vn 0.5168 0.4655 0.7185
vn 0.5135 0.6146 0.5988
vn 0.2267 0.6295 0.7431
vn 0.2463 0.7616 0.5995
vn -0.0498 0.6906 0.7215
vn -0.0310 0.8163 0.5768
vn -0.2501 0.6808 0.6885
vn -0.2090 0.8064 0.5533
vn -0.1458 0.5122 0.8464
vn -0.3880 0.5071 0.7696
vn -0.5259 0.2890 0.8000
vn -0.6784 0.3094 0.6663
vn -0.5610 0.4965 0.6624
vn -0.7373 0.3382 0.5848
vn -0.6325 0.5219 0.5724
vn -0.7760 0.3706 0.5103
vn -0.6448 0.5760 0.5024
vn -0.8526 0.2417 0.4632
vn -0.7794 0.4118 0.4721
vn -0.8829 0.1388 0.4486
vn -0.9128 0.1500 0.3800
vn -0.8750 0.2649 0.4051
vn -0.9113 -0.1770 0.3718
vn -0.8756 -0.1638 0.4544
vn -0.8640 -0.2888 0.4124
vn -0.8081 -0.2730 0.5220
vn -0.7599 -0.4338 0.4842
vn -0.8176 -0.4437 0.3670
vn -0.7165 -0.2621 0.6465
vn -0.6642 -0.4286 0.6125
vn -0.5356 -0.2905 0.7929
vn -0.4468 -0.5208 0.7274
vn -0.1024 -0.6283 0.7712
vn -0.0302 -0.8338 0.5512
vn -0.3358 -0.7461 0.5749
vn -0.0057 -0.9296 0.3685
vn -0.3255 -0.8588 0.3957
vn 0.3687 -0.5995 0.7104
vn 0.3778 -0.7823 0.4952
vn 0.2848 -0.3777 0.8810
vn 0.6467 -0.2890 0.7059
vn 0.6946 -0.4398 0.5693
vn 0.5592 -0.2015 0.8042
vn 0.7279 -0.1943 0.6576
vn 0.7681 -0.2548 0.5874
vn 0.6630 -0.0157 0.7484
vn 0.7535 0.0556 0.6550
vn 0.8432 -0.1573 0.5141
vn 0.4725 -0.0929 0.8764
vn 0.0601 -0.1214 0.9908
vn 0.1666 -0.2074 0.9640
vn 0.0022 0.1195 0.9928
vn -0.3612 -0.0913 0.9280
vn -0.3619 0.1211 0.9243
vn -0.6005 -0.0377 0.7987
vn -0.6004 0.1215 0.7904
vn -0.7342 0.0178 0.6787
vn -0.7230 0.1453 0.6754
vn -0.8114 0.0583 0.5816
vn -0.7937 0.1827 0.5803
vn -0.8556 0.1076 0.5063
vn -0.8353 0.2154 0.5058
vn -0.7341 -0.1651 0.6587
vn -0.8194 -0.1564 0.5514
vn -0.5689 -0.1738 0.8039
vn -0.3114 -0.1983 0.9294
vn 0.0470 0.3033 0.9517
vn -0.2799 0.3102 0.9085
vn -0.2211 -0.3684 0.9030
vn 0.1536 0.4823 0.8625
vn 0.4789 0.3547 0.8030
vn 0.6829 0.1694 0.7106
vn -0.4955 0.7280 0.4738
vn -0.0266 0.9503 -0.3102
vn -0.0212 0.9413 -0.3370
vn -0.0213 0.9367 -0.3495
vn -0.0203 0.9343 -0.3559
vn 0.0648 0.9286 -0.3654
vn 0.0076 0.9585 -0.2849
vn -0.0229 0.9296 -0.3678
vn -0.9349 0.0975 0.3411
vn 0.8213 0.2169 -0.5276
vn 0.8366 0.2266 -0.4988
vn 0.7517 0.1475 -0.6428
vn 0.5849 0.4436 -0.6791
vn 0.6231 0.5056 -0.5968
vn 0.5691 0.4367 -0.6967
vn 0.1059 0.8738 -0.4746
vn 0.0742 0.8610 -0.5032
vn 0.0819 0.8473 -0.5247
vn 0.0880 0.8282 -0.5535
vn 0.0960 0.8522 -0.5143
vn 0.0984 0.8244 -0.5573
vn 0.0570 0.8550 -0.5155
vn 0.0520 0.8556 -0.5150
vn 0.0628 0.8511 -0.5213
vn 0.0530 0.8526 -0.5199
vn 0.0525 0.8533 -0.5188
vn 0.0526 0.8518 -0.5212
vn 0.0525 0.8484 -0.5268
vn 0.0530 0.8488 -0.5261
vn 0.0500 0.8483 -0.5272
vn 0.0379 0.8127 -0.5814
vn 0.0500 0.8203 -0.5698
vn 0.0294 0.8054 -0.5920
vn -0.0613 0.5923 -0.8034
vn -0.0090 0.6130 -0.7901
vn -0.1170 0.5807 -0.8057
vn -0.2607 0.2049 -0.9434
vn -0.1761 0.2080 -0.9621
vn -0.3594 0.2132 -0.9085
vn -0.4599 -0.1380 -0.8772
vn -0.3501 -0.1629 -0.9224
vn -0.5640 -0.1170 -0.8174
vn -0.6074 -0.4960 -0.6206
vn -0.5033 -0.5177 -0.6919
vn -0.6883 -0.4629 -0.5585
vn -0.5388 -0.8335 -0.1219
vn -0.4941 -0.8502 -0.1818
vn -0.7759 -0.4185 -0.4721
vn -0.5942 -0.8021 -0.0596
vn -0.8479 -0.3937 -0.3551
vn -0.6527 -0.7575 0.0144
vn -0.8986 -0.3575 -0.2544
vn -0.6948 -0.7159 0.0693
vn -0.7386 -0.6620 0.1275
vn -0.7210 -0.6803 0.1319
vn -0.6683 -0.7380 0.0937
vn -0.7882 -0.5878 0.1823
vn -0.7726 -0.6136 0.1632
vn -0.8393 -0.5013 0.2105
vn -0.8082 -0.5603 0.1814
vn -0.8372 -0.5162 0.1808
vn -0.7701 -0.6192 0.1535
vn -0.7515 -0.6391 0.1637
vn -0.7143 -0.6887 0.1244
vn -0.6986 -0.7008 0.1442
vn -0.6775 -0.7282 0.1034
vn -0.6588 -0.7420 0.1243
vn -0.6437 -0.7552 0.1239
vn -0.6274 -0.7730 0.0939
vn -0.6011 -0.7937 0.0934
vn -0.5863 -0.8086 0.0485
vn -0.5447 -0.8366 0.0579
vn -0.6581 -0.7486 0.0798
vn -0.6381 -0.7695 0.0257
vn -0.6795 -0.7303 0.0706
vn -0.6812 -0.7314 0.0325
vn -0.6901 -0.7200 0.0733
vn -0.7098 -0.7026 0.0514
vn -0.6895 -0.7163 0.1069
vn -0.7368 -0.6699 0.0912
vn -0.6750 -0.7105 0.1989
vn -0.7398 -0.6434 0.1968
vn -0.6331 -0.6927 0.3454
vn -0.6970 -0.6301 0.3422
vn -0.5352 -0.6608 0.5262
vn -0.6272 -0.5905 0.5079
vn -0.3961 -0.5998 0.6952
vn -0.4998 -0.5287 0.6861
vn -0.2475 -0.5236 0.8152
vn -0.3366 -0.4782 0.8112
vn -0.1123 -0.4510 0.8854
vn -0.2017 -0.4307 0.8797
vn 0.0039 -0.5462 0.8376
vn 0.1109 -0.4438 0.8893
vn 0.0166 -0.3882 0.9214
vn 0.1406 -0.6866 0.7133
vn 0.2271 -0.5884 0.7760
vn 0.2810 -0.8309 0.4803
vn 0.3463 -0.7269 0.5931
vn 0.1507 -0.9150 0.3743
vn 0.0135 -0.7933 0.6087
vn -0.1424 -0.8808 0.4515
vn -0.1312 -0.6517 0.7471
vn -0.2805 -0.7398 0.6115
vn -0.2079 -0.9677 0.1425
vn -0.0196 -0.9642 0.2646
vn -0.2997 -0.9172 0.2625
vn -0.4426 -0.8917 0.0948
vn -0.4250 -0.7981 0.4271
vn -0.5274 -0.8170 0.2330
vn -0.1571 -0.9843 0.0803
vn 0.0477 -0.9887 0.1419
vn -0.4010 -0.9156 0.0306
vn -0.6874 -0.7215 0.0833
vn -0.6842 -0.7271 0.0559
vn -0.7275 -0.6797 0.0935
vn -0.7295 -0.6826 0.0426
vn -0.8148 -0.5770 0.0564
vn -0.7945 -0.5945 0.1235
vn -0.9044 -0.4231 0.0546
vn -0.8285 -0.5599 0.0149
vn -0.8825 -0.4612 0.0921
vn -0.9268 -0.3509 0.1336
vn -0.8610 -0.4840 0.1561
vn -0.9030 -0.3908 0.1785
vn -0.9932 -0.0927 0.0699
vn -0.8766 -0.4327 0.2105
vn -0.9936 -0.0958 0.0594
vn -0.9540 0.2699 -0.1308
vn -0.9930 -0.1174 0.0108
vn -0.9553 0.2274 -0.1889
vn -0.7857 0.5126 -0.3462
vn -0.9437 0.1701 -0.2837
vn -0.7828 0.4549 -0.4246
vn -0.4578 0.7204 -0.5209
vn -0.7623 0.3971 -0.5110
vn -0.4495 0.6799 -0.5794
vn -0.1341 0.8196 -0.5570
vn -0.4255 0.6490 -0.6307
vn -0.1351 0.8062 -0.5761
vn 0.0100 0.8497 -0.5272
vn -0.1217 0.7944 -0.5951
vn 0.0140 0.8464 -0.5324
vn 0.0372 0.8541 -0.5188
vn 0.0189 0.8444 -0.5354
vn 0.0396 0.8525 -0.5213
vn 0.0276 0.8416 -0.5394
vn 0.0425 0.8519 -0.5219
vn 0.0410 0.8467 -0.5306
vn -0.1465 0.6189 -0.7717
vn 0.0487 0.8507 -0.5235
vn -0.0653 0.6637 -0.7451
vn -0.1773 0.3429 -0.9225
vn 0.0268 0.7442 -0.6674
vn -0.0702 0.3152 -0.9464
vn -0.1276 -0.0253 -0.9915
vn 0.0691 0.4203 -0.9048
vn 0.0645 -0.0393 -0.9971
vn 0.0488 -0.0886 -0.9949
vn 0.1487 -0.0136 -0.9888
vn 0.1786 -0.0852 -0.9802
vn 0.2747 -0.0710 -0.9589
vn -0.4036 0.4394 0.8025
vn -0.5320 0.3946 0.7492
vn -0.5930 0.3590 0.7208
vn -0.7238 0.2942 0.6242
vn -0.7749 0.2569 0.5775
vn -0.8450 0.2011 0.4954
vn -0.9009 0.1437 0.4095
vn 0.6441 0.0657 -0.7621
vn 0.7141 0.1181 -0.6900
vn 0.5631 0.0147 -0.8263
vn 0.4532 0.3159 -0.8336
vn 0.4916 0.3721 -0.7873
vn 0.4183 0.2597 -0.8704
vn 0.0815 0.7682 -0.6350
vn 0.1000 0.8440 -0.5269
vn 0.1118 0.6655 -0.7380
vn 0.0415 0.8550 -0.5169
vn 0.0298 0.8263 -0.5624
vn 0.0585 0.8498 -0.5238
vn 0.0522 0.8531 -0.5192
vn 0.0459 0.8473 -0.5291
vn 0.0524 0.8547 -0.5164
vn 0.0511 0.8493 -0.5254
vn 0.0517 0.8507 -0.5230
vn 0.0486 0.8477 -0.5282
vn 0.0453 0.8472 -0.5293
vn 0.0479 0.8478 -0.5281
vn 0.0365 0.8458 -0.5323
vn -0.0164 0.7936 -0.6083
vn 0.0041 0.7994 -0.6008
vn -0.0397 0.7885 -0.6137
vn -0.2447 0.5671 -0.7864
vn -0.1824 0.5743 -0.7981
vn -0.3003 0.5781 -0.7587
vn -0.5270 0.2417 -0.8148
vn -0.4419 0.2278 -0.8677
vn -0.5985 0.2670 -0.7553
vn -0.7355 -0.0514 -0.6756
vn -0.6517 -0.0876 -0.7534
vn -0.6665 0.3016 -0.6817
vn -0.8147 -0.0119 -0.5798
vn -0.7247 0.3448 -0.5966
vn -0.8740 0.0393 -0.4844
vn -0.3929 0.6153 -0.6834
vn -0.3498 0.5914 -0.7266
vn -0.0985 0.7853 -0.6112
vn -0.0747 0.7850 -0.6149
vn 0.0261 0.8453 -0.5337
vn 0.0364 0.8436 -0.5357
vn 0.0448 0.8516 -0.5223
vn 0.0410 0.8499 -0.5254
vn 0.0446 0.8562 -0.5147
vn 0.0529 0.8568 -0.5130
vn 0.0576 0.8073 -0.5873
vn 0.0616 0.8374 -0.5432
vn 0.1121 0.5236 -0.8446
vn 0.1354 0.6002 -0.7883
vn 0.2509 0.0463 -0.9669
vn 0.2872 0.1332 -0.9485
vn 0.3792 -0.0457 -0.9242
vn 0.5054 -0.0046 -0.8629
vn -0.9167 0.1037 -0.3859
vn -0.9808 -0.1765 -0.0831
vn -0.9467 -0.2696 -0.1764
vn 0.0183 0.8520 -0.5232
vn -0.4922 -0.8693 -0.0441
vn 0.2006 -0.3660 0.9087
vn 0.4618 -0.2906 0.8380
vn 0.0029 0.9292 -0.3695
vn -0.0178 0.9403 -0.3398
vn -0.6721 0.7355 -0.0860
vn 0.0437 0.9075 -0.4179
vn -0.3305 0.8694 -0.3672
vn -0.8428 -0.5376 -0.0240
vn 0.3021 -0.9472 0.1079
vn 0.5030 -0.8590 0.0956
vn 0.4925 -0.8552 0.1615
vn -0.6497 -0.7522 0.1094
vn 0.0537 0.8682 -0.4933
vn 0.0457 0.8621 -0.5047
vn 0.0226 0.9101 -0.4138
vn -0.0075 0.9265 -0.3763
vn 0.0486 0.8792 -0.4739
vn 0.0456 0.8763 -0.4795
vn 0.9562 -0.2002 0.2134
vn 0.9556 -0.2013 0.2152
vn 0.9576 -0.1670 0.2348
vn 0.9632 -0.1384 0.2304
vn 0.8381 -0.5044 0.2076
vn 0.8680 -0.4805 0.1256
vn 0.9258 -0.1461 0.3487
vn 0.9293 -0.1184 0.3499
vn 0.1076 0.9454 -0.3076
vn 0.0503 0.9196 -0.3895
vn 0.0698 0.8560 -0.5123
vn 0.1330 0.9439 -0.3021
vn 0.0266 0.9196 -0.3921
vn 0.0352 0.9189 -0.3929
vn 0.1005 0.9378 -0.3322
vn 0.0066 0.9535 -0.3012
vn -0.0082 0.9617 -0.2738
vn 0.0444 0.9014 -0.4308
vn 0.0505 0.9068 -0.4185
vn 0.0052 0.9128 -0.4083
vn 0.0247 0.9212 -0.3883
vn 0.0551 0.8549 -0.5158
vn 0.0528 0.8565 -0.5135
vn 0.0493 0.8566 -0.5137
vn 0.0514 0.8611 -0.5058
vn 0.0626 0.8588 -0.5085
vn -0.9879 -0.0775 -0.1342
vn -0.8995 -0.2185 -0.3784
vn -0.7483 -0.3317 -0.5745
vn -0.5583 -0.4148 -0.7185
vn -0.9927 0.0605 0.1048
vn -0.9293 0.1847 0.3198
vn -0.8045 0.2969 0.5143
vn -0.2689 0.4816 0.8341
vn 0.1098 0.4970 0.8608
vn 0.4887 0.4362 0.7555
vn 0.8514 0.2623 0.4543
vn 0.9393 0.1716 0.2972
vn 0.9948 0.0511 0.0885
vn 0.9898 -0.0711 -0.1232
vn 0.9460 -0.1621 -0.2808
vn 0.8740 -0.2430 -0.4208
vn 0.7638 -0.3227 -0.5590
vn 0.6657 -0.3731 -0.6463
vn 0.5532 -0.4165 -0.7214
vn 0.3878 -0.4609 -0.7982
vn 0.2293 -0.4867 -0.8430
vn 0.0639 -0.4990 -0.8643
vn -0.1280 -0.4959 -0.8589
vn -0.3413 -0.4700 -0.8140
vn -0.4358 0.4500 0.7795
vn -0.6595 0.3758 0.6510
vn -0.0533 0.4992 0.8648
vn 0.3000 0.4770 0.8261
vn 0.7017 0.3562 0.6170
vn -0.2757 0.4806 0.8325
vn -0.0757 0.4986 0.8635
vn 0.8479 -0.2650 -0.4591
vn 0.6827 -0.3653 -0.6328
vn 0.6623 0.3746 0.6489
vn 0.7837 0.3106 0.5379
vn 0.8884 0.2295 0.3975
vn 0.9435 0.1657 0.2870
vn 0.4242 -0.4528 -0.7842
vn 0.1261 -0.4960 -0.8591
vn -0.1933 -0.4906 -0.8497
vn -0.4853 -0.4372 -0.7572
vn 0.9408 -0.1694 -0.2935
vn 0.9912 -0.0662 -0.1147
vn 0.9998 0.0093 0.0162
vn 0.9830 0.0918 0.1590
vn -0.9606 -0.1390 -0.2407
vn -0.7322 -0.3406 -0.5899
vn -0.6107 0.3959 0.6858
vn -0.4407 0.4488 0.7774
vn 0.0937 0.4978 0.8622
vn 0.3122 0.4750 0.8228
vn 0.4877 0.4365 0.7561
vn -0.9816 0.0956 0.1655
vn -0.8847 0.2331 0.4037
vn -0.7682 0.3201 0.5544
vn -0.9978 -0.0332 -0.0575
vn -0.8647 -0.2511 -0.4349
vn 0.1076 0.9368 -0.3328
vn 0.0059 0.9468 -0.3219
vn 0.0059 0.9506 -0.3103
vn 0.0120 0.9341 -0.3567
vn 0.0165 0.9765 -0.2147
vn -0.6797 0.3668 0.6352
vn -0.8279 0.2804 0.4857
vn -0.2626 0.4825 0.8356
vn 0.0419 0.4996 0.8653
vn 0.3435 0.4696 0.8133
vn 0.7784 0.3139 0.5437
vn 0.9855 0.0847 0.1467
vn -0.9749 0.1112 0.1926
vn -0.9209 0.1949 0.3376
vn -0.4905 0.4357 0.7547
vn 0.9569 -0.1452 -0.2515
vn 0.6561 -0.3774 -0.6536
vn 0.3583 -0.4668 -0.8085
vn -0.5923 -0.4029 -0.6978
vn 0.0101 -0.5000 -0.8660
vn -0.7597 -0.3251 -0.5631
vn -0.9861 -0.0832 -0.1441
vn -0.9491 -0.1575 -0.2727
vn -0.8685 -0.2478 -0.4292
vn -0.9967 0.0407 0.0704
vn 0.5756 0.4089 0.7082
vn 0.9122 0.2049 0.3549
vn 0.8508 -0.2628 -0.4551
vn 0.9997 -0.0120 -0.0209
vn -0.2964 -0.4775 -0.8271
vn 0.7042 -0.5087 0.4952
vn 0.6604 -0.4908 0.5683
vn 0.9459 -0.2741 0.1738
vn 0.8984 -0.3972 0.1873
vn 0.9460 -0.2876 0.1498
vn 0.0122 -0.5332 -0.8459
vn 0.0321 -0.5352 -0.8441
vn 0.0852 -0.5453 -0.8339
vn 0.1392 -0.5594 -0.8171
vn 0.2097 -0.5832 -0.7848
vn 0.2983 -0.6201 -0.7256
vn 0.3763 -0.6581 -0.6522
vn 0.4428 -0.6981 -0.5627
vn 0.4923 -0.7348 -0.4665
vn 0.5309 -0.7719 -0.3498
vn 0.5526 -0.8070 -0.2086
vn 0.5499 -0.8323 -0.0706
vn 0.5207 -0.8500 0.0799
vn 0.4693 -0.8568 0.2138
vn 0.3956 -0.8540 0.3380
vn 0.3511 -0.8493 0.3942
vn -0.2448 -0.5981 -0.7631
vn -0.1956 -0.5793 -0.7913
vn -0.1279 -0.5568 -0.8207
vn -0.0870 -0.5455 -0.8336
vn -0.0517 -0.5380 -0.8413
vn -0.0221 -0.5340 -0.8452
vn -0.0033 -0.5329 -0.8462
vn -0.3019 -0.6230 -0.7216
vn -0.3561 -0.6500 -0.6713
vn -0.4151 -0.6827 -0.6014
vn -0.4848 -0.7265 -0.4870
vn -0.5305 -0.7670 -0.3609
vn -0.5546 -0.8056 -0.2085
vn -0.5514 -0.8310 -0.0740
vn -0.5223 -0.8495 0.0747
vn -0.4711 -0.8564 0.2112
vn -0.3997 -0.8535 0.3342
vn -0.3259 -0.8454 0.4232
vn -0.2503 -0.8350 0.4900
vn -0.1652 -0.8224 0.5444
vn -0.0915 -0.8117 0.5768
vn -0.0498 -0.8069 0.5886
vn -0.0214 -0.8048 0.5931
vn -0.0010 -0.8044 0.5940
vn 0.0257 -0.8053 0.5923
vn 0.0599 -0.8080 0.5861
vn 0.0995 -0.8126 0.5742
vn 0.1576 -0.8207 0.5492
vn 0.1988 -0.8273 0.5253
vn 0.2962 -0.8426 0.4497
vn 0.9395 0.1282 -0.3177
vn 0.8738 0.0065 -0.4863
vn 0.2404 -0.5626 0.7910
vn 0.2260 -0.4789 0.8483
vn 0.7026 -0.6633 -0.2578
vn 0.7754 -0.5044 -0.3799
vn 0.4868 -0.8636 0.1312
vn 0.3835 -0.8430 0.3771
vn 0.3192 -0.7770 0.5426
vn 0.2848 -0.7095 0.6445
vn 0.2232 -0.4784 0.8493
vn 0.2262 -0.4670 0.8549
vn 0.2472 -0.4289 0.8689
vn 0.3983 -0.1845 0.8985
vn 0.4464 -0.1164 0.8872
vn 0.5457 0.0026 0.8380
vn 0.6265 0.0884 0.7744
vn 0.7009 0.1560 0.6960
vn 0.7565 0.1976 0.6234
vn 0.8216 0.2348 0.5194
vn 0.8651 0.2513 0.4342
vn 0.9463 0.2572 0.1957
vn 0.9730 0.2220 -0.0631
vn 0.8733 0.0641 -0.4830
vn 0.8730 0.0605 -0.4840
vn 0.8590 -0.1325 -0.4945
vn 0.8266 -0.3238 -0.4603
vn 0.8368 -0.0565 -0.5446
vn 0.5914 -0.8034 -0.0696
vn 0.2993 -0.3388 0.8920
vn 0.8570 -0.0108 -0.5152
vn 0.0018 0.9301 -0.3674
vn 0.0021 0.9302 -0.3670
vn 0.0170 0.9323 -0.3613
vn 0.0328 0.9322 -0.3605
vn 0.0442 0.9305 -0.3637
vn 0.0385 0.9333 -0.3570
vn 0.0348 0.9391 -0.3418
vn 0.0011 0.9156 -0.4021
vn 0.0278 0.9453 -0.3249
vn 0.0061 0.9311 -0.3648
vn 0.0366 0.9464 -0.3208
vn 0.0377 0.9473 -0.3181
vn 0.0298 0.9459 -0.3232
vn -0.0070 0.9451 -0.3267
vn 0.0129 0.9448 -0.3275
vn -0.0054 0.9448 -0.3277
vn 0.0024 0.9402 -0.3405
vn 0.0019 0.9408 -0.3390
vn -0.0032 0.9439 -0.3302
vn 0.0051 0.9288 -0.3707
vn 0.0470 0.9297 -0.3653
vn 0.0391 0.9329 -0.3580
vn 0.0379 0.9474 -0.3179
vn 0.0344 0.9424 -0.3326
vn -0.0082 0.9453 -0.3262
vn 0.0311 0.8959 -0.4431
vn 0.0411 0.8968 -0.4405
vn 0.0399 0.9178 -0.3950
vn 0.0324 0.9151 -0.4019
vn 0.0534 0.8967 -0.4395
vn 0.0477 0.8997 -0.4339
vn 0.0434 0.9032 -0.4270
vn 0.0402 0.9074 -0.4184
vn 0.0154 0.9119 -0.4100
vn -0.0027 0.9106 -0.4133
vn -0.0124 0.9109 -0.4125
vn -0.0113 0.9107 -0.4129
vn 0.0409 0.9184 -0.3936
vn 0.0401 0.9176 -0.3954
vn 0.0387 0.9147 -0.4022
vn 0.0387 0.9112 -0.4102
vn 0.0094 0.8996 -0.4367
vn -0.0040 0.9084 -0.4180
vn 0.0196 0.8936 -0.4484
vn 0.0189 0.8934 -0.4489
vn 0.0483 0.8967 -0.4400
vn 0.0551 0.8959 -0.4408
vn 0.0558 0.8958 -0.4410
vn 0.0130 0.8909 -0.4541
vn 0.0121 0.8892 -0.4574
vn 0.0130 0.8899 -0.4559
vn 0.0122 0.8953 -0.4453
vn 0.0041 0.9041 -0.4273
vn 0.0525 0.8586 -0.5099
vn 0.0524 0.8588 -0.5097
vn 0.0521 0.8591 -0.5092
vn 0.0523 0.8590 -0.5094
vn 0.0525 0.8585 -0.5102
vn 0.0524 0.8583 -0.5104
vn 0.0530 0.8585 -0.5101
vn 0.0538 0.8585 -0.5100
vn 0.0540 0.8585 -0.5100
vn 0.0464 0.8629 -0.5033
vn 0.0566 0.8533 -0.5184
vn 0.0537 0.8589 -0.5094
vn 0.0537 0.8589 -0.5092
vn 0.0538 0.8591 -0.5089
vn 0.0538 0.8591 -0.5090
vn 0.0537 0.8590 -0.5091
vn 0.0535 0.8590 -0.5092
vn 0.0533 0.8589 -0.5093
vn 0.0530 0.8589 -0.5094
vn 0.0525 0.8589 -0.5094
vn 0.0522 0.8590 -0.5093
vn 0.0531 0.8585 -0.5100
vn 0.0522 0.8582 -0.5106
vn 0.0534 0.8585 -0.5100
vn 0.0541 0.8585 -0.5100
vn 0.0000 0.8595 -0.5112
vn 0.3089 0.4756 0.8237
vn -0.3052 -0.4762 -0.8247
vn -0.1337 -0.4955 -0.8582
vn 0.1383 0.4952 0.8577
vn 0.0489 -0.4994 -0.8650
vn -0.0459 0.4995 0.8651
vn 0.6439 0.3826 0.6626
vn -0.6421 -0.3833 -0.6639
vn -0.4787 -0.4390 -0.7603
vn 0.4813 0.4383 0.7591
vn 0.7856 0.3094 0.5358
vn -0.7844 -0.3101 -0.5371
vn 0.9996 0.0147 0.0255
vn -0.9996 -0.0144 -0.0249
vn -0.9700 -0.1215 -0.2105
vn 0.9704 0.1208 0.2093
vn -0.8964 -0.2217 -0.3839
vn 0.8972 0.2208 0.3824
vn 0.9266 -0.1880 -0.3256
vn -0.9244 0.1907 0.3303
vn -0.9829 0.0922 0.1596
vn 0.9834 -0.0907 -0.1572
vn 0.8404 -0.2709 -0.4693
vn -0.8349 0.2752 0.4766
vn -0.9899 0.0709 0.1228
vn 0.9888 -0.0745 -0.1290
vn 0.9988 0.0244 0.0422
vn -0.9996 -0.0147 -0.0255
vn 0.9985 0.0424 0.0336
vn -0.9968 -0.0402 -0.0697
vn 0.5649 -0.4126 -0.7146
vn -0.5583 0.4148 0.7185
vn -0.7299 0.3418 0.5920
vn 0.7342 -0.3394 -0.5880
vn 0.4726 -0.4407 -0.7632
vn -0.4560 0.4450 0.7707
vn -0.8035 -0.2977 -0.5156
vn 0.8016 0.2989 0.5178
vn 0.7040 0.3551 0.6151
vn -0.7048 -0.3547 -0.6144
vn 0.6678 0.3721 0.6446
vn -0.6676 -0.3722 -0.6448
vn 0.5175 0.4279 0.7410
vn -0.5192 -0.4273 -0.7402
vn 0.5028 0.4322 0.7486
vn -0.5006 -0.4328 -0.7497
vn 0.3062 0.4760 0.8244
vn -0.3084 -0.4756 -0.8238
vn -0.3068 -0.4759 -0.8243
vn 0.0814 0.4983 0.8632
vn -0.0727 -0.4987 -0.8637
vn -0.1410 0.4949 0.8574
vn 0.1430 -0.4949 -0.8571
vn -0.1715 0.4926 0.8532
vn 0.1900 -0.4909 -0.8502
vn -0.9022 -0.2157 -0.3736
vn 0.8976 0.2204 0.3817
vn 0.8531 0.2609 0.4518
vn -0.8525 -0.2613 -0.4527
vn -0.9517 -0.1535 -0.2659
vn 0.9531 0.1514 0.2622
vn -0.9694 -0.1227 -0.2125
vn 0.9598 0.1551 0.2339
vn -0.3640 0.4657 0.8066
vn 0.3628 -0.4660 -0.8070
vn -0.9386 0.1726 0.2989
vn 0.9363 -0.1756 -0.3042
vn 0.9838 -0.0895 -0.1551
vn -0.9803 0.0987 0.1710
vn -0.9101 0.2072 0.3589
vn 0.9160 -0.2006 -0.3474
vn -0.1921 0.4907 0.8499
vn 0.1980 -0.4901 -0.8489
vn 0.3014 -0.4767 -0.8258
vn -0.2935 0.4780 0.8279
vn 0.4219 -0.4533 -0.7852
vn -0.4205 0.4536 0.7858
vn -0.7865 0.3088 0.5348
vn 0.7953 -0.3031 -0.5251
vn 0.8477 -0.2652 -0.4594
vn -0.8503 0.2632 0.4558
vn -0.7316 0.3409 0.5904
vn 0.7293 -0.3421 -0.5925
vn -0.5482 0.4182 0.7243
vn 0.5575 -0.4151 -0.7190
vn 0.6220 -0.3915 -0.6781
vn -0.6095 0.3964 0.6866
vn 0.0920 0.4979 0.8624
vn -0.0844 -0.4982 -0.8629
vn 0.0746 0.7431 -0.6650
vn 0.0983 0.7419 -0.6632
vn 0.1229 0.7423 -0.6587
vn 0.1513 0.7445 -0.6503
vn 0.1653 0.7465 -0.6445
vn 0.1992 0.7542 -0.6257
vn 0.2118 0.7581 -0.6168
vn 0.2325 0.7669 -0.5982
vn 0.2480 0.7756 -0.5804
vn 0.2604 0.7850 -0.5621
vn 0.2726 0.7978 -0.5378
vn 0.2790 0.8082 -0.5187
vn 0.2835 0.8225 -0.4930
vn 0.2839 0.8354 -0.4706
vn 0.2801 0.8513 -0.4436
vn 0.2735 0.8640 -0.4228
vn 0.2626 0.8777 -0.4010
vn 0.2469 0.8919 -0.3789
vn 0.2343 0.9007 -0.3658
vn 0.2074 0.9155 -0.3448
vn 0.1954 0.9207 -0.3378
vn 0.1592 0.9331 -0.3225
vn 0.1512 0.9352 -0.3202
vn 0.1058 0.9440 -0.3126
vn 0.1012 0.9446 -0.3123
vn 0.0587 0.9475 -0.3143
vn 0.0526 0.9476 -0.3153
vn 0.0107 0.9453 -0.3262
vn 0.0072 0.9448 -0.3274
vn -0.0288 0.9382 -0.3450
vn -0.0499 0.9320 -0.3590
vn -0.0679 0.9246 -0.3749
vn -0.0897 0.9120 -0.4003
vn -0.1062 0.8983 -0.4264
vn -0.1170 0.8841 -0.4524
vn -0.1231 0.8676 -0.4819
vn -0.1233 0.8499 -0.5124
vn -0.1173 0.8318 -0.5426
vn -0.1056 0.8145 -0.5704
vn -0.0884 0.7982 -0.5959
vn -0.0665 0.7833 -0.6181
vn -0.0412 0.7706 -0.6360
vn -0.0138 0.7603 -0.6494
vn 0.0147 0.7526 -0.6584
vn 0.0475 0.7464 -0.6638
# 1976 vertex normals

vt 0.2515 0.6853 0.0000
vt 0.2566 0.6951 0.0000
vt 0.2660 0.6912 0.0000
vt 0.2637 0.6821 0.0000
vt 0.2419 0.6940 0.0000
vt 0.2479 0.7008 0.0000
vt 0.2544 0.6744 0.0000
vt 0.2450 0.6740 0.0000
vt 0.2414 0.6818 0.0000
vt 0.2353 0.6891 0.0000
vt 0.2647 0.6726 0.0000
vt 0.2022 0.7348 0.0000
vt 0.2159 0.7254 0.0000
vt 0.2093 0.7186 0.0000
vt 0.1977 0.7269 0.0000
vt 0.2206 0.7391 0.0000
vt 0.2263 0.7317 0.0000
vt 0.2028 0.7462 0.0000
vt 0.2177 0.7484 0.0000
vt 0.2291 0.5506 0.0000
vt 0.2221 0.5316 0.0000
vt 0.2046 0.5548 0.0000
vt 0.2202 0.5645 0.0000
vt 0.2505 0.5548 0.0000
vt 0.2323 0.5737 0.0000
vt 0.2525 0.5302 0.0000
vt 0.2506 0.1188 0.0000
vt 0.2588 0.1122 0.0000
vt 0.2485 0.1029 0.0000
vt 0.2415 0.1163 0.0000
vt 0.2549 0.1356 0.0000
vt 0.2681 0.1301 0.0000
vt 0.2423 0.1385 0.0000
vt 0.2761 0.6520 0.0000
vt 0.2681 0.6632 0.0000
vt 0.2771 0.6633 0.0000
vt 0.2819 0.6557 0.0000
vt 0.2595 0.6571 0.0000
vt 0.2569 0.6655 0.0000
vt 0.2717 0.6473 0.0000
vt 0.2594 0.6511 0.0000
vt 0.3251 0.6594 0.0000
vt 0.3164 0.6595 0.0000
vt 0.3188 0.6731 0.0000
vt 0.3232 0.6510 0.0000
vt 0.3313 0.6743 0.0000
vt 0.3447 0.6534 0.0000
vt 0.2229 0.0710 0.0000
vt 0.2210 0.0622 0.0000
vt 0.2102 0.0700 0.0000
vt 0.2168 0.0782 0.0000
vt 0.2314 0.0714 0.0000
vt 0.2338 0.0590 0.0000
vt 0.2260 0.0819 0.0000
vt 0.5219 0.6337 0.0000
vt 0.5111 0.6404 0.0000
vt 0.5244 0.6604 0.0000
vt 0.5333 0.6454 0.0000
vt 0.5403 0.6270 0.0000
vt 0.5228 0.6200 0.0000
vt 0.5053 0.6226 0.0000
vt 0.5719 0.5340 0.0000
vt 0.5689 0.5109 0.0000
vt 0.5369 0.5108 0.0000
vt 0.5355 0.5300 0.0000
vt 0.6075 0.5246 0.0000
vt 0.6023 0.5069 0.0000
vt 0.5967 0.5539 0.0000
vt 0.6198 0.5429 0.0000
vt 0.5598 0.5533 0.0000
vt 0.5831 0.5675 0.0000
vt 0.5324 0.5477 0.0000
vt 0.7669 0.0659 0.0000
vt 0.7570 0.0643 0.0000
vt 0.7589 0.0849 0.0000
vt 0.7723 0.0821 0.0000
vt 0.7733 0.0599 0.0000
vt 0.7601 0.0517 0.0000
vt 0.7848 0.0773 0.0000
vt 0.7659 0.3521 0.0000
vt 0.7364 0.3508 0.0000
vt 0.7301 0.3750 0.0000
vt 0.7566 0.3761 0.0000
vt 0.7717 0.3794 0.0000
vt 0.7823 0.3614 0.0000
vt 0.7852 0.3399 0.0000
vt 0.7924 0.3509 0.0000
vt 0.7799 0.7277 0.0000
vt 0.7726 0.7145 0.0000
vt 0.7639 0.7226 0.0000
vt 0.7748 0.7347 0.0000
vt 0.7743 0.6131 0.0000
vt 0.7842 0.6115 0.0000
vt 0.7790 0.5967 0.0000
vt 0.7672 0.6041 0.0000
vt 0.7860 0.7434 0.0000
vt 0.7909 0.7322 0.0000
vt 0.7332 0.4533 0.0000
vt 0.6968 0.4562 0.0000
vt 0.6942 0.4801 0.0000
vt 0.7257 0.4818 0.0000
vt 0.7512 0.4892 0.0000
vt 0.7631 0.4730 0.0000
vt 0.7789 0.4558 0.0000
vt 0.7611 0.4408 0.0000
vt 0.6726 0.0570 0.0000
vt 0.6678 0.0485 0.0000
vt 0.6514 0.0666 0.0000
vt 0.6629 0.0733 0.0000
vt 0.6749 0.0787 0.0000
vt 0.6826 0.0573 0.0000
vt 0.6828 0.0423 0.0000
vt 0.1894 0.7129 0.0000
vt 0.1939 0.7201 0.0000
vt 0.2050 0.7115 0.0000
vt 0.2016 0.7036 0.0000
vt 0.1935 0.6967 0.0000
vt 0.1869 0.6960 0.0000
vt 0.1824 0.7099 0.0000
vt 0.2003 0.6961 0.0000
vt 0.2253 0.6317 0.0000
vt 0.2309 0.6397 0.0000
vt 0.2434 0.6390 0.0000
vt 0.2411 0.6318 0.0000
vt 0.2181 0.6356 0.0000
vt 0.2235 0.6418 0.0000
vt 0.2117 0.6245 0.0000
vt 0.2089 0.6295 0.0000
vt 0.2417 0.6232 0.0000
vt 0.2283 0.6212 0.0000
vt 0.2168 0.6174 0.0000
vt 0.1620 0.6910 0.0000
vt 0.1604 0.7064 0.0000
vt 0.1680 0.7061 0.0000
vt 0.1739 0.6905 0.0000
vt 0.1516 0.6946 0.0000
vt 0.1516 0.7081 0.0000
vt 0.1639 0.6794 0.0000
vt 0.1525 0.6820 0.0000
vt 0.8067 0.7974 0.0000
vt 0.8554 0.7999 0.0000
vt 0.8737 0.7807 0.0000
vt 0.8423 0.7732 0.0000
vt 0.8244 0.7653 0.0000
vt 0.8013 0.7830 0.0000
vt 0.8104 0.8140 0.0000
vt 0.8459 0.8165 0.0000
vt 0.1714 0.6185 0.0000
vt 0.1544 0.6368 0.0000
vt 0.1643 0.6361 0.0000
vt 0.1741 0.6273 0.0000
vt 0.1530 0.6120 0.0000
vt 0.1414 0.6296 0.0000
vt 0.1886 0.6221 0.0000
vt 0.1906 0.6140 0.0000
vt 0.1824 0.5981 0.0000
vt 0.1636 0.5907 0.0000
vt 0.3638 0.6512 0.0000
vt 0.3444 0.6768 0.0000
vt 0.3562 0.6852 0.0000
vt 0.3728 0.6704 0.0000
vt 0.3620 0.6224 0.0000
vt 0.3499 0.6264 0.0000
vt 0.3948 0.6615 0.0000
vt 0.3868 0.6415 0.0000
vt 0.3822 0.6198 0.0000
vt 0.1183 0.6938 0.0000
vt 0.1238 0.6715 0.0000
vt 0.1007 0.6645 0.0000
vt 0.0916 0.6850 0.0000
vt 0.1379 0.6882 0.0000
vt 0.1395 0.6717 0.0000
vt 0.1270 0.7063 0.0000
vt 0.1394 0.6995 0.0000
vt 0.0811 0.7043 0.0000
vt 0.1040 0.7122 0.0000
vt 0.1158 0.7180 0.0000
vt 0.1901 0.7851 0.0000
vt 0.2001 0.7908 0.0000
vt 0.2067 0.7793 0.0000
vt 0.1958 0.7764 0.0000
vt 0.2207 0.7779 0.0000
vt 0.2038 0.7958 0.0000
vt 0.2209 0.7882 0.0000
vt 0.1794 0.7939 0.0000
vt 0.1821 0.8037 0.0000
vt 0.1344 0.8303 0.0000
vt 0.1408 0.8466 0.0000
vt 0.1644 0.8307 0.0000
vt 0.1624 0.8191 0.0000
vt 0.1635 0.8096 0.0000
vt 0.1449 0.8123 0.0000
vt 0.1170 0.8232 0.0000
vt 0.0964 0.8383 0.0000
vt 0.1081 0.8521 0.0000
vt 0.1293 0.8096 0.0000
vt 0.1195 0.8674 0.0000
vt 0.3228 0.5669 0.0000
vt 0.3158 0.5808 0.0000
vt 0.3313 0.5909 0.0000
vt 0.3422 0.5795 0.0000
vt 0.2888 0.5668 0.0000
vt 0.2918 0.5772 0.0000
vt 0.3641 0.5657 0.0000
vt 0.3234 0.5430 0.0000
vt 0.2884 0.5478 0.0000
vt 0.3552 0.5336 0.0000
vt 0.5100 0.8652 0.0000
vt 0.5242 0.8879 0.0000
vt 0.5440 0.8786 0.0000
vt 0.5372 0.8630 0.0000
vt 0.4886 0.8819 0.0000
vt 0.5060 0.9009 0.0000
vt 0.5698 0.7012 0.0000
vt 0.5432 0.6809 0.0000
vt 0.5287 0.6955 0.0000
vt 0.5483 0.7177 0.0000
vt 0.5345 0.8414 0.0000
vt 0.5125 0.8385 0.0000
vt 0.5722 0.6744 0.0000
vt 0.5507 0.6616 0.0000
vt 0.9292 0.4184 0.0000
vt 0.9440 0.4100 0.0000
vt 0.9224 0.4025 0.0000
vt 0.9160 0.4122 0.0000
vt 0.9173 0.4378 0.0000
vt 0.9034 0.4253 0.0000
vt 0.9470 0.4323 0.0000
vt 0.7866 0.5240 0.0000
vt 0.7628 0.5118 0.0000
vt 0.7492 0.5286 0.0000
vt 0.7651 0.5406 0.0000
vt 0.7958 0.5026 0.0000
vt 0.7731 0.4967 0.0000
vt 0.7969 0.5461 0.0000
vt 0.8218 0.5414 0.0000
vt 0.8197 0.5227 0.0000
vt 0.7771 0.5563 0.0000
vt 0.8226 0.5057 0.0000
vt 0.9076 0.3064 0.0000
vt 0.9195 0.3163 0.0000
vt 0.9387 0.3034 0.0000
vt 0.8990 0.3158 0.0000
vt 0.9095 0.3240 0.0000
vt 0.8921 0.3009 0.0000
vt 0.8868 0.3108 0.0000
vt 0.9042 0.2751 0.0000
vt 0.9336 0.2733 0.0000
vt 0.1345 0.3774 0.0000
vt 0.1292 0.4102 0.0000
vt 0.1486 0.4151 0.0000
vt 0.1531 0.3820 0.0000
vt 0.1686 0.4199 0.0000
vt 0.1720 0.3864 0.0000
vt 0.1423 0.4472 0.0000
vt 0.1629 0.4528 0.0000
vt 0.1219 0.4413 0.0000
vt 0.1132 0.4702 0.0000
vt 0.1340 0.4779 0.0000
vt 0.9424 0.3324 0.0000
vt 0.9327 0.3347 0.0000
vt 0.9414 0.3605 0.0000
vt 0.9450 0.3603 0.0000
vt 0.9203 0.3398 0.0000
vt 0.9284 0.3617 0.0000
vt 0.9422 0.3775 0.0000
vt 0.9459 0.3774 0.0000
vt 0.9292 0.3778 0.0000
vt 0.9266 0.3911 0.0000
vt 0.9428 0.3931 0.0000
vt 0.9466 0.3933 0.0000
vt 0.9479 0.4098 0.0000
vt 0.0922 0.5217 0.0000
vt 0.1117 0.5354 0.0000
vt 0.1200 0.5160 0.0000
vt 0.0999 0.5043 0.0000
vt 0.0811 0.5454 0.0000
vt 0.1012 0.5580 0.0000
vt 0.9509 0.4325 0.0000
vt 0.0684 0.5704 0.0000
vt 0.0898 0.5812 0.0000
vt 0.9506 0.4576 0.0000
vt 0.9544 0.4571 0.0000
vt 0.9544 0.4813 0.0000
vt 0.9581 0.4805 0.0000
vt 0.9250 0.4654 0.0000
vt 0.9293 0.4884 0.0000
vt 0.9007 0.4751 0.0000
vt 0.9038 0.4954 0.0000
vt 0.8950 0.4552 0.0000
vt 0.8726 0.4662 0.0000
vt 0.8760 0.4832 0.0000
vt 0.8859 0.4401 0.0000
vt 0.8686 0.4528 0.0000
vt 0.8574 0.4582 0.0000
vt 0.8614 0.4693 0.0000
vt 0.8443 0.4608 0.0000
vt 0.8316 0.4586 0.0000
vt 0.8290 0.4731 0.0000
vt 0.8502 0.4723 0.0000
vt 0.8163 0.4537 0.0000
vt 0.8097 0.4694 0.0000
vt 0.8043 0.4472 0.0000
vt 0.7934 0.4634 0.0000
vt 0.7941 0.4394 0.0000
vt 0.7861 0.4313 0.0000
vt 0.7794 0.4226 0.0000
vt 0.7744 0.4142 0.0000
vt 0.7524 0.4226 0.0000
vt 0.7701 0.4046 0.0000
vt 0.7504 0.4097 0.0000
vt 0.7689 0.3951 0.0000
vt 0.7506 0.3966 0.0000
vt 0.7259 0.3978 0.0000
vt 0.7018 0.3743 0.0000
vt 0.6981 0.3990 0.0000
vt 0.7252 0.4131 0.0000
vt 0.6968 0.4153 0.0000
vt 0.6689 0.3992 0.0000
vt 0.6668 0.4163 0.0000
vt 0.6963 0.4317 0.0000
vt 0.7262 0.4287 0.0000
vt 0.6654 0.4332 0.0000
vt 0.6370 0.4162 0.0000
vt 0.6348 0.4338 0.0000
vt 0.6640 0.4580 0.0000
vt 0.6327 0.4598 0.0000
vt 0.6049 0.4337 0.0000
vt 0.6019 0.4613 0.0000
vt 0.6007 0.4889 0.0000
vt 0.6322 0.4852 0.0000
vt 0.5718 0.4619 0.0000
vt 0.5692 0.4911 0.0000
vt 0.5422 0.4612 0.0000
vt 0.5385 0.4910 0.0000
vt 0.5124 0.4595 0.0000
vt 0.5084 0.4896 0.0000
vt 0.4814 0.4577 0.0000
vt 0.4784 0.4885 0.0000
vt 0.5069 0.5094 0.0000
vt 0.4780 0.5090 0.0000
vt 0.4480 0.4890 0.0000
vt 0.4495 0.5102 0.0000
vt 0.4783 0.5291 0.0000
vt 0.5060 0.5288 0.0000
vt 0.4515 0.5312 0.0000
vt 0.4456 0.5107 0.0000
vt 0.4476 0.5316 0.0000
vt 0.4544 0.5518 0.0000
vt 0.4792 0.5489 0.0000
vt 0.4505 0.5523 0.0000
vt 0.4580 0.6476 0.0000
vt 0.4535 0.6246 0.0000
vt 0.4311 0.6293 0.0000
vt 0.4368 0.6517 0.0000
vt 0.4543 0.5728 0.0000
vt 0.4581 0.5721 0.0000
vt 0.4424 0.6741 0.0000
vt 0.4626 0.6707 0.0000
vt 0.4162 0.6560 0.0000
vt 0.4231 0.6778 0.0000
vt 0.4478 0.6972 0.0000
vt 0.4670 0.6944 0.0000
vt 0.4297 0.7002 0.0000
vt 0.4039 0.6818 0.0000
vt 0.4120 0.7031 0.0000
vt 0.4354 0.7234 0.0000
vt 0.4525 0.7213 0.0000
vt 0.4186 0.7254 0.0000
vt 0.3943 0.7072 0.0000
vt 0.4021 0.7275 0.0000
vt 0.4226 0.7480 0.0000
vt 0.4388 0.7475 0.0000
vt 0.4065 0.7486 0.0000
vt 0.3872 0.7322 0.0000
vt 0.3910 0.7505 0.0000
vt 0.4076 0.7699 0.0000
vt 0.4233 0.7711 0.0000
vt 0.3926 0.7695 0.0000
vt 0.3794 0.7532 0.0000
vt 0.3815 0.7707 0.0000
vt 0.3911 0.7884 0.0000
vt 0.4054 0.7914 0.0000
vt 0.3797 0.7858 0.0000
vt 0.3736 0.7700 0.0000
vt 0.3722 0.7843 0.0000
vt 0.3747 0.8020 0.0000
vt 0.3865 0.8071 0.0000
vt 0.3678 0.7987 0.0000
vt 0.3686 0.7839 0.0000
vt 0.3647 0.7967 0.0000
vt 0.3609 0.8120 0.0000
vt 0.3688 0.8169 0.0000
vt 0.3580 0.8095 0.0000
vt 0.3621 0.7958 0.0000
vt 0.3559 0.8068 0.0000
vt 0.3496 0.8193 0.0000
vt 0.3522 0.8232 0.0000
vt 0.3479 0.8161 0.0000
vt 0.3516 0.8035 0.0000
vt 0.3442 0.8119 0.0000
vt 0.3386 0.8237 0.0000
vt 0.3399 0.8268 0.0000
vt 0.3356 0.8186 0.0000
vt 0.3417 0.8089 0.0000
vt 0.3336 0.8150 0.0000
vt 0.3264 0.8234 0.0000
vt 0.3285 0.8294 0.0000
vt 0.3250 0.8192 0.0000
vt 0.0834 0.3587 0.0000
vt 0.0734 0.3564 0.0000
vt 0.0724 0.3624 0.0000
vt 0.0812 0.3645 0.0000
vt 0.3163 0.8217 0.0000
vt 0.3171 0.8265 0.0000
vt 0.0889 0.3678 0.0000
vt 0.0921 0.3626 0.0000
vt 0.8690 0.0262 0.0000
vt 0.8728 0.0239 0.0000
vt 0.8671 0.0113 0.0000
vt 0.8612 0.0144 0.0000
vt 0.0950 0.3719 0.0000
vt 0.0990 0.3672 0.0000
vt 0.8662 0.0287 0.0000
vt 0.8565 0.0180 0.0000
vt 0.8640 0.0313 0.0000
vt 0.8526 0.0221 0.0000
vt 0.8496 0.0263 0.0000
vt 0.8622 0.0339 0.0000
vt 0.8464 0.0616 0.0000
vt 0.8483 0.0656 0.0000
vt 0.8622 0.0582 0.0000
vt 0.8609 0.0558 0.0000
vt 0.8506 0.0693 0.0000
vt 0.8635 0.0606 0.0000
vt 0.9188 0.0320 0.0000
vt 0.9150 0.0251 0.0000
vt 0.9047 0.0323 0.0000
vt 0.9072 0.0370 0.0000
vt 0.9099 0.0190 0.0000
vt 0.9013 0.0282 0.0000
vt 0.8811 0.0081 0.0000
vt 0.8737 0.0091 0.0000
vt 0.8771 0.0223 0.0000
vt 0.8819 0.0214 0.0000
vt 0.8870 0.0215 0.0000
vt 0.8888 0.0086 0.0000
vt 0.0630 0.3620 0.0000
vt 0.0628 0.3559 0.0000
vt 0.0519 0.3576 0.0000
vt 0.0533 0.3636 0.0000
vt 0.0413 0.3616 0.0000
vt 0.0439 0.3671 0.0000
vt 0.3486 0.8012 0.0000
vt 0.3572 0.7935 0.0000
vt 0.3538 0.7919 0.0000
vt 0.3607 0.7823 0.0000
vt 0.3570 0.7815 0.0000
vt 0.3658 0.7833 0.0000
vt 0.3669 0.7702 0.0000
vt 0.3616 0.7703 0.0000
vt 0.3699 0.7702 0.0000
vt 0.3679 0.7562 0.0000
vt 0.3651 0.7571 0.0000
vt 0.3719 0.7550 0.0000
vt 0.3670 0.7407 0.0000
vt 0.3637 0.7432 0.0000
vt 0.3751 0.7371 0.0000
vt 0.3674 0.7218 0.0000
vt 0.3606 0.7269 0.0000
vt 0.3785 0.7142 0.0000
vt 0.3682 0.6986 0.0000
vt 0.3583 0.7089 0.0000
vt 0.3842 0.6878 0.0000
vt 0.3478 0.6986 0.0000
vt 0.3371 0.6917 0.0000
vt 0.3337 0.7016 0.0000
vt 0.3421 0.7067 0.0000
vt 0.3522 0.7159 0.0000
vt 0.3406 0.7135 0.0000
vt 0.3487 0.7207 0.0000
vt 0.3568 0.7306 0.0000
vt 0.3471 0.7247 0.0000
vt 0.3546 0.7339 0.0000
vt 0.3608 0.7449 0.0000
vt 0.3503 0.7376 0.0000
vt 0.3562 0.7474 0.0000
vt 0.3599 0.7585 0.0000
vt 0.3528 0.7492 0.0000
vt 0.3565 0.7594 0.0000
vt 0.3580 0.7705 0.0000
vt 0.0232 0.3760 0.0000
vt 0.0168 0.3860 0.0000
vt 0.0223 0.3886 0.0000
vt 0.0279 0.3799 0.0000
vt 0.0353 0.3726 0.0000
vt 0.0315 0.3678 0.0000
vt 0.8970 0.0249 0.0000
vt 0.9035 0.0141 0.0000
vt 0.8921 0.0227 0.0000
vt 0.8964 0.0106 0.0000
vt 0.9085 0.0419 0.0000
vt 0.9211 0.0392 0.0000
vt 0.0187 0.3981 0.0000
vt 0.0128 0.3968 0.0000
vt 0.0111 0.4079 0.0000
vt 0.0172 0.4078 0.0000
vt 0.0115 0.4183 0.0000
vt 0.0174 0.4170 0.0000
vt 0.3472 0.7403 0.0000
vt 0.3432 0.7295 0.0000
vt 0.3406 0.7331 0.0000
vt 0.3355 0.7235 0.0000
vt 0.3334 0.7276 0.0000
vt 0.3386 0.7175 0.0000
vt 0.3299 0.7129 0.0000
vt 0.3277 0.7194 0.0000
vt 0.3327 0.7092 0.0000
vt 0.3236 0.7061 0.0000
vt 0.3215 0.7097 0.0000
vt 0.3239 0.6973 0.0000
vt 0.3143 0.6952 0.0000
vt 0.3143 0.7045 0.0000
vt 0.3258 0.6881 0.0000
vt 0.3151 0.6868 0.0000
vt 0.3055 0.6864 0.0000
vt 0.3052 0.6942 0.0000
vt 0.3060 0.6778 0.0000
vt 0.2953 0.6865 0.0000
vt 0.2960 0.6941 0.0000
vt 0.2950 0.6787 0.0000
vt 0.2840 0.6794 0.0000
vt 0.2852 0.6874 0.0000
vt 0.2954 0.6712 0.0000
vt 0.2844 0.6715 0.0000
vt 0.3065 0.6704 0.0000
vt 0.2972 0.6642 0.0000
vt 0.2861 0.6640 0.0000
vt 0.3072 0.6638 0.0000
vt 0.2967 0.6590 0.0000
vt 0.2886 0.6581 0.0000
vt 0.3073 0.6569 0.0000
vt 0.3143 0.6532 0.0000
vt 0.3200 0.6477 0.0000
vt 0.3280 0.6431 0.0000
vt 0.3240 0.6408 0.0000
vt 0.3262 0.6329 0.0000
vt 0.3321 0.6338 0.0000
vt 0.3328 0.6254 0.0000
vt 0.3262 0.6262 0.0000
vt 0.3409 0.6295 0.0000
vt 0.3337 0.6469 0.0000
vt 0.3441 0.6094 0.0000
vt 0.3374 0.6142 0.0000
vt 0.3316 0.6048 0.0000
vt 0.3579 0.6023 0.0000
vt 0.3758 0.5975 0.0000
vt 0.3978 0.5900 0.0000
vt 0.3894 0.5570 0.0000
vt 0.4035 0.6125 0.0000
vt 0.4258 0.6069 0.0000
vt 0.4207 0.5843 0.0000
vt 0.4093 0.6344 0.0000
vt 0.4486 0.6017 0.0000
vt 0.4438 0.5789 0.0000
vt 0.4371 0.5447 0.0000
vt 0.4135 0.5505 0.0000
vt 0.4443 0.4895 0.0000
vt 0.4479 0.4568 0.0000
vt 0.4439 0.4571 0.0000
vt 0.4869 0.4268 0.0000
vt 0.4494 0.4246 0.0000
vt 0.5179 0.4292 0.0000
vt 0.5224 0.4091 0.0000
vt 0.4939 0.4063 0.0000
vt 0.5469 0.4314 0.0000
vt 0.5507 0.4117 0.0000
vt 0.5757 0.4330 0.0000
vt 0.5789 0.4138 0.0000
vt 0.6076 0.4153 0.0000
vt 0.6108 0.3969 0.0000
vt 0.5826 0.3947 0.0000
vt 0.6396 0.3984 0.0000
vt 0.6442 0.3717 0.0000
vt 0.6161 0.3692 0.0000
vt 0.6728 0.3735 0.0000
vt 0.7063 0.3490 0.0000
vt 0.6772 0.3473 0.0000
vt 0.7097 0.3207 0.0000
vt 0.6820 0.3199 0.0000
vt 0.7391 0.3187 0.0000
vt 0.7679 0.3123 0.0000
vt 0.7991 0.2998 0.0000
vt 0.8013 0.3286 0.0000
vt 0.8200 0.3179 0.0000
vt 0.8160 0.2934 0.0000
vt 0.8397 0.2882 0.0000
vt 0.8356 0.3099 0.0000
vt 0.8522 0.3024 0.0000
vt 0.8381 0.3214 0.0000
vt 0.8548 0.3123 0.0000
vt 0.8225 0.3310 0.0000
vt 0.8697 0.2783 0.0000
vt 0.8636 0.2470 0.0000
vt 0.8308 0.2558 0.0000
vt 0.8953 0.2399 0.0000
vt 0.9248 0.2343 0.0000
vt 0.1393 0.3348 0.0000
vt 0.1568 0.3385 0.0000
vt 0.1745 0.3423 0.0000
vt 0.1922 0.3904 0.0000
vt 0.1934 0.3461 0.0000
vt 0.1900 0.4243 0.0000
vt 0.2139 0.4280 0.0000
vt 0.2152 0.3937 0.0000
vt 0.1850 0.4582 0.0000
vt 0.2092 0.4628 0.0000
vt 0.1770 0.4920 0.0000
vt 0.2010 0.4983 0.0000
vt 0.1550 0.4851 0.0000
vt 0.1483 0.5060 0.0000
vt 0.1697 0.5145 0.0000
vt 0.1276 0.4971 0.0000
vt 0.1066 0.4878 0.0000
vt 0.1404 0.5264 0.0000
vt 0.1614 0.5364 0.0000
vt 0.1316 0.5473 0.0000
vt 0.1524 0.5581 0.0000
vt 0.1217 0.5694 0.0000
vt 0.1428 0.5803 0.0000
vt 0.1112 0.5915 0.0000
vt 0.1328 0.6020 0.0000
vt 0.1002 0.6130 0.0000
vt 0.1217 0.6222 0.0000
vt 0.0785 0.6038 0.0000
vt 0.0673 0.6259 0.0000
vt 0.0891 0.6344 0.0000
vt 0.0565 0.5944 0.0000
vt 0.0450 0.6172 0.0000
vt 0.0343 0.6402 0.0000
vt 0.0565 0.6477 0.0000
vt 0.9618 0.5031 0.0000
vt 0.9580 0.5039 0.0000
vt 0.9612 0.5264 0.0000
vt 0.9650 0.5257 0.0000
vt 0.9322 0.5098 0.0000
vt 0.9342 0.5310 0.0000
vt 0.9054 0.5151 0.0000
vt 0.9063 0.5348 0.0000
vt 0.8774 0.5192 0.0000
vt 0.8776 0.5375 0.0000
vt 0.8771 0.5012 0.0000
vt 0.8499 0.5050 0.0000
vt 0.8488 0.5220 0.0000
vt 0.8508 0.4883 0.0000
vt 0.8260 0.4890 0.0000
vt 0.8027 0.4859 0.0000
vt 0.7826 0.4803 0.0000
vt 0.8491 0.5395 0.0000
vt 0.8504 0.5582 0.0000
vt 0.8779 0.5563 0.0000
vt 0.8254 0.5615 0.0000
vt 0.8279 0.5813 0.0000
vt 0.8514 0.5781 0.0000
vt 0.8041 0.5663 0.0000
vt 0.8089 0.5856 0.0000
vt 0.7868 0.5733 0.0000
vt 0.7929 0.5909 0.0000
vt 0.7720 0.5819 0.0000
vt 0.7620 0.5679 0.0000
vt 0.7498 0.5558 0.0000
vt 0.7482 0.5807 0.0000
vt 0.7583 0.5918 0.0000
vt 0.7369 0.5708 0.0000
vt 0.7364 0.5458 0.0000
vt 0.7250 0.5625 0.0000
vt 0.7258 0.6745 0.0000
vt 0.7189 0.6934 0.0000
vt 0.7358 0.7011 0.0000
vt 0.7451 0.6851 0.0000
vt 0.7040 0.6676 0.0000
vt 0.7002 0.6886 0.0000
vt 0.6802 0.6659 0.0000
vt 0.6801 0.6861 0.0000
vt 0.6970 0.7084 0.0000
vt 0.7138 0.7123 0.0000
vt 0.6790 0.7068 0.0000
vt 0.6591 0.6880 0.0000
vt 0.6610 0.7075 0.0000
vt 0.6794 0.7241 0.0000
vt 0.6947 0.7255 0.0000
vt 0.6621 0.7255 0.0000
vt 0.6427 0.7113 0.0000
vt 0.6467 0.7301 0.0000
vt 0.6380 0.6934 0.0000
vt 0.6175 0.7024 0.0000
vt 0.6247 0.7182 0.0000
vt 0.6321 0.7366 0.0000
vt 0.6081 0.7278 0.0000
vt 0.6179 0.7456 0.0000
vt 0.5984 0.7140 0.0000
vt 0.5812 0.7272 0.0000
vt 0.5933 0.7393 0.0000
vt 0.6068 0.7553 0.0000
vt 0.5808 0.7518 0.0000
vt 0.5963 0.7665 0.0000
vt 0.5669 0.7412 0.0000
vt 0.5557 0.7557 0.0000
vt 0.5709 0.7649 0.0000
vt 0.5887 0.7771 0.0000
vt 0.5634 0.7787 0.0000
vt 0.5831 0.7873 0.0000
vt 0.5472 0.7706 0.0000
vt 0.5412 0.7862 0.0000
vt 0.5582 0.7928 0.0000
vt 0.5788 0.7988 0.0000
vt 0.5550 0.8081 0.0000
vt 0.5756 0.8112 0.0000
vt 0.5372 0.8030 0.0000
vt 0.5350 0.8214 0.0000
vt 0.5559 0.8240 0.0000
vt 0.5744 0.8243 0.0000
vt 0.5574 0.8411 0.0000
vt 0.5754 0.8384 0.0000
vt 0.5605 0.8571 0.0000
vt 0.5785 0.8521 0.0000
vt 0.5660 0.8701 0.0000
vt 0.5829 0.8630 0.0000
vt 0.5728 0.8821 0.0000
vt 0.5879 0.8729 0.0000
vt 0.5541 0.8933 0.0000
vt 0.5375 0.9042 0.0000
vt 0.5664 0.9064 0.0000
vt 0.5814 0.8942 0.0000
vt 0.5528 0.9189 0.0000
vt 0.5228 0.9174 0.0000
vt 0.5405 0.9324 0.0000
vt 0.5693 0.9317 0.0000
vt 0.5801 0.9182 0.0000
vt 0.5595 0.9457 0.0000
vt 0.5282 0.9473 0.0000
vt 0.5497 0.9604 0.0000
vt 0.5799 0.9569 0.0000
vt 0.5874 0.9427 0.0000
vt 0.5724 0.9714 0.0000
vt 0.5476 0.9636 0.0000
vt 0.5706 0.9748 0.0000
vt 0.5960 0.9804 0.0000
vt 0.6015 0.9659 0.0000
vt 0.5945 0.9839 0.0000
vt 0.3240 0.9751 0.0000
vt 0.3488 0.9640 0.0000
vt 0.3411 0.9468 0.0000
vt 0.3180 0.9569 0.0000
vt 0.6193 0.9909 0.0000
vt 0.6203 0.9872 0.0000
vt 0.2943 0.9641 0.0000
vt 0.2984 0.9834 0.0000
vt 0.3120 0.9394 0.0000
vt 0.2901 0.9456 0.0000
vt 0.2699 0.9685 0.0000
vt 0.2721 0.9886 0.0000
vt 0.2677 0.9492 0.0000
vt 0.2857 0.9268 0.0000
vt 0.2655 0.9293 0.0000
vt 0.2450 0.9502 0.0000
vt 0.2453 0.9702 0.0000
vt 0.2449 0.9295 0.0000
vt 0.2636 0.9087 0.0000
vt 0.2452 0.9080 0.0000
vt 0.2246 0.9273 0.0000
vt 0.2224 0.9486 0.0000
vt 0.2270 0.9051 0.0000
vt 0.2476 0.8872 0.0000
vt 0.2314 0.8832 0.0000
vt 0.2095 0.9003 0.0000
vt 0.2045 0.9229 0.0000
vt 0.2166 0.8775 0.0000
vt 0.2417 0.8633 0.0000
vt 0.2292 0.8575 0.0000
vt 0.2027 0.8707 0.0000
vt 0.1926 0.8932 0.0000
vt 0.2173 0.8511 0.0000
vt 0.2419 0.8429 0.0000
vt 0.2324 0.8367 0.0000
vt 0.2070 0.8433 0.0000
vt 0.1894 0.8616 0.0000
vt 0.2238 0.8301 0.0000
vt 0.2443 0.8267 0.0000
vt 0.2375 0.8205 0.0000
vt 0.2167 0.8229 0.0000
vt 0.1984 0.8353 0.0000
vt 0.2314 0.8139 0.0000
vt 0.2478 0.8138 0.0000
vt 0.2430 0.8075 0.0000
vt 0.2268 0.8064 0.0000
vt 0.2109 0.8149 0.0000
vt 0.2393 0.8008 0.0000
vt 0.2537 0.8020 0.0000
vt 0.2506 0.7963 0.0000
vt 0.2365 0.7932 0.0000
vt 0.2230 0.7978 0.0000
vt 0.2484 0.7899 0.0000
vt 0.2604 0.7926 0.0000
vt 0.2585 0.7873 0.0000
vt 0.2468 0.7836 0.0000
vt 0.2348 0.7853 0.0000
vt 0.2569 0.7820 0.0000
vt 0.1138 0.4362 0.0000
vt 0.1161 0.4306 0.0000
vt 0.1105 0.4281 0.0000
vt 0.1084 0.4330 0.0000
vt 0.2563 0.7764 0.0000
vt 0.2463 0.7768 0.0000
vt 0.1055 0.4375 0.0000
vt 0.1104 0.4412 0.0000
vt 0.8653 0.0627 0.0000
vt 0.8534 0.0729 0.0000
vt 0.1024 0.4419 0.0000
vt 0.1069 0.4461 0.0000
vt 0.8653 0.0667 0.0000
vt 0.8672 0.0647 0.0000
vt 0.8565 0.0761 0.0000
vt 0.8693 0.0664 0.0000
vt 0.8600 0.0790 0.0000
vt 0.8716 0.0679 0.0000
vt 0.8639 0.0814 0.0000
vt 0.8740 0.0691 0.0000
vt 0.8678 0.0833 0.0000
vt 0.8765 0.0700 0.0000
vt 0.8720 0.0848 0.0000
vt 0.8791 0.0707 0.0000
vt 0.8763 0.0858 0.0000
vt 0.8819 0.0711 0.0000
vt 0.8807 0.0862 0.0000
vt 0.8846 0.0713 0.0000
vt 0.8851 0.0863 0.0000
vt 0.8873 0.0709 0.0000
vt 0.8895 0.0857 0.0000
vt 0.8900 0.0706 0.0000
vt 0.8938 0.0848 0.0000
vt 0.8926 0.0696 0.0000
vt 0.8978 0.0834 0.0000
vt 0.8952 0.0687 0.0000
vt 0.9019 0.0815 0.0000
vt 0.8976 0.0671 0.0000
vt 0.9056 0.0791 0.0000
vt 0.9001 0.0655 0.0000
vt 0.9092 0.0762 0.0000
vt 0.9022 0.0633 0.0000
vt 0.9122 0.0730 0.0000
vt 0.9043 0.0609 0.0000
vt 0.9151 0.0695 0.0000
vt 0.9060 0.0580 0.0000
vt 0.9180 0.0643 0.0000
vt 0.9074 0.0547 0.0000
vt 0.9203 0.0587 0.0000
vt 0.9086 0.0511 0.0000
vt 0.9216 0.0526 0.0000
vt 0.9090 0.0467 0.0000
vt 0.9219 0.0463 0.0000
vt 0.0191 0.4253 0.0000
vt 0.0134 0.4277 0.0000
vt 0.0170 0.4354 0.0000
vt 0.0222 0.4320 0.0000
vt 0.0211 0.4420 0.0000
vt 0.0257 0.4380 0.0000
vt 0.3262 0.7243 0.0000
vt 0.3202 0.7168 0.0000
vt 0.3192 0.7220 0.0000
vt 0.3128 0.7151 0.0000
vt 0.3125 0.7206 0.0000
vt 0.3132 0.7079 0.0000
vt 0.3054 0.7071 0.0000
vt 0.3058 0.7147 0.0000
vt 0.3063 0.7035 0.0000
vt 0.2978 0.7038 0.0000
vt 0.2978 0.7074 0.0000
vt 0.2892 0.7045 0.0000
vt 0.2903 0.7085 0.0000
vt 0.2870 0.6951 0.0000
vt 0.2782 0.6969 0.0000
vt 0.2810 0.7069 0.0000
vt 0.2756 0.6888 0.0000
vt 0.2699 0.6996 0.0000
vt 0.2740 0.6803 0.0000
vt 0.2745 0.6718 0.0000
vt 0.2617 0.7032 0.0000
vt 0.2665 0.7103 0.0000
vt 0.2738 0.7099 0.0000
vt 0.2540 0.7079 0.0000
vt 0.2598 0.7143 0.0000
vt 0.2465 0.7132 0.0000
vt 0.2533 0.7191 0.0000
vt 0.2397 0.7070 0.0000
vt 0.2317 0.7132 0.0000
vt 0.2394 0.7190 0.0000
vt 0.2335 0.7010 0.0000
vt 0.2254 0.7073 0.0000
vt 0.2282 0.6958 0.0000
vt 0.2205 0.7016 0.0000
vt 0.2231 0.6908 0.0000
vt 0.2163 0.6959 0.0000
vt 0.2289 0.6849 0.0000
vt 0.2231 0.6813 0.0000
vt 0.2187 0.6865 0.0000
vt 0.2335 0.6786 0.0000
vt 0.2264 0.6754 0.0000
vt 0.2361 0.6722 0.0000
vt 0.2283 0.6699 0.0000
vt 0.2375 0.6659 0.0000
vt 0.2292 0.6648 0.0000
vt 0.2468 0.6664 0.0000
vt 0.2476 0.6593 0.0000
vt 0.2377 0.6594 0.0000
vt 0.2473 0.6527 0.0000
vt 0.2368 0.6531 0.0000
vt 0.2458 0.6460 0.0000
vt 0.2347 0.6465 0.0000
vt 0.2581 0.6450 0.0000
vt 0.2563 0.6385 0.0000
vt 0.2686 0.6425 0.0000
vt 0.2666 0.6377 0.0000
vt 0.3156 0.6058 0.0000
vt 0.3200 0.6023 0.0000
vt 0.3102 0.5955 0.0000
vt 0.3071 0.6006 0.0000
vt 0.3213 0.6124 0.0000
vt 0.3264 0.6089 0.0000
vt 0.2653 0.6266 0.0000
vt 0.2548 0.6251 0.0000
vt 0.2549 0.6321 0.0000
vt 0.2653 0.6323 0.0000
vt 0.2662 0.6209 0.0000
vt 0.2564 0.6186 0.0000
vt 0.2446 0.6149 0.0000
vt 0.2601 0.6116 0.0000
vt 0.2501 0.6065 0.0000
vt 0.2683 0.6153 0.0000
vt 0.2658 0.6052 0.0000
vt 0.2582 0.5988 0.0000
vt 0.2720 0.6091 0.0000
vt 0.2731 0.5984 0.0000
vt 0.2699 0.5906 0.0000
vt 0.2768 0.6043 0.0000
vt 0.2848 0.5935 0.0000
vt 0.2840 0.5861 0.0000
vt 0.2860 0.5997 0.0000
vt 0.2964 0.5933 0.0000
vt 0.3133 0.5902 0.0000
vt 0.2947 0.5856 0.0000
vt 0.2965 0.5982 0.0000
vt 0.3245 0.5972 0.0000
vt 0.2671 0.5839 0.0000
vt 0.2600 0.5706 0.0000
vt 0.2404 0.5820 0.0000
vt 0.2499 0.5911 0.0000
vt 0.2195 0.5888 0.0000
vt 0.2298 0.5948 0.0000
vt 0.2399 0.6006 0.0000
vt 0.2225 0.6068 0.0000
vt 0.2332 0.6109 0.0000
vt 0.2111 0.6034 0.0000
vt 0.2048 0.6145 0.0000
vt 0.1982 0.6006 0.0000
vt 0.2015 0.6212 0.0000
vt 0.1987 0.6267 0.0000
vt 0.1876 0.6271 0.0000
vt 0.2286 0.6535 0.0000
vt 0.2268 0.6477 0.0000
vt 0.2294 0.6593 0.0000
vt 0.1591 0.6609 0.0000
vt 0.1600 0.6534 0.0000
vt 0.1546 0.6531 0.0000
vt 0.1528 0.6612 0.0000
vt 0.1628 0.6461 0.0000
vt 0.1597 0.6426 0.0000
vt 0.1453 0.6526 0.0000
vt 0.1311 0.6497 0.0000
vt 0.1107 0.6430 0.0000
vt 0.0782 0.6557 0.0000
vt 0.0681 0.6770 0.0000
vt 0.0467 0.6704 0.0000
vt 0.0383 0.6939 0.0000
vt 0.0595 0.6988 0.0000
vt 0.0247 0.6641 0.0000
vt 0.0165 0.6891 0.0000
vt 0.9672 0.5490 0.0000
vt 0.9634 0.5494 0.0000
vt 0.9637 0.5732 0.0000
vt 0.9676 0.5731 0.0000
vt 0.9352 0.5522 0.0000
vt 0.9354 0.5739 0.0000
vt 0.9066 0.5545 0.0000
vt 0.9065 0.5750 0.0000
vt 0.8780 0.5762 0.0000
vt 0.8763 0.5970 0.0000
vt 0.9052 0.5965 0.0000
vt 0.8499 0.5987 0.0000
vt 0.8601 0.7539 0.0000
vt 0.8869 0.7622 0.0000
vt 0.8376 0.7464 0.0000
vt 0.8279 0.6013 0.0000
vt 0.8199 0.7404 0.0000
vt 0.8103 0.7576 0.0000
vt 0.8110 0.6043 0.0000
vt 0.8047 0.7358 0.0000
vt 0.7977 0.7510 0.0000
vt 0.7968 0.6079 0.0000
vt 0.7882 0.7613 0.0000
vt 0.7953 0.7719 0.0000
vt 0.7798 0.7507 0.0000
vt 0.7662 0.7649 0.0000
vt 0.7730 0.7734 0.0000
vt 0.7701 0.7407 0.0000
vt 0.7582 0.7565 0.0000
vt 0.7580 0.7316 0.0000
vt 0.7481 0.7487 0.0000
vt 0.7446 0.7241 0.0000
vt 0.7369 0.7421 0.0000
vt 0.7509 0.7109 0.0000
vt 0.7296 0.7179 0.0000
vt 0.7228 0.7363 0.0000
vt 0.7095 0.7296 0.0000
vt 0.7606 0.6987 0.0000
vt 0.7791 0.7827 0.0000
vt 0.7838 0.7913 0.0000
vt 0.7880 0.8016 0.0000
vt 0.7918 0.8173 0.0000
vt 0.7930 0.8317 0.0000
vt 0.8114 0.8324 0.0000
vt 0.7919 0.8453 0.0000
vt 0.8098 0.8487 0.0000
vt 0.7889 0.8580 0.0000
vt 0.8061 0.8643 0.0000
vt 0.7843 0.8697 0.0000
vt 0.8000 0.8786 0.0000
vt 0.7772 0.8815 0.0000
vt 0.7902 0.8916 0.0000
vt 0.7675 0.8931 0.0000
vt 0.7782 0.9036 0.0000
vt 0.7562 0.9035 0.0000
vt 0.7641 0.9143 0.0000
vt 0.7429 0.9131 0.0000
vt 0.7484 0.9236 0.0000
vt 0.7273 0.9211 0.0000
vt 0.7310 0.9310 0.0000
vt 0.7099 0.9266 0.0000
vt 0.7124 0.9361 0.0000
vt 0.6920 0.9289 0.0000
vt 0.6930 0.9386 0.0000
vt 0.6739 0.9309 0.0000
vt 0.6733 0.9400 0.0000
vt 0.6563 0.9295 0.0000
vt 0.6536 0.9383 0.0000
vt 0.6394 0.9232 0.0000
vt 0.6356 0.9326 0.0000
vt 0.6254 0.9150 0.0000
vt 0.6194 0.9248 0.0000
vt 0.6134 0.9057 0.0000
vt 0.6047 0.9157 0.0000
vt 0.6032 0.8950 0.0000
vt 0.5921 0.9054 0.0000
vt 0.5940 0.8837 0.0000
vt 0.5956 0.9288 0.0000
vt 0.6126 0.9380 0.0000
vt 0.6068 0.9517 0.0000
vt 0.6275 0.9586 0.0000
vt 0.6313 0.9452 0.0000
vt 0.6240 0.9726 0.0000
vt 0.6473 0.9769 0.0000
vt 0.6492 0.9632 0.0000
vt 0.6453 0.9915 0.0000
vt 0.6447 0.9953 0.0000
vt 0.6707 0.9928 0.0000
vt 0.6711 0.9786 0.0000
vt 0.6706 0.9966 0.0000
vt 0.2454 0.9906 0.0000
vt 0.6963 0.9956 0.0000
vt 0.6961 0.9918 0.0000
vt 0.2203 0.9690 0.0000
vt 0.2183 0.9895 0.0000
vt 0.1956 0.9648 0.0000
vt 0.1912 0.9857 0.0000
vt 0.1999 0.9443 0.0000
vt 0.1779 0.9375 0.0000
vt 0.1712 0.9578 0.0000
vt 0.1851 0.9161 0.0000
vt 0.1666 0.9069 0.0000
vt 0.1568 0.9280 0.0000
vt 0.1768 0.8843 0.0000
vt 0.1623 0.8734 0.0000
vt 0.1493 0.8957 0.0000
vt 0.1781 0.8518 0.0000
vt 0.1696 0.8416 0.0000
vt 0.1499 0.8611 0.0000
vt 0.1913 0.8268 0.0000
vt 0.1868 0.8179 0.0000
vt 0.2065 0.8060 0.0000
vt 0.1841 0.8082 0.0000
vt 0.1334 0.8825 0.0000
vt 0.1185 0.9018 0.0000
vt 0.1369 0.9160 0.0000
vt 0.1020 0.8858 0.0000
vt 0.0860 0.9021 0.0000
vt 0.1046 0.9196 0.0000
vt 0.0878 0.8687 0.0000
vt 0.0698 0.8829 0.0000
vt 0.0754 0.8507 0.0000
vt 0.0561 0.8622 0.0000
vt 0.0649 0.8317 0.0000
vt 0.0450 0.8402 0.0000
vt 0.0858 0.8226 0.0000
vt 0.1052 0.8126 0.0000
vt 0.0773 0.8053 0.0000
vt 0.0568 0.8111 0.0000
vt 0.0967 0.7987 0.0000
vt 0.1185 0.8024 0.0000
vt 0.1105 0.7915 0.0000
vt 0.0907 0.7821 0.0000
vt 0.0717 0.7859 0.0000
vt 0.1052 0.7779 0.0000
vt 0.1228 0.7830 0.0000
vt 0.1177 0.7733 0.0000
vt 0.1024 0.7633 0.0000
vt 0.0884 0.7643 0.0000
vt 0.1152 0.7614 0.0000
vt 0.1155 0.7486 0.0000
vt 0.1032 0.7472 0.0000
vt 0.1242 0.7596 0.0000
vt 0.1242 0.7499 0.0000
vt 0.1271 0.7401 0.0000
vt 0.1189 0.7363 0.0000
vt 0.1322 0.7321 0.0000
vt 0.1250 0.7256 0.0000
vt 0.1268 0.7691 0.0000
vt 0.1312 0.7765 0.0000
vt 0.1298 0.7909 0.0000
vt 0.1371 0.7824 0.0000
vt 0.1386 0.7962 0.0000
vt 0.1503 0.7986 0.0000
vt 0.1616 0.7983 0.0000
vt 0.1650 0.7896 0.0000
vt 0.1586 0.7903 0.0000
vt 0.1711 0.7879 0.0000
vt 0.1768 0.7850 0.0000
vt 0.1838 0.7794 0.0000
vt 0.1991 0.7677 0.0000
vt 0.1916 0.7652 0.0000
vt 0.1886 0.7727 0.0000
vt 0.2021 0.7572 0.0000
vt 0.1932 0.7571 0.0000
vt 0.1927 0.7484 0.0000
vt 0.1904 0.7405 0.0000
vt 0.1877 0.7352 0.0000
vt 0.1840 0.7304 0.0000
vt 0.1797 0.7267 0.0000
vt 0.1750 0.7236 0.0000
vt 0.1751 0.7076 0.0000
vt 0.1701 0.7214 0.0000
vt 0.1644 0.7199 0.0000
vt 0.1806 0.6941 0.0000
vt 0.1588 0.7196 0.0000
vt 0.1520 0.7202 0.0000
vt 0.1423 0.7115 0.0000
vt 0.1454 0.7222 0.0000
vt 0.1331 0.7171 0.0000
vt 0.1074 0.7317 0.0000
vt 0.0943 0.7285 0.0000
vt 0.0894 0.7464 0.0000
vt 0.0740 0.7245 0.0000
vt 0.0699 0.7452 0.0000
vt 0.0533 0.7212 0.0000
vt 0.0495 0.7440 0.0000
vt 0.0322 0.7182 0.0000
vt 0.0287 0.7430 0.0000
vt 0.0102 0.7152 0.0000
vt 0.0068 0.7423 0.0000
vt 0.9728 0.7928 0.0000
vt 0.9692 0.7912 0.0000
vt 0.9580 0.8134 0.0000
vt 0.9615 0.8152 0.0000
vt 0.9662 0.5978 0.0000
vt 0.9623 0.5977 0.0000
vt 0.9430 0.7809 0.0000
vt 0.9325 0.8019 0.0000
vt 0.9341 0.5967 0.0000
vt 0.9153 0.7714 0.0000
vt 0.9046 0.7907 0.0000
vt 0.8918 0.8087 0.0000
vt 0.9207 0.8217 0.0000
vt 0.8805 0.8249 0.0000
vt 0.9086 0.8400 0.0000
vt 0.8716 0.8418 0.0000
vt 0.8962 0.8577 0.0000
vt 0.8409 0.8350 0.0000
vt 0.8361 0.8536 0.0000
vt 0.8623 0.8607 0.0000
vt 0.8290 0.8713 0.0000
vt 0.8504 0.8801 0.0000
vt 0.8181 0.8884 0.0000
vt 0.8348 0.8985 0.0000
vt 0.8046 0.9032 0.0000
vt 0.8180 0.9146 0.0000
vt 0.7894 0.9161 0.0000
vt 0.8001 0.9285 0.0000
vt 0.7727 0.9271 0.0000
vt 0.7810 0.9401 0.0000
vt 0.7546 0.9363 0.0000
vt 0.7607 0.9495 0.0000
vt 0.7355 0.9436 0.0000
vt 0.7394 0.9568 0.0000
vt 0.7150 0.9486 0.0000
vt 0.7172 0.9617 0.0000
vt 0.6939 0.9512 0.0000
vt 0.6945 0.9643 0.0000
vt 0.6725 0.9520 0.0000
vt 0.6717 0.9650 0.0000
vt 0.6513 0.9501 0.0000
vt 0.6951 0.9778 0.0000
vt 0.7192 0.9751 0.0000
vt 0.7214 0.9888 0.0000
vt 0.7220 0.9926 0.0000
vt 0.7466 0.9839 0.0000
vt 0.7430 0.9701 0.0000
vt 0.7476 0.9875 0.0000
vt 0.1645 0.9785 0.0000
vt 0.7729 0.9801 0.0000
vt 0.7716 0.9765 0.0000
vt 0.1476 0.9477 0.0000
vt 0.1386 0.9679 0.0000
vt 0.1253 0.9349 0.0000
vt 0.1139 0.9541 0.0000
vt 0.0908 0.9375 0.0000
vt 0.8214 0.9584 0.0000
vt 0.8194 0.9551 0.0000
vt 0.7959 0.9668 0.0000
vt 0.7976 0.9703 0.0000
vt 0.8438 0.9448 0.0000
vt 0.8416 0.9417 0.0000
vt 0.0701 0.9183 0.0000
vt 0.8648 0.9299 0.0000
vt 0.8624 0.9269 0.0000
vt 0.0520 0.8970 0.0000
vt 0.8844 0.9135 0.0000
vt 0.8818 0.9108 0.0000
vt 0.0368 0.8739 0.0000
vt 0.9026 0.8959 0.0000
vt 0.8998 0.8933 0.0000
vt 0.0246 0.8492 0.0000
vt 0.9193 0.8773 0.0000
vt 0.9163 0.8749 0.0000
vt 0.0366 0.8171 0.0000
vt 0.0154 0.8234 0.0000
vt 0.0310 0.7929 0.0000
vt 0.0094 0.7969 0.0000
vt 0.0513 0.7894 0.0000
vt 0.0488 0.7668 0.0000
vt 0.0282 0.7681 0.0000
vt 0.0692 0.7657 0.0000
vt 0.0065 0.7698 0.0000
vt 0.9488 0.8369 0.0000
vt 0.9454 0.8350 0.0000
vt 0.9315 0.8555 0.0000
vt 0.9347 0.8576 0.0000
vt 0.8822 0.8761 0.0000
vt 0.8662 0.8942 0.0000
vt 0.8486 0.9112 0.0000
vt 0.8300 0.9271 0.0000
vt 0.8101 0.9413 0.0000
vt 0.7887 0.9532 0.0000
vt 0.7663 0.9628 0.0000
vt 0.1385 0.7261 0.0000
vt 0.2108 0.7687 0.0000
vt 0.2149 0.7584 0.0000
vt 0.2233 0.7685 0.0000
vt 0.2261 0.7600 0.0000
vt 0.2291 0.7518 0.0000
vt 0.2368 0.7619 0.0000
vt 0.2390 0.7547 0.0000
vt 0.2325 0.7441 0.0000
vt 0.2417 0.7480 0.0000
vt 0.2487 0.7575 0.0000
vt 0.2509 0.7516 0.0000
vt 0.2450 0.7415 0.0000
vt 0.2367 0.7372 0.0000
vt 0.2536 0.7459 0.0000
vt 0.2589 0.7546 0.0000
vt 0.2609 0.7496 0.0000
vt 0.2568 0.7406 0.0000
vt 0.2489 0.7356 0.0000
vt 0.2635 0.7447 0.0000
vt 0.0824 0.4623 0.0000
vt 0.0879 0.4601 0.0000
vt 0.0855 0.4544 0.0000
vt 0.0806 0.4564 0.0000
vt 0.2668 0.7402 0.0000
vt 0.2607 0.7355 0.0000
vt 0.0754 0.4577 0.0000
vt 0.0766 0.4637 0.0000
vt 0.2702 0.7358 0.0000
vt 0.2651 0.7307 0.0000
vt 0.0701 0.4587 0.0000
vt 0.0707 0.4648 0.0000
vt 0.2745 0.7322 0.0000
vt 0.2699 0.7265 0.0000
vt 0.0648 0.4587 0.0000
vt 0.0646 0.4648 0.0000
vt 0.2788 0.7286 0.0000
vt 0.2750 0.7228 0.0000
vt 0.0594 0.4586 0.0000
vt 0.0586 0.4647 0.0000
vt 0.2837 0.7261 0.0000
vt 0.2804 0.7201 0.0000
vt 0.0542 0.4574 0.0000
vt 0.0529 0.4634 0.0000
vt 0.2886 0.7236 0.0000
vt 0.2861 0.7177 0.0000
vt 0.0490 0.4561 0.0000
vt 0.0471 0.4620 0.0000
vt 0.2943 0.7221 0.0000
vt 0.2925 0.7160 0.0000
vt 0.3001 0.7207 0.0000
vt 0.2990 0.7149 0.0000
vt 0.0414 0.4592 0.0000
vt 0.0439 0.4536 0.0000
vt 0.0389 0.4511 0.0000
vt 0.0357 0.4564 0.0000
vt 0.3063 0.7205 0.0000
vt 0.0343 0.4473 0.0000
vt 0.0306 0.4522 0.0000
vt 0.0298 0.4432 0.0000
vt 0.0256 0.4478 0.0000
vt 0.2832 0.7103 0.0000
vt 0.2765 0.7129 0.0000
vt 0.2703 0.7160 0.0000
vt 0.2644 0.7199 0.0000
vt 0.2588 0.7245 0.0000
vt 0.2535 0.7298 0.0000
vt 0.2472 0.7247 0.0000
vt 0.2416 0.7308 0.0000
vt 0.2326 0.7253 0.0000
vt 0.2238 0.7194 0.0000
vt 0.2174 0.7131 0.0000
vt 0.2126 0.7067 0.0000
vt 0.2091 0.7002 0.0000
vt 0.2066 0.6944 0.0000
vt 0.2130 0.6910 0.0000
vt 0.0932 0.4573 0.0000
vt 0.0981 0.4542 0.0000
vt 0.0946 0.4491 0.0000
vt 0.0902 0.4520 0.0000
vt 0.2573 0.7599 0.0000
vt 0.1026 0.4502 0.0000
vt 0.0986 0.4456 0.0000
vt 0.2473 0.7638 0.0000
vt 0.2564 0.7653 0.0000
vt 0.2464 0.7703 0.0000
vt 0.2558 0.7708 0.0000
vt 0.2352 0.7695 0.0000
vt 0.2345 0.7771 0.0000
vt 0.1525 0.7896 0.0000
vt 0.1443 0.7870 0.0000
vt 0.1527 0.6696 0.0000
vt 0.1598 0.6683 0.0000
vt 0.1683 0.6378 0.0000
vt 0.1765 0.6313 0.0000
vt 0.2077 0.5830 0.0000
vt 0.1925 0.5765 0.0000
vt 0.1830 0.5457 0.0000
vt 0.1732 0.5682 0.0000
vt 0.1929 0.5227 0.0000
vt 0.2284 0.5020 0.0000
vt 0.2353 0.4659 0.0000
vt 0.2580 0.5039 0.0000
vt 0.2630 0.4666 0.0000
vt 0.2910 0.5015 0.0000
vt 0.2915 0.4643 0.0000
vt 0.2902 0.5263 0.0000
vt 0.3228 0.5192 0.0000
vt 0.3210 0.4951 0.0000
vt 0.3516 0.5104 0.0000
vt 0.3488 0.4868 0.0000
vt 0.3781 0.5014 0.0000
vt 0.3749 0.4781 0.0000
vt 0.3819 0.5243 0.0000
vt 0.4068 0.5167 0.0000
vt 0.4031 0.4938 0.0000
vt 0.4310 0.5106 0.0000
vt 0.4274 0.4874 0.0000
vt 0.4456 0.4245 0.0000
vt 0.4652 0.4036 0.0000
vt 0.4480 0.4025 0.0000
vt 0.4737 0.3828 0.0000
vt 0.4513 0.3804 0.0000
vt 0.4998 0.3859 0.0000
vt 0.5079 0.3552 0.0000
vt 0.4823 0.3513 0.0000
vt 0.5271 0.3891 0.0000
vt 0.5343 0.3591 0.0000
vt 0.5547 0.3920 0.0000
vt 0.5613 0.3628 0.0000
vt 0.5886 0.3662 0.0000
vt 0.6221 0.3415 0.0000
vt 0.5952 0.3379 0.0000
vt 0.6494 0.3447 0.0000
vt 0.6549 0.3171 0.0000
vt 0.6284 0.3137 0.0000
vt 0.6883 0.2819 0.0000
vt 0.6626 0.2798 0.0000
vt 0.7142 0.2818 0.0000
vt 0.7410 0.2790 0.0000
vt 0.7690 0.2733 0.0000
vt 0.7989 0.2652 0.0000
vt 0.8268 0.2227 0.0000
vt 0.7980 0.2307 0.0000
vt 0.8562 0.2138 0.0000
vt 0.8850 0.2049 0.0000
vt 0.9132 0.1966 0.0000
vt 0.1431 0.2930 0.0000
vt 0.1595 0.2961 0.0000
vt 0.1758 0.2994 0.0000
vt 0.1934 0.3031 0.0000
vt 0.2151 0.3493 0.0000
vt 0.2141 0.3066 0.0000
vt 0.2394 0.3955 0.0000
vt 0.2386 0.3511 0.0000
vt 0.2641 0.3954 0.0000
vt 0.2624 0.3505 0.0000
vt 0.2388 0.4301 0.0000
vt 0.2646 0.4303 0.0000
vt 0.2908 0.4279 0.0000
vt 0.3190 0.4587 0.0000
vt 0.3166 0.4226 0.0000
vt 0.3454 0.4510 0.0000
vt 0.3707 0.4427 0.0000
vt 0.3997 0.4705 0.0000
vt 0.3950 0.4353 0.0000
vt 0.4240 0.4642 0.0000
vt 0.4190 0.4292 0.0000
vt 0.4578 0.3473 0.0000
vt 0.4907 0.3196 0.0000
vt 0.4660 0.3143 0.0000
vt 0.5161 0.3246 0.0000
vt 0.5420 0.3293 0.0000
vt 0.5684 0.3338 0.0000
vt 0.5761 0.3050 0.0000
vt 0.5503 0.2999 0.0000
vt 0.6021 0.3096 0.0000
vt 0.6119 0.2721 0.0000
vt 0.5869 0.2669 0.0000
vt 0.6372 0.2764 0.0000
vt 0.6701 0.2425 0.0000
vt 0.6460 0.2393 0.0000
vt 0.6943 0.2440 0.0000
vt 0.7188 0.2436 0.0000
vt 0.7439 0.2414 0.0000
vt 0.7702 0.2371 0.0000
vt 0.7953 0.1958 0.0000
vt 0.7702 0.2014 0.0000
vt 0.8210 0.1883 0.0000
vt 0.8470 0.1795 0.0000
vt 0.8726 0.1696 0.0000
vt 0.8978 0.1594 0.0000
vt 0.1466 0.2509 0.0000
vt 0.1622 0.2538 0.0000
vt 0.1777 0.2571 0.0000
vt 0.1944 0.2611 0.0000
vt 0.2134 0.2654 0.0000
vt 0.2370 0.3086 0.0000
vt 0.2350 0.2680 0.0000
vt 0.2603 0.3076 0.0000
vt 0.2862 0.3473 0.0000
vt 0.2835 0.3038 0.0000
vt 0.2890 0.3926 0.0000
vt 0.3138 0.3874 0.0000
vt 0.3099 0.3420 0.0000
vt 0.3419 0.4153 0.0000
vt 0.3383 0.3804 0.0000
vt 0.3665 0.4075 0.0000
vt 0.3623 0.3728 0.0000
vt 0.3904 0.4001 0.0000
vt 0.3858 0.3653 0.0000
vt 0.4141 0.3941 0.0000
vt 0.4091 0.3591 0.0000
vt 0.4759 0.2818 0.0000
vt 0.5002 0.2884 0.0000
vt 0.5250 0.2943 0.0000
vt 0.5622 0.2610 0.0000
vt 0.5380 0.2545 0.0000
vt 0.5984 0.2293 0.0000
vt 0.5751 0.2229 0.0000
vt 0.6221 0.2348 0.0000
vt 0.6549 0.2024 0.0000
vt 0.6327 0.1979 0.0000
vt 0.6773 0.2054 0.0000
vt 0.6998 0.2068 0.0000
vt 0.7226 0.2066 0.0000
vt 0.7460 0.2048 0.0000
vt 0.7684 0.1656 0.0000
vt 0.7470 0.1686 0.0000
vt 0.7905 0.1606 0.0000
vt 0.8128 0.1536 0.0000
vt 0.8351 0.1447 0.0000
vt 0.8570 0.1344 0.0000
vt 0.8786 0.1232 0.0000
vt 0.1513 0.2087 0.0000
vt 0.1660 0.2118 0.0000
vt 0.1808 0.2156 0.0000
vt 0.1968 0.2200 0.0000
vt 0.2142 0.2249 0.0000
vt 0.2338 0.2287 0.0000
vt 0.2576 0.2671 0.0000
vt 0.2535 0.2278 0.0000
vt 0.2797 0.2619 0.0000
vt 0.3061 0.2979 0.0000
vt 0.3007 0.2547 0.0000
vt 0.3333 0.3351 0.0000
vt 0.3281 0.2908 0.0000
vt 0.3564 0.3276 0.0000
vt 0.3495 0.2832 0.0000
vt 0.3790 0.3198 0.0000
vt 0.4017 0.3135 0.0000
vt 0.4910 0.2395 0.0000
vt 0.5142 0.2473 0.0000
vt 0.5302 0.2072 0.0000
vt 0.5087 0.1981 0.0000
vt 0.5523 0.2154 0.0000
vt 0.5893 0.1852 0.0000
vt 0.5685 0.1772 0.0000
vt 0.6108 0.1922 0.0000
vt 0.6439 0.1613 0.0000
vt 0.6242 0.1554 0.0000
vt 0.6641 0.1659 0.0000
vt 0.6845 0.1689 0.0000
vt 0.7051 0.1703 0.0000
vt 0.7259 0.1702 0.0000
vt 0.7468 0.1415 0.0000
vt 0.7277 0.1429 0.0000
vt 0.7661 0.1387 0.0000
vt 0.7627 0.1119 0.0000
vt 0.7459 0.1143 0.0000
vt 0.7856 0.1342 0.0000
vt 0.7794 0.1081 0.0000
vt 0.8052 0.1276 0.0000
vt 0.7959 0.1023 0.0000
vt 0.8245 0.1190 0.0000
vt 0.8116 0.0942 0.0000
vt 0.8430 0.1086 0.0000
vt 0.8266 0.0846 0.0000
vt 0.8611 0.0971 0.0000
vt 0.8409 0.0734 0.0000
vt 0.1562 0.1762 0.0000
vt 0.1700 0.1803 0.0000
vt 0.1756 0.1492 0.0000
vt 0.1624 0.1443 0.0000
vt 0.1840 0.1850 0.0000
vt 0.1885 0.1548 0.0000
vt 0.1991 0.1899 0.0000
vt 0.2020 0.1600 0.0000
vt 0.2153 0.1949 0.0000
vt 0.2163 0.1649 0.0000
vt 0.2326 0.1987 0.0000
vt 0.2312 0.1680 0.0000
vt 0.2493 0.1981 0.0000
vt 0.2457 0.1678 0.0000
vt 0.2733 0.2213 0.0000
vt 0.2673 0.1920 0.0000
vt 0.2924 0.2131 0.0000
vt 0.3207 0.2469 0.0000
vt 0.3110 0.2048 0.0000
vt 0.3403 0.2392 0.0000
vt 0.3707 0.2752 0.0000
vt 0.3605 0.2315 0.0000
vt 0.3928 0.2683 0.0000
vt 0.3816 0.2246 0.0000
vt 0.5483 0.1681 0.0000
vt 0.5288 0.1584 0.0000
vt 0.5866 0.1396 0.0000
vt 0.5689 0.1300 0.0000
vt 0.6051 0.1481 0.0000
vt 0.6353 0.1280 0.0000
vt 0.6183 0.1206 0.0000
vt 0.6531 0.1342 0.0000
vt 0.6632 0.1070 0.0000
vt 0.6480 0.1010 0.0000
vt 0.6714 0.1388 0.0000
vt 0.6792 0.1114 0.0000
vt 0.6900 0.1417 0.0000
vt 0.6954 0.1141 0.0000
vt 0.7087 0.1430 0.0000
vt 0.7120 0.1154 0.0000
vt 0.7289 0.1155 0.0000
vt 0.7448 0.0865 0.0000
vt 0.7303 0.0874 0.0000
vt 0.7963 0.0704 0.0000
vt 0.8071 0.0619 0.0000
vt 0.8176 0.0522 0.0000
vt 0.1835 0.1189 0.0000
vt 0.1710 0.1125 0.0000
vt 0.1952 0.1251 0.0000
vt 0.2069 0.1305 0.0000
vt 0.2187 0.1349 0.0000
vt 0.2304 0.1378 0.0000
vt 0.2613 0.1636 0.0000
vt 0.2850 0.1838 0.0000
vt 0.2772 0.1564 0.0000
vt 0.3026 0.1753 0.0000
vt 0.2930 0.1481 0.0000
vt 0.3294 0.1970 0.0000
vt 0.3200 0.1670 0.0000
vt 0.3483 0.1895 0.0000
vt 0.3676 0.1820 0.0000
vt 0.5521 0.1197 0.0000
vt 0.5869 0.1019 0.0000
vt 0.5724 0.0912 0.0000
vt 0.6020 0.1119 0.0000
vt 0.6200 0.0845 0.0000
vt 0.6076 0.0748 0.0000
vt 0.6333 0.0933 0.0000
vt 0.6876 0.0830 0.0000
vt 0.7012 0.0858 0.0000
vt 0.7157 0.0873 0.0000
vt 0.7184 0.0668 0.0000
vt 0.7049 0.0651 0.0000
vt 0.7320 0.0671 0.0000
vt 0.7353 0.0484 0.0000
vt 0.7216 0.0473 0.0000
vt 0.7454 0.0662 0.0000
vt 0.7483 0.0492 0.0000
vt 0.7525 0.0377 0.0000
vt 0.7389 0.0345 0.0000
vt 0.7657 0.0429 0.0000
vt 0.7731 0.0356 0.0000
vt 0.7581 0.0282 0.0000
vt 0.7822 0.0545 0.0000
vt 0.7908 0.0475 0.0000
vt 0.7996 0.0393 0.0000
vt 0.7812 0.0281 0.0000
vt 0.1798 0.0910 0.0000
vt 0.1910 0.0990 0.0000
vt 0.2003 0.0821 0.0000
vt 0.1916 0.0727 0.0000
vt 0.2018 0.1057 0.0000
vt 0.2097 0.0893 0.0000
vt 0.2125 0.1108 0.0000
vt 0.2194 0.0941 0.0000
vt 0.2229 0.1142 0.0000
vt 0.2292 0.0970 0.0000
vt 0.2327 0.1162 0.0000
vt 0.2391 0.0992 0.0000
vt 0.2468 0.0878 0.0000
vt 0.2360 0.0845 0.0000
vt 0.2580 0.0942 0.0000
vt 0.2681 0.0845 0.0000
vt 0.2547 0.0766 0.0000
vt 0.2706 0.1065 0.0000
vt 0.2825 0.0977 0.0000
vt 0.2813 0.1227 0.0000
vt 0.2945 0.1136 0.0000
vt 0.3085 0.1392 0.0000
vt 0.3373 0.1589 0.0000
vt 0.3238 0.1300 0.0000
vt 0.3546 0.1507 0.0000
vt 0.3389 0.1206 0.0000
vt 0.5955 0.0642 0.0000
vt 0.6315 0.0496 0.0000
vt 0.6218 0.0397 0.0000
vt 0.6412 0.0586 0.0000
vt 0.6592 0.0423 0.0000
vt 0.6510 0.0343 0.0000
vt 0.6789 0.0323 0.0000
vt 0.6736 0.0227 0.0000
vt 0.6951 0.0299 0.0000
vt 0.6936 0.0181 0.0000
vt 0.6952 0.0431 0.0000
vt 0.7080 0.0456 0.0000
vt 0.7098 0.0307 0.0000
vt 0.6927 0.0617 0.0000
vt 0.7243 0.0322 0.0000
vt 0.7272 0.0196 0.0000
vt 0.7111 0.0177 0.0000
vt 0.7431 0.0231 0.0000
vt 0.7484 0.0131 0.0000
vt 0.7307 0.0083 0.0000
vt 0.7645 0.0195 0.0000
vt 0.2047 0.0598 0.0000
vt 0.2187 0.0510 0.0000
vt 0.2345 0.0459 0.0000
vt 0.2471 0.0595 0.0000
vt 0.2508 0.0453 0.0000
vt 0.7119 0.0057 0.0000
vt 0.2421 0.0728 0.0000
vt 0.2618 0.0638 0.0000
vt 0.2675 0.0499 0.0000
vt 0.2773 0.0727 0.0000
vt 0.2857 0.0592 0.0000
vt 0.2936 0.0869 0.0000
vt 0.3044 0.0748 0.0000
vt 0.3074 0.1035 0.0000
vt 0.3201 0.0927 0.0000
vt 0.6433 0.0247 0.0000
vt 0.6683 0.0130 0.0000
vt 0.6915 0.0070 0.0000
vt 0.8601 0.0533 0.0000
vt 0.8450 0.0575 0.0000
vt 0.1123 0.4231 0.0000
vt 0.1182 0.4250 0.0000
vt 0.1193 0.4192 0.0000
vt 0.1133 0.4180 0.0000
vt 0.1201 0.4133 0.0000
vt 0.1139 0.4127 0.0000
vt 0.2631 0.7974 0.0000
vt 0.2575 0.8075 0.0000
vt 0.2660 0.8020 0.0000
vt 0.2619 0.8124 0.0000
vt 0.2696 0.8062 0.0000
vt 0.2532 0.8194 0.0000
vt 0.2592 0.8246 0.0000
vt 0.2668 0.8167 0.0000
vt 0.2517 0.8325 0.0000
vt 0.2600 0.8368 0.0000
vt 0.2662 0.8287 0.0000
vt 0.2523 0.8477 0.0000
vt 0.2630 0.8509 0.0000
vt 0.2691 0.8403 0.0000
vt 0.2548 0.8670 0.0000
vt 0.2684 0.8689 0.0000
vt 0.2742 0.8529 0.0000
vt 0.2638 0.8888 0.0000
vt 0.2807 0.8882 0.0000
vt 0.2822 0.8687 0.0000
vt 0.2821 0.9072 0.0000
vt 0.3004 0.9039 0.0000
vt 0.2970 0.8855 0.0000
vt 0.3059 0.9219 0.0000
vt 0.3257 0.9144 0.0000
vt 0.3184 0.8981 0.0000
vt 0.3335 0.9306 0.0000
vt 0.3538 0.9191 0.0000
vt 0.3447 0.9043 0.0000
vt 0.3630 0.9340 0.0000
vt 0.3834 0.9185 0.0000
vt 0.3729 0.9050 0.0000
vt 0.3724 0.9500 0.0000
vt 0.3943 0.9330 0.0000
vt 0.4141 0.9133 0.0000
vt 0.4020 0.9003 0.0000
vt 0.5258 0.9503 0.0000
vt 0.5080 0.9322 0.0000
vt 0.5053 0.9349 0.0000
vt 0.4886 0.9152 0.0000
vt 0.4857 0.9176 0.0000
vt 0.4699 0.8955 0.0000
vt 0.4668 0.8978 0.0000
vt 0.5293 0.7308 0.0000
vt 0.5123 0.7079 0.0000
vt 0.5090 0.7099 0.0000
vt 0.5260 0.7328 0.0000
vt 0.4972 0.6838 0.0000
vt 0.4939 0.6857 0.0000
vt 0.5119 0.6730 0.0000
vt 0.4987 0.6507 0.0000
vt 0.4849 0.6596 0.0000
vt 0.4900 0.6290 0.0000
vt 0.4754 0.6361 0.0000
vt 0.4855 0.6086 0.0000
vt 0.4683 0.6136 0.0000
vt 0.5042 0.6051 0.0000
vt 0.5041 0.5861 0.0000
vt 0.4828 0.5888 0.0000
vt 0.5245 0.6039 0.0000
vt 0.5266 0.5854 0.0000
vt 0.5439 0.6088 0.0000
vt 0.5476 0.5901 0.0000
vt 0.5617 0.6192 0.0000
vt 0.5670 0.6006 0.0000
vt 0.5566 0.6394 0.0000
vt 0.5749 0.6504 0.0000
vt 0.5793 0.6306 0.0000
vt 0.5150 0.8148 0.0000
vt 0.5189 0.7951 0.0000
vt 0.5852 0.6129 0.0000
vt 0.5240 0.7772 0.0000
vt 0.5927 0.5970 0.0000
vt 0.5739 0.5831 0.0000
vt 0.5304 0.7607 0.0000
vt 0.6022 0.5827 0.0000
vt 0.5391 0.7453 0.0000
vt 0.6153 0.5700 0.0000
vt 0.5513 0.7305 0.0000
vt 0.6317 0.5588 0.0000
vt 0.5675 0.7154 0.0000
vt 0.6497 0.5508 0.0000
vt 0.6426 0.5346 0.0000
vt 0.5867 0.7008 0.0000
vt 0.6676 0.5469 0.0000
vt 0.6648 0.5300 0.0000
vt 0.6081 0.6875 0.0000
vt 0.6841 0.5472 0.0000
vt 0.6857 0.5289 0.0000
vt 0.6313 0.6763 0.0000
vt 0.6991 0.5499 0.0000
vt 0.7045 0.5318 0.0000
vt 0.6557 0.6689 0.0000
vt 0.7126 0.5553 0.0000
vt 0.7213 0.5376 0.0000
vt 0.7303 0.5204 0.0000
vt 0.7107 0.5145 0.0000
vt 0.7410 0.5039 0.0000
vt 0.7173 0.4980 0.0000
vt 0.6911 0.4957 0.0000
vt 0.6879 0.5119 0.0000
vt 0.6627 0.4976 0.0000
vt 0.6631 0.5134 0.0000
vt 0.6630 0.4819 0.0000
vt 0.6334 0.5018 0.0000
vt 0.6367 0.5180 0.0000
vt 0.5529 0.5713 0.0000
vt 0.5292 0.5665 0.0000
vt 0.5051 0.5477 0.0000
vt 0.5044 0.5668 0.0000
vt 0.4806 0.5687 0.0000
vt 0.4627 0.5926 0.0000
vt 0.4589 0.5935 0.0000
vt 0.4646 0.6147 0.0000
vt 0.4709 0.7189 0.0000
vt 0.4719 0.6375 0.0000
vt 0.4555 0.7468 0.0000
vt 0.4734 0.7457 0.0000
vt 0.4554 0.7735 0.0000
vt 0.4733 0.7744 0.0000
vt 0.4392 0.7725 0.0000
vt 0.4358 0.7980 0.0000
vt 0.4516 0.8012 0.0000
vt 0.4205 0.7946 0.0000
vt 0.4143 0.8178 0.0000
vt 0.4289 0.8234 0.0000
vt 0.3998 0.8125 0.0000
vt 0.3915 0.8324 0.0000
vt 0.4049 0.8397 0.0000
vt 0.3789 0.8246 0.0000
vt 0.3688 0.8398 0.0000
vt 0.3802 0.8501 0.0000
vt 0.3593 0.8303 0.0000
vt 0.3486 0.8411 0.0000
vt 0.3565 0.8530 0.0000
vt 0.3424 0.8314 0.0000
vt 0.3318 0.8391 0.0000
vt 0.3364 0.8506 0.0000
vt 0.3295 0.8329 0.0000
vt 0.3186 0.8377 0.0000
vt 0.3205 0.8450 0.0000
vt 0.3183 0.8331 0.0000
vt 0.3087 0.8352 0.0000
vt 0.3092 0.8405 0.0000
vt 0.3086 0.8280 0.0000
vt 0.3086 0.8224 0.0000
vt 0.3006 0.8282 0.0000
vt 0.2995 0.8360 0.0000
vt 0.3017 0.8221 0.0000
vt 0.1045 0.3722 0.0000
vt 0.0999 0.3763 0.0000
vt 0.2951 0.8211 0.0000
vt 0.2931 0.8275 0.0000
vt 0.1041 0.3810 0.0000
vt 0.1092 0.3776 0.0000
vt 0.1075 0.3860 0.0000
vt 0.1130 0.3833 0.0000
vt 0.8609 0.0367 0.0000
vt 0.8472 0.0305 0.0000
vt 0.8600 0.0396 0.0000
vt 0.8455 0.0350 0.0000
vt 0.8593 0.0424 0.0000
vt 0.8443 0.0397 0.0000
vt 0.8591 0.0452 0.0000
vt 0.8437 0.0442 0.0000
vt 0.8591 0.0480 0.0000
vt 0.8436 0.0488 0.0000
vt 0.8594 0.0507 0.0000
vt 0.8440 0.0532 0.0000
vt 0.1139 0.4074 0.0000
vt 0.1200 0.4074 0.0000
vt 0.1194 0.4014 0.0000
vt 0.1132 0.4021 0.0000
vt 0.1181 0.3954 0.0000
vt 0.1121 0.3967 0.0000
vt 0.2736 0.8101 0.0000
vt 0.2725 0.8205 0.0000
vt 0.2781 0.8136 0.0000
vt 0.2788 0.8236 0.0000
vt 0.2833 0.8166 0.0000
vt 0.2737 0.8322 0.0000
vt 0.2820 0.8346 0.0000
vt 0.2857 0.8261 0.0000
vt 0.2781 0.8416 0.0000
vt 0.2887 0.8417 0.0000
vt 0.2904 0.8355 0.0000
vt 0.2856 0.8532 0.0000
vt 0.2974 0.8522 0.0000
vt 0.2983 0.8414 0.0000
vt 0.2961 0.8665 0.0000
vt 0.3097 0.8630 0.0000
vt 0.3094 0.8493 0.0000
vt 0.3127 0.8809 0.0000
vt 0.3282 0.8740 0.0000
vt 0.3231 0.8579 0.0000
vt 0.3358 0.8895 0.0000
vt 0.3520 0.8787 0.0000
vt 0.3427 0.8647 0.0000
vt 0.3624 0.8918 0.0000
vt 0.3784 0.8768 0.0000
vt 0.3667 0.8656 0.0000
vt 0.3902 0.8883 0.0000
vt 0.4055 0.8692 0.0000
vt 0.3926 0.8595 0.0000
vt 0.4185 0.8794 0.0000
vt 0.4327 0.8556 0.0000
vt 0.4186 0.8474 0.0000
vt 0.4320 0.8906 0.0000
vt 0.4478 0.8645 0.0000
vt 0.4440 0.8291 0.0000
vt 0.4604 0.8353 0.0000
vt 0.4691 0.8047 0.0000
vt 0.2889 0.8192 0.0000
vt 0.1158 0.3893 0.0000
vt 0.1100 0.3913 0.0000
vt 0.4815 0.6613 0.0000
vt 0.1690 0.6862 0.0000
vt 0.8712 0.2988 0.0000
vt 0.8708 0.3097 0.0000
vt 0.8061 0.3414 0.0000
vt 0.3249 0.6198 0.0000
vt 0.3300 0.6168 0.0000
vt 0.9835 0.4702 0.0000
vt 0.9942 0.4702 0.0000
vt 0.9942 0.4605 0.0000
vt 0.9835 0.4605 0.0000
vt 0.9942 0.4503 0.0000
vt 0.9835 0.4503 0.0000
vt 0.9942 0.4408 0.0000
vt 0.9835 0.4408 0.0000
vt 0.9942 0.4321 0.0000
vt 0.9835 0.4321 0.0000
vt 0.9835 0.4800 0.0000
vt 0.9942 0.4800 0.0000
vt 0.9835 0.4886 0.0000
vt 0.9942 0.4886 0.0000
vt 0.9835 0.4970 0.0000
vt 0.9942 0.4970 0.0000
vt 0.9835 0.5204 0.0000
vt 0.9942 0.5204 0.0000
vt 0.9942 0.5142 0.0000
vt 0.9835 0.5142 0.0000
vt 0.9835 0.5334 0.0000
vt 0.9942 0.5334 0.0000
vt 0.9942 0.5269 0.0000
vt 0.9835 0.5269 0.0000
vt 0.9835 0.5489 0.0000
vt 0.9942 0.5489 0.0000
vt 0.9942 0.5398 0.0000
vt 0.9835 0.5398 0.0000
vt 0.9835 0.5651 0.0000
vt 0.9942 0.5651 0.0000
vt 0.9942 0.5571 0.0000
vt 0.9835 0.5571 0.0000
vt 0.9835 0.5733 0.0000
vt 0.9942 0.5733 0.0000
vt 0.9835 0.5819 0.0000
vt 0.9942 0.5819 0.0000
vt 0.9835 0.5901 0.0000
vt 0.9942 0.5901 0.0000
vt 0.9835 0.5961 0.0000
vt 0.9942 0.5961 0.0000
vt 0.9835 0.6022 0.0000
vt 0.9942 0.6022 0.0000
vt 0.9835 0.3876 0.0000
vt 0.9942 0.3876 0.0000
vt 0.9942 0.3819 0.0000
vt 0.9835 0.3819 0.0000
vt 0.9835 0.3933 0.0000
vt 0.9942 0.3933 0.0000
vt 0.9835 0.3987 0.0000
vt 0.9942 0.3987 0.0000
vt 0.9835 0.4047 0.0000
vt 0.9942 0.4047 0.0000
vt 0.9835 0.4104 0.0000
vt 0.9942 0.4103 0.0000
vt 0.9835 0.4172 0.0000
vt 0.9942 0.4172 0.0000
vt 0.9835 0.4242 0.0000
vt 0.9942 0.4242 0.0000
vt 0.9942 0.5056 0.0000
vt 0.9835 0.5056 0.0000
vt 0.4168 0.9789 0.0000
vt 0.4168 0.9938 0.0000
vt 0.4235 0.9938 0.0000
vt 0.4235 0.9789 0.0000
vt 0.4099 0.9789 0.0000
vt 0.4099 0.9938 0.0000
vt 0.5525 0.9789 0.0000
vt 0.5525 0.9938 0.0000
vt 0.5607 0.9938 0.0000
vt 0.5607 0.9789 0.0000
vt 0.5415 0.9789 0.0000
vt 0.5415 0.9938 0.0000
vt 0.3822 0.9789 0.0000
vt 0.3822 0.9938 0.0000
vt 0.3890 0.9938 0.0000
vt 0.3890 0.9789 0.0000
vt 0.3755 0.9789 0.0000
vt 0.3755 0.9938 0.0000
vt 0.3698 0.9789 0.0000
vt 0.3698 0.9938 0.0000
vt 0.3646 0.9789 0.0000
vt 0.3646 0.9938 0.0000
vt 0.5309 0.9789 0.0000
vt 0.5309 0.9938 0.0000
vt 0.5199 0.9789 0.0000
vt 0.5199 0.9938 0.0000
vt 0.5081 0.9789 0.0000
vt 0.5081 0.9938 0.0000
vt 0.4976 0.9789 0.0000
vt 0.4976 0.9938 0.0000
vt 0.3404 0.9789 0.0000
vt 0.3404 0.9938 0.0000
vt 0.3472 0.9938 0.0000
vt 0.3472 0.9789 0.0000
vt 0.3532 0.9938 0.0000
vt 0.3532 0.9789 0.0000
vt 0.3591 0.9938 0.0000
vt 0.3591 0.9789 0.0000
vt 0.4723 0.9789 0.0000
vt 0.4723 0.9938 0.0000
vt 0.4798 0.9938 0.0000
vt 0.4798 0.9789 0.0000
vt 0.4876 0.9789 0.0000
vt 0.4876 0.9938 0.0000
vt 0.4301 0.9789 0.0000
vt 0.4301 0.9938 0.0000
vt 0.4378 0.9938 0.0000
vt 0.4378 0.9789 0.0000
vt 0.4034 0.9789 0.0000
vt 0.4034 0.9938 0.0000
vt 0.3962 0.9789 0.0000
vt 0.3962 0.9938 0.0000
vt 0.4529 0.9789 0.0000
vt 0.4529 0.9938 0.0000
vt 0.4648 0.9938 0.0000
vt 0.4648 0.9789 0.0000
vt 0.4444 0.9789 0.0000
vt 0.4444 0.9938 0.0000
vt 0.9711 0.3022 0.0000
vt 0.9614 0.3021 0.0000
vt 0.9614 0.3090 0.0000
vt 0.9711 0.3090 0.0000
vt 0.9614 0.3154 0.0000
vt 0.9711 0.3154 0.0000
vt 0.9711 0.2871 0.0000
vt 0.9614 0.2870 0.0000
vt 0.9614 0.2950 0.0000
vt 0.9711 0.2951 0.0000
vt 0.9711 0.2765 0.0000
vt 0.9614 0.2764 0.0000
vt 0.9711 0.2686 0.0000
vt 0.9614 0.2685 0.0000
vt 0.9711 0.2526 0.0000
vt 0.9614 0.2525 0.0000
vt 0.9614 0.2605 0.0000
vt 0.9711 0.2606 0.0000
vt 0.9711 0.2375 0.0000
vt 0.9614 0.2374 0.0000
vt 0.9614 0.2442 0.0000
vt 0.9711 0.2443 0.0000
vt 0.9711 0.3210 0.0000
vt 0.9614 0.3210 0.0000
vt 0.9614 0.3263 0.0000
vt 0.9711 0.3263 0.0000
vt 0.9711 0.2228 0.0000
vt 0.9614 0.2227 0.0000
vt 0.9614 0.2309 0.0000
vt 0.9711 0.2310 0.0000
vt 0.9711 0.3947 0.0000
vt 0.9614 0.3946 0.0000
vt 0.9614 0.4044 0.0000
vt 0.9711 0.4044 0.0000
vt 0.9711 0.3839 0.0000
vt 0.9614 0.3838 0.0000
vt 0.9711 0.3565 0.0000
vt 0.9614 0.3564 0.0000
vt 0.9614 0.3632 0.0000
vt 0.9711 0.3632 0.0000
vt 0.9711 0.3734 0.0000
vt 0.9614 0.3734 0.0000
vt 0.9711 0.3493 0.0000
vt 0.9614 0.3492 0.0000
vt 0.9711 0.3319 0.0000
vt 0.9614 0.3318 0.0000
vt 0.9614 0.3375 0.0000
vt 0.9711 0.3376 0.0000
vt 0.9614 0.3433 0.0000
vt 0.9711 0.3434 0.0000
vt 0.9614 0.4129 0.0000
vt 0.9711 0.4130 0.0000
vt 0.9434 0.7715 0.0000
vt 0.9387 0.7271 0.0000
vt 0.9374 0.7721 0.0000
vt 0.9499 0.7694 0.0000
vt 0.9552 0.7661 0.0000
vt 0.9600 0.7621 0.0000
vt 0.9643 0.7573 0.0000
vt 0.9674 0.7526 0.0000
vt 0.9700 0.7473 0.0000
vt 0.9718 0.7426 0.0000
vt 0.9731 0.7382 0.0000
vt 0.9740 0.7336 0.0000
vt 0.9745 0.7287 0.0000
vt 0.9746 0.7235 0.0000
vt 0.9741 0.7181 0.0000
vt 0.9731 0.7127 0.0000
vt 0.9718 0.7085 0.0000
vt 0.9702 0.7045 0.0000
vt 0.9110 0.7562 0.0000
vt 0.9089 0.7526 0.0000
vt 0.9136 0.7598 0.0000
vt 0.9170 0.7634 0.0000
vt 0.9209 0.7666 0.0000
vt 0.9261 0.7695 0.0000
vt 0.9315 0.7714 0.0000
vt 0.9071 0.7487 0.0000
vt 0.9057 0.7452 0.0000
vt 0.9046 0.7411 0.0000
vt 0.9034 0.7349 0.0000
vt 0.9029 0.7293 0.0000
vt 0.9030 0.7239 0.0000
vt 0.9036 0.7189 0.0000
vt 0.9046 0.7141 0.0000
vt 0.9062 0.7091 0.0000
vt 0.9086 0.7038 0.0000
vt 0.9116 0.6988 0.0000
vt 0.9154 0.6939 0.0000
vt 0.9201 0.6894 0.0000
vt 0.9259 0.6857 0.0000
vt 0.9321 0.6832 0.0000
vt 0.9388 0.6821 0.0000
vt 0.9454 0.6825 0.0000
vt 0.9518 0.6848 0.0000
vt 0.9570 0.6879 0.0000
vt 0.9614 0.6916 0.0000
vt 0.9650 0.6958 0.0000
vt 0.9681 0.7003 0.0000
vt 0.8670 0.6701 0.0000
vt 0.8430 0.7005 0.0000
vt 0.8745 0.6782 0.0000
vt 0.8776 0.6851 0.0000
vt 0.8090 0.7256 0.0000
vt 0.8058 0.7202 0.0000
vt 0.8027 0.7110 0.0000
vt 0.8581 0.7393 0.0000
vt 0.8510 0.7408 0.0000
vt 0.8645 0.7362 0.0000
vt 0.8405 0.7408 0.0000
vt 0.8278 0.7382 0.0000
vt 0.8197 0.7346 0.0000
vt 0.8136 0.7303 0.0000
vt 0.8011 0.6988 0.0000
vt 0.8017 0.6874 0.0000
vt 0.8036 0.6811 0.0000
vt 0.8072 0.6751 0.0000
vt 0.8121 0.6708 0.0000
vt 0.8191 0.6665 0.0000
vt 0.8258 0.6642 0.0000
vt 0.8324 0.6628 0.0000
vt 0.8384 0.6623 0.0000
vt 0.8442 0.6624 0.0000
vt 0.8494 0.6629 0.0000
vt 0.8549 0.6640 0.0000
vt 0.8597 0.6657 0.0000
vt 0.8786 0.7140 0.0000
vt 0.8759 0.7236 0.0000
vt 0.8797 0.7043 0.0000
vt 0.8711 0.7308 0.0000
vt 0.8793 0.6938 0.0000
vt 0.1321 0.7562 0.0000
vt 0.1573 0.7530 0.0000
vt 0.1325 0.7500 0.0000
vt 0.1341 0.7445 0.0000
vt 0.1363 0.7690 0.0000
vt 0.1333 0.7625 0.0000
vt 0.1427 0.7761 0.0000
vt 0.1488 0.7797 0.0000
vt 0.1630 0.7813 0.0000
vt 0.1557 0.7815 0.0000
vt 0.1755 0.7762 0.0000
vt 0.1702 0.7793 0.0000
vt 0.1364 0.7399 0.0000
vt 0.1393 0.7361 0.0000
vt 0.1840 0.7660 0.0000
vt 0.1799 0.7722 0.0000
vt 0.1868 0.7497 0.0000
vt 0.1866 0.7586 0.0000
vt 0.1838 0.7405 0.0000
vt 0.1641 0.7270 0.0000
vt 0.1701 0.7284 0.0000
vt 0.1778 0.7333 0.0000
vt 0.1576 0.7270 0.0000
vt 0.1429 0.7326 0.0000
vt 0.1474 0.7299 0.0000
vt 0.1523 0.7280 0.0000
vt 0.2874 0.6520 0.0000
vt 0.2975 0.6317 0.0000
vt 0.2832 0.6499 0.0000
vt 0.2921 0.6533 0.0000
vt 0.3186 0.6172 0.0000
vt 0.3207 0.6227 0.0000
vt 0.3139 0.6108 0.0000
vt 0.3108 0.6491 0.0000
vt 0.3067 0.6516 0.0000
vt 0.3145 0.6460 0.0000
vt 0.3170 0.6428 0.0000
vt 0.3188 0.6396 0.0000
vt 0.3079 0.6064 0.0000
vt 0.3004 0.6039 0.0000
vt 0.2920 0.6040 0.0000
vt 0.2850 0.6063 0.0000
vt 0.3214 0.6275 0.0000
vt 0.3211 0.6318 0.0000
vt 0.3203 0.6359 0.0000
vt 0.2732 0.6194 0.0000
vt 0.2756 0.6147 0.0000
vt 0.2793 0.6105 0.0000
vt 0.2795 0.6470 0.0000
vt 0.2759 0.6429 0.0000
vt 0.2967 0.6538 0.0000
vt 0.3018 0.6532 0.0000
vt 0.2719 0.6330 0.0000
vt 0.2719 0.6245 0.0000
vt 0.2736 0.6388 0.0000
vt 0.2237 0.6655 0.0000
vt 0.1922 0.6619 0.0000
vt 0.2215 0.6733 0.0000
vt 0.2168 0.6805 0.0000
vt 0.2108 0.6858 0.0000
vt 0.2043 0.6891 0.0000
vt 0.2237 0.6573 0.0000
vt 0.2219 0.6503 0.0000
vt 0.2184 0.6442 0.0000
vt 0.2026 0.6328 0.0000
vt 0.2075 0.6348 0.0000
vt 0.1918 0.6318 0.0000
vt 0.1973 0.6319 0.0000
vt 0.1795 0.6357 0.0000
vt 0.1865 0.6328 0.0000
vt 0.1698 0.6452 0.0000
vt 0.1740 0.6399 0.0000
vt 0.1666 0.6513 0.0000
vt 0.1650 0.6584 0.0000
vt 0.1652 0.6652 0.0000
vt 0.1662 0.6702 0.0000
vt 0.1682 0.6749 0.0000
vt 0.1708 0.6789 0.0000
vt 0.1739 0.6825 0.0000
vt 0.1774 0.6855 0.0000
vt 0.1818 0.6880 0.0000
vt 0.1863 0.6896 0.0000
vt 0.1919 0.6907 0.0000
vt 0.1978 0.6906 0.0000
vt 0.2136 0.6388 0.0000
vt 0.5772 0.0196 0.0000
vt 0.5710 0.0132 0.0000
vt 0.5668 0.0179 0.0000
vt 0.5722 0.0234 0.0000
vt 0.5763 0.0294 0.0000
vt 0.5819 0.0266 0.0000
vt 0.5788 0.0352 0.0000
vt 0.5848 0.0333 0.0000
vt 0.5601 0.0132 0.0000
vt 0.5633 0.0078 0.0000
vt 0.5545 0.0039 0.0000
vt 0.5524 0.0098 0.0000
vt 0.5447 0.0018 0.0000
vt 0.5440 0.0081 0.0000
vt 0.5245 0.0040 0.0000
vt 0.5151 0.0083 0.0000
vt 0.5184 0.0137 0.0000
vt 0.5265 0.0100 0.0000
vt 0.5352 0.0081 0.0000
vt 0.5346 0.0018 0.0000
vt 0.5114 0.0189 0.0000
vt 0.5070 0.0144 0.0000
vt 0.5005 0.0218 0.0000
vt 0.5058 0.0252 0.0000
vt 0.4959 0.0298 0.0000
vt 0.5017 0.0320 0.0000
vt 0.5632 0.0913 0.0000
vt 0.5675 0.0883 0.0000
vt 0.5641 0.0831 0.0000
vt 0.5603 0.0857 0.0000
vt 0.5561 0.0876 0.0000
vt 0.5583 0.0934 0.0000
vt 0.5518 0.0893 0.0000
vt 0.5534 0.0954 0.0000
vt 0.4991 0.0388 0.0000
vt 0.4929 0.0376 0.0000
vt 0.4919 0.0450 0.0000
vt 0.4982 0.0451 0.0000
vt 0.4918 0.0518 0.0000
vt 0.4980 0.0510 0.0000
vt 0.5276 0.0958 0.0000
vt 0.5327 0.0968 0.0000
vt 0.5337 0.0906 0.0000
vt 0.5293 0.0898 0.0000
vt 0.5249 0.0883 0.0000
vt 0.5226 0.0941 0.0000
vt 0.5206 0.0866 0.0000
vt 0.5177 0.0921 0.0000
vt 0.5167 0.0841 0.0000
vt 0.5133 0.0893 0.0000
vt 0.5129 0.0816 0.0000
vt 0.5089 0.0864 0.0000
vt 0.5097 0.0783 0.0000
vt 0.5052 0.0826 0.0000
vt 0.5065 0.0750 0.0000
vt 0.5016 0.0789 0.0000
vt 0.4987 0.0742 0.0000
vt 0.5040 0.0708 0.0000
vt 0.5015 0.0666 0.0000
vt 0.4958 0.0694 0.0000
vt 0.4999 0.0617 0.0000
vt 0.4940 0.0639 0.0000
vt 0.4985 0.0567 0.0000
vt 0.4924 0.0583 0.0000
vt 0.5379 0.0972 0.0000
vt 0.5431 0.0972 0.0000
vt 0.5428 0.0909 0.0000
vt 0.5383 0.0910 0.0000
vt 0.5483 0.0964 0.0000
vt 0.5473 0.0903 0.0000
vt 0.5677 0.0803 0.0000
vt 0.5717 0.0851 0.0000
vt 0.5753 0.0813 0.0000
vt 0.5708 0.0770 0.0000
vt 0.5786 0.0774 0.0000
vt 0.5736 0.0735 0.0000
vt 0.5865 0.0396 0.0000
vt 0.5803 0.0406 0.0000
vt 0.5812 0.0460 0.0000
vt 0.5874 0.0457 0.0000
vt 0.5813 0.0512 0.0000
vt 0.5876 0.0518 0.0000
vt 0.5760 0.0696 0.0000
vt 0.5814 0.0729 0.0000
vt 0.5837 0.0682 0.0000
vt 0.5781 0.0654 0.0000
vt 0.5856 0.0632 0.0000
vt 0.5797 0.0610 0.0000
vt 0.5868 0.0576 0.0000
vt 0.5807 0.0562 0.0000
vt 0.9965 0.7523 0.0000
vt 0.9906 0.7523 0.0000
vt 0.9906 0.7600 0.0000
vt 0.9965 0.7600 0.0000
vt 0.9862 0.9695 0.0000
vt 0.9804 0.9695 0.0000
vt 0.9804 0.9785 0.0000
vt 0.9862 0.9785 0.0000
vt 0.9862 0.9611 0.0000
vt 0.9804 0.9611 0.0000
vt 0.9906 0.7673 0.0000
vt 0.9965 0.7673 0.0000
vt 0.9862 0.9538 0.0000
vt 0.9804 0.9539 0.0000
vt 0.9906 0.7736 0.0000
vt 0.9965 0.7736 0.0000
vt 0.9965 0.7357 0.0000
vt 0.9906 0.7357 0.0000
vt 0.9906 0.7442 0.0000
vt 0.9965 0.7442 0.0000
vt 0.9862 0.9878 0.0000
vt 0.9804 0.9879 0.0000
vt 0.9804 0.9975 0.0000
vt 0.9862 0.9975 0.0000
vt 0.9965 0.9886 0.0000
vt 0.9906 0.9886 0.0000
vt 0.9906 0.9972 0.0000
vt 0.9965 0.9973 0.0000
vt 0.9862 0.6967 0.0000
vt 0.9804 0.6966 0.0000
vt 0.9804 0.7066 0.0000
vt 0.9862 0.7066 0.0000
vt 0.9965 0.9620 0.0000
vt 0.9906 0.9620 0.0000
vt 0.9906 0.9709 0.0000
vt 0.9965 0.9709 0.0000
vt 0.9862 0.7270 0.0000
vt 0.9804 0.7270 0.0000
vt 0.9804 0.7374 0.0000
vt 0.9862 0.7374 0.0000
vt 0.9862 0.7167 0.0000
vt 0.9804 0.7167 0.0000
vt 0.9906 0.9798 0.0000
vt 0.9965 0.9798 0.0000
vt 0.9965 0.9448 0.0000
vt 0.9906 0.9448 0.0000
vt 0.9906 0.9533 0.0000
vt 0.9965 0.9533 0.0000
vt 0.9862 0.7475 0.0000
vt 0.9804 0.7475 0.0000
vt 0.9804 0.7574 0.0000
vt 0.9862 0.7574 0.0000
vt 0.9965 0.9369 0.0000
vt 0.9906 0.9369 0.0000
vt 0.9804 0.7666 0.0000
vt 0.9862 0.7666 0.0000
vt 0.9965 0.8273 0.0000
vt 0.9906 0.8273 0.0000
vt 0.9906 0.8319 0.0000
vt 0.9965 0.8319 0.0000
vt 0.9862 0.8867 0.0000
vt 0.9804 0.8867 0.0000
vt 0.9804 0.8920 0.0000
vt 0.9862 0.8919 0.0000
vt 0.9862 0.8814 0.0000
vt 0.9804 0.8814 0.0000
vt 0.9906 0.8366 0.0000
vt 0.9965 0.8366 0.0000
vt 0.9862 0.8761 0.0000
vt 0.9804 0.8761 0.0000
vt 0.9906 0.8412 0.0000
vt 0.9965 0.8412 0.0000
vt 0.9965 0.9233 0.0000
vt 0.9906 0.9233 0.0000
vt 0.9906 0.9297 0.0000
vt 0.9965 0.9297 0.0000
vt 0.9862 0.7750 0.0000
vt 0.9804 0.7750 0.0000
vt 0.9804 0.7824 0.0000
vt 0.9862 0.7824 0.0000
vt 0.9965 0.9173 0.0000
vt 0.9906 0.9173 0.0000
vt 0.9804 0.7892 0.0000
vt 0.9862 0.7893 0.0000
vt 0.9965 0.8594 0.0000
vt 0.9906 0.8594 0.0000
vt 0.9906 0.8639 0.0000
vt 0.9965 0.8640 0.0000
vt 0.9862 0.8500 0.0000
vt 0.9804 0.8500 0.0000
vt 0.9804 0.8552 0.0000
vt 0.9862 0.8552 0.0000
vt 0.9862 0.8447 0.0000
vt 0.9804 0.8447 0.0000
vt 0.9906 0.8686 0.0000
vt 0.9965 0.8686 0.0000
vt 0.9862 0.8395 0.0000
vt 0.9804 0.8395 0.0000
vt 0.9906 0.8732 0.0000
vt 0.9965 0.8732 0.0000
vt 0.9862 0.8342 0.0000
vt 0.9804 0.8342 0.0000
vt 0.9906 0.8778 0.0000
vt 0.9965 0.8778 0.0000
vt 0.9862 0.8289 0.0000
vt 0.9804 0.8289 0.0000
vt 0.9906 0.8824 0.0000
vt 0.9965 0.8824 0.0000
vt 0.9862 0.8237 0.0000
vt 0.9804 0.8237 0.0000
vt 0.9906 0.8870 0.0000
vt 0.9965 0.8870 0.0000
vt 0.9862 0.8185 0.0000
vt 0.9804 0.8185 0.0000
vt 0.9906 0.8916 0.0000
vt 0.9965 0.8916 0.0000
vt 0.9862 0.8074 0.0000
vt 0.9804 0.8074 0.0000
vt 0.9804 0.8129 0.0000
vt 0.9862 0.8129 0.0000
vt 0.9965 0.8965 0.0000
vt 0.9906 0.8964 0.0000
vt 0.9906 0.9013 0.0000
vt 0.9965 0.9013 0.0000
vt 0.9862 0.8016 0.0000
vt 0.9804 0.8016 0.0000
vt 0.9906 0.9065 0.0000
vt 0.9965 0.9065 0.0000
vt 0.9862 0.7957 0.0000
vt 0.9804 0.7957 0.0000
vt 0.9906 0.9117 0.0000
vt 0.9965 0.9117 0.0000
vt 0.9965 0.8503 0.0000
vt 0.9906 0.8503 0.0000
vt 0.9906 0.8549 0.0000
vt 0.9965 0.8549 0.0000
vt 0.9862 0.8604 0.0000
vt 0.9804 0.8604 0.0000
vt 0.9804 0.8656 0.0000
vt 0.9862 0.8656 0.0000
vt 0.9965 0.8458 0.0000
vt 0.9906 0.8458 0.0000
vt 0.9804 0.8708 0.0000
vt 0.9862 0.8708 0.0000
vt 0.9965 0.8183 0.0000
vt 0.9906 0.8183 0.0000
vt 0.9906 0.8228 0.0000
vt 0.9965 0.8228 0.0000
vt 0.9862 0.8972 0.0000
vt 0.9804 0.8972 0.0000
vt 0.9804 0.9024 0.0000
vt 0.9862 0.9024 0.0000
vt 0.9965 0.8138 0.0000
vt 0.9906 0.8138 0.0000
vt 0.9804 0.9076 0.0000
vt 0.9862 0.9076 0.0000
vt 0.9906 0.7792 0.0000
vt 0.9965 0.7792 0.0000
vt 0.9862 0.9473 0.0000
vt 0.9804 0.9473 0.0000
vt 0.9862 0.9411 0.0000
vt 0.9804 0.9411 0.0000
vt 0.9906 0.7846 0.0000
vt 0.9965 0.7846 0.0000
vt 0.9862 0.9350 0.0000
vt 0.9804 0.9350 0.0000
vt 0.9906 0.7899 0.0000
vt 0.9965 0.7899 0.0000
vt 0.9965 0.8046 0.0000
vt 0.9906 0.8046 0.0000
vt 0.9906 0.8092 0.0000
vt 0.9965 0.8092 0.0000
vt 0.9862 0.9128 0.0000
vt 0.9804 0.9129 0.0000
vt 0.9804 0.9181 0.0000
vt 0.9862 0.9181 0.0000
vt 0.9965 0.7998 0.0000
vt 0.9906 0.7998 0.0000
vt 0.9804 0.9235 0.0000
vt 0.9862 0.9235 0.0000
vt 0.9906 0.7949 0.0000
vt 0.9965 0.7949 0.0000
vt 0.9862 0.9292 0.0000
vt 0.9804 0.9292 0.0000
vt 0.8377 0.6697 0.0000
vt 0.8421 0.6691 0.0000
vt 0.8395 0.7017 0.0000
vt 0.8337 0.6708 0.0000
vt 0.8302 0.6723 0.0000
vt 0.8269 0.6742 0.0000
vt 0.8238 0.6765 0.0000
vt 0.8213 0.6790 0.0000
vt 0.8189 0.6818 0.0000
vt 0.8171 0.6848 0.0000
vt 0.8155 0.6880 0.0000
vt 0.8143 0.6911 0.0000
vt 0.8135 0.6946 0.0000
vt 0.8131 0.6981 0.0000
vt 0.8131 0.7017 0.0000
vt 0.8134 0.7052 0.0000
vt 0.8143 0.7087 0.0000
vt 0.8154 0.7121 0.0000
vt 0.8169 0.7153 0.0000
vt 0.8189 0.7182 0.0000
vt 0.8210 0.7210 0.0000
vt 0.8236 0.7235 0.0000
vt 0.8263 0.7257 0.0000
vt 0.8293 0.7275 0.0000
vt 0.8324 0.7291 0.0000
vt 0.8356 0.7300 0.0000
vt 0.8391 0.7310 0.0000
vt 0.8426 0.7312 0.0000
vt 0.8462 0.7313 0.0000
vt 0.8497 0.7307 0.0000
vt 0.8532 0.7300 0.0000
vt 0.8576 0.7282 0.0000
vt 0.8617 0.7257 0.0000
vt 0.8656 0.7227 0.0000
vt 0.8689 0.7190 0.0000
vt 0.8718 0.7141 0.0000
vt 0.8740 0.7085 0.0000
vt 0.8750 0.7023 0.0000
vt 0.8748 0.6960 0.0000
vt 0.8733 0.6898 0.0000
vt 0.8706 0.6840 0.0000
vt 0.8669 0.6791 0.0000
vt 0.8623 0.6750 0.0000
vt 0.8572 0.6719 0.0000
vt 0.8520 0.6700 0.0000
vt 0.8468 0.6690 0.0000
# 2588 texture coords

g yvr_d3_left_body
usemtl lambert2SG3
s off
f 1/1/1 2/2/1 3/3/1 4/4/1 
f 1/1/2 5/5/2 6/6/2 2/2/2 
f 1/1/3 7/7/3 8/8/3 9/9/3 
f 1/1/4 9/9/4 10/10/4 5/5/4 
f 1/1/5 4/4/5 11/11/5 7/7/5 
f 12/12/6 13/13/6 14/14/6 15/15/6 
f 12/12/7 16/16/7 17/17/7 13/13/7 
f 12/12/8 18/18/8 19/19/8 16/16/8 
f 20/20/9 21/21/9 22/22/9 23/23/9 
f 24/24/10 20/20/10 23/23/10 25/25/10 
f 20/20/11 24/24/11 26/26/11 21/21/11 
f 27/27/12 28/28/12 29/29/12 30/30/12 
f 27/27/13 31/31/13 32/32/13 28/28/13 
f 27/27/14 30/30/14 33/33/14 31/31/14 
f 34/34/15 35/35/15 36/36/15 37/37/15 
f 34/34/16 38/38/16 39/39/16 35/35/16 
f 34/34/17 40/40/17 41/41/17 38/38/17 
f 42/42/18 43/43/18 44/44/18 
f 42/42/19 45/45/19 43/43/19 
f 42/42/20 44/44/20 46/46/20 47/47/20 
f 48/48/21 49/49/21 50/50/21 51/51/21 
f 48/48/22 52/52/22 53/53/22 49/49/22 
f 48/48/23 51/51/23 54/54/23 52/52/23 
f 55/55/24 56/56/24 57/57/24 58/58/24 
f 55/55/25 58/58/25 59/59/25 60/60/25 
f 55/55/26 60/60/26 61/61/26 56/56/26 
f 62/62/27 63/63/27 64/64/27 65/65/27 
f 62/62/28 66/66/28 67/67/28 63/63/28 
f 62/62/29 68/68/29 69/69/29 66/66/29 
f 62/62/30 70/70/30 71/71/30 68/68/30 
f 62/62/31 65/65/31 72/72/31 70/70/31 
f 73/73/32 74/74/32 75/75/32 76/76/32 
f 73/73/33 77/77/33 78/78/33 74/74/33 
f 77/77/34 73/73/34 76/76/34 79/79/34 
f 80/80/35 81/81/35 82/82/35 83/83/35 
f 80/80/36 83/83/36 84/84/36 85/85/36 
f 86/86/37 80/80/37 85/85/37 87/87/37 
f 88/88/38 89/89/38 90/90/38 91/91/38 
f 88/92/39 92/93/39 93/94/39 89/95/39 
f 88/88/40 91/91/40 94/96/40 92/97/40 
f 95/98/41 96/99/41 97/100/41 98/101/41 
f 95/98/42 98/101/42 99/102/42 100/103/42 
f 95/98/43 100/103/43 101/104/43 102/105/43 
f 103/106/44 104/107/44 105/108/44 106/109/44 
f 103/106/45 106/109/45 107/110/45 108/111/45 
f 103/106/46 108/111/46 109/112/46 104/107/46 
f 110/113/47 111/114/47 112/115/47 113/116/47 
f 110/113/48 114/117/48 115/118/48 116/119/48 
f 110/113/49 113/116/49 117/120/49 114/117/49 
f 118/121/50 119/122/50 120/123/50 121/124/50 
f 118/121/51 122/125/51 123/126/51 119/122/51 
f 118/121/52 124/127/52 125/128/52 122/125/52 
f 118/121/53 121/124/53 126/129/53 127/130/53 
f 118/121/54 127/130/54 128/131/54 124/127/54 
f 129/132/55 130/133/55 131/134/55 132/135/55 
f 129/132/56 133/136/56 134/137/56 130/133/56 
f 129/132/57 135/138/57 136/139/57 133/136/57 
f 137/140/58 138/141/58 139/142/58 140/143/58 
f 137/140/59 140/143/59 141/144/59 142/145/59 
f 137/140/60 143/146/60 144/147/60 138/141/60 
f 145/148/61 146/149/61 147/150/61 148/151/61 
f 145/148/62 149/152/62 150/153/62 146/149/62 
f 145/148/63 148/151/63 151/154/63 152/155/63 
f 145/148/64 153/156/64 154/157/64 149/152/64 
f 155/158/65 156/159/65 157/160/65 158/161/65 
f 155/158/66 47/47/66 46/46/66 156/159/66 
f 155/158/67 159/162/67 160/163/67 47/47/67 
f 155/158/68 158/161/68 161/164/68 162/165/68 
f 155/158/69 162/165/69 163/166/69 159/162/69 
f 164/167/70 165/168/70 166/169/70 167/170/70 
f 164/167/71 168/171/71 169/172/71 165/168/71 
f 164/167/72 170/173/72 171/174/72 168/171/72 
f 164/167/73 167/170/73 172/175/73 173/176/73 
f 164/167/74 173/176/74 174/177/74 170/173/74 
f 175/178/75 176/179/75 177/180/75 178/181/75 
f 176/179/76 179/182/76 177/180/76 
f 176/179/77 180/183/77 181/184/77 179/182/77 
f 176/179/78 175/178/78 182/185/78 183/186/78 
f 184/187/79 185/188/79 186/189/79 187/190/79 
f 184/187/80 187/190/80 188/191/80 189/192/80 
f 184/187/81 190/193/81 191/194/81 192/195/81 
f 184/187/82 189/192/82 193/196/82 190/193/82 
f 184/187/83 192/195/83 194/197/83 185/188/83 
f 195/198/84 196/199/84 197/200/84 198/201/84 
f 195/198/85 199/202/85 200/203/85 196/199/85 
f 195/198/86 198/201/86 201/204/86 
f 195/198/87 202/205/87 203/206/87 199/202/87 
f 195/198/88 201/204/88 204/207/88 202/205/88 
f 205/208/89 206/209/89 207/210/89 208/211/89 
f 205/208/90 209/212/90 210/213/90 206/209/90 
f 205/214/91 211/215/91 212/216/91 209/217/91 
f 205/208/92 208/211/92 213/218/92 214/219/92 
f 205/214/93 214/220/93 215/221/93 211/215/93 
f 216/222/94 217/223/94 218/224/94 219/225/94 
f 220/226/95 216/222/95 219/225/95 221/227/95 
f 216/222/96 220/226/96 222/228/96 217/223/96 
f 223/229/97 224/230/97 225/231/97 226/232/97 
f 223/229/98 227/233/98 228/234/98 224/230/98 
f 223/229/99 229/235/99 230/236/99 231/237/99 
f 223/229/100 226/232/100 232/238/100 229/235/100 
f 223/229/101 231/237/101 233/239/101 227/233/101 
f 234/240/102 235/241/102 236/242/102 
f 235/241/103 234/240/103 237/243/103 238/244/103 
f 237/243/104 234/240/104 239/245/104 240/246/104 
f 234/240/105 241/247/105 239/245/105 
f 234/240/106 236/242/106 242/248/106 241/247/106 
f 242/249/107 236/250/107 243/251/107 244/252/107 
f 243/251/108 245/253/108 246/254/108 244/252/108 
f 243/251/109 247/255/109 248/256/109 245/253/109 
f 243/251/110 236/250/110 249/257/110 247/255/110 
f 249/257/111 250/258/111 251/259/111 247/255/111 
f 249/260/112 252/261/112 253/262/112 250/263/112 
f 253/262/113 252/261/113 254/264/113 255/265/113 
f 253/262/114 256/266/114 257/267/114 250/263/114 
f 253/262/115 255/265/115 258/268/115 256/266/115 
f 258/268/116 259/269/116 260/270/116 256/266/116 
f 259/269/117 218/224/117 217/223/117 260/270/117 
f 260/270/118 261/271/118 257/267/118 256/266/118 
f 260/270/119 217/223/119 262/272/119 261/271/119 
f 262/273/120 263/274/120 264/275/120 261/276/120 
f 262/273/121 265/277/121 266/278/121 263/274/121 
f 262/272/122 217/223/122 222/228/122 265/279/122 
f 265/277/123 267/280/123 268/281/123 266/278/123 
f 265/279/124 222/228/124 269/282/124 267/283/124 
f 269/282/125 270/284/125 271/285/125 267/283/125 
f 269/282/126 272/286/126 273/287/126 270/284/126 
f 269/282/127 222/228/127 220/226/127 272/286/127 
f 272/286/128 274/288/128 275/289/128 273/287/128 
f 272/286/129 220/226/129 276/290/129 274/288/129 
f 276/290/130 277/291/130 278/292/130 274/288/130 
f 276/290/131 279/293/131 280/294/131 277/291/131 
f 276/290/132 220/226/132 221/227/132 279/293/132 
f 280/294/133 281/295/133 282/296/133 277/291/133 
f 283/297/134 284/298/134 285/299/134 286/300/134 
f 284/298/135 287/301/135 288/302/135 285/299/135 
f 287/301/136 289/303/136 290/304/136 288/302/136 
f 289/303/137 291/305/137 101/104/137 290/304/137 
f 291/305/138 292/306/138 102/105/138 101/104/138 
f 292/306/139 293/307/139 102/105/139 
f 293/307/140 294/308/140 295/309/140 102/105/140 
f 294/308/141 296/310/141 297/311/141 295/309/141 
f 296/310/142 298/312/142 299/313/142 297/311/142 
f 298/312/143 84/84/143 83/83/143 299/313/143 
f 83/83/144 82/82/144 300/314/144 299/313/144 
f 300/314/145 82/82/145 301/315/145 302/316/145 
f 300/314/146 303/317/146 297/311/146 299/313/146 
f 300/314/147 302/316/147 304/318/147 303/317/147 
f 304/318/148 302/316/148 305/319/148 306/320/148 
f 304/318/149 307/321/149 308/322/149 303/317/149 
f 304/318/150 306/320/150 309/323/150 307/321/150 
f 309/323/151 306/320/151 310/324/151 311/325/151 
f 309/323/152 312/326/152 96/99/152 307/321/152 
f 309/323/153 311/325/153 313/327/153 312/326/153 
f 313/327/154 311/325/154 314/328/154 315/329/154 
f 315/329/155 316/330/155 317/331/155 313/327/155 
f 315/329/156 318/332/156 319/333/156 316/330/156 
f 319/333/157 318/332/157 320/334/157 321/335/157 
f 319/333/158 63/63/158 67/67/158 316/330/158 
f 319/333/159 321/335/159 64/64/159 63/63/159 
f 320/334/160 322/336/160 323/337/160 321/335/160 
f 323/337/161 322/336/161 324/338/161 325/339/161 
f 323/337/162 326/340/162 64/64/162 321/335/162 
f 323/337/163 325/339/163 327/341/163 326/340/163 
f 327/341/164 325/339/164 328/342/164 329/343/164 
f 327/341/165 330/344/165 331/345/165 326/340/165 
f 327/341/166 329/343/166 332/346/166 330/344/166 
f 332/346/167 329/343/167 333/347/167 334/348/167 
f 332/346/168 335/349/168 336/350/168 330/344/168 
f 332/346/169 334/348/169 337/351/169 335/349/169 
f 337/352/170 334/353/170 338/354/170 339/355/170 
f 337/351/171 340/356/171 341/357/171 335/349/171 
f 337/352/172 339/355/172 342/358/172 340/359/172 
f 342/358/173 339/355/173 343/360/173 344/361/173 
f 342/358/174 345/362/174 346/363/174 340/359/174 
f 342/358/175 344/361/175 347/364/175 345/362/175 
f 347/364/176 344/361/176 348/365/176 349/366/176 
f 347/364/177 350/367/177 351/368/177 345/362/177 
f 347/364/178 349/366/178 352/369/178 350/367/178 
f 352/369/179 349/366/179 353/370/179 354/371/179 
f 352/369/180 355/372/180 356/373/180 350/367/180 
f 352/369/181 354/371/181 357/374/181 355/372/181 
f 357/374/182 354/371/182 358/375/182 359/376/182 
f 357/374/183 360/377/183 361/378/183 355/372/183 
f 357/374/184 359/376/184 362/379/184 360/377/184 
f 362/379/185 359/376/185 363/380/185 364/381/185 
f 362/379/186 365/382/186 366/383/186 360/377/186 
f 362/379/187 364/381/187 367/384/187 365/382/187 
f 367/384/188 364/381/188 368/385/188 369/386/188 
f 367/384/189 370/387/189 371/388/189 365/382/189 
f 367/384/190 369/386/190 372/389/190 370/387/190 
f 372/389/191 369/386/191 373/390/191 374/391/191 
f 372/389/192 375/392/192 376/393/192 370/387/192 
f 372/389/193 374/391/193 377/394/193 375/392/193 
f 377/394/194 374/391/194 378/395/194 379/396/194 
f 377/394/195 380/397/195 381/398/195 375/392/195 
f 377/394/196 379/396/196 382/399/196 380/397/196 
f 382/399/197 379/396/197 383/400/197 384/401/197 
f 382/399/198 385/402/198 386/403/198 380/397/198 
f 382/399/199 384/401/199 387/404/199 385/402/199 
f 387/404/200 384/401/200 388/405/200 389/406/200 
f 387/404/201 390/407/201 391/408/201 385/402/201 
f 387/404/202 389/406/202 392/409/202 390/407/202 
f 392/410/203 389/411/203 393/412/203 394/413/203 
f 392/409/204 395/414/204 396/415/204 390/407/204 
f 392/410/203 394/413/203 397/416/203 395/417/203 
f 397/418/205 394/419/205 398/420/205 399/421/205 
f 397/416/206 400/422/206 401/423/206 395/417/206 
f 400/424/207 397/418/207 399/421/207 402/425/207 
f 403/426/208 400/424/208 402/425/208 404/427/208 
f 403/426/209 404/427/209 405/428/209 406/429/209 
f 407/430/210 408/431/210 409/432/210 410/433/210 
f 408/431/211 411/434/211 412/435/211 409/432/211 
f 413/436/212 414/437/212 415/438/212 416/439/212 
f 414/437/213 417/440/213 418/441/213 415/438/213 
f 419/442/214 420/443/214 393/444/214 421/445/214 
f 420/443/215 398/420/215 394/419/215 393/444/215 
f 419/442/216 421/445/216 422/446/216 423/447/216 
f 421/448/203 388/449/203 424/450/203 422/451/203 
f 421/448/206 393/412/206 389/411/206 388/449/206 
f 424/450/206 425/452/206 426/453/206 422/451/206 
f 424/454/217 383/400/217 427/455/217 425/456/217 
f 424/454/218 388/405/218 384/401/218 383/400/218 
f 427/455/219 428/457/219 429/458/219 425/456/219 
f 427/455/220 378/395/220 430/459/220 428/457/220 
f 427/455/221 383/400/221 379/396/221 378/395/221 
f 430/459/222 431/460/222 432/461/222 428/457/222 
f 430/459/223 373/390/223 433/462/223 431/460/223 
f 430/459/224 378/395/224 374/391/224 373/390/224 
f 433/462/225 434/463/225 435/464/225 431/460/225 
f 433/462/226 368/385/226 436/465/226 434/463/226 
f 433/462/227 373/390/227 369/386/227 368/385/227 
f 436/465/228 437/466/228 438/467/228 434/463/228 
f 436/465/229 363/380/229 439/468/229 437/466/229 
f 436/465/230 368/385/230 364/381/230 363/380/230 
f 439/468/231 440/469/231 441/470/231 437/466/231 
f 439/468/232 358/375/232 442/471/232 440/469/232 
f 439/468/233 363/380/233 359/376/233 358/375/233 
f 442/471/234 443/472/234 444/473/234 440/469/234 
f 442/471/235 353/370/235 445/474/235 443/472/235 
f 442/471/236 358/375/236 354/371/236 353/370/236 
f 445/474/237 158/161/237 157/160/237 443/472/237 
f 445/474/238 348/365/238 161/164/238 158/161/238 
f 445/474/239 353/370/239 349/366/239 348/365/239 
f 443/472/240 157/160/240 446/475/240 444/473/240 
f 446/475/241 447/476/241 448/477/241 449/478/241 
f 446/475/242 157/160/242 156/159/242 447/476/242 
f 446/475/243 449/478/243 450/479/243 444/473/243 
f 450/479/244 449/478/244 451/480/244 452/481/244 
f 450/479/245 441/470/245 440/469/245 444/473/245 
f 450/479/246 452/481/246 453/482/246 441/470/246 
f 453/482/247 452/481/247 454/483/247 455/484/247 
f 453/482/248 438/467/248 437/466/248 441/470/248 
f 453/482/249 455/484/249 456/485/249 438/467/249 
f 456/485/250 455/484/250 457/486/250 458/487/250 
f 456/485/251 435/464/251 434/463/251 438/467/251 
f 456/485/252 458/487/252 459/488/252 435/464/252 
f 459/488/253 458/487/253 460/489/253 461/490/253 
f 459/488/254 432/461/254 431/460/254 435/464/254 
f 459/488/255 461/490/255 462/491/255 432/461/255 
f 462/492/203 461/493/203 415/494/203 418/495/203 
f 462/491/256 429/458/256 428/457/256 432/461/256 
f 462/492/203 418/495/203 463/496/203 429/497/203 
f 463/498/257 418/441/257 417/440/257 464/499/257 
f 463/496/206 426/453/206 425/452/206 429/497/206 
f 426/500/258 463/498/258 464/499/258 465/501/258 
f 422/446/259 426/500/259 465/501/259 423/447/259 
f 413/436/260 416/439/260 466/502/260 467/503/260 
f 416/504/206 460/505/206 468/506/206 466/507/206 
f 416/504/261 415/494/261 461/493/261 460/505/261 
f 468/506/206 469/508/206 470/509/206 466/507/206 
f 468/510/262 457/486/262 471/511/262 469/512/262 
f 468/510/263 460/489/263 458/487/263 457/486/263 
f 471/511/264 472/513/264 473/514/264 469/512/264 
f 471/511/265 454/483/265 474/515/265 472/513/265 
f 471/511/266 457/486/266 455/484/266 454/483/266 
f 474/515/267 475/516/267 476/517/267 472/513/267 
f 474/515/268 451/480/268 477/518/268 475/516/268 
f 474/515/269 454/483/269 452/481/269 451/480/269 
f 477/518/270 478/519/270 479/520/270 475/516/270 
f 477/518/271 448/477/271 480/521/271 478/519/271 
f 477/518/272 451/480/272 449/478/272 448/477/272 
f 480/521/273 481/522/273 482/523/273 478/519/273 
f 480/521/274 483/524/274 484/525/274 481/522/274 
f 480/521/275 448/477/275 447/476/275 483/524/275 
f 483/524/276 46/46/276 44/44/276 484/525/276 
f 483/524/277 447/476/277 156/159/277 46/46/277 
f 484/525/278 485/526/278 486/527/278 481/522/278 
f 484/525/279 44/44/279 487/528/279 485/526/279 
f 485/526/280 488/529/280 489/530/280 486/527/280 
f 485/526/281 487/528/281 490/531/281 488/529/281 
f 490/531/282 491/532/282 492/533/282 488/529/282 
f 490/531/283 493/534/283 494/535/283 491/532/283 
f 490/531/284 487/528/284 495/536/284 493/534/284 
f 493/534/285 496/537/285 497/538/285 494/535/285 
f 493/534/286 495/536/286 498/539/286 496/537/286 
f 496/537/287 499/540/287 500/541/287 497/538/287 
f 496/537/288 498/539/288 501/542/288 499/540/288 
f 501/542/289 498/539/289 43/43/289 502/543/289 
f 503/544/290 45/45/290 504/545/290 505/546/290 
f 506/547/291 507/548/291 508/549/291 509/550/291 
f 507/548/292 510/551/292 508/549/292 
f 510/551/293 507/548/293 504/545/293 511/552/293 
f 510/551/294 160/163/294 512/553/294 513/554/294 
f 510/551/295 511/552/295 47/47/295 160/163/295 
f 512/553/296 197/200/296 514/555/296 513/554/296 
f 512/553/297 515/556/297 198/201/297 197/200/297 
f 512/553/298 160/163/298 159/162/298 515/556/298 
f 515/556/299 516/557/299 201/204/299 198/201/299 
f 515/556/300 159/162/300 163/166/300 516/557/300 
f 516/557/301 517/558/301 518/559/301 201/204/301 
f 516/557/302 163/166/302 519/560/302 517/558/302 
f 519/560/303 520/561/303 521/562/303 517/558/303 
f 519/560/304 522/563/304 338/354/304 520/561/304 
f 519/560/305 163/166/305 162/165/305 522/563/305 
f 522/563/306 343/360/306 339/355/306 338/354/306 
f 522/563/307 162/165/307 161/164/307 343/360/307 
f 520/561/308 333/564/308 523/565/308 521/562/308 
f 520/561/309 338/354/309 334/353/309 333/564/309 
f 523/565/310 524/566/310 525/567/310 521/562/310 
f 523/568/311 328/342/311 526/569/311 524/570/311 
f 523/568/312 333/347/312 329/343/312 328/342/312 
f 526/569/313 328/342/313 325/339/313 324/338/313 
f 324/338/314 527/571/314 528/572/314 526/569/314 
f 324/338/315 322/336/315 529/573/315 527/571/315 
f 529/573/316 530/574/316 531/575/316 527/571/316 
f 529/573/317 532/576/317 533/577/317 530/574/317 
f 529/573/318 322/336/318 320/334/318 532/576/318 
f 532/576/319 534/578/319 535/579/319 533/577/319 
f 532/576/320 320/334/320 318/332/320 534/578/320 
f 534/578/321 314/328/321 536/580/321 535/579/321 
f 534/578/322 318/332/322 315/329/322 314/328/322 
f 536/580/323 537/581/323 538/582/323 535/579/323 
f 536/580/324 310/324/324 539/583/324 537/581/324 
f 536/580/325 314/328/325 311/325/325 310/324/325 
f 539/583/326 540/584/326 541/585/326 537/581/326 
f 539/583/327 305/319/327 542/586/327 540/584/327 
f 539/583/328 310/324/328 306/320/328 305/319/328 
f 542/586/329 305/319/329 302/316/329 301/315/329 
f 301/315/330 543/587/330 544/588/330 542/586/330 
f 301/315/331 82/82/331 81/81/331 543/587/331 
f 543/587/332 545/589/332 546/590/332 544/588/332 
f 543/587/333 81/81/333 547/591/333 545/589/333 
f 547/591/334 81/81/334 80/80/334 548/592/334 
f 548/592/335 80/80/335 86/86/335 
f 549/593/336 550/594/336 551/595/336 552/596/336 
f 553/597/337 554/598/337 555/599/337 
f 554/598/338 556/600/338 557/601/338 555/599/338 
f 556/600/339 554/598/339 551/595/339 558/602/339 
f 559/603/340 560/604/340 561/605/340 553/597/340 
f 559/603/341 241/247/341 562/606/341 560/604/341 
f 562/606/342 241/247/342 242/248/342 563/607/342 
f 563/608/343 242/249/343 244/252/343 564/609/343 
f 564/609/344 244/252/344 246/254/344 565/610/344 
f 246/254/345 566/611/345 567/612/345 565/610/345 
f 566/611/346 568/613/346 569/614/346 570/615/346 
f 566/611/347 246/254/347 245/253/347 568/613/347 
f 568/613/348 571/616/348 572/617/348 569/614/348 
f 568/613/349 245/253/349 248/256/349 571/616/349 
f 571/616/350 573/618/350 574/619/350 572/617/350 
f 571/616/351 248/256/351 575/620/351 573/618/351 
f 575/620/352 248/256/352 247/255/352 251/259/352 
f 575/620/353 576/621/353 577/622/353 573/618/353 
f 575/620/354 251/259/354 578/623/354 576/621/354 
f 578/623/355 251/259/355 250/258/355 257/624/355 
f 578/623/356 264/275/356 579/625/356 576/621/356 
f 578/623/357 257/624/357 261/276/357 264/275/357 
f 579/625/358 580/626/358 577/622/358 576/621/358 
f 579/625/359 581/627/359 582/628/359 580/626/359 
f 579/625/360 264/275/360 263/274/360 581/627/360 
f 581/627/361 583/629/361 584/630/361 582/628/361 
f 581/627/362 263/274/362 266/278/362 583/629/362 
f 583/629/363 585/631/363 586/632/363 584/630/363 
f 583/629/364 266/278/364 268/281/364 585/631/364 
f 585/631/365 587/633/365 588/634/365 586/632/365 
f 585/631/366 268/281/366 589/635/366 587/633/366 
f 589/635/367 590/636/367 591/637/367 587/633/367 
f 589/635/368 271/638/368 592/639/368 590/636/368 
f 589/635/369 268/281/369 267/280/369 271/638/369 
f 592/639/370 593/640/370 594/641/370 590/636/370 
f 592/642/371 595/643/371 596/644/371 593/645/371 
f 592/642/372 271/285/372 270/284/372 595/643/372 
f 595/643/373 597/646/373 598/647/373 596/644/373 
f 595/643/374 270/284/374 273/287/374 597/646/374 
f 597/646/375 599/648/375 600/649/375 598/647/375 
f 597/646/376 273/287/376 275/289/376 599/648/376 
f 599/648/377 601/650/377 602/651/377 600/649/377 
f 599/648/378 275/289/378 603/652/378 601/650/378 
f 603/652/379 604/653/379 605/654/379 601/650/379 
f 603/652/380 278/292/380 606/655/380 604/653/380 
f 603/652/381 275/289/381 274/288/381 278/292/381 
f 606/655/382 607/656/382 233/239/382 604/653/382 
f 606/655/383 286/300/383 285/299/383 607/656/383 
f 606/655/384 278/292/384 282/296/384 286/300/384 
f 607/656/385 608/657/385 227/233/385 233/239/385 
f 607/656/386 285/299/386 288/302/386 608/657/386 
f 608/657/387 288/302/387 290/304/387 609/658/387 
f 608/657/388 609/658/388 228/234/388 227/233/388 
f 609/658/389 290/304/389 101/104/389 100/103/389 
f 609/658/390 100/103/390 99/102/390 228/234/390 
f 604/653/391 233/239/391 231/237/391 605/654/391 
f 605/654/392 610/659/392 602/651/392 601/650/392 
f 605/654/393 231/237/393 230/236/393 610/659/393 
f 610/659/394 611/660/394 612/661/394 602/651/394 
f 610/659/395 230/236/395 613/662/395 611/660/395 
f 613/662/396 614/663/396 615/664/396 611/660/396 
f 613/662/397 616/665/397 617/666/397 614/663/397 
f 613/662/398 230/236/398 229/235/398 616/665/398 
f 616/665/399 618/667/399 619/668/399 617/666/399 
f 616/665/400 229/235/400 232/238/400 618/667/400 
f 618/667/401 620/669/401 93/94/401 619/668/401 
f 618/667/402 232/238/402 621/670/402 620/669/402 
f 621/670/403 232/238/403 226/232/403 622/671/403 
f 621/670/404 623/672/404 624/673/404 620/669/404 
f 621/670/405 622/671/405 625/674/405 623/672/405 
f 625/674/406 622/671/406 626/675/406 627/676/406 
f 625/677/407 628/678/407 629/679/407 623/680/407 
f 625/677/408 627/681/408 630/682/408 628/678/408 
f 630/682/409 627/681/409 631/683/409 632/684/409 
f 630/682/410 633/685/410 634/686/410 628/678/410 
f 630/682/411 632/684/411 635/687/411 633/685/411 
f 635/687/412 632/684/412 636/688/412 637/689/412 
f 635/687/413 638/690/413 639/691/413 633/685/413 
f 635/687/414 637/689/414 640/692/414 638/690/414 
f 640/692/415 637/689/415 641/693/415 642/694/415 
f 641/693/416 643/695/416 644/696/416 645/697/416 
f 641/693/417 637/689/417 636/688/417 643/695/417 
f 641/693/418 645/697/418 646/698/418 642/694/418 
f 646/698/419 645/697/419 647/699/419 648/700/419 
f 647/699/420 649/701/420 650/702/420 651/703/420 
f 647/699/421 645/697/421 644/696/421 649/701/421 
f 647/699/422 651/703/422 652/704/422 648/700/422 
f 652/704/423 651/703/423 653/705/423 654/706/423 
f 653/705/424 655/707/424 656/708/424 657/709/424 
f 653/705/425 651/703/425 650/702/425 655/707/425 
f 653/705/426 657/709/426 658/710/426 654/706/426 
f 658/710/427 657/709/427 659/711/427 660/712/427 
f 659/711/428 661/713/428 662/714/428 663/715/428 
f 659/711/429 657/709/429 656/708/429 661/713/429 
f 659/711/430 663/715/430 664/716/430 660/712/430 
f 664/716/431 663/715/431 665/717/431 666/718/431 
f 665/717/432 667/719/432 668/720/432 669/721/432 
f 665/717/433 663/715/433 662/714/433 667/719/433 
f 665/717/434 669/721/434 670/722/434 666/718/434 
f 670/722/435 669/721/435 671/723/435 672/724/435 
f 671/723/436 213/218/436 208/211/436 673/725/436 
f 671/723/437 669/721/437 668/720/437 213/218/437 
f 671/723/438 673/725/438 674/726/438 672/724/438 
f 674/726/439 673/725/439 675/727/439 676/728/439 
f 675/727/440 673/725/440 208/211/440 207/210/440 
f 675/727/441 677/729/441 678/730/441 676/728/441 
f 675/727/442 207/210/442 679/731/442 677/729/442 
f 679/731/443 207/210/443 206/209/443 680/732/443 
f 679/731/444 681/733/444 682/734/444 677/729/444 
f 679/731/445 680/732/445 683/735/445 681/733/445 
f 683/735/446 680/732/446 684/736/446 685/737/446 
f 683/735/447 686/738/447 687/739/447 681/733/447 
f 683/735/448 685/737/448 688/740/448 686/738/448 
f 688/740/449 685/737/449 689/741/449 690/742/449 
f 688/740/450 691/743/450 692/744/450 686/738/450 
f 688/740/451 690/742/451 693/745/451 691/743/451 
f 693/745/452 690/742/452 694/746/452 695/747/452 
f 693/745/453 696/748/453 697/749/453 691/743/453 
f 693/745/454 695/747/454 698/750/454 696/748/454 
f 698/751/455 695/752/455 699/753/455 700/754/455 
f 698/750/456 701/755/456 702/756/456 696/748/456 
f 698/751/457 700/754/457 703/757/457 701/758/457 
f 703/757/458 700/754/458 704/759/458 705/760/458 
f 703/757/459 706/761/459 707/762/459 701/758/459 
f 703/757/460 705/760/460 708/763/460 706/761/460 
f 708/763/461 705/760/461 709/764/461 710/765/461 
f 708/763/462 711/766/462 712/767/462 706/761/462 
f 708/763/463 710/765/463 713/768/463 711/766/463 
f 713/768/464 710/765/464 714/769/464 715/770/464 
f 713/768/465 716/771/465 717/772/465 711/766/465 
f 713/768/466 715/770/466 718/773/466 716/771/466 
f 718/773/467 715/770/467 719/774/467 720/775/467 
f 718/773/468 721/776/468 722/777/468 716/771/468 
f 718/773/469 720/775/469 723/778/469 721/776/469 
f 723/778/470 720/775/470 724/779/470 725/780/470 
f 723/778/471 726/781/471 727/782/471 721/776/471 
f 723/778/472 725/780/472 728/783/472 726/781/472 
f 728/783/473 725/780/473 729/784/473 730/785/473 
f 728/783/474 731/786/474 732/787/474 726/781/474 
f 728/783/475 730/785/475 733/788/475 731/786/475 
f 733/788/476 730/785/476 734/789/476 735/790/476 
f 733/788/477 736/791/477 737/792/477 731/786/477 
f 733/788/478 735/790/478 738/793/478 736/791/478 
f 738/793/479 735/790/479 739/794/479 740/795/479 
f 738/793/480 741/796/480 742/797/480 736/791/480 
f 738/793/481 740/795/481 743/798/481 741/796/481 
f 743/798/482 740/795/482 744/799/482 745/800/482 
f 743/798/483 746/801/483 747/802/483 741/796/483 
f 743/798/484 745/800/484 748/803/484 746/801/484 
f 748/803/485 745/800/485 749/804/485 750/805/485 
f 748/803/486 751/806/486 752/807/486 746/801/486 
f 748/803/487 750/805/487 753/808/487 751/806/487 
f 753/809/206 750/810/206 409/811/206 412/812/206 
f 753/808/488 754/813/488 755/814/488 751/806/488 
f 753/809/206 412/812/206 756/815/206 754/816/206 
f 756/817/489 412/435/489 411/434/489 757/818/489 
f 756/815/206 758/819/206 759/820/206 754/816/206 
f 760/821/490 758/822/490 756/817/490 757/818/490 
f 760/821/491 757/818/491 761/823/491 
f 762/824/492 758/822/492 760/821/492 761/823/492 
f 762/824/493 761/823/493 763/825/493 
f 764/826/494 762/824/494 763/825/494 765/827/494 
f 766/828/495 764/826/495 765/827/495 767/829/495 
f 768/830/496 766/828/496 767/829/496 769/831/496 
f 770/832/497 768/830/497 769/831/497 771/833/497 
f 772/834/498 770/832/498 771/833/498 773/835/498 
f 774/836/499 772/834/499 773/835/499 775/837/499 
f 776/838/500 774/836/500 775/837/500 777/839/500 
f 778/840/501 776/838/501 777/839/501 779/841/501 
f 780/842/502 778/840/502 779/841/502 781/843/502 
f 782/844/503 780/842/503 781/843/503 783/845/503 
f 784/846/504 782/844/504 783/845/504 785/847/504 
f 786/848/505 784/846/505 785/847/505 787/849/505 
f 788/850/506 786/848/506 787/849/506 789/851/506 
f 790/852/507 788/850/507 789/851/507 791/853/507 
f 792/854/508 790/852/508 791/853/508 793/855/508 
f 794/856/509 792/854/509 793/855/509 795/857/509 
f 796/858/510 794/856/510 795/857/510 797/859/510 
f 470/860/511 796/858/511 797/859/511 798/861/511 
f 466/502/512 470/860/512 798/861/512 467/503/512 
f 796/862/206 473/863/206 799/864/206 794/865/206 
f 796/862/203 470/509/203 469/508/203 473/863/203 
f 799/864/203 800/866/203 792/867/203 794/865/203 
f 799/868/513 476/517/513 801/869/513 800/870/513 
f 799/868/514 473/514/514 472/513/514 476/517/514 
f 801/869/515 802/871/515 803/872/515 800/870/515 
f 801/869/516 479/520/516 804/873/516 802/871/516 
f 801/869/517 476/517/517 475/516/517 479/520/517 
f 804/873/518 805/874/518 806/875/518 802/871/518 
f 804/873/519 482/523/519 807/876/519 805/874/519 
f 804/873/520 479/520/520 478/519/520 482/523/520 
f 807/876/521 808/877/521 809/878/521 805/874/521 
f 807/876/522 486/527/522 489/530/522 808/877/522 
f 807/876/523 482/523/523 481/522/523 486/527/523 
f 808/877/524 810/879/524 811/880/524 809/878/524 
f 808/877/525 489/530/525 812/881/525 810/879/525 
f 812/881/526 813/882/526 814/883/526 810/879/526 
f 812/881/527 492/533/527 815/884/527 813/882/527 
f 812/881/528 489/530/528 488/529/528 492/533/528 
f 815/884/529 3/3/529 816/885/529 813/882/529 
f 815/884/530 817/886/530 4/4/530 3/3/530 
f 815/884/531 492/533/531 491/532/531 817/886/531 
f 817/886/532 818/887/532 11/11/532 4/4/532 
f 817/886/533 491/532/533 494/535/533 818/887/533 
f 818/887/534 36/36/534 35/35/534 11/11/534 
f 818/887/535 494/535/535 497/538/535 36/36/535 
f 816/885/536 819/888/536 820/889/536 821/890/536 
f 816/885/537 3/3/537 2/2/537 819/888/537 
f 816/885/538 821/890/538 814/883/538 813/882/538 
f 819/888/539 822/891/539 823/892/539 820/889/539 
f 819/888/540 2/2/540 6/6/540 822/891/540 
f 822/891/541 824/893/541 825/894/541 823/892/541 
f 822/891/542 6/6/542 826/895/542 824/893/542 
f 826/895/543 827/896/543 828/897/543 824/893/543 
f 826/895/544 829/898/544 830/899/544 827/896/544 
f 826/895/545 6/6/545 5/5/545 829/898/545 
f 829/898/546 831/900/546 832/901/546 830/899/546 
f 829/898/547 5/5/547 10/10/547 831/900/547 
f 831/900/548 833/902/548 834/903/548 832/901/548 
f 831/900/549 10/10/549 835/904/549 833/902/549 
f 835/904/550 836/905/550 837/906/550 833/902/550 
f 835/904/551 838/907/551 839/908/551 836/905/551 
f 835/904/552 10/10/552 9/9/552 838/907/552 
f 838/907/553 840/909/553 841/910/553 839/908/553 
f 838/907/554 9/9/554 8/8/554 840/909/554 
f 840/909/555 842/911/555 843/912/555 841/910/555 
f 840/909/556 8/8/556 844/913/556 842/911/556 
f 844/913/557 845/914/557 846/915/557 842/911/557 
f 844/913/558 39/39/558 38/38/558 845/914/558 
f 844/913/559 8/8/559 7/7/559 39/39/559 
f 845/914/560 847/916/560 848/917/560 846/915/560 
f 845/914/561 38/38/561 41/41/561 847/916/561 
f 847/916/562 849/918/562 850/919/562 848/917/562 
f 847/916/563 41/41/563 851/920/563 849/918/563 
f 851/920/564 852/921/564 120/123/564 849/918/564 
f 851/920/565 853/922/565 854/923/565 852/921/565 
f 851/920/566 41/41/566 40/40/566 853/922/566 
f 855/924/567 856/925/567 857/926/567 858/927/567 
f 855/924/568 859/928/568 860/929/568 856/925/568 
f 861/930/569 862/931/569 863/932/569 864/933/569 
f 861/930/570 865/934/570 866/935/570 862/931/570 
f 866/935/571 867/936/571 126/129/571 862/931/571 
f 866/935/572 868/937/572 869/938/572 867/936/572 
f 866/935/573 865/934/573 870/939/573 868/937/573 
f 868/937/574 871/940/574 872/941/574 869/938/574 
f 868/937/575 870/939/575 873/942/575 871/940/575 
f 871/940/576 874/943/576 875/944/576 872/941/576 
f 871/940/577 873/942/577 876/945/577 874/943/577 
f 875/944/578 874/943/578 877/946/578 878/947/578 
f 877/946/579 874/943/579 876/945/579 879/948/579 
f 880/949/580 857/926/580 881/950/580 882/951/580 
f 880/949/581 883/952/581 858/927/581 857/926/581 
f 881/950/582 196/199/582 200/203/582 882/951/582 
f 881/950/583 884/953/583 197/200/583 196/199/583 
f 881/950/584 857/926/584 856/925/584 884/953/584 
f 882/951/585 200/203/585 878/947/585 
f 885/954/586 886/955/586 887/956/586 888/957/586 
f 885/954/587 200/203/587 199/202/587 886/955/587 
f 885/954/588 888/957/588 872/941/588 875/944/588 
f 886/955/589 24/24/589 25/25/589 887/956/589 
f 886/955/590 199/202/590 203/206/590 24/24/590 
f 887/956/591 25/25/591 889/958/591 890/959/591 
f 887/956/592 890/959/592 891/960/592 888/957/592 
f 891/960/593 890/959/593 892/961/593 893/962/593 
f 891/960/594 869/938/594 872/941/594 888/957/594 
f 891/960/595 893/962/595 867/936/595 869/938/595 
f 892/961/596 890/959/596 889/958/596 894/963/596 
f 892/961/597 128/131/597 127/130/597 893/962/597 
f 892/961/598 894/963/598 895/964/598 128/131/598 
f 895/964/599 894/963/599 896/965/599 152/155/599 
f 895/964/600 897/966/600 124/127/600 128/131/600 
f 895/964/601 152/155/601 151/154/601 897/966/601 
f 897/966/602 898/967/602 125/128/602 124/127/602 
f 897/966/603 151/154/603 899/968/603 898/967/603 
f 900/969/604 848/917/604 850/919/604 901/970/604 
f 900/969/605 902/971/605 846/915/605 848/917/605 
f 903/972/606 904/973/606 905/974/606 906/975/606 
f 904/973/607 907/976/607 908/977/607 905/974/607 
f 905/974/608 909/978/608 169/172/608 906/975/608 
f 905/974/609 908/977/609 146/149/609 909/978/609 
f 909/978/610 910/979/610 165/168/610 169/172/610 
f 909/978/611 146/149/611 150/153/611 910/979/611 
f 910/979/612 911/980/612 166/169/612 165/168/612 
f 910/979/613 150/153/613 588/634/613 911/980/613 
f 911/980/614 591/637/614 912/981/614 166/169/614 
f 911/980/615 588/634/615 587/633/615 591/637/615 
f 912/981/616 913/982/616 167/170/616 166/169/616 
f 912/981/617 594/641/617 914/983/617 913/982/617 
f 912/981/618 591/637/618 590/636/618 594/641/618 
f 914/983/619 915/984/619 916/985/619 913/982/619 
f 914/983/620 917/986/620 918/987/620 915/984/620 
f 914/983/621 594/641/621 593/640/621 917/986/621 
f 917/988/622 919/989/622 920/990/622 918/991/622 
f 917/988/623 593/645/623 596/644/623 919/989/623 
f 919/989/624 921/992/624 922/993/624 920/990/624 
f 919/989/625 596/644/625 598/647/625 921/992/625 
f 921/992/626 923/994/626 924/995/626 922/993/626 
f 921/992/627 598/647/627 600/649/627 923/994/627 
f 923/994/628 612/661/628 925/996/628 924/995/628 
f 923/994/629 600/649/629 602/651/629 612/661/629 
f 925/996/630 926/997/630 927/998/630 924/995/630 
f 925/996/631 615/664/631 928/999/631 926/997/631 
f 925/996/632 612/661/632 611/660/632 615/664/632 
f 928/1000/633 140/143/633 139/142/633 926/1001/633 
f 928/1000/634 929/1002/634 141/144/634 140/143/634 
f 928/999/635 615/664/635 614/663/635 929/1003/635 
f 929/1002/636 930/1004/636 931/1005/636 141/144/636 
f 929/1003/637 614/663/637 617/666/637 930/1006/637 
f 930/1004/638 932/1007/638 933/1008/638 931/1005/638 
f 930/1006/639 617/666/639 619/668/639 932/1009/639 
f 932/1007/640 92/97/640 94/96/640 933/1008/640 
f 932/1009/641 619/668/641 93/94/641 92/93/641 
f 933/1008/642 934/1010/642 935/1011/642 931/1005/642 
f 933/1008/643 94/96/643 936/1012/643 934/1010/643 
f 936/1012/644 937/1013/644 938/1014/644 934/1010/644 
f 936/1012/645 939/1015/645 940/1016/645 937/1013/645 
f 936/1012/646 94/96/646 91/91/646 939/1015/646 
f 939/1015/647 91/91/647 90/90/647 941/1017/647 
f 939/1015/648 941/1017/648 942/1018/648 940/1016/648 
f 942/1018/649 941/1017/649 943/1019/649 944/1020/649 
f 943/1019/650 945/1021/650 629/679/650 946/1022/650 
f 943/1019/651 941/1017/651 90/90/651 945/1021/651 
f 943/1019/652 946/1022/652 947/1023/652 944/1020/652 
f 947/1023/653 946/1022/653 634/686/653 948/1024/653 
f 948/1024/654 634/686/654 633/685/654 639/691/654 
f 945/1021/655 624/1025/655 623/680/655 629/679/655 
f 945/1021/656 90/90/656 89/89/656 624/1025/656 
f 946/1022/657 629/679/657 628/678/657 634/686/657 
f 938/1014/658 949/1026/658 935/1011/658 934/1010/658 
f 949/1026/659 950/1027/659 142/145/659 935/1011/659 
f 950/1027/660 951/1028/660 137/140/660 142/145/660 
f 951/1028/661 952/1029/661 143/146/661 137/140/661 
f 952/1029/662 953/1030/662 954/1031/662 143/146/662 
f 953/1030/663 955/1032/663 956/1033/663 954/1031/663 
f 955/1032/664 957/1034/664 958/1035/664 956/1033/664 
f 957/1034/665 959/1036/665 960/1037/665 958/1035/665 
f 959/1036/666 961/1038/666 962/1039/666 960/1037/666 
f 961/1038/667 963/1040/667 964/1041/667 962/1039/667 
f 963/1040/668 965/1042/668 966/1043/668 964/1041/668 
f 965/1042/669 967/1044/669 968/1045/669 966/1043/669 
f 967/1044/670 969/1046/670 970/1047/670 968/1045/670 
f 969/1046/671 971/1048/671 972/1049/671 970/1047/671 
f 971/1048/672 973/1050/672 974/1051/672 972/1049/672 
f 973/1050/673 975/1052/673 976/1053/673 974/1051/673 
f 975/1052/674 977/1054/674 978/1055/674 976/1053/674 
f 977/1054/675 979/1056/675 980/1057/675 978/1055/675 
f 979/1056/676 981/1058/676 982/1059/676 980/1057/676 
f 981/1058/677 983/1060/677 984/1061/677 982/1059/677 
f 983/1060/678 985/1062/678 986/1063/678 984/1061/678 
f 985/1062/679 987/1064/679 682/734/679 986/1063/679 
f 987/1064/680 678/730/680 677/729/680 682/734/680 
f 986/1063/681 682/734/681 681/733/681 687/739/681 
f 986/1063/682 687/739/682 988/1065/682 984/1061/682 
f 988/1065/683 687/739/683 686/738/683 692/744/683 
f 988/1065/684 989/1066/684 982/1059/684 984/1061/684 
f 988/1065/685 692/744/685 990/1067/685 989/1066/685 
f 990/1067/686 692/744/686 691/743/686 697/749/686 
f 990/1067/687 991/1068/687 992/1069/687 989/1066/687 
f 990/1067/688 697/749/688 993/1070/688 991/1068/688 
f 993/1070/689 697/749/689 696/748/689 702/756/689 
f 993/1070/690 994/1071/690 995/1072/690 991/1068/690 
f 993/1070/691 702/756/691 996/1073/691 994/1071/691 
f 996/1073/692 702/756/692 701/755/692 707/1074/692 
f 996/1073/693 997/1075/693 998/1076/693 994/1071/693 
f 996/1073/694 707/1074/694 999/1077/694 997/1075/694 
f 999/1078/695 707/762/695 706/761/695 712/767/695 
f 999/1077/696 1000/1079/696 1001/1080/696 997/1075/696 
f 999/1078/697 712/767/697 1002/1081/697 1000/1082/697 
f 1002/1081/698 712/767/698 711/766/698 717/772/698 
f 1002/1081/699 1003/1083/699 1004/1084/699 1000/1082/699 
f 1002/1081/700 717/772/700 1005/1085/700 1003/1083/700 
f 1005/1085/701 717/772/701 716/771/701 722/777/701 
f 1005/1085/702 1006/1086/702 1007/1087/702 1003/1083/702 
f 1005/1085/703 722/777/703 1008/1088/703 1006/1086/703 
f 1008/1088/704 722/777/704 721/776/704 727/782/704 
f 1008/1088/705 1009/1089/705 1010/1090/705 1006/1086/705 
f 1008/1088/706 727/782/706 1011/1091/706 1009/1089/706 
f 1011/1091/707 727/782/707 726/781/707 732/787/707 
f 1011/1091/708 1012/1092/708 1013/1093/708 1009/1089/708 
f 1011/1091/709 732/787/709 1014/1094/709 1012/1092/709 
f 1014/1094/710 732/787/710 731/786/710 737/792/710 
f 1014/1094/711 1015/1095/711 1016/1096/711 1012/1092/711 
f 1014/1094/712 737/792/712 1017/1097/712 1015/1095/712 
f 1017/1097/713 737/792/713 736/791/713 742/797/713 
f 1017/1097/714 1018/1098/714 186/189/714 1015/1095/714 
f 1017/1097/715 742/797/715 1019/1099/715 1018/1098/715 
f 1019/1099/716 742/797/716 741/796/716 747/802/716 
f 1019/1099/717 180/183/717 1020/1100/717 1018/1098/717 
f 1019/1099/718 747/802/718 181/184/718 180/183/718 
f 1020/1100/719 187/190/719 186/189/719 1018/1098/719 
f 1020/1100/720 183/186/720 188/191/720 187/190/720 
f 1020/1100/721 180/183/721 176/179/721 183/186/721 
f 1015/1095/722 186/189/722 185/188/722 1016/1096/722 
f 1016/1096/723 1021/1101/723 1013/1093/723 1012/1092/723 
f 1016/1096/724 185/188/724 194/197/724 1021/1101/724 
f 1021/1101/725 1022/1102/725 1023/1103/725 1013/1093/725 
f 1021/1101/726 194/197/726 1024/1104/726 1022/1102/726 
f 1024/1104/727 1025/1105/727 1026/1106/727 1022/1102/727 
f 1024/1104/728 1027/1107/728 1028/1108/728 1025/1105/728 
f 1024/1104/729 194/197/729 192/195/729 1027/1107/729 
f 1027/1107/730 1029/1109/730 1030/1110/730 1028/1108/730 
f 1027/1107/731 192/195/731 191/194/731 1029/1109/731 
f 1029/1109/732 1031/1111/732 1032/1112/732 1030/1110/732 
f 1029/1109/733 191/194/733 1033/1113/733 1031/1111/733 
f 1033/1113/734 191/194/734 190/193/734 1034/1114/734 
f 1033/1113/735 1035/1115/735 1036/1116/735 1031/1111/735 
f 1033/1113/736 1034/1114/736 1037/1117/736 1035/1115/736 
f 1037/1117/737 1034/1114/737 1038/1118/737 1039/1119/737 
f 1037/1117/738 1040/1120/738 1041/1121/738 1035/1115/738 
f 1037/1117/739 1039/1119/739 1042/1122/739 1040/1120/739 
f 1042/1122/740 1039/1119/740 1043/1123/740 1044/1124/740 
f 1042/1122/741 1045/1125/741 1046/1126/741 1040/1120/741 
f 1042/1122/742 1044/1124/742 1047/1127/742 1045/1125/742 
f 1047/1127/743 1048/1128/743 1049/1129/743 1045/1125/743 
f 1048/1128/744 1047/1127/744 1050/1130/744 1051/1131/744 
f 1048/1128/745 1051/1131/745 1052/1132/745 1053/1133/745 
f 1052/1132/746 1054/1134/746 1055/1135/746 1053/1133/746 
f 1056/1136/747 1044/1124/747 1043/1123/747 1057/1137/747 
f 1056/1136/748 1050/1130/748 1047/1127/748 1044/1124/748 
f 1043/1123/749 1058/1138/749 1059/1139/749 1057/1137/749 
f 1058/1138/750 1038/1118/750 193/196/750 1060/1140/750 
f 1058/1138/751 1043/1123/751 1039/1119/751 1038/1118/751 
f 1060/1140/752 193/196/752 189/192/752 1061/1141/752 
f 1061/1141/753 189/192/753 188/191/753 1062/1142/753 
f 1062/1142/754 1063/1143/754 1064/1144/754 
f 1063/1143/755 1062/1142/755 182/185/755 1065/1145/755 
f 1066/1146/756 182/185/756 175/178/756 1067/1147/756 
f 178/181/757 1068/1148/757 1069/1149/757 1070/1150/757 
f 1069/1149/758 1068/1148/758 1071/1151/758 1072/1152/758 
f 1071/1151/759 18/18/759 1073/1153/759 1072/1152/759 
f 1073/1153/760 18/18/760 12/12/760 1074/1154/760 
f 1074/1154/761 12/12/761 15/15/761 1075/1155/761 
f 1075/1155/762 15/15/762 111/114/762 1076/1156/762 
f 1076/1156/763 111/114/763 110/113/763 1077/1157/763 
f 1077/1157/764 110/113/764 116/119/764 1078/1158/764 
f 1078/1158/765 116/119/765 1079/1159/765 1080/1160/765 
f 1079/1159/766 131/134/766 1081/1161/766 1080/1160/766 
f 1079/1159/767 1082/1162/767 132/135/767 131/134/767 
f 1079/1159/768 116/119/768 115/118/768 1082/1162/768 
f 131/134/769 130/133/769 1083/1163/769 1081/1161/769 
f 130/133/770 134/137/770 1084/1164/770 1083/1163/770 
f 134/137/771 1085/1165/771 1086/1166/771 1084/1164/771 
f 1085/1165/772 171/174/772 170/173/772 1087/1167/772 
f 1085/1165/773 134/137/773 133/136/773 171/174/773 
f 1087/1167/774 170/173/774 174/177/774 1055/1135/774 
f 1055/1135/775 174/177/775 1088/1168/775 1053/1133/775 
f 1088/1168/776 1049/1129/776 1048/1128/776 1053/1133/776 
f 1088/1168/777 1089/1169/777 1090/1170/777 1049/1129/777 
f 1088/1168/778 174/177/778 173/176/778 1089/1169/778 
f 1089/1169/779 1091/1171/779 1092/1172/779 1090/1170/779 
f 1089/1169/780 173/176/780 172/175/780 1091/1171/780 
f 1091/1171/781 1093/1173/781 1094/1174/781 1092/1172/781 
f 1091/1171/782 172/175/782 916/985/782 1093/1173/782 
f 1093/1173/783 1095/1175/783 1096/1176/783 1094/1174/783 
f 1093/1173/784 916/985/784 915/984/784 1095/1175/784 
f 1095/1175/785 1097/1177/785 1098/1178/785 1096/1176/785 
f 1095/1175/786 915/984/786 918/987/786 1097/1177/786 
f 1097/1179/787 1099/1180/787 1100/1181/787 1098/1182/787 
f 1097/1183/788 918/991/788 920/990/788 1099/1184/788 
f 1099/1180/789 1101/1185/789 1102/1186/789 1100/1181/789 
f 1099/1184/790 920/990/790 922/993/790 1101/1187/790 
f 1101/1185/791 927/1188/791 1103/1189/791 1102/1186/791 
f 1101/1187/792 922/993/792 924/995/792 927/998/792 
f 1103/1189/793 1104/1190/793 1105/1191/793 1102/1186/793 
f 1103/1189/794 139/142/794 138/141/794 1104/1190/794 
f 1103/1189/795 927/1188/795 926/1001/795 139/142/795 
f 1104/1190/796 1106/1192/796 1107/1193/796 1105/1191/796 
f 1104/1190/797 138/141/797 144/147/797 1106/1192/797 
f 1106/1192/798 1108/1194/798 1109/1195/798 1107/1193/798 
f 1106/1192/799 144/147/799 1110/1196/799 1108/1194/799 
f 1110/1196/800 1111/1197/800 1112/1198/800 1108/1194/800 
f 1110/1196/801 954/1031/801 956/1033/801 1111/1197/801 
f 1110/1196/802 144/147/802 143/146/802 954/1031/802 
f 1111/1197/803 1113/1199/803 1114/1200/803 1112/1198/803 
f 1111/1197/804 956/1033/804 958/1035/804 1113/1199/804 
f 1113/1199/805 1115/1201/805 1116/1202/805 1114/1200/805 
f 1113/1199/806 958/1035/806 960/1037/806 1115/1201/806 
f 1115/1201/807 1117/1203/807 1118/1204/807 1116/1202/807 
f 1115/1201/808 960/1037/808 962/1039/808 1117/1203/808 
f 1117/1203/809 1119/1205/809 1120/1206/809 1118/1204/809 
f 1117/1203/810 962/1039/810 964/1041/810 1119/1205/810 
f 1119/1205/811 1121/1207/811 1122/1208/811 1120/1206/811 
f 1119/1205/812 964/1041/812 966/1043/812 1121/1207/812 
f 1121/1207/813 1123/1209/813 1124/1210/813 1122/1208/813 
f 1121/1207/814 966/1043/814 968/1045/814 1123/1209/814 
f 1123/1209/815 1125/1211/815 1126/1212/815 1124/1210/815 
f 1123/1209/816 968/1045/816 970/1047/816 1125/1211/816 
f 1125/1211/817 1127/1213/817 1128/1214/817 1126/1212/817 
f 1125/1211/818 970/1047/818 972/1049/818 1127/1213/818 
f 1127/1213/819 1129/1215/819 1130/1216/819 1128/1214/819 
f 1127/1213/820 972/1049/820 974/1051/820 1129/1215/820 
f 1129/1215/821 1131/1217/821 1132/1218/821 1130/1216/821 
f 1129/1215/822 974/1051/822 976/1053/822 1131/1217/822 
f 1131/1217/823 1133/1219/823 995/1072/823 1132/1218/823 
f 1131/1217/824 976/1053/824 978/1055/824 1133/1219/824 
f 1133/1219/825 992/1069/825 991/1068/825 995/1072/825 
f 1133/1219/826 978/1055/826 980/1057/826 992/1069/826 
f 1132/1218/827 995/1072/827 994/1071/827 998/1076/827 
f 1132/1218/828 998/1076/828 1134/1220/828 1130/1216/828 
f 1134/1220/829 998/1076/829 997/1075/829 1001/1080/829 
f 1134/1220/830 1135/1221/830 1128/1214/830 1130/1216/830 
f 1134/1220/831 1001/1080/831 1136/1222/831 1135/1221/831 
f 1136/1222/832 1001/1080/832 1000/1079/832 1004/1223/832 
f 1136/1222/833 1137/1224/833 1138/1225/833 1135/1221/833 
f 1136/1222/834 1004/1223/834 1139/1226/834 1137/1224/834 
f 1139/1227/835 1004/1084/835 1003/1083/835 1007/1087/835 
f 1139/1226/836 1140/1228/836 1141/1229/836 1137/1224/836 
f 1139/1227/837 1007/1087/837 1142/1230/837 1140/1231/837 
f 1142/1230/838 1007/1087/838 1006/1086/838 1010/1090/838 
f 1142/1230/839 1143/1232/839 1144/1233/839 1140/1231/839 
f 1142/1230/840 1010/1090/840 1023/1103/840 1143/1232/840 
f 1143/1232/841 1026/1106/841 1145/1234/841 1144/1233/841 
f 1143/1232/842 1023/1103/842 1022/1102/842 1026/1106/842 
f 1145/1235/843 1146/1236/843 1147/1237/843 1144/1238/843 
f 1145/1235/844 1148/1239/844 1149/1240/844 1146/1236/844 
f 1145/1234/845 1026/1106/845 1025/1105/845 1148/1241/845 
f 1148/1239/846 1150/1242/846 1151/1243/846 1149/1240/846 
f 1148/1241/847 1025/1105/847 1028/1108/847 1150/1244/847 
f 1150/1242/848 1152/1245/848 1153/1246/848 1151/1243/848 
f 1150/1244/849 1028/1108/849 1030/1110/849 1152/1247/849 
f 1152/1245/850 1154/1248/850 1155/1249/850 1153/1246/850 
f 1152/1247/851 1030/1110/851 1032/1112/851 1154/1250/851 
f 1154/1248/852 1156/1251/852 1157/1252/852 1155/1249/852 
f 1154/1250/853 1032/1112/853 1158/1253/853 1156/1254/853 
f 1158/1253/854 1032/1112/854 1031/1111/854 1036/1116/854 
f 1158/1253/855 1159/1255/855 1160/1256/855 1156/1254/855 
f 1158/1253/856 1036/1116/856 1161/1257/856 1159/1255/856 
f 1161/1257/857 1036/1116/857 1035/1115/857 1041/1121/857 
f 1161/1257/858 1162/1258/858 1163/1259/858 1159/1255/858 
f 1161/1257/859 1041/1121/859 1164/1260/859 1162/1258/859 
f 1164/1260/860 1041/1121/860 1040/1120/860 1046/1126/860 
f 1164/1260/861 1092/1172/861 1094/1174/861 1162/1258/861 
f 1164/1260/862 1046/1126/862 1090/1170/862 1092/1172/862 
f 1162/1258/863 1094/1174/863 1096/1176/863 1163/1259/863 
f 1163/1259/864 1165/1261/864 1160/1256/864 1159/1255/864 
f 1163/1259/865 1096/1176/865 1098/1178/865 1165/1261/865 
f 1165/1262/866 1166/1263/866 1167/1264/866 1160/1265/866 
f 1165/1262/867 1098/1182/867 1100/1181/867 1166/1263/867 
f 1166/1263/868 1105/1191/868 1107/1193/868 1167/1264/868 
f 1166/1263/869 1100/1181/869 1102/1186/869 1105/1191/869 
f 1167/1264/870 1157/1252/870 1156/1251/870 1160/1265/870 
f 1167/1264/871 1107/1193/871 1109/1195/871 1157/1252/871 
f 1157/1252/872 1109/1195/872 1168/1266/872 1155/1249/872 
f 1168/1266/873 1169/1267/873 1153/1246/873 1155/1249/873 
f 1168/1266/874 1112/1198/874 1114/1200/874 1169/1267/874 
f 1168/1266/875 1109/1195/875 1108/1194/875 1112/1198/875 
f 1169/1267/876 1170/1268/876 1151/1243/876 1153/1246/876 
f 1169/1267/877 1114/1200/877 1116/1202/877 1170/1268/877 
f 1170/1268/878 1171/1269/878 1149/1240/878 1151/1243/878 
f 1170/1268/879 1116/1202/879 1118/1204/879 1171/1269/879 
f 1171/1269/880 1172/1270/880 1146/1236/880 1149/1240/880 
f 1171/1269/881 1118/1204/881 1120/1206/881 1172/1270/881 
f 1172/1270/882 1173/1271/882 1147/1237/882 1146/1236/882 
f 1172/1270/883 1120/1206/883 1122/1208/883 1173/1271/883 
f 1173/1271/884 1174/1272/884 1141/1229/884 1147/1237/884 
f 1173/1271/885 1122/1208/885 1124/1210/885 1174/1272/885 
f 1174/1272/886 1138/1225/886 1137/1224/886 1141/1229/886 
f 1174/1272/887 1124/1210/887 1126/1212/887 1138/1225/887 
f 1147/1237/888 1141/1229/888 1140/1228/888 1144/1238/888 
f 1138/1225/889 1126/1212/889 1128/1214/889 1135/1221/889 
f 1090/1170/890 1046/1126/890 1045/1125/890 1049/1129/890 
f 1087/1167/891 1055/1135/891 1054/1134/891 1175/1273/891 
f 1087/1167/892 1175/1273/892 1086/1166/892 1085/1165/892 
f 1071/1151/893 1068/1148/893 1176/1274/893 1177/1275/893 
f 1071/1151/894 1177/1275/894 19/19/894 18/18/894 
f 1177/1275/895 1176/1274/895 1178/1276/895 1179/1277/895 
f 1177/1275/896 1179/1277/896 1180/1278/896 19/19/896 
f 1180/1278/897 1179/1277/897 1181/1279/897 1182/1280/897 
f 1180/1278/898 1183/1281/898 16/16/898 19/19/898 
f 1180/1278/899 1182/1280/899 1184/1282/899 1183/1281/899 
f 1184/1282/900 1182/1280/900 1185/1283/900 1186/1284/900 
f 1184/1282/901 1187/1285/901 1188/1286/901 1183/1281/901 
f 1184/1282/902 1186/1284/902 1189/1287/902 1187/1285/902 
f 1189/1287/903 1186/1284/903 1190/1288/903 1191/1289/903 
f 1189/1287/904 1192/1290/904 1193/1291/904 1187/1285/904 
f 1189/1287/905 1191/1289/905 1194/1292/905 1192/1290/905 
f 1194/1293/203 1191/1294/203 768/1295/203 770/1296/203 
f 1194/1292/906 1195/1297/906 1196/1298/906 1192/1290/906 
f 1194/1293/206 770/1296/206 772/1299/206 1195/1300/206 
f 1195/1297/907 1197/1301/907 1198/1302/907 1196/1298/907 
f 1195/1300/261 772/1299/261 774/1303/261 1197/1304/261 
f 1197/1301/908 1199/1305/908 1200/1306/908 1198/1302/908 
f 1197/1304/206 774/1303/206 776/1307/206 1199/1308/206 
f 1199/1305/909 1201/1309/909 1202/1310/909 1200/1306/909 
f 1199/1308/203 776/1307/203 778/1311/203 1201/1312/203 
f 1201/1309/910 1203/1313/910 1204/1314/910 1202/1310/910 
f 1201/1312/206 778/1311/206 780/1315/206 1203/1316/206 
f 1203/1313/911 1205/1317/911 1206/1318/911 1204/1314/911 
f 1203/1316/206 780/1315/206 782/1319/206 1205/1320/206 
f 1205/1317/912 1207/1321/912 1208/1322/912 1206/1318/912 
f 1207/1321/913 1209/1323/913 1210/1324/913 1208/1322/913 
f 1207/1325/203 784/1326/203 786/1327/203 1209/1328/203 
f 1209/1323/914 1211/1329/914 806/875/914 1210/1324/914 
f 1209/1328/203 786/1327/203 788/1330/203 1211/1331/203 
f 1211/1329/915 803/872/915 802/871/915 806/875/915 
f 1211/1331/206 788/1330/206 790/1332/206 803/1333/206 
f 1210/1324/916 809/878/916 811/880/916 1208/1322/916 
f 1210/1324/917 806/875/917 805/874/917 809/878/917 
f 1208/1322/918 811/880/918 1212/1334/918 1206/1318/918 
f 1212/1334/919 1213/1335/919 1204/1314/919 1206/1318/919 
f 1212/1334/920 814/883/920 821/890/920 1213/1335/920 
f 1212/1334/921 811/880/921 810/879/921 814/883/921 
f 1213/1335/922 1214/1336/922 1202/1310/922 1204/1314/922 
f 1213/1335/923 821/890/923 820/889/923 1214/1336/923 
f 1214/1336/924 1215/1337/924 1200/1306/924 1202/1310/924 
f 1214/1336/925 820/889/925 823/892/925 1215/1337/925 
f 1215/1337/926 1216/1338/926 1198/1302/926 1200/1306/926 
f 1215/1337/927 823/892/927 825/894/927 1216/1338/927 
f 1216/1338/928 1217/1339/928 1196/1298/928 1198/1302/928 
f 1216/1338/929 825/894/929 1218/1340/929 1217/1339/929 
f 1218/1340/930 1219/1341/930 1193/1291/930 1217/1339/930 
f 1218/1340/931 828/897/931 1220/1342/931 1219/1341/931 
f 1218/1340/932 825/894/932 824/893/932 828/897/932 
f 1220/1342/933 17/17/933 1188/1286/933 1219/1341/933 
f 1220/1342/934 1221/1343/934 13/13/934 17/17/934 
f 1220/1342/935 828/897/935 827/896/935 1221/1343/935 
f 1221/1343/936 1222/1344/936 14/14/936 13/13/936 
f 1221/1343/937 827/896/937 830/899/937 1222/1344/937 
f 1222/1344/938 1223/1345/938 112/115/938 14/14/938 
f 1222/1344/939 830/899/939 832/901/939 1223/1345/939 
f 1223/1345/940 1224/1346/940 113/116/940 112/115/940 
f 1223/1345/941 832/901/941 834/903/941 1224/1346/941 
f 1224/1346/942 1225/1347/942 117/120/942 113/116/942 
f 1224/1346/943 834/903/943 1226/1348/943 1225/1347/943 
f 1226/1348/944 834/903/944 833/902/944 837/906/944 
f 1219/1341/945 1188/1286/945 1187/1285/945 1193/1291/945 
f 1217/1339/946 1193/1291/946 1192/1290/946 1196/1298/946 
f 1190/1349/947 1227/1350/947 764/1351/947 766/1352/947 
f 1190/1288/948 1186/1284/948 1185/1283/948 1227/1353/948 
f 1190/1349/206 766/1352/206 768/1295/206 1191/1294/206 
f 1227/1350/206 1228/1354/206 762/1355/206 764/1351/206 
f 1227/1353/949 1185/1283/949 1229/1356/949 1228/1357/949 
f 1229/1356/950 1230/1358/950 759/1359/950 1228/1357/950 
f 1229/1356/951 1181/1279/951 1231/1360/951 1230/1358/951 
f 1229/1356/952 1185/1283/952 1182/1280/952 1181/1279/952 
f 1231/1360/953 1232/1361/953 755/814/953 1230/1358/953 
f 1231/1360/954 1178/1276/954 179/182/954 1232/1361/954 
f 1231/1360/955 1181/1279/955 1179/1277/955 1178/1276/955 
f 1232/1361/956 752/807/956 751/806/956 755/814/956 
f 1232/1361/957 179/182/957 181/184/957 752/807/957 
f 1230/1358/958 755/814/958 754/813/958 759/1359/958 
f 1228/1354/206 759/820/206 758/819/206 762/1355/206 
f 1188/1286/959 17/17/959 16/16/959 1183/1281/959 
f 1233/1362/960 1234/1363/960 1060/1140/960 1061/1141/960 
f 1234/1363/961 1059/1139/961 1058/1138/961 1060/1140/961 
f 1062/1142/962 188/191/962 183/186/962 182/185/962 
f 1038/1118/963 1034/1114/963 190/193/963 193/196/963 
f 1023/1103/964 1010/1090/964 1009/1089/964 1013/1093/964 
f 992/1069/965 980/1057/965 982/1059/965 989/1066/965 
f 935/1011/966 142/145/966 141/144/966 931/1005/966 
f 916/985/967 172/175/967 167/170/967 913/982/967 
f 1235/1364/968 136/139/968 135/138/968 1236/1365/968 
f 1235/1364/969 169/172/969 168/171/969 136/139/969 
f 902/971/970 843/912/970 842/911/970 846/915/970 
f 901/970/971 850/919/971 119/122/971 123/126/971 
f 1237/1366/972 1238/1367/972 148/151/972 147/150/972 
f 896/965/973 1239/1368/973 1240/1369/973 153/156/973 
f 896/965/974 894/963/974 889/958/974 1239/1368/974 
f 896/965/975 153/156/975 145/148/975 152/155/975 
f 1239/1368/976 23/23/976 22/22/976 1240/1369/976 
f 1239/1368/977 889/958/977 25/25/977 23/23/977 
f 1240/1369/978 22/22/978 1241/1370/978 1242/1371/978 
f 1240/1369/979 1242/1371/979 154/157/979 153/156/979 
f 1241/1370/980 1243/1372/980 577/622/980 580/626/980 
f 1241/1370/981 22/22/981 21/21/981 1243/1372/981 
f 1241/1370/982 580/626/982 582/628/982 1242/1371/982 
f 1243/1372/983 574/619/983 573/618/983 577/622/983 
f 1243/1372/984 21/21/984 1244/1373/984 574/619/984 
f 1244/1373/985 1245/1374/985 572/617/985 574/619/985 
f 1244/1373/986 1246/1375/986 1247/1376/986 1245/1374/986 
f 1244/1373/987 21/21/987 26/26/987 1246/1375/987 
f 1246/1375/988 1248/1377/988 1249/1378/988 1247/1376/988 
f 1246/1375/989 26/26/989 1250/1379/989 1248/1377/989 
f 1250/1379/990 1251/1380/990 1252/1381/990 1248/1377/990 
f 1250/1379/991 203/206/991 202/205/991 1251/1380/991 
f 1250/1379/992 26/26/992 24/24/992 203/206/992 
f 1251/1380/993 1253/1382/993 1254/1383/993 1252/1381/993 
f 1251/1380/994 202/205/994 204/207/994 1253/1382/994 
f 1253/1382/995 1255/1384/995 1256/1385/995 1254/1383/995 
f 1253/1382/996 204/207/996 1257/1386/996 1255/1384/996 
f 1257/1386/997 1258/1387/997 1259/1388/997 1255/1384/997 
f 1257/1386/998 518/559/998 525/567/998 1258/1387/998 
f 1257/1386/999 204/207/999 201/204/999 518/559/999 
f 525/567/1000 524/566/1000 1260/1389/1000 1258/1387/1000 
f 1260/1389/1001 1261/1390/1001 1259/1388/1001 1258/1387/1001 
f 1260/1391/1002 528/572/1002 1262/1392/1002 1261/1393/1002 
f 1260/1391/1003 524/570/1003 526/569/1003 528/572/1003 
f 1262/1392/1004 1263/1394/1004 1264/1395/1004 1261/1393/1004 
f 1262/1392/1005 531/575/1005 1265/1396/1005 1263/1394/1005 
f 1262/1392/1006 528/572/1006 527/571/1006 531/575/1006 
f 1265/1396/1007 1266/1397/1007 1267/1398/1007 1263/1394/1007 
f 1265/1396/1008 1268/1399/1008 1269/1400/1008 1266/1397/1008 
f 1265/1396/1009 531/575/1009 530/574/1009 1268/1399/1009 
f 1268/1399/1010 1270/1401/1010 1271/1402/1010 1269/1400/1010 
f 1268/1399/1011 530/574/1011 533/577/1011 1270/1401/1011 
f 1270/1401/1012 538/582/1012 1272/1403/1012 1271/1402/1012 
f 1270/1401/1013 533/577/1013 535/579/1013 538/582/1013 
f 1272/1403/1014 538/582/1014 537/581/1014 541/585/1014 
f 541/585/1015 1273/1404/1015 1274/1405/1015 1272/1403/1015 
f 541/585/1016 540/584/1016 1275/1406/1016 1273/1404/1016 
f 1275/1406/1017 1276/1407/1017 1277/1408/1017 1273/1404/1017 
f 1275/1406/1018 544/588/1018 546/590/1018 1276/1407/1018 
f 1275/1406/1019 540/584/1019 542/586/1019 544/588/1019 
f 546/590/1020 1278/1409/1020 1279/1410/1020 1276/1407/1020 
f 546/590/1021 545/589/1021 1280/1411/1021 1278/1409/1021 
f 1280/1411/1022 545/589/1022 547/591/1022 1281/1412/1022 
f 1281/1412/1023 547/591/1023 548/592/1023 1282/1413/1023 
f 1282/1413/1024 548/592/1024 549/593/1024 1283/1414/1024 
f 1283/1414/1025 549/593/1025 552/596/1025 
f 561/605/1026 1284/1415/1026 1285/1416/1026 1283/1414/1026 
f 561/605/1027 560/604/1027 1286/1417/1027 1284/1415/1027 
f 1286/1417/1028 560/604/1028 562/606/1028 1287/1418/1028 
f 1287/1418/1029 562/606/1029 563/607/1029 1288/1419/1029 
f 1288/1420/1030 563/608/1030 564/609/1030 1289/1421/1030 
f 1289/1421/1031 564/609/1031 565/610/1031 1290/1422/1031 
f 1290/1422/1032 565/610/1032 567/612/1032 1291/1423/1032 
f 567/612/1033 1292/1424/1033 1293/1425/1033 1291/1423/1033 
f 1292/1424/1034 570/615/1034 1294/1426/1034 1295/1427/1034 
f 1292/1424/1035 567/612/1035 566/611/1035 570/615/1035 
f 1294/1426/1036 1296/1428/1036 1297/1429/1036 1295/1427/1036 
f 1294/1426/1037 1298/1430/1037 1299/1431/1037 1296/1428/1037 
f 1294/1426/1038 570/615/1038 569/614/1038 1298/1430/1038 
f 1298/1430/1039 1245/1374/1039 1247/1376/1039 1299/1431/1039 
f 1298/1430/1040 569/614/1040 572/617/1040 1245/1374/1040 
f 1247/1376/1041 1249/1378/1041 1300/1432/1041 1299/1431/1041 
f 1249/1378/1042 1301/1433/1042 1302/1434/1042 1300/1432/1042 
f 1301/1433/1043 1252/1381/1043 1254/1383/1043 1303/1435/1043 
f 1301/1433/1044 1249/1378/1044 1248/1377/1044 1252/1381/1044 
f 1303/1435/1045 1254/1383/1045 1256/1385/1045 1304/1436/1045 
f 1304/1436/1046 1256/1385/1046 1305/1437/1046 1306/1438/1046 
f 1305/1437/1047 1264/1439/1047 1307/1440/1047 1306/1438/1047 
f 1305/1437/1048 1259/1388/1048 1261/1390/1048 1264/1439/1048 
f 1305/1437/1049 1256/1385/1049 1255/1384/1049 1259/1388/1049 
f 1307/1441/1050 1264/1395/1050 1263/1394/1050 1267/1398/1050 
f 1267/1398/1051 1308/1442/1051 1309/1443/1051 1307/1441/1051 
f 1267/1398/1052 1266/1397/1052 1310/1444/1052 1308/1442/1052 
f 1266/1397/1053 1269/1400/1053 1311/1445/1053 1310/1444/1053 
f 1269/1400/1054 1271/1402/1054 1312/1446/1054 1311/1445/1054 
f 1312/1446/1055 1313/1447/1055 1314/1448/1055 1311/1445/1055 
f 1312/1446/1056 1274/1405/1056 1315/1449/1056 1313/1447/1056 
f 1312/1446/1057 1271/1402/1057 1272/1403/1057 1274/1405/1057 
f 1315/1449/1058 1274/1405/1058 1273/1404/1058 1277/1408/1058 
f 1315/1449/1059 1316/1450/1059 1317/1451/1059 1313/1447/1059 
f 1315/1449/1060 1277/1408/1060 1318/1452/1060 1316/1450/1060 
f 1318/1452/1061 1277/1408/1061 1276/1407/1061 1279/1410/1061 
f 1279/1410/1062 1319/1453/1062 1320/1454/1062 1318/1452/1062 
f 1279/1410/1063 1278/1409/1063 1321/1455/1063 1319/1453/1063 
f 1321/1455/1064 1278/1409/1064 1280/1411/1064 1322/1456/1064 
f 1322/1456/1065 1280/1411/1065 1281/1412/1065 1323/1457/1065 
f 1323/1457/1066 1281/1412/1066 1282/1413/1066 1324/1458/1066 
f 1324/1458/1067 1282/1413/1067 1283/1414/1067 1285/1416/1067 
f 1285/1416/1068 1325/1459/1068 1326/1460/1068 1324/1458/1068 
f 1285/1416/1069 1284/1415/1069 1327/1461/1069 1325/1459/1069 
f 1327/1461/1070 1284/1415/1070 1286/1417/1070 1328/1462/1070 
f 1328/1462/1071 1286/1417/1071 1287/1418/1071 1329/1463/1071 
f 1329/1463/1072 1287/1418/1072 1288/1419/1072 1330/1464/1072 
f 1330/1465/1073 1288/1420/1073 1289/1421/1073 1331/1466/1073 
f 1331/1466/1074 1289/1421/1074 1290/1422/1074 1332/1467/1074 
f 1332/1467/1075 1290/1422/1075 1291/1423/1075 1333/1468/1075 
f 1333/1468/1076 1291/1423/1076 1293/1425/1076 1334/1469/1076 
f 1293/1425/1077 1335/1470/1077 1336/1471/1077 1334/1469/1077 
f 1335/1470/1078 1295/1427/1078 1297/1429/1078 1337/1472/1078 
f 1335/1470/1079 1293/1425/1079 1292/1424/1079 1295/1427/1079 
f 1297/1429/1080 1338/1473/1080 1339/1474/1080 1337/1472/1080 
f 1338/1473/1081 1340/1475/1081 1341/1476/1081 1342/1477/1081 
f 1338/1473/1082 1297/1429/1082 1296/1428/1082 1340/1475/1082 
f 1340/1475/1083 1300/1432/1083 1302/1434/1083 1341/1476/1083 
f 1340/1475/1084 1296/1428/1084 1299/1431/1084 1300/1432/1084 
f 1341/1476/1085 1302/1434/1085 1343/1478/1085 1344/1479/1085 
f 1343/1478/1086 1345/1480/1086 1346/1481/1086 1344/1479/1086 
f 1343/1478/1087 1303/1435/1087 1304/1436/1087 1345/1480/1087 
f 1343/1478/1088 1302/1434/1088 1301/1433/1088 1303/1435/1088 
f 1345/1480/1089 1347/1482/1089 1348/1483/1089 1346/1481/1089 
f 1345/1480/1090 1304/1436/1090 1306/1438/1090 1347/1482/1090 
f 1347/1482/1091 1309/1484/1091 1349/1485/1091 1348/1483/1091 
f 1347/1482/1092 1306/1438/1092 1307/1440/1092 1309/1484/1092 
f 1349/1486/1093 1309/1443/1093 1308/1442/1093 1350/1487/1093 
f 1350/1487/1094 1308/1442/1094 1310/1444/1094 1351/1488/1094 
f 1351/1488/1095 1310/1444/1095 1311/1445/1095 1314/1448/1095 
f 1314/1448/1096 1352/1489/1096 1353/1490/1096 1351/1488/1096 
f 1314/1448/1097 1313/1447/1097 1317/1451/1097 1352/1489/1097 
f 1317/1451/1098 1354/1491/1098 1355/1492/1098 1352/1489/1098 
f 1317/1451/1099 1316/1450/1099 1356/1493/1099 1354/1491/1099 
f 1356/1493/1100 1316/1450/1100 1318/1452/1100 1320/1454/1100 
f 1320/1454/1101 1357/1494/1101 1358/1495/1101 1356/1493/1101 
f 1320/1454/1102 1319/1453/1102 1359/1496/1102 1357/1494/1102 
f 1359/1496/1103 1319/1453/1103 1321/1455/1103 1360/1497/1103 
f 1360/1497/1104 1321/1455/1104 1322/1456/1104 1361/1498/1104 
f 1361/1498/1105 1322/1456/1105 1323/1457/1105 1362/1499/1105 
f 1362/1499/1106 1323/1457/1106 1324/1458/1106 1326/1460/1106 
f 1326/1460/1107 1363/1500/1107 1364/1501/1107 1362/1499/1107 
f 1326/1460/1108 1325/1459/1108 1365/1502/1108 1363/1500/1108 
f 1365/1502/1109 1325/1459/1109 1327/1461/1109 1366/1503/1109 
f 1366/1503/1110 1327/1461/1110 1328/1462/1110 1367/1504/1110 
f 1367/1504/1111 1328/1462/1111 1329/1463/1111 1368/1505/1111 
f 1368/1505/1112 1329/1463/1112 1330/1464/1112 1369/1506/1112 
f 1369/1507/1113 1330/1465/1113 1331/1466/1113 1370/1508/1113 
f 1370/1508/1114 1331/1466/1114 1332/1467/1114 1371/1509/1114 
f 1371/1509/1115 1332/1467/1115 1333/1468/1115 1372/1510/1115 
f 1372/1510/1116 1333/1468/1116 1334/1469/1116 1373/1511/1116 
f 1373/1511/1117 1334/1469/1117 1336/1471/1117 1374/1512/1117 
f 1336/1471/1118 1375/1513/1118 1376/1514/1118 1374/1512/1118 
f 1375/1513/1119 1337/1472/1119 1339/1474/1119 1377/1515/1119 
f 1375/1513/1120 1336/1471/1120 1335/1470/1120 1337/1472/1120 
f 1339/1474/1121 1378/1516/1121 1379/1517/1121 1377/1515/1121 
f 1378/1516/1122 1342/1477/1122 1380/1518/1122 1381/1519/1122 
f 1378/1516/1123 1339/1474/1123 1338/1473/1123 1342/1477/1123 
f 1380/1518/1124 1382/1520/1124 1383/1521/1124 1381/1519/1124 
f 1380/1518/1125 1344/1479/1125 1346/1481/1125 1382/1520/1125 
f 1380/1518/1126 1342/1477/1126 1341/1476/1126 1344/1479/1126 
f 1346/1481/1127 1348/1483/1127 1384/1522/1127 1382/1520/1127 
f 1384/1522/1128 1348/1483/1128 1349/1485/1128 1385/1523/1128 
f 1385/1524/1129 1349/1486/1129 1350/1487/1129 1386/1525/1129 
f 1386/1525/1130 1350/1487/1130 1351/1488/1130 1353/1490/1130 
f 1386/1525/1131 1387/1526/1131 1388/1527/1131 1385/1524/1131 
f 1386/1525/1132 1353/1490/1132 1389/1528/1132 1387/1526/1132 
f 1389/1528/1133 1353/1490/1133 1352/1489/1133 1355/1492/1133 
f 1355/1492/1134 1390/1529/1134 1391/1530/1134 1389/1528/1134 
f 1355/1492/1135 1354/1491/1135 1392/1531/1135 1390/1529/1135 
f 1392/1531/1136 1354/1491/1136 1356/1493/1136 1358/1495/1136 
f 1358/1495/1137 1393/1532/1137 1394/1533/1137 1392/1531/1137 
f 1358/1495/1138 1357/1494/1138 1395/1534/1138 1393/1532/1138 
f 1395/1534/1139 1357/1494/1139 1359/1496/1139 1396/1535/1139 
f 1396/1535/1140 1359/1496/1140 1360/1497/1140 1397/1536/1140 
f 1397/1536/1141 1360/1497/1141 1361/1498/1141 1398/1537/1141 
f 1398/1537/1142 1361/1498/1142 1362/1499/1142 1364/1501/1142 
f 1364/1501/1143 1399/1538/1143 1400/1539/1143 1398/1537/1143 
f 1364/1501/1144 1363/1500/1144 1401/1540/1144 1399/1538/1144 
f 1401/1540/1145 1402/1541/1145 1403/1542/1145 1399/1538/1145 
f 1401/1540/1146 1404/1543/1146 1405/1544/1146 1402/1541/1146 
f 1401/1540/1147 1363/1500/1147 1365/1502/1147 1404/1543/1147 
f 1404/1543/1148 1406/1545/1148 1407/1546/1148 1405/1544/1148 
f 1404/1543/1149 1365/1502/1149 1366/1503/1149 1406/1545/1149 
f 1406/1545/1150 1408/1547/1150 1409/1548/1150 1407/1546/1150 
f 1406/1545/1151 1366/1503/1151 1367/1504/1151 1408/1547/1151 
f 1408/1547/1152 1410/1549/1152 1411/1550/1152 1409/1548/1152 
f 1408/1547/1153 1367/1504/1153 1368/1505/1153 1410/1549/1153 
f 1410/1549/1154 1412/1551/1154 1413/1552/1154 1411/1550/1154 
f 1410/1549/1155 1368/1505/1155 1369/1506/1155 1412/1551/1155 
f 1412/1553/1156 1414/1554/1156 1415/1555/1156 1413/1556/1156 
f 1412/1553/1157 1369/1507/1157 1370/1508/1157 1414/1554/1157 
f 1414/1554/1158 1416/1557/1158 1417/1558/1158 1415/1555/1158 
f 1414/1554/1159 1370/1508/1159 1371/1509/1159 1416/1557/1159 
f 1416/1557/1160 1418/1559/1160 1419/1560/1160 1417/1558/1160 
f 1416/1557/1161 1371/1509/1161 1372/1510/1161 1418/1559/1161 
f 1418/1559/1162 1420/1561/1162 1421/1562/1162 1419/1560/1162 
f 1418/1559/1163 1372/1510/1163 1373/1511/1163 1420/1561/1163 
f 1420/1561/1164 1422/1563/1164 1423/1564/1164 1421/1562/1164 
f 1420/1561/1165 1373/1511/1165 1374/1512/1165 1422/1563/1165 
f 1422/1563/1166 1424/1565/1166 1425/1566/1166 1423/1564/1166 
f 1422/1563/1167 1374/1512/1167 1376/1514/1167 1424/1565/1167 
f 1376/1514/1168 1426/1567/1168 1427/1568/1168 1424/1565/1168 
f 1426/1567/1169 1377/1515/1169 1379/1517/1169 1428/1569/1169 
f 1426/1567/1170 1376/1514/1170 1375/1513/1170 1377/1515/1170 
f 1379/1517/1171 1429/1570/1171 1430/1571/1171 1428/1569/1171 
f 1429/1570/1172 1381/1519/1172 1383/1521/1172 1431/1572/1172 
f 1429/1570/1173 1379/1517/1173 1378/1516/1173 1381/1519/1173 
f 1383/1521/1174 1432/1573/1174 1433/1574/1174 1431/1572/1174 
f 1432/1573/1175 1384/1522/1175 1385/1523/1175 1388/1575/1175 
f 1432/1573/1176 1383/1521/1176 1382/1520/1176 1384/1522/1176 
f 1388/1575/1177 1434/1576/1177 1433/1574/1177 1432/1573/1177 
f 1388/1527/1178 1387/1526/1178 1435/1577/1178 1434/1578/1178 
f 1435/1577/1179 1387/1526/1179 1389/1528/1179 1391/1530/1179 
f 1391/1530/1180 1436/1579/1180 1437/1580/1180 1435/1577/1180 
f 1391/1530/1181 1390/1529/1181 1438/1581/1181 1436/1579/1181 
f 1438/1581/1182 1390/1529/1182 1392/1531/1182 1394/1533/1182 
f 1394/1533/1183 1439/1582/1183 1440/1583/1183 1438/1581/1183 
f 1394/1533/1184 1393/1532/1184 1441/1584/1184 1439/1582/1184 
f 1441/1584/1185 1442/1585/1185 1443/1586/1185 1439/1582/1185 
f 1441/1584/1186 1444/1587/1186 1445/1588/1186 1442/1585/1186 
f 1441/1584/1187 1393/1532/1187 1395/1534/1187 1444/1587/1187 
f 1444/1587/1188 1446/1589/1188 1447/1590/1188 1445/1588/1188 
f 1444/1587/1189 1395/1534/1189 1396/1535/1189 1446/1589/1189 
f 1446/1589/1190 1448/1591/1190 1449/1592/1190 1447/1590/1190 
f 1446/1589/1191 1396/1535/1191 1397/1536/1191 1448/1591/1191 
f 1448/1591/1192 1400/1539/1192 1450/1593/1192 1449/1592/1192 
f 1448/1591/1193 1397/1536/1193 1398/1537/1193 1400/1539/1193 
f 1450/1593/1194 1400/1539/1194 1399/1538/1194 1403/1542/1194 
f 1403/1542/1195 1451/1594/1195 1452/1595/1195 1450/1593/1195 
f 1403/1542/1196 1402/1541/1196 75/75/1196 1451/1594/1196 
f 1402/1541/1197 1405/1544/1197 76/76/1197 75/75/1197 
f 1405/1544/1198 1407/1546/1198 79/79/1198 76/76/1198 
f 1407/1546/1199 1409/1548/1199 1453/1596/1199 79/79/1199 
f 1409/1548/1200 1411/1550/1200 1454/1597/1200 1453/1596/1200 
f 1411/1550/1201 1413/1552/1201 1455/1598/1201 1454/1597/1201 
f 1413/1556/1202 1415/1555/1202 1456/1599/1202 1455/1600/1202 
f 1415/1555/1203 1417/1558/1203 1457/1601/1203 1456/1599/1203 
f 1417/1558/1204 1419/1560/1204 1458/1602/1204 1457/1601/1204 
f 1419/1560/1205 1421/1562/1205 1459/1603/1205 1458/1602/1205 
f 1421/1562/1206 1423/1564/1206 1460/1604/1206 1459/1603/1206 
f 1423/1564/1207 1425/1566/1207 33/33/1207 1460/1604/1207 
f 1425/1566/1208 1461/1605/1208 31/31/1208 33/33/1208 
f 1461/1605/1209 1427/1568/1209 1462/1606/1209 1463/1607/1209 
f 1461/1605/1210 1425/1566/1210 1424/1565/1210 1427/1568/1210 
f 1462/1606/1211 1464/1608/1211 1465/1609/1211 1463/1607/1211 
f 1462/1606/1212 1428/1569/1212 1430/1571/1212 1464/1608/1212 
f 1462/1606/1213 1427/1568/1213 1426/1567/1213 1428/1569/1213 
f 1430/1571/1214 1466/1610/1214 1467/1611/1214 1464/1608/1214 
f 1466/1610/1215 1431/1572/1215 1433/1574/1215 1468/1612/1215 
f 1466/1610/1216 1430/1571/1216 1429/1570/1216 1431/1572/1216 
f 1433/1574/1217 1434/1576/1217 1469/1613/1217 1468/1612/1217 
f 1469/1614/1218 1434/1578/1218 1435/1577/1218 1437/1580/1218 
f 1437/1580/1219 1470/1615/1219 1471/1616/1219 1469/1614/1219 
f 1437/1580/1220 1436/1579/1220 1472/1617/1220 1470/1615/1220 
f 1472/1617/1221 1473/1618/1221 1474/1619/1221 1470/1615/1221 
f 1472/1617/1222 1440/1583/1222 1475/1620/1222 1473/1618/1222 
f 1472/1617/1223 1436/1579/1223 1438/1581/1223 1440/1583/1223 
f 1475/1620/1224 1440/1583/1224 1439/1582/1224 1443/1586/1224 
f 1443/1586/1225 106/109/1225 105/108/1225 1475/1620/1225 
f 1443/1586/1226 1442/1585/1226 107/110/1226 106/109/1226 
f 1442/1585/1227 1445/1588/1227 1476/1621/1227 107/110/1227 
f 1445/1588/1228 1447/1590/1228 1477/1622/1228 1476/1621/1228 
f 1447/1590/1229 1449/1592/1229 1478/1623/1229 1477/1622/1229 
f 1478/1623/1230 1479/1624/1230 1480/1625/1230 1477/1622/1230 
f 1478/1623/1231 1452/1595/1231 1481/1626/1231 1479/1624/1231 
f 1478/1623/1232 1449/1592/1232 1450/1593/1232 1452/1595/1232 
f 1481/1626/1233 1482/1627/1233 1483/1628/1233 1479/1624/1233 
f 1481/1626/1234 1484/1629/1234 1485/1630/1234 1482/1627/1234 
f 1481/1626/1235 1452/1595/1235 1451/1594/1235 1484/1629/1235 
f 1484/1629/1236 74/74/1236 78/78/1236 1485/1630/1236 
f 1484/1629/1237 1451/1594/1237 75/75/1237 74/74/1237 
f 1485/1630/1238 1486/1631/1238 1487/1632/1238 1482/1627/1238 
f 1485/1630/1239 78/78/1239 1488/1633/1239 1486/1631/1239 
f 1488/1633/1240 1489/1634/1240 1490/1635/1240 1486/1631/1240 
f 1488/1633/1241 1491/1636/1241 1492/1637/1241 1489/1634/1241 
f 1488/1633/1242 78/78/1242 77/77/1242 1491/1636/1242 
f 1491/1636/1243 1453/1596/1243 1454/1597/1243 1492/1637/1243 
f 1491/1636/1244 77/77/1244 79/79/1244 1453/1596/1244 
f 1492/1637/1245 1493/1638/1245 1494/1639/1245 1489/1634/1245 
f 1492/1637/1246 1454/1597/1246 1455/1598/1246 1493/1638/1246 
f 1493/1640/1247 1495/1641/1247 1496/1642/1247 1494/1643/1247 
f 1493/1640/1248 1455/1600/1248 1456/1599/1248 1495/1641/1248 
f 1495/1641/1249 1497/1644/1249 1498/1645/1249 1496/1642/1249 
f 1495/1641/1250 1456/1599/1250 1457/1601/1250 1497/1644/1250 
f 1497/1644/1251 1499/1646/1251 1500/1647/1251 1498/1645/1251 
f 1497/1644/1252 1457/1601/1252 1458/1602/1252 1499/1646/1252 
f 1499/1646/1253 1501/1648/1253 1502/1649/1253 1500/1647/1253 
f 1499/1646/1254 1458/1602/1254 1459/1603/1254 1501/1648/1254 
f 1501/1648/1255 1503/1650/1255 1504/1651/1255 1502/1649/1255 
f 1501/1648/1256 1459/1603/1256 1460/1604/1256 1503/1650/1256 
f 1503/1650/1257 30/30/1257 29/29/1257 1504/1651/1257 
f 1503/1650/1258 1460/1604/1258 33/33/1258 30/30/1258 
f 1504/1651/1259 1505/1652/1259 1506/1653/1259 1502/1649/1259 
f 1504/1651/1260 29/29/1260 1507/1654/1260 1505/1652/1260 
f 1507/1654/1261 1508/1655/1261 1509/1656/1261 1505/1652/1261 
f 1507/1654/1262 1510/1657/1262 1511/1658/1262 1508/1655/1262 
f 1507/1654/1263 29/29/1263 28/28/1263 1510/1657/1263 
f 1510/1657/1264 1512/1659/1264 1513/1660/1264 1511/1658/1264 
f 1510/1657/1265 28/28/1265 32/32/1265 1512/1659/1265 
f 1512/1659/1266 1465/1609/1266 1514/1661/1266 1513/1660/1266 
f 1512/1659/1267 32/32/1267 1463/1607/1267 1465/1609/1267 
f 1514/1661/1268 1467/1611/1268 1515/1662/1268 1516/1663/1268 
f 1514/1661/1269 1465/1609/1269 1464/1608/1269 1467/1611/1269 
f 1515/1662/1270 1471/1664/1270 1517/1665/1270 1516/1663/1270 
f 1515/1662/1271 1468/1612/1271 1469/1613/1271 1471/1664/1271 
f 1515/1662/1272 1467/1611/1272 1466/1610/1272 1468/1612/1272 
f 1517/1666/1273 1471/1616/1273 1470/1615/1273 1474/1619/1273 
f 1474/1619/1274 1518/1667/1274 1519/1668/1274 1517/1666/1274 
f 1474/1619/1275 1473/1618/1275 1520/1669/1275 1518/1667/1275 
f 1520/1669/1276 1521/1670/1276 1522/1671/1276 1518/1667/1276 
f 1520/1669/1277 105/108/1277 104/107/1277 1521/1670/1277 
f 1520/1669/1278 1473/1618/1278 1475/1620/1278 105/108/1278 
f 1521/1670/1279 1523/1672/1279 1524/1673/1279 1522/1671/1279 
f 1521/1670/1280 104/107/1280 109/112/1280 1523/1672/1280 
f 1523/1672/1281 1525/1674/1281 1526/1675/1281 1524/1673/1281 
f 1523/1672/1282 109/112/1282 1527/1676/1282 1525/1674/1282 
f 1527/1676/1283 1528/1677/1283 1529/1678/1283 1525/1674/1283 
f 1527/1676/1284 1530/1679/1284 1480/1625/1284 1528/1677/1284 
f 1527/1676/1285 109/112/1285 108/111/1285 1530/1679/1285 
f 1530/1679/1286 1476/1621/1286 1477/1622/1286 1480/1625/1286 
f 1530/1679/1287 108/111/1287 107/110/1287 1476/1621/1287 
f 1528/1677/1288 1483/1628/1288 1531/1680/1288 1529/1678/1288 
f 1528/1677/1289 1480/1625/1289 1479/1624/1289 1483/1628/1289 
f 1531/1680/1290 1532/1681/1290 1533/1682/1290 1529/1678/1290 
f 1531/1680/1291 1487/1632/1291 1534/1683/1291 1532/1681/1291 
f 1531/1680/1292 1483/1628/1292 1482/1627/1292 1487/1632/1292 
f 1534/1683/1293 1535/1684/1293 1536/1685/1293 1532/1681/1293 
f 1534/1683/1294 1490/1635/1294 1537/1686/1294 1535/1684/1294 
f 1534/1683/1295 1487/1632/1295 1486/1631/1295 1490/1635/1295 
f 1537/1687/1296 50/50/1296 49/49/1296 1535/1688/1296 
f 1537/1687/1297 1494/1643/1297 1496/1642/1297 50/50/1297 
f 1537/1686/1298 1490/1635/1298 1489/1634/1298 1494/1639/1298 
f 1535/1688/1299 49/49/1299 53/53/1299 1536/1689/1299 
f 1536/1689/1300 53/53/1300 1538/1690/1300 1539/1691/1300 
f 1536/1685/1301 1539/1692/1301 1533/1682/1301 1532/1681/1301 
f 1538/1690/1302 53/53/1302 52/52/1302 1540/1693/1302 
f 1538/1690/1303 1541/1694/1303 1542/1695/1303 1539/1691/1303 
f 1538/1690/1304 1540/1693/1304 1509/1656/1304 1541/1694/1304 
f 1541/1694/1305 1543/1696/1305 1544/1697/1305 1542/1695/1305 
f 1541/1694/1306 1509/1656/1306 1508/1655/1306 1543/1696/1306 
f 1543/1696/1307 1545/1698/1307 1546/1699/1307 1544/1697/1307 
f 1543/1696/1308 1508/1655/1308 1511/1658/1308 1545/1698/1308 
f 1545/1698/1309 1547/1700/1309 1519/1701/1309 1546/1699/1309 
f 1545/1698/1310 1511/1658/1310 1513/1660/1310 1547/1700/1310 
f 1547/1700/1311 1516/1663/1311 1517/1665/1311 1519/1701/1311 
f 1547/1700/1312 1513/1660/1312 1514/1661/1312 1516/1663/1312 
f 1546/1702/1313 1522/1671/1313 1524/1673/1313 1544/1703/1313 
f 1546/1702/1314 1519/1668/1314 1518/1667/1314 1522/1671/1314 
f 1544/1703/1315 1524/1673/1315 1526/1675/1315 1542/1704/1315 
f 1542/1704/1316 1526/1675/1316 1533/1682/1316 1539/1692/1316 
f 1540/1693/1317 52/52/1317 54/54/1317 1506/1653/1317 
f 1540/1693/1318 1506/1653/1318 1505/1652/1318 1509/1656/1318 
f 1533/1682/1319 1526/1675/1319 1525/1674/1319 1529/1678/1319 
f 1506/1653/1320 54/54/1320 1500/1647/1320 1502/1649/1320 
f 1500/1647/1321 54/54/1321 51/51/1321 1498/1645/1321 
f 1498/1645/1322 51/51/1322 50/50/1322 1496/1642/1322 
f 1463/1607/1323 32/32/1323 31/31/1323 1461/1605/1323 
f 1242/1371/1324 582/628/1324 584/630/1324 154/157/1324 
f 893/962/1325 127/130/1325 126/129/1325 867/936/1325 
f 862/931/1326 126/129/1326 121/124/1326 863/932/1326 
f 863/932/1327 121/124/1327 120/123/1327 852/921/1327 
f 863/932/1328 852/921/1328 854/923/1328 864/933/1328 
f 856/925/1329 860/929/1329 514/555/1329 884/953/1329 
f 849/918/1330 120/123/1330 119/122/1330 850/919/1330 
f 803/1333/203 790/1332/203 792/867/203 800/866/203 
f 407/430/1331 410/433/1331 1548/1705/1331 1549/1706/1331 
f 410/1707/203 749/1708/203 1550/1709/203 1548/1710/203 
f 410/1707/206 409/811/206 750/810/206 749/1708/206 
f 1550/1709/203 1551/1711/203 1552/1712/203 1548/1710/203 
f 1550/1713/1332 744/799/1332 1553/1714/1332 1551/1715/1332 
f 1550/1713/1333 749/804/1333 745/800/1333 744/799/1333 
f 1553/1714/1334 1554/1716/1334 1555/1717/1334 1551/1715/1334 
f 1553/1714/1335 739/794/1335 1556/1718/1335 1554/1716/1335 
f 1553/1714/1336 744/799/1336 740/795/1336 739/794/1336 
f 1556/1718/1337 1557/1719/1337 1558/1720/1337 1554/1716/1337 
f 1556/1718/1338 734/789/1338 1559/1721/1338 1557/1719/1338 
f 1556/1718/1339 739/794/1339 735/790/1339 734/789/1339 
f 1559/1721/1340 1560/1722/1340 1561/1723/1340 1557/1719/1340 
f 1559/1721/1341 729/784/1341 1562/1724/1341 1560/1722/1341 
f 1559/1721/1342 734/789/1342 730/785/1342 729/784/1342 
f 1562/1724/1343 1563/1725/1343 1564/1726/1343 1560/1722/1343 
f 1562/1724/1344 724/779/1344 1565/1727/1344 1563/1725/1344 
f 1562/1724/1345 729/784/1345 725/780/1345 724/779/1345 
f 1565/1727/1346 1566/1728/1346 1567/1729/1346 1563/1725/1346 
f 1565/1727/1347 719/774/1347 1568/1730/1347 1566/1728/1347 
f 1565/1727/1348 724/779/1348 720/775/1348 719/774/1348 
f 1568/1730/1349 1569/1731/1349 1570/1732/1349 1566/1728/1349 
f 1568/1730/1350 714/769/1350 1571/1733/1350 1569/1731/1350 
f 1568/1730/1351 719/774/1351 715/770/1351 714/769/1351 
f 1571/1733/1352 1572/1734/1352 1573/1735/1352 1569/1731/1352 
f 1571/1733/1353 709/764/1353 1574/1736/1353 1572/1734/1353 
f 1571/1733/1354 714/769/1354 710/765/1354 709/764/1354 
f 1574/1736/1355 1575/1737/1355 1576/1738/1355 1572/1734/1355 
f 1574/1736/1356 704/759/1356 1577/1739/1356 1575/1737/1356 
f 1574/1736/1357 709/764/1357 705/760/1357 704/759/1357 
f 1577/1739/1358 1578/1740/1358 1579/1741/1358 1575/1737/1358 
f 1577/1739/1359 699/753/1359 1580/1742/1359 1578/1740/1359 
f 1577/1739/1360 704/759/1360 700/754/1360 699/753/1360 
f 1580/1742/1361 1581/1743/1361 1582/1744/1361 1578/1740/1361 
f 1580/1742/1362 694/1745/1362 1583/1746/1362 1581/1743/1362 
f 1580/1742/1363 699/753/1363 695/752/1363 694/1745/1363 
f 1583/1746/1364 1584/1747/1364 1585/1748/1364 1581/1743/1364 
f 1583/1749/1365 689/741/1365 1586/1750/1365 1584/1751/1365 
f 1583/1749/1366 694/746/1366 690/742/1366 689/741/1366 
f 1586/1750/1367 1587/1752/1367 1588/1753/1367 1584/1751/1367 
f 1586/1750/1368 684/736/1368 210/213/1368 1587/1752/1368 
f 1586/1750/1369 689/741/1369 685/737/1369 684/736/1369 
f 1587/1752/1370 1589/1754/1370 1590/1755/1370 1588/1753/1370 
f 1587/1752/1371 210/213/1371 209/212/1371 1589/1754/1371 
f 1589/1756/1372 1591/1757/1372 1592/1758/1372 1590/1759/1372 
f 1589/1756/1373 209/217/1373 212/216/1373 1591/1757/1373 
f 1591/1757/1374 1593/1760/1374 1594/1761/1374 1592/1758/1374 
f 1591/1757/1375 212/216/1375 1595/1762/1375 1593/1760/1375 
f 1595/1762/1376 1596/1763/1376 1597/1764/1376 1593/1760/1376 
f 1595/1762/1377 57/57/1377 56/56/1377 1596/1763/1377 
f 1595/1762/1378 212/216/1378 211/215/1378 57/57/1378 
f 1596/1763/1379 1598/1765/1379 1599/1766/1379 1597/1764/1379 
f 1596/1763/1380 56/56/1380 61/61/1380 1598/1765/1380 
f 1598/1765/1381 1600/1767/1381 1601/1768/1381 1599/1766/1381 
f 1598/1765/1382 61/61/1382 1602/1769/1382 1600/1767/1382 
f 1602/1769/1383 1603/1770/1383 1604/1771/1383 1600/1767/1383 
f 1602/1769/1384 1605/1772/1384 1606/1773/1384 1603/1770/1384 
f 1602/1769/1385 61/61/1385 60/60/1385 1605/1772/1385 
f 1605/1772/1386 1607/1774/1386 1608/1775/1386 1606/1773/1386 
f 1605/1772/1387 60/60/1387 59/59/1387 1607/1774/1387 
f 1607/1774/1388 1609/1776/1388 1610/1777/1388 1608/1775/1388 
f 1607/1774/1389 59/59/1389 1611/1778/1389 1609/1776/1389 
f 1611/1778/1390 59/59/1390 58/58/1390 215/221/1390 
f 1611/1778/1391 1612/1779/1391 1613/1780/1391 1609/1776/1391 
f 1611/1778/1392 215/221/1392 214/220/1392 1612/1779/1392 
f 1612/1781/1393 668/720/1393 667/719/1393 1613/1782/1393 
f 1612/1781/1394 214/219/1394 213/218/1394 668/720/1394 
f 1613/1780/1395 1614/1783/1395 1610/1777/1395 1609/1776/1395 
f 1613/1782/1396 667/719/1396 662/714/1396 1614/1784/1396 
f 1614/1783/1397 1615/1785/1397 1616/1786/1397 1610/1777/1397 
f 1614/1784/1398 662/714/1398 661/713/1398 1615/1787/1398 
f 1615/1785/1399 1617/1788/1399 71/71/1399 1616/1786/1399 
f 1615/1787/1400 661/713/1400 656/708/1400 1617/1789/1400 
f 1617/1788/1401 1618/1790/1401 68/68/1401 71/71/1401 
f 1617/1789/1402 656/708/1402 655/707/1402 1618/1791/1402 
f 1618/1790/1403 1619/1792/1403 69/69/1403 68/68/1403 
f 1618/1791/1404 655/707/1404 650/702/1404 1619/1793/1404 
f 1619/1792/1405 1620/1794/1405 1621/1795/1405 69/69/1405 
f 1619/1793/1406 650/702/1406 649/701/1406 1620/1796/1406 
f 1620/1794/1407 1622/1797/1407 1623/1798/1407 1621/1795/1407 
f 1620/1796/1408 649/701/1408 644/696/1408 1622/1799/1408 
f 1622/1797/1409 1624/1800/1409 1625/1801/1409 1623/1798/1409 
f 1622/1799/1410 644/696/1410 643/695/1410 1624/1802/1410 
f 1624/1800/1411 1626/1803/1411 1627/1804/1411 1625/1801/1411 
f 1624/1802/1412 643/695/1412 636/688/1412 1626/1805/1412 
f 1626/1803/1413 631/1806/1413 1628/1807/1413 1627/1804/1413 
f 1626/1805/1414 636/688/1414 632/684/1414 631/683/1414 
f 1628/1807/1415 1629/1808/1415 1630/1809/1415 1627/1804/1415 
f 1628/1807/1416 626/675/1416 225/231/1416 1629/1808/1416 
f 1628/1807/1417 631/1806/1417 627/676/1417 626/675/1417 
f 1629/1808/1418 1631/1810/1418 1632/1811/1418 1630/1809/1418 
f 1629/1808/1419 225/231/1419 224/230/1419 1631/1810/1419 
f 1631/1810/1420 99/102/1420 98/101/1420 1632/1811/1420 
f 1631/1810/1421 224/230/1421 228/234/1421 99/102/1421 
f 1632/1811/1422 98/101/1422 97/100/1422 1633/1812/1422 
f 1632/1811/1423 1633/1812/1423 1634/1813/1423 1630/1809/1423 
f 1634/1813/1424 1633/1812/1424 1635/1814/1424 1636/1815/1424 
f 1634/1813/1425 1625/1801/1425 1627/1804/1425 1630/1809/1425 
f 1634/1813/1426 1636/1815/1426 1623/1798/1426 1625/1801/1426 
f 1635/1814/1427 1637/1816/1427 317/331/1427 1638/1817/1427 
f 1635/1814/1428 1633/1812/1428 97/100/1428 1637/1816/1428 
f 1635/1814/1429 1638/1817/1429 1639/1818/1429 1636/1815/1429 
f 1639/1818/1430 1638/1817/1430 67/67/1430 66/66/1430 
f 1639/1818/1431 1621/1795/1431 1623/1798/1431 1636/1815/1431 
f 1639/1818/1432 66/66/1432 69/69/1432 1621/1795/1432 
f 1637/1816/1433 312/326/1433 313/327/1433 317/331/1433 
f 1637/1816/1434 97/100/1434 96/99/1434 312/326/1434 
f 1638/1817/1435 317/331/1435 316/330/1435 67/67/1435 
f 1616/1786/1436 1640/1819/1436 1608/1775/1436 1610/1777/1436 
f 1616/1786/1437 71/71/1437 70/70/1437 1640/1819/1437 
f 1640/1819/1438 1641/1820/1438 1606/1773/1438 1608/1775/1438 
f 1640/1819/1439 70/70/1439 72/72/1439 1641/1820/1439 
f 1641/1820/1440 72/72/1440 1642/1821/1440 1643/1822/1440 
f 1641/1820/1441 1643/1822/1441 1603/1770/1441 1606/1773/1441 
f 1642/1821/1442 331/345/1442 330/344/1442 336/350/1442 
f 1642/1821/1443 72/72/1443 65/65/1443 331/345/1443 
f 1642/1821/1444 336/350/1444 1644/1823/1444 1643/1822/1444 
f 1644/1823/1445 336/350/1445 335/349/1445 341/357/1445 
f 1644/1823/1446 1604/1771/1446 1603/1770/1446 1643/1822/1446 
f 1644/1823/1447 341/357/1447 1645/1824/1447 1604/1771/1447 
f 1645/1824/1448 341/357/1448 340/356/1448 346/1825/1448 
f 1645/1824/1449 1601/1768/1449 1600/1767/1449 1604/1771/1449 
f 1645/1824/1450 346/1825/1450 1646/1826/1450 1601/1768/1450 
f 1646/1827/1451 346/363/1451 345/362/1451 351/368/1451 
f 1646/1826/1452 1647/1828/1452 1599/1766/1452 1601/1768/1452 
f 1646/1827/1453 351/368/1453 1648/1829/1453 1647/1830/1453 
f 1648/1829/1454 351/368/1454 350/367/1454 356/373/1454 
f 1648/1829/1455 1649/1831/1455 1650/1832/1455 1647/1830/1455 
f 1648/1829/1456 356/373/1456 1651/1833/1456 1649/1831/1456 
f 1651/1833/1457 356/373/1457 355/372/1457 361/378/1457 
f 1651/1833/1458 1652/1834/1458 1653/1835/1458 1649/1831/1458 
f 1651/1833/1459 361/378/1459 1654/1836/1459 1652/1834/1459 
f 1654/1836/1460 361/378/1460 360/377/1460 366/383/1460 
f 1654/1836/1461 1655/1837/1461 1656/1838/1461 1652/1834/1461 
f 1654/1836/1462 366/383/1462 1657/1839/1462 1655/1837/1462 
f 1657/1839/1463 366/383/1463 365/382/1463 371/388/1463 
f 1657/1839/1464 1658/1840/1464 1659/1841/1464 1655/1837/1464 
f 1657/1839/1465 371/388/1465 1660/1842/1465 1658/1840/1465 
f 1660/1842/1466 371/388/1466 370/387/1466 376/393/1466 
f 1660/1842/1467 1661/1843/1467 1662/1844/1467 1658/1840/1467 
f 1660/1842/1468 376/393/1468 1663/1845/1468 1661/1843/1468 
f 1663/1845/1469 376/393/1469 375/392/1469 381/398/1469 
f 1663/1845/1470 1664/1846/1470 1665/1847/1470 1661/1843/1470 
f 1663/1845/1471 381/398/1471 1666/1848/1471 1664/1846/1471 
f 1666/1848/1472 381/398/1472 380/397/1472 386/403/1472 
f 1666/1848/1473 1667/1849/1473 1668/1850/1473 1664/1846/1473 
f 1666/1848/1474 386/403/1474 1669/1851/1474 1667/1849/1474 
f 1669/1851/1475 386/403/1475 385/402/1475 391/408/1475 
f 1669/1851/1476 1670/1852/1476 1671/1853/1476 1667/1849/1476 
f 1669/1851/1477 391/408/1477 1672/1854/1477 1670/1852/1477 
f 1672/1854/1478 391/408/1478 390/407/1478 396/415/1478 
f 1672/1854/1479 1673/1855/1479 1674/1856/1479 1670/1852/1479 
f 1672/1854/1480 396/415/1480 1675/1857/1480 1673/1855/1480 
f 1675/1857/1481 396/415/1481 395/414/1481 401/1858/1481 
f 1675/1857/1482 1676/1859/1482 1677/1860/1482 1673/1855/1482 
f 1675/1857/1483 401/1858/1483 1678/1861/1483 1676/1859/1483 
f 1678/1862/206 401/423/206 400/422/206 403/1863/206 
f 1678/1861/1484 1679/1864/1484 1680/1865/1484 1676/1859/1484 
f 1678/1862/206 403/1863/206 406/1866/206 1679/1867/206 
f 406/1866/206 1681/1868/206 1682/1869/206 1679/1867/206 
f 1681/1870/1485 406/429/1485 405/428/1485 1683/1871/1485 
f 1684/1872/1486 1681/1870/1486 1683/1871/1486 1685/1873/1486 
f 1686/1874/1487 1684/1872/1487 1685/1873/1487 1687/1875/1487 
f 1688/1876/1488 1686/1874/1488 1687/1875/1488 1689/1877/1488 
f 1690/1878/1489 1688/1876/1489 1689/1877/1489 1691/1879/1489 
f 1552/1880/1490 1690/1878/1490 1691/1879/1490 1692/1881/1490 
f 1548/1705/1491 1552/1880/1491 1692/1881/1491 1549/1706/1491 
f 1690/1882/947 1555/1883/947 1693/1884/947 1688/1885/947 
f 1690/1882/203 1552/1712/203 1551/1711/203 1555/1883/203 
f 1693/1884/206 1694/1886/206 1686/1887/206 1688/1885/206 
f 1693/1888/1492 1558/1720/1492 1695/1889/1492 1694/1890/1492 
f 1693/1888/1493 1555/1717/1493 1554/1716/1493 1558/1720/1493 
f 1695/1889/1494 1696/1891/1494 1697/1892/1494 1694/1890/1494 
f 1695/1889/1495 1561/1723/1495 1698/1893/1495 1696/1891/1495 
f 1695/1889/1496 1558/1720/1496 1557/1719/1496 1561/1723/1496 
f 1698/1893/1497 1699/1894/1497 1700/1895/1497 1696/1891/1497 
f 1698/1893/1498 1564/1726/1498 1701/1896/1498 1699/1894/1498 
f 1698/1893/1499 1561/1723/1499 1560/1722/1499 1564/1726/1499 
f 1701/1896/1500 1702/1897/1500 1703/1898/1500 1699/1894/1500 
f 1701/1896/1501 1567/1729/1501 1704/1899/1501 1702/1897/1501 
f 1701/1896/1502 1564/1726/1502 1563/1725/1502 1567/1729/1502 
f 1704/1899/1503 1705/1900/1503 1706/1901/1503 1702/1897/1503 
f 1704/1899/1504 1570/1732/1504 1707/1902/1504 1705/1900/1504 
f 1704/1899/1505 1567/1729/1505 1566/1728/1505 1570/1732/1505 
f 1707/1902/1506 1708/1903/1506 1709/1904/1506 1705/1900/1506 
f 1707/1902/1507 1573/1735/1507 1710/1905/1507 1708/1903/1507 
f 1707/1902/1508 1570/1732/1508 1569/1731/1508 1573/1735/1508 
f 1710/1905/1509 1711/1906/1509 1712/1907/1509 1708/1903/1509 
f 1710/1905/1510 1576/1738/1510 1713/1908/1510 1711/1906/1510 
f 1710/1905/1511 1573/1735/1511 1572/1734/1511 1576/1738/1511 
f 1713/1908/1512 1714/1909/1512 1715/1910/1512 1711/1906/1512 
f 1713/1908/1513 1579/1741/1513 1716/1911/1513 1714/1909/1513 
f 1713/1908/1514 1576/1738/1514 1575/1737/1514 1579/1741/1514 
f 1716/1911/1515 1717/1912/1515 1718/1913/1515 1714/1909/1515 
f 1716/1911/1516 1582/1744/1516 1719/1914/1516 1717/1912/1516 
f 1716/1911/1517 1579/1741/1517 1578/1740/1517 1582/1744/1517 
f 1719/1914/1518 1720/1915/1518 1721/1916/1518 1717/1912/1518 
f 1719/1914/1519 1585/1748/1519 1722/1917/1519 1720/1915/1519 
f 1719/1914/1520 1582/1744/1520 1581/1743/1520 1585/1748/1520 
f 1722/1917/1521 1723/1918/1521 1724/1919/1521 1720/1915/1521 
f 1722/1917/1522 1588/1920/1522 1590/1921/1522 1723/1918/1522 
f 1722/1917/1523 1585/1748/1523 1584/1747/1523 1588/1920/1523 
f 1723/1918/1524 1725/1922/1524 1656/1838/1524 1724/1919/1524 
f 1723/1918/1525 1590/1921/1525 1592/1923/1525 1725/1922/1525 
f 1725/1922/1526 1653/1835/1526 1652/1834/1526 1656/1838/1526 
f 1725/1922/1527 1592/1923/1527 1594/1924/1527 1653/1835/1527 
f 1724/1919/1528 1656/1838/1528 1655/1837/1528 1659/1841/1528 
f 1724/1919/1529 1659/1841/1529 1721/1916/1529 1720/1915/1529 
f 1721/1916/1530 1659/1841/1530 1658/1840/1530 1662/1844/1530 
f 1721/1916/1531 1662/1844/1531 1718/1913/1531 1717/1912/1531 
f 1718/1913/1532 1662/1844/1532 1661/1843/1532 1665/1847/1532 
f 1718/1913/1533 1665/1847/1533 1715/1910/1533 1714/1909/1533 
f 1715/1910/1534 1665/1847/1534 1664/1846/1534 1668/1850/1534 
f 1715/1910/1535 1668/1850/1535 1712/1907/1535 1711/1906/1535 
f 1712/1907/1536 1668/1850/1536 1667/1849/1536 1671/1853/1536 
f 1712/1907/1537 1671/1853/1537 1709/1904/1537 1708/1903/1537 
f 1709/1904/1538 1671/1853/1538 1670/1852/1538 1674/1856/1538 
f 1709/1904/1539 1674/1856/1539 1706/1901/1539 1705/1900/1539 
f 1706/1901/1540 1674/1856/1540 1673/1855/1540 1677/1860/1540 
f 1706/1901/1541 1677/1860/1541 1703/1898/1541 1702/1897/1541 
f 1703/1898/1542 1677/1860/1542 1676/1859/1542 1680/1865/1542 
f 1703/1898/1543 1680/1865/1543 1700/1895/1543 1699/1894/1543 
f 1700/1895/1544 1680/1865/1544 1679/1864/1544 1682/1925/1544 
f 1700/1895/1545 1682/1925/1545 1697/1892/1545 1696/1891/1545 
f 1697/1926/206 1682/1869/206 1681/1868/206 1684/1927/206 
f 1697/1926/203 1684/1927/203 1686/1887/203 1694/1886/203 
f 1653/1835/1546 1594/1924/1546 1650/1832/1546 1649/1831/1546 
f 1650/1928/1547 1597/1764/1547 1599/1766/1547 1647/1828/1547 
f 1650/1928/1548 1594/1761/1548 1593/1760/1548 1597/1764/1548 
f 752/807/1549 181/184/1549 747/802/1549 746/801/1549 
f 684/736/1550 680/732/1550 206/209/1550 210/213/1550 
f 626/675/1551 622/671/1551 226/232/1551 225/231/1551 
f 624/673/1552 89/95/1552 93/94/1552 620/669/1552 
f 588/634/1553 150/153/1553 149/152/1553 586/632/1553 
f 586/632/1554 149/152/1554 154/157/1554 584/630/1554 
f 525/567/1555 518/559/1555 517/558/1555 521/562/1555 
f 500/541/1556 37/37/1556 36/36/1556 497/538/1556 
f 348/365/1557 344/361/1557 343/360/1557 161/164/1557 
f 331/345/1558 65/65/1558 64/64/1558 326/340/1558 
f 307/321/1559 96/99/1559 95/98/1559 308/322/1559 
f 308/322/1560 295/309/1560 297/311/1560 303/317/1560 
f 308/322/1561 95/98/1561 102/105/1561 295/309/1561 
f 215/221/1562 58/58/1562 57/57/1562 211/215/1562 
f 171/174/1563 133/136/1563 136/139/1563 168/171/1563 
f 112/115/1564 111/114/1564 15/15/1564 14/14/1564 
f 39/39/1565 7/7/1565 11/11/1565 35/35/1565 
f 899/968/1566 151/154/1566 148/151/1566 1238/1367/1566 
f 1205/1320/206 782/1319/206 784/1326/206 1207/1325/206 
f 1726/1929/1567 135/138/1567 129/132/1567 
f 132/135/1568 1726/1929/1568 129/132/1568 
f 553/597/1569 555/599/1569 1727/1930/1569 559/603/1569 
f 555/599/1570 557/601/1570 1728/1931/1570 1727/1930/1570 
f 240/246/1571 239/245/1571 1727/1930/1571 1728/1931/1571 
f 239/245/1572 241/247/1572 559/603/1572 1727/1930/1572 
f 86/86/1573 87/87/1573 1729/1932/1573 550/594/1573 
f 548/592/1574 86/86/1574 550/594/1574 549/593/1574 
f 235/241/1575 238/244/1575 254/264/1575 252/261/1575 
f 249/260/1576 236/242/1576 235/241/1576 252/261/1576 
f 502/543/1577 43/43/1577 45/45/1577 503/544/1577 
f 44/44/1578 43/43/1578 498/539/1578 495/536/1578 
f 44/44/1579 495/536/1579 487/528/1579 
f 506/547/1580 505/546/1580 504/545/1580 507/548/1580 
f 511/552/1581 504/545/1581 45/45/1581 42/42/1581 
f 47/47/1582 511/552/1582 42/42/1582 
f 860/929/1583 859/928/1583 1730/1933/1583 1731/1934/1583 
f 514/555/1584 860/929/1584 1731/1934/1584 513/554/1584 
f 514/555/1585 197/200/1585 884/953/1585 
f 1236/1365/1586 903/972/1586 906/975/1586 1235/1364/1586 
f 906/975/1587 169/172/1587 1235/1364/1587 
f 147/150/1588 908/977/1588 907/976/1588 1237/1366/1588 
f 146/149/1589 908/977/1589 147/150/1589 
f 1062/1142/1590 1064/1144/1590 1233/1362/1590 1061/1141/1590 
f 1066/1146/1591 1065/1145/1591 182/185/1591 
f 1067/1147/1592 175/178/1592 178/181/1592 1070/1150/1592 
f 1068/1148/1593 178/181/1593 177/180/1593 1176/1274/1593 
f 1176/1274/1594 177/180/1594 179/182/1594 1178/1276/1594 
f 1050/1935/1595 1732/1936/1595 1733/1937/1595 1051/1938/1595 
f 1051/1938/1596 1733/1937/1596 1734/1939/1596 1052/1940/1596 
f 1052/1940/1597 1734/1939/1597 1735/1941/1597 1054/1942/1597 
f 1054/1942/1598 1735/1941/1598 1736/1943/1598 1175/1944/1598 
f 1056/1945/1599 1737/1946/1599 1732/1936/1599 1050/1935/1599 
f 1057/1947/1600 1738/1948/1600 1737/1946/1600 1056/1945/1600 
f 1059/1949/1601 1739/1950/1601 1738/1948/1601 1057/1947/1601 
f 1064/1951/1602 1740/1952/1602 1741/1953/1602 1233/1954/1602 
f 1065/1955/1603 1742/1956/1603 1743/1957/1603 1063/1958/1603 
f 1067/1959/1604 1744/1960/1604 1745/1961/1604 1066/1962/1604 
f 1069/1963/1605 1746/1964/1605 1747/1965/1605 1070/1966/1605 
f 1072/1967/1606 1748/1968/1606 1746/1964/1606 1069/1963/1606 
f 1073/1969/1607 1749/1970/1607 1748/1968/1607 1072/1967/1607 
f 1074/1971/1608 1750/1972/1608 1749/1970/1608 1073/1969/1608 
f 1075/1973/1609 1751/1974/1609 1750/1972/1609 1074/1971/1609 
f 1076/1975/1610 1752/1976/1610 1751/1974/1610 1075/1973/1610 
f 1077/1977/1611 1753/1978/1611 1752/1979/1611 1076/1980/1611 
f 1078/1981/1612 1754/1982/1612 1753/1978/1612 1077/1977/1612 
f 1080/1983/1613 1755/1984/1613 1754/1982/1613 1078/1981/1613 
f 1081/1985/1614 1756/1986/1614 1755/1984/1614 1080/1983/1614 
f 1083/1987/1615 1757/1988/1615 1756/1986/1615 1081/1985/1615 
f 1084/1989/1616 1758/1990/1616 1757/1988/1616 1083/1987/1616 
f 1086/1991/1617 1759/1992/1617 1758/1990/1617 1084/1989/1617 
f 1175/1944/1618 1736/1943/1618 1759/1992/1618 1086/1991/1618 
f 1233/1954/1619 1741/1953/1619 1760/1993/1619 1234/1994/1619 
f 1234/1994/1620 1760/1993/1620 1739/1950/1620 1059/1949/1620 
f 1063/1958/1621 1743/1957/1621 1740/1952/1621 1064/1951/1621 
f 1066/1962/1622 1745/1961/1622 1742/1956/1622 1065/1955/1622 
f 1070/1966/1623 1747/1965/1623 1744/1960/1623 1067/1959/1623 
f 114/1995/1624 1761/1996/1624 1762/1997/1624 115/1998/1624 
f 117/1999/1625 1763/2000/1625 1761/1996/1625 114/1995/1625 
f 122/2001/1626 1764/2002/1626 1765/2003/1626 123/2004/1626 
f 125/2005/1627 1766/2006/1627 1764/2002/1627 122/2001/1627 
f 836/2007/1628 1767/2008/1628 1768/2009/1628 837/2010/1628 
f 839/2011/1629 1769/2012/1629 1767/2008/1629 836/2007/1629 
f 841/2013/1630 1770/2014/1630 1769/2012/1630 839/2011/1630 
f 843/2015/1631 1771/2016/1631 1770/2014/1631 841/2013/1631 
f 898/2017/1632 1772/2018/1632 1766/2006/1632 125/2005/1632 
f 899/2019/1633 1773/2020/1633 1772/2018/1633 898/2017/1633 
f 1238/2021/1634 1774/2022/1634 1773/2020/1634 899/2019/1634 
f 1237/2023/1635 1775/2024/1635 1774/2022/1635 1238/2021/1635 
f 123/2025/1636 1765/2026/1636 1776/2027/1636 901/2028/1636 
f 901/2028/1637 1776/2027/1637 1777/2029/1637 900/2030/1637 
f 900/2030/1638 1777/2029/1638 1778/2031/1638 902/2032/1638 
f 902/2032/1639 1778/2031/1639 1771/2016/1639 843/2015/1639 
f 903/2033/1640 1779/2034/1640 1780/2035/1640 904/2036/1640 
f 907/2037/1641 1781/2038/1641 1775/2024/1641 1237/2023/1641 
f 1082/2039/1642 1782/2040/1642 1783/2041/1642 132/2042/1642 
f 115/1998/1643 1762/1997/1643 1782/2040/1643 1082/2039/1643 
f 1225/2043/1644 1784/2044/1644 1763/2000/1644 117/1999/1644 
f 1226/2045/1645 1785/2046/1645 1784/2044/1645 1225/2043/1645 
f 837/2010/1646 1768/2009/1646 1785/2046/1646 1226/2045/1646 
f 135/2047/1647 1786/2048/1647 1787/2049/1647 1236/2050/1647 
f 1726/2051/1648 1788/2052/1648 1786/2048/1648 135/2047/1648 
f 132/2042/1649 1783/2041/1649 1788/2052/1649 1726/2051/1649 
f 1236/2050/1650 1787/2049/1650 1779/2034/1650 903/2033/1650 
f 904/2036/1651 1780/2035/1651 1781/2038/1651 907/2037/1651 
f 1730/1933/1652 509/550/1652 508/549/1652 1731/1934/1652 
f 508/549/1653 510/551/1653 513/554/1653 1731/1934/1653 
f 878/947/1654 877/946/1654 880/949/1654 882/951/1654 
f 877/946/1655 879/948/1655 883/952/1655 880/949/1655 
f 878/947/1656 200/203/1656 885/954/1656 875/944/1656 
f 37/2053/1657 1789/2054/1657 1790/2055/1657 34/2056/1657 
f 34/2056/1658 1790/2055/1658 1791/2057/1658 40/2058/1658 
f 499/2059/1659 1792/2060/1659 1793/2061/1659 500/2062/1659 
f 501/2063/1660 1794/2064/1660 1792/2060/1660 499/2059/1660 
f 502/2065/1661 1795/2066/1661 1794/2064/1661 501/2063/1661 
f 505/2067/1662 1796/2068/1662 1797/2069/1662 503/2070/1662 
f 509/2071/1663 1798/2072/1663 1799/2073/1663 506/2074/1663 
f 853/2075/1664 1800/2076/1664 1801/2077/1664 854/2078/1664 
f 40/2058/1665 1791/2057/1665 1800/2076/1665 853/2075/1665 
f 500/2062/1666 1793/2061/1666 1789/2054/1666 37/2053/1666 
f 859/2079/1667 1802/2080/1667 1803/2081/1667 1730/2082/1667 
f 858/2083/1668 1804/2084/1668 1805/2085/1668 855/2086/1668 
f 883/2087/1669 1806/2088/1669 1804/2084/1669 858/2083/1669 
f 873/2089/1670 1807/2090/1670 1808/2091/1670 876/2092/1670 
f 879/2093/1671 1809/2094/1671 1806/2088/1671 883/2087/1671 
f 870/2095/1672 1810/2096/1672 1807/2090/1672 873/2089/1672 
f 864/2097/1673 1811/2098/1673 1812/2099/1673 861/2100/1673 
f 861/2100/1674 1812/2099/1674 1813/2101/1674 865/2102/1674 
f 865/2102/1675 1813/2101/1675 1810/2096/1675 870/2095/1675 
f 854/2078/1676 1801/2077/1676 1811/2098/1676 864/2097/1676 
f 503/2070/1677 1797/2069/1677 1795/2066/1677 502/2065/1677 
f 506/2074/1678 1799/2073/1678 1796/2068/1678 505/2067/1678 
f 855/2086/1679 1805/2085/1679 1802/2103/1679 859/2104/1679 
f 1730/2082/1680 1803/2081/1680 1798/2072/1680 509/2071/1680 
f 876/2092/1681 1808/2091/1681 1809/2094/1681 879/2093/1681 
f 286/300/1682 282/296/1682 281/295/1682 283/297/1682 
f 282/296/1683 278/292/1683 277/291/1683 
f 552/596/1684 551/595/1684 554/598/1684 553/597/1684 
f 558/602/1685 551/595/1685 550/594/1685 1729/1932/1685 
f 1283/1414/1686 552/596/1686 553/597/1686 561/605/1686 
f 638/2105/1687 1814/2106/1687 639/2107/1687 
f 640/2108/1688 1814/2106/1688 638/2105/1688 
f 642/2109/1689 1814/2106/1689 640/2108/1689 
f 646/2110/1690 1814/2106/1690 642/2109/1690 
f 648/2111/1691 1814/2106/1691 646/2110/1691 
f 652/2112/1692 1814/2106/1692 648/2111/1692 
f 654/2113/1693 1814/2106/1693 652/2112/1693 
f 658/2114/1694 1814/2106/1694 654/2113/1694 
f 660/2115/1695 1814/2106/1695 658/2114/1695 
f 664/2116/1696 1814/2106/1696 660/2115/1696 
f 666/2117/1697 1814/2106/1697 664/2116/1697 
f 670/2118/1698 1814/2106/1698 666/2117/1698 
f 672/2119/1699 1814/2106/1699 670/2118/1699 
f 674/2120/1700 1814/2106/1700 672/2119/1700 
f 676/2121/1701 1814/2106/1701 674/2120/1701 
f 678/2122/1702 1814/2106/1702 676/2121/1702 
f 937/2123/1703 1814/2106/1703 938/2124/1703 
f 940/2125/1704 1814/2106/1704 937/2123/1704 
f 942/2126/1705 1814/2106/1705 940/2125/1705 
f 944/2127/1706 1814/2106/1706 942/2126/1706 
f 947/2128/1707 1814/2106/1707 944/2127/1707 
f 948/2129/1708 1814/2106/1708 947/2128/1708 
f 639/2107/1709 1814/2106/1709 948/2129/1709 
f 938/2124/1710 1814/2106/1710 949/2130/1710 
f 949/2130/1711 1814/2106/1711 950/2131/1711 
f 950/2131/1712 1814/2106/1712 951/2132/1712 
f 951/2132/1713 1814/2106/1713 952/2133/1713 
f 952/2133/1714 1814/2106/1714 953/2134/1714 
f 953/2134/1715 1814/2106/1715 955/2135/1715 
f 955/2135/1716 1814/2106/1716 957/2136/1716 
f 957/2136/1717 1814/2106/1717 959/2137/1717 
f 959/2137/1718 1814/2106/1718 961/2138/1718 
f 961/2138/1719 1814/2106/1719 963/2139/1719 
f 963/2139/1720 1814/2106/1720 965/2140/1720 
f 965/2140/1721 1814/2106/1721 967/2141/1721 
f 967/2141/1722 1814/2106/1722 969/2142/1722 
f 969/2142/1723 1814/2106/1723 971/2143/1723 
f 971/2143/1724 1814/2106/1724 973/2144/1724 
f 973/2144/1725 1814/2106/1725 975/2145/1725 
f 975/2145/1726 1814/2106/1726 977/2146/1726 
f 977/2146/1727 1814/2106/1727 979/2147/1727 
f 979/2147/1728 1814/2106/1728 981/2148/1728 
f 981/2148/1729 1814/2106/1729 983/2149/1729 
f 983/2149/1730 1814/2106/1730 985/2150/1730 
f 985/2150/1731 1814/2106/1731 987/2151/1731 
f 987/2151/1732 1814/2106/1732 678/2122/1732 
f 84/2152/1733 1815/2153/1733 85/2154/1733 
f 85/2154/1734 1815/2153/1734 87/2155/1734 
f 218/2156/1735 1815/2153/1735 219/2157/1735 
f 219/2157/1736 1815/2153/1736 221/2158/1736 
f 237/2159/1737 1815/2153/1737 238/2160/1737 
f 240/2161/1738 1815/2153/1738 237/2159/1738 
f 254/2162/1739 1815/2153/1739 255/2163/1739 
f 255/2163/1740 1815/2153/1740 258/2164/1740 
f 258/2164/1741 1815/2153/1741 259/2165/1741 
f 259/2165/1742 1815/2153/1742 218/2156/1742 
f 279/2166/1743 1815/2153/1743 280/2167/1743 
f 221/2158/1744 1815/2153/1744 279/2166/1744 
f 280/2167/1745 1815/2153/1745 281/2168/1745 
f 283/2169/1746 1815/2153/1746 284/2170/1746 
f 284/2170/1747 1815/2153/1747 287/2171/1747 
f 287/2171/1748 1815/2153/1748 289/2172/1748 
f 289/2172/1749 1815/2153/1749 291/2173/1749 
f 291/2173/1750 1815/2153/1750 292/2174/1750 
f 292/2174/1751 1815/2153/1751 293/2175/1751 
f 293/2175/1752 1815/2153/1752 294/2176/1752 
f 294/2176/1753 1815/2153/1753 296/2177/1753 
f 296/2177/1754 1815/2153/1754 298/2178/1754 
f 298/2178/1755 1815/2153/1755 84/2152/1755 
f 556/2179/1756 1815/2153/1756 557/2180/1756 
f 558/2181/1757 1815/2153/1757 556/2179/1757 
f 557/2180/1758 1815/2153/1758 1728/2182/1758 
f 1728/2182/1759 1815/2153/1759 240/2161/1759 
f 87/2155/1760 1815/2153/1760 1729/2183/1760 
f 238/2160/1761 1815/2153/1761 254/2162/1761 
f 281/2168/1762 1815/2153/1762 283/2169/1762 
f 1729/2183/1763 1815/2153/1763 558/2181/1763 
f 1789/2184/1764 1816/2185/1764 1790/2186/1764 
f 1790/2186/1765 1816/2185/1765 1791/2187/1765 
f 1792/2188/1766 1816/2185/1766 1793/2189/1766 
f 1794/2190/1767 1816/2185/1767 1792/2188/1767 
f 1795/2191/1768 1816/2185/1768 1794/2190/1768 
f 1796/2192/1769 1816/2185/1769 1797/2193/1769 
f 1798/2194/1770 1816/2185/1770 1799/2195/1770 
f 1800/2196/1771 1816/2185/1771 1801/2197/1771 
f 1791/2187/1772 1816/2185/1772 1800/2196/1772 
f 1793/2189/1773 1816/2185/1773 1789/2184/1773 
f 1802/2198/1774 1816/2185/1774 1803/2199/1774 
f 1804/2200/1775 1816/2185/1775 1805/2201/1775 
f 1806/2202/1776 1816/2185/1776 1804/2200/1776 
f 1807/2203/1777 1816/2185/1777 1808/2204/1777 
f 1809/2205/1778 1816/2185/1778 1806/2202/1778 
f 1810/2206/1779 1816/2185/1779 1807/2203/1779 
f 1811/2207/1780 1816/2185/1780 1812/2208/1780 
f 1812/2208/1781 1816/2185/1781 1813/2209/1781 
f 1813/2209/1782 1816/2185/1782 1810/2206/1782 
f 1801/2197/1783 1816/2185/1783 1811/2207/1783 
f 1797/2193/1784 1816/2185/1784 1795/2191/1784 
f 1799/2195/1785 1816/2185/1785 1796/2192/1785 
f 1805/2201/1786 1816/2185/1786 1802/2198/1786 
f 1803/2199/1787 1816/2185/1787 1798/2194/1787 
f 1808/2204/1788 1816/2185/1788 1809/2205/1788 
f 1761/2210/1789 1817/2211/1789 1762/2212/1789 
f 1763/2213/1790 1817/2211/1790 1761/2210/1790 
f 1764/2214/1791 1817/2211/1791 1765/2215/1791 
f 1766/2216/1792 1817/2211/1792 1764/2214/1792 
f 1767/2217/1793 1817/2211/1793 1768/2218/1793 
f 1769/2219/1794 1817/2211/1794 1767/2217/1794 
f 1770/2220/1795 1817/2211/1795 1769/2219/1795 
f 1771/2221/1796 1817/2211/1796 1770/2220/1796 
f 1772/2222/1797 1817/2211/1797 1766/2216/1797 
f 1773/2223/1798 1817/2211/1798 1772/2222/1798 
f 1774/2224/1799 1817/2211/1799 1773/2223/1799 
f 1775/2225/1800 1817/2211/1800 1774/2224/1800 
f 1765/2215/1801 1817/2211/1801 1776/2226/1801 
f 1776/2226/1802 1817/2211/1802 1777/2227/1802 
f 1777/2227/1803 1817/2211/1803 1778/2228/1803 
f 1778/2228/1804 1817/2211/1804 1771/2221/1804 
f 1779/2229/1805 1817/2211/1805 1780/2230/1805 
f 1781/2231/1806 1817/2211/1806 1775/2225/1806 
f 1782/2232/1807 1817/2211/1807 1783/2233/1807 
f 1762/2212/1808 1817/2211/1808 1782/2232/1808 
f 1784/2234/1809 1817/2211/1809 1763/2213/1809 
f 1785/2235/1810 1817/2211/1810 1784/2234/1810 
f 1768/2218/1811 1817/2211/1811 1785/2235/1811 
f 1786/2236/1812 1817/2211/1812 1787/2237/1812 
f 1788/2238/1813 1817/2211/1813 1786/2236/1813 
f 1783/2233/1814 1817/2211/1814 1788/2238/1814 
f 1787/2237/1815 1817/2211/1815 1779/2229/1815 
f 1780/2230/1816 1817/2211/1816 1781/2231/1816 
f 1732/2239/1817 1818/2240/1817 1733/2241/1817 
f 1733/2241/1818 1818/2240/1818 1734/2242/1818 
f 1734/2242/1819 1818/2240/1819 1735/2243/1819 
f 1735/2243/1820 1818/2240/1820 1736/2244/1820 
f 1737/2245/1821 1818/2240/1821 1732/2239/1821 
f 1738/2246/1822 1818/2240/1822 1737/2245/1822 
f 1739/2247/1822 1818/2240/1822 1738/2246/1822 
f 1740/2248/1823 1818/2240/1823 1741/2249/1823 
f 1742/2250/1824 1818/2240/1824 1743/2251/1824 
f 1744/2252/1825 1818/2240/1825 1745/2253/1825 
f 1746/2254/1826 1818/2240/1826 1747/2255/1826 
f 1748/2256/1827 1818/2240/1827 1746/2254/1827 
f 1749/2257/1828 1818/2240/1828 1748/2256/1828 
f 1750/2258/1829 1818/2240/1829 1749/2257/1829 
f 1751/2259/1830 1818/2240/1830 1750/2258/1830 
f 1752/2260/1831 1818/2240/1831 1751/2259/1831 
f 1753/2261/1832 1818/2240/1832 1752/2260/1832 
f 1754/2262/1831 1818/2240/1831 1753/2261/1831 
f 1755/2263/1833 1818/2240/1833 1754/2262/1833 
f 1756/2264/1834 1818/2240/1834 1755/2263/1834 
f 1757/2265/1835 1818/2240/1835 1756/2264/1835 
f 1758/2266/1836 1818/2240/1836 1757/2265/1836 
f 1759/2267/1836 1818/2240/1836 1758/2266/1836 
f 1736/2244/1837 1818/2240/1837 1759/2267/1837 
f 1741/2249/1838 1818/2240/1838 1760/2268/1838 
f 1760/2268/1839 1818/2240/1839 1739/2247/1839 
f 1743/2251/1840 1818/2240/1840 1740/2248/1840 
f 1745/2253/1825 1818/2240/1825 1742/2250/1825 
f 1747/2255/1841 1818/2240/1841 1744/2252/1841 
f 1819/2269/206 1820/2270/206 1821/2271/206 1822/2272/206 
f 1819/2269/203 1822/2272/203 1823/2273/203 1824/2274/203 
f 1823/2273/203 1825/2275/203 1826/2276/203 1824/2274/203 
f 1827/2277/206 1828/2278/206 1829/2279/206 1830/2280/206 
f 1827/2277/203 1821/2271/203 1820/2270/203 1828/2278/203 
f 1829/2279/203 1831/2281/203 1832/2282/203 1830/2280/203 
f 1833/2283/203 1834/2284/203 1835/2285/203 1836/2286/203 
f 1833/2283/203 1836/2286/203 1837/2287/203 1838/2288/203 
f 1837/2287/206 1832/2282/206 1831/2281/206 1838/2288/206 
f 1839/2289/203 1840/2290/203 1841/2291/203 1842/2292/203 
f 1839/2289/203 1835/2285/203 1834/2284/203 1840/2290/203 
f 1841/2291/206 1843/2293/206 1844/2294/206 1842/2292/206 
f 1845/2295/947 1846/2296/947 1847/2297/947 1848/2298/947 
f 1845/2295/206 1848/2298/206 1849/2299/206 1850/2300/206 
f 1849/2299/203 1851/2301/203 1852/2302/203 1850/2300/203 
f 1853/2303/203 1854/2304/203 1855/2305/203 1856/2306/203 
f 1853/2303/203 1844/2294/203 1843/2293/203 1854/2304/203 
f 1855/2305/206 1857/2307/206 1858/2308/206 1856/2306/206 
f 1859/2309/203 1860/2310/203 1861/2311/203 1862/2312/203 
f 1859/2309/203 1862/2312/203 1863/2313/203 1864/2314/203 
f 1864/2314/206 1863/2313/206 1865/2315/206 1866/2316/206 
f 1866/2316/206 1865/2315/206 1867/2317/206 1868/2318/206 
f 1868/2318/206 1867/2317/206 1869/2319/206 1870/2320/206 
f 1870/2320/1842 1869/2319/1842 1871/2321/1842 1872/2322/1842 
f 1872/2322/261 1871/2321/261 1873/2323/261 1874/2324/261 
f 1875/2325/206 1876/2326/206 1877/2327/206 1878/2328/206 
f 1878/2328/203 1877/2327/203 1879/2329/203 1880/2330/203 
f 1880/2330/203 1879/2329/203 1881/2331/203 1882/2332/203 
f 1883/2333/1842 1884/2334/1842 1885/2335/1842 1886/2336/1842 
f 1883/2333/206 1886/2336/206 1861/2311/206 1860/2310/206 
f 1884/2334/203 1887/2337/203 1888/2338/203 1885/2335/203 
f 1887/2337/203 1852/2302/203 1851/2301/203 1888/2338/203 
f 1882/2332/203 1881/2331/203 1858/2308/203 1857/2307/203 
f 1889/2339/206 1890/2340/206 1891/2341/206 1892/2342/206 
f 1889/2339/206 1847/2297/206 1846/2296/206 1890/2340/206 
f 1891/2341/261 1893/2343/261 1894/2344/261 1892/2342/261 
f 1895/2345/206 1826/2276/206 1825/2275/206 1896/2346/206 
f 1895/2345/203 1896/2346/203 1897/2347/203 1898/2348/203 
f 1897/2347/206 1899/2349/206 1900/2350/206 1898/2348/206 
f 1901/2351/206 1902/2352/206 1903/2353/206 1904/2354/206 
f 1901/2351/203 1894/2344/203 1893/2343/203 1902/2352/203 
f 1903/2353/261 1905/2355/261 1906/2356/261 1904/2354/261 
f 1907/2357/206 1900/2350/206 1899/2349/206 1908/2358/206 
f 1907/2357/206 1908/2358/206 1906/2356/206 1905/2355/206 
f 1874/2324/203 1873/2323/203 1876/2326/203 1875/2325/203 
f 1821/2359/1843 1909/2360/1843 1910/2361/1843 1822/2362/1843 
f 1819/2363/1844 1911/2364/1844 1912/2365/1844 1820/2366/1844 
f 1824/2367/1845 1913/2368/1845 1911/2364/1845 1819/2363/1845 
f 1822/2362/1846 1910/2361/1846 1914/2369/1846 1823/2370/1846 
f 1826/2371/1847 1915/2372/1847 1913/2368/1847 1824/2367/1847 
f 1823/2370/1848 1914/2369/1848 1916/2373/1848 1825/2374/1848 
f 1830/2375/1849 1917/2376/1849 1918/2377/1849 1827/2378/1849 
f 1828/2379/1850 1919/2380/1850 1920/2381/1850 1829/2382/1850 
f 1820/2366/1851 1912/2365/1851 1919/2380/1851 1828/2379/1851 
f 1827/2378/1852 1918/2377/1852 1909/2360/1852 1821/2359/1852 
f 1832/2383/1853 1921/2384/1853 1917/2385/1853 1830/2386/1853 
f 1829/2387/1854 1920/2388/1854 1922/2389/1854 1831/2390/1854 
f 1835/2391/1855 1923/2392/1855 1924/2393/1855 1836/2394/1855 
f 1833/2395/1856 1925/2396/1856 1926/2397/1856 1834/2398/1856 
f 1838/2399/1857 1927/2400/1857 1925/2396/1857 1833/2395/1857 
f 1836/2394/1858 1924/2393/1858 1928/2401/1858 1837/2402/1858 
f 1831/2390/1859 1922/2389/1859 1927/2400/1859 1838/2399/1859 
f 1837/2402/1860 1928/2401/1860 1921/2384/1860 1832/2383/1860 
f 1842/2403/1861 1929/2404/1861 1930/2405/1861 1839/2406/1861 
f 1840/2407/1862 1931/2408/1862 1932/2409/1862 1841/2410/1862 
f 1834/2398/1863 1926/2397/1863 1931/2408/1863 1840/2407/1863 
f 1839/2406/1864 1930/2405/1864 1923/2392/1864 1835/2391/1864 
f 1844/2411/1865 1933/2412/1865 1929/2404/1865 1842/2403/1865 
f 1841/2410/1866 1932/2409/1866 1934/2413/1866 1843/2414/1866 
f 1847/2415/1867 1935/2416/1867 1936/2417/1867 1848/2418/1867 
f 1845/2419/1868 1937/2420/1868 1938/2421/1868 1846/2422/1868 
f 1850/2423/1869 1939/2424/1869 1937/2420/1869 1845/2419/1869 
f 1848/2418/1870 1936/2417/1870 1940/2425/1870 1849/2426/1870 
f 1852/2427/1871 760/2428/1871 1939/2424/1871 1850/2423/1871 
f 1849/2426/1872 1940/2425/1872 1941/2429/1872 1851/2430/1872 
f 1856/2431/1873 1942/2432/1873 1943/2433/1873 1853/2434/1873 
f 1854/2435/1874 1944/2436/1874 1945/2437/1874 1855/2438/1874 
f 1843/2414/1875 1934/2413/1875 1944/2436/1875 1854/2435/1875 
f 1853/2434/1876 1943/2433/1876 1933/2412/1876 1844/2411/1876 
f 1858/2439/1877 1946/2440/1877 1942/2432/1877 1856/2431/1877 
f 1855/2438/1878 1945/2437/1878 1947/2441/1878 1857/2442/1878 
f 1861/2443/1879 1948/2444/1879 1949/2445/1879 1862/2446/1879 
f 1859/2447/1880 1950/2448/1880 1951/2449/1880 1860/2450/1880 
f 1864/2451/1881 1952/2452/1881 1950/2448/1881 1859/2447/1881 
f 1862/2446/1882 1949/2445/1882 1953/2453/1882 1863/2454/1882 
f 1866/2455/1883 1954/2456/1883 1952/2452/1883 1864/2451/1883 
f 1863/2454/1884 1953/2453/1884 1955/2457/1884 1865/2458/1884 
f 1868/2459/1885 1956/2460/1885 1954/2456/1885 1866/2455/1885 
f 1865/2458/1886 1955/2457/1886 1957/2461/1886 1867/2462/1886 
f 1870/2463/1887 1958/2464/1887 1956/2460/1887 1868/2459/1887 
f 1867/2462/1888 1957/2461/1888 1959/2465/1888 1869/2466/1888 
f 1872/2467/1889 1960/2468/1889 1958/2464/1889 1870/2463/1889 
f 1869/2466/1890 1959/2465/1890 1961/2469/1890 1871/2470/1890 
f 1874/2471/1889 1962/2472/1889 1960/2468/1889 1872/2467/1889 
f 1871/2470/1891 1961/2469/1891 1963/2473/1891 1873/2474/1891 
f 1878/2475/1892 1964/2476/1892 1965/2477/1892 1875/2478/1892 
f 1876/2479/1893 1966/2480/1893 1967/2481/1893 1877/2482/1893 
f 1880/2483/1894 1968/2484/1894 1964/2476/1894 1878/2475/1894 
f 1877/2482/1895 1967/2481/1895 1969/2485/1895 1879/2486/1895 
f 1882/2487/1896 1970/2488/1896 1968/2484/1896 1880/2483/1896 
f 1879/2486/1897 1969/2485/1897 1971/2489/1897 1881/2490/1897 
f 1885/2491/1898 1972/2492/1898 1973/2493/1898 1886/2494/1898 
f 1883/2495/1899 1974/2496/1899 1975/2497/1899 1884/2498/1899 
f 1860/2450/1900 1951/2449/1900 1974/2496/1900 1883/2495/1900 
f 1886/2494/1901 1973/2493/1901 1948/2444/1901 1861/2443/1901 
f 1888/2499/1902 1976/2500/1902 1972/2492/1902 1885/2491/1902 
f 1884/2498/1903 1975/2497/1903 1977/2501/1903 1887/2502/1903 
f 1851/2430/1904 1941/2429/1904 1976/2500/1904 1888/2499/1904 
f 1887/2502/1905 1977/2501/1905 760/2428/1905 1852/2427/1905 
f 1857/2442/1906 1947/2441/1906 1970/2488/1906 1882/2487/1906 
f 1881/2490/1907 1971/2489/1907 1946/2440/1907 1858/2439/1907 
f 1892/2503/1908 1978/2504/1908 1979/2505/1908 1889/2506/1908 
f 1890/2507/1909 1980/2508/1909 1981/2509/1909 1891/2510/1909 
f 1846/2422/1910 1938/2421/1910 1980/2508/1910 1890/2507/1910 
f 1889/2506/1911 1979/2505/1911 1935/2416/1911 1847/2415/1911 
f 1894/2511/1912 1982/2512/1912 1978/2504/1912 1892/2503/1912 
f 1891/2510/1913 1981/2509/1913 1983/2513/1913 1893/2514/1913 
f 1825/2374/1914 1916/2373/1914 1984/2515/1914 1896/2516/1914 
f 1895/2517/1915 1985/2518/1915 1915/2372/1915 1826/2371/1915 
f 1898/2519/1916 1986/2520/1916 1985/2518/1916 1895/2517/1916 
f 1896/2516/1917 1984/2515/1917 1987/2521/1917 1897/2522/1917 
f 1900/2523/1918 1988/2524/1918 1986/2520/1918 1898/2519/1918 
f 1897/2522/1919 1987/2521/1919 1989/2525/1919 1899/2526/1919 
f 1904/2527/1920 1990/2528/1920 1991/2529/1920 1901/2530/1920 
f 1902/2531/1921 1992/2532/1921 1993/2533/1921 1903/2534/1921 
f 1893/2514/1922 1983/2513/1922 1992/2532/1922 1902/2531/1922 
f 1901/2530/1923 1991/2529/1923 1982/2512/1923 1894/2511/1923 
f 1906/2535/1924 1994/2536/1924 1990/2528/1924 1904/2527/1924 
f 1903/2534/1925 1993/2533/1925 1995/2537/1925 1905/2538/1925 
f 1899/2526/1926 1989/2525/1926 1996/2539/1926 1908/2540/1926 
f 1907/2541/1927 1997/2542/1927 1988/2524/1927 1900/2523/1927 
f 1905/2538/1928 1995/2537/1928 1997/2542/1928 1907/2541/1928 
f 1908/2540/1929 1996/2539/1929 1994/2536/1929 1906/2535/1929 
f 1875/2478/1930 1965/2477/1930 1962/2472/1930 1874/2471/1930 
f 1873/2474/1931 1963/2473/1931 1966/2480/1931 1876/2479/1931 
f 404/2543/1932 402/2544/1932 1998/2545/1932 
f 405/2546/1933 404/2543/1933 1998/2545/1933 
f 1683/2547/1934 405/2546/1934 1998/2545/1934 
f 1685/2548/1935 1683/2547/1935 1998/2545/1935 
f 1687/2549/1936 1685/2548/1936 1998/2545/1936 
f 1689/2550/1937 1687/2549/1937 1998/2545/1937 
f 1691/2551/1938 1689/2550/1938 1998/2545/1938 
f 1692/2552/1939 1691/2551/1939 1998/2545/1939 
f 1549/2553/1940 1692/2552/1940 1998/2545/1940 
f 407/2554/1941 1549/2553/1941 1998/2545/1941 
f 408/2555/1942 407/2554/1942 1998/2545/1942 
f 411/2556/1943 408/2555/1943 1998/2545/1943 
f 757/2557/1944 411/2556/1944 1998/2545/1944 
f 761/2558/1945 757/2557/1945 1998/2545/1945 
f 763/2559/1946 761/2558/1946 1998/2545/1946 
f 765/2560/1947 763/2559/1947 1998/2545/1947 
f 767/2561/1948 765/2560/1948 1998/2545/1948 
f 769/2562/1949 767/2561/1949 1998/2545/1949 
f 771/2563/1950 769/2562/1950 1998/2545/1950 
f 773/2564/1951 771/2563/1951 1998/2545/1951 
f 775/2565/1952 773/2564/1952 1998/2545/1952 
f 777/2566/1953 775/2565/1953 1998/2545/1953 
f 779/2567/1954 777/2566/1954 1998/2545/1954 
f 781/2568/1955 779/2567/1955 1998/2545/1955 
f 783/2569/1956 781/2568/1956 1998/2545/1956 
f 785/2570/1957 783/2569/1957 1998/2545/1957 
f 787/2571/1958 785/2570/1958 1998/2545/1958 
f 789/2572/1959 787/2571/1959 1998/2545/1959 
f 791/2573/1960 789/2572/1960 1998/2545/1960 
f 793/2574/1961 791/2573/1961 1998/2545/1961 
f 795/2575/1962 793/2574/1962 1998/2545/1962 
f 797/2576/1963 795/2575/1963 1998/2545/1963 
f 798/2577/1964 797/2576/1964 1998/2545/1964 
f 467/2578/1965 798/2577/1965 1998/2545/1965 
f 413/2579/1966 467/2578/1966 1998/2545/1966 
f 414/2580/1967 413/2579/1967 1998/2545/1967 
f 417/2581/1968 414/2580/1968 1998/2545/1968 
f 464/2582/1969 417/2581/1969 1998/2545/1969 
f 465/2583/1970 464/2582/1970 1998/2545/1970 
f 423/2584/1971 465/2583/1971 1998/2545/1971 
f 419/2585/1972 423/2584/1972 1998/2545/1972 
f 420/2586/1973 419/2585/1973 1998/2545/1973 
f 398/2587/1974 420/2586/1974 1998/2545/1974 
f 399/2588/1975 398/2587/1975 1998/2545/1975 
f 402/2544/1976 399/2588/1976 1998/2545/1976 
# 1838 polygons - 228 triangles

