# This file uses centimeters as units for non-parametric coordinates.

mtllib yvr_d1_right_controller.mtl
usemtl Material_75

v 0.005587 0.008883 0.006376
v 0.005932 0.008248 0.004700
v 0.005587 0.007612 0.003022
v 0.004604 0.007069 0.001586
v 0.003135 0.006708 0.000633
v 0.001405 0.006578 0.000291
v -0.000325 0.006708 0.000633
v -0.001794 0.007069 0.001586
v -0.002777 0.007612 0.003022
v -0.003122 0.008248 0.004700
v -0.002777 0.008883 0.006376
v -0.001860 0.009413 0.007776
v -0.000328 0.009768 0.008713
v 0.001405 0.009885 0.009022
v 0.003138 0.009768 0.008713
v 0.004670 0.009413 0.007776
v 0.005746 0.002953 0.008623
v 0.006104 0.002318 0.006946
v 0.005746 0.001682 0.005267
v 0.004727 0.001139 0.003831
v 0.003202 0.000779 0.002877
v 0.001405 0.000650 0.002535
v -0.000392 0.000779 0.002877
v -0.001917 0.001139 0.003831
v -0.002936 0.001682 0.005267
v -0.003293 0.002318 0.006946
v -0.002936 0.002953 0.008623
v -0.001983 0.003484 0.010023
v -0.000392 0.003840 0.010960
v 0.001405 0.003959 0.011268
v 0.003202 0.003840 0.010960
v 0.004793 0.003484 0.010023
v 0.001405 0.007724 0.004895
v 0.003956 0.008019 0.004785
v 0.003760 0.008377 0.005729
v 0.003760 0.007661 0.003840
v 0.003240 0.008674 0.006514
v 0.002379 0.008873 0.007041
v 0.002376 0.007153 0.002502
v 0.003204 0.007356 0.003035
v 0.001405 0.008939 0.007215
v 0.001405 0.007081 0.002312
v -0.000950 0.008377 0.005729
v -0.001146 0.008019 0.004785
v -0.000950 0.007661 0.003840
v 0.000431 0.008873 0.007041
v -0.000430 0.008674 0.006514
v -0.000394 0.007356 0.003035
v 0.000433 0.007153 0.002502
v 0.003381 0.007953 0.004810
v 0.003231 0.008230 0.005542
v 0.003232 0.007675 0.004077
v 0.002835 0.008464 0.006157
v 0.002164 0.008619 0.006567
v 0.002164 0.007278 0.003026
v 0.002805 0.007437 0.003447
v 0.001405 0.008670 0.006702
v 0.001405 0.007221 0.002874
v -0.000422 0.008230 0.005542
v -0.000571 0.007953 0.004810
v -0.000422 0.007675 0.004077
v 0.000646 0.008619 0.006567
v -0.000025 0.008464 0.006157
v 0.000004 0.007437 0.003447
v 0.000646 0.007278 0.003026
v 0.003890 0.008303 0.004678
v 0.003699 0.008651 0.005598
v 0.003699 0.007954 0.003757
v 0.003193 0.008941 0.006364
v 0.002354 0.009135 0.006877
v 0.002352 0.007459 0.002452
v 0.003158 0.007656 0.002972
v 0.001405 0.009200 0.007047
v 0.001405 0.007389 0.002267
v -0.000890 0.008651 0.005598
v -0.001080 0.008303 0.004678
v -0.000890 0.007954 0.003757
v 0.000455 0.009135 0.006877
v -0.000384 0.008941 0.006364
v -0.000348 0.007656 0.002972
v 0.000458 0.007459 0.002452
v 0.003447 0.008252 0.004698
v 0.003292 0.008538 0.005454
v 0.003292 0.007965 0.003940
v 0.002881 0.008779 0.006088
v 0.002188 0.008940 0.006511
v 0.002188 0.007555 0.002856
v 0.002851 0.007719 0.003290
v 0.001405 0.008992 0.006651
v 0.001405 0.007496 0.002700
v -0.000482 0.008538 0.005454
v -0.000637 0.008252 0.004698
v -0.000482 0.007965 0.003940
v 0.000621 0.008940 0.006511
v -0.000071 0.008779 0.006088
v -0.000041 0.007719 0.003290
v 0.000622 0.007555 0.002856
v -0.001102 -0.002634 -0.012281
v -0.001464 -0.001747 -0.010682
v -0.002496 -0.001050 -0.009296
v -0.004040 -0.000647 -0.008332
v -0.005861 -0.000602 -0.007939
v -0.007683 -0.000920 -0.008175
v -0.009227 -0.001553 -0.009005
v -0.010259 -0.002405 -0.010303
v -0.010621 -0.003346 -0.011870
v -0.010259 -0.004233 -0.013469
v -0.009227 -0.004931 -0.014856
v -0.007683 -0.005333 -0.015819
v -0.005861 -0.005379 -0.016213
v -0.004040 -0.005061 -0.015976
v -0.002496 -0.004428 -0.015146
v -0.001464 -0.003575 -0.013849
v -0.001411 0.000465 -0.014070
v -0.001773 0.001352 -0.012472
v -0.002805 0.002049 -0.011085
v -0.004349 0.002452 -0.010121
v -0.006171 0.002497 -0.009728
v -0.007992 0.002179 -0.009964
v -0.009536 0.001546 -0.010794
v -0.010568 0.000694 -0.012092
v -0.010930 -0.000247 -0.013659
v -0.010568 -0.001134 -0.015258
v -0.009536 -0.001832 -0.016645
v -0.007992 -0.002234 -0.017608
v -0.006171 -0.002280 -0.018002
v -0.004349 -0.001962 -0.017766
v -0.002805 -0.001329 -0.016936
v -0.001773 -0.000477 -0.015638
v -0.006294 0.001199 -0.014495
v -0.002724 0.001089 -0.014431
v -0.002991 0.001743 -0.013251
v -0.003752 0.002258 -0.012229
v -0.004891 0.002555 -0.011518
v -0.006234 0.002588 -0.011227
v -0.007578 0.002354 -0.011402
v -0.008717 0.001886 -0.012014
v -0.009478 0.001258 -0.012971
v -0.009745 0.000564 -0.014128
v -0.009478 -0.000091 -0.015307
v -0.008717 -0.000605 -0.016330
v -0.007578 -0.000902 -0.017041
v -0.006234 -0.000936 -0.017331
v -0.004891 -0.000701 -0.017157
v -0.003752 -0.000234 -0.016544
v -0.002991 0.000395 -0.015587
v -0.005013 -0.010051 -0.024164
v -0.005383 -0.009139 -0.022539
v -0.006436 -0.008405 -0.021138
v -0.008013 -0.007961 -0.020176
v -0.009873 -0.007874 -0.019798
v -0.011733 -0.008158 -0.020062
v -0.013310 -0.008769 -0.020928
v -0.014364 -0.009615 -0.022264
v -0.014734 -0.010566 -0.023866
v -0.014364 -0.011478 -0.025491
v -0.013310 -0.012212 -0.026892
v -0.011733 -0.012657 -0.027854
v -0.009873 -0.012743 -0.028232
v -0.008013 -0.012460 -0.027968
v -0.006436 -0.011848 -0.027102
v -0.005383 -0.011002 -0.025766
v -0.005237 -0.006886 -0.025991
v -0.005606 -0.005974 -0.024366
v -0.006660 -0.005240 -0.022965
v -0.008237 -0.004796 -0.022003
v -0.010097 -0.004709 -0.021625
v -0.011957 -0.004993 -0.021889
v -0.013534 -0.005604 -0.022755
v -0.014587 -0.006450 -0.024091
v -0.014957 -0.007401 -0.025693
v -0.014588 -0.008314 -0.027319
v -0.013534 -0.009048 -0.028719
v -0.011957 -0.009492 -0.029681
v -0.010097 -0.009579 -0.030059
v -0.008237 -0.009295 -0.029795
v -0.006660 -0.008683 -0.028929
v -0.005606 -0.007838 -0.027593
v -0.010191 -0.006030 -0.026485
v -0.006561 -0.006225 -0.026373
v -0.006834 -0.005552 -0.025174
v -0.007611 -0.005010 -0.024141
v -0.008774 -0.004683 -0.023431
v -0.010146 -0.004619 -0.023152
v -0.011518 -0.004828 -0.023347
v -0.012681 -0.005279 -0.023986
v -0.013458 -0.005903 -0.024971
v -0.013731 -0.006605 -0.026153
v -0.013458 -0.007278 -0.027352
v -0.012681 -0.007819 -0.028385
v -0.011518 -0.008147 -0.029095
v -0.010146 -0.008211 -0.029374
v -0.008774 -0.008001 -0.029179
v -0.007611 -0.007550 -0.028540
v -0.006834 -0.006926 -0.027555
v -0.013834 0.001731 0.015972
v -0.014525 -0.001095 0.015338
v -0.014807 -0.000230 0.014220
v -0.016322 -0.007018 0.010228
v -0.015779 -0.003484 0.012295
v -0.015782 -0.006446 0.012408
v -0.014287 -0.001332 0.016851
v -0.015433 -0.008010 0.012754
v -0.013003 0.002907 0.018111
v -0.014026 -0.001734 0.018593
v -0.014679 -0.009867 0.013761
v -0.012871 0.002791 0.023001
v -0.013952 -0.002460 0.020444
v -0.012678 0.003286 0.020449
v -0.013954 -0.011354 0.015284
v -0.014105 -0.000338 0.026589
v -0.013532 -0.012449 0.017030
v -0.013446 0.001544 0.025071
v -0.014878 -0.003912 0.027513
v -0.014690 -0.006605 0.025006
v -0.014984 -0.007533 0.026563
v -0.014539 -0.011110 0.024398
v -0.012998 -0.015295 0.021765
v -0.015825 -0.010573 0.009288
v -0.014487 -0.014069 0.010128
v -0.013085 -0.016182 0.012040
v -0.012123 -0.017384 0.014309
v -0.011938 -0.017251 0.018927
v -0.011643 -0.017842 0.016419
v -0.013342 -0.013889 0.020483
v -0.015468 -0.004080 0.013880
v -0.013397 -0.013240 0.018773
v -0.014459 -0.004912 0.023667
v -0.014146 -0.003525 0.022161
v -0.015127 -0.004935 0.015069
v -0.014781 -0.005960 0.016433
v -0.014505 -0.006994 0.017988
v -0.014374 -0.010127 0.022704
v -0.014307 -0.009060 0.021165
v -0.014345 -0.008018 0.019595
v -0.001277 0.001731 0.015972
v -0.001367 -0.000230 0.014220
v -0.001676 -0.007018 0.010228
v -0.001516 -0.003484 0.012295
v -0.001225 0.002907 0.018111
v -0.001242 0.002791 0.023001
v -0.001213 0.003286 0.020449
v -0.001397 -0.000338 0.026589
v -0.001306 0.001544 0.025071
v -0.001565 -0.003912 0.027513
v -0.001729 -0.007533 0.026563
v -0.001887 -0.011110 0.024398
v -0.002068 -0.015295 0.021765
v -0.001837 -0.010573 0.009288
v -0.001995 -0.014069 0.010128
v -0.002092 -0.016182 0.012040
v -0.002148 -0.017384 0.014309
v -0.002149 -0.017251 0.018927
v -0.002171 -0.017842 0.016419
v 0.007139 -0.026080 -0.032906
v 0.009535 -0.025488 -0.031186
v 0.011930 -0.024903 -0.028566
v 0.013867 -0.024672 -0.025154
v 0.014907 -0.025078 -0.021502
v 0.014976 -0.026144 -0.017997
v 0.014072 -0.027846 -0.014726
v 0.012265 -0.029957 -0.012002
v 0.010192 -0.031778 -0.010262
v 0.006407 -0.034084 -0.008585
v 0.001400 -0.026712 -0.034153
v -0.004340 -0.026080 -0.032906
v -0.006736 -0.025488 -0.031186
v -0.009131 -0.024903 -0.028566
v -0.011069 -0.024672 -0.025154
v -0.012109 -0.025078 -0.021502
v -0.012177 -0.026144 -0.017997
v -0.011273 -0.027846 -0.014726
v -0.009466 -0.029957 -0.012002
v -0.007394 -0.031778 -0.010262
v -0.003609 -0.034084 -0.008585
v 0.001399 -0.034948 -0.008084
v 0.007102 -0.028697 -0.034053
v 0.009479 -0.028425 -0.032442
v 0.011856 -0.028373 -0.030074
v 0.013777 -0.028921 -0.027223
v 0.014808 -0.030183 -0.024266
v 0.014875 -0.032112 -0.021625
v 0.013978 -0.034665 -0.019368
v 0.012185 -0.037543 -0.017689
v 0.010128 -0.039886 -0.016670
v 0.006373 -0.042653 -0.015892
v 0.001404 -0.028915 -0.035204
v -0.004293 -0.028697 -0.034053
v -0.006671 -0.028425 -0.032442
v -0.009048 -0.028373 -0.030074
v -0.010969 -0.028921 -0.027223
v -0.012000 -0.030183 -0.024266
v -0.012067 -0.032112 -0.021625
v -0.011170 -0.034665 -0.019368
v -0.009376 -0.037543 -0.017689
v -0.007320 -0.039886 -0.016670
v -0.003565 -0.042653 -0.015892
v 0.001404 -0.043723 -0.015700
v 0.001404 -0.029629 -0.034593
v 0.001404 -0.030194 -0.033247
v 0.001404 -0.030990 -0.031400
v 0.001404 -0.032325 -0.028861
v 0.001404 -0.033810 -0.026456
v 0.001404 -0.035628 -0.023998
v 0.001404 -0.037913 -0.021433
v 0.001404 -0.039836 -0.019466
v 0.001404 -0.041586 -0.017995
v 0.001404 -0.043780 -0.016173
v -0.001401 -0.029418 -0.034160
v -0.002561 -0.029758 -0.032973
v -0.003731 -0.030440 -0.031101
v -0.004674 -0.031555 -0.028512
v -0.005178 -0.032962 -0.025957
v -0.005210 -0.034822 -0.023444
v -0.004771 -0.037169 -0.020875
v -0.003887 -0.039289 -0.018961
v -0.002876 -0.041132 -0.017550
v -0.001032 -0.043167 -0.016284
v 0.004209 -0.029418 -0.034160
v 0.005369 -0.029758 -0.032973
v 0.006539 -0.030440 -0.031101
v 0.007482 -0.031555 -0.028512
v 0.007986 -0.032962 -0.025957
v 0.008018 -0.034822 -0.023444
v 0.007579 -0.037169 -0.020875
v 0.006696 -0.039289 -0.018961
v 0.005684 -0.041132 -0.017550
v 0.003840 -0.043167 -0.016284
v 0.007122 -0.027177 -0.033391
v 0.009510 -0.026761 -0.031720
v 0.011896 -0.026475 -0.029209
v 0.013826 -0.026677 -0.026000
v 0.014861 -0.027589 -0.022645
v 0.014928 -0.029178 -0.019510
v 0.014027 -0.031409 -0.016676
v 0.012226 -0.034010 -0.014404
v 0.010161 -0.036185 -0.013013
v 0.006391 -0.038888 -0.011744
v 0.001402 -0.027665 -0.034608
v -0.004319 -0.027177 -0.033391
v -0.006707 -0.026761 -0.031720
v -0.009093 -0.026475 -0.029209
v -0.011022 -0.026677 -0.026000
v -0.012057 -0.027589 -0.022645
v -0.012125 -0.029178 -0.019510
v -0.011224 -0.031409 -0.016676
v -0.009423 -0.034010 -0.014404
v -0.007358 -0.036185 -0.013013
v -0.003588 -0.038888 -0.011744
v 0.001402 -0.039934 -0.011431
v 0.015672 -0.001498 -0.027353
v 0.015197 -0.000306 -0.025287
v 0.013846 0.000706 -0.023535
v 0.011823 0.001382 -0.022365
v 0.009437 0.001619 -0.021954
v 0.007051 0.001382 -0.022365
v 0.005028 0.000706 -0.023535
v 0.003677 -0.000306 -0.025287
v 0.003202 -0.001498 -0.027353
v 0.003677 -0.002691 -0.029420
v 0.005028 -0.003703 -0.031171
v 0.007051 -0.004379 -0.032342
v 0.009437 -0.004616 -0.032753
v 0.011823 -0.004379 -0.032342
v 0.013846 -0.003703 -0.031171
v 0.015197 -0.002691 -0.029420
v 0.016131 -0.006507 -0.021260
v 0.012660 -0.004596 -0.024023
v 0.015152 -0.001968 -0.024349
v 0.015623 -0.003151 -0.026399
v 0.012926 -0.005264 -0.025179
v 0.016683 -0.007893 -0.023661
v 0.014561 -0.005332 -0.019224
v 0.011904 -0.004030 -0.023043
v 0.013811 -0.000964 -0.022611
v 0.012210 -0.004546 -0.017864
v 0.010772 -0.003652 -0.022388
v 0.011804 -0.000294 -0.021450
v 0.009437 -0.004270 -0.017386
v 0.009437 -0.003520 -0.022158
v 0.009437 -0.000058 -0.021042
v 0.006664 -0.004546 -0.017864
v 0.008102 -0.003652 -0.022388
v 0.007070 -0.000294 -0.021450
v 0.004313 -0.005332 -0.019224
v 0.006970 -0.004030 -0.023043
v 0.005063 -0.000964 -0.022611
v 0.002743 -0.006507 -0.021260
v 0.006214 -0.004596 -0.024023
v 0.003722 -0.001968 -0.024349
v 0.002191 -0.007893 -0.023661
v 0.005948 -0.005264 -0.025179
v 0.003251 -0.003151 -0.026399
v 0.002743 -0.009280 -0.026063
v 0.006214 -0.005931 -0.026336
v 0.003722 -0.004335 -0.028449
v 0.004313 -0.010455 -0.028098
v 0.006970 -0.006497 -0.027316
v 0.005063 -0.005338 -0.030187
v 0.006664 -0.011241 -0.029459
v 0.008102 -0.006875 -0.027971
v 0.007070 -0.006009 -0.031349
v 0.009437 -0.011516 -0.029936
v 0.009437 -0.007008 -0.028201
v 0.009437 -0.006244 -0.031756
v 0.012210 -0.011241 -0.029459
v 0.010772 -0.006875 -0.027971
v 0.011804 -0.006009 -0.031349
v 0.014561 -0.010455 -0.028098
v 0.011904 -0.006497 -0.027316
v 0.013811 -0.005338 -0.030187
v 0.016131 -0.009280 -0.026063
v 0.012660 -0.005931 -0.026336
v 0.015152 -0.004335 -0.028449
v 0.012670 -0.003342 -0.024742
v 0.012936 -0.004012 -0.025902
v 0.011912 -0.002775 -0.023759
v 0.010776 -0.002395 -0.023102
v 0.009437 -0.002262 -0.022872
v 0.008098 -0.002395 -0.023102
v 0.006962 -0.002775 -0.023759
v 0.006204 -0.003342 -0.024742
v 0.005937 -0.004012 -0.025902
v 0.006204 -0.004682 -0.027062
v 0.006962 -0.005249 -0.028045
v 0.008098 -0.005629 -0.028702
v 0.009437 -0.005762 -0.028933
v 0.010776 -0.005629 -0.028702
v 0.011912 -0.005249 -0.028045
v 0.012670 -0.004682 -0.027062
v 0.009437 -0.001788 -0.027186
v 0.013916 -0.000319 -0.028034
v 0.013575 0.000538 -0.026550
v 0.012604 0.001265 -0.025291
v 0.011151 0.001751 -0.024451
v 0.009437 0.001921 -0.024155
v 0.007723 0.001751 -0.024451
v 0.006270 0.001265 -0.025291
v 0.005299 0.000538 -0.026550
v 0.004958 -0.000319 -0.028034
v 0.005299 -0.001176 -0.029519
v 0.006270 -0.001902 -0.030778
v 0.007723 -0.002388 -0.031618
v 0.009437 -0.002558 -0.031914
v 0.011151 -0.002388 -0.031618
v 0.012604 -0.001902 -0.030778
v 0.013575 -0.001176 -0.029519
v 0.014648 -0.005350 -0.022637
v 0.015077 -0.006429 -0.024506
v 0.013425 -0.004435 -0.021053
v 0.011595 -0.003824 -0.019994
v 0.009437 -0.003609 -0.019622
v 0.007279 -0.003824 -0.019994
v 0.005449 -0.004435 -0.021053
v 0.004226 -0.005350 -0.022637
v 0.003797 -0.006429 -0.024506
v 0.004226 -0.007509 -0.026376
v 0.005449 -0.008424 -0.027960
v 0.007279 -0.009035 -0.029019
v 0.009437 -0.009250 -0.029391
v 0.011595 -0.009035 -0.029019
v 0.013425 -0.008424 -0.027960
v 0.014648 -0.007509 -0.026376
v 0.015854 -0.002325 -0.026876
v 0.015365 -0.001097 -0.024750
v 0.013974 -0.000056 -0.022947
v 0.011892 0.000639 -0.021742
v 0.009437 0.000883 -0.021319
v 0.006981 0.000639 -0.021742
v 0.004900 -0.000056 -0.022947
v 0.003509 -0.001097 -0.024750
v 0.003020 -0.002325 -0.026876
v 0.003509 -0.003553 -0.029003
v 0.004900 -0.004594 -0.030806
v 0.006981 -0.005289 -0.032010
v 0.009437 -0.005533 -0.032433
v 0.011892 -0.005289 -0.032010
v 0.013974 -0.004593 -0.030806
v 0.015365 -0.003553 -0.029003
v 0.014100 -0.002891 -0.024319
v 0.014484 -0.003857 -0.025992
v 0.013006 -0.002073 -0.022901
v 0.011369 -0.001526 -0.021953
v 0.009437 -0.001334 -0.021620
v 0.007505 -0.001526 -0.021953
v 0.005868 -0.002073 -0.022901
v 0.004774 -0.002891 -0.024319
v 0.004390 -0.003857 -0.025992
v 0.004774 -0.004823 -0.027664
v 0.005868 -0.005642 -0.029082
v 0.007505 -0.006189 -0.030030
v 0.009437 -0.006381 -0.030363
v 0.011368 -0.006189 -0.030030
v 0.013006 -0.005642 -0.029082
v 0.014100 -0.004823 -0.027664
v 0.014806 0.003798 0.006056
v 0.021578 -0.007489 -0.004007
v 0.008796 -0.006833 0.068771
v 0.020057 -0.006156 0.002345
v 0.018941 -0.005414 0.008762
v 0.003927 0.010867 0.013156
v 0.019819 -0.003452 -0.001194
v 0.001404 0.011151 0.013452
v -0.013175 -0.005770 0.044318
v -0.009903 -0.006567 0.062111
v -0.008228 -0.006729 0.065592
v -0.017011 -0.003452 -0.001194
v 0.017608 0.000293 0.002550
v 0.004075 0.000757 0.069209
v 0.010268 -0.002432 0.065866
v 0.015698 0.000533 0.033209
v 0.014832 0.000232 0.044511
v 0.013567 -0.000364 0.054132
v 0.011675 -0.001579 0.062336
v 0.011036 -0.006729 0.065592
v 0.007701 0.003665 0.063122
v 0.009377 0.002259 0.062871
v 0.005498 0.004877 0.063428
v 0.010837 0.004366 0.054529
v 0.006314 0.007697 0.055198
v 0.006760 0.009378 0.045659
v 0.007078 0.010377 0.034647
v 0.012316 0.006369 0.034043
v 0.011593 0.005701 0.045142
v 0.016587 -0.002391 0.032839
v 0.015697 -0.002769 0.044414
v 0.014496 -0.003249 0.053963
v 0.012343 -0.003985 0.062280
v 0.010726 -0.004455 0.065753
v 0.018927 -0.002834 0.004040
v 0.003544 0.005514 0.063697
v 0.003982 0.008443 0.055367
v 0.004253 0.010208 0.045751
v 0.004364 0.011216 0.034725
v 0.008759 0.006098 0.054840
v 0.009901 0.008539 0.034343
v 0.009326 0.007707 0.045422
v 0.010648 0.000524 0.062626
v 0.012437 0.002060 0.054284
v 0.014341 0.003453 0.033585
v 0.013543 0.002966 0.044826
v 0.004828 0.002745 0.066914
v 0.002883 0.001036 0.069315
v 0.003224 0.003133 0.067098
v 0.008075 0.000957 0.066390
v 0.009258 -0.000625 0.066110
v 0.005316 0.000275 0.069063
v 0.006572 0.002040 0.066639
v 0.004679 -0.006980 0.070919
v 0.004676 -0.005216 0.069552
v 0.008139 -0.003308 0.068748
v 0.008676 -0.004968 0.068763
v 0.003713 -0.001411 0.069515
v 0.004439 -0.002477 0.069534
v 0.007330 -0.001696 0.068732
v 0.001404 -0.000463 0.069418
v 0.002639 -0.000702 0.069473
v 0.006508 -0.000708 0.068870
v 0.004676 -0.003736 0.069527
v 0.001404 -0.003880 0.069476
v 0.004676 -0.005211 0.070855
v 0.004676 -0.003734 0.070755
v 0.004404 -0.002433 0.070576
v 0.003686 -0.001335 0.070466
v 0.002615 -0.000608 0.070397
v 0.001404 -0.000362 0.070356
v 0.017151 -0.002305 0.023966
v 0.016254 0.000497 0.024603
v 0.014826 0.003485 0.025282
v 0.012742 0.006464 0.025959
v 0.010220 0.008679 0.026463
v 0.007204 0.010579 0.026894
v 0.004346 0.011435 0.027089
v 0.017657 -0.002291 0.016426
v 0.016691 0.000491 0.017165
v 0.015260 0.003446 0.017950
v 0.013158 0.006247 0.018695
v 0.010381 0.008649 0.019333
v 0.007287 0.010438 0.019809
v 0.004272 0.011348 0.020051
v 0.018243 -0.002488 0.010069
v 0.017040 0.000404 0.011361
v 0.015332 0.003368 0.012685
v 0.013175 0.006095 0.013904
v 0.010332 0.008531 0.014992
v 0.007240 0.010251 0.015760
v 0.004210 0.011194 0.016182
v 0.017346 0.000336 0.006414
v 0.015240 0.003373 0.008821
v 0.012983 0.006056 0.010952
v 0.010144 0.008387 0.012595
v 0.006938 0.010140 0.013831
v 0.004137 0.010920 0.014380
v -0.011998 0.003798 0.006056
v 0.001404 0.011517 0.016326
v -0.014793 0.000304 0.002525
v -0.018770 -0.007489 -0.004007
v -0.001267 0.000757 0.069209
v -0.007460 -0.002432 0.065866
v -0.012890 0.000533 0.033209
v -0.014090 -0.005315 0.032468
v -0.012024 0.000232 0.044511
v -0.011997 -0.006176 0.054004
v -0.010759 -0.000364 0.054132
v -0.008867 -0.001579 0.062336
v -0.004892 0.003665 0.063122
v -0.006569 0.002259 0.062871
v 0.001404 0.001186 0.069363
v -0.002690 0.004877 0.063428
v -0.008029 0.004366 0.054529
v -0.003506 0.007697 0.055198
v 0.001404 0.008691 0.055430
v 0.001404 0.005675 0.063792
v 0.001404 0.010590 0.045762
v -0.003952 0.009378 0.045659
v 0.001404 0.011600 0.034834
v -0.004270 0.010377 0.034647
v -0.009508 0.006369 0.034043
v -0.008785 0.005701 0.045142
v -0.017249 -0.006156 0.002345
v -0.016133 -0.005414 0.008762
v -0.013779 -0.002391 0.032839
v -0.012889 -0.002769 0.044414
v -0.011688 -0.003249 0.053963
v -0.009535 -0.003985 0.062280
v -0.007918 -0.004455 0.065753
v -0.016119 -0.002834 0.004040
v -0.000735 0.005514 0.063697
v -0.001174 0.008443 0.055367
v -0.001445 0.010208 0.045751
v -0.001556 0.011216 0.034725
v -0.005951 0.006098 0.054840
v -0.007093 0.008539 0.034343
v -0.006518 0.007707 0.045422
v -0.007840 0.000524 0.062626
v -0.009629 0.002060 0.054284
v -0.011532 0.003453 0.033585
v -0.010735 0.002967 0.044826
v -0.002020 0.002745 0.066914
v 0.001404 0.003299 0.067193
v -0.000075 0.001036 0.069315
v -0.000416 0.003133 0.067098
v -0.005267 0.000957 0.066390
v -0.006450 -0.000625 0.066110
v -0.002508 0.000275 0.069063
v -0.003764 0.002040 0.066639
v -0.001871 -0.006980 0.070919
v -0.001868 -0.005216 0.069552
v -0.005331 -0.003308 0.068748
v -0.005867 -0.004968 0.068763
v -0.000905 -0.001411 0.069515
v -0.001631 -0.002477 0.069534
v -0.004522 -0.001696 0.068732
v 0.000169 -0.000702 0.069473
v -0.003700 -0.000708 0.068870
v -0.001868 -0.003736 0.069527
v -0.001868 -0.005211 0.070855
v -0.001868 -0.003734 0.070755
v -0.001596 -0.002433 0.070576
v -0.000878 -0.001335 0.070466
v 0.000193 -0.000608 0.070397
v -0.012018 0.003485 0.025282
v -0.009934 0.006464 0.025959
v -0.007412 0.008679 0.026463
v -0.004396 0.010579 0.026894
v -0.001538 0.011435 0.027089
v 0.001404 0.011836 0.027180
v -0.012452 0.003446 0.017950
v -0.010350 0.006247 0.018695
v -0.007572 0.008649 0.019333
v -0.004479 0.010438 0.019809
v -0.001464 0.011348 0.020051
v 0.001404 0.011706 0.020146
v -0.015435 -0.002488 0.010069
v -0.014232 0.000404 0.011361
v -0.012524 0.003368 0.012685
v -0.010367 0.006095 0.013904
v -0.007524 0.008531 0.014992
v -0.004432 0.010251 0.015760
v -0.001402 0.011194 0.016182
v -0.014538 0.000336 0.006414
v -0.012432 0.003373 0.008821
v -0.010175 0.006056 0.010952
v -0.007336 0.008387 0.012595
v -0.004130 0.010140 0.013831
v -0.001329 0.010920 0.014380
v 0.001404 0.011304 0.014651
v -0.014290 -0.000161 0.014061
v -0.015218 -0.002441 0.012542
v -0.013266 0.001918 0.015843
v -0.012605 0.003108 0.018059
v -0.012289 0.003482 0.020543
v -0.012373 0.002973 0.023242
v -0.012866 0.001649 0.025352
v -0.013532 -0.000247 0.026822
v -0.014263 -0.003923 0.027696
v -0.012587 -0.005297 0.026678
v -0.012456 -0.003913 0.026990
v -0.011794 -0.000587 0.026199
v -0.011187 0.001163 0.024788
v -0.010740 0.002361 0.022879
v -0.010665 0.002821 0.020437
v -0.010951 0.002483 0.018191
v -0.011548 0.001406 0.016185
v -0.012475 -0.000474 0.014573
v -0.013314 -0.002537 0.013199
v -0.013910 -0.005400 0.011618
v -0.015713 -0.025549 -0.019483
v -0.014519 -0.028465 -0.014007
v 0.001404 -0.038532 -0.008738
v -0.002595 -0.037637 -0.009121
v -0.013018 -0.027661 -0.019510
v -0.015385 -0.026846 -0.016527
v -0.012818 -0.030732 -0.011228
v -0.010596 -0.033043 -0.009225
v -0.007951 -0.035252 -0.007777
v -0.004142 -0.037644 -0.006593
v 0.001404 -0.039026 -0.006102
v -0.018029 -0.021731 -0.019484
v -0.017218 -0.022730 -0.015512
v -0.015647 -0.024680 -0.012349
v -0.013500 -0.027261 -0.009586
v -0.010811 -0.030257 -0.007706
v -0.007753 -0.032923 -0.006255
v -0.003786 -0.035314 -0.005120
v 0.001404 -0.033454 -0.002816
v -0.022399 -0.014259 -0.019482
v -0.018725 -0.018087 -0.013163
v -0.016149 -0.021186 -0.009606
v 0.001404 -0.028234 0.001287
v 0.001404 -0.024186 0.015985
v -0.019640 -0.011681 -0.008904
v -0.017585 -0.015611 -0.006908
v -0.015548 -0.018934 -0.005344
v -0.013071 -0.022182 -0.004003
v -0.010074 -0.025299 -0.002825
v -0.006691 -0.027992 -0.001873
v -0.002880 -0.029996 -0.001223
v -0.010711 -0.018580 0.015985
v -0.007940 -0.020913 0.015985
v -0.005123 -0.022727 0.015985
v -0.001896 -0.023803 0.016015
v -0.001904 -0.024210 0.008678
v -0.005152 -0.023242 0.008708
v -0.008203 -0.021611 0.008758
v -0.011067 -0.019133 0.008836
v -0.013208 -0.016349 0.008927
v -0.014949 -0.012771 0.008759
v -0.015871 -0.008959 0.008779
v -0.016922 -0.009654 0.002329
v -0.002065 -0.025643 0.003796
v -0.005402 -0.024468 0.003699
v -0.008615 -0.022577 0.003523
v -0.011545 -0.020014 0.003252
v -0.013887 -0.017093 0.002917
v -0.015726 -0.013553 0.002655
v -0.001871 -0.009935 0.070703
v -0.001871 -0.009949 0.069417
v 0.001404 -0.013235 0.069451
v -0.000908 -0.012272 0.069441
v 0.001404 -0.024297 0.023056
v 0.001404 -0.023909 0.043166
v 0.001404 -0.022948 0.053123
v 0.001404 -0.021407 0.059770
v 0.001404 -0.013226 0.070361
v 0.001404 -0.016527 0.068515
v -0.001620 -0.011195 0.070564
v 0.000158 -0.012975 0.070398
v -0.000908 -0.012262 0.070452
v -0.005574 -0.010504 0.068596
v -0.007922 -0.010749 0.065227
v -0.003138 -0.015359 0.068169
v -0.008632 -0.013854 0.061061
v -0.009545 -0.011006 0.061560
v -0.003024 -0.018582 0.064018
v -0.007432 -0.016347 0.060702
v -0.011316 -0.011483 0.054037
v -0.012572 -0.011860 0.043977
v -0.013325 -0.012070 0.032286
v -0.008584 -0.017409 0.053803
v -0.009518 -0.018144 0.043699
v -0.010091 -0.018499 0.031879
v -0.010437 -0.018553 0.023199
v -0.004553 -0.022375 0.043585
v -0.004942 -0.022800 0.031754
v -0.005065 -0.022807 0.023073
v -0.010361 -0.031964 -0.013051
v -0.004139 -0.021365 0.053465
v -0.003607 -0.019930 0.060102
v -0.011876 -0.008678 0.054015
v -0.013227 -0.008568 0.044195
v -0.014126 -0.008382 0.032301
v -0.012318 -0.015527 0.023309
v -0.010280 -0.014463 0.054051
v -0.011375 -0.015002 0.043838
v -0.012038 -0.015285 0.032082
v -0.007829 -0.020858 0.023157
v -0.007201 -0.020364 0.043656
v -0.007665 -0.020773 0.031740
v -0.006487 -0.019457 0.053645
v -0.001844 -0.023901 0.023142
v -0.001748 -0.023839 0.031663
v -0.001634 -0.023439 0.043383
v -0.001459 -0.022424 0.053348
v -0.001869 -0.008504 0.070816
v -0.008198 -0.008616 0.065435
v -0.005861 -0.008551 0.068724
v -0.009895 -0.008598 0.061859
v -0.001871 -0.008465 0.069451
v -0.001063 -0.019488 0.063964
v -0.000487 -0.016376 0.068328
v -0.001280 -0.020974 0.059863
v 0.000158 -0.012985 0.069448
v -0.001620 -0.011206 0.069430
v -0.005084 -0.012264 0.068378
v -0.007202 -0.013245 0.064909
v -0.004703 -0.017170 0.064247
v -0.005579 -0.018255 0.060382
v -0.004406 -0.013929 0.068230
v -0.006219 -0.015325 0.064506
v -0.001899 -0.016043 0.068172
v 0.001404 -0.030719 -0.000948
v -0.018111 -0.010464 -0.003259
v -0.016521 -0.014333 -0.002159
v -0.014655 -0.017832 -0.001155
v -0.012185 -0.021007 -0.000341
v -0.009279 -0.023769 0.000281
v -0.006011 -0.026070 0.000786
v -0.002456 -0.027702 0.001097
v -0.013762 -0.024163 -0.007348
v -0.010718 -0.027407 -0.005545
v -0.007335 -0.030294 -0.004185
v -0.003335 -0.032561 -0.003210
v 0.001404 -0.036327 -0.004588
v -0.021084 -0.012859 -0.014089
v -0.021735 -0.010697 -0.014559
v 0.018467 -0.025549 -0.019483
v 0.017327 -0.028465 -0.014007
v 0.008586 -0.036071 -0.009914
v 0.011196 -0.034010 -0.011295
v 0.018193 -0.026846 -0.016527
v 0.015626 -0.030732 -0.011228
v 0.013404 -0.033043 -0.009225
v 0.010759 -0.035252 -0.007777
v 0.006950 -0.037644 -0.006593
v 0.020783 -0.021731 -0.019484
v 0.020026 -0.022730 -0.015512
v 0.018456 -0.024680 -0.012349
v 0.016308 -0.027261 -0.009586
v 0.013619 -0.030257 -0.007706
v 0.010561 -0.032923 -0.006255
v 0.006594 -0.035314 -0.005120
v 0.023101 -0.017911 -0.019484
v 0.021533 -0.018087 -0.013163
v 0.018958 -0.021186 -0.009606
v 0.026046 -0.012443 -0.019477
v 0.001404 -0.024488 0.008931
v 0.001404 -0.026110 0.003757
v 0.022448 -0.011681 -0.008904
v 0.020394 -0.015611 -0.006908
v 0.018356 -0.018934 -0.005344
v 0.015879 -0.022182 -0.004003
v 0.012882 -0.025299 -0.002825
v 0.009499 -0.027992 -0.001873
v 0.005688 -0.029996 -0.001223
v 0.017896 -0.008486 0.015813
v 0.017070 -0.012375 0.015985
v 0.015410 -0.015741 0.015985
v 0.013519 -0.018580 0.015985
v 0.010748 -0.020913 0.015985
v 0.007931 -0.022727 0.015985
v 0.004704 -0.023803 0.016015
v 0.004712 -0.024210 0.008678
v 0.007960 -0.023242 0.008708
v 0.011011 -0.021611 0.008758
v 0.013875 -0.019133 0.008836
v 0.016016 -0.016349 0.008927
v 0.017757 -0.012771 0.008759
v 0.018679 -0.008959 0.008779
v 0.019730 -0.009654 0.002329
v 0.004873 -0.025643 0.003796
v 0.008210 -0.024468 0.003699
v 0.011423 -0.022577 0.003523
v 0.014353 -0.020014 0.003252
v 0.016695 -0.017093 0.002917
v 0.018534 -0.013553 0.002655
v 0.018047 -0.005060 0.015689
v 0.012711 -0.006567 0.062111
v 0.014804 -0.006176 0.054004
v 0.015983 -0.005770 0.044318
v 0.016898 -0.005315 0.032468
v 0.017469 -0.005091 0.023332
v 0.001404 -0.006911 0.069451
v 0.004679 -0.009935 0.070703
v 0.004679 -0.009948 0.069417
v 0.003716 -0.012272 0.069441
v 0.001404 -0.024303 0.031534
v 0.001404 -0.019883 0.063930
v 0.004429 -0.011195 0.070564
v 0.002650 -0.012975 0.070398
v 0.003716 -0.012262 0.070452
v 0.008382 -0.010504 0.068596
v 0.010731 -0.010749 0.065227
v 0.005946 -0.015359 0.068169
v 0.011440 -0.013854 0.061061
v 0.012353 -0.011006 0.061560
v 0.005832 -0.018582 0.064018
v 0.010241 -0.016347 0.060702
v 0.014124 -0.011483 0.054037
v 0.015380 -0.011860 0.043977
v 0.016134 -0.012070 0.032286
v 0.016585 -0.012196 0.023430
v 0.011392 -0.017409 0.053803
v 0.012326 -0.018144 0.043699
v 0.012900 -0.018499 0.031879
v 0.013245 -0.018553 0.023199
v 0.007361 -0.022375 0.043585
v 0.007751 -0.022800 0.031754
v 0.007873 -0.022807 0.023073
v 0.006947 -0.021365 0.053465
v 0.006415 -0.019930 0.060102
v 0.017426 -0.008437 0.023493
v 0.014684 -0.008678 0.054015
v 0.016035 -0.008568 0.044195
v 0.016935 -0.008382 0.032301
v 0.015126 -0.015527 0.023309
v 0.013088 -0.014463 0.054051
v 0.014183 -0.015002 0.043838
v 0.014847 -0.015285 0.032082
v 0.010637 -0.020858 0.023157
v 0.010009 -0.020364 0.043656
v 0.010473 -0.020773 0.031740
v 0.009296 -0.019457 0.053645
v 0.004652 -0.023901 0.023142
v 0.004556 -0.023839 0.031663
v 0.004442 -0.023439 0.043383
v 0.004267 -0.022424 0.053348
v 0.004677 -0.008504 0.070816
v 0.011007 -0.008616 0.065435
v 0.008669 -0.008551 0.068724
v 0.012703 -0.008598 0.061859
v 0.004680 -0.008465 0.069451
v 0.003871 -0.019488 0.063964
v 0.003295 -0.016376 0.068328
v 0.004088 -0.020974 0.059863
v 0.002650 -0.012985 0.069448
v 0.004429 -0.011206 0.069430
v 0.007892 -0.012264 0.068378
v 0.010010 -0.013245 0.064909
v 0.007511 -0.017170 0.064247
v 0.008387 -0.018255 0.060382
v 0.007214 -0.013929 0.068230
v 0.009027 -0.015325 0.064506
v 0.004707 -0.016043 0.068172
v 0.020920 -0.010464 -0.003259
v 0.019329 -0.014333 -0.002159
v 0.017463 -0.017832 -0.001155
v 0.014993 -0.021007 -0.000341
v 0.012087 -0.023769 0.000281
v 0.008820 -0.026070 0.000786
v 0.005264 -0.027702 0.001097
v 0.016571 -0.024163 -0.007348
v 0.013526 -0.027407 -0.005545
v 0.010143 -0.030294 -0.004185
v 0.006144 -0.032561 -0.003210
v 0.023892 -0.012859 -0.014089
v -0.011721 -0.030317 -0.014915
v -0.012578 -0.028699 -0.017397
v -0.008388 -0.034010 -0.011295
v -0.005778 -0.036071 -0.009914
v -0.020347 -0.017911 -0.019484
v -0.023240 -0.012446 -0.019484
v -0.005987 -0.006833 0.068771
v 0.014529 -0.030317 -0.014915
v 0.015386 -0.028699 -0.017397
v 0.013169 -0.031964 -0.013051
v 0.005403 -0.037637 -0.009121
v 0.025154 -0.014259 -0.019482
v 0.024530 -0.010683 -0.014520
v -0.001871 -0.006911 0.069451
v 0.001404 -0.009826 0.069459
v 0.004680 -0.006911 0.069451
v 0.015751 -0.027651 -0.019482
v -0.014409 -0.005207 0.027404
v -0.014442 -0.007486 0.026902
v -0.013747 -0.012184 0.024097
v -0.013353 -0.013162 0.023462
v -0.012363 -0.015597 0.021877
v -0.011243 -0.017559 0.018955
v -0.011021 -0.018094 0.016405
v -0.011600 -0.017640 0.014175
v -0.012782 -0.016374 0.011836
v -0.014107 -0.014234 0.009878
v -0.014890 -0.012731 0.009438
v -0.015460 -0.010568 0.009011
v -0.015815 -0.008881 0.009388
v -0.015876 -0.006962 0.009944
v -0.015878 -0.005361 0.010846
v -0.013910 -0.007181 0.010743
v -0.013854 -0.008917 0.010241
v -0.013533 -0.010444 0.009899
v -0.013017 -0.012400 0.010286
v -0.012309 -0.013760 0.010684
v -0.011111 -0.015696 0.012456
v -0.010040 -0.016841 0.014571
v -0.009517 -0.017252 0.016588
v -0.009718 -0.016768 0.018896
v -0.010732 -0.014993 0.021539
v -0.011627 -0.012790 0.022973
v -0.011983 -0.011905 0.023548
v -0.012612 -0.007655 0.026085
v 0.001404 -0.035603 -0.008521
v -0.001858 -0.034904 -0.008841
v -0.011018 -0.026270 -0.019541
v -0.008522 -0.030510 -0.012415
v 0.007314 -0.033698 -0.009515
v 0.009560 -0.032121 -0.010747
v -0.009795 -0.029110 -0.014320
v -0.010676 -0.027518 -0.017061
v -0.006752 -0.032121 -0.010747
v -0.004506 -0.033698 -0.009515
v 0.012603 -0.029110 -0.014320
v 0.013484 -0.027518 -0.017061
v 0.011330 -0.030510 -0.012415
v 0.004666 -0.034904 -0.008841
v 0.013772 -0.026270 -0.019541
v -0.009422 0.006592 0.008942
v -0.001119 0.010867 0.013156
v -0.003538 0.010208 0.012459
v -0.006687 0.008470 0.010758
v -0.007851 0.007699 0.010015
v -0.004888 0.009579 0.011837
v 0.006348 0.010208 0.012459
v 0.007696 0.009579 0.011837
v 0.009513 0.008460 0.010747
v 0.010659 0.007699 0.010015
v 0.012250 0.006579 0.008928
v 0.016207 0.002045 0.004303
v -0.020715 -0.009513 -0.011222
v -0.019606 -0.008359 -0.007107
v 0.023531 -0.009522 -0.011250
v 0.022415 -0.008361 -0.007112
v 0.001377 -0.026270 -0.019541
v -0.004888 0.009579 0.011837
v 0.001404 0.011151 0.013452
v -0.018770 -0.007489 -0.004007
v -0.022385 -0.010349 -0.019484
v 0.001404 -0.003423 -0.018981
v 0.001404 -0.000583 -0.013745
v -0.009780 -0.004505 -0.018792
v -0.000934 -0.014163 -0.037903
v 0.001404 -0.014154 -0.037965
v 0.001404 -0.008345 -0.028121
v -0.003022 -0.013857 -0.037230
v -0.002417 -0.022228 -0.044015
v -0.009400 -0.011315 -0.031697
v -0.017669 -0.016757 -0.034941
v -0.008309 -0.012286 -0.033715
v -0.006140 -0.021715 -0.043164
v -0.012758 -0.019751 -0.039907
v -0.009569 -0.020802 -0.041655
v -0.017004 -0.003479 -0.012678
v -0.018887 -0.005441 -0.012177
v -0.020063 -0.007272 -0.011682
v -0.012820 0.002302 -0.001720
v 0.001404 0.002148 -0.008643
v -0.014502 0.000009 -0.006131
v -0.016352 -0.002318 -0.004374
v -0.007692 0.001368 -0.007925
v 0.001404 -0.005630 -0.023061
v -0.001594 0.002041 -0.008587
v -0.002304 -0.003544 -0.018931
v -0.002475 -0.007510 -0.026326
v -0.002458 -0.005655 -0.022840
v 0.001404 -0.009972 -0.031044
v -0.000061 -0.009845 -0.030792
v -0.001286 -0.009449 -0.030021
v -0.006637 -0.012949 -0.035206
v -0.005010 -0.013555 -0.036496
v -0.002140 -0.008712 -0.028610
v -0.005888 0.007447 0.004518
v 0.001404 0.010235 0.009791
v -0.010567 0.005254 0.004522
v -0.011998 0.003798 0.006056
v -0.005057 0.008696 0.007935
v -0.009838 0.006152 0.006851
v -0.000697 0.006509 -0.000308
v -0.002477 0.006905 0.000852
v -0.003667 0.007522 0.002583
v -0.004085 0.008281 0.004614
v -0.003667 0.009049 0.006645
v -0.002506 0.009707 0.008380
v -0.000697 0.010141 0.009528
v 0.001404 0.004424 -0.004295
v -0.001120 0.004383 -0.004152
v -0.006690 0.003869 -0.003126
v -0.011612 0.003890 0.001503
v -0.013399 0.002045 0.004303
v -0.003539 0.010208 0.012459
v 0.001404 0.010634 0.011514
v -0.000937 0.010425 0.011160
v -0.003125 0.009790 0.010006
v -0.006168 0.006126 0.001395
v -0.001700 -0.016126 -0.040992
v -0.013328 -0.005218 -0.018834
v -0.012896 -0.012828 -0.033400
v -0.009033 -0.014760 -0.037718
v -0.004427 -0.015847 -0.040243
v -0.011174 -0.013843 -0.035671
v -0.006835 -0.015379 -0.039148
v -0.013755 -0.011299 -0.030209
v -0.011794 -0.002071 -0.013101
v -0.010223 0.000942 -0.007453
v -0.006705 0.008460 0.010747
v -0.007029 0.007712 0.007427
v -0.009001 0.003373 -0.002733
v -0.007632 0.006659 0.004366
v -0.008188 0.005309 0.001207
v -0.006032 -0.003909 -0.018831
v -0.004644 0.001778 -0.008330
v -0.003724 0.004277 -0.003665
v 0.001404 -0.012347 -0.035022
v -0.001788 -0.012119 -0.034512
v -0.004417 -0.011412 -0.033012
v -0.006292 -0.010063 -0.030318
v -0.000435 -0.012787 -0.035710
v -0.003698 -0.012279 -0.034600
v -0.006259 -0.011200 -0.032334
v 0.007696 0.009579 0.011837
v 0.023531 -0.009522 -0.011250
v 0.026048 -0.012446 -0.019484
v 0.025193 -0.010349 -0.019484
v 0.023841 -0.008696 -0.019484
v 0.012588 -0.004505 -0.018792
v 0.001404 0.006373 -0.000712
v 0.003742 -0.014163 -0.037903
v 0.005830 -0.013857 -0.037230
v 0.012208 -0.011315 -0.031697
v 0.022379 -0.014588 -0.031343
v 0.020477 -0.016757 -0.034941
v 0.018267 -0.018367 -0.037611
v 0.011117 -0.012286 -0.033715
v 0.008948 -0.021715 -0.043164
v 0.015566 -0.019751 -0.039907
v 0.013280 -0.008508 -0.026260
v 0.019812 -0.003479 -0.012678
v 0.021695 -0.005441 -0.012177
v 0.022871 -0.007272 -0.011682
v 0.015628 0.002302 -0.001720
v 0.013153 -0.010077 -0.029230
v 0.017310 0.000009 -0.006131
v 0.019160 -0.002318 -0.004374
v 0.011625 -0.001521 -0.013315
v 0.010500 0.001368 -0.007925
v 0.013126 -0.006669 -0.022785
v 0.004826 -0.000697 -0.013689
v 0.004402 0.002041 -0.008587
v 0.005112 -0.003544 -0.018931
v 0.005284 -0.007510 -0.026326
v 0.005266 -0.005655 -0.022840
v 0.002869 -0.009845 -0.030792
v 0.004094 -0.009449 -0.030021
v 0.009445 -0.012949 -0.035206
v 0.007818 -0.013555 -0.036496
v 0.004948 -0.008712 -0.028610
v 0.019819 -0.003452 -0.001194
v 0.008696 0.007447 0.004518
v 0.013375 0.005254 0.004522
v 0.014806 0.003798 0.006056
v 0.007865 0.008696 0.007935
v 0.012646 0.006152 0.006851
v 0.003505 0.006509 -0.000308
v 0.005286 0.006905 0.000852
v 0.006476 0.007522 0.002583
v 0.006893 0.008281 0.004614
v 0.006476 0.009049 0.006645
v 0.005315 0.009707 0.008380
v 0.003505 0.010141 0.009528
v 0.003928 0.004383 -0.004152
v 0.009498 0.003869 -0.003126
v 0.014421 0.003890 0.001503
v 0.016207 0.002045 0.004303
v 0.003745 0.010425 0.011160
v 0.005933 0.009790 0.010006
v 0.008976 0.006126 0.001395
v 0.004508 -0.016126 -0.040992
v 0.001404 -0.016208 -0.041299
v 0.016136 -0.005218 -0.018834
v 0.015704 -0.012828 -0.033400
v 0.017054 -0.009515 -0.026774
v 0.011842 -0.014760 -0.037718
v 0.007235 -0.015847 -0.040243
v 0.013982 -0.013843 -0.035671
v 0.009643 -0.015379 -0.039148
v 0.016563 -0.011299 -0.030209
v 0.016966 -0.007527 -0.023022
v 0.014602 -0.002071 -0.013101
v 0.013031 0.000942 -0.007453
v 0.009513 0.008460 0.010747
v 0.009837 0.007712 0.007427
v 0.011809 0.003373 -0.002733
v 0.010440 0.006659 0.004366
v 0.010996 0.005309 0.001207
v 0.008840 -0.003909 -0.018831
v 0.009531 -0.007787 -0.026017
v 0.008258 -0.001024 -0.013526
v 0.007452 0.001778 -0.008330
v 0.009200 -0.006006 -0.022714
v 0.006532 0.004277 -0.003665
v 0.004596 -0.012119 -0.034512
v 0.007225 -0.011412 -0.033012
v 0.009100 -0.010063 -0.030318
v 0.003244 -0.012787 -0.035710
v 0.006506 -0.012279 -0.034600
v 0.009067 -0.011200 -0.032334
v 0.010511 -0.009261 -0.028559
v 0.001404 0.009737 0.009025
v -0.003186 0.008102 0.004694
v -0.001840 0.006947 0.001551
v -0.002836 0.007466 0.002996
v -0.000352 0.006612 0.000584
v -0.001866 0.009294 0.007844
v -0.002837 0.008744 0.006393
v -0.000353 0.009657 0.008804
v 0.001404 0.006496 0.000246
v 0.005994 0.008102 0.004694
v 0.004649 0.006947 0.001551
v 0.005644 0.007466 0.002996
v 0.003160 0.006612 0.000584
v 0.004674 0.009294 0.007844
v 0.005645 0.008744 0.006393
v 0.003161 0.009657 0.008804
v -0.014800 0.000293 0.002550
v -0.020723 -0.009522 -0.011250
v -0.023240 -0.012446 -0.019484
v -0.021033 -0.008696 -0.019484
v 0.001404 -0.022402 -0.044301
v -0.019611 -0.007469 -0.019484
v -0.020585 -0.009828 -0.023431
v -0.019571 -0.014588 -0.031343
v -0.015459 -0.018367 -0.037611
v -0.020565 -0.012238 -0.027441
v -0.001119 0.010867 0.013156
v 0.017608 0.000293 0.002550
v 0.021578 -0.007489 -0.004007
v 0.005225 -0.022228 -0.044015
v 0.022419 -0.007469 -0.019484
v 0.023393 -0.009828 -0.023431
v 0.023373 -0.012238 -0.027441
v 0.012377 -0.020802 -0.041655
v 0.003927 0.010867 0.013156
v 0.006348 0.010208 0.012459
v -0.017011 -0.003452 -0.001194
v -0.014737 0.000357 0.002429
v 0.000307 0.005889 0.002627
v 0.001404 0.005817 0.002417
v 0.002501 0.005889 0.002627
v 0.003432 0.006097 0.003230
v 0.004057 0.006420 0.004133
v 0.004279 0.006818 0.005197
v 0.004060 0.007220 0.006262
v 0.003450 0.007564 0.007168
v 0.002503 0.007790 0.007767
v 0.001404 0.007840 0.007906
v 0.000305 0.007790 0.007767
v -0.000642 0.007564 0.007168
v -0.001252 0.007220 0.006262
v -0.001471 0.006818 0.005197
v -0.001249 0.006420 0.004133
v -0.000623 0.006097 0.003230
v -0.016284 -0.006065 -0.018925
v -0.017215 -0.010609 -0.027210
v -0.013130 -0.015638 -0.036822
v -0.016658 -0.012673 -0.030944
v -0.017184 -0.008478 -0.023260
v 0.001404 -0.018677 -0.042985
v 0.004856 -0.018558 -0.042677
v 0.010871 -0.017540 -0.040592
v 0.019092 -0.006065 -0.018925
v 0.020023 -0.010609 -0.027210
v 0.019992 -0.008478 -0.023260
v -0.002048 -0.018558 -0.042677
v -0.008063 -0.017540 -0.040592
v 0.017896 -0.014360 -0.034332
v 0.013495 -0.016737 -0.039005
v 0.008022 -0.018184 -0.041870
v 0.015939 -0.015638 -0.036822
v 0.019466 -0.012598 -0.030987
v -0.015088 -0.014360 -0.034332
v -0.010687 -0.016737 -0.039005
v -0.005214 -0.018184 -0.041870
v -0.014380 -0.002720 -0.012890
v -0.012424 0.000472 -0.006921
v -0.007851 0.007699 0.010015
v -0.008372 0.006979 0.007132
v -0.010938 0.002870 -0.002276
v -0.009044 0.005980 0.004345
v -0.009882 0.004624 0.001283
v 0.017188 -0.002720 -0.012890
v 0.015232 0.000472 -0.006921
v 0.010659 0.007699 0.010015
v 0.011180 0.006979 0.007132
v 0.013746 0.002870 -0.002276
v 0.011852 0.005980 0.004345
v 0.012691 0.004624 0.001283
v -0.018373 -0.005156 -0.005874
v -0.019606 -0.008359 -0.007107
v 0.021142 -0.005087 -0.005861
v 0.022415 -0.008361 -0.007112
v -0.010042 -0.011356 -0.027832
v -0.008513 -0.011128 -0.027673
v -0.007295 -0.010660 -0.027000
v -0.006448 -0.009966 -0.025828
v -0.006181 -0.009281 -0.024617
v -0.006468 -0.008552 -0.023265
v -0.007328 -0.007979 -0.022143
v -0.008538 -0.007663 -0.021361
v -0.010035 -0.007625 -0.021039
v -0.011503 -0.007892 -0.021220
v -0.012751 -0.008419 -0.021930
v -0.013606 -0.009149 -0.023048
v -0.013899 -0.009873 -0.024277
v -0.013622 -0.010536 -0.025580
v -0.012792 -0.011044 -0.026709
v -0.011560 -0.011351 -0.027519
v -0.001364 0.000364 -0.011718
v -0.006024 -0.004332 -0.015624
v -0.004560 -0.004102 -0.015427
v -0.003386 -0.003650 -0.014777
v -0.002557 -0.003046 -0.013733
v -0.002288 -0.002378 -0.012529
v -0.002581 -0.001637 -0.011170
v -0.003382 -0.001105 -0.010089
v -0.004566 -0.000820 -0.009350
v -0.006022 -0.000844 -0.008998
v -0.007474 -0.001179 -0.009171
v -0.008659 -0.001727 -0.009774
v -0.009473 -0.002392 -0.010773
v -0.009790 -0.003061 -0.012027
v -0.009525 -0.003679 -0.013343
v -0.008741 -0.004098 -0.014451
v -0.007487 -0.004356 -0.015286
v -0.010057 -0.010409 -0.029841
v -0.012069 -0.010531 -0.029365
v -0.013673 -0.010239 -0.028242
v -0.014802 -0.009656 -0.026670
v -0.015161 -0.008830 -0.024911
v -0.014785 -0.007855 -0.023252
v -0.013635 -0.006831 -0.021798
v -0.012001 -0.006056 -0.020905
v -0.010023 -0.005583 -0.020725
v -0.008030 -0.005520 -0.021220
v -0.006443 -0.005835 -0.022310
v -0.005279 -0.006526 -0.023853
v -0.004900 -0.007453 -0.025679
v -0.005256 -0.008358 -0.027297
v -0.006396 -0.009308 -0.028837
v -0.008060 -0.010001 -0.029683
v -0.004093 -0.002948 -0.017375
v -0.006028 -0.003303 -0.017615
v -0.007960 -0.003381 -0.017135
v -0.009564 -0.003096 -0.016034
v -0.010617 -0.002575 -0.014543
v -0.010983 -0.001776 -0.012776
v -0.010553 -0.000901 -0.011137
v -0.009477 0.000011 -0.009773
v -0.007908 0.000757 -0.009001
v -0.005990 0.001229 -0.008820
v -0.004135 0.001311 -0.009289
v -0.002542 0.000988 -0.010294
v -0.001089 -0.000617 -0.013547
v -0.002566 -0.002326 -0.016543
v -0.001461 -0.001512 -0.015172
v -0.001474 0.000294 -0.011765
v 0.012250 0.006579 0.008928
v -0.009442 0.006579 0.008928
v 0.018739 -0.006540 -0.020234
v 0.017749 -0.004979 -0.021369
v 0.018251 -0.005841 -0.022798
v 0.019289 -0.007459 -0.021749
v 0.016629 -0.004803 -0.017707
v 0.015841 -0.003444 -0.018961
v 0.016931 -0.004172 -0.020073
v 0.017839 -0.005657 -0.018858
v 0.013457 -0.003370 -0.016292
v 0.013020 -0.002316 -0.017470
v 0.014523 -0.002815 -0.018084
v 0.015146 -0.004014 -0.016859
v 0.009758 -0.002556 -0.016072
v 0.009675 -0.001798 -0.017116
v 0.011375 -0.001969 -0.017150
v 0.011621 -0.002872 -0.016028
v 0.006301 -0.002585 -0.017054
v 0.006414 -0.001981 -0.017896
v 0.008008 -0.001811 -0.017368
v 0.007978 -0.002479 -0.016419
v 0.003370 -0.003438 -0.018951
v 0.003630 -0.002840 -0.019626
v 0.004933 -0.002324 -0.018665
v 0.004742 -0.002905 -0.017917
v 0.001432 -0.004756 -0.021537
v 0.001774 -0.004119 -0.022086
v 0.002565 -0.003437 -0.020787
v 0.002252 -0.004054 -0.020177
v 0.000753 -0.006364 -0.024499
v 0.001125 -0.005660 -0.024906
v 0.001290 -0.004869 -0.023476
v 0.000921 -0.005539 -0.022999
v 0.001428 -0.007946 -0.027469
v 0.001774 -0.007197 -0.027730
v 0.001290 -0.006454 -0.026336
v 0.000924 -0.007186 -0.026001
v 0.002565 -0.007909 -0.029012
v 0.002253 -0.008680 -0.028815
v 0.003372 -0.009379 -0.029989
v 0.003630 -0.008568 -0.030137
v 0.004935 -0.009160 -0.031051
v 0.004750 -0.010013 -0.030940
v 0.006298 -0.010530 -0.031656
v 0.006414 -0.009646 -0.031733
v 0.008003 -0.009975 -0.032164
v 0.007935 -0.010898 -0.032101
v 0.009664 -0.011161 -0.032228
v 0.009663 -0.010181 -0.032302
v 0.011358 -0.010254 -0.032129
v 0.011496 -0.011308 -0.032018
v 0.013316 -0.011283 -0.031504
v 0.013001 -0.010153 -0.031671
v 0.014504 -0.009900 -0.030917
v 0.015010 -0.011142 -0.030655
v 0.016512 -0.010868 -0.029523
v 0.015825 -0.009509 -0.029905
v 0.016920 -0.008992 -0.028676
v 0.017753 -0.010471 -0.028144
v 0.018687 -0.009893 -0.026628
v 0.017743 -0.008329 -0.027303
v 0.018422 -0.006716 -0.024301
v 0.018248 -0.007560 -0.025823
v 0.019267 -0.009184 -0.025000
v 0.019471 -0.008359 -0.023348
v 0.015714 -0.005998 -0.023277
v 0.015837 -0.006620 -0.024353
v 0.015353 -0.005391 -0.022247
v 0.014763 -0.004821 -0.021305
v 0.013973 -0.004311 -0.020484
v 0.013007 -0.003881 -0.019818
v 0.011906 -0.003546 -0.019329
v 0.010710 -0.003321 -0.019041
v 0.009466 -0.003211 -0.018960
v 0.008222 -0.003223 -0.019095
v 0.007025 -0.003354 -0.019436
v 0.005922 -0.003601 -0.019974
v 0.004955 -0.003951 -0.020686
v 0.004162 -0.004394 -0.021546
v 0.003572 -0.004910 -0.022520
v 0.003210 -0.005482 -0.023571
v 0.003086 -0.006086 -0.024659
v 0.003210 -0.006701 -0.025740
v 0.003572 -0.007301 -0.026776
v 0.004162 -0.007866 -0.027722
v 0.004955 -0.008374 -0.028545
v 0.005923 -0.008806 -0.029210
v 0.007025 -0.009148 -0.029694
v 0.008222 -0.009381 -0.029977
v 0.009465 -0.009498 -0.030052
v 0.010709 -0.009492 -0.029912
v 0.011905 -0.009367 -0.029566
v 0.013006 -0.009121 -0.029026
v 0.013972 -0.008773 -0.028313
v 0.014763 -0.008330 -0.027452
v 0.015353 -0.007809 -0.026481
v 0.015714 -0.007232 -0.025434
v 0.016503 -0.004707 -0.023839
v 0.016263 -0.004769 -0.023859
v 0.016096 -0.004022 -0.022679
v 0.015869 -0.004107 -0.022739
v 0.015431 -0.003380 -0.021618
v 0.015228 -0.003487 -0.021714
v 0.014540 -0.002804 -0.020693
v 0.014367 -0.002931 -0.020820
v 0.013451 -0.002320 -0.019942
v 0.013315 -0.002463 -0.020096
v 0.012210 -0.001943 -0.019392
v 0.012117 -0.002099 -0.019565
v 0.010863 -0.001690 -0.019068
v 0.010816 -0.001855 -0.019251
v 0.009462 -0.001567 -0.018978
v 0.009463 -0.001736 -0.019164
v 0.008062 -0.001582 -0.019130
v 0.008110 -0.001750 -0.019311
v 0.006714 -0.001729 -0.019515
v 0.006808 -0.001893 -0.019682
v 0.005473 -0.002005 -0.020124
v 0.005610 -0.002160 -0.020269
v 0.004384 -0.002404 -0.020923
v 0.004558 -0.002544 -0.021042
v 0.003492 -0.002903 -0.021892
v 0.003696 -0.003025 -0.021979
v 0.002827 -0.003484 -0.022989
v 0.003054 -0.003587 -0.023038
v 0.002420 -0.004128 -0.024173
v 0.002661 -0.004208 -0.024182
v 0.002281 -0.004808 -0.025398
v 0.002526 -0.004865 -0.025365
v 0.002420 -0.005498 -0.026617
v 0.002661 -0.005533 -0.026541
v 0.002827 -0.006162 -0.027790
v 0.003054 -0.006179 -0.027671
v 0.003492 -0.006790 -0.028860
v 0.003696 -0.006789 -0.028703
v 0.004384 -0.007352 -0.029793
v 0.004558 -0.007336 -0.029602
v 0.005473 -0.007836 -0.030543
v 0.005610 -0.007804 -0.030326
v 0.006714 -0.008227 -0.031085
v 0.006808 -0.008180 -0.030851
v 0.008061 -0.008498 -0.031399
v 0.008110 -0.008441 -0.031154
v 0.009462 -0.008638 -0.031479
v 0.009463 -0.008573 -0.031233
v 0.010863 -0.008641 -0.031316
v 0.010816 -0.008570 -0.031079
v 0.012210 -0.008504 -0.030925
v 0.012117 -0.008435 -0.030703
v 0.013451 -0.008223 -0.030319
v 0.013315 -0.008166 -0.030117
v 0.014539 -0.007833 -0.029515
v 0.014367 -0.007788 -0.029340
v 0.015431 -0.007336 -0.028544
v 0.015228 -0.007307 -0.028403
v 0.016096 -0.006750 -0.027450
v 0.015869 -0.006741 -0.027347
v 0.016503 -0.006098 -0.026271
v 0.016263 -0.006112 -0.026208
v 0.016397 -0.005446 -0.025030
v 0.016642 -0.005409 -0.025052
v 0.018920 -0.006567 -0.020130
v 0.019481 -0.007506 -0.021677
v 0.019666 -0.008425 -0.023310
v 0.016765 -0.004795 -0.017550
v 0.018000 -0.005666 -0.018725
v 0.013529 -0.003333 -0.016107
v 0.015253 -0.003989 -0.016686
v 0.009754 -0.002504 -0.015885
v 0.011656 -0.002827 -0.015838
v 0.006226 -0.002536 -0.016889
v 0.007937 -0.002427 -0.016239
v 0.003235 -0.003406 -0.018825
v 0.004635 -0.002862 -0.017770
v 0.001257 -0.004750 -0.021464
v 0.002094 -0.004034 -0.020077
v 0.000564 -0.006390 -0.024485
v 0.000736 -0.005549 -0.022955
v 0.001254 -0.008006 -0.027511
v 0.000739 -0.007229 -0.026015
v 0.003237 -0.009470 -0.030081
v 0.002096 -0.008758 -0.028883
v 0.006223 -0.010644 -0.031784
v 0.004643 -0.010115 -0.031053
v 0.009658 -0.011295 -0.032367
v 0.007894 -0.011024 -0.032236
v 0.013385 -0.011421 -0.031629
v 0.011528 -0.011445 -0.032154
v 0.016647 -0.010996 -0.029610
v 0.015114 -0.011277 -0.030764
v 0.018866 -0.009996 -0.026658
v 0.017913 -0.010588 -0.028205
v 0.019458 -0.009268 -0.024997
v -0.014959 -0.024695 -0.026081
v -0.013526 -0.024986 -0.029912
v -0.023454 -0.017658 -0.033200
v -0.013315 -0.023635 -0.039074
v -0.007235 -0.026971 -0.036274
v -0.010941 -0.025880 -0.033701
v -0.002931 -0.027774 -0.037928
v -0.008132 -0.025353 -0.040230
v -0.016047 -0.022737 -0.031846
v -0.017395 -0.022002 -0.027407
v -0.020504 -0.019379 -0.028245
v -0.020050 -0.020143 -0.032761
v -0.022960 -0.018298 -0.039253
v -0.023428 -0.016804 -0.028762
v -0.018805 -0.020915 -0.039241
v -0.003298 -0.026326 -0.040934
v -0.015536 -0.025052 -0.022724
v -0.017903 -0.021665 -0.023525
v -0.020539 -0.018660 -0.024031
v -0.023082 -0.015715 -0.024410
v -0.007453 0.058552 -0.038614
v -0.015823 0.055719 -0.038598
v -0.023353 0.051143 -0.038581
v -0.029694 0.045028 -0.038559
v -0.034536 0.037650 -0.038532
v -0.037635 0.029337 -0.038490
v -0.038820 0.020460 -0.038408
v -0.038031 0.011420 -0.038275
v -0.035241 0.002658 -0.038133
v -0.030504 -0.005323 -0.038031
v -0.024185 -0.012183 -0.037969
v -0.016573 -0.017435 -0.037927
v -0.007846 -0.020532 -0.037898
v -0.008369 0.065225 -0.028317
v -0.017975 0.061780 -0.028259
v -0.026231 0.056551 -0.028183
v -0.032994 0.049799 -0.028092
v -0.038698 0.041040 -0.027951
v -0.041748 0.031998 -0.027750
v -0.042759 0.022298 -0.027785
v -0.041836 0.012650 -0.027741
v -0.038500 0.003089 -0.027997
v -0.032845 -0.006051 -0.028468
v -0.003120 0.060439 -0.032665
v -0.011838 0.058477 -0.032638
v -0.019895 0.054646 -0.032610
v -0.026884 0.049125 -0.032575
v -0.032456 0.042184 -0.032528
v -0.036328 0.034166 -0.032464
v -0.038302 0.025458 -0.032354
v -0.038310 0.016475 -0.032164
v -0.036368 0.007637 -0.031919
v -0.032483 -0.000582 -0.031700
v -0.026924 -0.007840 -0.031550
v -0.020095 -0.013822 -0.031452
v -0.003611 0.065955 -0.032700
v -0.013509 0.063638 -0.032616
v -0.022666 0.059180 -0.032479
v -0.030364 0.053039 -0.032317
v -0.036772 0.045083 -0.032148
v -0.041277 0.035987 -0.031955
v -0.043384 0.026403 -0.031894
v -0.043473 0.016426 -0.031935
v -0.041324 0.006569 -0.032092
v -0.034346 0.000011 -0.023890
v -0.029972 -0.011595 -0.033100
v -0.003297 0.065086 -0.023958
v -0.003585 0.064010 -0.039061
v -0.012588 0.062947 -0.023933
v -0.013265 0.061816 -0.038967
v -0.021185 0.058830 -0.023901
v -0.022221 0.057551 -0.038814
v -0.028394 0.053168 -0.023865
v -0.029995 0.051456 -0.038635
v -0.034428 0.045781 -0.023810
v -0.036281 0.043770 -0.038469
v -0.038715 0.037108 -0.023693
v -0.040721 0.034898 -0.038350
v -0.040696 0.027829 -0.023645
v -0.043041 0.025278 -0.038313
v -0.040768 0.018460 -0.023621
v -0.043180 0.015310 -0.038350
v -0.038728 0.009230 -0.023641
v -0.041084 0.005460 -0.038476
v -0.036749 -0.003752 -0.038738
v -0.027987 -0.009312 -0.024242
v -0.030202 -0.012078 -0.039120
v -0.036805 -0.002775 -0.032509
v -0.003056 0.060766 -0.026526
v -0.007534 0.059700 -0.032652
v -0.003076 0.059271 -0.038622
v -0.011654 0.058800 -0.026500
v -0.015976 0.056786 -0.032624
v -0.011718 0.057363 -0.038606
v -0.019588 0.054957 -0.026481
v -0.023546 0.052083 -0.032594
v -0.019716 0.053637 -0.038590
v -0.026432 0.049429 -0.026462
v -0.029867 0.045813 -0.032553
v -0.026692 0.048262 -0.038570
v -0.031826 0.042506 -0.026434
v -0.034619 0.038287 -0.032499
v -0.032319 0.041477 -0.038547
v -0.035487 0.034562 -0.026386
v -0.037561 0.029873 -0.032417
v -0.036316 0.033588 -0.038514
v -0.037238 0.026012 -0.026281
v -0.038551 0.020974 -0.032271
v -0.038471 0.024944 -0.038455
v -0.037054 0.017291 -0.026071
v -0.037582 0.012012 -0.032044
v -0.038674 0.015934 -0.038346
v -0.035004 0.008810 -0.025787
v -0.034669 0.003416 -0.031801
v -0.036886 0.006972 -0.038202
v -0.031113 0.001016 -0.025535
v -0.029879 -0.004340 -0.031617
v -0.033096 -0.001452 -0.038076
v -0.025693 -0.005835 -0.025370
v -0.023651 -0.011021 -0.031497
v -0.027522 -0.008921 -0.037996
v -0.019174 -0.011508 -0.025270
v -0.016238 -0.016145 -0.031417
v -0.020533 -0.015049 -0.037946
v -0.012312 -0.019256 -0.037911
v -0.003273 -0.021281 -0.037890
v -0.007409 0.060026 -0.026512
v -0.015733 0.057104 -0.026490
v -0.023171 0.052389 -0.026472
v -0.029331 0.046120 -0.026449
v -0.033887 0.038636 -0.026413
v -0.036609 0.030336 -0.026344
v -0.037383 0.021646 -0.026191
v -0.036258 0.012997 -0.025932
v -0.033289 0.004796 -0.025650
v -0.028555 -0.002528 -0.025442
v -0.022556 -0.008847 -0.025314
v -0.008481 0.063185 -0.039023
v -0.017867 0.059929 -0.038896
v -0.026279 0.054716 -0.038725
v -0.033340 0.047798 -0.038548
v -0.038761 0.039446 -0.038401
v -0.042150 0.030163 -0.038319
v -0.043386 0.020306 -0.038326
v -0.042416 0.010343 -0.038396
v -0.039193 0.000737 -0.038590
v -0.033752 -0.008020 -0.038915
v -0.008575 0.065098 -0.032666
v -0.007952 0.064296 -0.023947
v -0.018258 0.061643 -0.032553
v -0.017049 0.061102 -0.023917
v -0.026710 0.056297 -0.032400
v -0.024973 0.056170 -0.023883
v -0.033695 0.049329 -0.032233
v -0.031521 0.049735 -0.023842
v -0.039374 0.040553 -0.032057
v -0.036898 0.041506 -0.023763
v -0.042582 0.031299 -0.031887
v -0.039955 0.032558 -0.023640
v -0.043682 0.021409 -0.031928
v -0.040959 0.023077 -0.023656
v -0.042705 0.011473 -0.031971
v -0.040049 0.013878 -0.023597
v -0.039351 0.001794 -0.032277
v -0.036821 0.004584 -0.023742
v -0.033681 -0.007212 -0.032785
v -0.031376 -0.004588 -0.024063
v -0.003495 0.066068 -0.028336
v -0.013263 0.063766 -0.028291
v -0.022302 0.059357 -0.028223
v -0.029753 0.053413 -0.028140
v -0.036080 0.045563 -0.028032
v -0.040536 0.036566 -0.027835
v -0.042487 0.027193 -0.027759
v -0.042570 0.017461 -0.027752
v -0.040471 0.007833 -0.027831
v -0.029211 -0.010659 -0.028760
v -0.003240 0.059590 -0.045817
v -0.035950 -0.001503 -0.028212
v 0.017713 -0.024695 -0.026081
v 0.001377 -0.028054 -0.038511
v 0.016281 -0.024986 -0.029912
v 0.026196 -0.017672 -0.033201
v 0.021559 -0.020915 -0.039241
v 0.009989 -0.026971 -0.036274
v 0.013695 -0.025880 -0.033701
v 0.005685 -0.027774 -0.037928
v 0.018801 -0.022737 -0.031846
v 0.020149 -0.022002 -0.027407
v 0.023255 -0.019382 -0.028245
v 0.022803 -0.020145 -0.032761
v 0.006052 -0.026326 -0.040934
v 0.026155 -0.016837 -0.028764
v 0.016069 -0.023635 -0.039074
v 0.010886 -0.025353 -0.040230
v 0.025713 -0.018299 -0.039253
v 0.001377 -0.026642 -0.041179
v 0.018291 -0.025052 -0.022724
v 0.020658 -0.021665 -0.023525
v 0.023289 -0.018665 -0.024031
v 0.025797 -0.015768 -0.024412
v 0.010163 0.060026 -0.026512
v 0.001377 0.059512 -0.038626
v 0.018487 0.057104 -0.026490
v 0.025925 0.052389 -0.026472
v 0.032085 0.046120 -0.026449
v 0.036641 0.038636 -0.026413
v 0.039363 0.030336 -0.026344
v 0.040137 0.021646 -0.026191
v 0.039012 0.012997 -0.025932
v 0.036043 0.004796 -0.025650
v 0.031309 -0.002528 -0.025442
v 0.025311 -0.008847 -0.025314
v 0.011235 0.063185 -0.039023
v 0.011123 0.065225 -0.028317
v 0.001377 0.066336 -0.028344
v 0.020621 0.059929 -0.038896
v 0.020729 0.061780 -0.028259
v 0.029033 0.054716 -0.038725
v 0.028986 0.056551 -0.028183
v 0.036094 0.047798 -0.038548
v 0.035748 0.049799 -0.028092
v 0.041515 0.039446 -0.038401
v 0.041452 0.041040 -0.027951
v 0.044905 0.030163 -0.038319
v 0.044502 0.031998 -0.027750
v 0.046141 0.020306 -0.038326
v 0.045513 0.022298 -0.027785
v 0.045170 0.010343 -0.038396
v 0.044590 0.012650 -0.027741
v 0.041947 0.000737 -0.038590
v 0.041254 0.003089 -0.027997
v 0.036506 -0.008020 -0.038915
v 0.035599 -0.006051 -0.028468
v 0.001377 0.059840 -0.045821
v 0.005874 0.060439 -0.032665
v 0.014592 0.058477 -0.032638
v 0.022649 0.054646 -0.032610
v 0.029638 0.049125 -0.032575
v 0.035210 0.042184 -0.032528
v 0.039082 0.034166 -0.032464
v 0.041056 0.025458 -0.032354
v 0.041064 0.016475 -0.032164
v 0.039122 0.007637 -0.031919
v 0.035237 -0.000582 -0.031700
v 0.029678 -0.007840 -0.031550
v 0.022849 -0.013822 -0.031452
v 0.005831 0.059271 -0.038622
v 0.014472 0.057363 -0.038606
v 0.022470 0.053637 -0.038590
v 0.029447 0.048262 -0.038570
v 0.035073 0.041477 -0.038547
v 0.039070 0.033588 -0.038514
v 0.041225 0.024944 -0.038455
v 0.041429 0.015934 -0.038346
v 0.039641 0.006972 -0.038202
v 0.035850 -0.001452 -0.038076
v 0.030276 -0.008921 -0.037996
v 0.023288 -0.015049 -0.037946
v 0.015066 -0.019256 -0.037911
v 0.006027 -0.021281 -0.037890
v 0.005810 0.060766 -0.026526
v 0.014408 0.058800 -0.026500
v 0.022343 0.054957 -0.026481
v 0.029186 0.049429 -0.026462
v 0.034580 0.042506 -0.026434
v 0.038241 0.034562 -0.026386
v 0.039992 0.026012 -0.026281
v 0.039808 0.017291 -0.026071
v 0.037758 0.008810 -0.025787
v 0.033867 0.001016 -0.025535
v 0.028447 -0.005835 -0.025370
v 0.021929 -0.011508 -0.025270
v 0.006365 0.065955 -0.032700
v 0.016263 0.063638 -0.032616
v 0.025420 0.059180 -0.032479
v 0.033118 0.053039 -0.032317
v 0.039526 0.045083 -0.032148
v 0.044032 0.035987 -0.031955
v 0.046138 0.026403 -0.031894
v 0.046227 0.016426 -0.031935
v 0.044078 0.006569 -0.032092
v 0.037100 0.000011 -0.023890
v 0.032726 -0.011595 -0.033100
v 0.006051 0.065086 -0.023958
v 0.015342 0.062947 -0.023933
v 0.023939 0.058830 -0.023901
v 0.031148 0.053168 -0.023865
v 0.037182 0.045781 -0.023810
v 0.041469 0.037108 -0.023693
v 0.043450 0.027829 -0.023645
v 0.043522 0.018460 -0.023621
v 0.041481 0.009230 -0.023641
v 0.030741 -0.009312 -0.024242
v 0.018467 -0.025549 -0.019483
v 0.021049 -0.008426 -0.019392
v 0.039559 -0.002775 -0.032509
v 0.010288 0.059700 -0.032652
v 0.001377 0.060686 -0.032671
v 0.018731 0.056786 -0.032624
v 0.026300 0.052083 -0.032594
v 0.032621 0.045813 -0.032553
v 0.037374 0.038287 -0.032499
v 0.040315 0.029873 -0.032417
v 0.041305 0.020974 -0.032271
v 0.040336 0.012012 -0.032044
v 0.037423 0.003416 -0.031801
v 0.032633 -0.004340 -0.031617
v 0.026405 -0.011021 -0.031497
v 0.018992 -0.016145 -0.031417
v 0.010207 0.058552 -0.038614
v 0.018577 0.055719 -0.038598
v 0.026108 0.051143 -0.038581
v 0.032448 0.045028 -0.038559
v 0.037290 0.037650 -0.038532
v 0.040389 0.029337 -0.038490
v 0.041574 0.020460 -0.038408
v 0.040785 0.011420 -0.038275
v 0.037995 0.002658 -0.038133
v 0.033258 -0.005323 -0.038031
v 0.026940 -0.012183 -0.037969
v 0.019327 -0.017435 -0.037927
v 0.010601 -0.020532 -0.037898
v 0.001377 -0.021524 -0.037888
v 0.001377 0.061014 -0.026533
v 0.001377 0.064286 -0.039076
v 0.011329 0.065098 -0.032666
v 0.010707 0.064296 -0.023947
v 0.001377 0.066233 -0.032713
v 0.001377 0.065340 -0.023963
v 0.021012 0.061643 -0.032553
v 0.019803 0.061102 -0.023917
v 0.029464 0.056297 -0.032400
v 0.027727 0.056170 -0.023883
v 0.036449 0.049329 -0.032233
v 0.034276 0.049735 -0.023842
v 0.042128 0.040553 -0.032057
v 0.039652 0.041506 -0.023763
v 0.045336 0.031299 -0.031887
v 0.042709 0.032558 -0.023641
v 0.046436 0.021409 -0.031928
v 0.043713 0.023077 -0.023656
v 0.045459 0.011473 -0.031971
v 0.042803 0.013878 -0.023597
v 0.042105 0.001794 -0.032277
v 0.039575 0.004584 -0.023742
v 0.036435 -0.007212 -0.032785
v 0.034130 -0.004588 -0.024063
v 0.006249 0.066068 -0.028336
v 0.006339 0.064010 -0.039061
v 0.016017 0.063766 -0.028291
v 0.016019 0.061816 -0.038967
v 0.025056 0.059357 -0.028223
v 0.024975 0.057551 -0.038814
v 0.032508 0.053413 -0.028140
v 0.032750 0.051456 -0.038635
v 0.038834 0.045563 -0.028032
v 0.039035 0.043770 -0.038469
v 0.043290 0.036566 -0.027835
v 0.043475 0.034898 -0.038350
v 0.045241 0.027193 -0.027759
v 0.045795 0.025278 -0.038313
v 0.045324 0.017461 -0.027752
v 0.045935 0.015310 -0.038350
v 0.043224 0.007833 -0.027831
v 0.043839 0.005460 -0.038476
v 0.039503 -0.003752 -0.038738
v 0.031965 -0.010659 -0.028760
v 0.032956 -0.012078 -0.039120
v 0.014979 0.057617 -0.045803
v 0.023294 0.053767 -0.045790
v 0.030551 0.048215 -0.045781
v 0.036412 0.041209 -0.045774
v 0.040587 0.033058 -0.045771
v 0.042855 0.024124 -0.045756
v 0.043093 0.014802 -0.045706
v 0.041255 0.005521 -0.045634
v 0.037324 -0.003212 -0.045586
v 0.031523 -0.010955 -0.045584
v 0.024227 -0.017301 -0.045602
v 0.015645 -0.021663 -0.045616
v 0.006214 -0.023772 -0.045617
v 0.038704 -0.001503 -0.028212
v -0.007791 0.058847 -0.045809
v -0.016492 0.055918 -0.045796
v -0.024323 0.051191 -0.045785
v -0.030922 0.044876 -0.045777
v -0.035972 0.037255 -0.045772
v -0.039217 0.028665 -0.045767
v -0.040477 0.019486 -0.045736
v -0.039682 0.010129 -0.045670
v -0.036797 0.001050 -0.045604
v -0.031876 -0.007226 -0.045580
v -0.025288 -0.014334 -0.045592
v -0.017337 -0.019772 -0.045611
v -0.008232 -0.022991 -0.045618
v -0.012225 0.057617 -0.045803
v -0.020540 0.053767 -0.045790
v -0.027797 0.048215 -0.045781
v -0.033658 0.041209 -0.045774
v -0.037833 0.033058 -0.045771
v -0.040101 0.024124 -0.045756
v -0.040339 0.014802 -0.045706
v -0.038501 0.005521 -0.045634
v -0.034570 -0.003212 -0.045586
v -0.028769 -0.010955 -0.045584
v -0.021473 -0.017301 -0.045602
v -0.012891 -0.021663 -0.045616
v -0.003460 -0.023772 -0.045617
v 0.010545 0.058847 -0.045809
v 0.019246 0.055918 -0.045796
v 0.027077 0.051191 -0.045785
v 0.033676 0.044876 -0.045777
v 0.038726 0.037255 -0.045772
v 0.041971 0.028665 -0.045767
v 0.043231 0.019486 -0.045736
v 0.042436 0.010129 -0.045670
v 0.039551 0.001050 -0.045604
v 0.034630 -0.007226 -0.045580
v 0.028042 -0.014334 -0.045592
v 0.020091 -0.019772 -0.045611
v 0.010986 -0.022991 -0.045618
v 0.001377 -0.024026 -0.045609
v 0.005994 0.059590 -0.045817
v -0.012139 -0.026346 -0.025320
v -0.015713 -0.025549 -0.019483
v -0.005706 -0.027635 -0.033686
v -0.008594 -0.026867 -0.031310
v -0.010805 -0.026376 -0.028389
v -0.012762 -0.026785 -0.022262
v -0.001982 -0.028373 -0.035357
v -0.018029 -0.021731 -0.019484
v -0.020347 -0.017911 -0.019484
v -0.022399 -0.014259 -0.019482
v -0.010355 -0.025112 -0.024201
v -0.011018 -0.026270 -0.019541
v -0.004834 -0.026022 -0.031884
v -0.007331 -0.025374 -0.029735
v -0.009232 -0.025017 -0.027044
v -0.010736 -0.025531 -0.022035
v -0.001602 -0.026669 -0.033403
v -0.007358 0.056893 -0.044491
v -0.015650 0.054094 -0.044496
v -0.023114 0.049576 -0.044513
v -0.029406 0.043539 -0.044540
v -0.034223 0.036255 -0.044576
v -0.037319 0.028045 -0.044610
v -0.038524 0.019272 -0.044617
v -0.037769 0.010332 -0.044586
v -0.035021 0.001661 -0.044548
v -0.030330 -0.006243 -0.044545
v -0.024049 -0.013029 -0.044568
v -0.016469 -0.018219 -0.044592
v -0.007787 -0.021291 -0.044603
v -0.007070 0.060015 -0.020270
v -0.015073 0.057212 -0.020263
v -0.022220 0.052689 -0.020270
v -0.028135 0.046676 -0.020280
v -0.032505 0.039502 -0.020282
v -0.035114 0.031538 -0.020254
v -0.035841 0.023214 -0.020144
v -0.034742 0.014961 -0.019929
v -0.031873 0.007127 -0.019688
v -0.027295 0.000126 -0.019520
v -0.021525 -0.005896 -0.019424
v -0.008064 0.060019 -0.045325
v -0.017027 0.057013 -0.045295
v -0.025096 0.052160 -0.045257
v -0.031899 0.045673 -0.045217
v -0.037106 0.037841 -0.045178
v -0.040452 0.029008 -0.045139
v -0.041753 0.019566 -0.045078
v -0.040934 0.009938 -0.044984
v -0.037960 0.000595 -0.044898
v -0.032887 -0.007924 -0.044861
v -0.026091 -0.015247 -0.044866
v -0.017911 -0.020840 -0.044881
v -0.008519 -0.024167 -0.044889
v -0.011678 0.061585 -0.019537
v -0.019661 0.057884 -0.019525
v -0.026621 0.052555 -0.019519
v -0.032246 0.045819 -0.019515
v -0.036290 0.037595 -0.019520
v -0.038383 0.028371 -0.019523
v -0.038437 0.019442 -0.019494
v -0.036462 0.010710 -0.019460
v -0.026493 -0.007684 -0.019609
v -0.032300 0.001701 -0.019534
v -0.003053 0.063481 -0.019551
v -0.015776 0.059951 -0.019531
v -0.023290 0.055411 -0.019521
v -0.029618 0.049348 -0.019517
v -0.034478 0.041918 -0.019515
v -0.037613 0.033022 -0.019525
v -0.038643 0.023794 -0.019513
v -0.037724 0.015139 -0.019474
v -0.034653 0.006212 -0.019473
v -0.007419 0.062768 -0.019544
v -0.029535 -0.002905 -0.019595
v -0.003023 0.057603 -0.044494
v -0.011583 0.055718 -0.044492
v -0.019507 0.052039 -0.044503
v -0.026426 0.046732 -0.044526
v -0.032015 0.040034 -0.044557
v -0.035998 0.032244 -0.044594
v -0.038164 0.023705 -0.044619
v -0.038394 0.014797 -0.044605
v -0.036644 0.005931 -0.044565
v -0.032899 -0.002409 -0.044542
v -0.027368 -0.009802 -0.044555
v -0.020412 -0.015861 -0.044581
v -0.012229 -0.020024 -0.044599
v -0.003236 -0.022036 -0.044603
v -0.002885 0.060724 -0.020281
v -0.011151 0.058838 -0.020265
v -0.018778 0.055152 -0.020265
v -0.025352 0.049849 -0.020275
v -0.030528 0.043211 -0.020283
v -0.034039 0.035593 -0.020275
v -0.035712 0.027393 -0.020212
v -0.035515 0.019057 -0.020046
v -0.033529 0.010964 -0.019805
v -0.029768 0.003512 -0.019594
v -0.024536 -0.003028 -0.019465
v -0.018294 -0.008426 -0.019392
v -0.003378 0.060781 -0.045338
v -0.012632 0.058757 -0.045311
v -0.021198 0.054805 -0.045277
v -0.028677 0.049104 -0.045237
v -0.034719 0.041904 -0.045197
v -0.039025 0.033526 -0.045160
v -0.041364 0.024337 -0.045112
v -0.041611 0.014747 -0.045033
v -0.039716 0.005196 -0.044937
v -0.035665 -0.003791 -0.044873
v -0.029680 -0.011764 -0.044860
v -0.022166 -0.018297 -0.044873
v -0.013323 -0.022794 -0.044885
v -0.003603 -0.024979 -0.044891
v 0.014893 -0.026346 -0.025320
v 0.008460 -0.027635 -0.033686
v 0.011348 -0.026867 -0.031310
v 0.013559 -0.026376 -0.028389
v 0.015516 -0.026785 -0.022262
v 0.004736 -0.028373 -0.035357
v 0.020783 -0.021731 -0.019484
v 0.023101 -0.017911 -0.019484
v 0.025154 -0.014259 -0.019482
v 0.013109 -0.025112 -0.024201
v 0.013772 -0.026270 -0.019541
v 0.007588 -0.026022 -0.031884
v 0.010085 -0.025374 -0.029735
v 0.011986 -0.025017 -0.027044
v 0.013490 -0.025531 -0.022035
v 0.004356 -0.026669 -0.033403
v 0.001377 -0.028695 -0.035996
v 0.001377 -0.026965 -0.033981
v 0.010112 0.056893 -0.044491
v 0.001377 0.057842 -0.044496
v 0.018404 0.054094 -0.044496
v 0.025868 0.049576 -0.044513
v 0.032160 0.043539 -0.044540
v 0.036977 0.036255 -0.044576
v 0.040073 0.028045 -0.044610
v 0.041278 0.019272 -0.044617
v 0.040523 0.010332 -0.044586
v 0.037775 0.001661 -0.044548
v 0.033084 -0.006243 -0.044545
v 0.026803 -0.013029 -0.044568
v 0.019223 -0.018219 -0.044592
v 0.010541 -0.021291 -0.044603
v 0.001377 0.060962 -0.020287
v 0.009824 0.060015 -0.020270
v 0.017827 0.057212 -0.020263
v 0.024974 0.052689 -0.020270
v 0.030889 0.046676 -0.020280
v 0.035259 0.039502 -0.020282
v 0.037868 0.031538 -0.020254
v 0.038596 0.023214 -0.020144
v 0.037496 0.014961 -0.019929
v 0.034627 0.007127 -0.019688
v 0.030049 0.000126 -0.019520
v 0.024280 -0.005896 -0.019424
v 0.010818 0.060019 -0.045325
v 0.001377 0.061037 -0.045343
v 0.019781 0.057013 -0.045295
v 0.027850 0.052160 -0.045257
v 0.034653 0.045673 -0.045217
v 0.039860 0.037841 -0.045178
v 0.043206 0.029008 -0.045139
v 0.044507 0.019566 -0.045078
v 0.043688 0.009938 -0.044984
v 0.040714 0.000595 -0.044898
v 0.035641 -0.007924 -0.044861
v 0.028845 -0.015247 -0.044866
v 0.020665 -0.020840 -0.044881
v 0.011274 -0.024167 -0.044889
v 0.001377 -0.025282 -0.044833
v 0.014432 0.061585 -0.019537
v 0.022415 0.057884 -0.019525
v 0.029375 0.052555 -0.019519
v 0.035000 0.045819 -0.019515
v 0.039044 0.037595 -0.019520
v 0.041137 0.028371 -0.019523
v 0.041192 0.019442 -0.019494
v 0.039216 0.010710 -0.019460
v 0.029247 -0.007684 -0.019609
v 0.035053 0.001701 -0.019534
v 0.005807 0.063481 -0.019551
v 0.018530 0.059951 -0.019531
v 0.026044 0.055411 -0.019521
v 0.032372 0.049348 -0.019517
v 0.037232 0.041918 -0.019515
v 0.040368 0.033022 -0.019525
v 0.041397 0.023794 -0.019513
v 0.040478 0.015139 -0.019474
v 0.037407 0.006212 -0.019473
v 0.001377 0.063721 -0.019555
v 0.010173 0.062768 -0.019544
v 0.001377 -0.022284 -0.044599
v 0.032290 -0.002905 -0.019595
v 0.005777 0.057603 -0.044494
v 0.014338 0.055718 -0.044492
v 0.022261 0.052039 -0.044503
v 0.029180 0.046732 -0.044526
v 0.034769 0.040034 -0.044557
v 0.038752 0.032244 -0.044594
v 0.040918 0.023705 -0.044619
v 0.041149 0.014797 -0.044605
v 0.039398 0.005931 -0.044565
v 0.035653 -0.002409 -0.044542
v 0.030122 -0.009802 -0.044555
v 0.023167 -0.015861 -0.044581
v 0.014983 -0.020024 -0.044599
v 0.005991 -0.022036 -0.044603
v 0.005640 0.060724 -0.020281
v 0.013905 0.058838 -0.020265
v 0.021532 0.055152 -0.020265
v 0.028107 0.049849 -0.020275
v 0.033282 0.043211 -0.020283
v 0.036793 0.035593 -0.020275
v 0.038465 0.027393 -0.020212
v 0.038269 0.019057 -0.020046
v 0.036283 0.010964 -0.019805
v 0.032523 0.003512 -0.019594
v 0.027290 -0.003028 -0.019465
v 0.006132 0.060781 -0.045338
v 0.015386 0.058757 -0.045311
v 0.023952 0.054805 -0.045277
v 0.031431 0.049104 -0.045237
v 0.037473 0.041904 -0.045197
v 0.041779 0.033526 -0.045160
v 0.044118 0.024337 -0.045112
v 0.044365 0.014747 -0.045033
v 0.042470 0.005196 -0.044937
v 0.038419 -0.003791 -0.044873
v 0.032434 -0.011764 -0.044860
v 0.024920 -0.018297 -0.044873
v 0.016077 -0.022794 -0.044885
v 0.006357 -0.024979 -0.044891
v -0.013018 -0.027661 -0.019510
v 0.015751 -0.027651 -0.019482
v -0.026592 -0.015439 -0.039151
v -0.026625 -0.014871 -0.033243
v -0.026235 -0.013911 -0.028883
v -0.025542 -0.012599 -0.024522
v -0.024577 -0.010713 -0.019529
v 0.029340 -0.015445 -0.039151
v 0.029338 -0.014919 -0.033246
v 0.028904 -0.014017 -0.028888
v 0.028151 -0.012801 -0.024528
v 0.026992 -0.011249 -0.019515
v 0.001377 -0.026270 -0.019541
vt 0.003749 0.821852
vt 0.001302 0.834625
vt 0.015303 0.834652
vt 0.016692 0.827459
vt 0.003747 0.847421
vt 0.016690 0.841859
vt 0.021094 0.804040
vt 0.010245 0.811180
vt 0.020377 0.821476
vt 0.026473 0.817461
vt 0.010708 0.858363
vt 0.021116 0.865629
vt 0.026493 0.852060
vt 0.020631 0.848000
vt 0.033373 0.801684
vt 0.033375 0.816134
vt 0.033374 0.868232
vt 0.033375 0.853507
vt 0.065446 0.834625
vt 0.062998 0.821851
vt 0.050059 0.827458
vt 0.051448 0.834652
vt 0.063001 0.847421
vt 0.050061 0.841859
vt 0.056502 0.811180
vt 0.045652 0.804040
vt 0.040277 0.817461
vt 0.046374 0.821476
vt 0.045631 0.865629
vt 0.056039 0.858362
vt 0.046120 0.848000
vt 0.040258 0.852060
vt 0.709672 0.165970
vt 0.753659 0.165970
vt 0.753659 0.178646
vt 0.709672 0.178646
vt 0.709672 0.153273
vt 0.753659 0.153273
vt 0.709672 0.140553
vt 0.753659 0.140553
vt 0.709672 0.127981
vt 0.753659 0.127981
vt 0.709672 0.115478
vt 0.753659 0.115478
vt 0.709672 0.102979
vt 0.753659 0.102979
vt 0.709672 0.090415
vt 0.753659 0.090415
vt 0.709672 0.077707
vt 0.753659 0.077707
vt 0.709672 0.065023
vt 0.753659 0.065023
vt 0.709672 0.052360
vt 0.753659 0.052359
vt 0.709672 0.040118
vt 0.753659 0.040118
vt 0.709672 0.027254
vt 0.753659 0.027253
vt 0.709672 0.014796
vt 0.753659 0.014796
vt 0.709672 0.203774
vt 0.753659 0.203774
vt 0.753659 0.216242
vt 0.709672 0.216242
vt 0.709672 0.190899
vt 0.753659 0.190899
vt 0.027074 0.307114
vt 0.041616 0.307142
vt 0.028173 0.301318
vt 0.028173 0.312920
vt 0.031093 0.296449
vt 0.036030 0.293203
vt 0.036032 0.321235
vt 0.031311 0.317906
vt 0.041614 0.292134
vt 0.041615 0.322436
vt 0.055055 0.301318
vt 0.056155 0.307114
vt 0.055056 0.312919
vt 0.047199 0.293203
vt 0.052135 0.296449
vt 0.051918 0.317905
vt 0.047197 0.321235
vt 0.026635 0.260815
vt 0.029896 0.260822
vt 0.031035 0.254834
vt 0.028038 0.253536
vt 0.028036 0.268108
vt 0.031034 0.266819
vt 0.031761 0.247476
vt 0.034059 0.249811
vt 0.039155 0.246459
vt 0.037933 0.243411
vt 0.037952 0.278442
vt 0.039159 0.275396
vt 0.034281 0.271965
vt 0.032020 0.274326
vt 0.044921 0.245355
vt 0.044920 0.242068
vt 0.044921 0.279910
vt 0.044921 0.276631
vt 0.061804 0.253535
vt 0.058807 0.254834
vt 0.059945 0.260821
vt 0.063207 0.260815
vt 0.058807 0.266819
vt 0.061805 0.268107
vt 0.051907 0.243411
vt 0.050687 0.246459
vt 0.055783 0.249811
vt 0.058080 0.247475
vt 0.057822 0.274326
vt 0.055561 0.271964
vt 0.050683 0.275396
vt 0.051890 0.278442
vt 0.007683 0.257965
vt 0.006109 0.257965
vt 0.006109 0.252819
vt 0.007683 0.252819
vt 0.007683 0.263130
vt 0.006109 0.263130
vt 0.007683 0.247868
vt 0.006109 0.247868
vt 0.006109 0.242701
vt 0.007683 0.242701
vt 0.007683 0.273319
vt 0.006109 0.273319
vt 0.006109 0.268271
vt 0.007683 0.268271
vt 0.006109 0.237741
vt 0.007683 0.237741
vt 0.007683 0.278306
vt 0.006109 0.278306
vt 0.007683 0.303818
vt 0.006109 0.303818
vt 0.006109 0.298659
vt 0.007683 0.298659
vt 0.006109 0.293490
vt 0.007683 0.293490
vt 0.007683 0.313942
vt 0.006109 0.313942
vt 0.006109 0.308778
vt 0.007683 0.308778
vt 0.007683 0.288339
vt 0.006109 0.288339
vt 0.006109 0.283292
vt 0.007683 0.283292
vt 0.007683 0.318893
vt 0.006109 0.318893
vt 0.013662 0.256878
vt 0.011739 0.256878
vt 0.011739 0.252095
vt 0.013662 0.252095
vt 0.013662 0.261667
vt 0.011739 0.261667
vt 0.013662 0.247480
vt 0.011739 0.247480
vt 0.011739 0.242666
vt 0.013662 0.242666
vt 0.013662 0.271161
vt 0.011739 0.271161
vt 0.011739 0.266453
vt 0.013662 0.266453
vt 0.011739 0.238051
vt 0.013662 0.238051
vt 0.013662 0.275823
vt 0.011739 0.275823
vt 0.013662 0.299546
vt 0.011739 0.299546
vt 0.011739 0.294765
vt 0.013662 0.294765
vt 0.011739 0.289977
vt 0.013662 0.289977
vt 0.013662 0.308975
vt 0.011739 0.308975
vt 0.011739 0.304161
vt 0.013662 0.304161
vt 0.013662 0.285192
vt 0.011739 0.285192
vt 0.011739 0.280485
vt 0.013662 0.280485
vt 0.013662 0.313592
vt 0.011739 0.313592
vt 0.421210 0.135188
vt 0.418223 0.120175
vt 0.429749 0.115401
vt 0.433685 0.135188
vt 0.409719 0.107447
vt 0.418540 0.098626
vt 0.396992 0.098943
vt 0.401766 0.087417
vt 0.381978 0.095957
vt 0.381978 0.083481
vt 0.366965 0.098943
vt 0.362191 0.087417
vt 0.354238 0.107447
vt 0.345416 0.098626
vt 0.345733 0.120175
vt 0.334208 0.115401
vt 0.342747 0.135188
vt 0.330272 0.135188
vt 0.345733 0.150201
vt 0.334208 0.154975
vt 0.354238 0.162929
vt 0.345416 0.171750
vt 0.366965 0.171433
vt 0.362191 0.182959
vt 0.381978 0.174419
vt 0.381978 0.186895
vt 0.396991 0.171433
vt 0.401766 0.182959
vt 0.409719 0.162929
vt 0.418540 0.171750
vt 0.418223 0.150201
vt 0.429749 0.154975
vt 0.408714 0.124114
vt 0.410916 0.135188
vt 0.381978 0.135188
vt 0.402441 0.114726
vt 0.393053 0.108453
vt 0.381978 0.106250
vt 0.370904 0.108453
vt 0.361516 0.114726
vt 0.355243 0.124114
vt 0.353040 0.135188
vt 0.355243 0.146262
vt 0.361516 0.155650
vt 0.370904 0.161923
vt 0.381978 0.164126
vt 0.393052 0.161923
vt 0.402440 0.155650
vt 0.408714 0.146262
vt 0.516271 0.188939
vt 0.513326 0.174131
vt 0.526316 0.168751
vt 0.530331 0.188939
vt 0.504939 0.161579
vt 0.514880 0.151637
vt 0.492386 0.153191
vt 0.497766 0.140202
vt 0.477579 0.150246
vt 0.477579 0.136186
vt 0.462772 0.153191
vt 0.457391 0.140202
vt 0.450219 0.161579
vt 0.440277 0.151637
vt 0.441832 0.174131
vt 0.428842 0.168751
vt 0.438886 0.188939
vt 0.424826 0.188939
vt 0.441832 0.203745
vt 0.428842 0.209126
vt 0.450219 0.216298
vt 0.440277 0.226240
vt 0.462772 0.224686
vt 0.457391 0.237675
vt 0.477579 0.227631
vt 0.477579 0.241691
vt 0.492386 0.224686
vt 0.497766 0.237675
vt 0.504939 0.216298
vt 0.514880 0.226240
vt 0.513326 0.203745
vt 0.526316 0.209126
vt 0.503947 0.178016
vt 0.506119 0.188939
vt 0.477579 0.188939
vt 0.497760 0.168757
vt 0.488501 0.162570
vt 0.477579 0.160398
vt 0.466657 0.162570
vt 0.457397 0.168757
vt 0.451211 0.178016
vt 0.449038 0.188939
vt 0.451211 0.199861
vt 0.457397 0.209120
vt 0.466657 0.215307
vt 0.477579 0.217479
vt 0.488501 0.215307
vt 0.497760 0.209120
vt 0.503947 0.199860
vt 0.088522 0.103924
vt 0.093343 0.121699
vt 0.097255 0.105405
vt 0.098290 0.081684
vt 0.099129 0.056098
vt 0.088820 0.065763
vt 0.087759 0.083114
vt 0.081737 0.058012
vt 0.078478 0.081978
vt 0.069903 0.050443
vt 0.067683 0.080433
vt 0.068563 0.110196
vt 0.056171 0.111800
vt 0.057988 0.148555
vt 0.073393 0.143807
vt 0.056474 0.046467
vt 0.055823 0.079426
vt 0.043504 0.111217
vt 0.031000 0.108284
vt 0.028974 0.142234
vt 0.042940 0.147854
vt 0.031780 0.077677
vt 0.043714 0.078651
vt 0.043180 0.045431
vt 0.030948 0.046120
vt 0.018476 0.103228
vt 0.007026 0.102793
vt 0.013011 0.125632
vt 0.092784 0.033308
vt 0.076036 0.015506
vt 0.057525 0.008142
vt 0.040483 0.007156
vt 0.027111 0.010267
vt 0.007523 0.076066
vt 0.020000 0.076531
vt 0.019475 0.047640
vt 0.007451 0.042850
vt 0.079401 0.107188
vt 0.015679 0.021662
vt 0.085026 0.134796
vt 0.556897 0.008091
vt 0.556897 0.077880
vt 0.572493 0.077880
vt 0.572493 0.008091
vt 0.510352 0.008091
vt 0.510352 0.077880
vt 0.534536 0.077880
vt 0.534536 0.008091
vt 0.586971 0.077880
vt 0.586971 0.008091
vt 0.616361 0.008091
vt 0.600993 0.008091
vt 0.600993 0.077880
vt 0.616361 0.077880
vt 0.644941 0.008091
vt 0.630641 0.008091
vt 0.630641 0.077880
vt 0.644941 0.077880
vt 0.666786 0.008091
vt 0.666786 0.077880
vt 0.688968 0.077880
vt 0.688968 0.008091
vt 0.333081 0.008091
vt 0.333081 0.077880
vt 0.357847 0.077880
vt 0.357847 0.008091
vt 0.387196 0.077880
vt 0.387196 0.008091
vt 0.488685 0.008091
vt 0.488685 0.077880
vt 0.467550 0.008091
vt 0.467550 0.077880
vt 0.450790 0.008091
vt 0.450790 0.077880
vt 0.435667 0.008091
vt 0.435667 0.077880
vt 0.407653 0.008091
vt 0.407653 0.077880
vt 0.422918 0.077880
vt 0.422918 0.008091
vt 0.549521 0.399430
vt 0.521580 0.404559
vt 0.521708 0.409054
vt 0.552978 0.403790
vt 0.563534 0.393097
vt 0.569396 0.396630
vt 0.577385 0.381851
vt 0.585423 0.384585
vt 0.588737 0.366527
vt 0.599225 0.368578
vt 0.595481 0.349196
vt 0.608695 0.350264
vt 0.596898 0.330785
vt 0.612787 0.329851
vt 0.592410 0.309477
vt 0.610412 0.304762
vt 0.600224 0.279830
vt 0.581799 0.290098
vt 0.584209 0.260405
vt 0.568528 0.276856
vt 0.555641 0.244392
vt 0.546163 0.266524
vt 0.520627 0.239617
vt 0.521054 0.265124
vt 0.493391 0.400829
vt 0.490150 0.405304
vt 0.479251 0.394907
vt 0.473491 0.398575
vt 0.465336 0.383854
vt 0.457330 0.386685
vt 0.454015 0.368577
vt 0.443536 0.370696
vt 0.447330 0.351228
vt 0.434118 0.352373
vt 0.445934 0.333064
vt 0.430028 0.332285
vt 0.450355 0.311639
vt 0.432270 0.307194
vt 0.460791 0.292035
vt 0.442129 0.282162
vt 0.473870 0.278437
vt 0.457707 0.262433
vt 0.495993 0.267419
vt 0.485786 0.245580
vt 0.521476 0.400381
vt 0.546357 0.395225
vt 0.533394 0.394255
vt 0.521390 0.395987
vt 0.538638 0.388711
vt 0.521328 0.389334
vt 0.521318 0.379725
vt 0.543970 0.379253
vt 0.521333 0.365982
vt 0.548203 0.365689
vt 0.521388 0.351903
vt 0.550302 0.351251
vt 0.550046 0.334883
vt 0.521441 0.334883
vt 0.547474 0.319898
vt 0.521479 0.320730
vt 0.542940 0.307494
vt 0.521512 0.308576
vt 0.538453 0.298381
vt 0.521528 0.300097
vt 0.521522 0.291599
vt 0.530066 0.292583
vt 0.539910 0.290437
vt 0.521628 0.288535
vt 0.509322 0.394879
vt 0.496374 0.396475
vt 0.504013 0.389514
vt 0.498682 0.380141
vt 0.494484 0.366588
vt 0.492484 0.352109
vt 0.492829 0.334883
vt 0.495462 0.320591
vt 0.500043 0.308074
vt 0.504533 0.298856
vt 0.512778 0.292884
vt 0.502946 0.291030
vt 0.557892 0.389679
vt 0.569748 0.379561
vt 0.579105 0.365355
vt 0.583708 0.349406
vt 0.583207 0.334883
vt 0.577571 0.318250
vt 0.567472 0.305662
vt 0.557029 0.297871
vt 0.484810 0.391272
vt 0.472946 0.381363
vt 0.463624 0.367225
vt 0.459081 0.351241
vt 0.459644 0.334883
vt 0.465318 0.319786
vt 0.475430 0.306937
vt 0.485892 0.298852
vt 0.701840 0.298447
vt 0.701840 0.286552
vt 0.717426 0.286552
vt 0.717426 0.298447
vt 0.701840 0.275600
vt 0.717426 0.275600
vt 0.701840 0.265621
vt 0.717426 0.265621
vt 0.701840 0.256692
vt 0.717426 0.256692
vt 0.701840 0.440738
vt 0.717426 0.440738
vt 0.717426 0.450211
vt 0.701840 0.450211
vt 0.701840 0.430532
vt 0.717426 0.430532
vt 0.701840 0.419530
vt 0.717426 0.419530
vt 0.701840 0.407665
vt 0.717426 0.407665
vt 0.701840 0.395023
vt 0.717426 0.395023
vt 0.701840 0.381698
vt 0.717426 0.381698
vt 0.701840 0.367859
vt 0.717426 0.367859
vt 0.701840 0.353724
vt 0.717426 0.353724
vt 0.701840 0.339512
vt 0.717426 0.339512
vt 0.701840 0.325430
vt 0.717426 0.325430
vt 0.701840 0.311687
vt 0.717426 0.311687
vt 0.056165 0.888226
vt 0.053619 0.882035
vt 0.073272 0.878135
vt 0.073256 0.884828
vt 0.737006 0.295054
vt 0.721568 0.298447
vt 0.721568 0.286552
vt 0.737009 0.280582
vt 0.041675 0.897905
vt 0.036954 0.893160
vt 0.721568 0.275600
vt 0.737011 0.266286
vt 0.031993 0.912393
vt 0.025815 0.909816
vt 0.721568 0.265621
vt 0.737010 0.252267
vt 0.028591 0.929483
vt 0.021898 0.929466
vt 0.721568 0.256692
vt 0.737040 0.238546
vt 0.031989 0.946574
vt 0.025798 0.949120
vt 0.737030 0.464183
vt 0.721568 0.450211
vt 0.721568 0.440738
vt 0.736993 0.450782
vt 0.041668 0.961064
vt 0.036923 0.965785
vt 0.721568 0.430532
vt 0.736993 0.437004
vt 0.056156 0.970746
vt 0.053579 0.976924
vt 0.721568 0.419530
vt 0.736995 0.423009
vt 0.073246 0.974148
vt 0.073229 0.980841
vt 0.721568 0.407665
vt 0.736996 0.408984
vt 0.090336 0.970750
vt 0.092883 0.976940
vt 0.721568 0.395023
vt 0.736998 0.394863
vt 0.104826 0.961071
vt 0.109548 0.965816
vt 0.721568 0.381698
vt 0.737000 0.380641
vt 0.114509 0.946583
vt 0.120687 0.949160
vt 0.721568 0.367859
vt 0.737001 0.366318
vt 0.117910 0.929493
vt 0.124604 0.929510
vt 0.721568 0.353724
vt 0.737002 0.351923
vt 0.114513 0.912402
vt 0.120703 0.909856
vt 0.721568 0.339512
vt 0.737003 0.337547
vt 0.104833 0.897912
vt 0.109578 0.893191
vt 0.721568 0.325430
vt 0.737003 0.323280
vt 0.090346 0.888230
vt 0.092923 0.882052
vt 0.721568 0.311687
vt 0.737004 0.309122
vt 0.050498 0.873912
vt 0.047290 0.866812
vt 0.073251 0.861648
vt 0.073498 0.869436
vt 0.030962 0.886850
vt 0.025281 0.881518
vt 0.017864 0.906278
vt 0.010575 0.903527
vt 0.013199 0.929241
vt 0.005411 0.929488
vt 0.017675 0.952240
vt 0.010575 0.955449
vt 0.030612 0.971776
vt 0.025281 0.977458
vt 0.050041 0.984874
vt 0.047290 0.992164
vt 0.073004 0.989540
vt 0.073251 0.997328
vt 0.096003 0.985064
vt 0.099212 0.992164
vt 0.115539 0.972126
vt 0.121221 0.977458
vt 0.128637 0.952697
vt 0.135927 0.955449
vt 0.133303 0.929735
vt 0.141091 0.929488
vt 0.128826 0.906735
vt 0.135927 0.903527
vt 0.115889 0.887199
vt 0.121221 0.881518
vt 0.099212 0.866812
vt 0.096460 0.874102
vt 0.058768 0.894524
vt 0.073250 0.891643
vt 0.073251 0.902698
vt 0.062999 0.904737
vt 0.046490 0.902728
vt 0.054307 0.910545
vt 0.038286 0.915006
vt 0.048500 0.919236
vt 0.035406 0.929488
vt 0.046461 0.929488
vt 0.038287 0.943971
vt 0.048500 0.939740
vt 0.046491 0.956249
vt 0.054307 0.948431
vt 0.058769 0.964452
vt 0.062999 0.954239
vt 0.073251 0.967333
vt 0.073251 0.956278
vt 0.087734 0.964452
vt 0.083503 0.954239
vt 0.100011 0.956248
vt 0.092194 0.948431
vt 0.108215 0.943970
vt 0.098001 0.939740
vt 0.111095 0.929488
vt 0.100041 0.929488
vt 0.108215 0.915005
vt 0.098001 0.919236
vt 0.100011 0.902727
vt 0.092194 0.910545
vt 0.087733 0.894524
vt 0.083503 0.904737
vt 0.073251 0.929488
vt 0.755710 0.276335
vt 0.755704 0.292280
vt 0.755718 0.259581
vt 0.755725 0.242300
vt 0.755758 0.224560
vt 0.755667 0.460071
vt 0.755697 0.476930
vt 0.755676 0.442421
vt 0.755688 0.425187
vt 0.755697 0.408726
vt 0.755702 0.393067
vt 0.755704 0.378085
vt 0.755705 0.363573
vt 0.755704 0.349323
vt 0.755703 0.335171
vt 0.755703 0.321002
vt 0.755703 0.306730
vt 0.097776 0.465170
vt 0.126044 0.451294
vt 0.121448 0.437184
vt 0.097089 0.447105
vt 0.071336 0.458100
vt 0.046670 0.468706
vt 0.034959 0.500347
vt 0.066668 0.481697
vt 0.091236 0.342100
vt 0.073267 0.342100
vt 0.065092 0.388676
vt 0.083577 0.388676
vt 0.101220 0.288003
vt 0.114628 0.215027
vt 0.096843 0.215027
vt 0.083178 0.288003
vt 0.126920 0.153638
vt 0.109600 0.153638
vt 0.137700 0.100165
vt 0.123037 0.100165
vt 0.130782 0.074660
vt 0.116981 0.074660
vt 0.107397 0.100165
vt 0.143196 0.074660
vt 0.148851 0.051655
vt 0.137983 0.051655
vt 0.166923 0.074660
vt 0.162346 0.100165
vt 0.173570 0.100165
vt 0.177424 0.074660
vt 0.197341 0.100165
vt 0.208508 0.100165
vt 0.208312 0.074660
vt 0.197754 0.074660
vt 0.141568 0.153638
vt 0.156584 0.153638
vt 0.150963 0.100165
vt 0.170626 0.153638
vt 0.185475 0.153638
vt 0.186579 0.100165
vt 0.196696 0.153638
vt 0.099656 0.422436
vt 0.104259 0.388676
vt 0.077072 0.426919
vt 0.126245 0.388676
vt 0.133843 0.342100
vt 0.111510 0.342100
vt 0.141212 0.288003
vt 0.150616 0.215027
vt 0.131816 0.215027
vt 0.120225 0.288003
vt 0.178743 0.288003
vt 0.183018 0.215027
vt 0.167003 0.215027
vt 0.159919 0.288003
vt 0.082258 0.473361
vt 0.023099 0.474671
vt 0.003868 0.512826
vt 0.056153 0.342100
vt 0.047577 0.388676
vt 0.079005 0.215027
vt 0.065697 0.288003
vt 0.092474 0.153638
vt 0.127108 0.051655
vt 0.195545 0.215027
vt 0.193665 0.288003
vt 0.208720 0.153638
vt 0.208996 0.215027
vt 0.209346 0.288003
vt 0.209686 0.420538
vt 0.190921 0.422063
vt 0.191255 0.431026
vt 0.209907 0.428537
vt 0.155572 0.074660
vt 0.160698 0.051655
vt 0.189024 0.051655
vt 0.188308 0.074660
vt 0.197393 0.051655
vt 0.207994 0.051655
vt 0.169107 0.051655
vt 0.179798 0.051655
vt 0.150920 0.011278
vt 0.139505 0.011278
vt 0.139693 0.019045
vt 0.150759 0.019045
vt 0.654230 0.343116
vt 0.676622 0.353535
vt 0.671247 0.361394
vt 0.663299 0.366607
vt 0.654167 0.368356
vt 0.208446 0.011278
vt 0.196131 0.011278
vt 0.196304 0.019045
vt 0.208347 0.019045
vt 0.184213 0.023487
vt 0.172120 0.023487
vt 0.183992 0.011278
vt 0.172428 0.011278
vt 0.172120 0.019045
vt 0.184213 0.019045
vt 0.150759 0.023487
vt 0.139693 0.023487
vt 0.161810 0.011278
vt 0.160720 0.019045
vt 0.160720 0.023487
vt 0.678421 0.333325
vt 0.654230 0.320577
vt 0.678421 0.320577
vt 0.678421 0.344252
vt 0.196304 0.023487
vt 0.208347 0.023487
vt 0.154139 0.342100
vt 0.175323 0.342100
vt 0.192541 0.342100
vt 0.209574 0.342100
vt 0.149364 0.388676
vt 0.171833 0.388676
vt 0.191580 0.388676
vt 0.209773 0.388676
vt 0.056481 0.431223
vt 0.036756 0.435501
vt 0.122511 0.418214
vt 0.147058 0.414458
vt 0.170252 0.411826
vt 0.191095 0.410373
vt 0.209789 0.409653
vt 0.146474 0.429881
vt 0.171144 0.424364
vt 0.271545 0.439655
vt 0.280956 0.443307
vt 0.272967 0.427858
vt 0.370895 0.469025
vt 0.347190 0.456910
vt 0.350621 0.481023
vt 0.379927 0.501948
vt 0.318607 0.288003
vt 0.337645 0.288003
vt 0.322389 0.215027
vt 0.304042 0.215027
vt 0.307653 0.153638
vt 0.290239 0.153638
vt 0.278702 0.100165
vt 0.292115 0.100165
vt 0.285180 0.074660
vt 0.306586 0.100165
vt 0.298946 0.074660
vt 0.278715 0.051655
vt 0.268182 0.051655
vt 0.273234 0.074660
vt 0.250417 0.074660
vt 0.239783 0.074660
vt 0.243030 0.100165
vt 0.254585 0.100165
vt 0.219506 0.100165
vt 0.219018 0.074660
vt 0.275532 0.153638
vt 0.266028 0.100165
vt 0.260694 0.153638
vt 0.229662 0.100165
vt 0.232027 0.153638
vt 0.246825 0.153638
vt 0.220630 0.153638
vt 0.328251 0.398921
vt 0.320022 0.420670
vt 0.342609 0.425692
vt 0.344007 0.407262
vt 0.308369 0.342100
vt 0.285745 0.342100
vt 0.293474 0.388676
vt 0.313278 0.372382
vt 0.277741 0.288003
vt 0.298975 0.288003
vt 0.286398 0.215027
vt 0.267391 0.215027
vt 0.240279 0.288003
vt 0.259166 0.288003
vt 0.251231 0.215027
vt 0.235361 0.215027
vt 0.322136 0.444929
vt 0.321675 0.462870
vt 0.409114 0.517533
vt 0.393671 0.477028
vt 0.356226 0.288003
vt 0.340367 0.215027
vt 0.324192 0.153638
vt 0.289141 0.051655
vt 0.246050 0.432381
vt 0.256746 0.435432
vt 0.248236 0.423104
vt 0.222577 0.215027
vt 0.225108 0.288003
vt 0.228054 0.430193
vt 0.228487 0.421508
vt 0.256652 0.051655
vt 0.261568 0.074660
vt 0.227966 0.051655
vt 0.218867 0.051655
vt 0.228864 0.074660
vt 0.248243 0.051655
vt 0.237491 0.051655
vt 0.277551 0.011278
vt 0.266134 0.011278
vt 0.266069 0.019045
vt 0.276987 0.019045
vt 0.637123 0.361301
vt 0.631789 0.353409
vt 0.645043 0.366558
vt 0.220832 0.011278
vt 0.220539 0.019045
vt 0.245283 0.023487
vt 0.232921 0.023487
vt 0.244879 0.011278
vt 0.233161 0.011278
vt 0.232921 0.019045
vt 0.245283 0.019045
vt 0.266069 0.023487
vt 0.276987 0.023487
vt 0.255381 0.011278
vt 0.256366 0.019045
vt 0.256366 0.023487
vt 0.630040 0.333176
vt 0.630040 0.320577
vt 0.630040 0.344110
vt 0.220539 0.023487
vt 0.353644 0.317232
vt 0.361901 0.317992
vt 0.331596 0.327495
vt 0.320831 0.339468
vt 0.265348 0.342100
vt 0.244043 0.342100
vt 0.226674 0.342100
vt 0.270185 0.388676
vt 0.247684 0.388676
vt 0.227928 0.388676
vt 0.315919 0.388676
vt 0.296951 0.416360
vt 0.272308 0.412826
vt 0.249144 0.410656
vt 0.228377 0.409771
vt 0.363256 0.430823
vt 0.383004 0.436238
vt 0.298007 0.434761
vt 0.360462 0.414134
vt 0.380308 0.421523
vt 0.318275 0.387432
vt 0.314067 0.354615
vt 0.355677 0.327041
vt 0.362390 0.326758
vt 0.361995 0.320979
vt 0.354323 0.320272
vt 0.337820 0.335433
vt 0.333836 0.329809
vt 0.328859 0.345268
vt 0.323833 0.340934
vt 0.324139 0.356737
vt 0.317548 0.355009
vt 0.323620 0.370835
vt 0.316815 0.371518
vt 0.327452 0.381797
vt 0.321458 0.385502
vt 0.335324 0.391320
vt 0.330727 0.396178
vt 0.348515 0.398492
vt 0.345369 0.403928
vt 0.361755 0.405025
vt 0.360659 0.410314
vt 0.380336 0.411365
vt 0.379099 0.417179
vt 0.678093 0.971487
vt 0.662593 0.984737
vt 0.648958 0.974102
vt 0.664542 0.961118
vt 0.713408 0.977220
vt 0.690008 0.985717
vt 0.699741 0.956810
vt 0.645559 0.951607
vt 0.635315 0.968118
vt 0.618448 0.963875
vt 0.626861 0.947178
vt 0.599995 0.962426
vt 0.608719 0.946001
vt 0.581361 0.963945
vt 0.586095 0.947624
vt 0.559482 0.966057
vt 0.558070 0.951211
vt 0.681141 0.943099
vt 0.658776 0.933359
vt 0.634692 0.930443
vt 0.611649 0.930008
vt 0.586333 0.931897
vt 0.557978 0.933407
vt 0.752177 0.930094
vt 0.760430 0.963596
vt 0.736542 0.969970
vt 0.720051 0.934254
vt 0.638728 0.887451
vt 0.665613 0.888327
vt 0.667324 0.912663
vt 0.639687 0.909750
vt 0.691329 0.890605
vt 0.692024 0.919597
vt 0.612947 0.909640
vt 0.611922 0.887685
vt 0.585422 0.889024
vt 0.586054 0.911219
vt 0.558368 0.912068
vt 0.558791 0.889424
vt 0.715915 0.894322
vt 0.583280 0.841408
vt 0.584461 0.865616
vt 0.559067 0.865278
vt 0.559300 0.842007
vt 0.581672 0.762089
vt 0.582379 0.808301
vt 0.559400 0.806952
vt 0.559573 0.762089
vt 0.559513 0.720494
vt 0.580174 0.720494
vt 0.710101 0.865944
vt 0.703602 0.838605
vt 0.728120 0.837130
vt 0.735787 0.867596
vt 0.685550 0.864724
vt 0.679474 0.840087
vt 0.660331 0.863892
vt 0.656243 0.840219
vt 0.635141 0.863791
vt 0.631385 0.840557
vt 0.609669 0.864466
vt 0.607001 0.841012
vt 0.722081 0.801710
vt 0.721667 0.797945
vt 0.731962 0.793303
vt 0.742338 0.798898
vt 0.687449 0.797773
vt 0.674096 0.804441
vt 0.670766 0.786759
vt 0.645135 0.720494
vt 0.667144 0.720494
vt 0.667828 0.728923
vt 0.655330 0.745337
vt 0.649317 0.762089
vt 0.652273 0.805866
vt 0.628093 0.807132
vt 0.626108 0.762089
vt 0.623151 0.720494
vt 0.604183 0.762089
vt 0.601727 0.720494
vt 0.605259 0.807818
vt 0.698456 0.803966
vt 0.748111 0.832785
vt 0.641808 0.413612
vt 0.652715 0.413612
vt 0.652712 0.420828
vt 0.643575 0.420828
vt 0.657622 0.474036
vt 0.644956 0.451197
vt 0.658927 0.450102
vt 0.671377 0.472163
vt 0.681662 0.494465
vt 0.667669 0.496854
vt 0.692459 0.489782
vt 0.709436 0.540832
vt 0.693832 0.540832
vt 0.704062 0.599147
vt 0.681551 0.599147
vt 0.675033 0.540832
vt 0.711251 0.668968
vt 0.686673 0.668968
vt 0.689776 0.717032
vt 0.718397 0.700869
vt 0.654230 0.298858
vt 0.631850 0.288639
vt 0.637120 0.280770
vt 0.630474 0.451604
vt 0.618763 0.424811
vt 0.632460 0.424811
vt 0.645000 0.275517
vt 0.654203 0.273679
vt 0.579573 0.413612
vt 0.581281 0.420828
vt 0.560147 0.420828
vt 0.559667 0.413612
vt 0.578875 0.668968
vt 0.599515 0.668968
vt 0.578177 0.599147
vt 0.597650 0.599147
vt 0.577914 0.540832
vt 0.596098 0.540832
vt 0.594509 0.502757
vt 0.577979 0.503965
vt 0.577582 0.479391
vt 0.592815 0.479267
vt 0.602755 0.451523
vt 0.591173 0.450414
vt 0.601511 0.424811
vt 0.616230 0.452372
vt 0.601511 0.420828
vt 0.598602 0.413612
vt 0.615374 0.413612
vt 0.618763 0.420828
vt 0.624090 0.477742
vt 0.607639 0.478257
vt 0.611621 0.501270
vt 0.654923 0.540832
vt 0.633157 0.540832
vt 0.629596 0.500656
vt 0.648297 0.499284
vt 0.614854 0.540832
vt 0.660465 0.599147
vt 0.637112 0.599147
vt 0.664453 0.668968
vt 0.641037 0.668968
vt 0.617999 0.599147
vt 0.620440 0.668968
vt 0.671956 0.994446
vt 0.764083 0.928769
vt 0.769584 0.960754
vt 0.559771 0.504467
vt 0.559639 0.540832
vt 0.754104 0.868209
vt 0.722014 0.599147
vt 0.731234 0.668968
vt 0.683405 0.720494
vt 0.559425 0.668968
vt 0.559399 0.599147
vt 0.643575 0.424811
vt 0.652712 0.424811
vt 0.668675 0.447356
vt 0.629263 0.413612
vt 0.632460 0.420828
vt 0.681731 0.468147
vt 0.559711 0.479755
vt 0.559685 0.446896
vt 0.577772 0.448288
vt 0.581281 0.424811
vt 0.560147 0.424811
vt 0.654230 0.320577
vt 0.630040 0.320577
vt 0.630040 0.308880
vt 0.630040 0.297925
vt 0.640545 0.476101
vt 0.743740 0.899814
vt 0.756747 0.885033
vt 0.450384 0.962016
vt 0.465404 0.975906
vt 0.451186 0.985453
vt 0.436185 0.971822
vt 0.423535 0.986081
vt 0.400139 0.976394
vt 0.415094 0.956346
vt 0.489102 0.950346
vt 0.497421 0.968578
vt 0.479748 0.971258
vt 0.470042 0.953580
vt 0.507363 0.950081
vt 0.517006 0.967887
vt 0.529972 0.951241
vt 0.537049 0.968137
vt 0.434516 0.943052
vt 0.457574 0.934275
vt 0.481901 0.932288
vt 0.504875 0.932424
vt 0.529948 0.933822
vt 0.395678 0.933027
vt 0.377138 0.967530
vt 0.353663 0.959723
vt 0.362608 0.927330
vt 0.478873 0.887783
vt 0.477380 0.910584
vt 0.449663 0.913030
vt 0.451680 0.888514
vt 0.424425 0.919330
vt 0.426082 0.890411
vt 0.504085 0.910632
vt 0.505721 0.888198
vt 0.532184 0.889283
vt 0.530848 0.911710
vt 0.401018 0.893760
vt 0.535132 0.841293
vt 0.533737 0.865381
vt 0.537720 0.762089
vt 0.536332 0.808477
vt 0.538948 0.720494
vt 0.407699 0.866171
vt 0.381423 0.866773
vt 0.390589 0.836930
vt 0.414593 0.839085
vt 0.432686 0.864470
vt 0.438740 0.840152
vt 0.457771 0.863955
vt 0.462195 0.840335
vt 0.483077 0.864277
vt 0.486816 0.840735
vt 0.508545 0.864564
vt 0.511191 0.841056
vt 0.421488 0.804136
vt 0.399109 0.801615
vt 0.405863 0.762089
vt 0.429049 0.762089
vt 0.379022 0.796802
vt 0.386442 0.762089
vt 0.450877 0.762089
vt 0.445174 0.804640
vt 0.454625 0.720494
vt 0.476073 0.720494
vt 0.471725 0.762089
vt 0.466752 0.806003
vt 0.493976 0.762089
vt 0.490530 0.807356
vt 0.496984 0.720494
vt 0.517774 0.720494
vt 0.515410 0.762089
vt 0.513257 0.808060
vt 0.370682 0.830231
vt 0.466089 0.420828
vt 0.466004 0.413612
vt 0.476391 0.413612
vt 0.475011 0.420828
vt 0.462310 0.473874
vt 0.447549 0.471715
vt 0.460760 0.449717
vt 0.475141 0.450641
vt 0.452770 0.496084
vt 0.436405 0.493122
vt 0.425058 0.540832
vt 0.409853 0.540832
vt 0.423181 0.489181
vt 0.443236 0.540832
vt 0.438039 0.599147
vt 0.417964 0.599147
vt 0.435496 0.668968
vt 0.413465 0.668968
vt 0.433440 0.720494
vt 0.411066 0.720494
vt 0.671271 0.280806
vt 0.676525 0.288685
vt 0.489112 0.450889
vt 0.487596 0.424811
vt 0.502450 0.424811
vt 0.663401 0.275537
vt 0.539024 0.420828
vt 0.539866 0.413612
vt 0.519877 0.668968
vt 0.540075 0.668968
vt 0.522498 0.599147
vt 0.541021 0.599147
vt 0.523321 0.540832
vt 0.541426 0.540832
vt 0.524166 0.503195
vt 0.526183 0.479661
vt 0.541852 0.479631
vt 0.541460 0.504006
vt 0.541593 0.448561
vt 0.528376 0.450904
vt 0.539024 0.424811
vt 0.516450 0.451902
vt 0.503408 0.451933
vt 0.519965 0.424811
vt 0.521246 0.413612
vt 0.519965 0.420828
vt 0.502450 0.420828
vt 0.504267 0.413612
vt 0.511406 0.478772
vt 0.495445 0.477432
vt 0.507184 0.502005
vt 0.463426 0.540832
vt 0.471695 0.499107
vt 0.489519 0.500895
vt 0.484847 0.540832
vt 0.503842 0.540832
vt 0.481731 0.599147
vt 0.459597 0.599147
vt 0.479200 0.668968
vt 0.456523 0.668968
vt 0.502164 0.599147
vt 0.499381 0.668968
vt 0.441692 0.994948
vt 0.345048 0.957155
vt 0.349937 0.925453
vt 0.362388 0.865238
vt 0.402042 0.599147
vt 0.396509 0.668968
vt 0.392273 0.720494
vt 0.448939 0.446277
vt 0.466089 0.424811
vt 0.475011 0.424811
vt 0.489541 0.413612
vt 0.487596 0.420828
vt 0.434902 0.467119
vt 0.678421 0.320577
vt 0.678421 0.308929
vt 0.678421 0.297975
vt 0.479888 0.475258
vt 0.371748 0.897902
vt 0.358772 0.882381
vt 0.353833 0.905977
vt 0.653038 0.759720
vt 0.658708 0.773107
vt 0.697980 0.799689
vt 0.711686 0.800983
vt 0.741007 0.787509
vt 0.733237 0.697532
vt 0.726667 0.781921
vt 0.738065 0.776655
vt 0.739270 0.784809
vt 0.730761 0.790259
vt 0.717351 0.786383
vt 0.721076 0.794626
vt 0.709572 0.786559
vt 0.711686 0.797484
vt 0.701690 0.786748
vt 0.698792 0.796267
vt 0.693736 0.785810
vt 0.688885 0.794464
vt 0.682182 0.778405
vt 0.673191 0.784103
vt 0.672717 0.766451
vt 0.661846 0.771260
vt 0.669853 0.757051
vt 0.656512 0.758666
vt 0.670881 0.747172
vt 0.658668 0.745135
vt 0.677777 0.737991
vt 0.670427 0.729693
vt 0.692122 0.729828
vt 0.685080 0.721764
vt 0.699027 0.726677
vt 0.691074 0.718507
vt 0.723164 0.713972
vt 0.718000 0.703302
vt 0.734858 0.711806
vt 0.731960 0.700162
vt 0.646131 0.975722
vt 0.659349 0.985701
vt 0.642995 0.993610
vt 0.631886 0.987135
vt 0.616557 0.966125
vt 0.632907 0.970107
vt 0.620771 0.983492
vt 0.607029 0.980909
vt 0.598671 0.964765
vt 0.591996 0.980026
vt 0.580608 0.966190
vt 0.576814 0.980951
vt 0.559401 0.968172
vt 0.558990 0.982237
vt 0.668424 0.994812
vt 0.650623 0.999522
vt 0.454426 0.986373
vt 0.468208 0.977414
vt 0.482343 0.988233
vt 0.470760 0.994046
vt 0.482113 0.973053
vt 0.499243 0.970538
vt 0.508428 0.983772
vt 0.494030 0.985404
vt 0.518227 0.969890
vt 0.524384 0.983351
vt 0.537656 0.970125
vt 0.540713 0.983503
vt 0.445224 0.995283
vt 0.463026 0.999827
vt 0.293758 0.448701
vt 0.174436 0.433823
vt 0.149382 0.441913
vt 0.164099 0.436676
vt 0.139894 0.445614
vt 0.760594 0.908800
vt 0.627960 0.981972
vt 0.629288 0.981972
vt 0.628624 0.983301
vt 0.627960 0.981972
vt 0.629288 0.981972
vt 0.628624 0.983301
vt 0.627960 0.981972
vt 0.629288 0.981972
vt 0.628624 0.983301
vt 0.627960 0.981972
vt 0.629288 0.981972
vt 0.628624 0.983301
vt 0.627960 0.981972
vt 0.629288 0.981972
vt 0.628624 0.983301
vt 0.627960 0.981972
vt 0.629288 0.981972
vt 0.628624 0.983301
vt 0.627960 0.981972
vt 0.629288 0.981972
vt 0.628624 0.983301
vt 0.627960 0.981972
vt 0.629288 0.981972
vt 0.628624 0.983301
vt 0.627960 0.981972
vt 0.629288 0.981972
vt 0.628624 0.983301
vt 0.627960 0.981972
vt 0.629288 0.981972
vt 0.628624 0.983301
vt 0.627960 0.981972
vt 0.629288 0.981972
vt 0.628624 0.983301
vt 0.627960 0.981972
vt 0.629288 0.981972
vt 0.628624 0.983301
vt 0.627960 0.981972
vt 0.629288 0.981972
vt 0.628624 0.983301
vt 0.627960 0.981972
vt 0.629288 0.981972
vt 0.628624 0.983301
vt 0.361985 0.642151
vt 0.372872 0.700119
vt 0.387746 0.703831
vt 0.378068 0.642819
vt 0.347017 0.641749
vt 0.358786 0.696675
vt 0.215484 0.825506
vt 0.229606 0.820619
vt 0.221274 0.798935
vt 0.212130 0.808117
vt 0.220592 0.850025
vt 0.199737 0.852160
vt 0.199733 0.872125
vt 0.223383 0.869757
vt 0.223575 0.753261
vt 0.225816 0.735708
vt 0.199632 0.748983
vt 0.217861 0.763837
vt 0.243119 0.815447
vt 0.234219 0.800081
vt 0.328631 0.640440
vt 0.346162 0.694256
vt 0.310284 0.639496
vt 0.322694 0.686608
vt 0.285372 0.811984
vt 0.299557 0.825447
vt 0.313250 0.806433
vt 0.297468 0.795534
vt 0.255491 0.837071
vt 0.239095 0.844867
vt 0.245047 0.863767
vt 0.264615 0.854093
vt 0.270557 0.826818
vt 0.282639 0.841982
vt 0.254249 0.806019
vt 0.374333 0.612694
vt 0.353386 0.599486
vt 0.332838 0.583854
vt 0.310372 0.590483
vt 0.198834 0.599524
vt 0.219214 0.599359
vt 0.216072 0.565678
vt 0.198758 0.566461
vt 0.261528 0.597531
vt 0.279391 0.596013
vt 0.271408 0.559995
vt 0.255040 0.560961
vt 0.323492 0.533903
vt 0.298853 0.556715
vt 0.199534 0.710254
vt 0.225788 0.708959
vt 0.224998 0.679000
vt 0.199338 0.679023
vt 0.234170 0.563069
vt 0.240269 0.598543
vt 0.265759 0.795264
vt 0.273404 0.780402
vt 0.251927 0.768025
vt 0.251709 0.783478
vt 0.209583 0.769542
vt 0.199701 0.771417
vt 0.243186 0.479110
vt 0.257755 0.484904
vt 0.257191 0.461759
vt 0.243395 0.452058
vt 0.229467 0.463239
vt 0.232996 0.446548
vt 0.198680 0.539057
vt 0.213133 0.536228
vt 0.225399 0.528087
vt 0.265587 0.530257
vt 0.251174 0.526886
vt 0.214053 0.454458
vt 0.197685 0.451566
vt 0.197717 0.463537
vt 0.212215 0.465568
vt 0.224716 0.473959
vt 0.215566 0.440679
vt 0.197782 0.438000
vt 0.232788 0.486547
vt 0.236034 0.501184
vt 0.249067 0.503880
vt 0.261675 0.506926
vt 0.283668 0.509642
vt 0.299352 0.502386
vt 0.277797 0.478126
vt 0.278925 0.492631
vt 0.233450 0.515782
vt 0.312007 0.517695
vt 0.290761 0.532194
vt 0.230013 0.501093
vt 0.227793 0.513345
vt 0.220992 0.523648
vt 0.210717 0.530425
vt 0.198611 0.532735
vt 0.199733 0.825807
vt 0.324152 0.780686
vt 0.303827 0.771771
vt 0.295258 0.594088
vt 0.292292 0.638874
vt 0.285213 0.558594
vt 0.267871 0.488708
vt 0.265953 0.468361
vt 0.277917 0.531643
vt 0.272147 0.508886
vt 0.324246 0.533233
vt 0.199724 0.802603
vt 0.239128 0.788001
vt 0.038556 0.644818
vt 0.022465 0.645934
vt 0.013807 0.706960
vt 0.028587 0.702896
vt 0.053611 0.643983
vt 0.042511 0.698942
vt 0.198925 0.638633
vt 0.175821 0.638754
vt 0.174136 0.679088
vt 0.183991 0.825504
vt 0.187327 0.808108
vt 0.178194 0.798908
vt 0.169898 0.820607
vt 0.178894 0.850038
vt 0.176100 0.869803
vt 0.173346 0.735723
vt 0.175720 0.753119
vt 0.181530 0.763768
vt 0.165284 0.800032
vt 0.156433 0.815412
vt 0.054903 0.695736
vt 0.072191 0.642233
vt 0.078323 0.687733
vt 0.090692 0.640912
vt 0.093457 0.716685
vt 0.098832 0.684301
vt 0.072482 0.721363
vt 0.126444 0.780124
vt 0.119925 0.761567
vt 0.096586 0.771562
vt 0.102638 0.795348
vt 0.114493 0.811888
vt 0.086957 0.806331
vt 0.100338 0.825358
vt 0.093089 0.745410
vt 0.118903 0.738892
vt 0.160430 0.844878
vt 0.144101 0.837065
vt 0.134969 0.854100
vt 0.154478 0.863803
vt 0.117056 0.841945
vt 0.129142 0.826779
vt 0.145375 0.805941
vt 0.045967 0.601703
vt 0.050969 0.567392
vt 0.026935 0.593387
vt 0.025038 0.615881
vt 0.129342 0.639375
vt 0.136532 0.597971
vt 0.118820 0.596548
vt 0.108793 0.639975
vt 0.065416 0.585689
vt 0.088038 0.591713
vt 0.072501 0.534831
vt 0.181464 0.565795
vt 0.178462 0.599624
vt 0.142787 0.561341
vt 0.126404 0.560510
vt 0.098485 0.557724
vt 0.144481 0.734937
vt 0.146545 0.709592
vt 0.119737 0.712316
vt 0.152440 0.638924
vt 0.157588 0.599009
vt 0.173302 0.709083
vt 0.072475 0.751772
vt 0.148768 0.679762
vt 0.163497 0.563266
vt 0.133962 0.795114
vt 0.147869 0.783315
vt 0.147592 0.767737
vt 0.189838 0.769511
vt 0.137942 0.754796
vt 0.138028 0.485254
vt 0.152481 0.479269
vt 0.151919 0.452211
vt 0.138235 0.462097
vt 0.165984 0.463214
vt 0.162303 0.446557
vt 0.184216 0.536240
vt 0.171782 0.528090
vt 0.145614 0.527161
vt 0.131109 0.530686
vt 0.181321 0.454333
vt 0.183237 0.465498
vt 0.170793 0.473887
vt 0.179843 0.440496
vt 0.162962 0.486598
vt 0.147185 0.504153
vt 0.160214 0.501323
vt 0.134582 0.507346
vt 0.117867 0.478780
vt 0.096799 0.503448
vt 0.112618 0.510402
vt 0.117008 0.493308
vt 0.163255 0.515884
vt 0.084509 0.518976
vt 0.106001 0.533078
vt 0.168888 0.513370
vt 0.166236 0.501137
vt 0.186471 0.530368
vt 0.176043 0.523594
vt 0.123147 0.681591
vt 0.076428 0.780660
vt 0.103154 0.594908
vt 0.112334 0.559332
vt 0.129557 0.468824
vt 0.127983 0.489201
vt 0.118773 0.532289
vt 0.124123 0.509449
vt 0.160390 0.787904
vt 0.227271 0.488818
vt 0.220356 0.478354
vt 0.209888 0.471359
vt 0.197739 0.469598
vt 0.168516 0.488793
vt 0.185611 0.471285
vt 0.175172 0.478230
vt 0.209200 0.526899
vt 0.204273 0.514457
vt 0.198497 0.515504
vt 0.198552 0.528931
vt 0.192660 0.514356
vt 0.187875 0.526850
vt 0.187683 0.511165
vt 0.178704 0.520892
vt 0.184317 0.506431
vt 0.172411 0.511900
vt 0.183064 0.500832
vt 0.170079 0.501140
vt 0.184126 0.495173
vt 0.172083 0.490284
vt 0.187214 0.490324
vt 0.177937 0.480994
vt 0.192122 0.487139
vt 0.187119 0.474885
vt 0.197786 0.473402
vt 0.197793 0.486376
vt 0.203484 0.487215
vt 0.208471 0.474950
vt 0.208500 0.490548
vt 0.217678 0.481103
vt 0.223759 0.490306
vt 0.211848 0.495461
vt 0.213167 0.501122
vt 0.226171 0.501102
vt 0.212189 0.506691
vt 0.224219 0.511878
vt 0.209076 0.511360
vt 0.218237 0.520939
vt 0.227151 0.895965
vt 0.199806 0.898655
vt 0.328558 0.720623
vt 0.352638 0.726164
vt 0.333556 0.819479
vt 0.318394 0.841611
vt 0.253503 0.888488
vt 0.277637 0.875773
vt 0.299732 0.860801
vt 0.328447 0.751501
vt 0.352627 0.758335
vt 0.346372 0.789976
vt 0.172409 0.896046
vt 0.048355 0.726945
vt 0.081413 0.841418
vt 0.066573 0.819269
vt 0.121893 0.875754
vt 0.146008 0.888531
vt 0.099883 0.860694
vt 0.048218 0.758666
vt 0.054219 0.789929
vt 0.302080 0.683445
vt 0.346740 0.565118
vt 0.371648 0.590299
vt 0.278093 0.763270
vt 0.279726 0.750025
vt 0.271964 0.748494
vt 0.265501 0.761113
vt 0.266031 0.744474
vt 0.255064 0.754414
vt 0.261894 0.737818
vt 0.247930 0.743205
vt 0.260639 0.731323
vt 0.245726 0.731691
vt 0.262077 0.723930
vt 0.248253 0.719041
vt 0.266341 0.717677
vt 0.255712 0.708613
vt 0.272511 0.713372
vt 0.265966 0.701762
vt 0.280279 0.711522
vt 0.278692 0.699203
vt 0.287972 0.712693
vt 0.291307 0.701541
vt 0.294591 0.716970
vt 0.301667 0.708623
vt 0.299133 0.723864
vt 0.308831 0.719700
vt 0.300531 0.731205
vt 0.311062 0.731805
vt 0.298870 0.738673
vt 0.308534 0.743932
vt 0.294267 0.744846
vt 0.301190 0.754237
vt 0.287645 0.748913
vt 0.290872 0.761078
vt 0.217550 0.623409
vt 0.250992 0.666517
vt 0.252305 0.653403
vt 0.244907 0.652024
vt 0.238898 0.664324
vt 0.239097 0.648471
vt 0.229263 0.658263
vt 0.235066 0.642952
vt 0.222276 0.648700
vt 0.233698 0.636833
vt 0.219801 0.637476
vt 0.234925 0.629635
vt 0.222040 0.625321
vt 0.238688 0.624090
vt 0.228545 0.615437
vt 0.244416 0.620403
vt 0.238360 0.609121
vt 0.251728 0.619097
vt 0.249875 0.606940
vt 0.259129 0.620665
vt 0.261868 0.609301
vt 0.265223 0.624410
vt 0.272013 0.615462
vt 0.269584 0.629717
vt 0.279517 0.625030
vt 0.271478 0.635944
vt 0.282672 0.636261
vt 0.270165 0.642485
vt 0.280179 0.648099
vt 0.266262 0.647925
vt 0.273337 0.657615
vt 0.259797 0.651975
vt 0.263144 0.664196
vt 0.278060 0.766779
vt 0.292239 0.764346
vt 0.303686 0.756755
vt 0.311835 0.745323
vt 0.314640 0.731867
vt 0.312164 0.718437
vt 0.304215 0.706147
vt 0.292721 0.698289
vt 0.277211 0.681071
vt 0.278725 0.695695
vt 0.264605 0.698534
vt 0.250933 0.679337
vt 0.253228 0.706135
vt 0.244952 0.717706
vt 0.242149 0.731741
vt 0.244594 0.744515
vt 0.252510 0.756952
vt 0.264089 0.764385
vt 0.250960 0.670475
vt 0.237259 0.667990
vt 0.264726 0.667845
vt 0.276273 0.660389
vt 0.284025 0.649610
vt 0.286848 0.636199
vt 0.283274 0.623476
vt 0.274773 0.612637
vt 0.263280 0.605657
vt 0.249694 0.602983
vt 0.236649 0.605453
vt 0.225531 0.612608
vt 0.218161 0.623805
vt 0.215625 0.637575
vt 0.218428 0.650291
vt 0.226343 0.661124
vt 0.232684 0.924832
vt 0.221052 0.920822
vt 0.216940 0.932164
vt 0.229149 0.934335
vt 0.245190 0.909251
vt 0.236132 0.902235
vt 0.227537 0.910648
vt 0.238157 0.916368
vt 0.262506 0.899853
vt 0.257571 0.891878
vt 0.246367 0.896041
vt 0.253415 0.903722
vt 0.282208 0.897050
vt 0.281191 0.889766
vt 0.269405 0.889822
vt 0.272233 0.897691
vt 0.301654 0.900740
vt 0.302992 0.894970
vt 0.292373 0.891472
vt 0.292072 0.898082
vt 0.319237 0.910411
vt 0.322431 0.906227
vt 0.313115 0.899942
vt 0.310810 0.904897
vt 0.331806 0.925719
vt 0.336227 0.923321
vt 0.330253 0.914118
vt 0.326342 0.917453
vt 0.336475 0.944625
vt 0.341361 0.944499
vt 0.340074 0.933642
vt 0.335267 0.934916
vt 0.331827 0.963529
vt 0.336168 0.965564
vt 0.340169 0.955363
vt 0.335389 0.954357
vt 0.330035 0.974677
vt 0.326282 0.971728
vt 0.319144 0.978691
vt 0.322185 0.982466
vt 0.313004 0.988757
vt 0.310807 0.984305
vt 0.301676 0.988475
vt 0.303000 0.993371
vt 0.292669 0.996238
vt 0.292114 0.991018
vt 0.282292 0.992119
vt 0.281933 0.997711
vt 0.270525 0.997375
vt 0.272301 0.991529
vt 0.262537 0.989374
vt 0.259037 0.995167
vt 0.247908 0.991125
vt 0.253340 0.985520
vt 0.244962 0.979986
vt 0.237594 0.985090
vt 0.228573 0.977119
vt 0.237743 0.972856
vt 0.232267 0.964263
vt 0.221669 0.967299
vt 0.217218 0.956068
vt 0.228883 0.954602
vt 0.227838 0.944430
vt 0.215568 0.944101
vt 0.250035 0.944819
vt 0.250783 0.939453
vt 0.242663 0.937331
vt 0.241652 0.944766
vt 0.245456 0.930349
vt 0.244387 0.929871
vt 0.241550 0.937085
vt 0.252862 0.934339
vt 0.256140 0.929681
vt 0.249763 0.924142
vt 0.255273 0.918900
vt 0.254403 0.917981
vt 0.248773 0.923437
vt 0.260432 0.925640
vt 0.265553 0.922350
vt 0.261710 0.914740
vt 0.268811 0.911700
vt 0.268314 0.910461
vt 0.261008 0.913640
vt 0.271302 0.919891
vt 0.277482 0.918329
vt 0.276355 0.909819
vt 0.284129 0.909066
vt 0.284109 0.907687
vt 0.276093 0.908500
vt 0.283874 0.917694
vt 0.290285 0.918071
vt 0.291938 0.909588
vt 0.299563 0.911335
vt 0.300031 0.910059
vt 0.292164 0.908238
vt 0.296527 0.919447
vt 0.302389 0.921795
vt 0.306777 0.914307
vt 0.313332 0.918471
vt 0.314213 0.917502
vt 0.307465 0.913164
vt 0.307659 0.925041
vt 0.312101 0.929112
vt 0.318950 0.923774
vt 0.323326 0.930093
vt 0.324466 0.929576
vt 0.319981 0.923020
vt 0.315502 0.933873
vt 0.317651 0.939149
vt 0.326128 0.937214
vt 0.327108 0.944788
vt 0.328327 0.944786
vt 0.327331 0.936952
vt 0.318412 0.944704
vt 0.317720 0.950255
vt 0.326185 0.952370
vt 0.323420 0.959512
vt 0.324589 0.960030
vt 0.327417 0.952633
vt 0.315603 0.955524
vt 0.312180 0.960279
vt 0.319024 0.965828
vt 0.313380 0.971129
vt 0.314298 0.972115
vt 0.320096 0.966597
vt 0.307680 0.964360
vt 0.302334 0.967647
vt 0.306792 0.975295
vt 0.299543 0.978294
vt 0.300041 0.979595
vt 0.307514 0.976457
vt 0.296390 0.970062
vt 0.290076 0.971536
vt 0.291871 0.980099
vt 0.284000 0.980712
vt 0.283994 0.982134
vt 0.292122 0.981480
vt 0.283605 0.972011
vt 0.277151 0.971426
vt 0.276149 0.979982
vt 0.268516 0.978144
vt 0.268006 0.979402
vt 0.275889 0.981322
vt 0.270911 0.969894
vt 0.265119 0.967454
vt 0.261334 0.975124
vt 0.254853 0.970922
vt 0.253952 0.971836
vt 0.260611 0.976225
vt 0.259999 0.964149
vt 0.255763 0.960079
vt 0.249358 0.965596
vt 0.245145 0.959287
vt 0.244047 0.959739
vt 0.248333 0.966285
vt 0.252599 0.955378
vt 0.250666 0.950210
vt 0.242532 0.952221
vt 0.240525 0.944752
vt 0.241407 0.952437
vt 0.220047 0.920384
vt 0.215870 0.931932
vt 0.214480 0.944089
vt 0.235369 0.901442
vt 0.226636 0.910022
vt 0.257159 0.890861
vt 0.245763 0.895109
vt 0.281185 0.888700
vt 0.269201 0.888755
vt 0.303353 0.893992
vt 0.292551 0.890431
vt 0.323118 0.905480
vt 0.313647 0.899055
vt 0.337156 0.922915
vt 0.331083 0.913533
vt 0.342345 0.944489
vt 0.341070 0.933430
vt 0.337100 0.965973
vt 0.341171 0.955568
vt 0.322893 0.983208
vt 0.330874 0.975266
vt 0.303360 0.994341
vt 0.313549 0.989626
vt 0.281944 0.998799
vt 0.292850 0.997258
vt 0.258626 0.996190
vt 0.270329 0.998438
vt 0.236820 0.985887
vt 0.247305 0.992055
vt 0.220659 0.967709
vt 0.227665 0.977729
vt 0.216181 0.956265
vt 0.964828 0.943906
vt 0.961668 0.932752
vt 0.949652 0.934758
vt 0.953115 0.945934
vt 0.895907 0.990912
vt 0.907844 0.990912
vt 0.910968 0.977004
vt 0.897262 0.974420
vt 0.942456 0.950396
vt 0.936912 0.940085
vt 0.924282 0.949594
vt 0.932379 0.958171
vt 0.959441 0.919354
vt 0.976089 0.918080
vt 0.976089 0.906680
vt 0.959114 0.906680
vt 0.927853 0.908398
vt 0.931181 0.927372
vt 0.946047 0.922677
vt 0.943145 0.906680
vt 0.905093 0.911517
vt 0.905093 0.935909
vt 0.919426 0.980879
vt 0.916531 0.990912
vt 0.916992 0.962566
vt 0.925564 0.968264
vt 0.900294 0.957967
vt 0.976089 0.932203
vt 0.959114 0.892309
vt 0.976079 0.892309
vt 0.943145 0.892309
vt 0.927853 0.892309
vt 0.905093 0.893276
vt 0.976079 0.877320
vt 0.959114 0.877320
vt 0.943145 0.877320
vt 0.927853 0.877320
vt 0.905093 0.877320
vt 0.881553 0.912683
vt 0.881508 0.933713
vt 0.881508 0.954658
vt 0.881508 0.972097
vt 0.881508 0.990912
vt 0.881508 0.877462
vt 0.881508 0.893276
vt 0.976089 0.942364
vt 0.814595 0.514578
vt 0.814595 0.497618
vt 0.791879 0.497618
vt 0.791879 0.514578
vt 0.814595 0.531696
vt 0.791879 0.531696
vt 0.834430 0.531696
vt 0.834430 0.514578
vt 0.834430 0.497618
vt 0.814595 0.548788
vt 0.834430 0.548788
vt 0.791879 0.548788
vt 0.791879 0.565855
vt 0.814595 0.565855
vt 0.834430 0.565855
vt 0.814595 0.582883
vt 0.834430 0.582883
vt 0.791879 0.582883
vt 0.791879 0.599885
vt 0.814595 0.599885
vt 0.834430 0.599885
vt 0.814595 0.616866
vt 0.834430 0.616866
vt 0.791879 0.616866
vt 0.791879 0.633837
vt 0.814595 0.633837
vt 0.834430 0.633837
vt 0.814595 0.650797
vt 0.834430 0.650797
vt 0.791879 0.650797
vt 0.791879 0.667765
vt 0.814595 0.667765
vt 0.834430 0.667765
vt 0.814595 0.684751
vt 0.834430 0.684751
vt 0.791879 0.684751
vt 0.791879 0.701775
vt 0.814595 0.701775
vt 0.834430 0.701775
vt 0.814595 0.718845
vt 0.834430 0.718845
vt 0.791879 0.718845
vt 0.791879 0.735770
vt 0.814595 0.735770
vt 0.834430 0.735770
vt 0.814595 0.752759
vt 0.834430 0.752759
vt 0.791879 0.752759
vt 0.791879 0.769821
vt 0.814595 0.769821
vt 0.834430 0.769821
vt 0.814595 0.787108
vt 0.834430 0.787108
vt 0.791879 0.787108
vt 0.791879 0.804588
vt 0.814595 0.804588
vt 0.834430 0.804588
vt 0.814595 0.822232
vt 0.834430 0.822232
vt 0.791879 0.822232
vt 0.791879 0.840170
vt 0.814595 0.840170
vt 0.834430 0.840170
vt 0.814595 0.858447
vt 0.834430 0.858447
vt 0.791879 0.858447
vt 0.791879 0.875065
vt 0.814595 0.875065
vt 0.834430 0.875065
vt 0.814595 0.890692
vt 0.834430 0.890692
vt 0.791879 0.890692
vt 0.814640 0.910042
vt 0.834475 0.910042
vt 0.834479 0.931010
vt 0.857643 0.531696
vt 0.857643 0.514578
vt 0.857643 0.497618
vt 0.857643 0.565855
vt 0.857643 0.548788
vt 0.857643 0.599885
vt 0.857643 0.582883
vt 0.857643 0.633837
vt 0.857643 0.616866
vt 0.857643 0.667765
vt 0.857643 0.650797
vt 0.857643 0.701775
vt 0.857643 0.684751
vt 0.857643 0.735770
vt 0.857643 0.718845
vt 0.857643 0.769821
vt 0.857643 0.752759
vt 0.857643 0.804588
vt 0.857643 0.787108
vt 0.857643 0.840170
vt 0.857643 0.822232
vt 0.857643 0.875065
vt 0.857643 0.858447
vt 0.857468 0.910042
vt 0.857643 0.890692
vt 0.857291 0.951894
vt 0.857291 0.931010
vt 0.834479 0.951894
vt 0.857291 0.969282
vt 0.834479 0.969282
vt 0.834479 0.988042
vt 0.857291 0.988042
vt 0.768569 0.514578
vt 0.768569 0.497618
vt 0.768569 0.531696
vt 0.768569 0.548788
vt 0.768569 0.565855
vt 0.768569 0.582883
vt 0.768569 0.599885
vt 0.768569 0.616866
vt 0.768569 0.633837
vt 0.768569 0.650797
vt 0.768569 0.667765
vt 0.768569 0.684751
vt 0.768569 0.701775
vt 0.768569 0.718845
vt 0.768569 0.735770
vt 0.768569 0.752759
vt 0.768569 0.769821
vt 0.768569 0.787108
vt 0.768569 0.804588
vt 0.768569 0.822232
vt 0.768569 0.840170
vt 0.768569 0.858447
vt 0.768569 0.875065
vt 0.768569 0.890692
vt 0.927853 0.516271
vt 0.905093 0.516271
vt 0.905093 0.533308
vt 0.927853 0.533308
vt 0.943145 0.516271
vt 0.943145 0.533308
vt 0.943145 0.499051
vt 0.927853 0.499051
vt 0.905093 0.499051
vt 0.927853 0.550530
vt 0.905093 0.550530
vt 0.905093 0.567740
vt 0.927853 0.567740
vt 0.943145 0.550530
vt 0.943145 0.567740
vt 0.927853 0.584739
vt 0.905093 0.584739
vt 0.905093 0.601561
vt 0.927853 0.601561
vt 0.943145 0.584739
vt 0.943145 0.601561
vt 0.927853 0.618234
vt 0.905093 0.618234
vt 0.905093 0.635065
vt 0.927853 0.635065
vt 0.943145 0.618234
vt 0.943145 0.635065
vt 0.927853 0.652363
vt 0.905093 0.652363
vt 0.905093 0.669705
vt 0.927853 0.669705
vt 0.943145 0.652363
vt 0.943145 0.669705
vt 0.927853 0.686705
vt 0.905093 0.686705
vt 0.905093 0.703619
vt 0.927853 0.703619
vt 0.943145 0.686705
vt 0.943145 0.703619
vt 0.927853 0.720666
vt 0.905093 0.720666
vt 0.905093 0.737901
vt 0.927853 0.737901
vt 0.943145 0.720666
vt 0.943145 0.737901
vt 0.927853 0.754940
vt 0.905093 0.754940
vt 0.905093 0.772051
vt 0.927853 0.772051
vt 0.943145 0.754940
vt 0.943145 0.772051
vt 0.927853 0.789390
vt 0.905093 0.789390
vt 0.905093 0.806921
vt 0.927853 0.806921
vt 0.943145 0.789390
vt 0.943145 0.806921
vt 0.959114 0.824616
vt 0.959114 0.806921
vt 0.943145 0.824616
vt 0.959114 0.842594
vt 0.943145 0.842594
vt 0.976079 0.842594
vt 0.976079 0.824616
vt 0.976079 0.806921
vt 0.927853 0.860937
vt 0.905093 0.860937
vt 0.943145 0.860937
vt 0.927853 0.842594
vt 0.905093 0.842594
vt 0.959114 0.516271
vt 0.959114 0.533308
vt 0.976079 0.533308
vt 0.976079 0.516271
vt 0.959114 0.499051
vt 0.976079 0.499051
vt 0.881508 0.499051
vt 0.881508 0.516166
vt 0.881508 0.533268
vt 0.959114 0.550530
vt 0.959114 0.567740
vt 0.976079 0.567740
vt 0.976079 0.550530
vt 0.881508 0.550451
vt 0.881508 0.567614
vt 0.959114 0.584739
vt 0.959114 0.601561
vt 0.976079 0.601561
vt 0.976079 0.584739
vt 0.881508 0.584652
vt 0.881508 0.601589
vt 0.959114 0.618234
vt 0.959114 0.635065
vt 0.976079 0.635065
vt 0.976079 0.618234
vt 0.881508 0.618441
vt 0.881508 0.635367
vt 0.959114 0.652363
vt 0.959114 0.669705
vt 0.976079 0.669705
vt 0.976079 0.652363
vt 0.881508 0.652521
vt 0.881508 0.669701
vt 0.959114 0.686705
vt 0.959114 0.703619
vt 0.976079 0.703619
vt 0.976079 0.686705
vt 0.881508 0.686719
vt 0.881508 0.703713
vt 0.959114 0.720666
vt 0.959114 0.737901
vt 0.976079 0.737901
vt 0.976079 0.720666
vt 0.881508 0.720797
vt 0.881508 0.737901
vt 0.959114 0.754940
vt 0.959114 0.772051
vt 0.976079 0.772051
vt 0.976079 0.754940
vt 0.881508 0.754940
vt 0.881508 0.772051
vt 0.959114 0.789390
vt 0.976079 0.789390
vt 0.881508 0.789390
vt 0.881508 0.806921
vt 0.881508 0.824616
vt 0.905093 0.824616
vt 0.881508 0.842600
vt 0.959114 0.860937
vt 0.976079 0.860937
vt 0.881508 0.860937
vt 0.876373 0.516061
vt 0.876373 0.533228
vt 0.876373 0.499051
vt 0.876373 0.550372
vt 0.876373 0.567488
vt 0.876373 0.584565
vt 0.876373 0.601617
vt 0.876373 0.618649
vt 0.876373 0.635668
vt 0.876373 0.652679
vt 0.876373 0.669697
vt 0.876373 0.686733
vt 0.876373 0.703806
vt 0.876373 0.720926
vt 0.876373 0.737901
vt 0.876373 0.754940
vt 0.876373 0.772051
vt 0.876373 0.789390
vt 0.876373 0.806921
vt 0.876373 0.824616
vt 0.876373 0.842606
vt 0.876373 0.860937
vt 0.876373 0.877604
vt 0.876373 0.893276
vt 0.876418 0.912683
vt 0.876238 0.933713
vt 0.876238 0.954658
vt 0.876238 0.972097
vt 0.876238 0.990912
vt 0.927853 0.824616
vt 0.955324 0.054461
vt 0.951345 0.066076
vt 0.964053 0.067336
vt 0.966648 0.055815
vt 0.897972 0.025582
vt 0.910039 0.022066
vt 0.907337 0.008460
vt 0.896436 0.008460
vt 0.936951 0.060932
vt 0.944053 0.050053
vt 0.933841 0.042101
vt 0.922750 0.051231
vt 0.960112 0.080110
vt 0.959114 0.093399
vt 0.976079 0.094970
vt 0.975726 0.080883
vt 0.929351 0.071832
vt 0.927853 0.088899
vt 0.943145 0.091518
vt 0.945762 0.077427
vt 0.904919 0.062091
vt 0.905093 0.084694
vt 0.916271 0.008460
vt 0.919227 0.018453
vt 0.925485 0.031604
vt 0.915258 0.037470
vt 0.900079 0.042865
vt 0.975726 0.067247
vt 0.959114 0.105643
vt 0.976079 0.105643
vt 0.943145 0.105643
vt 0.927853 0.105643
vt 0.905093 0.105643
vt 0.976079 0.120408
vt 0.959114 0.120408
vt 0.943145 0.120408
vt 0.927853 0.120408
vt 0.905093 0.120408
vt 0.881508 0.079631
vt 0.881508 0.060680
vt 0.881508 0.043564
vt 0.881508 0.026621
vt 0.881508 0.008460
vt 0.881508 0.103640
vt 0.881508 0.120408
vt 0.975726 0.055581
vt 0.814595 0.480553
vt 0.791879 0.480553
vt 0.814595 0.463496
vt 0.791879 0.463496
vt 0.834430 0.480553
vt 0.834430 0.463496
vt 0.814595 0.446359
vt 0.834430 0.446359
vt 0.791879 0.446359
vt 0.814595 0.429239
vt 0.791879 0.429239
vt 0.834430 0.429239
vt 0.814595 0.412243
vt 0.834430 0.412243
vt 0.791879 0.412243
vt 0.814595 0.395347
vt 0.791879 0.395347
vt 0.834430 0.395347
vt 0.814595 0.378535
vt 0.834430 0.378535
vt 0.791879 0.378535
vt 0.814595 0.361649
vt 0.791879 0.361649
vt 0.834430 0.361649
vt 0.814595 0.344535
vt 0.834430 0.344535
vt 0.791879 0.344535
vt 0.814595 0.327398
vt 0.791879 0.327398
vt 0.834430 0.327398
vt 0.814595 0.310423
vt 0.834430 0.310423
vt 0.791879 0.310423
vt 0.814595 0.293475
vt 0.791879 0.293475
vt 0.834430 0.293475
vt 0.814595 0.276438
vt 0.834430 0.276438
vt 0.791879 0.276438
vt 0.814595 0.259384
vt 0.791879 0.259384
vt 0.834430 0.259384
vt 0.814595 0.242398
vt 0.834430 0.242398
vt 0.791879 0.242398
vt 0.814595 0.225340
vt 0.791879 0.225340
vt 0.834430 0.225340
vt 0.814595 0.208057
vt 0.834430 0.208057
vt 0.791879 0.208057
vt 0.814595 0.190585
vt 0.791879 0.190585
vt 0.834430 0.190585
vt 0.814595 0.172953
vt 0.834430 0.172953
vt 0.791879 0.172953
vt 0.814595 0.155039
vt 0.791879 0.155039
vt 0.834430 0.155039
vt 0.814595 0.136786
vt 0.834430 0.136786
vt 0.791879 0.136786
vt 0.814595 0.120081
vt 0.791879 0.120081
vt 0.834430 0.120081
vt 0.814595 0.103362
vt 0.834430 0.103362
vt 0.791879 0.103362
vt 0.814595 0.079423
vt 0.834430 0.079423
vt 0.834430 0.060527
vt 0.857643 0.480553
vt 0.857643 0.463496
vt 0.857643 0.446359
vt 0.857643 0.429239
vt 0.857643 0.412243
vt 0.857643 0.395347
vt 0.857643 0.378535
vt 0.857643 0.361649
vt 0.857643 0.327398
vt 0.857643 0.344535
vt 0.857643 0.310423
vt 0.857643 0.293475
vt 0.857643 0.276438
vt 0.857643 0.259384
vt 0.857643 0.242398
vt 0.857643 0.225340
vt 0.857643 0.208057
vt 0.857643 0.190585
vt 0.857643 0.172953
vt 0.857643 0.155039
vt 0.857643 0.136786
vt 0.857643 0.120081
vt 0.857643 0.103362
vt 0.857643 0.079423
vt 0.857643 0.060527
vt 0.857643 0.043462
vt 0.834430 0.043462
vt 0.834430 0.008460
vt 0.834430 0.026568
vt 0.857643 0.026568
vt 0.857643 0.008460
vt 0.768569 0.480553
vt 0.768569 0.463496
vt 0.768569 0.446359
vt 0.768569 0.429239
vt 0.768569 0.412243
vt 0.768569 0.395347
vt 0.768569 0.378535
vt 0.768569 0.361649
vt 0.768569 0.344535
vt 0.768569 0.327398
vt 0.768569 0.310423
vt 0.768569 0.293475
vt 0.768569 0.276438
vt 0.768569 0.259384
vt 0.768569 0.242398
vt 0.768569 0.225340
vt 0.768569 0.208057
vt 0.768569 0.190585
vt 0.768569 0.172953
vt 0.768569 0.155039
vt 0.768569 0.136786
vt 0.768569 0.120081
vt 0.768569 0.103362
vt 0.927853 0.481936
vt 0.927853 0.464830
vt 0.905093 0.464830
vt 0.905093 0.481936
vt 0.943145 0.481936
vt 0.943145 0.464830
vt 0.927853 0.447642
vt 0.927853 0.430472
vt 0.905093 0.430472
vt 0.905093 0.447642
vt 0.943145 0.447642
vt 0.943145 0.430472
vt 0.927853 0.413426
vt 0.927853 0.396481
vt 0.905093 0.396481
vt 0.905093 0.413426
vt 0.943145 0.413426
vt 0.943145 0.396481
vt 0.927853 0.379619
vt 0.927853 0.362683
vt 0.905093 0.362683
vt 0.905093 0.379619
vt 0.943145 0.379619
vt 0.943145 0.362683
vt 0.927853 0.345520
vt 0.927853 0.328333
vt 0.905093 0.328333
vt 0.905093 0.345520
vt 0.943145 0.345520
vt 0.943145 0.328333
vt 0.927853 0.311308
vt 0.927853 0.294310
vt 0.905093 0.294310
vt 0.905093 0.311308
vt 0.943145 0.311308
vt 0.943145 0.294310
vt 0.927853 0.277223
vt 0.927853 0.260119
vt 0.905093 0.260119
vt 0.905093 0.277223
vt 0.943145 0.277223
vt 0.943145 0.260119
vt 0.927853 0.243083
vt 0.927853 0.225975
vt 0.905093 0.225975
vt 0.905093 0.243083
vt 0.943145 0.243083
vt 0.943145 0.225975
vt 0.927853 0.208642
vt 0.927853 0.191119
vt 0.905093 0.191119
vt 0.905093 0.208642
vt 0.943145 0.208642
vt 0.943145 0.191119
vt 0.959114 0.191119
vt 0.959114 0.173435
vt 0.943145 0.173435
vt 0.959114 0.155469
vt 0.943145 0.155469
vt 0.976079 0.173435
vt 0.976079 0.155469
vt 0.976079 0.191119
vt 0.927853 0.137162
vt 0.927853 0.155469
vt 0.943145 0.137162
vt 0.905093 0.137162
vt 0.905093 0.155469
vt 0.959114 0.481936
vt 0.959114 0.464830
vt 0.976079 0.481936
vt 0.976079 0.464830
vt 0.881508 0.481936
vt 0.881508 0.464830
vt 0.959114 0.447642
vt 0.959114 0.430472
vt 0.976079 0.447642
vt 0.976079 0.430472
vt 0.881508 0.447642
vt 0.881508 0.430472
vt 0.959114 0.413426
vt 0.959114 0.396481
vt 0.976079 0.413426
vt 0.976079 0.396481
vt 0.881508 0.413426
vt 0.881508 0.396481
vt 0.959114 0.379619
vt 0.959114 0.362683
vt 0.976079 0.379619
vt 0.976079 0.362683
vt 0.881508 0.379619
vt 0.881508 0.362683
vt 0.959114 0.345520
vt 0.959114 0.328333
vt 0.976079 0.345520
vt 0.976079 0.328333
vt 0.881508 0.345520
vt 0.881508 0.328333
vt 0.959114 0.311308
vt 0.959114 0.294310
vt 0.976079 0.311308
vt 0.976079 0.294310
vt 0.881508 0.311308
vt 0.881508 0.294310
vt 0.959114 0.277223
vt 0.959114 0.260119
vt 0.976079 0.277223
vt 0.976079 0.260119
vt 0.881508 0.277223
vt 0.881508 0.260119
vt 0.959114 0.243083
vt 0.959114 0.225975
vt 0.976079 0.243083
vt 0.976079 0.225975
vt 0.881508 0.243083
vt 0.881508 0.225975
vt 0.959114 0.208642
vt 0.976079 0.208642
vt 0.881508 0.208642
vt 0.881508 0.191119
vt 0.905093 0.173435
vt 0.881508 0.173435
vt 0.881508 0.155469
vt 0.959114 0.137162
vt 0.976079 0.137162
vt 0.881508 0.137162
vt 0.876373 0.481936
vt 0.876373 0.464830
vt 0.876373 0.430472
vt 0.876373 0.447642
vt 0.876373 0.396481
vt 0.876373 0.413426
vt 0.876373 0.362683
vt 0.876373 0.379619
vt 0.876373 0.328333
vt 0.876373 0.345520
vt 0.876373 0.294310
vt 0.876373 0.311308
vt 0.876373 0.260119
vt 0.876373 0.277223
vt 0.876373 0.225975
vt 0.876373 0.243083
vt 0.876373 0.191119
vt 0.876373 0.208642
vt 0.876373 0.155469
vt 0.876373 0.173435
vt 0.876373 0.120408
vt 0.876373 0.137162
vt 0.876373 0.079631
vt 0.876373 0.103640
vt 0.876373 0.043564
vt 0.876373 0.060680
vt 0.876373 0.008460
vt 0.876373 0.026621
vt 0.927853 0.173435
vt 0.975726 0.047535
vt 0.967429 0.047370
vt 0.957219 0.953304
vt 0.966446 0.952052
vt 0.925497 0.990912
vt 0.928025 0.982398
vt 0.933551 0.971474
vt 0.939283 0.963030
vt 0.947913 0.956771
vt 0.868150 0.516061
vt 0.868150 0.533228
vt 0.868150 0.499051
vt 0.868150 0.567488
vt 0.868150 0.550372
vt 0.868150 0.601617
vt 0.868150 0.584565
vt 0.868150 0.635668
vt 0.868150 0.618649
vt 0.868150 0.669697
vt 0.868150 0.652679
vt 0.868150 0.703806
vt 0.868150 0.686733
vt 0.868150 0.737901
vt 0.868150 0.720926
vt 0.868150 0.772051
vt 0.868150 0.754940
vt 0.868150 0.806921
vt 0.868150 0.789390
vt 0.868150 0.842606
vt 0.868150 0.824616
vt 0.868150 0.877604
vt 0.868150 0.860937
vt 0.867975 0.912683
vt 0.868150 0.893276
vt 0.867797 0.954658
vt 0.867797 0.933713
vt 0.867797 0.990912
vt 0.867797 0.972097
vt 0.989115 0.499051
vt 0.989115 0.516271
vt 0.989115 0.533308
vt 0.989115 0.550530
vt 0.989115 0.567740
vt 0.989115 0.584739
vt 0.989115 0.601561
vt 0.989115 0.618234
vt 0.989115 0.635065
vt 0.989115 0.652363
vt 0.989115 0.669705
vt 0.989115 0.686705
vt 0.989115 0.703619
vt 0.989115 0.720666
vt 0.989115 0.737901
vt 0.989115 0.754940
vt 0.989115 0.772051
vt 0.989115 0.789390
vt 0.989115 0.806921
vt 0.989115 0.824616
vt 0.989115 0.842594
vt 0.993458 0.860937
vt 0.996064 0.877320
vt 0.998670 0.892309
vt 0.976089 0.950298
vt 0.958921 0.046629
vt 0.927908 0.016793
vt 0.925283 0.008460
vt 0.940680 0.036957
vt 0.933502 0.028212
vt 0.949544 0.043272
vt 0.868150 0.481936
vt 0.868150 0.464830
vt 0.868150 0.430472
vt 0.868150 0.447642
vt 0.868150 0.396481
vt 0.868150 0.413426
vt 0.868150 0.362683
vt 0.868150 0.379619
vt 0.868150 0.328333
vt 0.868150 0.345520
vt 0.868150 0.294310
vt 0.868150 0.311308
vt 0.868150 0.260119
vt 0.868150 0.277223
vt 0.868150 0.225975
vt 0.868150 0.243083
vt 0.868150 0.191119
vt 0.868150 0.208642
vt 0.868150 0.155469
vt 0.868150 0.173435
vt 0.868150 0.120408
vt 0.868150 0.137162
vt 0.868150 0.079631
vt 0.868150 0.103640
vt 0.868150 0.043564
vt 0.868150 0.060680
vt 0.868150 0.008460
vt 0.868150 0.026621
vt 0.989115 0.481936
vt 0.989115 0.464830
vt 0.989115 0.447642
vt 0.989115 0.430472
vt 0.989115 0.413426
vt 0.989115 0.396481
vt 0.989115 0.379619
vt 0.989115 0.362683
vt 0.989115 0.345520
vt 0.989115 0.328333
vt 0.989115 0.311308
vt 0.989115 0.294310
vt 0.989115 0.277223
vt 0.989115 0.260119
vt 0.989115 0.243083
vt 0.989115 0.225975
vt 0.989115 0.208642
vt 0.989115 0.191119
vt 0.989115 0.173435
vt 0.989115 0.155469
vt 0.993458 0.137162
vt 0.996064 0.120408
vt 0.998670 0.105643
vt 0.974995 0.050762
vt 0.972073 0.050762
vt 0.973534 0.047841
vt 0.974995 0.050762
vt 0.972073 0.050762
vt 0.973534 0.047841
vt 0.974995 0.050762
vt 0.972073 0.050762
vt 0.973534 0.047841
vt 0.974995 0.050762
vt 0.972073 0.050762
vt 0.973534 0.047841
vt 0.974995 0.050762
vt 0.972073 0.050762
vt 0.973534 0.047841
vt 0.974995 0.050762
vt 0.972073 0.050762
vt 0.973534 0.047841
vt 0.974995 0.050762
vt 0.972073 0.050762
vt 0.973534 0.047841
vt 0.974995 0.050762
vt 0.972073 0.050762
vt 0.973534 0.047841
vt 0.974995 0.050762
vt 0.972073 0.050762
vt 0.973534 0.047841
vt 0.974995 0.050762
vt 0.972073 0.050762
vt 0.973534 0.047841
vt 0.974995 0.050762
vt 0.972073 0.050762
vt 0.973534 0.047841
vt 0.974995 0.050762
vt 0.972073 0.050762
vt 0.973534 0.047841
vt 0.974995 0.050762
vt 0.972073 0.050762
vt 0.973534 0.047841
vt 0.974995 0.050762
vt 0.972073 0.050762
vt 0.973534 0.047841
vn -0.113601 0.912404 -0.393210
vn -0.122574 0.928095 -0.351590
vn -0.122574 0.928100 -0.351578
vn -0.122574 0.928100 -0.351578
vn -0.113980 0.912713 -0.392382
vn -0.113601 0.912404 -0.393210
vn -0.113199 0.944294 -0.309022
vn -0.113482 0.944058 -0.309639
vn -0.122574 0.928100 -0.351578
vn -0.122574 0.928100 -0.351578
vn -0.122574 0.928095 -0.351590
vn -0.113199 0.944294 -0.309022
vn -0.044890 0.889033 -0.455637
vn -0.085734 0.898815 -0.429862
vn -0.086173 0.898968 -0.429453
vn -0.086173 0.898968 -0.429453
vn -0.044897 0.889034 -0.455634
vn -0.044890 0.889033 -0.455637
vn -0.086318 0.958062 -0.273251
vn -0.046701 0.967210 -0.249647
vn -0.047476 0.967098 -0.249935
vn -0.047476 0.967098 -0.249935
vn -0.087128 0.957781 -0.273978
vn -0.086318 0.958062 -0.273251
vn -0.085734 0.898815 -0.429862
vn -0.113601 0.912404 -0.393210
vn -0.113980 0.912713 -0.392382
vn -0.113980 0.912713 -0.392382
vn -0.086173 0.898968 -0.429453
vn -0.085734 0.898815 -0.429862
vn -0.086318 0.958062 -0.273251
vn -0.087128 0.957781 -0.273978
vn -0.113482 0.944058 -0.309639
vn -0.113482 0.944058 -0.309639
vn -0.113199 0.944294 -0.309022
vn -0.086318 0.958062 -0.273251
vn -0.000001 0.885868 -0.463937
vn -0.044890 0.889033 -0.455637
vn -0.044897 0.889034 -0.455634
vn -0.044897 0.889034 -0.455634
vn 0.000002 0.885868 -0.463937
vn -0.000001 0.885868 -0.463937
vn -0.000001 0.970391 -0.241538
vn 0.000002 0.970391 -0.241538
vn -0.047476 0.967098 -0.249935
vn -0.047476 0.967098 -0.249935
vn -0.046701 0.967210 -0.249647
vn -0.000001 0.970391 -0.241538
vn 0.122602 0.928092 -0.351588
vn 0.113625 0.912397 -0.393218
vn 0.114004 0.912708 -0.392388
vn 0.114004 0.912708 -0.392388
vn 0.122602 0.928096 -0.351576
vn 0.122602 0.928092 -0.351588
vn 0.113223 0.944295 -0.309011
vn 0.122602 0.928092 -0.351588
vn 0.122602 0.928096 -0.351576
vn 0.122602 0.928096 -0.351576
vn 0.113506 0.944058 -0.309631
vn 0.113223 0.944295 -0.309011
vn 0.085746 0.898808 -0.429875
vn 0.044892 0.889028 -0.455646
vn 0.044904 0.889030 -0.455641
vn 0.044904 0.889030 -0.455641
vn 0.086189 0.898962 -0.429464
vn 0.085746 0.898808 -0.429875
vn 0.046702 0.967213 -0.249636
vn 0.086330 0.958065 -0.273236
vn 0.087144 0.957783 -0.273966
vn 0.087144 0.957783 -0.273966
vn 0.047483 0.967100 -0.249926
vn 0.046702 0.967213 -0.249636
vn 0.085746 0.898808 -0.429875
vn 0.086189 0.898962 -0.429464
vn 0.114004 0.912708 -0.392388
vn 0.114004 0.912708 -0.392388
vn 0.113625 0.912397 -0.393218
vn 0.085746 0.898808 -0.429875
vn 0.086330 0.958065 -0.273236
vn 0.113223 0.944295 -0.309011
vn 0.113506 0.944058 -0.309631
vn 0.113506 0.944058 -0.309631
vn 0.087144 0.957783 -0.273966
vn 0.086330 0.958065 -0.273236
vn 0.044892 0.889028 -0.455646
vn -0.000001 0.885868 -0.463937
vn 0.000002 0.885868 -0.463937
vn 0.000002 0.885868 -0.463937
vn 0.044904 0.889030 -0.455641
vn 0.044892 0.889028 -0.455646
vn 0.046702 0.967213 -0.249636
vn 0.047483 0.967100 -0.249926
vn 0.000002 0.970391 -0.241538
vn 0.000002 0.970391 -0.241538
vn -0.000001 0.970391 -0.241538
vn 0.046702 0.967213 -0.249636
vn 0.999656 0.024398 -0.009664
vn 0.999656 0.024393 -0.009620
vn 0.931466 0.151219 0.330913
vn 0.931466 0.151219 0.330913
vn 0.928709 0.151104 0.338625
vn 0.999656 0.024398 -0.009664
vn 0.924872 -0.111974 -0.363419
vn 0.927604 -0.112208 -0.356315
vn 0.999656 0.024393 -0.009620
vn 0.999656 0.024393 -0.009620
vn 0.999656 0.024398 -0.009664
vn 0.924872 -0.111974 -0.363419
vn 0.710601 -0.234316 -0.663433
vn 0.717845 -0.235403 -0.655198
vn 0.927604 -0.112208 -0.356315
vn 0.927604 -0.112208 -0.356315
vn 0.924872 -0.111974 -0.363419
vn 0.710601 -0.234316 -0.663433
vn 0.387314 -0.320598 -0.864410
vn 0.394387 -0.322234 -0.860595
vn 0.717845 -0.235403 -0.655198
vn 0.717845 -0.235403 -0.655198
vn 0.710601 -0.234316 -0.663433
vn 0.387314 -0.320598 -0.864410
vn 0.000648 -0.353138 -0.935571
vn 0.000671 -0.353113 -0.935581
vn 0.394387 -0.322234 -0.860595
vn 0.394387 -0.322234 -0.860595
vn 0.387314 -0.320598 -0.864410
vn 0.000648 -0.353138 -0.935571
vn -0.386533 -0.323454 -0.863695
vn -0.393593 -0.319579 -0.861948
vn 0.000671 -0.353113 -0.935581
vn 0.000671 -0.353113 -0.935581
vn 0.000648 -0.353138 -0.935571
vn -0.386533 -0.323454 -0.863695
vn -0.710664 -0.238052 -0.662033
vn -0.717856 -0.231581 -0.656546
vn -0.393593 -0.319579 -0.861948
vn -0.393593 -0.319579 -0.861948
vn -0.386533 -0.323454 -0.863695
vn -0.710664 -0.238052 -0.662033
vn -0.925250 -0.114277 -0.361736
vn -0.927872 -0.109294 -0.356524
vn -0.717856 -0.231581 -0.656546
vn -0.717856 -0.231581 -0.656546
vn -0.710664 -0.238052 -0.662033
vn -0.925250 -0.114277 -0.361736
vn -0.999656 0.024797 -0.008558
vn -0.999655 0.024832 -0.008516
vn -0.927872 -0.109294 -0.356524
vn -0.927872 -0.109294 -0.356524
vn -0.925250 -0.114277 -0.361736
vn -0.999656 0.024797 -0.008558
vn -0.928323 0.153977 0.338389
vn -0.931194 0.148890 0.332731
vn -0.999655 0.024832 -0.008516
vn -0.999655 0.024832 -0.008516
vn -0.999656 0.024797 -0.008558
vn -0.928323 0.153977 0.338389
vn -0.707856 0.265024 0.654753
vn -0.715043 0.258713 0.649447
vn -0.931194 0.148890 0.332731
vn -0.931194 0.148890 0.332731
vn -0.928323 0.153977 0.338389
vn -0.707856 0.265024 0.654753
vn -0.366111 0.335245 0.868086
vn -0.372854 0.331698 0.866577
vn -0.715043 0.258713 0.649447
vn -0.715043 0.258713 0.649447
vn -0.707856 0.265024 0.654753
vn -0.366111 0.335245 0.868086
vn -0.000563 0.355200 0.934790
vn -0.000582 0.355222 0.934782
vn -0.372854 0.331698 0.866577
vn -0.372854 0.331698 0.866577
vn -0.366111 0.335245 0.868086
vn -0.000563 0.355200 0.934790
vn 0.365224 0.332732 0.869426
vn 0.371951 0.334494 0.865891
vn -0.000582 0.355222 0.934782
vn -0.000582 0.355222 0.934782
vn -0.000563 0.355200 0.934790
vn 0.365224 0.332732 0.869426
vn 0.707915 0.261223 0.656216
vn 0.715051 0.262551 0.647896
vn 0.371951 0.334494 0.865891
vn 0.371951 0.334494 0.865891
vn 0.365224 0.332732 0.869426
vn 0.707915 0.261223 0.656216
vn 0.928709 0.151104 0.338625
vn 0.931466 0.151219 0.330913
vn 0.715051 0.262551 0.647896
vn 0.715051 0.262551 0.647896
vn 0.707915 0.261223 0.656216
vn 0.928709 0.151104 0.338625
vn -0.122574 0.928095 -0.351591
vn 0.000014 0.935001 -0.354644
vn -0.113575 0.912383 -0.393267
vn -0.113177 0.944313 -0.308973
vn 0.000014 0.935001 -0.354644
vn -0.122574 0.928095 -0.351591
vn -0.085688 0.898799 -0.429904
vn 0.000014 0.935001 -0.354644
vn -0.044898 0.889034 -0.455634
vn -0.046641 0.967219 -0.249624
vn 0.000014 0.935001 -0.354644
vn -0.086256 0.958084 -0.273194
vn -0.113575 0.912383 -0.393267
vn 0.000014 0.935001 -0.354644
vn -0.085688 0.898799 -0.429904
vn -0.086256 0.958084 -0.273194
vn 0.000014 0.935001 -0.354644
vn -0.113177 0.944313 -0.308973
vn -0.044898 0.889034 -0.455634
vn 0.000014 0.935001 -0.354644
vn -0.000001 0.885868 -0.463937
vn -0.000001 0.970392 -0.241537
vn 0.000014 0.935001 -0.354644
vn -0.046641 0.967219 -0.249624
vn 0.113598 0.912376 -0.393277
vn 0.000014 0.935001 -0.354644
vn 0.122602 0.928091 -0.351589
vn 0.122602 0.928091 -0.351589
vn 0.000014 0.935001 -0.354644
vn 0.113200 0.944314 -0.308962
vn 0.044899 0.889029 -0.455644
vn 0.000014 0.935001 -0.354644
vn 0.085700 0.898792 -0.429917
vn 0.086268 0.958087 -0.273180
vn 0.000014 0.935001 -0.354644
vn 0.046642 0.967222 -0.249613
vn 0.085700 0.898792 -0.429917
vn 0.000014 0.935001 -0.354644
vn 0.113598 0.912376 -0.393277
vn 0.113200 0.944314 -0.308962
vn 0.000014 0.935001 -0.354644
vn 0.086268 0.958087 -0.273180
vn -0.000001 0.885868 -0.463937
vn 0.000014 0.935001 -0.354644
vn 0.044899 0.889029 -0.455644
vn 0.046642 0.967222 -0.249613
vn 0.000014 0.935001 -0.354644
vn -0.000001 0.970392 -0.241537
vn -0.122575 0.928095 -0.351590
vn -0.122574 0.928100 -0.351578
vn -0.114015 0.912740 -0.392309
vn -0.114015 0.912740 -0.392309
vn -0.113619 0.912417 -0.393174
vn -0.122575 0.928095 -0.351590
vn -0.113212 0.944282 -0.309053
vn -0.113508 0.944035 -0.309699
vn -0.122574 0.928100 -0.351578
vn -0.122574 0.928100 -0.351578
vn -0.122575 0.928095 -0.351590
vn -0.113212 0.944282 -0.309053
vn -0.085762 0.898825 -0.429835
vn -0.086225 0.898986 -0.429406
vn -0.044887 0.889033 -0.455638
vn -0.044887 0.889033 -0.455638
vn -0.044885 0.889032 -0.455639
vn -0.085762 0.898825 -0.429835
vn -0.046737 0.967205 -0.249661
vn -0.047546 0.967088 -0.249961
vn -0.087200 0.957755 -0.274045
vn -0.087200 0.957755 -0.274045
vn -0.086355 0.958049 -0.273286
vn -0.046737 0.967205 -0.249661
vn -0.113619 0.912417 -0.393174
vn -0.114015 0.912740 -0.392309
vn -0.086225 0.898986 -0.429406
vn -0.086225 0.898986 -0.429406
vn -0.085762 0.898825 -0.429835
vn -0.113619 0.912417 -0.393174
vn -0.086355 0.958049 -0.273286
vn -0.087200 0.957755 -0.274045
vn -0.113508 0.944035 -0.309699
vn -0.113508 0.944035 -0.309699
vn -0.113212 0.944282 -0.309053
vn -0.086355 0.958049 -0.273286
vn -0.044885 0.889032 -0.455639
vn -0.044887 0.889033 -0.455638
vn 0.000003 0.885868 -0.463937
vn 0.000003 0.885868 -0.463937
vn -0.000001 0.885868 -0.463937
vn -0.044885 0.889032 -0.455639
vn -0.000002 0.970392 -0.241537
vn 0.000002 0.970392 -0.241537
vn -0.047546 0.967088 -0.249961
vn -0.047546 0.967088 -0.249961
vn -0.046737 0.967205 -0.249661
vn -0.000002 0.970392 -0.241537
vn 0.113642 0.912411 -0.393182
vn 0.114039 0.912735 -0.392313
vn 0.122600 0.928096 -0.351577
vn 0.122600 0.928096 -0.351577
vn 0.122599 0.928092 -0.351590
vn 0.113642 0.912411 -0.393182
vn 0.122599 0.928092 -0.351590
vn 0.122600 0.928096 -0.351577
vn 0.113533 0.944035 -0.309690
vn 0.113533 0.944035 -0.309690
vn 0.113236 0.944284 -0.309041
vn 0.122599 0.928092 -0.351590
vn 0.044886 0.889029 -0.455646
vn 0.044894 0.889030 -0.455643
vn 0.086238 0.898981 -0.429414
vn 0.086238 0.898981 -0.429414
vn 0.085772 0.898818 -0.429847
vn 0.044886 0.889029 -0.455646
vn 0.086369 0.958052 -0.273270
vn 0.087218 0.957758 -0.274032
vn 0.047554 0.967089 -0.249954
vn 0.047554 0.967089 -0.249954
vn 0.046739 0.967207 -0.249651
vn 0.086369 0.958052 -0.273270
vn 0.085772 0.898818 -0.429847
vn 0.086238 0.898981 -0.429414
vn 0.114039 0.912735 -0.392313
vn 0.114039 0.912735 -0.392313
vn 0.113642 0.912411 -0.393182
vn 0.085772 0.898818 -0.429847
vn 0.113236 0.944284 -0.309041
vn 0.113533 0.944035 -0.309690
vn 0.087218 0.957758 -0.274032
vn 0.087218 0.957758 -0.274032
vn 0.086369 0.958052 -0.273270
vn 0.113236 0.944284 -0.309041
vn -0.000001 0.885868 -0.463937
vn 0.000003 0.885868 -0.463937
vn 0.044894 0.889030 -0.455643
vn 0.044894 0.889030 -0.455643
vn 0.044886 0.889029 -0.455646
vn -0.000001 0.885868 -0.463937
vn 0.046739 0.967207 -0.249651
vn 0.047554 0.967089 -0.249954
vn 0.000002 0.970392 -0.241537
vn 0.000002 0.970392 -0.241537
vn -0.000002 0.970392 -0.241537
vn 0.046739 0.967207 -0.249651
vn 0.977257 0.198295 -0.075155
vn 0.977256 0.198439 -0.074789
vn 0.910468 0.323679 0.257448
vn 0.910468 0.323679 0.257448
vn 0.910043 0.323758 0.258848
vn 0.977257 0.198295 -0.075155
vn 0.906277 0.069656 -0.416906
vn 0.906980 0.069883 -0.415335
vn 0.977256 0.198439 -0.074789
vn 0.977256 0.198439 -0.074789
vn 0.977257 0.198295 -0.075155
vn 0.906277 0.069656 -0.416906
vn 0.699398 0.439129 0.563922
vn 0.699883 0.439208 0.563258
vn 0.366306 0.517903 0.773044
vn 0.366306 0.517903 0.773044
vn 0.366458 0.517922 0.772959
vn 0.699398 0.439129 0.563922
vn 0.383916 -0.118228 -0.915768
vn 0.385526 -0.118369 -0.915073
vn 0.702092 -0.041573 -0.710872
vn 0.702092 -0.041573 -0.710872
vn 0.700364 -0.041673 -0.712568
vn 0.383916 -0.118228 -0.915768
vn 0.910043 0.323758 0.258848
vn 0.910468 0.323679 0.257448
vn 0.699883 0.439208 0.563258
vn 0.699883 0.439208 0.563258
vn 0.699398 0.439129 0.563922
vn 0.910043 0.323758 0.258848
vn 0.700364 -0.041673 -0.712568
vn 0.702092 -0.041573 -0.710872
vn 0.906980 0.069883 -0.415335
vn 0.906980 0.069883 -0.415335
vn 0.906277 0.069656 -0.416906
vn 0.700364 -0.041673 -0.712568
vn 0.366458 0.517922 0.772959
vn 0.366306 0.517903 0.773044
vn 0.000039 0.543023 0.839718
vn 0.000039 0.543023 0.839718
vn 0.000043 0.543025 0.839717
vn 0.366458 0.517922 0.772959
vn 0.000175 -0.146001 -0.989285
vn 0.000183 -0.146003 -0.989284
vn 0.385526 -0.118369 -0.915073
vn 0.385526 -0.118369 -0.915073
vn 0.383916 -0.118228 -0.915768
vn 0.000175 -0.146001 -0.989285
vn -0.909838 0.324255 0.258946
vn -0.910430 0.323408 0.257923
vn -0.977256 0.198522 -0.074562
vn -0.977256 0.198522 -0.074562
vn -0.977256 0.198379 -0.074948
vn -0.909838 0.324255 0.258946
vn -0.977256 0.198379 -0.074948
vn -0.977256 0.198522 -0.074562
vn -0.906994 0.070275 -0.415239
vn -0.906994 0.070275 -0.415239
vn -0.906420 0.069393 -0.416638
vn -0.977256 0.198379 -0.074948
vn -0.366439 0.517887 0.772992
vn -0.366290 0.517945 0.773023
vn -0.700269 0.438810 0.563089
vn -0.700269 0.438810 0.563089
vn -0.699650 0.439302 0.563474
vn -0.366439 0.517887 0.772992
vn -0.700420 -0.042173 -0.712484
vn -0.701994 -0.041105 -0.710996
vn -0.385340 -0.118028 -0.915195
vn -0.385340 -0.118028 -0.915195
vn -0.383798 -0.118627 -0.915766
vn -0.700420 -0.042173 -0.712484
vn -0.699650 0.439302 0.563474
vn -0.700269 0.438810 0.563089
vn -0.910430 0.323408 0.257923
vn -0.910430 0.323408 0.257923
vn -0.909838 0.324255 0.258946
vn -0.699650 0.439302 0.563474
vn -0.906420 0.069393 -0.416638
vn -0.906994 0.070275 -0.415239
vn -0.701994 -0.041105 -0.710996
vn -0.701994 -0.041105 -0.710996
vn -0.700420 -0.042173 -0.712484
vn -0.906420 0.069393 -0.416638
vn 0.000043 0.543025 0.839717
vn 0.000039 0.543023 0.839718
vn -0.366290 0.517945 0.773023
vn -0.366290 0.517945 0.773023
vn -0.366439 0.517887 0.772992
vn 0.000043 0.543025 0.839717
vn -0.383798 -0.118627 -0.915766
vn -0.385340 -0.118028 -0.915195
vn 0.000183 -0.146003 -0.989284
vn 0.000183 -0.146003 -0.989284
vn 0.000175 -0.146001 -0.989285
vn -0.383798 -0.118627 -0.915766
vn -0.979453 0.188504 -0.071678
vn -0.979452 0.188665 -0.071272
vn -0.914841 0.065500 -0.398467
vn -0.914841 0.065500 -0.398467
vn -0.914075 0.064107 -0.400446
vn -0.979453 0.188504 -0.071678
vn -0.910525 0.316169 0.266423
vn -0.911070 0.315318 0.265567
vn -0.979452 0.188665 -0.071272
vn -0.979452 0.188665 -0.071272
vn -0.979453 0.188504 -0.071678
vn -0.910525 0.316169 0.266423
vn -0.703521 -0.051294 -0.708821
vn -0.704710 -0.050395 -0.707704
vn -0.366309 -0.131364 -0.921174
vn -0.366309 -0.131364 -0.921174
vn -0.366214 -0.131306 -0.921220
vn -0.703521 -0.051294 -0.708821
vn -0.390169 0.506091 0.769181
vn -0.391809 0.505375 0.768819
vn -0.709145 0.426773 0.561229
vn -0.709145 0.426773 0.561229
vn -0.707507 0.427983 0.562374
vn -0.390169 0.506091 0.769181
vn -0.914075 0.064107 -0.400446
vn -0.914841 0.065500 -0.398467
vn -0.704710 -0.050395 -0.707704
vn -0.704710 -0.050395 -0.707704
vn -0.703521 -0.051294 -0.708821
vn -0.914075 0.064107 -0.400446
vn -0.707507 0.427983 0.562374
vn -0.709145 0.426773 0.561229
vn -0.911070 0.315318 0.265567
vn -0.911070 0.315318 0.265567
vn -0.910525 0.316169 0.266423
vn -0.707507 0.427983 0.562374
vn -0.366214 -0.131306 -0.921220
vn -0.366309 -0.131364 -0.921174
vn -0.000028 -0.156438 -0.987688
vn -0.000028 -0.156438 -0.987688
vn -0.000032 -0.156436 -0.987688
vn -0.366214 -0.131306 -0.921220
vn -0.000213 0.534669 0.845062
vn -0.000225 0.534667 0.845062
vn -0.391809 0.505375 0.768819
vn -0.391809 0.505375 0.768819
vn -0.390169 0.506091 0.769181
vn -0.000213 0.534669 0.845062
vn 0.913801 0.064568 -0.400997
vn 0.914801 0.064762 -0.398679
vn 0.979453 0.188540 -0.071585
vn 0.979453 0.188540 -0.071585
vn 0.979452 0.188397 -0.071972
vn 0.913801 0.064568 -0.400997
vn 0.979452 0.188397 -0.071972
vn 0.979453 0.188540 -0.071585
vn 0.911096 0.315653 0.265079
vn 0.911096 0.315653 0.265079
vn 0.910730 0.315619 0.266375
vn 0.979452 0.188397 -0.071972
vn 0.366236 -0.131373 -0.921202
vn 0.366334 -0.131291 -0.921174
vn 0.705272 -0.050670 -0.707124
vn 0.705272 -0.050670 -0.707124
vn 0.703893 -0.050679 -0.708495
vn 0.366236 -0.131373 -0.921202
vn 0.707610 0.427344 0.562730
vn 0.709036 0.427398 0.560891
vn 0.391597 0.505861 0.768607
vn 0.391597 0.505861 0.768607
vn 0.390052 0.505648 0.769532
vn 0.707610 0.427344 0.562730
vn 0.703893 -0.050679 -0.708495
vn 0.705272 -0.050670 -0.707124
vn 0.914801 0.064762 -0.398679
vn 0.914801 0.064762 -0.398679
vn 0.913801 0.064568 -0.400997
vn 0.703893 -0.050679 -0.708495
vn 0.910730 0.315619 0.266375
vn 0.911096 0.315653 0.265079
vn 0.709036 0.427398 0.560891
vn 0.709036 0.427398 0.560891
vn 0.707610 0.427344 0.562730
vn 0.910730 0.315619 0.266375
vn -0.000032 -0.156436 -0.987688
vn -0.000028 -0.156438 -0.987688
vn 0.366334 -0.131291 -0.921174
vn 0.366334 -0.131291 -0.921174
vn 0.366236 -0.131373 -0.921202
vn -0.000032 -0.156436 -0.987688
vn 0.390052 0.505648 0.769532
vn 0.391597 0.505861 0.768607
vn -0.000225 0.534667 0.845062
vn -0.000225 0.534667 0.845062
vn -0.000213 0.534669 0.845062
vn 0.390052 0.505648 0.769532
vn 0.851642 0.453906 -0.262062
vn 0.783802 0.619908 0.037007
vn 0.920452 0.260195 0.291662
vn 0.920452 0.260195 0.291662
vn 0.996290 0.074526 -0.043027
vn 0.851642 0.453906 -0.262062
vn 0.590656 0.750588 0.296215
vn 0.704484 0.406252 0.581947
vn 0.920452 0.260195 0.291662
vn 0.920452 0.260195 0.291662
vn 0.783802 0.619908 0.037007
vn 0.590656 0.750588 0.296215
vn 0.301724 0.826034 0.476057
vn 0.381264 0.490460 0.783637
vn 0.704484 0.406252 0.581947
vn 0.704484 0.406252 0.581947
vn 0.590656 0.750588 0.296215
vn 0.301724 0.826034 0.476057
vn -0.038893 0.834793 0.549189
vn 0.000000 0.500000 0.866025
vn 0.381264 0.490460 0.783637
vn 0.381264 0.490460 0.783637
vn 0.301724 0.826034 0.476057
vn -0.038893 0.834793 0.549189
vn -0.379293 0.775590 0.504575
vn -0.381264 0.433420 0.816569
vn 0.000000 0.500000 0.866025
vn 0.000000 0.500000 0.866025
vn -0.038893 0.834793 0.549189
vn -0.379293 0.775590 0.504575
vn -0.667702 0.657494 0.349107
vn -0.704484 0.300855 0.642797
vn -0.381264 0.433420 0.816569
vn -0.381264 0.433420 0.816569
vn -0.379293 0.775590 0.504575
vn -0.667702 0.657494 0.349107
vn -0.860325 0.498496 0.106499
vn -0.920452 0.122489 0.371166
vn -0.704484 0.300855 0.642797
vn -0.704484 0.300855 0.642797
vn -0.667702 0.657494 0.349107
vn -0.860325 0.498496 0.106499
vn -0.927949 0.322773 -0.186353
vn -0.996290 -0.074526 0.043027
vn -0.920452 0.122489 0.371166
vn -0.920452 0.122489 0.371166
vn -0.860325 0.498496 0.106499
vn -0.927949 0.322773 -0.186353
vn -0.860325 0.157018 -0.484959
vn -0.920453 -0.260194 -0.291661
vn -0.996290 -0.074526 0.043027
vn -0.996290 -0.074526 0.043027
vn -0.927949 0.322773 -0.186353
vn -0.860325 0.157018 -0.484959
vn -0.667703 0.026412 -0.743959
vn -0.704484 -0.406251 -0.581948
vn -0.920453 -0.260194 -0.291661
vn -0.920453 -0.260194 -0.291661
vn -0.860325 0.157018 -0.484959
vn -0.667703 0.026412 -0.743959
vn -0.379293 -0.049179 -0.923969
vn -0.381263 -0.490460 -0.783638
vn -0.704484 -0.406251 -0.581948
vn -0.704484 -0.406251 -0.581948
vn -0.667703 0.026412 -0.743959
vn -0.379293 -0.049179 -0.923969
vn -0.038893 -0.058214 -0.997546
vn 0.000000 -0.500000 -0.866026
vn -0.381263 -0.490460 -0.783638
vn -0.381263 -0.490460 -0.783638
vn -0.379293 -0.049179 -0.923969
vn -0.038893 -0.058214 -0.997546
vn 0.301725 0.000740 -0.953395
vn 0.381264 -0.433420 -0.816569
vn 0.000000 -0.500000 -0.866026
vn 0.000000 -0.500000 -0.866026
vn -0.038893 -0.058214 -0.997546
vn 0.301725 0.000740 -0.953395
vn 0.590656 0.118765 -0.798135
vn 0.704484 -0.300855 -0.642798
vn 0.381264 -0.433420 -0.816569
vn 0.381264 -0.433420 -0.816569
vn 0.301725 0.000740 -0.953395
vn 0.590656 0.118765 -0.798135
vn 0.783801 0.277906 -0.555360
vn 0.920452 -0.122488 -0.371166
vn 0.704484 -0.300855 -0.642798
vn 0.704484 -0.300855 -0.642798
vn 0.590656 0.118765 -0.798135
vn 0.783801 0.277906 -0.555360
vn 0.851642 0.453906 -0.262062
vn 0.996290 0.074526 -0.043027
vn 0.920452 -0.122488 -0.371166
vn 0.920452 -0.122488 -0.371166
vn 0.783801 0.277906 -0.555360
vn 0.851642 0.453906 -0.262062
vn 0.263025 0.897597 -0.353748
vn 0.291322 0.828462 -0.478312
vn -0.086845 0.862754 -0.498111
vn 0.182496 0.951972 -0.245855
vn 0.263025 0.897597 -0.353748
vn -0.086845 0.862754 -0.498111
vn 0.062127 0.983291 -0.171111
vn 0.182496 0.951972 -0.245855
vn -0.086845 0.862754 -0.498111
vn -0.079626 0.986823 -0.140852
vn 0.062127 0.983291 -0.171111
vn -0.086845 0.862754 -0.498111
vn -0.221130 0.962101 -0.159573
vn -0.079626 0.986823 -0.140852
vn -0.086845 0.862754 -0.498111
vn -0.340898 0.912948 -0.224310
vn -0.221130 0.962101 -0.159573
vn -0.086845 0.862754 -0.498111
vn -0.420825 0.846865 -0.325155
vn -0.340898 0.912948 -0.224310
vn -0.086845 0.862754 -0.498111
vn -0.448873 0.773877 -0.446797
vn -0.420825 0.846865 -0.325155
vn -0.086845 0.862754 -0.498111
vn -0.420825 0.705025 -0.570829
vn -0.448873 0.773877 -0.446797
vn -0.086845 0.862754 -0.498111
vn -0.340898 0.650733 -0.678480
vn -0.420825 0.705025 -0.570829
vn -0.086845 0.862754 -0.498111
vn -0.221130 0.619245 -0.753417
vn -0.340898 0.650733 -0.678480
vn -0.086845 0.862754 -0.498111
vn -0.079626 0.615394 -0.784187
vn -0.221130 0.619245 -0.753417
vn -0.086845 0.862754 -0.498111
vn 0.062128 0.639833 -0.765999
vn -0.079626 0.615394 -0.784187
vn -0.086845 0.862754 -0.498111
vn 0.182496 0.688903 -0.701504
vn 0.062128 0.639833 -0.765999
vn -0.086845 0.862754 -0.498111
vn 0.263024 0.755153 -0.600468
vn 0.182496 0.688903 -0.701504
vn -0.086845 0.862754 -0.498111
vn 0.291322 0.828462 -0.478312
vn 0.263024 0.755153 -0.600468
vn -0.086845 0.862754 -0.498111
vn 0.851642 0.453906 -0.262062
vn 0.291322 0.828462 -0.478312
vn 0.263025 0.897597 -0.353748
vn 0.263025 0.897597 -0.353748
vn 0.783802 0.619908 0.037007
vn 0.851642 0.453906 -0.262062
vn 0.783802 0.619908 0.037007
vn 0.263025 0.897597 -0.353748
vn 0.182496 0.951972 -0.245855
vn 0.182496 0.951972 -0.245855
vn 0.590656 0.750588 0.296215
vn 0.783802 0.619908 0.037007
vn 0.590656 0.750588 0.296215
vn 0.182496 0.951972 -0.245855
vn 0.062127 0.983291 -0.171111
vn 0.062127 0.983291 -0.171111
vn 0.301724 0.826034 0.476057
vn 0.590656 0.750588 0.296215
vn 0.301724 0.826034 0.476057
vn 0.062127 0.983291 -0.171111
vn -0.079626 0.986823 -0.140852
vn -0.079626 0.986823 -0.140852
vn -0.038893 0.834793 0.549189
vn 0.301724 0.826034 0.476057
vn -0.038893 0.834793 0.549189
vn -0.079626 0.986823 -0.140852
vn -0.221130 0.962101 -0.159573
vn -0.221130 0.962101 -0.159573
vn -0.379293 0.775590 0.504575
vn -0.038893 0.834793 0.549189
vn -0.379293 0.775590 0.504575
vn -0.221130 0.962101 -0.159573
vn -0.340898 0.912948 -0.224310
vn -0.340898 0.912948 -0.224310
vn -0.667702 0.657494 0.349107
vn -0.379293 0.775590 0.504575
vn -0.667702 0.657494 0.349107
vn -0.340898 0.912948 -0.224310
vn -0.420825 0.846865 -0.325155
vn -0.420825 0.846865 -0.325155
vn -0.860325 0.498496 0.106499
vn -0.667702 0.657494 0.349107
vn -0.860325 0.498496 0.106499
vn -0.420825 0.846865 -0.325155
vn -0.448873 0.773877 -0.446797
vn -0.448873 0.773877 -0.446797
vn -0.927949 0.322773 -0.186353
vn -0.860325 0.498496 0.106499
vn -0.927949 0.322773 -0.186353
vn -0.448873 0.773877 -0.446797
vn -0.420825 0.705025 -0.570829
vn -0.420825 0.705025 -0.570829
vn -0.860325 0.157018 -0.484959
vn -0.927949 0.322773 -0.186353
vn -0.860325 0.157018 -0.484959
vn -0.420825 0.705025 -0.570829
vn -0.340898 0.650733 -0.678480
vn -0.340898 0.650733 -0.678480
vn -0.667703 0.026412 -0.743959
vn -0.860325 0.157018 -0.484959
vn -0.667703 0.026412 -0.743959
vn -0.340898 0.650733 -0.678480
vn -0.221130 0.619245 -0.753417
vn -0.221130 0.619245 -0.753417
vn -0.379293 -0.049179 -0.923969
vn -0.667703 0.026412 -0.743959
vn -0.379293 -0.049179 -0.923969
vn -0.221130 0.619245 -0.753417
vn -0.079626 0.615394 -0.784187
vn -0.079626 0.615394 -0.784187
vn -0.038893 -0.058214 -0.997546
vn -0.379293 -0.049179 -0.923969
vn -0.038893 -0.058214 -0.997546
vn -0.079626 0.615394 -0.784187
vn 0.062128 0.639833 -0.765999
vn 0.062128 0.639833 -0.765999
vn 0.301725 0.000740 -0.953395
vn -0.038893 -0.058214 -0.997546
vn 0.301725 0.000740 -0.953395
vn 0.062128 0.639833 -0.765999
vn 0.182496 0.688903 -0.701504
vn 0.182496 0.688903 -0.701504
vn 0.590656 0.118765 -0.798135
vn 0.301725 0.000740 -0.953395
vn 0.590656 0.118765 -0.798135
vn 0.182496 0.688903 -0.701504
vn 0.263024 0.755153 -0.600468
vn 0.263024 0.755153 -0.600468
vn 0.783801 0.277906 -0.555360
vn 0.590656 0.118765 -0.798135
vn 0.783801 0.277906 -0.555360
vn 0.263024 0.755153 -0.600468
vn 0.291322 0.828462 -0.478312
vn 0.291322 0.828462 -0.478312
vn 0.851642 0.453906 -0.262062
vn 0.783801 0.277906 -0.555360
vn 0.863595 0.436638 -0.252093
vn 0.795740 0.603900 0.045860
vn 0.922154 0.240216 0.303196
vn 0.922154 0.240216 0.303196
vn 0.998133 0.052900 -0.030542
vn 0.863595 0.436638 -0.252093
vn 0.602520 0.738538 0.302543
vn 0.705786 0.390961 0.590776
vn 0.922154 0.240216 0.303196
vn 0.922154 0.240216 0.303196
vn 0.795740 0.603900 0.045860
vn 0.602520 0.738538 0.302543
vn 0.313390 0.820047 0.478862
vn 0.381968 0.482185 0.788415
vn 0.705786 0.390961 0.590776
vn 0.705786 0.390961 0.590776
vn 0.602520 0.738538 0.302543
vn 0.313390 0.820047 0.478862
vn -0.027596 0.836030 0.547989
vn 0.000000 0.500001 0.866025
vn 0.381968 0.482185 0.788415
vn 0.381968 0.482185 0.788415
vn 0.313390 0.820047 0.478862
vn -0.027596 0.836030 0.547989
vn -0.368509 0.784073 0.499430
vn -0.381968 0.441697 0.811791
vn 0.000000 0.500001 0.866025
vn 0.000000 0.500001 0.866025
vn -0.027596 0.836030 0.547989
vn -0.368509 0.784073 0.499430
vn -0.657466 0.672103 0.340612
vn -0.705786 0.316149 0.633968
vn -0.381968 0.441697 0.811791
vn -0.381968 0.441697 0.811791
vn -0.368509 0.784073 0.499430
vn -0.657466 0.672103 0.340612
vn -0.850510 0.517174 0.095730
vn -0.922154 0.142469 0.359630
vn -0.705786 0.316149 0.633968
vn -0.705786 0.316149 0.633968
vn -0.657466 0.672103 0.340612
vn -0.850510 0.517174 0.095730
vn -0.918293 0.342861 -0.197951
vn -0.998133 -0.052900 0.030542
vn -0.922154 0.142469 0.359630
vn -0.922154 0.142469 0.359630
vn -0.850510 0.517174 0.095730
vn -0.918293 0.342861 -0.197951
vn -0.850510 0.175683 -0.495750
vn -0.922155 -0.240214 -0.303195
vn -0.998133 -0.052900 0.030542
vn -0.998133 -0.052900 0.030542
vn -0.918293 0.342861 -0.197951
vn -0.850510 0.175683 -0.495750
vn -0.657465 0.041073 -0.752365
vn -0.705787 -0.390960 -0.590776
vn -0.922155 -0.240214 -0.303195
vn -0.922155 -0.240214 -0.303195
vn -0.850510 0.175683 -0.495750
vn -0.657465 0.041073 -0.752365
vn -0.368509 -0.040483 -0.928742
vn -0.381969 -0.482184 -0.788415
vn -0.705787 -0.390960 -0.590776
vn -0.705787 -0.390960 -0.590776
vn -0.657465 0.041073 -0.752365
vn -0.368509 -0.040483 -0.928742
vn -0.027596 -0.056556 -0.998018
vn 0.000000 -0.500000 -0.866025
vn -0.381969 -0.482184 -0.788415
vn -0.381969 -0.482184 -0.788415
vn -0.368509 -0.040483 -0.928742
vn -0.027596 -0.056556 -0.998018
vn 0.313389 -0.004684 -0.949613
vn 0.381969 -0.441697 -0.811791
vn 0.000000 -0.500000 -0.866025
vn 0.000000 -0.500000 -0.866025
vn -0.027596 -0.056556 -0.998018
vn 0.313389 -0.004684 -0.949613
vn 0.602520 0.107259 -0.790864
vn 0.705786 -0.316148 -0.633969
vn 0.381969 -0.441697 -0.811791
vn 0.381969 -0.441697 -0.811791
vn 0.313389 -0.004684 -0.949613
vn 0.602520 0.107259 -0.790864
vn 0.795740 0.262234 -0.545923
vn 0.922154 -0.142469 -0.359631
vn 0.705786 -0.316148 -0.633969
vn 0.705786 -0.316148 -0.633969
vn 0.602520 0.107259 -0.790864
vn 0.795740 0.262234 -0.545923
vn 0.863595 0.436638 -0.252093
vn 0.998133 0.052900 -0.030542
vn 0.922154 -0.142469 -0.359631
vn 0.922154 -0.142469 -0.359631
vn 0.795740 0.262234 -0.545923
vn 0.863595 0.436638 -0.252093
vn 0.285328 0.891829 -0.351041
vn 0.313512 0.822365 -0.474791
vn -0.061713 0.864375 -0.499047
vn 0.205076 0.947733 -0.244428
vn 0.285328 0.891829 -0.351041
vn -0.061713 0.864375 -0.499047
vn 0.084992 0.981565 -0.171194
vn 0.205076 0.947733 -0.244428
vn -0.061713 0.864375 -0.499047
vn -0.056624 0.988177 -0.142479
vn 0.084992 0.981565 -0.171194
vn -0.061713 0.864375 -0.499047
vn -0.198203 0.966573 -0.162639
vn -0.056624 0.988177 -0.142479
vn -0.061713 0.864375 -0.499047
vn -0.318201 0.920052 -0.228590
vn -0.198203 0.966573 -0.162639
vn -0.061713 0.864375 -0.499047
vn -0.398367 0.855698 -0.330281
vn -0.318201 0.920052 -0.228590
vn -0.061713 0.864375 -0.499047
vn -0.426514 0.783304 -0.452240
vn -0.398367 0.855698 -0.330281
vn -0.061713 0.864375 -0.499047
vn -0.398366 0.713881 -0.575916
vn -0.426514 0.783304 -0.452240
vn -0.061713 0.864375 -0.499047
vn -0.318200 0.657990 -0.682494
vn -0.398366 0.713881 -0.575916
vn -0.061713 0.864375 -0.499047
vn -0.198203 0.624137 -0.755757
vn -0.318200 0.657990 -0.682494
vn -0.061713 0.864375 -0.499047
vn -0.056624 0.617480 -0.784546
vn -0.198203 0.624137 -0.755757
vn -0.061713 0.864375 -0.499047
vn 0.084991 0.639041 -0.764463
vn -0.056624 0.617480 -0.784546
vn -0.061713 0.864375 -0.499047
vn 0.205076 0.685548 -0.698546
vn 0.084991 0.639041 -0.764463
vn -0.061713 0.864375 -0.499047
vn 0.285328 0.749925 -0.596826
vn 0.205076 0.685548 -0.698546
vn -0.061713 0.864375 -0.499047
vn 0.313512 0.822365 -0.474791
vn 0.285328 0.749925 -0.596826
vn -0.061713 0.864375 -0.499047
vn 0.863595 0.436638 -0.252093
vn 0.313512 0.822365 -0.474791
vn 0.285328 0.891829 -0.351041
vn 0.285328 0.891829 -0.351041
vn 0.795740 0.603900 0.045860
vn 0.863595 0.436638 -0.252093
vn 0.795740 0.603900 0.045860
vn 0.285328 0.891829 -0.351041
vn 0.205076 0.947733 -0.244428
vn 0.205076 0.947733 -0.244428
vn 0.602520 0.738538 0.302543
vn 0.795740 0.603900 0.045860
vn 0.602520 0.738538 0.302543
vn 0.205076 0.947733 -0.244428
vn 0.084992 0.981565 -0.171194
vn 0.084992 0.981565 -0.171194
vn 0.313390 0.820047 0.478862
vn 0.602520 0.738538 0.302543
vn 0.313390 0.820047 0.478862
vn 0.084992 0.981565 -0.171194
vn -0.056624 0.988177 -0.142479
vn -0.056624 0.988177 -0.142479
vn -0.027596 0.836030 0.547989
vn 0.313390 0.820047 0.478862
vn -0.027596 0.836030 0.547989
vn -0.056624 0.988177 -0.142479
vn -0.198203 0.966573 -0.162639
vn -0.198203 0.966573 -0.162639
vn -0.368509 0.784073 0.499430
vn -0.027596 0.836030 0.547989
vn -0.368509 0.784073 0.499430
vn -0.198203 0.966573 -0.162639
vn -0.318201 0.920052 -0.228590
vn -0.318201 0.920052 -0.228590
vn -0.657466 0.672103 0.340612
vn -0.368509 0.784073 0.499430
vn -0.657466 0.672103 0.340612
vn -0.318201 0.920052 -0.228590
vn -0.398367 0.855698 -0.330281
vn -0.398367 0.855698 -0.330281
vn -0.850510 0.517174 0.095730
vn -0.657466 0.672103 0.340612
vn -0.850510 0.517174 0.095730
vn -0.398367 0.855698 -0.330281
vn -0.426514 0.783304 -0.452240
vn -0.426514 0.783304 -0.452240
vn -0.918293 0.342861 -0.197951
vn -0.850510 0.517174 0.095730
vn -0.918293 0.342861 -0.197951
vn -0.426514 0.783304 -0.452240
vn -0.398366 0.713881 -0.575916
vn -0.398366 0.713881 -0.575916
vn -0.850510 0.175683 -0.495750
vn -0.918293 0.342861 -0.197951
vn -0.850510 0.175683 -0.495750
vn -0.398366 0.713881 -0.575916
vn -0.318200 0.657990 -0.682494
vn -0.318200 0.657990 -0.682494
vn -0.657465 0.041073 -0.752365
vn -0.850510 0.175683 -0.495750
vn -0.657465 0.041073 -0.752365
vn -0.318200 0.657990 -0.682494
vn -0.198203 0.624137 -0.755757
vn -0.198203 0.624137 -0.755757
vn -0.368509 -0.040483 -0.928742
vn -0.657465 0.041073 -0.752365
vn -0.368509 -0.040483 -0.928742
vn -0.198203 0.624137 -0.755757
vn -0.056624 0.617480 -0.784546
vn -0.056624 0.617480 -0.784546
vn -0.027596 -0.056556 -0.998018
vn -0.368509 -0.040483 -0.928742
vn -0.027596 -0.056556 -0.998018
vn -0.056624 0.617480 -0.784546
vn 0.084991 0.639041 -0.764463
vn 0.084991 0.639041 -0.764463
vn 0.313389 -0.004684 -0.949613
vn -0.027596 -0.056556 -0.998018
vn 0.313389 -0.004684 -0.949613
vn 0.084991 0.639041 -0.764463
vn 0.205076 0.685548 -0.698546
vn 0.205076 0.685548 -0.698546
vn 0.602520 0.107259 -0.790864
vn 0.313389 -0.004684 -0.949613
vn 0.602520 0.107259 -0.790864
vn 0.205076 0.685548 -0.698546
vn 0.285328 0.749925 -0.596826
vn 0.285328 0.749925 -0.596826
vn 0.795740 0.262234 -0.545923
vn 0.602520 0.107259 -0.790864
vn 0.795740 0.262234 -0.545923
vn 0.285328 0.749925 -0.596826
vn 0.313512 0.822365 -0.474791
vn 0.313512 0.822365 -0.474791
vn 0.863595 0.436638 -0.252093
vn 0.795740 0.262234 -0.545923
vn -0.952065 0.151226 0.265900
vn -0.946178 0.197576 0.256341
vn -0.934001 0.141099 0.328227
vn -0.972236 0.067816 0.223962
vn -0.950377 -0.147129 0.274109
vn -0.961378 -0.085568 0.261593
vn -0.961378 -0.085568 0.261593
vn -0.960192 0.065080 0.271655
vn -0.972236 0.067816 0.223962
vn -0.961378 -0.085568 0.261593
vn -0.945812 -0.190235 0.263156
vn -0.962320 0.020479 0.271146
vn -0.962320 0.020479 0.271146
vn -0.960192 0.065080 0.271655
vn -0.961378 -0.085568 0.261593
vn -0.945812 -0.190235 0.263156
vn -0.941607 -0.246922 0.228925
vn -0.978642 -0.018005 0.204782
vn -0.978642 -0.018005 0.204782
vn -0.962320 0.020479 0.271146
vn -0.945812 -0.190235 0.263156
vn -0.980654 0.149049 0.126891
vn -0.990008 0.138817 0.024784
vn -0.967258 0.247552 -0.055947
vn -0.967258 0.247552 -0.055947
vn -0.967709 0.250920 0.024063
vn -0.980654 0.149049 0.126891
vn -0.941607 -0.246922 0.228925
vn -0.954806 -0.259114 0.145621
vn -0.993304 -0.057916 0.099963
vn -0.993304 -0.057916 0.099963
vn -0.978642 -0.018005 0.204782
vn -0.941607 -0.246922 0.228925
vn -0.989991 0.129062 -0.057110
vn -0.990540 0.086074 -0.106874
vn -0.971309 0.192029 -0.140297
vn -0.971309 0.192029 -0.140297
vn -0.966988 0.226174 -0.117389
vn -0.989991 0.129062 -0.057110
vn -0.992930 -0.096536 -0.069065
vn -0.996655 -0.081619 -0.004158
vn -0.966863 -0.254575 0.019196
vn -0.966863 -0.254575 0.019196
vn -0.964061 -0.259853 -0.055341
vn -0.992930 -0.096536 -0.069065
vn -0.990008 0.036078 -0.136322
vn -0.987722 0.032544 -0.152797
vn -0.981954 0.123645 -0.143100
vn -0.921699 -0.251976 0.294921
vn -0.945812 -0.190235 0.263156
vn -0.961378 -0.085568 0.261593
vn -0.961378 -0.085568 0.261593
vn -0.950377 -0.147129 0.274109
vn -0.921699 -0.251976 0.294921
vn -0.906009 -0.295599 0.302933
vn -0.941607 -0.246922 0.228925
vn -0.945812 -0.190235 0.263156
vn -0.945812 -0.190235 0.263156
vn -0.921699 -0.251976 0.294921
vn -0.906009 -0.295599 0.302933
vn -0.917323 -0.311335 0.248170
vn -0.954806 -0.259114 0.145621
vn -0.941607 -0.246922 0.228925
vn -0.941607 -0.246922 0.228925
vn -0.906009 -0.295599 0.302933
vn -0.917323 -0.311335 0.248170
vn -0.931216 -0.326367 0.162238
vn -0.966863 -0.254575 0.019196
vn -0.954806 -0.259114 0.145621
vn -0.954806 -0.259114 0.145621
vn -0.917323 -0.311335 0.248170
vn -0.931216 -0.326367 0.162238
vn -0.937271 -0.345032 0.049769
vn -0.964061 -0.259853 -0.055341
vn -0.966863 -0.254575 0.019196
vn -0.966863 -0.254575 0.019196
vn -0.931216 -0.326367 0.162238
vn -0.937271 -0.345032 0.049769
vn -0.982754 -0.119153 -0.141411
vn -0.984857 -0.101861 -0.140292
vn -0.957616 -0.274279 -0.087989
vn -0.957616 -0.274279 -0.087989
vn -0.942102 -0.320429 -0.098843
vn -0.982754 -0.119153 -0.141411
vn -0.952065 0.151226 0.265900
vn -0.960192 0.065080 0.271655
vn -0.962320 0.020479 0.271146
vn -0.962320 0.020479 0.271146
vn -0.967361 0.162779 0.194205
vn -0.952065 0.151226 0.265900
vn -0.967361 0.162779 0.194205
vn -0.962320 0.020479 0.271146
vn -0.978642 -0.018005 0.204782
vn -0.978642 -0.018005 0.204782
vn -0.980654 0.149049 0.126891
vn -0.967361 0.162779 0.194205
vn -0.980654 0.149049 0.126891
vn -0.978642 -0.018005 0.204782
vn -0.993304 -0.057916 0.099963
vn -0.993304 -0.057916 0.099963
vn -0.990008 0.138817 0.024784
vn -0.980654 0.149049 0.126891
vn -0.990540 0.086074 -0.106874
vn -0.989991 0.129062 -0.057110
vn -0.996655 -0.081619 -0.004158
vn -0.996655 -0.081619 -0.004158
vn -0.992930 -0.096536 -0.069065
vn -0.990540 0.086074 -0.106874
vn -0.937271 -0.345032 0.049769
vn -0.928215 -0.370094 -0.038047
vn -0.957616 -0.274279 -0.087989
vn -0.957616 -0.274279 -0.087989
vn -0.964061 -0.259853 -0.055341
vn -0.937271 -0.345032 0.049769
vn -0.981954 0.123645 -0.143100
vn -0.971309 0.192029 -0.140297
vn -0.990540 0.086074 -0.106874
vn -0.990540 0.086074 -0.106874
vn -0.990008 0.036078 -0.136322
vn -0.981954 0.123645 -0.143100
vn -0.990008 0.036078 -0.136322
vn -0.990540 0.086074 -0.106874
vn -0.992930 -0.096536 -0.069065
vn -0.992930 -0.096536 -0.069065
vn -0.984857 -0.101861 -0.140292
vn -0.990008 0.036078 -0.136322
vn -0.992930 -0.096536 -0.069065
vn -0.964061 -0.259853 -0.055341
vn -0.957616 -0.274279 -0.087989
vn -0.957616 -0.274279 -0.087989
vn -0.984857 -0.101861 -0.140292
vn -0.992930 -0.096536 -0.069065
vn -0.993304 -0.057916 0.099963
vn -0.954806 -0.259114 0.145621
vn -0.966863 -0.254575 0.019196
vn -0.966863 -0.254575 0.019196
vn -0.996655 -0.081619 -0.004158
vn -0.993304 -0.057916 0.099963
vn -0.993304 -0.057916 0.099963
vn -0.996655 -0.081619 -0.004158
vn -0.989991 0.129062 -0.057110
vn -0.989991 0.129062 -0.057110
vn -0.990008 0.138817 0.024784
vn -0.993304 -0.057916 0.099963
vn -0.990008 0.138817 0.024784
vn -0.989991 0.129062 -0.057110
vn -0.966988 0.226174 -0.117389
vn -0.966988 0.226174 -0.117389
vn -0.967258 0.247552 -0.055947
vn -0.990008 0.138817 0.024784
vn -0.946178 0.197576 0.256341
vn -0.952065 0.151226 0.265900
vn -0.967361 0.162779 0.194205
vn -0.967361 0.162779 0.194205
vn -0.962957 0.222078 0.152953
vn -0.946178 0.197576 0.256341
vn -0.962957 0.222078 0.152953
vn -0.967361 0.162779 0.194205
vn -0.980654 0.149049 0.126891
vn -0.980654 0.149049 0.126891
vn -0.967709 0.250920 0.024063
vn -0.962957 0.222078 0.152953
vn -0.987722 0.032544 -0.152797
vn -0.990008 0.036078 -0.136322
vn -0.984857 -0.101861 -0.140292
vn -0.984857 -0.101861 -0.140292
vn -0.982754 -0.119153 -0.141411
vn -0.987722 0.032544 -0.152797
vn -0.960192 0.065080 0.271655
vn -0.952065 0.151226 0.265900
vn -0.934001 0.141099 0.328227
vn -0.934001 0.141099 0.328227
vn -0.972236 0.067816 0.223962
vn -0.960192 0.065080 0.271655
vn -0.942102 -0.320429 -0.098843
vn -0.957616 -0.274279 -0.087989
vn -0.928215 -0.370094 -0.038047
vn 0.000000 0.592339 -0.805689
vn 0.000000 0.574707 -0.818359
vn 0.000000 0.758943 -0.651157
vn 0.000000 0.758943 -0.651157
vn 0.000000 0.784342 -0.620328
vn 0.000000 0.592339 -0.805689
vn 0.000000 0.386992 -0.922083
vn 0.000000 0.383782 -0.923424
vn 0.000000 0.506798 -0.862065
vn 0.000000 0.506798 -0.862065
vn 0.000000 0.507150 -0.861858
vn 0.000000 0.386992 -0.922083
vn 0.000000 0.507150 -0.861858
vn 0.000000 0.506798 -0.862065
vn 0.000000 0.574707 -0.818359
vn 0.000000 0.574707 -0.818359
vn 0.000000 0.592339 -0.805689
vn 0.000000 0.507150 -0.861858
vn 0.000000 0.784342 -0.620328
vn 0.000000 0.758943 -0.651157
vn 0.000000 0.937387 -0.348288
vn 0.000000 0.937387 -0.348288
vn 0.000000 0.945964 -0.324272
vn 0.000000 0.784342 -0.620328
vn 0.000000 0.934191 0.356772
vn 0.000000 0.999888 0.014948
vn 0.000000 0.999928 0.011975
vn 0.000000 0.999928 0.011975
vn 0.000000 0.927379 0.374123
vn 0.000000 0.934191 0.356772
vn 0.000000 0.945964 -0.324272
vn 0.000000 0.937387 -0.348288
vn 0.000000 0.999928 0.011975
vn 0.000000 0.999928 0.011975
vn 0.000000 0.999888 0.014948
vn 0.000000 0.945964 -0.324272
vn 0.000000 0.454317 0.890840
vn 0.000000 0.756093 0.654464
vn 0.000000 0.735174 0.677878
vn 0.000000 0.735174 0.677878
vn 0.000000 0.419319 0.907839
vn 0.000000 0.454317 0.890840
vn 0.000000 0.756093 0.654464
vn 0.000000 0.934191 0.356772
vn 0.000000 0.927379 0.374123
vn 0.000000 0.927379 0.374123
vn 0.000000 0.735174 0.677878
vn 0.000000 0.756093 0.654464
vn 0.000000 0.005552 0.999985
vn 0.000000 0.454317 0.890840
vn 0.000000 0.419319 0.907839
vn 0.000000 0.419319 0.907839
vn 0.000000 -0.022417 0.999749
vn 0.000000 0.005552 0.999985
vn 0.000000 0.005552 0.999985
vn 0.000000 -0.022417 0.999749
vn 0.000000 -0.386301 0.922373
vn 0.000000 -0.386301 0.922373
vn 0.000000 -0.386280 0.922382
vn 0.000000 0.005552 0.999985
vn 0.000000 -0.386280 0.922382
vn 0.000000 -0.386301 0.922373
vn 0.000000 -0.524151 0.851626
vn 0.000000 -0.524151 0.851626
vn 0.000000 -0.524995 0.851105
vn 0.000000 -0.386280 0.922382
vn 0.000000 -0.524995 0.851105
vn 0.000000 -0.524151 0.851626
vn 0.000000 -0.663323 0.748333
vn 0.000000 -0.663323 0.748333
vn 0.000000 -0.689365 0.724415
vn 0.000000 -0.524995 0.851105
vn 0.000000 0.386992 -0.922083
vn 0.000000 0.018372 -0.999831
vn 0.000000 0.053688 -0.998558
vn 0.000000 0.053688 -0.998558
vn 0.000000 0.383782 -0.923424
vn 0.000000 0.386992 -0.922083
vn 0.000000 0.018372 -0.999831
vn 0.000000 -0.461178 -0.887308
vn 0.000000 -0.405445 -0.914120
vn 0.000000 -0.405445 -0.914120
vn 0.000000 0.053688 -0.998558
vn 0.000000 0.018372 -0.999831
vn 0.000000 -0.461178 -0.887308
vn 0.000000 -0.787301 -0.616568
vn 0.000000 -0.761289 -0.648413
vn 0.000000 -0.761289 -0.648413
vn 0.000000 -0.405445 -0.914120
vn 0.000000 -0.461178 -0.887308
vn 0.000000 -0.787301 -0.616568
vn 0.000000 -0.938734 -0.344641
vn 0.000000 -0.930635 -0.365948
vn 0.000000 -0.930635 -0.365948
vn 0.000000 -0.761289 -0.648413
vn 0.000000 -0.787301 -0.616568
vn 0.000000 -0.913373 0.407123
vn 0.000000 -0.904447 0.426587
vn 0.000000 -0.999998 0.002120
vn 0.000000 -0.999998 0.002120
vn 0.000000 -0.999961 0.008788
vn 0.000000 -0.913373 0.407123
vn 0.000000 -0.938734 -0.344641
vn 0.000000 -0.999961 0.008788
vn 0.000000 -0.999998 0.002120
vn 0.000000 -0.999998 0.002120
vn 0.000000 -0.930635 -0.365948
vn 0.000000 -0.938734 -0.344641
vn 0.000000 -0.689365 0.724415
vn 0.000000 -0.663323 0.748333
vn 0.000000 -0.904447 0.426587
vn 0.000000 -0.904447 0.426587
vn 0.000000 -0.913373 0.407123
vn 0.000000 -0.689365 0.724415
vn 0.332803 0.375261 -0.865113
vn -0.000047 0.427435 -0.904046
vn -0.000208 0.427103 -0.904203
vn -0.000208 0.427103 -0.904203
vn 0.363070 0.369472 -0.855378
vn 0.332803 0.375261 -0.865113
vn 0.591390 0.309177 -0.744760
vn 0.332803 0.375261 -0.865113
vn 0.363070 0.369472 -0.855378
vn 0.363070 0.369472 -0.855378
vn 0.618945 0.292429 -0.728966
vn 0.591390 0.309177 -0.744760
vn 0.765486 0.245429 -0.594808
vn 0.591390 0.309177 -0.744760
vn 0.618945 0.292429 -0.728966
vn 0.618945 0.292429 -0.728966
vn 0.793846 0.216596 -0.568238
vn 0.765486 0.245429 -0.594808
vn 0.909855 0.164701 -0.380838
vn 0.765486 0.245429 -0.594808
vn 0.793846 0.216596 -0.568238
vn 0.793846 0.216596 -0.568238
vn 0.924218 0.134157 -0.357524
vn 0.909855 0.164701 -0.380838
vn 0.988806 0.053340 -0.139348
vn 0.909855 0.164701 -0.380838
vn 0.924218 0.134157 -0.357524
vn 0.924218 0.134157 -0.357524
vn 0.991244 0.039888 -0.125873
vn 0.988806 0.053340 -0.139348
vn 0.992680 -0.074111 0.095360
vn 0.988806 0.053340 -0.139348
vn 0.991244 0.039888 -0.125873
vn 0.991244 0.039888 -0.125873
vn 0.992694 -0.067477 0.100028
vn 0.992680 -0.074111 0.095360
vn 0.930680 -0.211594 0.298434
vn 0.992680 -0.074111 0.095360
vn 0.992694 -0.067477 0.100028
vn 0.992694 -0.067477 0.100028
vn 0.936415 -0.177467 0.302710
vn 0.930680 -0.211594 0.298434
vn 0.930680 -0.211594 0.298434
vn 0.936415 -0.177467 0.302710
vn 0.832112 -0.285226 0.475643
vn 0.832112 -0.285226 0.475643
vn 0.822273 -0.342545 0.454456
vn 0.930680 -0.211594 0.298434
vn 0.822273 -0.342545 0.454456
vn 0.832112 -0.285226 0.475643
vn 0.682891 -0.386256 0.620053
vn 0.682891 -0.386256 0.620053
vn 0.671910 -0.459733 0.580674
vn 0.822273 -0.342545 0.454456
vn 0.671910 -0.459733 0.580674
vn 0.682891 -0.386256 0.620053
vn 0.398773 -0.500360 0.768518
vn 0.398773 -0.500360 0.768518
vn 0.382239 -0.600306 0.702514
vn 0.671910 -0.459733 0.580674
vn 0.382239 -0.600306 0.702514
vn 0.398773 -0.500360 0.768518
vn -0.000049 -0.553290 0.832989
vn -0.000049 -0.553290 0.832989
vn -0.000015 -0.662505 0.749058
vn 0.382239 -0.600306 0.702514
vn -0.333091 0.374254 -0.865439
vn -0.363781 0.368253 -0.855601
vn -0.000208 0.427103 -0.904203
vn -0.000208 0.427103 -0.904203
vn -0.000047 0.427435 -0.904046
vn -0.333091 0.374254 -0.865439
vn -0.591885 0.307449 -0.745082
vn -0.619646 0.290521 -0.729134
vn -0.363781 0.368253 -0.855601
vn -0.363781 0.368253 -0.855601
vn -0.333091 0.374254 -0.865439
vn -0.591885 0.307449 -0.745082
vn -0.765873 0.243492 -0.595106
vn -0.794327 0.214539 -0.568346
vn -0.619646 0.290521 -0.729134
vn -0.619646 0.290521 -0.729134
vn -0.591885 0.307449 -0.745082
vn -0.765873 0.243492 -0.595106
vn -0.910019 0.162855 -0.381239
vn -0.924400 0.132291 -0.357749
vn -0.794327 0.214539 -0.568346
vn -0.794327 0.214539 -0.568346
vn -0.765873 0.243492 -0.595106
vn -0.910019 0.162855 -0.381239
vn -0.988808 0.051748 -0.139929
vn -0.991251 0.038364 -0.126292
vn -0.924400 0.132291 -0.357749
vn -0.924400 0.132291 -0.357749
vn -0.910019 0.162855 -0.381239
vn -0.988808 0.051748 -0.139929
vn -0.992662 -0.075322 0.094595
vn -0.992671 -0.068644 0.099455
vn -0.991251 0.038364 -0.126292
vn -0.991251 0.038364 -0.126292
vn -0.988808 0.051748 -0.139929
vn -0.992662 -0.075322 0.094595
vn -0.930723 -0.212443 0.297696
vn -0.936440 -0.178369 0.302102
vn -0.992671 -0.068644 0.099455
vn -0.992671 -0.068644 0.099455
vn -0.992662 -0.075322 0.094595
vn -0.930723 -0.212443 0.297696
vn -0.930723 -0.212443 0.297696
vn -0.822387 -0.343122 0.453813
vn -0.832230 -0.285888 0.475038
vn -0.832230 -0.285888 0.475038
vn -0.936440 -0.178369 0.302102
vn -0.930723 -0.212443 0.297696
vn -0.822387 -0.343122 0.453813
vn -0.672038 -0.460156 0.580191
vn -0.683050 -0.386729 0.619583
vn -0.683050 -0.386729 0.619583
vn -0.832230 -0.285888 0.475038
vn -0.822387 -0.343122 0.453813
vn -0.672038 -0.460156 0.580191
vn -0.382317 -0.600532 0.702278
vn -0.398940 -0.500609 0.768269
vn -0.398940 -0.500609 0.768269
vn -0.683050 -0.386729 0.619583
vn -0.672038 -0.460156 0.580191
vn -0.382317 -0.600532 0.702278
vn -0.000015 -0.662505 0.749058
vn -0.000049 -0.553290 0.832989
vn -0.000049 -0.553290 0.832989
vn -0.398940 -0.500609 0.768269
vn -0.382317 -0.600532 0.702278
vn 0.000101 -0.131201 -0.991356
vn 0.405281 -0.309356 -0.860259
vn 0.170268 -0.784893 -0.595778
vn 0.170268 -0.784893 -0.595778
vn 0.000000 -0.801206 -0.598389
vn 0.000101 -0.131201 -0.991356
vn 0.170268 -0.784893 -0.595778
vn 0.217549 -0.878803 -0.424710
vn 0.000000 -0.920143 -0.391584
vn 0.000000 -0.920143 -0.391584
vn 0.000000 -0.801206 -0.598389
vn 0.170268 -0.784893 -0.595778
vn 0.000000 -0.901598 -0.432574
vn 0.000000 -0.920143 -0.391584
vn 0.217549 -0.878803 -0.424710
vn 0.217549 -0.878803 -0.424710
vn 0.278139 -0.835698 -0.473547
vn 0.000000 -0.901598 -0.432574
vn 0.000000 -0.870776 -0.491681
vn 0.000000 -0.901598 -0.432574
vn 0.278139 -0.835698 -0.473547
vn 0.278139 -0.835698 -0.473547
vn 0.293774 -0.822226 -0.487485
vn 0.000000 -0.870776 -0.491681
vn 0.000000 -0.829816 -0.558038
vn 0.000000 -0.870776 -0.491681
vn 0.293774 -0.822226 -0.487485
vn 0.293774 -0.822226 -0.487485
vn 0.300573 -0.787208 -0.538479
vn 0.000000 -0.829816 -0.558038
vn 0.294350 -0.746939 -0.596188
vn 0.000000 -0.776598 -0.629997
vn 0.000000 -0.829816 -0.558038
vn 0.000000 -0.829816 -0.558038
vn 0.300573 -0.787208 -0.538479
vn 0.294350 -0.746939 -0.596188
vn 0.278732 -0.713242 -0.643113
vn 0.000000 -0.729179 -0.684323
vn 0.000000 -0.776598 -0.629997
vn 0.000000 -0.776598 -0.629997
vn 0.294350 -0.746939 -0.596188
vn 0.278732 -0.713242 -0.643113
vn 0.249041 -0.683638 -0.686016
vn 0.000000 -0.681542 -0.731779
vn 0.000000 -0.729179 -0.684323
vn 0.000000 -0.729179 -0.684323
vn 0.278732 -0.713242 -0.643113
vn 0.249041 -0.683638 -0.686016
vn 0.225429 -0.650127 -0.725614
vn 0.000000 -0.641065 -0.767486
vn 0.000000 -0.681542 -0.731779
vn 0.000000 -0.681542 -0.731779
vn 0.249041 -0.683638 -0.686016
vn 0.225429 -0.650127 -0.725614
vn 0.000000 -0.936844 -0.349746
vn 0.000000 -0.641065 -0.767486
vn 0.225429 -0.650127 -0.725614
vn 0.225429 -0.650127 -0.725614
vn 0.195912 -0.814089 -0.546697
vn 0.000000 -0.936844 -0.349746
vn 0.423971 -0.905624 -0.009728
vn 0.000024 -0.915343 0.402675
vn 0.000000 -0.936844 -0.349746
vn 0.000000 -0.936844 -0.349746
vn 0.195912 -0.814089 -0.546697
vn 0.423971 -0.905624 -0.009728
vn 0.000101 -0.131201 -0.991356
vn 0.000000 -0.801206 -0.598389
vn -0.170268 -0.784893 -0.595779
vn -0.170268 -0.784893 -0.595779
vn -0.405059 -0.309779 -0.860212
vn 0.000101 -0.131201 -0.991356
vn -0.170268 -0.784893 -0.595779
vn 0.000000 -0.801206 -0.598389
vn 0.000000 -0.920143 -0.391584
vn 0.000000 -0.920143 -0.391584
vn -0.208233 -0.878676 -0.429613
vn -0.170268 -0.784893 -0.595779
vn -0.208233 -0.878676 -0.429613
vn 0.000000 -0.920143 -0.391584
vn 0.000000 -0.901598 -0.432574
vn 0.000000 -0.901598 -0.432574
vn -0.257126 -0.852398 -0.455307
vn -0.208233 -0.878676 -0.429613
vn -0.257126 -0.852398 -0.455307
vn 0.000000 -0.901598 -0.432574
vn 0.000000 -0.870776 -0.491681
vn 0.000000 -0.870776 -0.491681
vn -0.286604 -0.826734 -0.484117
vn -0.257126 -0.852398 -0.455307
vn -0.286604 -0.826734 -0.484117
vn 0.000000 -0.870776 -0.491681
vn 0.000000 -0.829816 -0.558038
vn 0.000000 -0.829816 -0.558038
vn -0.298212 -0.789113 -0.537001
vn -0.286604 -0.826734 -0.484117
vn 0.000000 -0.829816 -0.558038
vn 0.000000 -0.776598 -0.629997
vn -0.297829 -0.748287 -0.592759
vn -0.297829 -0.748287 -0.592759
vn -0.298212 -0.789113 -0.537001
vn 0.000000 -0.829816 -0.558038
vn 0.000000 -0.776598 -0.629997
vn 0.000000 -0.729179 -0.684323
vn -0.292721 -0.717053 -0.632573
vn -0.292721 -0.717053 -0.632573
vn -0.297829 -0.748287 -0.592759
vn 0.000000 -0.776598 -0.629997
vn 0.000000 -0.729179 -0.684323
vn 0.000000 -0.681542 -0.731779
vn -0.266247 -0.686769 -0.676358
vn -0.266247 -0.686769 -0.676358
vn -0.292721 -0.717053 -0.632573
vn 0.000000 -0.729179 -0.684323
vn 0.000000 -0.681542 -0.731779
vn 0.000000 -0.641065 -0.767486
vn -0.230589 -0.646930 -0.726850
vn -0.230589 -0.646930 -0.726850
vn -0.266247 -0.686769 -0.676358
vn 0.000000 -0.681542 -0.731779
vn 0.000000 -0.936844 -0.349746
vn -0.195913 -0.814092 -0.546693
vn -0.230589 -0.646930 -0.726850
vn -0.230589 -0.646930 -0.726850
vn 0.000000 -0.641065 -0.767486
vn 0.000000 -0.936844 -0.349746
vn 0.000000 -0.936844 -0.349746
vn 0.000024 -0.915343 0.402675
vn -0.423890 -0.905660 -0.009867
vn -0.423890 -0.905660 -0.009867
vn -0.195913 -0.814092 -0.546693
vn 0.000000 -0.936844 -0.349746
vn 0.217549 -0.878803 -0.424710
vn 0.170268 -0.784893 -0.595778
vn 0.405281 -0.309356 -0.860259
vn 0.405281 -0.309356 -0.860259
vn 0.601331 -0.351310 -0.717622
vn 0.217549 -0.878803 -0.424710
vn 0.706300 -0.303494 -0.639556
vn 0.278139 -0.835698 -0.473547
vn 0.217549 -0.878803 -0.424710
vn 0.217549 -0.878803 -0.424710
vn 0.601331 -0.351310 -0.717622
vn 0.706300 -0.303494 -0.639556
vn 0.801787 -0.305098 -0.513860
vn 0.293774 -0.822226 -0.487485
vn 0.278139 -0.835698 -0.473547
vn 0.278139 -0.835698 -0.473547
vn 0.706300 -0.303494 -0.639556
vn 0.801787 -0.305098 -0.513860
vn 0.859328 -0.352658 -0.370389
vn 0.300573 -0.787208 -0.538479
vn 0.293774 -0.822226 -0.487485
vn 0.293774 -0.822226 -0.487485
vn 0.801787 -0.305098 -0.513860
vn 0.859328 -0.352658 -0.370389
vn 0.865571 -0.435578 -0.247101
vn 0.294350 -0.746939 -0.596188
vn 0.300573 -0.787208 -0.538479
vn 0.300573 -0.787208 -0.538479
vn 0.859328 -0.352658 -0.370389
vn 0.865571 -0.435578 -0.247101
vn 0.825595 -0.541245 -0.159520
vn 0.278732 -0.713242 -0.643113
vn 0.294350 -0.746939 -0.596188
vn 0.294350 -0.746939 -0.596188
vn 0.865571 -0.435578 -0.247101
vn 0.825595 -0.541245 -0.159520
vn 0.752924 -0.646683 -0.122093
vn 0.249041 -0.683638 -0.686016
vn 0.278732 -0.713242 -0.643113
vn 0.278732 -0.713242 -0.643113
vn 0.825595 -0.541245 -0.159520
vn 0.752924 -0.646683 -0.122093
vn 0.651529 -0.754738 -0.076686
vn 0.225429 -0.650127 -0.725614
vn 0.249041 -0.683638 -0.686016
vn 0.249041 -0.683638 -0.686016
vn 0.752924 -0.646683 -0.122093
vn 0.651529 -0.754738 -0.076686
vn 0.225429 -0.650127 -0.725614
vn 0.651529 -0.754738 -0.076686
vn 0.423971 -0.905624 -0.009728
vn 0.423971 -0.905624 -0.009728
vn 0.195912 -0.814089 -0.546697
vn 0.225429 -0.650127 -0.725614
vn -0.405059 -0.309779 -0.860212
vn -0.170268 -0.784893 -0.595779
vn -0.208233 -0.878676 -0.429613
vn -0.208233 -0.878676 -0.429613
vn -0.602782 -0.306315 -0.736767
vn -0.405059 -0.309779 -0.860212
vn -0.602782 -0.306315 -0.736767
vn -0.208233 -0.878676 -0.429613
vn -0.257126 -0.852398 -0.455307
vn -0.257126 -0.852398 -0.455307
vn -0.711375 -0.290542 -0.639946
vn -0.602782 -0.306315 -0.736767
vn -0.711375 -0.290542 -0.639946
vn -0.257126 -0.852398 -0.455307
vn -0.286604 -0.826734 -0.484117
vn -0.286604 -0.826734 -0.484117
vn -0.803980 -0.301608 -0.512493
vn -0.711375 -0.290542 -0.639946
vn -0.803980 -0.301608 -0.512493
vn -0.286604 -0.826734 -0.484117
vn -0.298212 -0.789113 -0.537001
vn -0.298212 -0.789113 -0.537001
vn -0.859843 -0.352850 -0.369009
vn -0.803980 -0.301608 -0.512493
vn -0.859843 -0.352850 -0.369009
vn -0.298212 -0.789113 -0.537001
vn -0.297829 -0.748287 -0.592759
vn -0.297829 -0.748287 -0.592759
vn -0.863911 -0.438893 -0.247044
vn -0.859843 -0.352850 -0.369009
vn -0.863911 -0.438893 -0.247044
vn -0.297829 -0.748287 -0.592759
vn -0.292721 -0.717053 -0.632573
vn -0.292721 -0.717053 -0.632573
vn -0.820886 -0.546385 -0.166161
vn -0.863911 -0.438893 -0.247044
vn -0.820886 -0.546385 -0.166161
vn -0.292721 -0.717053 -0.632573
vn -0.266247 -0.686769 -0.676358
vn -0.266247 -0.686769 -0.676358
vn -0.746726 -0.649339 -0.144080
vn -0.820886 -0.546385 -0.166161
vn -0.746726 -0.649339 -0.144080
vn -0.266247 -0.686769 -0.676358
vn -0.230589 -0.646930 -0.726850
vn -0.230589 -0.646930 -0.726850
vn -0.648553 -0.753987 -0.104318
vn -0.746726 -0.649339 -0.144080
vn -0.230589 -0.646930 -0.726850
vn -0.195913 -0.814092 -0.546693
vn -0.423890 -0.905660 -0.009867
vn -0.423890 -0.905660 -0.009867
vn -0.648553 -0.753987 -0.104318
vn -0.230589 -0.646930 -0.726850
vn 0.405281 -0.309356 -0.860259
vn 0.000101 -0.131201 -0.991356
vn -0.000047 0.427435 -0.904046
vn -0.000047 0.427435 -0.904046
vn 0.332803 0.375261 -0.865113
vn 0.405281 -0.309356 -0.860259
vn 0.332803 0.375261 -0.865113
vn 0.591390 0.309177 -0.744760
vn 0.601331 -0.351310 -0.717622
vn 0.601331 -0.351310 -0.717622
vn 0.405281 -0.309356 -0.860259
vn 0.332803 0.375261 -0.865113
vn 0.591390 0.309177 -0.744760
vn 0.765486 0.245429 -0.594808
vn 0.706300 -0.303494 -0.639556
vn 0.706300 -0.303494 -0.639556
vn 0.601331 -0.351310 -0.717622
vn 0.591390 0.309177 -0.744760
vn 0.765486 0.245429 -0.594808
vn 0.909855 0.164701 -0.380838
vn 0.801787 -0.305098 -0.513860
vn 0.801787 -0.305098 -0.513860
vn 0.706300 -0.303494 -0.639556
vn 0.765486 0.245429 -0.594808
vn 0.909855 0.164701 -0.380838
vn 0.988806 0.053340 -0.139348
vn 0.859328 -0.352658 -0.370389
vn 0.859328 -0.352658 -0.370389
vn 0.801787 -0.305098 -0.513860
vn 0.909855 0.164701 -0.380838
vn 0.859328 -0.352658 -0.370389
vn 0.988806 0.053340 -0.139348
vn 0.992680 -0.074111 0.095360
vn 0.992680 -0.074111 0.095360
vn 0.865571 -0.435578 -0.247101
vn 0.859328 -0.352658 -0.370389
vn 0.865571 -0.435578 -0.247101
vn 0.992680 -0.074111 0.095360
vn 0.930680 -0.211594 0.298434
vn 0.930680 -0.211594 0.298434
vn 0.825595 -0.541245 -0.159520
vn 0.865571 -0.435578 -0.247101
vn 0.825595 -0.541245 -0.159520
vn 0.930680 -0.211594 0.298434
vn 0.822273 -0.342545 0.454456
vn 0.822273 -0.342545 0.454456
vn 0.752924 -0.646683 -0.122093
vn 0.825595 -0.541245 -0.159520
vn 0.752924 -0.646683 -0.122093
vn 0.822273 -0.342545 0.454456
vn 0.671910 -0.459733 0.580674
vn 0.671910 -0.459733 0.580674
vn 0.651529 -0.754738 -0.076686
vn 0.752924 -0.646683 -0.122093
vn 0.382239 -0.600306 0.702514
vn 0.423971 -0.905624 -0.009728
vn 0.651529 -0.754738 -0.076686
vn 0.651529 -0.754738 -0.076686
vn 0.671910 -0.459733 0.580674
vn 0.382239 -0.600306 0.702514
vn -0.000015 -0.662505 0.749058
vn 0.000024 -0.915343 0.402675
vn 0.423971 -0.905624 -0.009728
vn 0.423971 -0.905624 -0.009728
vn 0.382239 -0.600306 0.702514
vn -0.000015 -0.662505 0.749058
vn -0.000047 0.427435 -0.904046
vn 0.000101 -0.131201 -0.991356
vn -0.405059 -0.309779 -0.860212
vn -0.405059 -0.309779 -0.860212
vn -0.333091 0.374254 -0.865439
vn -0.000047 0.427435 -0.904046
vn -0.602782 -0.306315 -0.736767
vn -0.591885 0.307449 -0.745082
vn -0.333091 0.374254 -0.865439
vn -0.333091 0.374254 -0.865439
vn -0.405059 -0.309779 -0.860212
vn -0.602782 -0.306315 -0.736767
vn -0.711375 -0.290542 -0.639946
vn -0.765873 0.243492 -0.595106
vn -0.591885 0.307449 -0.745082
vn -0.591885 0.307449 -0.745082
vn -0.602782 -0.306315 -0.736767
vn -0.711375 -0.290542 -0.639946
vn -0.803980 -0.301608 -0.512493
vn -0.910019 0.162855 -0.381239
vn -0.765873 0.243492 -0.595106
vn -0.765873 0.243492 -0.595106
vn -0.711375 -0.290542 -0.639946
vn -0.803980 -0.301608 -0.512493
vn -0.859843 -0.352850 -0.369009
vn -0.988808 0.051748 -0.139929
vn -0.910019 0.162855 -0.381239
vn -0.910019 0.162855 -0.381239
vn -0.803980 -0.301608 -0.512493
vn -0.859843 -0.352850 -0.369009
vn -0.992662 -0.075322 0.094595
vn -0.988808 0.051748 -0.139929
vn -0.859843 -0.352850 -0.369009
vn -0.859843 -0.352850 -0.369009
vn -0.863911 -0.438893 -0.247044
vn -0.992662 -0.075322 0.094595
vn -0.930723 -0.212443 0.297696
vn -0.992662 -0.075322 0.094595
vn -0.863911 -0.438893 -0.247044
vn -0.863911 -0.438893 -0.247044
vn -0.820886 -0.546385 -0.166161
vn -0.930723 -0.212443 0.297696
vn -0.822387 -0.343122 0.453813
vn -0.930723 -0.212443 0.297696
vn -0.820886 -0.546385 -0.166161
vn -0.820886 -0.546385 -0.166161
vn -0.746726 -0.649339 -0.144080
vn -0.822387 -0.343122 0.453813
vn -0.672038 -0.460156 0.580191
vn -0.822387 -0.343122 0.453813
vn -0.746726 -0.649339 -0.144080
vn -0.746726 -0.649339 -0.144080
vn -0.648553 -0.753987 -0.104318
vn -0.672038 -0.460156 0.580191
vn -0.382317 -0.600532 0.702278
vn -0.672038 -0.460156 0.580191
vn -0.648553 -0.753987 -0.104318
vn -0.648553 -0.753987 -0.104318
vn -0.423890 -0.905660 -0.009867
vn -0.382317 -0.600532 0.702278
vn -0.000015 -0.662505 0.749058
vn -0.382317 -0.600532 0.702278
vn -0.423890 -0.905660 -0.009867
vn -0.423890 -0.905660 -0.009867
vn 0.000024 -0.915343 0.402675
vn -0.000015 -0.662505 0.749058
vn 0.999972 -0.006458 0.003729
vn 0.923854 0.184877 0.335133
vn 0.923854 0.184877 0.335133
vn 0.923854 0.184877 0.335133
vn 0.999972 -0.006458 0.003729
vn 0.999972 -0.006458 0.003729
vn 0.707088 0.347085 0.616084
vn 0.707088 0.347084 0.616084
vn 0.923854 0.184877 0.335133
vn 0.923854 0.184877 0.335133
vn 0.923854 0.184877 0.335133
vn 0.707088 0.347085 0.616084
vn 0.382672 0.455467 0.803811
vn 0.382672 0.455467 0.803811
vn 0.707088 0.347084 0.616084
vn 0.707088 0.347084 0.616084
vn 0.707088 0.347085 0.616084
vn 0.382672 0.455467 0.803811
vn 0.000000 0.493527 0.869730
vn 0.000000 0.493527 0.869730
vn 0.382672 0.455467 0.803811
vn 0.382672 0.455467 0.803811
vn 0.382672 0.455467 0.803811
vn 0.000000 0.493527 0.869730
vn -0.382673 0.455467 0.803811
vn -0.382673 0.455467 0.803811
vn 0.000000 0.493527 0.869730
vn 0.000000 0.493527 0.869730
vn 0.000000 0.493527 0.869730
vn -0.382673 0.455467 0.803811
vn -0.707088 0.347084 0.616084
vn -0.707088 0.347084 0.616084
vn -0.382673 0.455467 0.803811
vn -0.382673 0.455467 0.803811
vn -0.382673 0.455467 0.803811
vn -0.707088 0.347084 0.616084
vn -0.923854 0.184878 0.335133
vn -0.923854 0.184877 0.335133
vn -0.707088 0.347084 0.616084
vn -0.707088 0.347084 0.616084
vn -0.707088 0.347084 0.616084
vn -0.923854 0.184878 0.335133
vn -0.999972 -0.006458 0.003729
vn -0.999972 -0.006458 0.003728
vn -0.923854 0.184877 0.335133
vn -0.923854 0.184877 0.335133
vn -0.923854 0.184878 0.335133
vn -0.999972 -0.006458 0.003729
vn -0.923854 -0.197793 -0.327676
vn -0.923854 -0.197794 -0.327676
vn -0.999972 -0.006458 0.003728
vn -0.999972 -0.006458 0.003728
vn -0.999972 -0.006458 0.003729
vn -0.923854 -0.197793 -0.327676
vn -0.707088 -0.360001 -0.608626
vn -0.707088 -0.360002 -0.608626
vn -0.923854 -0.197794 -0.327676
vn -0.923854 -0.197794 -0.327676
vn -0.923854 -0.197793 -0.327676
vn -0.707088 -0.360001 -0.608626
vn -0.382672 -0.468387 -0.796351
vn -0.382673 -0.468387 -0.796351
vn -0.707088 -0.360002 -0.608626
vn -0.707088 -0.360002 -0.608626
vn -0.707088 -0.360001 -0.608626
vn -0.382672 -0.468387 -0.796351
vn -0.000001 -0.506444 -0.862273
vn -0.000001 -0.506444 -0.862273
vn -0.382673 -0.468387 -0.796351
vn -0.382673 -0.468387 -0.796351
vn -0.382672 -0.468387 -0.796351
vn -0.000001 -0.506444 -0.862273
vn 0.382674 -0.468386 -0.796351
vn 0.382675 -0.468387 -0.796350
vn -0.000001 -0.506444 -0.862273
vn -0.000001 -0.506444 -0.862273
vn -0.000001 -0.506444 -0.862273
vn 0.382674 -0.468386 -0.796351
vn 0.707088 -0.360002 -0.608626
vn 0.707087 -0.360001 -0.608627
vn 0.382675 -0.468387 -0.796350
vn 0.382675 -0.468387 -0.796350
vn 0.382674 -0.468386 -0.796351
vn 0.707088 -0.360002 -0.608626
vn 0.923854 -0.197794 -0.327675
vn 0.923854 -0.197794 -0.327676
vn 0.707087 -0.360001 -0.608627
vn 0.707087 -0.360001 -0.608627
vn 0.707088 -0.360002 -0.608626
vn 0.923854 -0.197794 -0.327675
vn 0.999972 -0.006458 0.003729
vn 0.999972 -0.006458 0.003729
vn 0.923854 -0.197794 -0.327676
vn 0.923854 -0.197794 -0.327676
vn 0.923854 -0.197794 -0.327675
vn 0.999972 -0.006458 0.003729
vn 0.923621 0.170773 0.343164
vn 0.777707 -0.306425 0.548886
vn 0.841784 -0.467493 0.269907
vn 0.841784 -0.467493 0.269907
vn 0.999719 -0.020514 0.011844
vn 0.923621 0.170773 0.343164
vn 0.641938 0.664031 -0.383378
vn 0.999972 -0.006458 0.003729
vn 0.923854 0.184877 0.335133
vn 0.923854 0.184877 0.335133
vn 0.593073 0.786860 -0.170631
vn 0.641938 0.664031 -0.383378
vn 0.706908 0.332939 0.624045
vn 0.595231 -0.169878 0.785393
vn 0.777707 -0.306425 0.548886
vn 0.777707 -0.306425 0.548886
vn 0.923621 0.170773 0.343164
vn 0.706908 0.332939 0.624045
vn 0.593073 0.786860 -0.170631
vn 0.923854 0.184877 0.335133
vn 0.707088 0.347084 0.616084
vn 0.707088 0.347084 0.616084
vn 0.453918 0.890990 0.009727
vn 0.593073 0.786860 -0.170631
vn 0.382576 0.441295 0.811723
vn 0.322137 -0.078640 0.943421
vn 0.595231 -0.169878 0.785393
vn 0.595231 -0.169878 0.785393
vn 0.706908 0.332939 0.624045
vn 0.382576 0.441295 0.811723
vn 0.453918 0.890990 0.009727
vn 0.707088 0.347084 0.616084
vn 0.382672 0.455467 0.803811
vn 0.382672 0.455467 0.803811
vn 0.245659 0.960567 0.130238
vn 0.453918 0.890990 0.009727
vn 0.000000 0.479344 0.877627
vn 0.000000 -0.046602 0.998914
vn 0.322137 -0.078640 0.943421
vn 0.322137 -0.078640 0.943421
vn 0.382576 0.441295 0.811723
vn 0.000000 0.479344 0.877627
vn 0.245659 0.960567 0.130238
vn 0.382672 0.455467 0.803811
vn 0.000000 0.493527 0.869730
vn 0.000000 0.493527 0.869730
vn 0.000000 0.985000 0.172556
vn 0.245659 0.960567 0.130238
vn -0.382576 0.441295 0.811723
vn -0.322137 -0.078640 0.943421
vn 0.000000 -0.046602 0.998914
vn 0.000000 -0.046602 0.998914
vn 0.000000 0.479344 0.877627
vn -0.382576 0.441295 0.811723
vn 0.000000 0.985000 0.172556
vn 0.000000 0.493527 0.869730
vn -0.382673 0.455467 0.803811
vn -0.382673 0.455467 0.803811
vn -0.245659 0.960567 0.130238
vn 0.000000 0.985000 0.172556
vn -0.706908 0.332939 0.624045
vn -0.595231 -0.169878 0.785393
vn -0.322137 -0.078640 0.943421
vn -0.322137 -0.078640 0.943421
vn -0.382576 0.441295 0.811723
vn -0.706908 0.332939 0.624045
vn -0.245659 0.960567 0.130238
vn -0.382673 0.455467 0.803811
vn -0.707088 0.347084 0.616084
vn -0.707088 0.347084 0.616084
vn -0.453918 0.890990 0.009727
vn -0.245659 0.960567 0.130238
vn -0.923620 0.170774 0.343165
vn -0.777707 -0.306425 0.548886
vn -0.595231 -0.169878 0.785393
vn -0.595231 -0.169878 0.785393
vn -0.706908 0.332939 0.624045
vn -0.923620 0.170774 0.343165
vn -0.453918 0.890990 0.009727
vn -0.707088 0.347084 0.616084
vn -0.923854 0.184877 0.335133
vn -0.923854 0.184877 0.335133
vn -0.593073 0.786860 -0.170631
vn -0.453918 0.890990 0.009727
vn -0.999719 -0.020514 0.011844
vn -0.841784 -0.467493 0.269907
vn -0.777707 -0.306425 0.548886
vn -0.777707 -0.306425 0.548886
vn -0.923620 0.170774 0.343165
vn -0.999719 -0.020514 0.011844
vn -0.593073 0.786860 -0.170631
vn -0.923854 0.184877 0.335133
vn -0.999972 -0.006458 0.003728
vn -0.999972 -0.006458 0.003728
vn -0.641938 0.664031 -0.383378
vn -0.593073 0.786860 -0.170631
vn -0.923620 -0.211802 -0.319477
vn -0.777707 -0.628562 -0.009071
vn -0.841784 -0.467493 0.269907
vn -0.841784 -0.467493 0.269907
vn -0.999719 -0.020514 0.011844
vn -0.923620 -0.211802 -0.319477
vn -0.641938 0.664031 -0.383378
vn -0.999972 -0.006458 0.003728
vn -0.923854 -0.197794 -0.327676
vn -0.923854 -0.197794 -0.327676
vn -0.593073 0.541202 -0.596125
vn -0.641938 0.664031 -0.383378
vn -0.706908 -0.373966 -0.600358
vn -0.595232 -0.765108 -0.245578
vn -0.777707 -0.628562 -0.009071
vn -0.777707 -0.628562 -0.009071
vn -0.923620 -0.211802 -0.319477
vn -0.706908 -0.373966 -0.600358
vn -0.593073 0.541202 -0.596125
vn -0.923854 -0.197794 -0.327676
vn -0.707088 -0.360002 -0.608626
vn -0.707088 -0.360002 -0.608626
vn -0.453919 0.437072 -0.776483
vn -0.593073 0.541202 -0.596125
vn -0.382576 -0.482322 -0.788037
vn -0.322137 -0.856346 -0.403608
vn -0.595232 -0.765108 -0.245578
vn -0.595232 -0.765108 -0.245578
vn -0.706908 -0.373966 -0.600358
vn -0.382576 -0.482322 -0.788037
vn -0.453919 0.437072 -0.776483
vn -0.707088 -0.360002 -0.608626
vn -0.382673 -0.468387 -0.796351
vn -0.382673 -0.468387 -0.796351
vn -0.245659 0.367494 -0.896995
vn -0.453919 0.437072 -0.776483
vn 0.000000 -0.520370 -0.853941
vn 0.000000 -0.888384 -0.459101
vn -0.322137 -0.856346 -0.403608
vn -0.322137 -0.856346 -0.403608
vn -0.382576 -0.482322 -0.788037
vn 0.000000 -0.520370 -0.853941
vn -0.245659 0.367494 -0.896995
vn -0.382673 -0.468387 -0.796351
vn -0.000001 -0.506444 -0.862273
vn -0.000001 -0.506444 -0.862273
vn 0.000000 0.343062 -0.939313
vn -0.245659 0.367494 -0.896995
vn 0.382576 -0.482322 -0.788037
vn 0.322137 -0.856346 -0.403608
vn 0.000000 -0.888384 -0.459101
vn 0.000000 -0.888384 -0.459101
vn 0.000000 -0.520370 -0.853941
vn 0.382576 -0.482322 -0.788037
vn 0.000000 0.343062 -0.939313
vn -0.000001 -0.506444 -0.862273
vn 0.382675 -0.468387 -0.796350
vn 0.382675 -0.468387 -0.796350
vn 0.245659 0.367495 -0.896994
vn 0.000000 0.343062 -0.939313
vn 0.706908 -0.373966 -0.600358
vn 0.595232 -0.765108 -0.245578
vn 0.322137 -0.856346 -0.403608
vn 0.322137 -0.856346 -0.403608
vn 0.382576 -0.482322 -0.788037
vn 0.706908 -0.373966 -0.600358
vn 0.245659 0.367495 -0.896994
vn 0.382675 -0.468387 -0.796350
vn 0.707087 -0.360001 -0.608627
vn 0.707087 -0.360001 -0.608627
vn 0.453919 0.437071 -0.776483
vn 0.245659 0.367495 -0.896994
vn 0.923621 -0.211802 -0.319476
vn 0.777707 -0.628562 -0.009071
vn 0.595232 -0.765108 -0.245578
vn 0.595232 -0.765108 -0.245578
vn 0.706908 -0.373966 -0.600358
vn 0.923621 -0.211802 -0.319476
vn 0.453919 0.437071 -0.776483
vn 0.707087 -0.360001 -0.608627
vn 0.923854 -0.197794 -0.327676
vn 0.923854 -0.197794 -0.327676
vn 0.593073 0.541202 -0.596125
vn 0.453919 0.437071 -0.776483
vn 0.999719 -0.020514 0.011844
vn 0.841784 -0.467493 0.269907
vn 0.777707 -0.628562 -0.009071
vn 0.777707 -0.628562 -0.009071
vn 0.923621 -0.211802 -0.319476
vn 0.999719 -0.020514 0.011844
vn 0.593073 0.541202 -0.596125
vn 0.923854 -0.197794 -0.327676
vn 0.999972 -0.006458 0.003729
vn 0.999972 -0.006458 0.003729
vn 0.641938 0.664031 -0.383378
vn 0.593073 0.541202 -0.596125
vn 0.357025 -0.724806 0.589228
vn 0.923854 0.184877 0.335133
vn 0.999972 -0.006458 0.003729
vn 0.114668 -0.860313 0.496702
vn 0.386441 -0.798748 0.461157
vn 0.357025 -0.724806 0.589228
vn 0.273255 -0.662120 0.697803
vn 0.707088 0.347085 0.616084
vn 0.923854 0.184877 0.335133
vn 0.105938 -0.838372 0.534705
vn 0.357025 -0.724806 0.589228
vn 0.273255 -0.662120 0.697803
vn 0.147885 -0.620235 0.770350
vn 0.382672 0.455467 0.803811
vn 0.707088 0.347085 0.616084
vn 0.081083 -0.819772 0.566921
vn 0.273255 -0.662120 0.697803
vn 0.147885 -0.620235 0.770350
vn 0.000000 -0.605528 0.795824
vn 0.000000 0.493527 0.869730
vn 0.382672 0.455467 0.803811
vn 0.043881 -0.807343 0.588448
vn 0.147885 -0.620235 0.770350
vn 0.000000 -0.605528 0.795824
vn -0.147885 -0.620235 0.770350
vn -0.382673 0.455467 0.803811
vn 0.000000 0.493527 0.869730
vn 0.000000 -0.802979 0.596007
vn 0.000000 -0.605528 0.795824
vn -0.147885 -0.620235 0.770350
vn -0.273255 -0.662120 0.697803
vn -0.707088 0.347084 0.616084
vn -0.382673 0.455467 0.803811
vn -0.043881 -0.807343 0.588448
vn -0.147885 -0.620235 0.770350
vn -0.273255 -0.662120 0.697803
vn -0.357024 -0.724806 0.589229
vn -0.923854 0.184878 0.335133
vn -0.707088 0.347084 0.616084
vn -0.081082 -0.819772 0.566922
vn -0.273255 -0.662120 0.697803
vn -0.357024 -0.724806 0.589229
vn -0.386441 -0.798748 0.461157
vn -0.999972 -0.006458 0.003729
vn -0.923854 0.184878 0.335133
vn -0.105939 -0.838373 0.534703
vn -0.357024 -0.724806 0.589229
vn -0.386441 -0.798748 0.461157
vn -0.357026 -0.872689 0.333085
vn -0.923854 -0.197793 -0.327676
vn -0.999972 -0.006458 0.003729
vn -0.114669 -0.860313 0.496702
vn -0.386441 -0.798748 0.461157
vn -0.357026 -0.872689 0.333085
vn -0.273254 -0.935375 0.224511
vn -0.707088 -0.360001 -0.608626
vn -0.923854 -0.197793 -0.327676
vn -0.105940 -0.882254 0.458699
vn -0.357026 -0.872689 0.333085
vn -0.273254 -0.935375 0.224511
vn -0.147885 -0.977260 0.151964
vn -0.382672 -0.468387 -0.796351
vn -0.707088 -0.360001 -0.608626
vn -0.081082 -0.900855 0.426482
vn -0.273254 -0.935375 0.224511
vn -0.147885 -0.977260 0.151964
vn 0.000000 -0.991968 0.126489
vn -0.000001 -0.506444 -0.862273
vn -0.382672 -0.468387 -0.796351
vn -0.043882 -0.913283 0.404954
vn -0.147885 -0.977260 0.151964
vn 0.000000 -0.991968 0.126489
vn 0.147885 -0.977260 0.151964
vn 0.382674 -0.468386 -0.796351
vn -0.000001 -0.506444 -0.862273
vn 0.000000 -0.917647 0.397396
vn 0.000000 -0.991968 0.126489
vn 0.147885 -0.977260 0.151964
vn 0.273255 -0.935375 0.224511
vn 0.707088 -0.360002 -0.608626
vn 0.382674 -0.468386 -0.796351
vn 0.043882 -0.913283 0.404955
vn 0.147885 -0.977260 0.151964
vn 0.273255 -0.935375 0.224511
vn 0.923854 -0.197794 -0.327675
vn 0.707088 -0.360002 -0.608626
vn 0.273255 -0.935375 0.224511
vn 0.273255 -0.935375 0.224511
vn 0.357026 -0.872689 0.333085
vn 0.105940 -0.882254 0.458699
vn 0.386441 -0.798748 0.461157
vn 0.999972 -0.006458 0.003729
vn 0.923854 -0.197794 -0.327675
vn 0.105940 -0.882254 0.458699
vn 0.357026 -0.872689 0.333085
vn 0.386441 -0.798748 0.461157
vn 0.798144 0.601479 0.034483
vn 0.863905 0.436178 -0.251827
vn 0.206936 0.847280 -0.489178
vn 0.206936 0.847280 -0.489178
vn 0.191184 0.886876 -0.420595
vn 0.798144 0.601479 0.034483
vn 0.610873 0.741614 0.277205
vn 0.798144 0.601479 0.034483
vn 0.191184 0.886876 -0.420595
vn 0.191184 0.886876 -0.420595
vn 0.146326 0.920443 -0.362454
vn 0.610873 0.741614 0.277205
vn 0.330602 0.835250 0.439386
vn 0.610873 0.741614 0.277205
vn 0.146326 0.920443 -0.362454
vn 0.146326 0.920443 -0.362454
vn 0.079191 0.942872 -0.323607
vn 0.330602 0.835250 0.439386
vn 0.000000 0.868131 0.496336
vn 0.330602 0.835250 0.439386
vn 0.079191 0.942872 -0.323607
vn 0.079191 0.942872 -0.323607
vn 0.000000 0.950748 -0.309964
vn 0.000000 0.868131 0.496336
vn -0.330602 0.835250 0.439386
vn 0.000000 0.868131 0.496336
vn 0.000000 0.950748 -0.309964
vn 0.000000 0.950748 -0.309964
vn -0.079191 0.942872 -0.323606
vn -0.330602 0.835250 0.439386
vn -0.610873 0.741614 0.277205
vn -0.330602 0.835250 0.439386
vn -0.079191 0.942872 -0.323606
vn -0.079191 0.942872 -0.323606
vn -0.146326 0.920443 -0.362454
vn -0.610873 0.741614 0.277205
vn -0.798144 0.601479 0.034483
vn -0.610873 0.741614 0.277205
vn -0.146326 0.920443 -0.362454
vn -0.146326 0.920443 -0.362454
vn -0.191184 0.886876 -0.420595
vn -0.798144 0.601479 0.034483
vn -0.863905 0.436178 -0.251828
vn -0.798144 0.601479 0.034483
vn -0.191184 0.886876 -0.420595
vn -0.191184 0.886876 -0.420595
vn -0.206937 0.847280 -0.489177
vn -0.863905 0.436178 -0.251828
vn -0.798144 0.270877 -0.538137
vn -0.863905 0.436178 -0.251828
vn -0.206937 0.847280 -0.489177
vn -0.206937 0.847280 -0.489177
vn -0.191185 0.807684 -0.557758
vn -0.798144 0.270877 -0.538137
vn -0.610873 0.130744 -0.780859
vn -0.798144 0.270877 -0.538137
vn -0.191185 0.807684 -0.557758
vn -0.191185 0.807684 -0.557758
vn -0.146326 0.774117 -0.615899
vn -0.610873 0.130744 -0.780859
vn -0.330601 0.037108 -0.943041
vn -0.610873 0.130744 -0.780859
vn -0.146326 0.774117 -0.615899
vn -0.146326 0.774117 -0.615899
vn -0.079191 0.751688 -0.654748
vn -0.330601 0.037108 -0.943041
vn 0.000000 0.004227 -0.999991
vn -0.330601 0.037108 -0.943041
vn -0.079191 0.751688 -0.654748
vn -0.079191 0.751688 -0.654748
vn 0.000000 0.743812 -0.668389
vn 0.000000 0.004227 -0.999991
vn 0.330602 0.037108 -0.943040
vn 0.000000 0.004227 -0.999991
vn 0.000000 0.743812 -0.668389
vn 0.000000 0.743812 -0.668389
vn 0.079191 0.751688 -0.654748
vn 0.330602 0.037108 -0.943040
vn 0.610872 0.130744 -0.780859
vn 0.330602 0.037108 -0.943040
vn 0.079191 0.751688 -0.654748
vn 0.079191 0.751688 -0.654748
vn 0.146326 0.774117 -0.615899
vn 0.610872 0.130744 -0.780859
vn 0.798144 0.270877 -0.538137
vn 0.610872 0.130744 -0.780859
vn 0.146326 0.774117 -0.615899
vn 0.146326 0.774117 -0.615899
vn 0.191185 0.807684 -0.557758
vn 0.798144 0.270877 -0.538137
vn 0.863905 0.436178 -0.251827
vn 0.798144 0.270877 -0.538137
vn 0.191185 0.807684 -0.557758
vn 0.191185 0.807684 -0.557758
vn 0.206936 0.847280 -0.489178
vn 0.863905 0.436178 -0.251827
vn 0.000000 0.866026 -0.499999
vn 0.191184 0.886876 -0.420595
vn 0.206936 0.847280 -0.489178
vn 0.000000 0.866026 -0.499999
vn 0.146326 0.920443 -0.362454
vn 0.191184 0.886876 -0.420595
vn 0.000000 0.866026 -0.499999
vn 0.079191 0.942872 -0.323607
vn 0.146326 0.920443 -0.362454
vn 0.000000 0.866026 -0.499999
vn 0.000000 0.950748 -0.309964
vn 0.079191 0.942872 -0.323607
vn 0.000000 0.866026 -0.499999
vn -0.079191 0.942872 -0.323606
vn 0.000000 0.950748 -0.309964
vn 0.000000 0.866026 -0.499999
vn -0.146326 0.920443 -0.362454
vn -0.079191 0.942872 -0.323606
vn 0.000000 0.866026 -0.499999
vn -0.191184 0.886876 -0.420595
vn -0.146326 0.920443 -0.362454
vn 0.000000 0.866026 -0.499999
vn -0.206937 0.847280 -0.489177
vn -0.191184 0.886876 -0.420595
vn 0.000000 0.866026 -0.499999
vn -0.191185 0.807684 -0.557758
vn -0.206937 0.847280 -0.489177
vn 0.000000 0.866026 -0.499999
vn -0.146326 0.774117 -0.615899
vn -0.191185 0.807684 -0.557758
vn 0.000000 0.866026 -0.499999
vn -0.079191 0.751688 -0.654748
vn -0.146326 0.774117 -0.615899
vn 0.000000 0.866026 -0.499999
vn 0.000000 0.743812 -0.668389
vn -0.079191 0.751688 -0.654748
vn 0.000000 0.866026 -0.499999
vn 0.079191 0.751688 -0.654748
vn 0.000000 0.743812 -0.668389
vn 0.000000 0.866026 -0.499999
vn 0.146326 0.774117 -0.615899
vn 0.079191 0.751688 -0.654748
vn 0.000000 0.866026 -0.499999
vn 0.191185 0.807684 -0.557758
vn 0.146326 0.774117 -0.615899
vn 0.000000 0.866026 -0.499999
vn 0.206936 0.847280 -0.489178
vn 0.191185 0.807684 -0.557758
vn 0.641938 0.664031 -0.383378
vn 0.593073 0.786860 -0.170631
vn 0.669840 0.735176 -0.104073
vn 0.669840 0.735176 -0.104073
vn 0.725030 0.596448 -0.344358
vn 0.641938 0.664031 -0.383378
vn 0.593073 0.786860 -0.170631
vn 0.453918 0.890990 0.009727
vn 0.512674 0.852783 0.099630
vn 0.512674 0.852783 0.099630
vn 0.669840 0.735176 -0.104073
vn 0.593073 0.786860 -0.170631
vn 0.453918 0.890990 0.009727
vn 0.245659 0.960567 0.130238
vn 0.277457 0.931367 0.235740
vn 0.277457 0.931367 0.235740
vn 0.512674 0.852783 0.099630
vn 0.453918 0.890990 0.009727
vn 0.245659 0.960567 0.130238
vn 0.000000 0.985000 0.172556
vn 0.000000 0.958962 0.283535
vn 0.000000 0.958962 0.283535
vn 0.277457 0.931367 0.235740
vn 0.245659 0.960567 0.130238
vn 0.000000 0.985000 0.172556
vn -0.245659 0.960567 0.130238
vn -0.277457 0.931367 0.235740
vn -0.277457 0.931367 0.235740
vn 0.000000 0.958962 0.283535
vn 0.000000 0.985000 0.172556
vn -0.245659 0.960567 0.130238
vn -0.453918 0.890990 0.009727
vn -0.512674 0.852783 0.099630
vn -0.512674 0.852783 0.099630
vn -0.277457 0.931367 0.235740
vn -0.245659 0.960567 0.130238
vn -0.453918 0.890990 0.009727
vn -0.593073 0.786860 -0.170631
vn -0.669840 0.735176 -0.104073
vn -0.669840 0.735176 -0.104073
vn -0.512674 0.852783 0.099630
vn -0.453918 0.890990 0.009727
vn -0.593073 0.786860 -0.170631
vn -0.641938 0.664031 -0.383378
vn -0.725030 0.596447 -0.344358
vn -0.725030 0.596447 -0.344358
vn -0.669840 0.735176 -0.104073
vn -0.593073 0.786860 -0.170631
vn -0.641938 0.664031 -0.383378
vn -0.593073 0.541202 -0.596125
vn -0.669840 0.457718 -0.584643
vn -0.669840 0.457718 -0.584643
vn -0.725030 0.596447 -0.344358
vn -0.641938 0.664031 -0.383378
vn -0.593073 0.541202 -0.596125
vn -0.453919 0.437072 -0.776483
vn -0.512675 0.340109 -0.788347
vn -0.512675 0.340109 -0.788347
vn -0.669840 0.457718 -0.584643
vn -0.593073 0.541202 -0.596125
vn -0.453919 0.437072 -0.776483
vn -0.245659 0.367494 -0.896995
vn -0.277456 0.261527 -0.924458
vn -0.277456 0.261527 -0.924458
vn -0.512675 0.340109 -0.788347
vn -0.453919 0.437072 -0.776483
vn -0.245659 0.367494 -0.896995
vn 0.000000 0.343062 -0.939313
vn 0.000000 0.233932 -0.972253
vn 0.000000 0.233932 -0.972253
vn -0.277456 0.261527 -0.924458
vn -0.245659 0.367494 -0.896995
vn 0.000000 0.343062 -0.939313
vn 0.245659 0.367495 -0.896994
vn 0.277457 0.261528 -0.924457
vn 0.277457 0.261528 -0.924457
vn 0.000000 0.233932 -0.972253
vn 0.000000 0.343062 -0.939313
vn 0.245659 0.367495 -0.896994
vn 0.453919 0.437071 -0.776483
vn 0.512674 0.340109 -0.788347
vn 0.512674 0.340109 -0.788347
vn 0.277457 0.261528 -0.924457
vn 0.245659 0.367495 -0.896994
vn 0.453919 0.437071 -0.776483
vn 0.593073 0.541202 -0.596125
vn 0.669840 0.457719 -0.584643
vn 0.669840 0.457719 -0.584643
vn 0.512674 0.340109 -0.788347
vn 0.453919 0.437071 -0.776483
vn 0.593073 0.541202 -0.596125
vn 0.641938 0.664031 -0.383378
vn 0.725030 0.596448 -0.344358
vn 0.725030 0.596448 -0.344358
vn 0.669840 0.457719 -0.584643
vn 0.593073 0.541202 -0.596125
vn 0.798144 0.601479 0.034483
vn 0.923621 0.170773 0.343164
vn 0.999719 -0.020514 0.011844
vn 0.999719 -0.020514 0.011844
vn 0.863905 0.436178 -0.251827
vn 0.798144 0.601479 0.034483
vn 0.610873 0.741614 0.277205
vn 0.706908 0.332939 0.624045
vn 0.923621 0.170773 0.343164
vn 0.923621 0.170773 0.343164
vn 0.798144 0.601479 0.034483
vn 0.610873 0.741614 0.277205
vn 0.330602 0.835250 0.439386
vn 0.382576 0.441295 0.811723
vn 0.706908 0.332939 0.624045
vn 0.706908 0.332939 0.624045
vn 0.610873 0.741614 0.277205
vn 0.330602 0.835250 0.439386
vn 0.000000 0.868131 0.496336
vn 0.000000 0.479344 0.877627
vn 0.382576 0.441295 0.811723
vn 0.382576 0.441295 0.811723
vn 0.330602 0.835250 0.439386
vn 0.000000 0.868131 0.496336
vn -0.330602 0.835250 0.439386
vn -0.382576 0.441295 0.811723
vn 0.000000 0.479344 0.877627
vn 0.000000 0.479344 0.877627
vn 0.000000 0.868131 0.496336
vn -0.330602 0.835250 0.439386
vn -0.610873 0.741614 0.277205
vn -0.706908 0.332939 0.624045
vn -0.382576 0.441295 0.811723
vn -0.382576 0.441295 0.811723
vn -0.330602 0.835250 0.439386
vn -0.610873 0.741614 0.277205
vn -0.798144 0.601479 0.034483
vn -0.923620 0.170774 0.343165
vn -0.706908 0.332939 0.624045
vn -0.706908 0.332939 0.624045
vn -0.610873 0.741614 0.277205
vn -0.798144 0.601479 0.034483
vn -0.863905 0.436178 -0.251828
vn -0.999719 -0.020514 0.011844
vn -0.923620 0.170774 0.343165
vn -0.923620 0.170774 0.343165
vn -0.798144 0.601479 0.034483
vn -0.863905 0.436178 -0.251828
vn -0.798144 0.270877 -0.538137
vn -0.923620 -0.211802 -0.319477
vn -0.999719 -0.020514 0.011844
vn -0.999719 -0.020514 0.011844
vn -0.863905 0.436178 -0.251828
vn -0.798144 0.270877 -0.538137
vn -0.610873 0.130744 -0.780859
vn -0.706908 -0.373966 -0.600358
vn -0.923620 -0.211802 -0.319477
vn -0.923620 -0.211802 -0.319477
vn -0.798144 0.270877 -0.538137
vn -0.610873 0.130744 -0.780859
vn -0.330601 0.037108 -0.943041
vn -0.382576 -0.482322 -0.788037
vn -0.706908 -0.373966 -0.600358
vn -0.706908 -0.373966 -0.600358
vn -0.610873 0.130744 -0.780859
vn -0.330601 0.037108 -0.943041
vn 0.000000 0.004227 -0.999991
vn 0.000000 -0.520370 -0.853941
vn -0.382576 -0.482322 -0.788037
vn -0.382576 -0.482322 -0.788037
vn -0.330601 0.037108 -0.943041
vn 0.000000 0.004227 -0.999991
vn 0.330602 0.037108 -0.943040
vn 0.382576 -0.482322 -0.788037
vn 0.000000 -0.520370 -0.853941
vn 0.000000 -0.520370 -0.853941
vn 0.000000 0.004227 -0.999991
vn 0.330602 0.037108 -0.943040
vn 0.610872 0.130744 -0.780859
vn 0.706908 -0.373966 -0.600358
vn 0.382576 -0.482322 -0.788037
vn 0.382576 -0.482322 -0.788037
vn 0.330602 0.037108 -0.943040
vn 0.610872 0.130744 -0.780859
vn 0.798144 0.270877 -0.538137
vn 0.923621 -0.211802 -0.319476
vn 0.706908 -0.373966 -0.600358
vn 0.706908 -0.373966 -0.600358
vn 0.610872 0.130744 -0.780859
vn 0.798144 0.270877 -0.538137
vn 0.863905 0.436178 -0.251827
vn 0.999719 -0.020514 0.011844
vn 0.923621 -0.211802 -0.319476
vn 0.923621 -0.211802 -0.319476
vn 0.798144 0.270877 -0.538137
vn 0.863905 0.436178 -0.251827
vn 0.777707 -0.306425 0.548886
vn 0.357025 -0.724806 0.589228
vn 0.386441 -0.798748 0.461157
vn 0.386441 -0.798748 0.461157
vn 0.841784 -0.467493 0.269907
vn 0.777707 -0.306425 0.548886
vn 0.595231 -0.169878 0.785393
vn 0.273255 -0.662120 0.697803
vn 0.357025 -0.724806 0.589228
vn 0.357025 -0.724806 0.589228
vn 0.777707 -0.306425 0.548886
vn 0.595231 -0.169878 0.785393
vn 0.322137 -0.078640 0.943421
vn 0.147885 -0.620235 0.770350
vn 0.273255 -0.662120 0.697803
vn 0.273255 -0.662120 0.697803
vn 0.595231 -0.169878 0.785393
vn 0.322137 -0.078640 0.943421
vn 0.000000 -0.046602 0.998914
vn 0.000000 -0.605528 0.795824
vn 0.147885 -0.620235 0.770350
vn 0.147885 -0.620235 0.770350
vn 0.322137 -0.078640 0.943421
vn 0.000000 -0.046602 0.998914
vn -0.322137 -0.078640 0.943421
vn -0.147885 -0.620235 0.770350
vn 0.000000 -0.605528 0.795824
vn 0.000000 -0.605528 0.795824
vn 0.000000 -0.046602 0.998914
vn -0.322137 -0.078640 0.943421
vn -0.595231 -0.169878 0.785393
vn -0.273255 -0.662120 0.697803
vn -0.147885 -0.620235 0.770350
vn -0.147885 -0.620235 0.770350
vn -0.322137 -0.078640 0.943421
vn -0.595231 -0.169878 0.785393
vn -0.777707 -0.306425 0.548886
vn -0.357024 -0.724806 0.589229
vn -0.273255 -0.662120 0.697803
vn -0.273255 -0.662120 0.697803
vn -0.595231 -0.169878 0.785393
vn -0.777707 -0.306425 0.548886
vn -0.841784 -0.467493 0.269907
vn -0.386441 -0.798748 0.461157
vn -0.357024 -0.724806 0.589229
vn -0.357024 -0.724806 0.589229
vn -0.777707 -0.306425 0.548886
vn -0.841784 -0.467493 0.269907
vn -0.777707 -0.628562 -0.009071
vn -0.357026 -0.872689 0.333085
vn -0.386441 -0.798748 0.461157
vn -0.386441 -0.798748 0.461157
vn -0.841784 -0.467493 0.269907
vn -0.777707 -0.628562 -0.009071
vn -0.595232 -0.765108 -0.245578
vn -0.273254 -0.935375 0.224511
vn -0.357026 -0.872689 0.333085
vn -0.357026 -0.872689 0.333085
vn -0.777707 -0.628562 -0.009071
vn -0.595232 -0.765108 -0.245578
vn -0.322137 -0.856346 -0.403608
vn -0.147885 -0.977260 0.151964
vn -0.273254 -0.935375 0.224511
vn -0.273254 -0.935375 0.224511
vn -0.595232 -0.765108 -0.245578
vn -0.322137 -0.856346 -0.403608
vn 0.000000 -0.888384 -0.459101
vn 0.000000 -0.991968 0.126489
vn -0.147885 -0.977260 0.151964
vn -0.147885 -0.977260 0.151964
vn -0.322137 -0.856346 -0.403608
vn 0.000000 -0.888384 -0.459101
vn 0.322137 -0.856346 -0.403608
vn 0.147885 -0.977260 0.151964
vn 0.000000 -0.991968 0.126489
vn 0.000000 -0.991968 0.126489
vn 0.000000 -0.888384 -0.459101
vn 0.322137 -0.856346 -0.403608
vn 0.595232 -0.765108 -0.245578
vn 0.273255 -0.935375 0.224511
vn 0.147885 -0.977260 0.151964
vn 0.147885 -0.977260 0.151964
vn 0.322137 -0.856346 -0.403608
vn 0.595232 -0.765108 -0.245578
vn 0.777707 -0.628562 -0.009071
vn 0.357026 -0.872689 0.333085
vn 0.273255 -0.935375 0.224511
vn 0.273255 -0.935375 0.224511
vn 0.595232 -0.765108 -0.245578
vn 0.777707 -0.628562 -0.009071
vn 0.841784 -0.467493 0.269907
vn 0.386441 -0.798748 0.461157
vn 0.357026 -0.872689 0.333085
vn 0.357026 -0.872689 0.333085
vn 0.777707 -0.628562 -0.009071
vn 0.841784 -0.467493 0.269907
vn 0.783047 0.621752 -0.016173
vn 0.645776 0.762602 -0.037575
vn 0.685574 0.726598 -0.045203
vn 0.685574 0.726598 -0.045203
vn 0.800369 0.599426 -0.009895
vn 0.783047 0.621752 -0.016173
vn 0.869824 0.490666 0.051512
vn 0.941989 0.314850 0.116304
vn 0.939003 0.315318 0.137287
vn 0.939003 0.315318 0.137287
vn 0.862160 0.504238 0.049233
vn 0.869824 0.490666 0.051512
vn 0.932020 0.357669 0.058403
vn 0.978476 0.195831 0.065076
vn 0.973104 0.219745 0.069143
vn 0.973104 0.219745 0.069143
vn 0.924443 0.378786 0.043882
vn 0.932020 0.357669 0.058403
vn 0.934514 0.349025 0.069745
vn 0.932474 0.343565 0.111599
vn 0.976942 0.184884 0.106786
vn 0.976942 0.184884 0.106786
vn 0.978946 0.190905 0.072248
vn 0.934514 0.349025 0.069745
vn 0.976942 0.184884 0.106786
vn 0.932474 0.343565 0.111599
vn 0.916436 0.346916 0.199484
vn 0.916436 0.346916 0.199484
vn 0.960997 0.198486 0.192584
vn 0.976942 0.184884 0.106786
vn 0.888411 0.313063 0.335735
vn 0.922575 0.172528 0.345094
vn 0.960997 0.198486 0.192584
vn 0.960997 0.198486 0.192584
vn 0.916436 0.346916 0.199484
vn 0.888411 0.313063 0.335735
vn 0.922575 0.172528 0.345094
vn 0.848785 0.127760 0.513071
vn 0.863463 0.012978 0.504245
vn 0.863463 0.012978 0.504245
vn 0.938048 0.030431 0.345167
vn 0.922575 0.172528 0.345094
vn 0.848785 0.127760 0.513071
vn 0.809737 0.261064 0.525520
vn 0.621162 0.243248 0.744976
vn 0.621162 0.243248 0.744976
vn 0.663299 0.123675 0.738064
vn 0.848785 0.127760 0.513071
vn 0.630243 0.524713 0.572250
vn 0.707322 0.601018 0.372119
vn 0.558300 0.730311 0.393632
vn 0.558300 0.730311 0.393632
vn 0.467930 0.657111 0.590971
vn 0.630243 0.524713 0.572250
vn 0.207365 0.867747 0.451679
vn 0.000000 0.887736 0.460353
vn 0.000000 0.769248 0.638950
vn 0.000000 0.769248 0.638950
vn 0.175445 0.753918 0.633108
vn 0.207365 0.867747 0.451679
vn 0.854818 0.476237 0.206119
vn 0.734986 0.641647 0.219282
vn 0.707322 0.601018 0.372119
vn 0.707322 0.601018 0.372119
vn 0.818779 0.450739 0.355578
vn 0.854818 0.476237 0.206119
vn 0.558300 0.730311 0.393632
vn 0.599885 0.765753 0.231864
vn 0.433684 0.865841 0.249474
vn 0.433684 0.865841 0.249474
vn 0.401580 0.811341 0.424806
vn 0.558300 0.730311 0.393632
vn 0.208375 0.942370 0.261760
vn 0.207365 0.867747 0.451679
vn 0.401580 0.811341 0.424806
vn 0.401580 0.811341 0.424806
vn 0.433684 0.865841 0.249474
vn 0.208375 0.942370 0.261760
vn 0.828103 0.560564 -0.003783
vn 0.855346 0.517527 0.023449
vn 0.924443 0.378786 0.043882
vn 0.924443 0.378786 0.043882
vn 0.900601 0.432433 0.043808
vn 0.828103 0.560564 -0.003783
vn 0.734879 0.678179 0.005070
vn 0.747619 0.663208 0.034933
vn 0.866212 0.497385 0.047802
vn 0.866212 0.497385 0.047802
vn 0.855346 0.517527 0.023449
vn 0.734879 0.678179 0.005070
vn 0.751514 0.656404 0.066039
vn 0.744603 0.656394 0.121294
vn 0.862667 0.492308 0.115924
vn 0.862667 0.492308 0.115924
vn 0.868868 0.490481 0.067055
vn 0.751514 0.656404 0.066039
vn 0.744603 0.656394 0.121294
vn 0.734986 0.641647 0.219282
vn 0.854818 0.476237 0.206119
vn 0.854818 0.476237 0.206119
vn 0.862667 0.492308 0.115924
vn 0.744603 0.656394 0.121294
vn 0.426557 0.902404 0.060956
vn 0.435891 0.889691 0.135828
vn 0.607750 0.783655 0.128547
vn 0.607750 0.783655 0.128547
vn 0.610561 0.789463 0.062949
vn 0.426557 0.902404 0.060956
vn 0.435891 0.889691 0.135828
vn 0.433684 0.865841 0.249474
vn 0.599885 0.765753 0.231864
vn 0.599885 0.765753 0.231864
vn 0.607750 0.783655 0.128547
vn 0.435891 0.889691 0.135828
vn 0.862160 0.504238 0.049233
vn 0.804239 0.592536 0.045834
vn 0.869824 0.490666 0.051512
vn 0.980252 0.090766 0.175690
vn 0.964383 -0.060263 0.257552
vn 0.939003 0.315318 0.137287
vn 0.939003 0.315318 0.137287
vn 0.941989 0.314850 0.116304
vn 0.980252 0.090766 0.175690
vn 0.973104 0.219745 0.069143
vn 0.978476 0.195831 0.065076
vn 0.996904 0.043821 0.065288
vn 0.996904 0.043821 0.065288
vn 0.994811 0.042690 0.092354
vn 0.973104 0.219745 0.069143
vn 0.978946 0.190905 0.072248
vn 0.976942 0.184884 0.106786
vn 0.993560 0.052653 0.100327
vn 0.993560 0.052653 0.100327
vn 0.996239 0.051600 0.069616
vn 0.978946 0.190905 0.072248
vn 0.976942 0.184884 0.106786
vn 0.960997 0.198486 0.192584
vn 0.981037 0.031638 0.191219
vn 0.981037 0.031638 0.191219
vn 0.993560 0.052653 0.100327
vn 0.976942 0.184884 0.106786
vn 0.960997 0.198486 0.192584
vn 0.922575 0.172528 0.345094
vn 0.938048 0.030431 0.345167
vn 0.938048 0.030431 0.345167
vn 0.981037 0.031638 0.191219
vn 0.960997 0.198486 0.192584
vn 0.809737 0.261064 0.525520
vn 0.848785 0.127760 0.513071
vn 0.922575 0.172528 0.345094
vn 0.922575 0.172528 0.345094
vn 0.888411 0.313063 0.335735
vn 0.809737 0.261064 0.525520
vn 0.848785 0.127760 0.513071
vn 0.663299 0.123675 0.738064
vn 0.663429 -0.009106 0.748184
vn 0.663429 -0.009106 0.748184
vn 0.863463 0.012978 0.504245
vn 0.848785 0.127760 0.513071
vn 0.208375 0.942370 0.261760
vn 0.433684 0.865841 0.249474
vn 0.435891 0.889691 0.135828
vn 0.435891 0.889691 0.135828
vn 0.223992 0.964806 0.137755
vn 0.208375 0.942370 0.261760
vn 0.223992 0.964806 0.137755
vn 0.435891 0.889691 0.135828
vn 0.426557 0.902404 0.060956
vn 0.426557 0.902404 0.060956
vn 0.214595 0.974884 0.059584
vn 0.223992 0.964806 0.137755
vn 0.207365 0.867747 0.451679
vn 0.208375 0.942370 0.261760
vn 0.000000 0.964137 0.265405
vn 0.000000 0.964137 0.265405
vn 0.000000 0.887736 0.460353
vn 0.207365 0.867747 0.451679
vn 0.208375 0.942370 0.261760
vn 0.223992 0.964806 0.137755
vn 0.000000 0.990358 0.138533
vn 0.000000 0.990358 0.138533
vn 0.000000 0.964137 0.265405
vn 0.208375 0.942370 0.261760
vn 0.223992 0.964806 0.137755
vn 0.214595 0.974884 0.059584
vn 0.000000 0.998066 0.062160
vn 0.000000 0.998066 0.062160
vn 0.000000 0.990358 0.138533
vn 0.223992 0.964806 0.137755
vn -0.006724 0.992071 -0.125500
vn 0.200288 0.975011 -0.096117
vn 0.195335 0.979196 -0.054952
vn 0.195335 0.979196 -0.054952
vn -0.020039 0.992842 -0.117739
vn -0.006724 0.992071 -0.125500
vn 0.610561 0.789463 0.062949
vn 0.607750 0.783655 0.128547
vn 0.744603 0.656394 0.121294
vn 0.744603 0.656394 0.121294
vn 0.751514 0.656404 0.066039
vn 0.610561 0.789463 0.062949
vn 0.607750 0.783655 0.128547
vn 0.599885 0.765753 0.231864
vn 0.734986 0.641647 0.219282
vn 0.734986 0.641647 0.219282
vn 0.744603 0.656394 0.121294
vn 0.607750 0.783655 0.128547
vn 0.599885 0.765753 0.231864
vn 0.558300 0.730311 0.393632
vn 0.707322 0.601018 0.372119
vn 0.707322 0.601018 0.372119
vn 0.734986 0.641647 0.219282
vn 0.599885 0.765753 0.231864
vn 0.916436 0.346916 0.199484
vn 0.854818 0.476237 0.206119
vn 0.818779 0.450739 0.355578
vn 0.818779 0.450739 0.355578
vn 0.888411 0.313063 0.335735
vn 0.916436 0.346916 0.199484
vn 0.855346 0.517527 0.023449
vn 0.866212 0.497385 0.047802
vn 0.932020 0.357669 0.058403
vn 0.932020 0.357669 0.058403
vn 0.924443 0.378786 0.043882
vn 0.855346 0.517527 0.023449
vn 0.868868 0.490481 0.067055
vn 0.862667 0.492308 0.115924
vn 0.932474 0.343565 0.111599
vn 0.932474 0.343565 0.111599
vn 0.934514 0.349025 0.069745
vn 0.868868 0.490481 0.067055
vn 0.862667 0.492308 0.115924
vn 0.854818 0.476237 0.206119
vn 0.916436 0.346916 0.199484
vn 0.916436 0.346916 0.199484
vn 0.932474 0.343565 0.111599
vn 0.862667 0.492308 0.115924
vn 0.621162 0.243248 0.744976
vn 0.809737 0.261064 0.525520
vn 0.734588 0.399059 0.548756
vn 0.734588 0.399059 0.548756
vn 0.575703 0.331588 0.747406
vn 0.621162 0.243248 0.744976
vn 0.268522 0.585837 0.764651
vn 0.320983 0.720332 0.614892
vn 0.175445 0.753918 0.633108
vn 0.175445 0.753918 0.633108
vn 0.149738 0.622697 0.768002
vn 0.268522 0.585837 0.764651
vn 0.000102 0.636581 0.771210
vn 0.149738 0.622697 0.768002
vn 0.175445 0.753918 0.633108
vn 0.175445 0.753918 0.633108
vn 0.000000 0.769248 0.638950
vn 0.000102 0.636581 0.771210
vn 0.207365 0.867747 0.451679
vn 0.175445 0.753918 0.633108
vn 0.320983 0.720332 0.614892
vn 0.320983 0.720332 0.614892
vn 0.401580 0.811341 0.424806
vn 0.207365 0.867747 0.451679
vn 0.519501 0.395225 0.757573
vn 0.630243 0.524713 0.572250
vn 0.467930 0.657111 0.590971
vn 0.467930 0.657111 0.590971
vn 0.402256 0.508396 0.761396
vn 0.519501 0.395225 0.757573
vn 0.519501 0.395225 0.757573
vn 0.575703 0.331588 0.747406
vn 0.734588 0.399059 0.548756
vn 0.734588 0.399059 0.548756
vn 0.630243 0.524713 0.572250
vn 0.519501 0.395225 0.757573
vn 0.268522 0.585837 0.764651
vn 0.402256 0.508396 0.761396
vn 0.467930 0.657111 0.590971
vn 0.467930 0.657111 0.590971
vn 0.320983 0.720332 0.614892
vn 0.268522 0.585837 0.764651
vn 0.467930 0.657111 0.590971
vn 0.558300 0.730311 0.393632
vn 0.401580 0.811341 0.424806
vn 0.401580 0.811341 0.424806
vn 0.320983 0.720332 0.614892
vn 0.467930 0.657111 0.590971
vn 0.818779 0.450739 0.355578
vn 0.734588 0.399059 0.548756
vn 0.809737 0.261064 0.525520
vn 0.809737 0.261064 0.525520
vn 0.888411 0.313063 0.335735
vn 0.818779 0.450739 0.355578
vn 0.707322 0.601018 0.372119
vn 0.630243 0.524713 0.572250
vn 0.734588 0.399059 0.548756
vn 0.734588 0.399059 0.548756
vn 0.818779 0.450739 0.355578
vn 0.707322 0.601018 0.372119
vn -1.000000 -0.001013 -0.000154
vn -0.999999 -0.001064 -0.000680
vn -1.000000 -0.000613 -0.000828
vn -1.000000 -0.000613 -0.000828
vn -1.000000 -0.000863 0.000045
vn -1.000000 -0.001013 -0.000154
vn -0.002298 -0.000773 0.999997
vn -0.018213 -0.001936 0.999832
vn -0.025632 0.008381 0.999636
vn -0.002298 -0.000773 0.999997
vn -0.035930 0.014845 0.999244
vn 0.000000 0.017061 0.999855
vn -0.002048 -0.994560 0.104142
vn -0.382157 -0.920274 0.083973
vn -0.381382 -0.920781 0.081917
vn -0.381382 -0.920781 0.081917
vn -0.002142 -0.994561 0.104137
vn -0.002048 -0.994560 0.104142
vn 0.519501 0.395225 0.757573
vn 0.402256 0.508396 0.761396
vn 0.336893 0.401672 0.851565
vn 0.336893 0.401672 0.851565
vn 0.447503 0.277207 0.850234
vn 0.519501 0.395225 0.757573
vn -0.714112 -0.699240 0.033282
vn -0.926491 -0.376015 -0.015058
vn -0.926696 -0.375789 -0.004040
vn -0.926696 -0.375789 -0.004040
vn -0.713811 -0.699476 0.034755
vn -0.714112 -0.699240 0.033282
vn 0.460691 0.045853 0.886375
vn 0.462636 -0.014221 0.886434
vn 0.663429 -0.009106 0.748184
vn 0.663429 -0.009106 0.748184
vn 0.663299 0.123675 0.738064
vn 0.460691 0.045853 0.886375
vn -0.995077 -0.098967 -0.005163
vn -1.000000 -0.001013 -0.000154
vn -1.000000 -0.000863 0.000045
vn -1.000000 -0.000863 0.000045
vn -0.995357 -0.096256 0.000304
vn -0.995077 -0.098967 -0.005163
vn 0.663299 0.123675 0.738064
vn 0.621162 0.243248 0.744976
vn 0.471337 0.151042 0.868923
vn 0.471337 0.151042 0.868923
vn 0.460691 0.045853 0.886375
vn 0.663299 0.123675 0.738064
vn -0.381382 -0.920781 0.081917
vn -0.382157 -0.920274 0.083973
vn -0.714112 -0.699240 0.033282
vn -0.714112 -0.699240 0.033282
vn -0.713811 -0.699476 0.034755
vn -0.381382 -0.920781 0.081917
vn -0.926696 -0.375789 -0.004040
vn -0.926491 -0.376015 -0.015058
vn -0.995077 -0.098967 -0.005163
vn -0.995077 -0.098967 -0.005163
vn -0.995357 -0.096256 0.000304
vn -0.926696 -0.375789 -0.004040
vn -0.013535 -0.016811 0.999767
vn -0.002298 -0.000773 0.999997
vn -0.004646 -0.006679 0.999967
vn -0.004646 -0.006679 0.999967
vn 0.000684 -0.029257 0.999572
vn -0.013535 -0.016811 0.999767
vn -0.002298 -0.000773 0.999997
vn -0.013535 -0.016811 0.999767
vn -0.015866 0.004730 0.999863
vn -0.035930 0.014845 0.999244
vn -0.002298 -0.000773 0.999997
vn -0.025632 0.008381 0.999636
vn -0.018213 -0.001936 0.999832
vn -0.002298 -0.000773 0.999997
vn -0.015866 0.004730 0.999863
vn 0.519501 0.395225 0.757573
vn 0.447503 0.277207 0.850234
vn 0.575703 0.331588 0.747406
vn 0.268522 0.585837 0.764651
vn 0.149738 0.622697 0.768002
vn 0.171704 0.506140 0.845186
vn 0.149738 0.622697 0.768002
vn 0.000102 0.636581 0.771210
vn 0.000313 0.540084 0.841611
vn 0.000313 0.540084 0.841611
vn 0.171704 0.506140 0.845186
vn 0.149738 0.622697 0.768002
vn 0.978476 0.195831 0.065076
vn 0.978946 0.190905 0.072248
vn 0.996239 0.051600 0.069616
vn 0.996239 0.051600 0.069616
vn 0.996904 0.043821 0.065288
vn 0.978476 0.195831 0.065076
vn 0.978946 0.190905 0.072248
vn 0.978476 0.195831 0.065076
vn 0.932020 0.357669 0.058403
vn 0.932020 0.357669 0.058403
vn 0.934514 0.349025 0.069745
vn 0.978946 0.190905 0.072248
vn 0.934514 0.349025 0.069745
vn 0.932020 0.357669 0.058403
vn 0.866212 0.497385 0.047802
vn 0.866212 0.497385 0.047802
vn 0.868868 0.490481 0.067055
vn 0.934514 0.349025 0.069745
vn 0.868868 0.490481 0.067055
vn 0.866212 0.497385 0.047802
vn 0.747619 0.663208 0.034933
vn 0.747619 0.663208 0.034933
vn 0.751514 0.656404 0.066039
vn 0.868868 0.490481 0.067055
vn 0.751514 0.656404 0.066039
vn 0.747619 0.663208 0.034933
vn 0.598350 0.800932 0.022042
vn 0.598350 0.800932 0.022042
vn 0.610561 0.789463 0.062949
vn 0.751514 0.656404 0.066039
vn 0.610561 0.789463 0.062949
vn 0.598350 0.800932 0.022042
vn 0.415126 0.909706 0.010303
vn 0.415126 0.909706 0.010303
vn 0.426557 0.902404 0.060956
vn 0.610561 0.789463 0.062949
vn 0.426557 0.902404 0.060956
vn 0.415126 0.909706 0.010303
vn 0.211697 0.977314 0.006545
vn 0.211697 0.977314 0.006545
vn 0.214595 0.974884 0.059584
vn 0.426557 0.902404 0.060956
vn 0.214595 0.974884 0.059584
vn 0.211697 0.977314 0.006545
vn 0.000000 0.999984 0.005665
vn 0.000000 0.999984 0.005665
vn 0.000000 0.998066 0.062160
vn 0.214595 0.974884 0.059584
vn 0.734879 0.678179 0.005070
vn 0.576465 0.817049 -0.010888
vn 0.598350 0.800932 0.022042
vn 0.598350 0.800932 0.022042
vn 0.747619 0.663208 0.034933
vn 0.734879 0.678179 0.005070
vn 0.598350 0.800932 0.022042
vn 0.576465 0.817049 -0.010888
vn 0.398145 0.916948 -0.026197
vn 0.398145 0.916948 -0.026197
vn 0.415126 0.909706 0.010303
vn 0.598350 0.800932 0.022042
vn 0.415126 0.909706 0.010303
vn 0.398145 0.916948 -0.026197
vn 0.204832 0.978338 -0.029989
vn 0.204832 0.978338 -0.029989
vn 0.211697 0.977314 0.006545
vn 0.415126 0.909706 0.010303
vn 0.211697 0.977314 0.006545
vn 0.204832 0.978338 -0.029989
vn 0.000000 0.999497 -0.031710
vn 0.000000 0.999497 -0.031710
vn 0.000000 0.999984 0.005665
vn 0.211697 0.977314 0.006545
vn 0.957917 0.273430 0.087351
vn 0.973104 0.219745 0.069143
vn 0.994811 0.042690 0.092354
vn 0.994811 0.042690 0.092354
vn 0.988964 0.065484 0.132896
vn 0.957917 0.273430 0.087351
vn 0.973104 0.219745 0.069143
vn 0.957917 0.273430 0.087351
vn 0.900601 0.432433 0.043808
vn 0.900601 0.432433 0.043808
vn 0.924443 0.378786 0.043882
vn 0.973104 0.219745 0.069143
vn 0.855346 0.517527 0.023449
vn 0.828103 0.560564 -0.003783
vn 0.712338 0.700827 -0.037642
vn 0.712338 0.700827 -0.037642
vn 0.734879 0.678179 0.005070
vn 0.855346 0.517527 0.023449
vn 0.712338 0.700827 -0.037642
vn 0.555317 0.829293 -0.062416
vn 0.576465 0.817049 -0.010888
vn 0.576465 0.817049 -0.010888
vn 0.734879 0.678179 0.005070
vn 0.712338 0.700827 -0.037642
vn 0.576465 0.817049 -0.010888
vn 0.555317 0.829293 -0.062416
vn 0.380283 0.921500 -0.078880
vn 0.380283 0.921500 -0.078880
vn 0.398145 0.916948 -0.026197
vn 0.576465 0.817049 -0.010888
vn 0.380283 0.921500 -0.078880
vn 0.200191 0.975172 -0.094672
vn 0.204832 0.978338 -0.029989
vn 0.204832 0.978338 -0.029989
vn 0.398145 0.916948 -0.026197
vn 0.380283 0.921500 -0.078880
vn 0.204832 0.978338 -0.029989
vn 0.200191 0.975172 -0.094672
vn 0.000000 0.996465 -0.084007
vn 0.000000 0.996465 -0.084007
vn 0.000000 0.999497 -0.031710
vn 0.204832 0.978338 -0.029989
vn 0.941989 0.314850 0.116304
vn 0.957917 0.273430 0.087351
vn 0.988964 0.065484 0.132896
vn 0.988964 0.065484 0.132896
vn 0.980252 0.090766 0.175690
vn 0.941989 0.314850 0.116304
vn 0.957917 0.273430 0.087351
vn 0.941989 0.314850 0.116304
vn 0.869824 0.490666 0.051512
vn 0.869824 0.490666 0.051512
vn 0.900601 0.432433 0.043808
vn 0.957917 0.273430 0.087351
vn 0.900601 0.432433 0.043808
vn 0.869824 0.490666 0.051512
vn 0.800369 0.599426 -0.009895
vn 0.800369 0.599426 -0.009895
vn 0.828103 0.560564 -0.003783
vn 0.900601 0.432433 0.043808
vn 0.828103 0.560564 -0.003783
vn 0.800369 0.599426 -0.009895
vn 0.685574 0.726598 -0.045203
vn 0.685574 0.726598 -0.045203
vn 0.712338 0.700827 -0.037642
vn 0.828103 0.560564 -0.003783
vn 0.712338 0.700827 -0.037642
vn 0.685574 0.726598 -0.045203
vn 0.533077 0.840734 -0.094842
vn 0.533077 0.840734 -0.094842
vn 0.555317 0.829293 -0.062416
vn 0.712338 0.700827 -0.037642
vn 0.555317 0.829293 -0.062416
vn 0.533077 0.840734 -0.094842
vn 0.354554 0.930367 -0.093317
vn 0.354554 0.930367 -0.093317
vn 0.380283 0.921500 -0.078880
vn 0.555317 0.829293 -0.062416
vn 0.380283 0.921500 -0.078880
vn 0.354554 0.930367 -0.093317
vn 0.200288 0.975011 -0.096117
vn 0.200288 0.975011 -0.096117
vn 0.200191 0.975172 -0.094672
vn 0.380283 0.921500 -0.078880
vn 0.200191 0.975172 -0.094672
vn 0.200288 0.975011 -0.096117
vn -0.006724 0.992071 -0.125500
vn -0.006724 0.992071 -0.125500
vn 0.000000 0.996465 -0.084007
vn 0.200191 0.975172 -0.094672
vn -0.477454 0.869137 -0.128988
vn -0.567254 0.819844 -0.077963
vn -0.533130 0.840680 -0.095030
vn -0.933643 0.345755 0.093617
vn -0.871081 0.488745 0.048436
vn -0.880353 0.469030 0.070639
vn -0.880353 0.469030 0.070639
vn -0.937779 0.317124 0.141432
vn -0.933643 0.345755 0.093617
vn -0.934488 0.349142 0.069521
vn -0.979157 0.191012 0.069032
vn -0.976940 0.184255 0.107881
vn -0.976940 0.184255 0.107881
vn -0.932474 0.343565 0.111600
vn -0.934488 0.349142 0.069521
vn -0.976940 0.184255 0.107881
vn -0.961318 0.197065 0.192439
vn -0.916436 0.346916 0.199484
vn -0.916436 0.346916 0.199484
vn -0.932474 0.343565 0.111600
vn -0.976940 0.184255 0.107881
vn -0.888411 0.313063 0.335735
vn -0.916436 0.346916 0.199484
vn -0.961318 0.197065 0.192439
vn -0.961318 0.197065 0.192439
vn -0.923192 0.172592 0.343408
vn -0.888411 0.313063 0.335735
vn -0.848716 0.129672 0.512705
vn -0.923192 0.172592 0.343408
vn -0.938605 0.031806 0.343523
vn -0.938605 0.031806 0.343523
vn -0.862767 0.010598 0.505491
vn -0.848716 0.129672 0.512705
vn -0.848716 0.129672 0.512705
vn -0.657186 0.128607 0.742675
vn -0.616784 0.236021 0.750914
vn -0.616784 0.236021 0.750914
vn -0.809737 0.261064 0.525520
vn -0.848716 0.129672 0.512705
vn -0.630243 0.524713 0.572250
vn -0.467930 0.657111 0.590971
vn -0.558300 0.730311 0.393632
vn -0.558300 0.730311 0.393632
vn -0.707322 0.601018 0.372119
vn -0.630243 0.524713 0.572250
vn -0.207365 0.867747 0.451679
vn -0.175445 0.753918 0.633108
vn 0.000000 0.769248 0.638950
vn 0.000000 0.769248 0.638950
vn 0.000000 0.887736 0.460353
vn -0.207365 0.867747 0.451679
vn -0.854818 0.476237 0.206119
vn -0.818779 0.450739 0.355578
vn -0.707322 0.601018 0.372119
vn -0.707322 0.601018 0.372119
vn -0.734986 0.641647 0.219282
vn -0.854818 0.476237 0.206119
vn -0.558300 0.730311 0.393632
vn -0.401580 0.811341 0.424805
vn -0.433684 0.865841 0.249474
vn -0.433684 0.865841 0.249474
vn -0.599885 0.765753 0.231864
vn -0.558300 0.730311 0.393632
vn -0.208375 0.942370 0.261760
vn -0.433684 0.865841 0.249474
vn -0.401580 0.811341 0.424805
vn -0.401580 0.811341 0.424805
vn -0.207365 0.867747 0.451679
vn -0.208375 0.942370 0.261760
vn -0.887908 0.459605 0.019568
vn -0.824669 0.565551 -0.008558
vn -0.900814 0.432406 0.039484
vn -0.900814 0.432406 0.039484
vn -0.923878 0.378083 0.059188
vn -0.887908 0.459605 0.019568
vn -0.866151 0.497482 0.047891
vn -0.747619 0.663208 0.034933
vn -0.734690 0.678385 0.004927
vn -0.734690 0.678385 0.004927
vn -0.815321 0.577241 0.045207
vn -0.866151 0.497482 0.047891
vn -0.751514 0.656404 0.066039
vn -0.868868 0.490482 0.067056
vn -0.862667 0.492308 0.115924
vn -0.862667 0.492308 0.115924
vn -0.744603 0.656395 0.121295
vn -0.751514 0.656404 0.066039
vn -0.744603 0.656395 0.121295
vn -0.862667 0.492308 0.115924
vn -0.854818 0.476237 0.206119
vn -0.854818 0.476237 0.206119
vn -0.734986 0.641647 0.219282
vn -0.744603 0.656395 0.121295
vn -0.426557 0.902404 0.060956
vn -0.610561 0.789463 0.062949
vn -0.607750 0.783655 0.128547
vn -0.607750 0.783655 0.128547
vn -0.435891 0.889691 0.135828
vn -0.426557 0.902404 0.060956
vn -0.435891 0.889691 0.135828
vn -0.607750 0.783655 0.128547
vn -0.599885 0.765753 0.231864
vn -0.599885 0.765753 0.231864
vn -0.433684 0.865841 0.249474
vn -0.435891 0.889691 0.135828
vn -0.871081 0.488745 0.048436
vn -0.792643 0.609529 -0.013859
vn -0.780375 0.625276 -0.006720
vn -0.780375 0.625276 -0.006720
vn -0.880353 0.469030 0.070639
vn -0.871081 0.488745 0.048436
vn -0.937779 0.317124 0.141432
vn -0.966900 -0.052650 0.249666
vn -0.980364 0.094215 0.173236
vn -0.980364 0.094215 0.173236
vn -0.933643 0.345755 0.093617
vn -0.937779 0.317124 0.141432
vn -0.976940 0.184255 0.107881
vn -0.979157 0.191012 0.069032
vn -0.996108 0.052762 0.070608
vn -0.996108 0.052762 0.070608
vn -0.993167 0.050963 0.104984
vn -0.976940 0.184255 0.107881
vn -0.961318 0.197065 0.192439
vn -0.976940 0.184255 0.107881
vn -0.993167 0.050963 0.104984
vn -0.993167 0.050963 0.104984
vn -0.981856 0.030778 0.187113
vn -0.961318 0.197065 0.192439
vn -0.923192 0.172592 0.343408
vn -0.961318 0.197065 0.192439
vn -0.981856 0.030778 0.187113
vn -0.981856 0.030778 0.187113
vn -0.938605 0.031806 0.343523
vn -0.923192 0.172592 0.343408
vn -0.809737 0.261064 0.525520
vn -0.888411 0.313063 0.335735
vn -0.923192 0.172592 0.343408
vn -0.923192 0.172592 0.343408
vn -0.848716 0.129672 0.512705
vn -0.809737 0.261064 0.525520
vn -0.657186 0.128607 0.742675
vn -0.848716 0.129672 0.512705
vn -0.862767 0.010598 0.505491
vn -0.862767 0.010598 0.505491
vn -0.663246 -0.011757 0.748309
vn -0.657186 0.128607 0.742675
vn -0.309235 0.947036 -0.086588
vn -0.439650 0.892917 -0.096993
vn -0.352940 0.930914 -0.093984
vn -0.208375 0.942370 0.261760
vn -0.223992 0.964806 0.137755
vn -0.435891 0.889691 0.135828
vn -0.435891 0.889691 0.135828
vn -0.433684 0.865841 0.249474
vn -0.208375 0.942370 0.261760
vn -0.223992 0.964806 0.137755
vn -0.214595 0.974884 0.059584
vn -0.426557 0.902404 0.060956
vn -0.426557 0.902404 0.060956
vn -0.435891 0.889691 0.135828
vn -0.223992 0.964806 0.137755
vn -0.179454 0.981322 -0.069307
vn -0.309235 0.947036 -0.086588
vn -0.352940 0.930914 -0.093984
vn -0.352940 0.930914 -0.093984
vn -0.191825 0.974762 -0.114206
vn -0.179454 0.981322 -0.069307
vn -0.207365 0.867747 0.451679
vn 0.000000 0.887736 0.460353
vn 0.000000 0.964137 0.265405
vn 0.000000 0.964137 0.265405
vn -0.208375 0.942370 0.261760
vn -0.207365 0.867747 0.451679
vn -0.208375 0.942370 0.261760
vn 0.000000 0.964137 0.265405
vn 0.000000 0.990358 0.138533
vn 0.000000 0.990358 0.138533
vn -0.223992 0.964806 0.137755
vn -0.208375 0.942370 0.261760
vn -0.223992 0.964806 0.137755
vn 0.000000 0.990358 0.138533
vn 0.000000 0.998066 0.062160
vn 0.000000 0.998066 0.062160
vn -0.214595 0.974884 0.059584
vn -0.223992 0.964806 0.137755
vn -0.191825 0.974762 -0.114206
vn -0.006724 0.992071 -0.125500
vn -0.020039 0.992842 -0.117739
vn -0.020039 0.992842 -0.117739
vn -0.179454 0.981322 -0.069307
vn -0.191825 0.974762 -0.114206
vn -0.610561 0.789463 0.062949
vn -0.751514 0.656404 0.066039
vn -0.744603 0.656395 0.121295
vn -0.744603 0.656395 0.121295
vn -0.607750 0.783655 0.128547
vn -0.610561 0.789463 0.062949
vn -0.607750 0.783655 0.128547
vn -0.744603 0.656395 0.121295
vn -0.734986 0.641647 0.219282
vn -0.734986 0.641647 0.219282
vn -0.599885 0.765753 0.231864
vn -0.607750 0.783655 0.128547
vn -0.599885 0.765753 0.231864
vn -0.734986 0.641647 0.219282
vn -0.707322 0.601018 0.372119
vn -0.707322 0.601018 0.372119
vn -0.558300 0.730311 0.393632
vn -0.599885 0.765753 0.231864
vn -0.916436 0.346916 0.199484
vn -0.888411 0.313063 0.335735
vn -0.818779 0.450739 0.355578
vn -0.818779 0.450739 0.355578
vn -0.854818 0.476237 0.206119
vn -0.916436 0.346916 0.199484
vn -0.868868 0.490482 0.067056
vn -0.934488 0.349142 0.069521
vn -0.932474 0.343565 0.111600
vn -0.932474 0.343565 0.111600
vn -0.862667 0.492308 0.115924
vn -0.868868 0.490482 0.067056
vn -0.862667 0.492308 0.115924
vn -0.932474 0.343565 0.111600
vn -0.916436 0.346916 0.199484
vn -0.916436 0.346916 0.199484
vn -0.854818 0.476237 0.206119
vn -0.862667 0.492308 0.115924
vn -0.616784 0.236021 0.750914
vn -0.575703 0.331588 0.747406
vn -0.734588 0.399059 0.548756
vn -0.734588 0.399059 0.548756
vn -0.809737 0.261064 0.525520
vn -0.616784 0.236021 0.750914
vn -0.268522 0.585837 0.764651
vn -0.149850 0.622768 0.767923
vn -0.175445 0.753918 0.633108
vn -0.175445 0.753918 0.633108
vn -0.320983 0.720332 0.614892
vn -0.268522 0.585837 0.764651
vn 0.000102 0.636581 0.771210
vn 0.000000 0.769248 0.638950
vn -0.175445 0.753918 0.633108
vn -0.175445 0.753918 0.633108
vn -0.149850 0.622768 0.767923
vn 0.000102 0.636581 0.771210
vn -0.207365 0.867747 0.451679
vn -0.401580 0.811341 0.424805
vn -0.320983 0.720332 0.614892
vn -0.320983 0.720332 0.614892
vn -0.175445 0.753918 0.633108
vn -0.207365 0.867747 0.451679
vn -0.520745 0.395161 0.756751
vn -0.402023 0.510431 0.760156
vn -0.467930 0.657111 0.590971
vn -0.467930 0.657111 0.590971
vn -0.630243 0.524713 0.572250
vn -0.520745 0.395161 0.756751
vn -0.520745 0.395161 0.756751
vn -0.630243 0.524713 0.572250
vn -0.734588 0.399059 0.548756
vn -0.734588 0.399059 0.548756
vn -0.575703 0.331588 0.747406
vn -0.520745 0.395161 0.756751
vn -0.268522 0.585837 0.764651
vn -0.320983 0.720332 0.614892
vn -0.467930 0.657111 0.590971
vn -0.467930 0.657111 0.590971
vn -0.402023 0.510431 0.760156
vn -0.268522 0.585837 0.764651
vn -0.467930 0.657111 0.590971
vn -0.320983 0.720332 0.614892
vn -0.401580 0.811341 0.424805
vn -0.401580 0.811341 0.424805
vn -0.558300 0.730311 0.393632
vn -0.467930 0.657111 0.590971
vn -0.818779 0.450739 0.355578
vn -0.888411 0.313063 0.335735
vn -0.809737 0.261064 0.525520
vn -0.809737 0.261064 0.525520
vn -0.734588 0.399059 0.548756
vn -0.818779 0.450739 0.355578
vn -0.707322 0.601018 0.372119
vn -0.818779 0.450739 0.355578
vn -0.734588 0.399059 0.548756
vn -0.734588 0.399059 0.548756
vn -0.630243 0.524713 0.572250
vn -0.707322 0.601018 0.372119
vn 0.999999 -0.000901 -0.000520
vn 0.999999 -0.001156 0.000046
vn 1.000000 -0.001004 -0.000156
vn 1.000000 -0.001004 -0.000156
vn 0.999999 -0.000456 -0.000968
vn 0.999999 -0.000901 -0.000520
vn -0.002298 -0.000773 0.999997
vn 0.025632 0.008381 0.999636
vn 0.018213 -0.001936 0.999832
vn -0.002298 -0.000773 0.999997
vn 0.000000 0.017061 0.999855
vn 0.035930 0.014845 0.999244
vn 0.388396 -0.917901 0.081280
vn -0.002048 -0.994560 0.104142
vn -0.002142 -0.994561 0.104137
vn -0.002142 -0.994561 0.104137
vn 0.387417 -0.918105 0.083612
vn 0.388396 -0.917901 0.081280
vn -0.402023 0.510431 0.760156
vn -0.520745 0.395161 0.756751
vn -0.446964 0.274123 0.851516
vn -0.446964 0.274123 0.851516
vn -0.332052 0.402014 0.853303
vn -0.402023 0.510431 0.760156
vn 0.926152 -0.377131 -0.003861
vn 0.706970 -0.706352 0.035500
vn 0.706785 -0.706591 0.034398
vn 0.706785 -0.706591 0.034398
vn 0.925672 -0.378032 -0.014946
vn 0.926152 -0.377131 -0.003861
vn -0.472329 0.057103 0.879571
vn -0.657186 0.128607 0.742675
vn -0.663246 -0.011757 0.748309
vn -0.663246 -0.011757 0.748309
vn -0.462820 -0.014379 0.886336
vn -0.472329 0.057103 0.879571
vn 0.999999 -0.001156 0.000046
vn 0.995639 -0.093288 0.000300
vn 0.995773 -0.091730 -0.004748
vn 0.995773 -0.091730 -0.004748
vn 1.000000 -0.001004 -0.000156
vn 0.999999 -0.001156 0.000046
vn -0.616784 0.236021 0.750914
vn -0.657186 0.128607 0.742675
vn -0.472329 0.057103 0.879571
vn -0.472329 0.057103 0.879571
vn -0.487634 0.138552 0.861984
vn -0.616784 0.236021 0.750914
vn 0.706785 -0.706591 0.034398
vn 0.706970 -0.706352 0.035500
vn 0.388396 -0.917901 0.081280
vn 0.388396 -0.917901 0.081280
vn 0.387417 -0.918105 0.083612
vn 0.706785 -0.706591 0.034398
vn 0.995773 -0.091730 -0.004748
vn 0.995639 -0.093288 0.000300
vn 0.926152 -0.377131 -0.003861
vn 0.926152 -0.377131 -0.003861
vn 0.925672 -0.378032 -0.014946
vn 0.995773 -0.091730 -0.004748
vn -0.002298 -0.000773 0.999997
vn 0.035941 -0.031014 0.998873
vn 0.011823 -0.017034 0.999785
vn 0.011823 -0.017034 0.999785
vn -0.004646 -0.006679 0.999967
vn -0.002298 -0.000773 0.999997
vn -0.002298 -0.000773 0.999997
vn 0.015866 0.004730 0.999863
vn 0.035941 -0.031014 0.998873
vn 0.025632 0.008381 0.999636
vn -0.002298 -0.000773 0.999997
vn 0.035930 0.014845 0.999244
vn 0.015866 0.004730 0.999863
vn -0.002298 -0.000773 0.999997
vn 0.018213 -0.001936 0.999832
vn -0.616784 0.236021 0.750914
vn -0.487634 0.138552 0.861984
vn -0.575703 0.331588 0.747406
vn -0.268522 0.585837 0.764651
vn -0.402023 0.510431 0.760156
vn -0.332052 0.402014 0.853303
vn 0.000102 0.636581 0.771210
vn -0.149850 0.622768 0.767923
vn -0.171880 0.505897 0.845296
vn -0.171880 0.505897 0.845296
vn 0.000313 0.540084 0.841611
vn 0.000102 0.636581 0.771210
vn -0.996108 0.052762 0.070608
vn -0.979157 0.191012 0.069032
vn -0.988584 0.141766 0.051040
vn -0.988584 0.141766 0.051040
vn -0.997069 0.044759 0.062049
vn -0.996108 0.052762 0.070608
vn -0.979157 0.191012 0.069032
vn -0.934488 0.349142 0.069521
vn -0.950137 0.308416 0.046033
vn -0.866151 0.497482 0.047891
vn -0.911423 0.407931 0.053855
vn -0.934488 0.349142 0.069521
vn -0.934488 0.349142 0.069521
vn -0.868868 0.490482 0.067056
vn -0.866151 0.497482 0.047891
vn -0.868868 0.490482 0.067056
vn -0.751514 0.656404 0.066039
vn -0.747619 0.663208 0.034933
vn -0.747619 0.663208 0.034933
vn -0.866151 0.497482 0.047891
vn -0.868868 0.490482 0.067056
vn -0.751514 0.656404 0.066039
vn -0.610561 0.789463 0.062949
vn -0.598350 0.800932 0.022042
vn -0.598350 0.800932 0.022042
vn -0.747619 0.663208 0.034933
vn -0.751514 0.656404 0.066039
vn -0.610561 0.789463 0.062949
vn -0.426557 0.902404 0.060956
vn -0.415126 0.909706 0.010303
vn -0.415126 0.909706 0.010303
vn -0.598350 0.800932 0.022042
vn -0.610561 0.789463 0.062949
vn -0.426557 0.902404 0.060956
vn -0.214595 0.974884 0.059584
vn -0.211697 0.977314 0.006545
vn -0.211697 0.977314 0.006545
vn -0.415126 0.909706 0.010303
vn -0.426557 0.902404 0.060956
vn -0.214595 0.974884 0.059584
vn 0.000000 0.998066 0.062160
vn 0.000000 0.999984 0.005665
vn 0.000000 0.999984 0.005665
vn -0.211697 0.977314 0.006545
vn -0.214595 0.974884 0.059584
vn -0.734690 0.678385 0.004927
vn -0.747619 0.663208 0.034933
vn -0.598350 0.800932 0.022042
vn -0.598350 0.800932 0.022042
vn -0.576465 0.817049 -0.010888
vn -0.734690 0.678385 0.004927
vn -0.598350 0.800932 0.022042
vn -0.415126 0.909706 0.010303
vn -0.398145 0.916948 -0.026197
vn -0.398145 0.916948 -0.026197
vn -0.576465 0.817049 -0.010888
vn -0.598350 0.800932 0.022042
vn -0.415126 0.909706 0.010303
vn -0.211697 0.977314 0.006545
vn -0.204832 0.978338 -0.029989
vn -0.204832 0.978338 -0.029989
vn -0.398145 0.916948 -0.026197
vn -0.415126 0.909706 0.010303
vn -0.211697 0.977314 0.006545
vn 0.000000 0.999984 0.005665
vn 0.000000 0.999497 -0.031710
vn 0.000000 0.999497 -0.031710
vn -0.204832 0.978338 -0.029989
vn -0.211697 0.977314 0.006545
vn -0.853642 0.520241 0.025403
vn -0.734690 0.678385 0.004927
vn -0.712338 0.700827 -0.037642
vn -0.712338 0.700827 -0.037642
vn -0.824669 0.565551 -0.008558
vn -0.853642 0.520241 0.025403
vn -0.712338 0.700827 -0.037642
vn -0.734690 0.678385 0.004927
vn -0.576465 0.817049 -0.010888
vn -0.576465 0.817049 -0.010888
vn -0.555317 0.829293 -0.062416
vn -0.712338 0.700827 -0.037642
vn -0.576465 0.817049 -0.010888
vn -0.398145 0.916948 -0.026197
vn -0.380283 0.921500 -0.078880
vn -0.380283 0.921500 -0.078880
vn -0.555317 0.829293 -0.062416
vn -0.576465 0.817049 -0.010888
vn -0.380283 0.921500 -0.078880
vn -0.398145 0.916948 -0.026197
vn -0.204832 0.978338 -0.029989
vn -0.204832 0.978338 -0.029989
vn -0.200191 0.975172 -0.094672
vn -0.380283 0.921500 -0.078880
vn -0.204832 0.978338 -0.029989
vn 0.000000 0.999497 -0.031710
vn 0.000000 0.996465 -0.084007
vn 0.000000 0.996465 -0.084007
vn -0.200191 0.975172 -0.094672
vn -0.204832 0.978338 -0.029989
vn -0.956034 0.280078 0.086924
vn -0.933643 0.345755 0.093617
vn -0.980364 0.094215 0.173236
vn -0.980364 0.094215 0.173236
vn -0.988009 0.053696 0.144759
vn -0.956034 0.280078 0.086924
vn -0.956034 0.280078 0.086924
vn -0.900814 0.432406 0.039484
vn -0.871081 0.488745 0.048436
vn -0.871081 0.488745 0.048436
vn -0.933643 0.345755 0.093617
vn -0.956034 0.280078 0.086924
vn -0.900814 0.432406 0.039484
vn -0.824669 0.565551 -0.008558
vn -0.792643 0.609529 -0.013859
vn -0.792643 0.609529 -0.013859
vn -0.871081 0.488745 0.048436
vn -0.900814 0.432406 0.039484
vn -0.824669 0.565551 -0.008558
vn -0.712338 0.700827 -0.037642
vn -0.687515 0.724150 -0.054125
vn -0.687515 0.724150 -0.054125
vn -0.792643 0.609529 -0.013859
vn -0.824669 0.565551 -0.008558
vn -0.712338 0.700827 -0.037642
vn -0.555317 0.829293 -0.062416
vn -0.533130 0.840680 -0.095030
vn -0.533130 0.840680 -0.095030
vn -0.687515 0.724150 -0.054125
vn -0.712338 0.700827 -0.037642
vn -0.555317 0.829293 -0.062416
vn -0.380283 0.921500 -0.078880
vn -0.352940 0.930914 -0.093984
vn -0.352940 0.930914 -0.093984
vn -0.533130 0.840680 -0.095030
vn -0.555317 0.829293 -0.062416
vn -0.380283 0.921500 -0.078880
vn -0.200191 0.975172 -0.094672
vn -0.191825 0.974762 -0.114206
vn -0.191825 0.974762 -0.114206
vn -0.352940 0.930914 -0.093984
vn -0.380283 0.921500 -0.078880
vn -0.200191 0.975172 -0.094672
vn 0.000000 0.996465 -0.084007
vn -0.006724 0.992071 -0.125500
vn -0.006724 0.992071 -0.125500
vn -0.191825 0.974762 -0.114206
vn -0.200191 0.975172 -0.094672
vn 0.575703 0.331588 0.747406
vn 0.471337 0.151042 0.868923
vn 0.621162 0.243248 0.744976
vn 0.575703 0.331588 0.747406
vn 0.447503 0.277207 0.850234
vn 0.471337 0.151042 0.868923
vn -0.575703 0.331588 0.747406
vn -0.446964 0.274123 0.851516
vn -0.520745 0.395161 0.756751
vn -0.575703 0.331588 0.747406
vn -0.487634 0.138552 0.861984
vn -0.446964 0.274123 0.851516
vn 0.268522 0.585837 0.764651
vn 0.336893 0.401672 0.851565
vn 0.402256 0.508396 0.761396
vn 0.268522 0.585837 0.764651
vn 0.171704 0.506140 0.845186
vn 0.336893 0.401672 0.851565
vn -0.268522 0.585837 0.764651
vn -0.171880 0.505897 0.845296
vn -0.149850 0.622768 0.767923
vn -0.268522 0.585837 0.764651
vn -0.332052 0.402014 0.853303
vn -0.171880 0.505897 0.845296
vn -0.952723 0.295418 0.071042
vn -0.923878 0.378083 0.059188
vn -0.900814 0.432406 0.039484
vn -0.900814 0.432406 0.039484
vn -0.956034 0.280078 0.086924
vn -0.952723 0.295418 0.071042
vn -0.989032 0.098025 0.110484
vn -0.952723 0.295418 0.071042
vn -0.956034 0.280078 0.086924
vn -0.956034 0.280078 0.086924
vn -0.988009 0.053696 0.144759
vn -0.989032 0.098025 0.110484
vn -0.887908 0.459605 0.019568
vn -0.903774 0.425531 0.045995
vn -0.853642 0.520241 0.025403
vn -0.853642 0.520241 0.025403
vn -0.824669 0.565551 -0.008558
vn -0.887908 0.459605 0.019568
vn -0.815321 0.577241 0.045207
vn -0.853642 0.520241 0.025403
vn -0.903774 0.425531 0.045995
vn -0.905167 0.421901 0.051688
vn -0.866151 0.497482 0.047891
vn -0.815321 0.577241 0.045207
vn -0.911423 0.407931 0.053855
vn -0.866151 0.497482 0.047891
vn -0.905167 0.421901 0.051688
vn -0.979157 0.191012 0.069032
vn -0.950137 0.308416 0.046033
vn -0.988584 0.141766 0.051040
vn -0.734690 0.678385 0.004927
vn -0.853642 0.520241 0.025403
vn -0.815321 0.577241 0.045207
vn -0.934488 0.349142 0.069521
vn -0.911423 0.407931 0.053855
vn -0.950137 0.308416 0.046033
vn -0.362416 0.031080 -0.931498
vn -0.357387 0.226417 -0.906096
vn -0.352654 0.225085 -0.908280
vn -0.352654 0.225085 -0.908280
vn -0.363502 0.070468 -0.928924
vn -0.362416 0.031080 -0.931498
vn -0.376205 -0.349335 -0.858158
vn -0.362416 0.031080 -0.931498
vn -0.363502 0.070468 -0.928924
vn -0.363502 0.070468 -0.928924
vn -0.377842 -0.299118 -0.876221
vn -0.376205 -0.349335 -0.858158
vn -0.400474 -0.636726 -0.658939
vn -0.376205 -0.349335 -0.858158
vn -0.377842 -0.299118 -0.876221
vn -0.377842 -0.299118 -0.876221
vn -0.405174 -0.587551 -0.700441
vn -0.400474 -0.636726 -0.658939
vn -0.396380 -0.846500 -0.355417
vn -0.400474 -0.636726 -0.658939
vn -0.405174 -0.587551 -0.700441
vn -0.405174 -0.587551 -0.700441
vn -0.398225 -0.827595 -0.395605
vn -0.396380 -0.846500 -0.355417
vn -0.376621 -0.926366 0.001358
vn -0.396380 -0.846500 -0.355417
vn -0.398225 -0.827595 -0.395605
vn -0.398225 -0.827595 -0.395605
vn -0.376731 -0.926323 -0.000603
vn -0.376621 -0.926366 0.001358
vn -0.355554 -0.869343 0.343255
vn -0.376621 -0.926366 0.001358
vn -0.376731 -0.926323 -0.000603
vn -0.376731 -0.926323 -0.000603
vn -0.353523 -0.857626 0.373497
vn -0.355554 -0.869343 0.343255
vn -0.333314 -0.687208 0.645482
vn -0.355554 -0.869343 0.343255
vn -0.353523 -0.857626 0.373497
vn -0.353523 -0.857626 0.373497
vn -0.329343 -0.643335 0.691125
vn -0.333314 -0.687208 0.645482
vn -0.314048 -0.490005 0.813184
vn -0.333314 -0.687208 0.645482
vn -0.329343 -0.643335 0.691125
vn -0.329343 -0.643335 0.691125
vn -0.313913 -0.469794 0.825077
vn -0.314048 -0.490005 0.813184
vn -0.314469 -0.424223 0.849202
vn -0.314048 -0.490005 0.813184
vn -0.313913 -0.469794 0.825077
vn -0.313913 -0.469794 0.825077
vn -0.320109 -0.419029 0.849673
vn -0.314469 -0.424223 0.849202
vn -0.335267 -0.413005 0.846772
vn -0.314469 -0.424223 0.849202
vn -0.320109 -0.419029 0.849673
vn -0.320109 -0.419029 0.849673
vn -0.351722 -0.426880 0.833106
vn -0.335267 -0.413005 0.846772
vn -0.782678 -0.609880 -0.124344
vn -0.588330 -0.758653 -0.279846
vn -0.589585 -0.763658 -0.263088
vn -0.589585 -0.763658 -0.263088
vn -0.801808 -0.596924 -0.028018
vn -0.782678 -0.609880 -0.124344
vn -0.887315 -0.451269 0.095019
vn -0.761023 -0.621057 -0.187435
vn -0.782678 -0.609880 -0.124344
vn -0.782678 -0.609880 -0.124344
vn -0.911406 -0.389347 0.133225
vn -0.887315 -0.451269 0.095019
vn -0.785666 -0.611022 0.096856
vn -0.581094 -0.772238 -0.256863
vn -0.556466 -0.801476 -0.219048
vn -0.556466 -0.801476 -0.219048
vn -0.727257 -0.653495 0.209859
vn -0.785666 -0.611022 0.096856
vn -0.727257 -0.653495 0.209859
vn -0.556466 -0.801476 -0.219048
vn -0.466673 -0.874420 -0.132690
vn -0.466673 -0.874420 -0.132690
vn -0.627648 -0.720550 0.294731
vn -0.727257 -0.653495 0.209859
vn -0.627648 -0.720550 0.294731
vn -0.466673 -0.874420 -0.132690
vn -0.300217 -0.939980 -0.162196
vn -0.300217 -0.939980 -0.162196
vn -0.421611 -0.831101 0.362651
vn -0.627648 -0.720550 0.294731
vn -0.421611 -0.831101 0.362651
vn -0.300217 -0.939980 -0.162196
vn -0.010093 -0.984178 -0.176892
vn -0.010093 -0.984178 -0.176892
vn -0.001881 -0.908691 0.417465
vn -0.421611 -0.831101 0.362651
vn -0.911406 -0.389347 0.133225
vn -0.782678 -0.609880 -0.124344
vn -0.801808 -0.596924 -0.028018
vn -0.801808 -0.596924 -0.028018
vn -0.884129 -0.371169 0.283813
vn -0.911406 -0.389347 0.133225
vn -0.884129 -0.371169 0.283813
vn -0.801808 -0.596924 -0.028018
vn -0.785666 -0.611022 0.096856
vn -0.785666 -0.611022 0.096856
vn -0.832549 -0.364565 0.417077
vn -0.884129 -0.371169 0.283813
vn -0.832549 -0.364565 0.417077
vn -0.785666 -0.611022 0.096856
vn -0.727257 -0.653495 0.209859
vn -0.727257 -0.653495 0.209859
vn -0.719125 -0.393674 0.572608
vn -0.832549 -0.364565 0.417077
vn -0.719125 -0.393674 0.572608
vn -0.727257 -0.653495 0.209859
vn -0.627648 -0.720550 0.294731
vn -0.627648 -0.720550 0.294731
vn -0.575205 -0.432063 0.694594
vn -0.719125 -0.393674 0.572608
vn -0.575205 -0.432063 0.694594
vn -0.627648 -0.720550 0.294731
vn -0.421611 -0.831101 0.362651
vn -0.421611 -0.831101 0.362651
vn -0.336119 -0.484257 0.807786
vn -0.575205 -0.432063 0.694594
vn -0.336119 -0.484257 0.807786
vn -0.421611 -0.831101 0.362651
vn -0.001881 -0.908691 0.417465
vn -0.001881 -0.908691 0.417465
vn 0.002883 -0.512155 0.858888
vn -0.336119 -0.484257 0.807786
vn -0.908970 -0.295058 0.294473
vn -0.845630 -0.409133 0.342813
vn -0.854811 -0.459662 0.240851
vn -0.854811 -0.459662 0.240851
vn -0.890717 -0.377986 0.252488
vn -0.908970 -0.295058 0.294473
vn -0.679174 -0.545796 0.490743
vn -0.774410 -0.504986 0.381153
vn -0.808842 -0.404058 0.427214
vn -0.808842 -0.404058 0.427214
vn -0.706041 -0.438359 0.556190
vn -0.679174 -0.545796 0.490743
vn -0.774410 -0.504986 0.381153
vn -0.845337 -0.429022 0.318348
vn -0.858087 -0.387160 0.337333
vn -0.858087 -0.387160 0.337333
vn -0.808842 -0.404058 0.427214
vn -0.774410 -0.504986 0.381153
vn -0.544264 -0.486381 0.683528
vn -0.511596 -0.591679 0.623045
vn -0.679174 -0.545796 0.490743
vn -0.679174 -0.545796 0.490743
vn -0.706041 -0.438359 0.556190
vn -0.544264 -0.486381 0.683528
vn -0.298166 -0.612973 0.731684
vn -0.320131 -0.520710 0.791440
vn 0.000000 -0.548887 0.835896
vn 0.000000 -0.548887 0.835896
vn 0.000000 -0.620995 0.783815
vn -0.298166 -0.612973 0.731684
vn -0.845337 -0.429022 0.318348
vn -0.887174 -0.349410 0.301390
vn -0.890717 -0.377986 0.252488
vn -0.890717 -0.377986 0.252488
vn -0.858087 -0.387160 0.337333
vn -0.845337 -0.429022 0.318348
vn -0.212184 -0.863447 0.457643
vn -0.246448 -0.714572 0.654714
vn 0.000000 -0.720268 0.693695
vn 0.000000 -0.720268 0.693695
vn 0.000000 -0.871531 0.490341
vn -0.212184 -0.863447 0.457643
vn -0.216554 -0.976089 0.018845
vn -0.193587 -0.964613 0.179011
vn 0.000000 -0.985061 0.172208
vn 0.000000 -0.985061 0.172208
vn 0.000000 -0.999906 0.013742
vn -0.216554 -0.976089 0.018845
vn 0.000000 -0.999974 -0.007280
vn -0.224043 -0.974576 -0.002709
vn -0.216554 -0.976089 0.018845
vn -0.216554 -0.976089 0.018845
vn 0.000000 -0.999906 0.013742
vn 0.000000 -0.999974 -0.007280
vn -0.193587 -0.964613 0.179011
vn -0.212184 -0.863447 0.457643
vn 0.000000 -0.871531 0.490341
vn 0.000000 -0.871531 0.490341
vn 0.000000 -0.985061 0.172208
vn -0.193587 -0.964613 0.179011
vn -0.902755 -0.346367 0.255074
vn -0.916202 -0.351031 0.193263
vn -0.959544 -0.191716 0.206205
vn -0.959544 -0.191716 0.206205
vn -0.937173 -0.226827 0.265060
vn -0.902755 -0.346367 0.255074
vn -0.840907 -0.466578 0.274189
vn -0.831968 -0.512582 0.212344
vn -0.916202 -0.351031 0.193263
vn -0.916202 -0.351031 0.193263
vn -0.902755 -0.346367 0.255074
vn -0.840907 -0.466578 0.274189
vn -0.741238 -0.581464 0.335359
vn -0.720225 -0.649375 0.244107
vn -0.831968 -0.512582 0.212344
vn -0.831968 -0.512582 0.212344
vn -0.840907 -0.466578 0.274189
vn -0.741238 -0.581464 0.335359
vn -0.623056 -0.654502 0.428286
vn -0.583176 -0.754442 0.301204
vn -0.720225 -0.649375 0.244107
vn -0.720225 -0.649375 0.244107
vn -0.741238 -0.581464 0.335359
vn -0.623056 -0.654502 0.428286
vn -0.465750 -0.696084 0.546392
vn -0.411339 -0.826402 0.384526
vn -0.583176 -0.754442 0.301204
vn -0.583176 -0.754442 0.301204
vn -0.623056 -0.654502 0.428286
vn -0.465750 -0.696084 0.546392
vn -0.246448 -0.714572 0.654714
vn -0.212184 -0.863447 0.457643
vn -0.411339 -0.826402 0.384526
vn -0.411339 -0.826402 0.384526
vn -0.465750 -0.696084 0.546392
vn -0.246448 -0.714572 0.654714
vn -0.977455 -0.156823 0.141383
vn -0.986293 -0.126254 0.106239
vn -0.990299 -0.070938 0.119480
vn -0.990299 -0.070938 0.119480
vn -0.988009 0.053696 0.144759
vn -0.977455 -0.156823 0.141383
vn -0.894212 -0.432647 0.114898
vn -0.844294 -0.517903 0.137642
vn -0.822139 -0.560033 0.102233
vn -0.760825 -0.648165 0.032064
vn -0.884374 -0.464365 0.047413
vn -0.867028 -0.496185 0.045412
vn -0.867028 -0.496185 0.045412
vn -0.847162 -0.530064 0.036721
vn -0.760825 -0.648165 0.032064
vn -0.734407 -0.675399 0.066956
vn -0.722598 -0.678211 0.133722
vn -0.561755 -0.813312 0.151506
vn -0.561755 -0.813312 0.151506
vn -0.590441 -0.805368 0.052548
vn -0.734407 -0.675399 0.066956
vn -0.618926 -0.785282 0.016197
vn -0.590441 -0.805368 0.052548
vn -0.434152 -0.900322 0.030537
vn -0.434152 -0.900322 0.030537
vn -0.453851 -0.891073 0.002787
vn -0.618926 -0.785282 0.016197
vn -0.590441 -0.805368 0.052548
vn -0.561755 -0.813312 0.151506
vn -0.384189 -0.908179 0.166161
vn -0.384189 -0.908179 0.166161
vn -0.434152 -0.900322 0.030537
vn -0.590441 -0.805368 0.052548
vn -0.434152 -0.900322 0.030537
vn -0.384189 -0.908179 0.166161
vn -0.193587 -0.964613 0.179011
vn -0.193587 -0.964613 0.179011
vn -0.216554 -0.976089 0.018845
vn -0.434152 -0.900322 0.030537
vn -0.384189 -0.908179 0.166161
vn -0.411339 -0.826402 0.384526
vn -0.212184 -0.863447 0.457643
vn -0.212184 -0.863447 0.457643
vn -0.193587 -0.964613 0.179011
vn -0.384189 -0.908179 0.166161
vn -0.561755 -0.813312 0.151506
vn -0.583176 -0.754442 0.301204
vn -0.411339 -0.826402 0.384526
vn -0.411339 -0.826402 0.384526
vn -0.384189 -0.908179 0.166161
vn -0.561755 -0.813312 0.151506
vn -0.722598 -0.678211 0.133722
vn -0.720225 -0.649375 0.244107
vn -0.583176 -0.754442 0.301204
vn -0.583176 -0.754442 0.301204
vn -0.561755 -0.813312 0.151506
vn -0.722598 -0.678211 0.133722
vn -0.844294 -0.517903 0.137642
vn -0.831968 -0.512582 0.212344
vn -0.720225 -0.649375 0.244107
vn -0.720225 -0.649375 0.244107
vn -0.722598 -0.678211 0.133722
vn -0.844294 -0.517903 0.137642
vn -0.933460 -0.334220 0.130191
vn -0.916202 -0.351031 0.193263
vn -0.831968 -0.512582 0.212344
vn -0.831968 -0.512582 0.212344
vn -0.844294 -0.517903 0.137642
vn -0.933460 -0.334220 0.130191
vn -0.977455 -0.156823 0.141383
vn -0.959544 -0.191716 0.206205
vn -0.916202 -0.351031 0.193263
vn -0.916202 -0.351031 0.193263
vn -0.933460 -0.334220 0.130191
vn -0.977455 -0.156823 0.141383
vn -0.977455 -0.156823 0.141383
vn -0.988009 0.053696 0.144759
vn -0.980364 0.094215 0.173236
vn -0.980364 0.094215 0.173236
vn -0.959544 -0.191716 0.206205
vn -0.977455 -0.156823 0.141383
vn 0.999999 0.000627 -0.001610
vn 0.999999 -0.000901 -0.000520
vn 0.999999 -0.000456 -0.000968
vn 0.999999 -0.000456 -0.000968
vn 0.999999 0.000530 -0.001498
vn 0.999999 0.000627 -0.001610
vn -0.841963 -0.234136 0.486085
vn -0.645826 -0.202805 0.736056
vn -0.655705 -0.105718 0.747579
vn -0.655705 -0.105718 0.747579
vn -0.857549 -0.108032 0.502930
vn -0.841963 -0.234136 0.486085
vn -0.841963 -0.234136 0.486085
vn -0.857549 -0.108032 0.502930
vn -0.936794 -0.109528 0.332295
vn -0.936794 -0.109528 0.332295
vn -0.911092 -0.257080 0.322213
vn -0.841963 -0.234136 0.486085
vn -0.936794 -0.109528 0.332295
vn -0.938605 0.031806 0.343523
vn -0.981856 0.030778 0.187113
vn -0.981856 0.030778 0.187113
vn -0.975742 -0.117091 0.184978
vn -0.936794 -0.109528 0.332295
vn -0.975742 -0.117091 0.184978
vn -0.990042 -0.094257 0.104559
vn -0.955426 -0.278911 0.096804
vn -0.955426 -0.278911 0.096804
vn -0.948436 -0.257070 0.185428
vn -0.975742 -0.117091 0.184978
vn -0.955426 -0.278911 0.096804
vn -0.990042 -0.094257 0.104559
vn -0.992734 -0.102970 0.062267
vn -0.992734 -0.102970 0.062267
vn -0.953760 -0.295190 0.056607
vn -0.955426 -0.278911 0.096804
vn -0.941654 -0.333014 0.048874
vn -0.953760 -0.295190 0.056607
vn -0.992734 -0.102970 0.062267
vn -0.992734 -0.102970 0.062267
vn -0.994875 -0.091574 0.042879
vn -0.941654 -0.333014 0.048874
vn 0.000000 -0.001400 0.999999
vn -0.012004 0.005220 0.999914
vn -0.009059 0.001134 0.999958
vn -0.631287 -0.289396 0.719532
vn -0.440892 -0.259591 0.859201
vn -0.481238 -0.131421 0.866683
vn -0.481238 -0.131421 0.866683
vn -0.645826 -0.202805 0.736056
vn -0.631287 -0.289396 0.719532
vn 0.000000 -0.001400 0.999999
vn -0.004861 -0.001526 0.999987
vn 0.000000 -0.002438 0.999997
vn 0.383532 0.923479 -0.009465
vn 0.388122 0.921560 -0.009445
vn -0.000002 0.999948 -0.010244
vn -0.000002 0.999948 -0.010244
vn -0.000002 0.999948 -0.010244
vn 0.383532 0.923479 -0.009465
vn -0.453851 -0.891073 0.002787
vn -0.224043 -0.974576 -0.002709
vn -0.228470 -0.973319 0.021244
vn -0.228470 -0.973319 0.021244
vn -0.460128 -0.887490 0.025374
vn -0.453851 -0.891073 0.002787
vn -0.460128 -0.887490 0.025374
vn -0.228470 -0.973319 0.021244
vn -0.243245 -0.967482 0.069352
vn -0.243245 -0.967482 0.069352
vn -0.474514 -0.876861 0.077144
vn -0.460128 -0.887490 0.025374
vn -0.474514 -0.876861 0.077144
vn -0.243245 -0.967482 0.069352
vn -0.259454 -0.951951 0.162706
vn -0.259454 -0.951951 0.162706
vn -0.490512 -0.855865 0.163990
vn -0.474514 -0.876861 0.077144
vn -0.489868 -0.825097 0.281503
vn -0.256597 -0.925273 0.279335
vn -0.246660 -0.849976 0.465511
vn -0.246660 -0.849976 0.465511
vn -0.449395 -0.772908 0.447948
vn -0.489868 -0.825097 0.281503
vn -0.441077 -0.557140 0.703595
vn -0.288966 -0.642235 0.709953
vn -0.324105 -0.395363 0.859444
vn -0.631287 -0.289396 0.719532
vn -0.578001 -0.415869 0.702116
vn -0.440892 -0.259591 0.859201
vn 0.713399 0.700721 -0.007178
vn 0.707107 0.707069 -0.007244
vn 0.923880 0.382663 -0.003921
vn 0.923880 0.382663 -0.003921
vn 0.928920 0.370261 -0.003794
vn 0.713399 0.700721 -0.007178
vn -0.441077 -0.557140 0.703595
vn -0.578001 -0.415869 0.702116
vn -0.720599 -0.527856 0.449561
vn -0.720599 -0.527856 0.449561
vn -0.599907 -0.669451 0.438117
vn -0.441077 -0.557140 0.703595
vn -0.449395 -0.772908 0.447948
vn -0.599907 -0.669451 0.438117
vn -0.631534 -0.723234 0.279460
vn -0.631534 -0.723234 0.279460
vn -0.489868 -0.825097 0.281503
vn -0.449395 -0.772908 0.447948
vn -0.893338 -0.411926 0.179622
vn -0.772216 -0.612803 0.167795
vn -0.762329 -0.574365 0.298261
vn -0.762329 -0.574365 0.298261
vn -0.866400 -0.390740 0.310924
vn -0.893338 -0.411926 0.179622
vn -0.649340 -0.742203 0.165811
vn -0.490512 -0.855865 0.163990
vn -0.489868 -0.825097 0.281503
vn -0.489868 -0.825097 0.281503
vn -0.631534 -0.723234 0.279460
vn -0.649340 -0.742203 0.165811
vn -0.772216 -0.612803 0.167795
vn -0.893338 -0.411926 0.179622
vn -0.895440 -0.435908 0.090398
vn -0.895440 -0.435908 0.090398
vn -0.778599 -0.621598 0.086025
vn -0.772216 -0.612803 0.167795
vn -0.778599 -0.621598 0.086025
vn -0.895440 -0.435908 0.090398
vn -0.892877 -0.447503 0.050118
vn -0.892877 -0.447503 0.050118
vn -0.772841 -0.633059 0.044204
vn -0.778599 -0.621598 0.086025
vn -0.772841 -0.633059 0.044204
vn -0.892877 -0.447503 0.050118
vn -0.884374 -0.464365 0.047413
vn -0.884374 -0.464365 0.047413
vn -0.760825 -0.648165 0.032064
vn -0.772841 -0.633059 0.044204
vn -0.490512 -0.855865 0.163990
vn -0.649340 -0.742203 0.165811
vn -0.646965 -0.758178 0.081249
vn -0.646965 -0.758178 0.081249
vn -0.474514 -0.876861 0.077144
vn -0.490512 -0.855865 0.163990
vn -0.474514 -0.876861 0.077144
vn -0.646965 -0.758178 0.081249
vn -0.640007 -0.767638 0.033522
vn -0.640007 -0.767638 0.033522
vn -0.460128 -0.887490 0.025374
vn -0.474514 -0.876861 0.077144
vn -0.453851 -0.891073 0.002787
vn -0.460128 -0.887490 0.025374
vn -0.640007 -0.767638 0.033522
vn -0.640007 -0.767638 0.033522
vn -0.618926 -0.785282 0.016197
vn -0.453851 -0.891073 0.002787
vn -0.298166 -0.612973 0.731684
vn -0.511596 -0.591679 0.623045
vn -0.544264 -0.486381 0.683528
vn -0.544264 -0.486381 0.683528
vn -0.320131 -0.520710 0.791440
vn -0.298166 -0.612973 0.731684
vn -0.581094 -0.772238 -0.256863
vn -0.785666 -0.611022 0.096856
vn -0.801808 -0.596924 -0.028018
vn -0.801808 -0.596924 -0.028018
vn -0.589585 -0.763658 -0.263088
vn -0.581094 -0.772238 -0.256863
vn -0.588330 -0.758653 -0.279846
vn -0.782678 -0.609880 -0.124344
vn -0.761023 -0.621057 -0.187435
vn -0.761023 -0.621057 -0.187435
vn -0.590239 -0.762700 -0.264398
vn -0.588330 -0.758653 -0.279846
vn -0.884129 -0.371169 0.283813
vn -0.858087 -0.387160 0.337333
vn -0.890717 -0.377986 0.252488
vn -0.890717 -0.377986 0.252488
vn -0.911406 -0.389347 0.133225
vn -0.884129 -0.371169 0.283813
vn -0.890717 -0.377986 0.252488
vn -0.854811 -0.459662 0.240851
vn -0.887315 -0.451269 0.095019
vn -0.887315 -0.451269 0.095019
vn -0.911406 -0.389347 0.133225
vn -0.890717 -0.377986 0.252488
vn -0.845630 -0.409133 0.342813
vn -0.908970 -0.295058 0.294473
vn -0.924804 -0.218640 0.311343
vn -0.924804 -0.218640 0.311343
vn -0.834635 -0.386560 0.392373
vn -0.845630 -0.409133 0.342813
vn 0.000000 -0.959810 0.280650
vn -0.256597 -0.925273 0.279335
vn -0.259454 -0.951951 0.162706
vn -0.259454 -0.951951 0.162706
vn 0.000000 -0.987026 0.160560
vn 0.000000 -0.959810 0.280650
vn -0.959544 -0.191716 0.206205
vn -0.980364 0.094215 0.173236
vn -0.966900 -0.052650 0.249666
vn -0.966900 -0.052650 0.249666
vn -0.937173 -0.226827 0.265060
vn -0.959544 -0.191716 0.206205
vn -0.975742 -0.117091 0.184978
vn -0.981856 0.030778 0.187113
vn -0.993167 0.050963 0.104984
vn -0.993167 0.050963 0.104984
vn -0.990042 -0.094257 0.104559
vn -0.975742 -0.117091 0.184978
vn -0.990042 -0.094257 0.104559
vn -0.993167 0.050963 0.104984
vn -0.996108 0.052762 0.070608
vn -0.996108 0.052762 0.070608
vn -0.992734 -0.102970 0.062267
vn -0.990042 -0.094257 0.104559
vn -0.893338 -0.411926 0.179622
vn -0.948436 -0.257070 0.185428
vn -0.955426 -0.278911 0.096804
vn -0.955426 -0.278911 0.096804
vn -0.895440 -0.435908 0.090398
vn -0.893338 -0.411926 0.179622
vn -0.895440 -0.435908 0.090398
vn -0.955426 -0.278911 0.096804
vn -0.953760 -0.295190 0.056607
vn -0.953760 -0.295190 0.056607
vn -0.892877 -0.447503 0.050118
vn -0.895440 -0.435908 0.090398
vn -0.941654 -0.333014 0.048874
vn -0.913505 -0.403317 0.053326
vn -0.884374 -0.464365 0.047413
vn -0.884374 -0.464365 0.047413
vn -0.892877 -0.447503 0.050118
vn -0.953760 -0.295190 0.056607
vn -0.941654 -0.333014 0.048874
vn -0.884374 -0.464365 0.047413
vn -0.953760 -0.295190 0.056607
vn -0.884374 -0.464365 0.047413
vn -0.913505 -0.403317 0.053326
vn -0.867028 -0.496185 0.045412
vn -0.649340 -0.742203 0.165811
vn -0.772216 -0.612803 0.167795
vn -0.778599 -0.621598 0.086025
vn -0.778599 -0.621598 0.086025
vn -0.646965 -0.758178 0.081249
vn -0.649340 -0.742203 0.165811
vn -0.778599 -0.621598 0.086025
vn -0.772841 -0.633059 0.044204
vn -0.640007 -0.767638 0.033522
vn -0.640007 -0.767638 0.033522
vn -0.646965 -0.758178 0.081249
vn -0.778599 -0.621598 0.086025
vn -0.772841 -0.633059 0.044204
vn -0.760825 -0.648165 0.032064
vn -0.618926 -0.785282 0.016197
vn -0.618926 -0.785282 0.016197
vn -0.640007 -0.767638 0.033522
vn -0.772841 -0.633059 0.044204
vn -0.760825 -0.648165 0.032064
vn -0.734407 -0.675399 0.066956
vn -0.590441 -0.805368 0.052548
vn -0.590441 -0.805368 0.052548
vn -0.618926 -0.785282 0.016197
vn -0.760825 -0.648165 0.032064
vn -0.224043 -0.974576 -0.002709
vn 0.000000 -0.999974 -0.007280
vn 0.000000 -0.999801 0.019952
vn 0.000000 -0.999801 0.019952
vn -0.228470 -0.973319 0.021244
vn -0.224043 -0.974576 -0.002709
vn -0.228470 -0.973319 0.021244
vn 0.000000 -0.999801 0.019952
vn 0.000000 -0.997938 0.064184
vn 0.000000 -0.997938 0.064184
vn -0.243245 -0.967482 0.069352
vn -0.228470 -0.973319 0.021244
vn -0.243245 -0.967482 0.069352
vn 0.000000 -0.997938 0.064184
vn 0.000000 -0.987026 0.160560
vn 0.000000 -0.987026 0.160560
vn -0.259454 -0.951951 0.162706
vn -0.243245 -0.967482 0.069352
vn -0.453851 -0.891073 0.002787
vn -0.434152 -0.900322 0.030537
vn -0.216554 -0.976089 0.018845
vn -0.216554 -0.976089 0.018845
vn -0.224043 -0.974576 -0.002709
vn -0.453851 -0.891073 0.002787
vn -0.470610 -0.071728 0.879421
vn -0.462820 -0.014379 0.886336
vn -0.663246 -0.011757 0.748309
vn -0.663246 -0.011757 0.748309
vn -0.655705 -0.105718 0.747579
vn -0.470610 -0.071728 0.879421
vn 0.995100 0.098867 -0.001479
vn 0.999999 0.000627 -0.001610
vn 0.999999 0.000530 -0.001498
vn 0.999999 0.000530 -0.001498
vn 0.995868 0.090808 -0.000931
vn 0.995100 0.098867 -0.001479
vn -0.655705 -0.105718 0.747579
vn -0.663246 -0.011757 0.748309
vn -0.862767 0.010598 0.505491
vn -0.862767 0.010598 0.505491
vn -0.857549 -0.108032 0.502930
vn -0.655705 -0.105718 0.747579
vn -0.857549 -0.108032 0.502930
vn -0.862767 0.010598 0.505491
vn -0.938605 0.031806 0.343523
vn -0.938605 0.031806 0.343523
vn -0.936794 -0.109528 0.332295
vn -0.857549 -0.108032 0.502930
vn -0.645826 -0.202805 0.736056
vn -0.481238 -0.131421 0.866683
vn -0.470610 -0.071728 0.879421
vn -0.470610 -0.071728 0.879421
vn -0.655705 -0.105718 0.747579
vn -0.645826 -0.202805 0.736056
vn -0.948436 -0.257070 0.185428
vn -0.911092 -0.257080 0.322213
vn -0.936794 -0.109528 0.332295
vn -0.936794 -0.109528 0.332295
vn -0.975742 -0.117091 0.184978
vn -0.948436 -0.257070 0.185428
vn -0.866400 -0.390740 0.310924
vn -0.911092 -0.257080 0.322213
vn -0.948436 -0.257070 0.185428
vn -0.948436 -0.257070 0.185428
vn -0.893338 -0.411926 0.179622
vn -0.866400 -0.390740 0.310924
vn -0.256597 -0.925273 0.279335
vn 0.000000 -0.959810 0.280650
vn 0.000000 -0.884473 0.466591
vn 0.000000 -0.884473 0.466591
vn -0.246660 -0.849976 0.465511
vn -0.256597 -0.925273 0.279335
vn 0.000000 -0.884473 0.466591
vn 0.002562 -0.664547 0.747242
vn -0.184486 -0.661253 0.727124
vn -0.184486 -0.661253 0.727124
vn -0.246660 -0.849976 0.465511
vn 0.000000 -0.884473 0.466591
vn -0.256597 -0.925273 0.279335
vn -0.489868 -0.825097 0.281503
vn -0.490512 -0.855865 0.163990
vn -0.490512 -0.855865 0.163990
vn -0.259454 -0.951951 0.162706
vn -0.256597 -0.925273 0.279335
vn -0.177432 -0.472090 0.863510
vn -0.184486 -0.661253 0.727124
vn 0.002562 -0.664547 0.747242
vn 0.002562 -0.664547 0.747242
vn 0.008768 -0.495866 0.868355
vn -0.177432 -0.472090 0.863510
vn -0.449395 -0.772908 0.447948
vn -0.288966 -0.642235 0.709953
vn -0.441077 -0.557140 0.703595
vn -0.441077 -0.557140 0.703595
vn -0.599907 -0.669451 0.438117
vn -0.449395 -0.772908 0.447948
vn 0.707107 0.707069 -0.007244
vn 0.713399 0.700721 -0.007178
vn 0.388122 0.921560 -0.009445
vn 0.388122 0.921560 -0.009445
vn 0.383532 0.923479 -0.009465
vn 0.707107 0.707069 -0.007244
vn 0.923880 0.382663 -0.003921
vn 0.995100 0.098867 -0.001479
vn 0.995868 0.090808 -0.000931
vn 0.995868 0.090808 -0.000931
vn 0.928920 0.370261 -0.003794
vn 0.923880 0.382663 -0.003921
vn 0.000000 -0.001400 0.999999
vn -0.004646 -0.006679 0.999967
vn 0.011823 -0.017034 0.999785
vn 0.011823 -0.017034 0.999785
vn -0.006075 -0.008500 0.999946
vn 0.000000 -0.001400 0.999999
vn 0.000000 -0.001400 0.999999
vn -0.006075 -0.008500 0.999946
vn -0.012513 -0.008155 0.999889
vn -0.009059 0.001134 0.999958
vn -0.004861 -0.001526 0.999987
vn 0.000000 -0.001400 0.999999
vn -0.012513 -0.008155 0.999889
vn -0.012004 0.005220 0.999914
vn 0.000000 -0.001400 0.999999
vn -0.631287 -0.289396 0.719532
vn -0.645826 -0.202805 0.736056
vn -0.841963 -0.234136 0.486085
vn -0.841963 -0.234136 0.486085
vn -0.806313 -0.370876 0.460772
vn -0.631287 -0.289396 0.719532
vn -0.866400 -0.390740 0.310924
vn -0.806313 -0.370876 0.460772
vn -0.841963 -0.234136 0.486085
vn -0.841963 -0.234136 0.486085
vn -0.911092 -0.257080 0.322213
vn -0.866400 -0.390740 0.310924
vn -0.599907 -0.669451 0.438117
vn -0.720599 -0.527856 0.449561
vn -0.762329 -0.574365 0.298261
vn -0.762329 -0.574365 0.298261
vn -0.631534 -0.723234 0.279460
vn -0.599907 -0.669451 0.438117
vn -0.631534 -0.723234 0.279460
vn -0.762329 -0.574365 0.298261
vn -0.772216 -0.612803 0.167795
vn -0.772216 -0.612803 0.167795
vn -0.649340 -0.742203 0.165811
vn -0.631534 -0.723234 0.279460
vn -0.578001 -0.415869 0.702116
vn -0.631287 -0.289396 0.719532
vn -0.806313 -0.370876 0.460772
vn -0.806313 -0.370876 0.460772
vn -0.720599 -0.527856 0.449561
vn -0.578001 -0.415869 0.702116
vn -0.720599 -0.527856 0.449561
vn -0.806313 -0.370876 0.460772
vn -0.866400 -0.390740 0.310924
vn -0.866400 -0.390740 0.310924
vn -0.762329 -0.574365 0.298261
vn -0.720599 -0.527856 0.449561
vn -0.449395 -0.772908 0.447948
vn -0.246660 -0.849976 0.465511
vn -0.184486 -0.661253 0.727124
vn -0.184486 -0.661253 0.727124
vn -0.288966 -0.642235 0.709953
vn -0.449395 -0.772908 0.447948
vn -0.679174 -0.545796 0.490743
vn -0.623056 -0.654502 0.428286
vn -0.741238 -0.581464 0.335359
vn -0.741238 -0.581464 0.335359
vn -0.774410 -0.504986 0.381153
vn -0.679174 -0.545796 0.490743
vn -0.511596 -0.591679 0.623045
vn -0.465750 -0.696084 0.546392
vn -0.623056 -0.654502 0.428286
vn -0.623056 -0.654502 0.428286
vn -0.679174 -0.545796 0.490743
vn -0.511596 -0.591679 0.623045
vn -0.298166 -0.612973 0.731684
vn -0.246448 -0.714572 0.654714
vn -0.465750 -0.696084 0.546392
vn -0.465750 -0.696084 0.546392
vn -0.511596 -0.591679 0.623045
vn -0.298166 -0.612973 0.731684
vn 0.000000 -0.620995 0.783815
vn 0.000000 -0.720268 0.693695
vn -0.246448 -0.714572 0.654714
vn -0.246448 -0.714572 0.654714
vn -0.298166 -0.612973 0.731684
vn 0.000000 -0.620995 0.783815
vn -0.887174 -0.349410 0.301390
vn -0.902755 -0.346367 0.255074
vn -0.937173 -0.226827 0.265060
vn -0.937173 -0.226827 0.265060
vn -0.922016 -0.237897 0.305437
vn -0.887174 -0.349410 0.301390
vn -0.845337 -0.429022 0.318348
vn -0.840907 -0.466578 0.274189
vn -0.902755 -0.346367 0.255074
vn -0.902755 -0.346367 0.255074
vn -0.887174 -0.349410 0.301390
vn -0.845337 -0.429022 0.318348
vn -0.774410 -0.504986 0.381153
vn -0.741238 -0.581464 0.335359
vn -0.840907 -0.466578 0.274189
vn -0.840907 -0.466578 0.274189
vn -0.845337 -0.429022 0.318348
vn -0.774410 -0.504986 0.381153
vn -0.945577 -0.144854 0.291379
vn -0.922016 -0.237897 0.305437
vn -0.937173 -0.226827 0.265060
vn -0.937173 -0.226827 0.265060
vn -0.966900 -0.052650 0.249666
vn -0.945577 -0.144854 0.291379
vn -0.808842 -0.404058 0.427214
vn -0.858087 -0.387160 0.337333
vn -0.884129 -0.371169 0.283813
vn -0.884129 -0.371169 0.283813
vn -0.832549 -0.364565 0.417077
vn -0.808842 -0.404058 0.427214
vn -0.719125 -0.393674 0.572608
vn -0.706041 -0.438359 0.556190
vn -0.808842 -0.404058 0.427214
vn -0.808842 -0.404058 0.427214
vn -0.832549 -0.364565 0.417077
vn -0.719125 -0.393674 0.572608
vn -0.575205 -0.432063 0.694594
vn -0.544264 -0.486381 0.683528
vn -0.706041 -0.438359 0.556190
vn -0.706041 -0.438359 0.556190
vn -0.719125 -0.393674 0.572608
vn -0.575205 -0.432063 0.694594
vn -0.336119 -0.484257 0.807786
vn -0.320131 -0.520710 0.791440
vn -0.544264 -0.486381 0.683528
vn -0.544264 -0.486381 0.683528
vn -0.575205 -0.432063 0.694594
vn -0.336119 -0.484257 0.807786
vn 0.002883 -0.512155 0.858888
vn 0.000000 -0.548887 0.835896
vn -0.320131 -0.520710 0.791440
vn -0.320131 -0.520710 0.791440
vn -0.336119 -0.484257 0.807786
vn 0.002883 -0.512155 0.858888
vn -0.890717 -0.377986 0.252488
vn -0.887174 -0.349410 0.301390
vn -0.922016 -0.237897 0.305437
vn -0.922016 -0.237897 0.305437
vn -0.908970 -0.295058 0.294473
vn -0.890717 -0.377986 0.252488
vn 0.813339 -0.581599 -0.014927
vn 0.587851 -0.762372 -0.270592
vn 0.590847 -0.756836 -0.279462
vn 0.590847 -0.756836 -0.279462
vn 0.792656 -0.601477 -0.099609
vn 0.813339 -0.581599 -0.014927
vn 0.792656 -0.601477 -0.099609
vn 0.759168 -0.619574 -0.199481
vn 0.869105 -0.494432 0.013892
vn 0.869105 -0.494432 0.013892
vn 0.894451 -0.422923 0.145236
vn 0.792656 -0.601477 -0.099609
vn 0.731186 -0.646591 0.217458
vn 0.557025 -0.797196 -0.232814
vn 0.578623 -0.774271 -0.256319
vn 0.578623 -0.774271 -0.256319
vn 0.789812 -0.603078 0.111777
vn 0.731186 -0.646591 0.217458
vn 0.630985 -0.711085 0.310187
vn 0.477740 -0.854704 -0.203090
vn 0.557025 -0.797196 -0.232814
vn 0.557025 -0.797196 -0.232814
vn 0.731186 -0.646591 0.217458
vn 0.630985 -0.711085 0.310187
vn 0.410810 -0.825229 0.387597
vn 0.284221 -0.940596 -0.185738
vn 0.477740 -0.854704 -0.203090
vn 0.477740 -0.854704 -0.203090
vn 0.630985 -0.711085 0.310187
vn 0.410810 -0.825229 0.387597
vn -0.001881 -0.908691 0.417465
vn -0.010093 -0.984178 -0.176892
vn 0.284221 -0.940596 -0.185738
vn 0.284221 -0.940596 -0.185738
vn 0.410810 -0.825229 0.387597
vn -0.001881 -0.908691 0.417465
vn 0.883726 -0.386423 0.264018
vn 0.813339 -0.581599 -0.014927
vn 0.792656 -0.601477 -0.099609
vn 0.792656 -0.601477 -0.099609
vn 0.894451 -0.422923 0.145236
vn 0.883726 -0.386423 0.264018
vn 0.836865 -0.373492 0.400201
vn 0.789812 -0.603078 0.111777
vn 0.813339 -0.581599 -0.014927
vn 0.813339 -0.581599 -0.014927
vn 0.883726 -0.386423 0.264018
vn 0.836865 -0.373492 0.400201
vn 0.725687 -0.398806 0.560653
vn 0.731186 -0.646591 0.217458
vn 0.789812 -0.603078 0.111777
vn 0.789812 -0.603078 0.111777
vn 0.836865 -0.373492 0.400201
vn 0.725687 -0.398806 0.560653
vn 0.577737 -0.436761 0.689536
vn 0.630985 -0.711085 0.310187
vn 0.731186 -0.646591 0.217458
vn 0.731186 -0.646591 0.217458
vn 0.725687 -0.398806 0.560653
vn 0.577737 -0.436761 0.689536
vn 0.339430 -0.488536 0.803816
vn 0.410810 -0.825229 0.387597
vn 0.630985 -0.711085 0.310187
vn 0.630985 -0.711085 0.310187
vn 0.577737 -0.436761 0.689536
vn 0.339430 -0.488536 0.803816
vn 0.002883 -0.512155 0.858888
vn -0.001881 -0.908691 0.417465
vn 0.410810 -0.825229 0.387597
vn 0.410810 -0.825229 0.387597
vn 0.339430 -0.488536 0.803816
vn 0.002883 -0.512155 0.858888
vn 0.885700 -0.376944 0.271015
vn 0.867570 -0.467284 0.170201
vn 0.864610 -0.420483 0.275034
vn 0.864610 -0.420483 0.275034
vn 0.903853 -0.279258 0.324137
vn 0.885700 -0.376944 0.271015
vn 0.679174 -0.545796 0.490743
vn 0.706041 -0.438359 0.556190
vn 0.808842 -0.404058 0.427214
vn 0.808842 -0.404058 0.427214
vn 0.774410 -0.504986 0.381153
vn 0.679174 -0.545796 0.490743
vn 0.774410 -0.504986 0.381153
vn 0.808842 -0.404058 0.427214
vn 0.858087 -0.387160 0.337333
vn 0.858087 -0.387160 0.337333
vn 0.845337 -0.429022 0.318348
vn 0.774410 -0.504986 0.381153
vn 0.544264 -0.486381 0.683528
vn 0.706041 -0.438359 0.556190
vn 0.679174 -0.545796 0.490743
vn 0.679174 -0.545796 0.490743
vn 0.511596 -0.591679 0.623045
vn 0.544264 -0.486381 0.683528
vn 0.298166 -0.612973 0.731684
vn 0.000000 -0.620995 0.783815
vn 0.000000 -0.548887 0.835896
vn 0.000000 -0.548887 0.835896
vn 0.320131 -0.520710 0.791440
vn 0.298166 -0.612973 0.731684
vn 0.845337 -0.429022 0.318348
vn 0.858087 -0.387160 0.337333
vn 0.885700 -0.376944 0.271015
vn 0.885700 -0.376944 0.271015
vn 0.887174 -0.349410 0.301390
vn 0.845337 -0.429022 0.318348
vn 0.212184 -0.863447 0.457643
vn 0.000000 -0.871531 0.490341
vn 0.000000 -0.720268 0.693695
vn 0.000000 -0.720268 0.693695
vn 0.246448 -0.714572 0.654714
vn 0.212184 -0.863447 0.457643
vn 0.216553 -0.976089 0.018845
vn 0.000000 -0.999906 0.013742
vn 0.000000 -0.985061 0.172208
vn 0.000000 -0.985061 0.172208
vn 0.193587 -0.964613 0.179011
vn 0.216553 -0.976089 0.018845
vn 0.000000 -0.999974 -0.007280
vn 0.000000 -0.999906 0.013742
vn 0.216553 -0.976089 0.018845
vn 0.216553 -0.976089 0.018845
vn 0.224043 -0.974576 -0.002709
vn 0.000000 -0.999974 -0.007280
vn 0.193587 -0.964613 0.179011
vn 0.000000 -0.985061 0.172208
vn 0.000000 -0.871531 0.490341
vn 0.000000 -0.871531 0.490341
vn 0.212184 -0.863447 0.457643
vn 0.193587 -0.964613 0.179011
vn 0.902755 -0.346367 0.255074
vn 0.937638 -0.219263 0.269738
vn 0.961761 -0.185573 0.201442
vn 0.961761 -0.185573 0.201442
vn 0.916202 -0.351031 0.193263
vn 0.902755 -0.346367 0.255074
vn 0.840907 -0.466578 0.274189
vn 0.902755 -0.346367 0.255074
vn 0.916202 -0.351031 0.193263
vn 0.916202 -0.351031 0.193263
vn 0.831968 -0.512582 0.212344
vn 0.840907 -0.466578 0.274189
vn 0.741238 -0.581464 0.335359
vn 0.840907 -0.466578 0.274189
vn 0.831968 -0.512582 0.212344
vn 0.831968 -0.512582 0.212344
vn 0.720225 -0.649375 0.244107
vn 0.741238 -0.581464 0.335359
vn 0.623056 -0.654502 0.428286
vn 0.741238 -0.581464 0.335359
vn 0.720225 -0.649375 0.244107
vn 0.720225 -0.649375 0.244107
vn 0.583176 -0.754442 0.301204
vn 0.623056 -0.654502 0.428286
vn 0.465750 -0.696084 0.546392
vn 0.623056 -0.654502 0.428286
vn 0.583176 -0.754442 0.301204
vn 0.583176 -0.754442 0.301204
vn 0.411339 -0.826402 0.384526
vn 0.465750 -0.696084 0.546392
vn 0.246448 -0.714572 0.654714
vn 0.465750 -0.696084 0.546392
vn 0.411339 -0.826402 0.384526
vn 0.411339 -0.826402 0.384526
vn 0.212184 -0.863447 0.457643
vn 0.246448 -0.714572 0.654714
vn 0.934051 -0.330441 0.135490
vn 0.977215 -0.154073 0.145991
vn 0.988313 -0.122484 0.090745
vn 0.988313 -0.122484 0.090745
vn 0.943537 -0.320115 0.085227
vn 0.934051 -0.330441 0.135490
vn 0.977215 -0.154073 0.145991
vn 0.988964 0.065484 0.132896
vn 0.994811 0.042690 0.092354
vn 0.994811 0.042690 0.092354
vn 0.988313 -0.122484 0.090745
vn 0.977215 -0.154073 0.145991
vn 0.943537 -0.320115 0.085227
vn 0.861573 -0.501809 0.076675
vn 0.842723 -0.520629 0.136981
vn 0.842723 -0.520629 0.136981
vn 0.934051 -0.330441 0.135490
vn 0.943537 -0.320115 0.085227
vn 0.881095 -0.470780 0.045141
vn 0.761889 -0.646980 0.030685
vn 0.747550 -0.661159 0.063545
vn 0.747550 -0.661159 0.063545
vn 0.861573 -0.501809 0.076675
vn 0.881095 -0.470780 0.045141
vn 0.861573 -0.501809 0.076675
vn 0.747550 -0.661159 0.063545
vn 0.723661 -0.676477 0.136724
vn 0.723661 -0.676477 0.136724
vn 0.842723 -0.520629 0.136981
vn 0.861573 -0.501809 0.076675
vn 0.747550 -0.661159 0.063545
vn 0.590442 -0.805368 0.052548
vn 0.561755 -0.813312 0.151506
vn 0.561755 -0.813312 0.151506
vn 0.723661 -0.676477 0.136724
vn 0.747550 -0.661159 0.063545
vn 0.618927 -0.785282 0.016197
vn 0.453851 -0.891073 0.002787
vn 0.434152 -0.900322 0.030537
vn 0.434152 -0.900322 0.030537
vn 0.590442 -0.805368 0.052548
vn 0.618927 -0.785282 0.016197
vn 0.590442 -0.805368 0.052548
vn 0.434152 -0.900322 0.030537
vn 0.384189 -0.908179 0.166161
vn 0.384189 -0.908179 0.166161
vn 0.561755 -0.813312 0.151506
vn 0.590442 -0.805368 0.052548
vn 0.434152 -0.900322 0.030537
vn 0.216553 -0.976089 0.018845
vn 0.193587 -0.964613 0.179011
vn 0.193587 -0.964613 0.179011
vn 0.384189 -0.908179 0.166161
vn 0.434152 -0.900322 0.030537
vn 0.384189 -0.908179 0.166161
vn 0.193587 -0.964613 0.179011
vn 0.212184 -0.863447 0.457643
vn 0.212184 -0.863447 0.457643
vn 0.411339 -0.826402 0.384526
vn 0.384189 -0.908179 0.166161
vn 0.561755 -0.813312 0.151506
vn 0.384189 -0.908179 0.166161
vn 0.411339 -0.826402 0.384526
vn 0.411339 -0.826402 0.384526
vn 0.583176 -0.754442 0.301204
vn 0.561755 -0.813312 0.151506
vn 0.723661 -0.676477 0.136724
vn 0.561755 -0.813312 0.151506
vn 0.583176 -0.754442 0.301204
vn 0.583176 -0.754442 0.301204
vn 0.720225 -0.649375 0.244107
vn 0.723661 -0.676477 0.136724
vn 0.842723 -0.520629 0.136981
vn 0.723661 -0.676477 0.136724
vn 0.720225 -0.649375 0.244107
vn 0.720225 -0.649375 0.244107
vn 0.831968 -0.512582 0.212344
vn 0.842723 -0.520629 0.136981
vn 0.934051 -0.330441 0.135490
vn 0.842723 -0.520629 0.136981
vn 0.831968 -0.512582 0.212344
vn 0.831968 -0.512582 0.212344
vn 0.916202 -0.351031 0.193263
vn 0.934051 -0.330441 0.135490
vn 0.977215 -0.154073 0.145991
vn 0.934051 -0.330441 0.135490
vn 0.916202 -0.351031 0.193263
vn 0.916202 -0.351031 0.193263
vn 0.961761 -0.185573 0.201442
vn 0.977215 -0.154073 0.145991
vn 0.961761 -0.185573 0.201442
vn 0.980252 0.090766 0.175690
vn 0.988964 0.065484 0.132896
vn 0.988964 0.065484 0.132896
vn 0.977215 -0.154073 0.145991
vn 0.961761 -0.185573 0.201442
vn -1.000000 -0.000613 -0.000828
vn -0.999999 -0.001064 -0.000680
vn -0.999999 0.000627 -0.001610
vn -0.999999 0.000627 -0.001610
vn -0.999999 0.000530 -0.001498
vn -1.000000 -0.000613 -0.000828
vn 0.841963 -0.234136 0.486085
vn 0.858418 -0.108310 0.501385
vn 0.654720 -0.106815 0.748286
vn 0.654720 -0.106815 0.748286
vn 0.645826 -0.202805 0.736056
vn 0.841963 -0.234136 0.486085
vn 0.841963 -0.234136 0.486085
vn 0.911092 -0.257080 0.322213
vn 0.936964 -0.108507 0.332152
vn 0.936964 -0.108507 0.332152
vn 0.858418 -0.108310 0.501385
vn 0.841963 -0.234136 0.486085
vn 0.974738 -0.119220 0.188872
vn 0.981037 0.031638 0.191219
vn 0.938048 0.030431 0.345167
vn 0.938048 0.030431 0.345167
vn 0.936964 -0.108507 0.332152
vn 0.974738 -0.119220 0.188872
vn 0.974738 -0.119220 0.188872
vn 0.948436 -0.257070 0.185428
vn 0.955425 -0.278911 0.096804
vn 0.955425 -0.278911 0.096804
vn 0.990234 -0.096125 0.100981
vn 0.974738 -0.119220 0.188872
vn 0.955425 -0.278911 0.096804
vn 0.954011 -0.293837 0.059349
vn 0.992826 -0.100892 0.064172
vn 0.992826 -0.100892 0.064172
vn 0.990234 -0.096125 0.100981
vn 0.955425 -0.278911 0.096804
vn 0.954011 -0.293837 0.059349
vn 0.949306 -0.309095 0.057255
vn 0.991742 -0.113649 0.059425
vn 0.991742 -0.113649 0.059425
vn 0.992826 -0.100892 0.064172
vn 0.954011 -0.293837 0.059349
vn 0.000000 -0.001400 0.999999
vn 0.009059 0.001134 0.999958
vn 0.012004 0.005220 0.999914
vn 0.631287 -0.289396 0.719532
vn 0.645826 -0.202805 0.736056
vn 0.481238 -0.131421 0.866683
vn 0.481238 -0.131421 0.866683
vn 0.440892 -0.259591 0.859201
vn 0.631287 -0.289396 0.719532
vn 0.000000 -0.001400 0.999999
vn 0.000000 -0.002438 0.999997
vn 0.004861 -0.001526 0.999987
vn -0.388119 0.921561 -0.009445
vn -0.383529 0.923480 -0.009465
vn -0.000002 0.999948 -0.010244
vn -0.000002 0.999948 -0.010244
vn -0.000002 0.999948 -0.010244
vn -0.388119 0.921561 -0.009445
vn 0.453851 -0.891073 0.002787
vn 0.460128 -0.887490 0.025374
vn 0.228470 -0.973319 0.021244
vn 0.228470 -0.973319 0.021244
vn 0.224043 -0.974576 -0.002709
vn 0.453851 -0.891073 0.002787
vn 0.460128 -0.887490 0.025374
vn 0.474514 -0.876861 0.077144
vn 0.243245 -0.967482 0.069352
vn 0.243245 -0.967482 0.069352
vn 0.228470 -0.973319 0.021244
vn 0.460128 -0.887490 0.025374
vn 0.474514 -0.876861 0.077144
vn 0.490512 -0.855865 0.163990
vn 0.259454 -0.951951 0.162706
vn 0.259454 -0.951951 0.162706
vn 0.243245 -0.967482 0.069352
vn 0.474514 -0.876861 0.077144
vn 0.489868 -0.825097 0.281503
vn 0.449395 -0.772908 0.447948
vn 0.246660 -0.849976 0.465511
vn 0.246660 -0.849976 0.465511
vn 0.256597 -0.925273 0.279335
vn 0.489868 -0.825097 0.281503
vn 0.182129 -0.659592 0.729223
vn 0.288966 -0.642235 0.709953
vn 0.172512 -0.480137 0.860063
vn 0.441077 -0.557140 0.703595
vn 0.578001 -0.415869 0.702116
vn 0.324105 -0.395363 0.859444
vn -0.707108 0.707069 -0.007243
vn -0.713400 0.700720 -0.007179
vn -0.928920 0.370261 -0.003794
vn -0.928920 0.370261 -0.003794
vn -0.923880 0.382663 -0.003921
vn -0.707108 0.707069 -0.007243
vn 0.441077 -0.557140 0.703595
vn 0.599907 -0.669451 0.438117
vn 0.720599 -0.527856 0.449561
vn 0.720599 -0.527856 0.449561
vn 0.578001 -0.415869 0.702116
vn 0.441077 -0.557140 0.703595
vn 0.449395 -0.772908 0.447948
vn 0.489868 -0.825097 0.281503
vn 0.631534 -0.723234 0.279460
vn 0.631534 -0.723234 0.279460
vn 0.599907 -0.669451 0.438117
vn 0.449395 -0.772908 0.447948
vn 0.893338 -0.411926 0.179622
vn 0.866400 -0.390740 0.310924
vn 0.762329 -0.574365 0.298261
vn 0.762329 -0.574365 0.298261
vn 0.772216 -0.612803 0.167795
vn 0.893338 -0.411926 0.179622
vn 0.649340 -0.742203 0.165811
vn 0.631534 -0.723234 0.279460
vn 0.489868 -0.825097 0.281503
vn 0.489868 -0.825097 0.281503
vn 0.490512 -0.855865 0.163990
vn 0.649340 -0.742203 0.165811
vn 0.772216 -0.612803 0.167795
vn 0.778599 -0.621598 0.086025
vn 0.895440 -0.435907 0.090399
vn 0.895440 -0.435907 0.090399
vn 0.893338 -0.411926 0.179622
vn 0.772216 -0.612803 0.167795
vn 0.778599 -0.621598 0.086025
vn 0.772841 -0.633058 0.044204
vn 0.891800 -0.449353 0.052666
vn 0.891800 -0.449353 0.052666
vn 0.895440 -0.435907 0.090399
vn 0.778599 -0.621598 0.086025
vn 0.772841 -0.633058 0.044204
vn 0.761889 -0.646980 0.030685
vn 0.881095 -0.470780 0.045141
vn 0.881095 -0.470780 0.045141
vn 0.891800 -0.449353 0.052666
vn 0.772841 -0.633058 0.044204
vn 0.490512 -0.855865 0.163990
vn 0.474514 -0.876861 0.077144
vn 0.646965 -0.758178 0.081249
vn 0.646965 -0.758178 0.081249
vn 0.649340 -0.742203 0.165811
vn 0.490512 -0.855865 0.163990
vn 0.474514 -0.876861 0.077144
vn 0.460128 -0.887490 0.025374
vn 0.640007 -0.767638 0.033522
vn 0.640007 -0.767638 0.033522
vn 0.646965 -0.758178 0.081249
vn 0.474514 -0.876861 0.077144
vn 0.453851 -0.891073 0.002787
vn 0.618927 -0.785282 0.016197
vn 0.640007 -0.767638 0.033522
vn 0.640007 -0.767638 0.033522
vn 0.460128 -0.887490 0.025374
vn 0.453851 -0.891073 0.002787
vn 0.298166 -0.612973 0.731684
vn 0.320131 -0.520710 0.791440
vn 0.544264 -0.486381 0.683528
vn 0.544264 -0.486381 0.683528
vn 0.511596 -0.591679 0.623045
vn 0.298166 -0.612973 0.731684
vn 0.587851 -0.762372 -0.270592
vn 0.813339 -0.581599 -0.014927
vn 0.789812 -0.603078 0.111777
vn 0.789812 -0.603078 0.111777
vn 0.578623 -0.774271 -0.256319
vn 0.587851 -0.762372 -0.270592
vn 0.590847 -0.756836 -0.279462
vn 0.596623 -0.758099 -0.263301
vn 0.759168 -0.619574 -0.199481
vn 0.759168 -0.619574 -0.199481
vn 0.792656 -0.601477 -0.099609
vn 0.590847 -0.756836 -0.279462
vn 0.883726 -0.386423 0.264018
vn 0.894451 -0.422923 0.145236
vn 0.885700 -0.376944 0.271015
vn 0.885700 -0.376944 0.271015
vn 0.858087 -0.387160 0.337333
vn 0.883726 -0.386423 0.264018
vn 0.894451 -0.422923 0.145236
vn 0.869105 -0.494432 0.013892
vn 0.867570 -0.467284 0.170201
vn 0.867570 -0.467284 0.170201
vn 0.885700 -0.376944 0.271015
vn 0.894451 -0.422923 0.145236
vn 0.903853 -0.279258 0.324137
vn 0.864610 -0.420483 0.275034
vn 0.871996 -0.370493 0.319935
vn 0.871996 -0.370493 0.319935
vn 0.915231 -0.199017 0.350349
vn 0.903853 -0.279258 0.324137
vn 0.949306 -0.309095 0.057255
vn 0.943537 -0.320115 0.085227
vn 0.988313 -0.122484 0.090745
vn 0.988313 -0.122484 0.090745
vn 0.991742 -0.113649 0.059425
vn 0.949306 -0.309095 0.057255
vn 0.000000 -0.959810 0.280650
vn 0.000000 -0.987026 0.160560
vn 0.259454 -0.951951 0.162706
vn 0.259454 -0.951951 0.162706
vn 0.256597 -0.925273 0.279335
vn 0.000000 -0.959810 0.280650
vn 0.937638 -0.219263 0.269738
vn 0.964383 -0.060263 0.257552
vn 0.980252 0.090766 0.175690
vn 0.980252 0.090766 0.175690
vn 0.961761 -0.185573 0.201442
vn 0.937638 -0.219263 0.269738
vn 0.990234 -0.096125 0.100981
vn 0.993560 0.052653 0.100327
vn 0.981037 0.031638 0.191219
vn 0.981037 0.031638 0.191219
vn 0.974738 -0.119220 0.188872
vn 0.990234 -0.096125 0.100981
vn 0.992826 -0.100892 0.064172
vn 0.996239 0.051600 0.069616
vn 0.993560 0.052653 0.100327
vn 0.993560 0.052653 0.100327
vn 0.990234 -0.096125 0.100981
vn 0.992826 -0.100892 0.064172
vn 0.991742 -0.113649 0.059425
vn 0.996904 0.043821 0.065288
vn 0.996239 0.051600 0.069616
vn 0.996239 0.051600 0.069616
vn 0.992826 -0.100892 0.064172
vn 0.991742 -0.113649 0.059425
vn 0.988313 -0.122484 0.090745
vn 0.994811 0.042690 0.092354
vn 0.996904 0.043821 0.065288
vn 0.996904 0.043821 0.065288
vn 0.991742 -0.113649 0.059425
vn 0.988313 -0.122484 0.090745
vn 0.893338 -0.411926 0.179622
vn 0.895440 -0.435907 0.090399
vn 0.955425 -0.278911 0.096804
vn 0.955425 -0.278911 0.096804
vn 0.948436 -0.257070 0.185428
vn 0.893338 -0.411926 0.179622
vn 0.895440 -0.435907 0.090399
vn 0.891800 -0.449353 0.052666
vn 0.954011 -0.293837 0.059349
vn 0.954011 -0.293837 0.059349
vn 0.955425 -0.278911 0.096804
vn 0.895440 -0.435907 0.090399
vn 0.891800 -0.449353 0.052666
vn 0.881095 -0.470780 0.045141
vn 0.949306 -0.309095 0.057255
vn 0.949306 -0.309095 0.057255
vn 0.954011 -0.293837 0.059349
vn 0.891800 -0.449353 0.052666
vn 0.881095 -0.470780 0.045141
vn 0.861573 -0.501809 0.076675
vn 0.943537 -0.320115 0.085227
vn 0.943537 -0.320115 0.085227
vn 0.949306 -0.309095 0.057255
vn 0.881095 -0.470780 0.045141
vn 0.649340 -0.742203 0.165811
vn 0.646965 -0.758178 0.081249
vn 0.778599 -0.621598 0.086025
vn 0.778599 -0.621598 0.086025
vn 0.772216 -0.612803 0.167795
vn 0.649340 -0.742203 0.165811
vn 0.778599 -0.621598 0.086025
vn 0.646965 -0.758178 0.081249
vn 0.640007 -0.767638 0.033522
vn 0.640007 -0.767638 0.033522
vn 0.772841 -0.633058 0.044204
vn 0.778599 -0.621598 0.086025
vn 0.772841 -0.633058 0.044204
vn 0.640007 -0.767638 0.033522
vn 0.618927 -0.785282 0.016197
vn 0.618927 -0.785282 0.016197
vn 0.761889 -0.646980 0.030685
vn 0.772841 -0.633058 0.044204
vn 0.761889 -0.646980 0.030685
vn 0.618927 -0.785282 0.016197
vn 0.590442 -0.805368 0.052548
vn 0.590442 -0.805368 0.052548
vn 0.747550 -0.661159 0.063545
vn 0.761889 -0.646980 0.030685
vn 0.224043 -0.974576 -0.002709
vn 0.228470 -0.973319 0.021244
vn 0.000000 -0.999801 0.019952
vn 0.000000 -0.999801 0.019952
vn 0.000000 -0.999974 -0.007280
vn 0.224043 -0.974576 -0.002709
vn 0.228470 -0.973319 0.021244
vn 0.243245 -0.967482 0.069352
vn 0.000000 -0.997938 0.064184
vn 0.000000 -0.997938 0.064184
vn 0.000000 -0.999801 0.019952
vn 0.228470 -0.973319 0.021244
vn 0.243245 -0.967482 0.069352
vn 0.259454 -0.951951 0.162706
vn 0.000000 -0.987026 0.160560
vn 0.000000 -0.987026 0.160560
vn 0.000000 -0.997938 0.064184
vn 0.243245 -0.967482 0.069352
vn 0.453851 -0.891073 0.002787
vn 0.224043 -0.974576 -0.002709
vn 0.216553 -0.976089 0.018845
vn 0.216553 -0.976089 0.018845
vn 0.434152 -0.900322 0.030537
vn 0.453851 -0.891073 0.002787
vn 0.654720 -0.106815 0.748286
vn 0.663429 -0.009106 0.748184
vn 0.462636 -0.014221 0.886434
vn 0.462636 -0.014221 0.886434
vn 0.470420 -0.071896 0.879509
vn 0.654720 -0.106815 0.748286
vn -0.999999 0.000530 -0.001498
vn -0.999999 0.000627 -0.001610
vn -0.995100 0.098867 -0.001479
vn -0.995100 0.098867 -0.001479
vn -0.995868 0.090808 -0.000931
vn -0.999999 0.000530 -0.001498
vn 0.858418 -0.108310 0.501385
vn 0.863463 0.012978 0.504245
vn 0.663429 -0.009106 0.748184
vn 0.663429 -0.009106 0.748184
vn 0.654720 -0.106815 0.748286
vn 0.858418 -0.108310 0.501385
vn 0.936964 -0.108507 0.332152
vn 0.938048 0.030431 0.345167
vn 0.863463 0.012978 0.504245
vn 0.863463 0.012978 0.504245
vn 0.858418 -0.108310 0.501385
vn 0.936964 -0.108507 0.332152
vn 0.645826 -0.202805 0.736056
vn 0.654720 -0.106815 0.748286
vn 0.470420 -0.071896 0.879509
vn 0.470420 -0.071896 0.879509
vn 0.481238 -0.131421 0.866683
vn 0.645826 -0.202805 0.736056
vn 0.948436 -0.257070 0.185428
vn 0.974738 -0.119220 0.188872
vn 0.936964 -0.108507 0.332152
vn 0.936964 -0.108507 0.332152
vn 0.911092 -0.257080 0.322213
vn 0.948436 -0.257070 0.185428
vn 0.866400 -0.390740 0.310924
vn 0.893338 -0.411926 0.179622
vn 0.948436 -0.257070 0.185428
vn 0.948436 -0.257070 0.185428
vn 0.911092 -0.257080 0.322213
vn 0.866400 -0.390740 0.310924
vn 0.256597 -0.925273 0.279335
vn 0.246660 -0.849976 0.465511
vn 0.000000 -0.884473 0.466591
vn 0.000000 -0.884473 0.466591
vn 0.000000 -0.959810 0.280650
vn 0.256597 -0.925273 0.279335
vn 0.000000 -0.884473 0.466591
vn 0.246660 -0.849976 0.465511
vn 0.182129 -0.659592 0.729223
vn 0.182129 -0.659592 0.729223
vn 0.002562 -0.664547 0.747242
vn 0.000000 -0.884473 0.466591
vn 0.256597 -0.925273 0.279335
vn 0.259454 -0.951951 0.162706
vn 0.490512 -0.855865 0.163990
vn 0.490512 -0.855865 0.163990
vn 0.489868 -0.825097 0.281503
vn 0.256597 -0.925273 0.279335
vn 0.008768 -0.495866 0.868355
vn 0.002562 -0.664547 0.747242
vn 0.182129 -0.659592 0.729223
vn 0.182129 -0.659592 0.729223
vn 0.172512 -0.480137 0.860063
vn 0.008768 -0.495866 0.868355
vn 0.449395 -0.772908 0.447948
vn 0.599907 -0.669451 0.438117
vn 0.441077 -0.557140 0.703595
vn 0.441077 -0.557140 0.703595
vn 0.288966 -0.642235 0.709953
vn 0.449395 -0.772908 0.447948
vn -0.713400 0.700720 -0.007179
vn -0.707108 0.707069 -0.007243
vn -0.383529 0.923480 -0.009465
vn -0.383529 0.923480 -0.009465
vn -0.388119 0.921561 -0.009445
vn -0.713400 0.700720 -0.007179
vn -0.923880 0.382663 -0.003921
vn -0.928920 0.370261 -0.003794
vn -0.995868 0.090808 -0.000931
vn -0.995868 0.090808 -0.000931
vn -0.995100 0.098867 -0.001479
vn -0.923880 0.382663 -0.003921
vn 0.000684 -0.029257 0.999572
vn -0.004646 -0.006679 0.999967
vn 0.000000 -0.001400 0.999999
vn 0.000000 -0.001400 0.999999
vn 0.006075 -0.008500 0.999946
vn 0.000684 -0.029257 0.999572
vn 0.000000 -0.001400 0.999999
vn 0.012513 -0.008155 0.999889
vn 0.006075 -0.008500 0.999946
vn 0.004861 -0.001526 0.999987
vn 0.009059 0.001134 0.999958
vn 0.000000 -0.001400 0.999999
vn 0.012004 0.005220 0.999914
vn 0.012513 -0.008155 0.999889
vn 0.000000 -0.001400 0.999999
vn 0.631287 -0.289396 0.719532
vn 0.806313 -0.370876 0.460772
vn 0.841963 -0.234136 0.486085
vn 0.841963 -0.234136 0.486085
vn 0.645826 -0.202805 0.736056
vn 0.631287 -0.289396 0.719532
vn 0.866400 -0.390740 0.310924
vn 0.911092 -0.257080 0.322213
vn 0.841963 -0.234136 0.486085
vn 0.841963 -0.234136 0.486085
vn 0.806313 -0.370876 0.460772
vn 0.866400 -0.390740 0.310924
vn 0.599907 -0.669451 0.438117
vn 0.631534 -0.723234 0.279460
vn 0.762329 -0.574365 0.298261
vn 0.762329 -0.574365 0.298261
vn 0.720599 -0.527856 0.449561
vn 0.599907 -0.669451 0.438117
vn 0.631534 -0.723234 0.279460
vn 0.649340 -0.742203 0.165811
vn 0.772216 -0.612803 0.167795
vn 0.772216 -0.612803 0.167795
vn 0.762329 -0.574365 0.298261
vn 0.631534 -0.723234 0.279460
vn 0.578001 -0.415869 0.702116
vn 0.720599 -0.527856 0.449561
vn 0.806313 -0.370876 0.460772
vn 0.806313 -0.370876 0.460772
vn 0.631287 -0.289396 0.719532
vn 0.578001 -0.415869 0.702116
vn 0.720599 -0.527856 0.449561
vn 0.762329 -0.574365 0.298261
vn 0.866400 -0.390740 0.310924
vn 0.866400 -0.390740 0.310924
vn 0.806313 -0.370876 0.460772
vn 0.720599 -0.527856 0.449561
vn 0.449395 -0.772908 0.447948
vn 0.288966 -0.642235 0.709953
vn 0.182129 -0.659592 0.729223
vn 0.182129 -0.659592 0.729223
vn 0.246660 -0.849976 0.465511
vn 0.449395 -0.772908 0.447948
vn 0.679174 -0.545796 0.490743
vn 0.774410 -0.504986 0.381153
vn 0.741238 -0.581464 0.335359
vn 0.741238 -0.581464 0.335359
vn 0.623056 -0.654502 0.428286
vn 0.679174 -0.545796 0.490743
vn 0.511596 -0.591679 0.623045
vn 0.679174 -0.545796 0.490743
vn 0.623056 -0.654502 0.428286
vn 0.623056 -0.654502 0.428286
vn 0.465750 -0.696084 0.546392
vn 0.511596 -0.591679 0.623045
vn 0.298166 -0.612973 0.731684
vn 0.511596 -0.591679 0.623045
vn 0.465750 -0.696084 0.546392
vn 0.465750 -0.696084 0.546392
vn 0.246448 -0.714572 0.654714
vn 0.298166 -0.612973 0.731684
vn 0.000000 -0.620995 0.783815
vn 0.298166 -0.612973 0.731684
vn 0.246448 -0.714572 0.654714
vn 0.246448 -0.714572 0.654714
vn 0.000000 -0.720268 0.693695
vn 0.000000 -0.620995 0.783815
vn 0.887174 -0.349410 0.301390
vn 0.923214 -0.236833 0.302633
vn 0.937638 -0.219263 0.269738
vn 0.937638 -0.219263 0.269738
vn 0.902755 -0.346367 0.255074
vn 0.887174 -0.349410 0.301390
vn 0.845337 -0.429022 0.318348
vn 0.887174 -0.349410 0.301390
vn 0.902755 -0.346367 0.255074
vn 0.902755 -0.346367 0.255074
vn 0.840907 -0.466578 0.274189
vn 0.845337 -0.429022 0.318348
vn 0.774410 -0.504986 0.381153
vn 0.845337 -0.429022 0.318348
vn 0.840907 -0.466578 0.274189
vn 0.840907 -0.466578 0.274189
vn 0.741238 -0.581464 0.335359
vn 0.774410 -0.504986 0.381153
vn 0.942964 -0.150934 0.296712
vn 0.923214 -0.236833 0.302633
vn 0.938405 -0.159472 0.306537
vn 0.808842 -0.404058 0.427214
vn 0.836865 -0.373492 0.400201
vn 0.883726 -0.386423 0.264018
vn 0.883726 -0.386423 0.264018
vn 0.858087 -0.387160 0.337333
vn 0.808842 -0.404058 0.427214
vn 0.725687 -0.398806 0.560653
vn 0.836865 -0.373492 0.400201
vn 0.808842 -0.404058 0.427214
vn 0.808842 -0.404058 0.427214
vn 0.706041 -0.438359 0.556190
vn 0.725687 -0.398806 0.560653
vn 0.577737 -0.436761 0.689536
vn 0.725687 -0.398806 0.560653
vn 0.706041 -0.438359 0.556190
vn 0.706041 -0.438359 0.556190
vn 0.544264 -0.486381 0.683528
vn 0.577737 -0.436761 0.689536
vn 0.339430 -0.488536 0.803816
vn 0.577737 -0.436761 0.689536
vn 0.544264 -0.486381 0.683528
vn 0.544264 -0.486381 0.683528
vn 0.320131 -0.520710 0.791440
vn 0.339430 -0.488536 0.803816
vn 0.002883 -0.512155 0.858888
vn 0.339430 -0.488536 0.803816
vn 0.320131 -0.520710 0.791440
vn 0.320131 -0.520710 0.791440
vn 0.000000 -0.548887 0.835896
vn 0.002883 -0.512155 0.858888
vn 0.885700 -0.376944 0.271015
vn 0.903853 -0.279258 0.324137
vn 0.923214 -0.236833 0.302633
vn 0.923214 -0.236833 0.302633
vn 0.887174 -0.349410 0.301390
vn 0.885700 -0.376944 0.271015
vn 0.938405 -0.159472 0.306537
vn 0.923214 -0.236833 0.302633
vn 0.903853 -0.279258 0.324137
vn 0.903853 -0.279258 0.324137
vn 0.915231 -0.199017 0.350349
vn 0.938405 -0.159472 0.306537
vn 0.288966 -0.642235 0.709953
vn 0.441077 -0.557140 0.703595
vn 0.324105 -0.395363 0.859444
vn 0.288966 -0.642235 0.709953
vn 0.324105 -0.395363 0.859444
vn 0.172512 -0.480137 0.860063
vn 0.578001 -0.415869 0.702116
vn 0.440892 -0.259591 0.859201
vn 0.324105 -0.395363 0.859444
vn 0.578001 -0.415869 0.702116
vn 0.631287 -0.289396 0.719532
vn 0.440892 -0.259591 0.859201
vn -0.288966 -0.642235 0.709953
vn -0.184486 -0.661253 0.727124
vn -0.177432 -0.472090 0.863510
vn -0.288966 -0.642235 0.709953
vn -0.177432 -0.472090 0.863510
vn -0.324105 -0.395363 0.859444
vn -0.578001 -0.415869 0.702116
vn -0.441077 -0.557140 0.703595
vn -0.324105 -0.395363 0.859444
vn -0.578001 -0.415869 0.702116
vn -0.324105 -0.395363 0.859444
vn -0.440892 -0.259591 0.859201
vn -0.760825 -0.648165 0.032064
vn -0.847162 -0.530064 0.036721
vn -0.822412 -0.566460 0.052546
vn -0.822412 -0.566460 0.052546
vn -0.734407 -0.675399 0.066956
vn -0.760825 -0.648165 0.032064
vn -0.801640 -0.591603 0.085908
vn -0.734407 -0.675399 0.066956
vn -0.822412 -0.566460 0.052546
vn -0.822139 -0.560033 0.102233
vn -0.722598 -0.678211 0.133722
vn -0.801640 -0.591603 0.085908
vn -0.931309 -0.349647 0.102033
vn -0.933460 -0.334220 0.130191
vn -0.894212 -0.432647 0.114898
vn -0.986293 -0.126254 0.106239
vn -0.977455 -0.156823 0.141383
vn -0.967923 -0.234163 0.091063
vn -0.989032 0.098025 0.110484
vn -0.988009 0.053696 0.144759
vn -0.990299 -0.070938 0.119480
vn -0.997069 0.044759 0.062049
vn -0.994875 -0.091574 0.042879
vn -0.992734 -0.102970 0.062267
vn -0.992734 -0.102970 0.062267
vn -0.996108 0.052762 0.070608
vn -0.997069 0.044759 0.062049
vn -0.822139 -0.560033 0.102233
vn -0.844294 -0.517903 0.137642
vn -0.722598 -0.678211 0.133722
vn -0.894212 -0.432647 0.114898
vn -0.933460 -0.334220 0.130191
vn -0.844294 -0.517903 0.137642
vn -0.977455 -0.156823 0.141383
vn -0.933460 -0.334220 0.130191
vn -0.967923 -0.234163 0.091063
vn -0.933460 -0.334220 0.130191
vn -0.931309 -0.349647 0.102033
vn -0.967923 -0.234163 0.091063
vn -0.722598 -0.678211 0.133722
vn -0.734407 -0.675399 0.066956
vn -0.801640 -0.591603 0.085908
vn -0.374052 -0.353115 0.857552
vn -0.335267 -0.413005 0.846772
vn -0.351722 -0.426880 0.833106
vn -0.351722 -0.426880 0.833106
vn -0.385381 -0.360798 0.849298
vn -0.374052 -0.353115 0.857552
vn -0.387730 -0.273031 0.880409
vn -0.374052 -0.353115 0.857552
vn -0.385381 -0.360798 0.849298
vn -0.385381 -0.360798 0.849298
vn -0.387745 -0.272867 0.880453
vn -0.387730 -0.273031 0.880409
vn -0.412000 -0.091706 0.906557
vn -0.387730 -0.273031 0.880409
vn -0.387745 -0.272867 0.880453
vn -0.387745 -0.272867 0.880453
vn -0.408780 -0.124205 0.904142
vn -0.412000 -0.091706 0.906557
vn -0.419888 0.055811 0.905858
vn -0.412000 -0.091706 0.906557
vn -0.408780 -0.124205 0.904142
vn -0.408780 -0.124205 0.904142
vn -0.420315 0.059299 0.905439
vn -0.419888 0.055811 0.905858
vn -0.453720 0.286677 0.843774
vn -0.419888 0.055811 0.905858
vn -0.420315 0.059299 0.905439
vn -0.420315 0.059299 0.905439
vn -0.442930 0.191089 0.875955
vn -0.453720 0.286677 0.843774
vn -0.478449 0.568606 0.669159
vn -0.453720 0.286677 0.843774
vn -0.442930 0.191089 0.875955
vn -0.442930 0.191089 0.875955
vn -0.473091 0.511299 0.717466
vn -0.478449 0.568606 0.669159
vn -0.496143 0.761445 0.417185
vn -0.478449 0.568606 0.669159
vn -0.473091 0.511299 0.717466
vn -0.473091 0.511299 0.717466
vn -0.493351 0.723176 0.483344
vn -0.496143 0.761445 0.417185
vn -0.489247 0.872111 0.007719
vn -0.496143 0.761445 0.417185
vn -0.493351 0.723176 0.483344
vn -0.493351 0.723176 0.483344
vn -0.493694 0.867013 0.067494
vn -0.489247 0.872111 0.007719
vn -0.430355 0.797984 -0.421919
vn -0.489247 0.872111 0.007719
vn -0.493694 0.867013 0.067494
vn -0.493694 0.867013 0.067494
vn -0.428770 0.794291 -0.430416
vn -0.430355 0.797984 -0.421919
vn -0.365438 0.580196 -0.727893
vn -0.430355 0.797984 -0.421919
vn -0.428770 0.794291 -0.430416
vn -0.428770 0.794291 -0.430416
vn -0.358932 0.546577 -0.756585
vn -0.365438 0.580196 -0.727893
vn -0.329738 0.417296 -0.846839
vn -0.365438 0.580196 -0.727893
vn -0.358932 0.546577 -0.756585
vn -0.358932 0.546577 -0.756585
vn -0.329741 0.417338 -0.846818
vn -0.329738 0.417296 -0.846839
vn -0.329765 0.430349 -0.840271
vn -0.329738 0.417296 -0.846839
vn -0.329741 0.417338 -0.846818
vn -0.329741 0.417338 -0.846818
vn -0.329754 0.434999 -0.837877
vn -0.329765 0.430349 -0.840271
vn -0.352416 0.359496 -0.864040
vn -0.329765 0.430349 -0.840271
vn -0.329754 0.434999 -0.837877
vn -0.329754 0.434999 -0.837877
vn -0.354983 0.313620 -0.880698
vn -0.352416 0.359496 -0.864040
vn -0.357387 0.226417 -0.906096
vn -0.352416 0.359496 -0.864040
vn -0.354983 0.313620 -0.880698
vn -0.354983 0.313620 -0.880698
vn -0.352654 0.225085 -0.908280
vn -0.357387 0.226417 -0.906096
vn 0.527110 -0.550524 -0.647363
vn 0.513558 -0.679393 -0.524103
vn 0.525952 -0.673841 -0.518953
vn 0.525952 -0.673841 -0.518953
vn 0.551196 -0.517520 -0.654489
vn 0.527110 -0.550524 -0.647363
vn 0.469330 -0.171464 -0.866215
vn 0.522162 -0.352979 -0.776371
vn 0.541765 -0.322027 -0.776395
vn 0.541765 -0.322027 -0.776395
vn 0.478754 -0.156337 -0.863917
vn 0.469330 -0.171464 -0.866215
vn 0.339417 -0.029016 -0.940188
vn 0.469330 -0.171464 -0.866215
vn 0.478754 -0.156337 -0.863917
vn 0.478754 -0.156337 -0.863917
vn 0.346177 -0.026467 -0.937796
vn 0.339417 -0.029016 -0.940188
vn 0.181488 0.050819 -0.982079
vn 0.339417 -0.029016 -0.940188
vn 0.346177 -0.026467 -0.937796
vn 0.346177 -0.026467 -0.937796
vn 0.187592 0.050419 -0.980952
vn 0.181488 0.050819 -0.982079
vn 0.000348 0.073556 -0.997291
vn 0.181488 0.050819 -0.982079
vn 0.187592 0.050419 -0.980952
vn 0.187592 0.050419 -0.980952
vn 0.000585 0.073544 -0.997292
vn 0.000348 0.073556 -0.997291
vn 0.522162 -0.352979 -0.776371
vn 0.527110 -0.550524 -0.647363
vn 0.551196 -0.517520 -0.654489
vn 0.551196 -0.517520 -0.654489
vn 0.541765 -0.322027 -0.776395
vn 0.522162 -0.352979 -0.776371
vn 0.513558 -0.679393 -0.524103
vn 0.522433 -0.715131 -0.464383
vn 0.523818 -0.714912 -0.463158
vn 0.523818 -0.714912 -0.463158
vn 0.525952 -0.673841 -0.518953
vn 0.513558 -0.679393 -0.524103
vn -0.528209 -0.682467 -0.505207
vn -0.550133 -0.530329 -0.645062
vn -0.529461 -0.546502 -0.648850
vn -0.529461 -0.546502 -0.648850
vn -0.514548 -0.698220 -0.497724
vn -0.528209 -0.682467 -0.505207
vn -0.538875 -0.323920 -0.777618
vn -0.474736 -0.153238 -0.866686
vn -0.466067 -0.166324 -0.868975
vn -0.466067 -0.166324 -0.868975
vn -0.523096 -0.345324 -0.779180
vn -0.538875 -0.323920 -0.777618
vn -0.474736 -0.153238 -0.866686
vn -0.339203 -0.022340 -0.940448
vn -0.339732 -0.029440 -0.940061
vn -0.339732 -0.029440 -0.940061
vn -0.466067 -0.166324 -0.868975
vn -0.474736 -0.153238 -0.866686
vn -0.339203 -0.022340 -0.940448
vn -0.181523 0.052169 -0.982002
vn -0.186555 0.049259 -0.981209
vn -0.186555 0.049259 -0.981209
vn -0.339732 -0.029440 -0.940061
vn -0.339203 -0.022340 -0.940448
vn -0.181523 0.052169 -0.982002
vn 0.000348 0.073556 -0.997291
vn 0.000585 0.073544 -0.997292
vn 0.000585 0.073544 -0.997292
vn -0.186555 0.049259 -0.981209
vn -0.181523 0.052169 -0.982002
vn -0.550133 -0.530329 -0.645062
vn -0.538875 -0.323920 -0.777618
vn -0.523096 -0.345324 -0.779180
vn -0.523096 -0.345324 -0.779180
vn -0.529461 -0.546502 -0.648850
vn -0.550133 -0.530329 -0.645062
vn -0.517405 -0.733414 -0.440903
vn -0.528209 -0.682467 -0.505207
vn -0.514548 -0.698220 -0.497724
vn -0.514548 -0.698220 -0.497724
vn -0.509909 -0.743110 -0.433336
vn -0.517405 -0.733414 -0.440903
vn -0.792643 0.609529 -0.013859
vn -0.687515 0.724150 -0.054125
vn -0.662994 0.747879 -0.033404
vn -0.662994 0.747879 -0.033404
vn -0.780375 0.625276 -0.006720
vn -0.792643 0.609529 -0.013859
vn -0.687515 0.724150 -0.054125
vn -0.533130 0.840680 -0.095030
vn -0.567254 0.819844 -0.077963
vn -0.567254 0.819844 -0.077963
vn -0.662994 0.747879 -0.033404
vn -0.687515 0.724150 -0.054125
vn -0.352940 0.930914 -0.093984
vn -0.439650 0.892917 -0.096993
vn -0.533130 0.840680 -0.095030
vn -0.533130 0.840680 -0.095030
vn -0.439650 0.892917 -0.096993
vn -0.477454 0.869137 -0.128988
vn 0.200288 0.975011 -0.096117
vn 0.354554 0.930367 -0.093317
vn 0.314654 0.945149 -0.087675
vn 0.314654 0.945149 -0.087675
vn 0.195335 0.979196 -0.054952
vn 0.200288 0.975011 -0.096117
vn 0.533077 0.840734 -0.094842
vn 0.477799 0.868972 -0.128825
vn 0.439488 0.892989 -0.097060
vn 0.439488 0.892989 -0.097060
vn 0.354554 0.930367 -0.093317
vn 0.533077 0.840734 -0.094842
vn 0.567917 0.819468 -0.077085
vn 0.477799 0.868972 -0.128825
vn 0.533077 0.840734 -0.094842
vn 0.685574 0.726598 -0.045203
vn 0.645776 0.762602 -0.037575
vn 0.567917 0.819468 -0.077085
vn 0.567917 0.819468 -0.077085
vn 0.533077 0.840734 -0.094842
vn 0.685574 0.726598 -0.045203
vn 0.869824 0.490666 0.051512
vn 0.804239 0.592536 0.045834
vn 0.783047 0.621752 -0.016173
vn 0.783047 0.621752 -0.016173
vn 0.800369 0.599426 -0.009895
vn 0.869824 0.490666 0.051512
vn 0.439488 0.892989 -0.097060
vn 0.314654 0.945149 -0.087675
vn 0.354554 0.930367 -0.093317
vn -0.922016 -0.237897 0.305437
vn -0.939713 -0.126605 0.317666
vn -0.924804 -0.218640 0.311343
vn -0.924804 -0.218640 0.311343
vn -0.908970 -0.295058 0.294473
vn -0.922016 -0.237897 0.305437
vn -0.922016 -0.237897 0.305437
vn -0.945577 -0.144854 0.291379
vn -0.939713 -0.126605 0.317666
vn 0.923214 -0.236833 0.302633
vn 0.942964 -0.150934 0.296712
vn 0.964383 -0.060263 0.257552
vn 0.964383 -0.060263 0.257552
vn 0.937638 -0.219263 0.269738
vn 0.923214 -0.236833 0.302633
vn -0.034087 -0.845501 -0.532885
vn -0.007124 -0.878843 -0.477058
vn -0.000064 -0.806718 -0.590936
vn -0.144903 -0.756748 -0.637444
vn -0.090467 -0.795547 -0.599100
vn -0.000064 -0.806718 -0.590936
vn -0.169375 -0.741758 -0.648928
vn -0.144903 -0.756748 -0.637444
vn -0.000064 -0.806718 -0.590936
vn -0.131091 -0.751789 -0.646242
vn -0.169375 -0.741758 -0.648928
vn -0.000064 -0.806718 -0.590936
vn 0.000132 -0.763084 -0.646300
vn -0.131091 -0.751789 -0.646242
vn -0.000064 -0.806718 -0.590936
vn -0.090467 -0.795547 -0.599100
vn -0.034087 -0.845501 -0.532885
vn -0.000064 -0.806718 -0.590936
vn -0.007124 -0.878843 -0.477058
vn 0.000000 -0.893198 -0.449663
vn -0.000064 -0.806718 -0.590936
vn 0.007145 -0.878733 -0.477261
vn 0.033922 -0.845507 -0.532886
vn -0.000064 -0.806718 -0.590936
vn 0.090099 -0.795487 -0.599235
vn 0.144433 -0.756562 -0.637772
vn -0.000064 -0.806718 -0.590936
vn 0.144433 -0.756562 -0.637772
vn 0.169019 -0.741435 -0.649390
vn -0.000064 -0.806718 -0.590936
vn 0.169019 -0.741435 -0.649390
vn 0.131025 -0.751469 -0.646627
vn -0.000064 -0.806718 -0.590936
vn 0.131025 -0.751469 -0.646627
vn 0.000132 -0.763084 -0.646300
vn -0.000064 -0.806718 -0.590936
vn 0.033922 -0.845507 -0.532886
vn 0.090099 -0.795487 -0.599235
vn -0.000064 -0.806718 -0.590936
vn 0.000000 -0.893199 -0.449662
vn 0.007145 -0.878733 -0.477261
vn -0.000064 -0.806718 -0.590936
vn -0.893891 0.438135 0.094851
vn -0.878151 0.472484 0.074900
vn -0.922510 0.361203 0.136043
vn -0.922510 0.361203 0.136043
vn -0.935878 0.307453 0.172060
vn -0.893891 0.438135 0.094851
vn -0.893891 0.438135 0.094851
vn -0.784671 0.619309 -0.027339
vn -0.740053 0.669781 -0.060947
vn -0.740053 0.669781 -0.060947
vn -0.878151 0.472484 0.074900
vn -0.893891 0.438135 0.094851
vn -0.032802 0.847717 -0.529433
vn -0.056443 0.848229 -0.526614
vn -0.042581 0.856668 -0.514108
vn -0.042581 0.856668 -0.514108
vn -0.025132 0.853392 -0.520663
vn -0.032802 0.847717 -0.529433
vn -0.080038 0.718905 -0.690485
vn -0.001992 0.716496 -0.697588
vn 0.000909 0.450477 -0.892787
vn 0.000909 0.450477 -0.892787
vn -0.112692 0.468106 -0.876457
vn -0.080038 0.718905 -0.690485
vn -0.060664 0.876671 -0.477250
vn -0.066476 0.880063 -0.470180
vn 0.000000 0.879997 -0.474978
vn 0.000000 0.879997 -0.474978
vn -0.044825 0.869893 -0.491199
vn -0.060664 0.876671 -0.477250
vn -0.042581 0.856668 -0.514108
vn -0.056443 0.848229 -0.526614
vn -0.078033 0.849435 -0.521892
vn -0.078033 0.849435 -0.521892
vn -0.065853 0.853480 -0.516948
vn -0.042581 0.856668 -0.514108
vn -0.784671 0.619309 -0.027339
vn -0.535014 0.811533 -0.234894
vn -0.462559 0.831336 -0.308090
vn -0.462559 0.831336 -0.308090
vn -0.740053 0.669781 -0.060947
vn -0.784671 0.619309 -0.027339
vn -0.535014 0.811533 -0.234894
vn -0.270893 0.880321 -0.389425
vn -0.265266 0.869641 -0.416364
vn -0.265266 0.869641 -0.416364
vn -0.462559 0.831336 -0.308090
vn -0.535014 0.811533 -0.234894
vn -0.217378 0.794466 -0.567072
vn -0.355221 0.640003 -0.681333
vn -0.390457 0.706462 -0.590300
vn -0.390457 0.706462 -0.590300
vn -0.231020 0.827398 -0.511901
vn -0.217378 0.794466 -0.567072
vn -0.173678 0.743921 -0.645304
vn -0.131836 0.729193 -0.671488
vn -0.211271 0.495851 -0.842316
vn -0.211271 0.495851 -0.842316
vn -0.280804 0.528468 -0.801168
vn -0.173678 0.743921 -0.645304
vn -0.217378 0.794466 -0.567072
vn -0.206364 0.765483 -0.609467
vn -0.328076 0.580906 -0.744926
vn -0.328076 0.580906 -0.744926
vn -0.355221 0.640003 -0.681333
vn -0.217378 0.794466 -0.567072
vn -0.131836 0.729193 -0.671488
vn -0.080038 0.718905 -0.690485
vn -0.112692 0.468106 -0.876457
vn -0.112692 0.468106 -0.876457
vn -0.211271 0.495851 -0.842316
vn -0.131836 0.729193 -0.671488
vn -0.100186 0.854869 -0.509080
vn -0.078033 0.849435 -0.521892
vn -0.173678 0.743921 -0.645304
vn -0.173678 0.743921 -0.645304
vn -0.206364 0.765483 -0.609467
vn -0.100186 0.854869 -0.509080
vn -0.893891 0.438135 0.094851
vn -0.935878 0.307453 0.172060
vn -0.939512 0.299187 0.166749
vn -0.939512 0.299187 0.166749
vn -0.893294 0.437911 0.101293
vn -0.893891 0.438135 0.094851
vn -0.807979 0.589200 -0.003536
vn -0.585935 0.786609 -0.194748
vn -0.535014 0.811533 -0.234894
vn -0.535014 0.811533 -0.234894
vn -0.784671 0.619309 -0.027339
vn -0.807979 0.589200 -0.003536
vn -0.807979 0.589200 -0.003536
vn -0.784671 0.619309 -0.027339
vn -0.893891 0.438135 0.094851
vn -0.893891 0.438135 0.094851
vn -0.893294 0.437911 0.101293
vn -0.807979 0.589200 -0.003536
vn -0.000436 0.883657 -0.468135
vn -0.080348 0.880742 -0.466731
vn -0.080691 0.880519 -0.467092
vn -0.080691 0.880519 -0.467092
vn 0.000000 0.882319 -0.470652
vn -0.000436 0.883657 -0.468135
vn -0.199290 0.879664 -0.431827
vn -0.252173 0.882815 -0.396292
vn -0.285469 0.881603 -0.375877
vn -0.285469 0.881603 -0.375877
vn -0.229005 0.882626 -0.410523
vn -0.199290 0.879664 -0.431827
vn -0.807979 0.589200 -0.003536
vn -0.780822 0.621781 -0.060873
vn -0.584078 0.788750 -0.191642
vn -0.584078 0.788750 -0.191642
vn -0.585935 0.786609 -0.194748
vn -0.807979 0.589200 -0.003536
vn 0.000000 0.880640 -0.473786
vn -0.067512 0.879625 -0.470852
vn -0.068888 0.880990 -0.468093
vn -0.068888 0.880990 -0.468093
vn -0.000977 0.879984 -0.475003
vn 0.000000 0.880640 -0.473786
vn -0.229005 0.882626 -0.410523
vn -0.166174 0.879063 -0.446804
vn -0.150974 0.872111 -0.465435
vn -0.150974 0.872111 -0.465435
vn -0.199290 0.879664 -0.431827
vn -0.229005 0.882626 -0.410523
vn 0.000000 0.879997 -0.474978
vn -0.066476 0.880063 -0.470180
vn -0.067512 0.879625 -0.470852
vn -0.067512 0.879625 -0.470852
vn 0.000000 0.880640 -0.473786
vn 0.000000 0.879997 -0.474978
vn -0.121030 0.859105 -0.497282
vn -0.141817 0.866052 -0.479419
vn -0.110856 0.872113 -0.476582
vn -0.110856 0.872113 -0.476582
vn -0.102094 0.859410 -0.500991
vn -0.121030 0.859105 -0.497282
vn -0.023046 0.866308 -0.498979
vn -0.044825 0.869893 -0.491199
vn 0.000000 0.879997 -0.474978
vn 0.000000 0.879997 -0.474978
vn 0.000000 0.865385 -0.501108
vn -0.023046 0.866308 -0.498979
vn -0.389795 0.901515 -0.187967
vn -0.419834 0.887770 -0.188687
vn -0.441506 0.881476 -0.167551
vn -0.441506 0.881476 -0.167551
vn -0.359703 0.911763 -0.198248
vn -0.389795 0.901515 -0.187967
vn -0.256070 0.949874 -0.179352
vn -0.389795 0.901515 -0.187967
vn -0.359703 0.911763 -0.198248
vn -0.359703 0.911763 -0.198248
vn -0.258528 0.944140 -0.204358
vn -0.256070 0.949874 -0.179352
vn -0.000148 0.943342 -0.331822
vn 0.000000 0.882319 -0.470652
vn -0.080691 0.880519 -0.467092
vn -0.080691 0.880519 -0.467092
vn -0.012051 0.941548 -0.336663
vn -0.000148 0.943342 -0.331822
vn -0.080691 0.880519 -0.467092
vn -0.166174 0.879063 -0.446804
vn -0.034636 0.936666 -0.348508
vn -0.034636 0.936666 -0.348508
vn -0.012051 0.941548 -0.336663
vn -0.080691 0.880519 -0.467092
vn -0.229005 0.882626 -0.410523
vn -0.285469 0.881603 -0.375877
vn -0.341740 0.875669 -0.341201
vn -0.341740 0.875669 -0.341201
vn -0.303484 0.871601 -0.384980
vn -0.229005 0.882626 -0.410523
vn -0.106422 0.971407 -0.212232
vn -0.004006 0.973090 -0.230391
vn -0.006986 0.927825 -0.372950
vn -0.006986 0.927825 -0.372950
vn -0.028991 0.943429 -0.330306
vn -0.106422 0.971407 -0.212232
vn -0.256070 0.949874 -0.179352
vn -0.106422 0.971407 -0.212232
vn -0.028991 0.943429 -0.330306
vn -0.028991 0.943429 -0.330306
vn -0.074503 0.950505 -0.301646
vn -0.256070 0.949874 -0.179352
vn -0.004006 0.973090 -0.230391
vn -0.106422 0.971407 -0.212232
vn -0.118086 0.966926 -0.226077
vn -0.118086 0.966926 -0.226077
vn 0.000000 0.966197 -0.257803
vn -0.004006 0.973090 -0.230391
vn -0.118086 0.966926 -0.226077
vn -0.106422 0.971407 -0.212232
vn -0.256070 0.949874 -0.179352
vn -0.256070 0.949874 -0.179352
vn -0.258528 0.944140 -0.204358
vn -0.118086 0.966926 -0.226077
vn -0.141932 0.938889 -0.313597
vn -0.389795 0.901515 -0.187967
vn -0.256070 0.949874 -0.179352
vn -0.256070 0.949874 -0.179352
vn -0.074503 0.950505 -0.301646
vn -0.141932 0.938889 -0.313597
vn -0.389795 0.901515 -0.187967
vn -0.141932 0.938889 -0.313597
vn -0.124390 0.936743 -0.327169
vn -0.124390 0.936743 -0.327169
vn -0.382641 0.879971 -0.281491
vn -0.389795 0.901515 -0.187967
vn -0.382641 0.879971 -0.281491
vn -0.391603 0.879390 -0.270779
vn -0.419834 0.887770 -0.188687
vn -0.419834 0.887770 -0.188687
vn -0.389795 0.901515 -0.187967
vn -0.382641 0.879971 -0.281491
vn -0.600681 0.788192 -0.133923
vn -0.737178 0.673963 -0.048393
vn -0.559400 0.824210 -0.088028
vn -0.559400 0.824210 -0.088028
vn -0.656519 0.751271 -0.067642
vn -0.600681 0.788192 -0.133923
vn -0.303484 0.871601 -0.384980
vn -0.382641 0.879971 -0.281491
vn -0.124390 0.936743 -0.327169
vn -0.124390 0.936743 -0.327169
vn -0.071174 0.930872 -0.358345
vn -0.303484 0.871601 -0.384980
vn -0.303484 0.871601 -0.384980
vn -0.341740 0.875669 -0.341201
vn -0.391603 0.879390 -0.270779
vn -0.391603 0.879390 -0.270779
vn -0.382641 0.879971 -0.281491
vn -0.303484 0.871601 -0.384980
vn -0.751034 0.658309 -0.050768
vn -0.737178 0.673963 -0.048393
vn -0.600681 0.788192 -0.133923
vn -0.600681 0.788192 -0.133923
vn -0.591559 0.787729 -0.171873
vn -0.751034 0.658309 -0.050768
vn -0.124390 0.936743 -0.327169
vn 0.212885 0.914450 -0.344183
vn 0.194204 0.944554 -0.264768
vn 0.194204 0.944554 -0.264768
vn -0.071174 0.930872 -0.358345
vn -0.124390 0.936743 -0.327169
vn -0.034636 0.936666 -0.348508
vn 0.146227 0.970165 -0.193387
vn 0.078104 0.986279 -0.145445
vn 0.078104 0.986279 -0.145445
vn -0.012051 0.941548 -0.336663
vn -0.034636 0.936666 -0.348508
vn -0.071174 0.930872 -0.358345
vn 0.194204 0.944554 -0.264768
vn 0.146227 0.970165 -0.193387
vn 0.146227 0.970165 -0.193387
vn -0.034636 0.936666 -0.348508
vn -0.071174 0.930872 -0.358345
vn -0.012051 0.941548 -0.336663
vn 0.078104 0.986279 -0.145445
vn -0.000511 0.991726 -0.128370
vn -0.000511 0.991726 -0.128370
vn -0.000148 0.943342 -0.331822
vn -0.012051 0.941548 -0.336663
vn 0.000000 0.849323 -0.527874
vn -0.001992 0.716496 -0.697588
vn -0.080038 0.718905 -0.690485
vn -0.080038 0.718905 -0.690485
vn -0.032802 0.847717 -0.529433
vn 0.000000 0.849323 -0.527874
vn -0.347880 0.771986 -0.531994
vn -0.213269 0.854777 -0.473152
vn -0.231020 0.827398 -0.511901
vn -0.231020 0.827398 -0.511901
vn -0.390457 0.706462 -0.590300
vn -0.347880 0.771986 -0.531994
vn -0.217378 0.794466 -0.567072
vn -0.231020 0.827398 -0.511901
vn -0.141817 0.866052 -0.479419
vn -0.141817 0.866052 -0.479419
vn -0.121030 0.859105 -0.497282
vn -0.217378 0.794466 -0.567072
vn -0.056443 0.848229 -0.526614
vn -0.131836 0.729193 -0.671488
vn -0.173678 0.743921 -0.645304
vn -0.173678 0.743921 -0.645304
vn -0.078033 0.849435 -0.521892
vn -0.056443 0.848229 -0.526614
vn -0.206364 0.765483 -0.609467
vn -0.217378 0.794466 -0.567072
vn -0.121030 0.859105 -0.497282
vn -0.121030 0.859105 -0.497282
vn -0.100186 0.854869 -0.509080
vn -0.206364 0.765483 -0.609467
vn -0.032802 0.847717 -0.529433
vn -0.080038 0.718905 -0.690485
vn -0.131836 0.729193 -0.671488
vn -0.131836 0.729193 -0.671488
vn -0.056443 0.848229 -0.526614
vn -0.032802 0.847717 -0.529433
vn -0.206364 0.765483 -0.609467
vn -0.173678 0.743921 -0.645304
vn -0.280804 0.528468 -0.801168
vn -0.280804 0.528468 -0.801168
vn -0.328076 0.580906 -0.744926
vn -0.206364 0.765483 -0.609467
vn -0.304406 0.880363 -0.363729
vn -0.252173 0.882815 -0.396292
vn -0.205527 0.884882 -0.418022
vn -0.205527 0.884882 -0.418022
vn -0.270893 0.880321 -0.389425
vn -0.304406 0.880363 -0.363729
vn -0.337024 0.878740 -0.337981
vn -0.285469 0.881603 -0.375877
vn -0.252173 0.882815 -0.396292
vn -0.252173 0.882815 -0.396292
vn -0.304406 0.880363 -0.363729
vn -0.337024 0.878740 -0.337981
vn -0.419834 0.887770 -0.188687
vn -0.457412 0.874068 -0.163646
vn -0.483905 0.863999 -0.139073
vn -0.483905 0.863999 -0.139073
vn -0.441506 0.881476 -0.167551
vn -0.419834 0.887770 -0.188687
vn -0.381738 0.871876 -0.306769
vn -0.341740 0.875669 -0.341201
vn -0.285469 0.881603 -0.375877
vn -0.285469 0.881603 -0.375877
vn -0.337024 0.878740 -0.337981
vn -0.381738 0.871876 -0.306769
vn -0.457412 0.874068 -0.163646
vn -0.419834 0.887770 -0.188687
vn -0.391603 0.879390 -0.270779
vn -0.391603 0.879390 -0.270779
vn -0.422681 0.872987 -0.243383
vn -0.457412 0.874068 -0.163646
vn -0.422681 0.872987 -0.243383
vn -0.391603 0.879390 -0.270779
vn -0.341740 0.875669 -0.341201
vn -0.341740 0.875669 -0.341201
vn -0.381738 0.871876 -0.306769
vn -0.422681 0.872987 -0.243383
vn -0.080348 0.880742 -0.466731
vn -0.150974 0.872111 -0.465435
vn -0.166174 0.879063 -0.446804
vn -0.166174 0.879063 -0.446804
vn -0.080691 0.880519 -0.467092
vn -0.080348 0.880742 -0.466731
vn -0.071174 0.930872 -0.358345
vn -0.034636 0.936666 -0.348508
vn -0.166174 0.879063 -0.446804
vn -0.303484 0.871601 -0.384980
vn -0.071174 0.930872 -0.358345
vn -0.166174 0.879063 -0.446804
vn -0.303484 0.871601 -0.384980
vn -0.166174 0.879063 -0.446804
vn -0.229005 0.882626 -0.410523
vn -0.591559 0.787729 -0.171873
vn -0.584078 0.788750 -0.191642
vn -0.780822 0.621781 -0.060873
vn -0.751034 0.658309 -0.050768
vn -0.591559 0.787729 -0.171873
vn -0.780822 0.621781 -0.060873
vn -0.751034 0.658309 -0.050768
vn -0.780822 0.621781 -0.060873
vn -0.781910 0.618849 -0.075125
vn -0.025132 0.853392 -0.520663
vn -0.042581 0.856668 -0.514108
vn -0.023046 0.866308 -0.498979
vn -0.025132 0.853392 -0.520663
vn -0.023046 0.866308 -0.498979
vn 0.000000 0.865385 -0.501108
vn 0.000000 0.856290 -0.516495
vn -0.025132 0.853392 -0.520663
vn 0.000000 0.865385 -0.501108
vn -0.065853 0.853480 -0.516948
vn -0.080005 0.862058 -0.500454
vn -0.044825 0.869893 -0.491199
vn -0.065853 0.853480 -0.516948
vn -0.044825 0.869893 -0.491199
vn -0.023046 0.866308 -0.498979
vn -0.042581 0.856668 -0.514108
vn -0.065853 0.853480 -0.516948
vn -0.023046 0.866308 -0.498979
vn -0.102094 0.859410 -0.500991
vn -0.110856 0.872113 -0.476582
vn -0.060664 0.876671 -0.477250
vn -0.102094 0.859410 -0.500991
vn -0.060664 0.876671 -0.477250
vn -0.044825 0.869893 -0.491199
vn -0.080005 0.862058 -0.500454
vn -0.102094 0.859410 -0.500991
vn -0.044825 0.869893 -0.491199
vn 0.000000 0.849323 -0.527874
vn -0.032802 0.847717 -0.529433
vn -0.025132 0.853392 -0.520663
vn -0.025132 0.853392 -0.520663
vn 0.000000 0.856290 -0.516495
vn 0.000000 0.849323 -0.527874
vn -0.080005 0.862058 -0.500454
vn -0.065853 0.853480 -0.516948
vn -0.078033 0.849435 -0.521892
vn -0.078033 0.849435 -0.521892
vn -0.100186 0.854869 -0.509080
vn -0.080005 0.862058 -0.500454
vn -0.121030 0.859105 -0.497282
vn -0.102094 0.859410 -0.500991
vn -0.080005 0.862058 -0.500454
vn -0.080005 0.862058 -0.500454
vn -0.100186 0.854869 -0.509080
vn -0.121030 0.859105 -0.497282
vn 0.894191 0.435457 0.103925
vn 0.935878 0.307453 0.172060
vn 0.922510 0.361203 0.136043
vn 0.922510 0.361203 0.136043
vn 0.882238 0.465763 0.068711
vn 0.894191 0.435457 0.103925
vn 0.781800 0.623054 -0.024349
vn 0.894191 0.435457 0.103925
vn 0.882238 0.465763 0.068711
vn 0.882238 0.465763 0.068711
vn 0.732067 0.675781 -0.086013
vn 0.781800 0.623054 -0.024349
vn -0.000977 0.879984 -0.475003
vn -0.004866 0.880256 -0.474475
vn 0.072300 0.880016 -0.469409
vn 0.072300 0.880016 -0.469409
vn 0.067313 0.878903 -0.472228
vn -0.000977 0.879984 -0.475003
vn 0.032802 0.847717 -0.529433
vn 0.025132 0.853392 -0.520663
vn 0.042581 0.856668 -0.514108
vn 0.042581 0.856668 -0.514108
vn 0.056444 0.848229 -0.526613
vn 0.032802 0.847717 -0.529433
vn -0.001992 0.716496 -0.697588
vn 0.077274 0.722305 -0.687244
vn 0.110272 0.462275 -0.879853
vn 0.110272 0.462275 -0.879853
vn 0.000909 0.450477 -0.892787
vn -0.001992 0.716496 -0.697588
vn 0.000000 0.879997 -0.474978
vn 0.060736 0.880522 -0.470098
vn 0.058322 0.876217 -0.478376
vn 0.058322 0.876217 -0.478376
vn 0.044825 0.869893 -0.491199
vn 0.000000 0.879997 -0.474978
vn 0.042581 0.856668 -0.514108
vn 0.065854 0.853480 -0.516948
vn 0.078033 0.849435 -0.521892
vn 0.078033 0.849435 -0.521892
vn 0.056444 0.848229 -0.526613
vn 0.042581 0.856668 -0.514108
vn 0.781800 0.623054 -0.024349
vn 0.732067 0.675781 -0.086013
vn 0.457026 0.831585 -0.315585
vn 0.457026 0.831585 -0.315585
vn 0.535014 0.811533 -0.234894
vn 0.781800 0.623054 -0.024349
vn 0.535014 0.811533 -0.234894
vn 0.457026 0.831585 -0.315585
vn 0.269113 0.869148 -0.414922
vn 0.269113 0.869148 -0.414922
vn 0.270893 0.880321 -0.389425
vn 0.535014 0.811533 -0.234894
vn 0.204378 0.870730 -0.447279
vn 0.205843 0.877527 -0.433099
vn 0.269113 0.869148 -0.414922
vn 0.269113 0.869148 -0.414922
vn 0.279642 0.855504 -0.435791
vn 0.204378 0.870730 -0.447279
vn 0.140981 0.863693 -0.483900
vn 0.156262 0.863390 -0.479728
vn 0.208238 0.855131 -0.474751
vn 0.208238 0.855131 -0.474751
vn 0.225933 0.827262 -0.514386
vn 0.140981 0.863693 -0.483900
vn 0.217378 0.794466 -0.567072
vn 0.225933 0.827262 -0.514386
vn 0.374063 0.697461 -0.611248
vn 0.374063 0.697461 -0.611248
vn 0.364731 0.644601 -0.671908
vn 0.217378 0.794466 -0.567072
vn 0.208347 0.860704 -0.464521
vn 0.208238 0.855131 -0.474751
vn 0.156262 0.863390 -0.479728
vn 0.156262 0.863390 -0.479728
vn 0.155784 0.873919 -0.460432
vn 0.208347 0.860704 -0.464521
vn 0.129973 0.733342 -0.667321
vn 0.175094 0.746365 -0.642092
vn 0.285352 0.529806 -0.798674
vn 0.285352 0.529806 -0.798674
vn 0.209622 0.493352 -0.844193
vn 0.129973 0.733342 -0.667321
vn 0.217378 0.794466 -0.567072
vn 0.364731 0.644601 -0.671908
vn 0.320124 0.583214 -0.746580
vn 0.320124 0.583214 -0.746580
vn 0.206364 0.765483 -0.609467
vn 0.217378 0.794466 -0.567072
vn 0.077274 0.722305 -0.687244
vn 0.129973 0.733342 -0.667321
vn 0.209622 0.493352 -0.844193
vn 0.209622 0.493352 -0.844193
vn 0.110272 0.462275 -0.879853
vn 0.077274 0.722305 -0.687244
vn 0.100186 0.854869 -0.509080
vn 0.206364 0.765483 -0.609467
vn 0.175094 0.746365 -0.642092
vn 0.175094 0.746365 -0.642092
vn 0.078033 0.849435 -0.521892
vn 0.100186 0.854869 -0.509080
vn 0.891553 0.442039 0.098663
vn 0.872302 0.487385 0.039306
vn 0.939864 0.298571 0.165866
vn 0.939864 0.298571 0.165866
vn 0.938511 0.302335 0.166702
vn 0.891553 0.442039 0.098663
vn 0.176945 0.880415 -0.439955
vn 0.201713 0.883056 -0.423702
vn 0.252375 0.883089 -0.395551
vn 0.252375 0.883089 -0.395551
vn 0.223577 0.881440 -0.416025
vn 0.176945 0.880415 -0.439955
vn 0.807565 0.589765 -0.003943
vn 0.781800 0.623054 -0.024349
vn 0.535014 0.811533 -0.234894
vn 0.535014 0.811533 -0.234894
vn 0.585935 0.786609 -0.194747
vn 0.807565 0.589765 -0.003943
vn 0.872302 0.487385 0.039306
vn 0.891553 0.442039 0.098663
vn 0.807565 0.589765 -0.003943
vn 0.807565 0.589765 -0.003943
vn 0.778146 0.626490 -0.044714
vn 0.872302 0.487385 0.039306
vn -0.000436 0.883657 -0.468135
vn 0.000000 0.882319 -0.470652
vn 0.081173 0.880858 -0.466370
vn 0.081173 0.880858 -0.466370
vn 0.077854 0.883196 -0.462497
vn -0.000436 0.883657 -0.468135
vn 0.201713 0.883056 -0.423702
vn 0.229005 0.882626 -0.410522
vn 0.285469 0.881603 -0.375877
vn 0.285469 0.881603 -0.375877
vn 0.252375 0.883089 -0.395551
vn 0.201713 0.883056 -0.423702
vn 0.807565 0.589765 -0.003943
vn 0.585935 0.786609 -0.194747
vn 0.584064 0.788758 -0.191650
vn 0.584064 0.788758 -0.191650
vn 0.778146 0.626490 -0.044714
vn 0.807565 0.589765 -0.003943
vn 0.113769 0.878408 -0.464172
vn 0.116944 0.878798 -0.462643
vn 0.154401 0.876825 -0.455345
vn 0.154401 0.876825 -0.455345
vn 0.155784 0.873919 -0.460432
vn 0.113769 0.878408 -0.464172
vn 0.133082 0.879367 -0.457169
vn 0.147301 0.882505 -0.446640
vn 0.201713 0.883056 -0.423702
vn 0.201713 0.883056 -0.423702
vn 0.176945 0.880415 -0.439955
vn 0.133082 0.879367 -0.457169
vn 0.000000 0.880640 -0.473786
vn -0.000977 0.879984 -0.475003
vn 0.067313 0.878903 -0.472228
vn 0.067313 0.878903 -0.472228
vn 0.063468 0.880213 -0.470316
vn 0.000000 0.880640 -0.473786
vn 0.208347 0.860704 -0.464521
vn 0.204378 0.870730 -0.447279
vn 0.279642 0.855504 -0.435791
vn 0.279642 0.855504 -0.435791
vn 0.298478 0.829950 -0.471268
vn 0.208347 0.860704 -0.464521
vn 0.133082 0.879367 -0.457169
vn 0.122089 0.878122 -0.462597
vn 0.067313 0.878903 -0.472228
vn 0.067313 0.878903 -0.472228
vn 0.072300 0.880016 -0.469409
vn 0.133082 0.879367 -0.457169
vn 0.229005 0.882626 -0.410522
vn 0.201713 0.883056 -0.423702
vn 0.147301 0.882505 -0.446640
vn 0.147301 0.882505 -0.446640
vn 0.165609 0.879905 -0.445356
vn 0.229005 0.882626 -0.410522
vn 0.000000 0.879997 -0.474978
vn 0.000000 0.880640 -0.473786
vn 0.063468 0.880213 -0.470316
vn 0.063468 0.880213 -0.470316
vn 0.060736 0.880522 -0.470098
vn 0.000000 0.879997 -0.474978
vn -0.004866 0.880256 -0.474475
vn -0.000436 0.883657 -0.468135
vn 0.077854 0.883196 -0.462497
vn 0.077854 0.883196 -0.462497
vn 0.072300 0.880016 -0.469409
vn -0.004866 0.880256 -0.474475
vn 0.122089 0.878122 -0.462597
vn 0.116944 0.878798 -0.462643
vn 0.063468 0.880213 -0.470316
vn 0.063468 0.880213 -0.470316
vn 0.067313 0.878903 -0.472228
vn 0.122089 0.878122 -0.462597
vn 0.121030 0.859105 -0.497283
vn 0.102094 0.859410 -0.500991
vn 0.104413 0.867887 -0.485665
vn 0.104413 0.867887 -0.485665
vn 0.140981 0.863693 -0.483900
vn 0.121030 0.859105 -0.497283
vn 0.000000 0.879997 -0.474978
vn 0.044825 0.869893 -0.491199
vn 0.023046 0.866308 -0.498979
vn 0.023046 0.866308 -0.498979
vn 0.000000 0.865385 -0.501108
vn 0.000000 0.879997 -0.474978
vn 0.060736 0.880522 -0.470098
vn 0.113769 0.878408 -0.464172
vn 0.123950 0.870173 -0.476902
vn 0.123950 0.870173 -0.476902
vn 0.104413 0.867887 -0.485665
vn 0.058322 0.876217 -0.478376
vn 0.060736 0.880522 -0.470098
vn 0.123950 0.870173 -0.476902
vn 0.058322 0.876217 -0.478376
vn 0.421493 0.886469 -0.191094
vn 0.385055 0.902306 -0.193847
vn 0.368070 0.911076 -0.185648
vn 0.368070 0.911076 -0.185648
vn 0.457903 0.875817 -0.152545
vn 0.421493 0.886469 -0.191094
vn 0.385055 0.902306 -0.193847
vn 0.259578 0.949710 -0.175129
vn 0.244863 0.947441 -0.205905
vn 0.244863 0.947441 -0.205905
vn 0.368070 0.911076 -0.185648
vn 0.385055 0.902306 -0.193847
vn 0.081173 0.880858 -0.466370
vn 0.000000 0.882319 -0.470652
vn -0.000148 0.943342 -0.331822
vn -0.000148 0.943342 -0.331822
vn 0.013876 0.941000 -0.338123
vn 0.081173 0.880858 -0.466370
vn 0.165609 0.879905 -0.445356
vn 0.081173 0.880858 -0.466370
vn 0.013876 0.941000 -0.338123
vn 0.013876 0.941000 -0.338123
vn 0.051680 0.934943 -0.351013
vn 0.165609 0.879905 -0.445356
vn 0.229005 0.882626 -0.410522
vn 0.297982 0.872649 -0.386899
vn 0.341740 0.875669 -0.341201
vn 0.341740 0.875669 -0.341201
vn 0.285469 0.881603 -0.375877
vn 0.229005 0.882626 -0.410522
vn -0.004006 0.973090 -0.230391
vn 0.118195 0.973285 -0.196839
vn 0.015314 0.939380 -0.342537
vn 0.015314 0.939380 -0.342537
vn -0.006986 0.927825 -0.372950
vn -0.004006 0.973090 -0.230391
vn 0.118195 0.973285 -0.196839
vn 0.259578 0.949710 -0.175129
vn 0.077733 0.947607 -0.309837
vn 0.077733 0.947607 -0.309837
vn 0.015314 0.939380 -0.342537
vn 0.118195 0.973285 -0.196839
vn -0.004006 0.973090 -0.230391
vn 0.000000 0.966197 -0.257803
vn 0.123296 0.964408 -0.233914
vn 0.123296 0.964408 -0.233914
vn 0.118195 0.973285 -0.196839
vn -0.004006 0.973090 -0.230391
vn 0.118195 0.973285 -0.196839
vn 0.123296 0.964408 -0.233914
vn 0.244863 0.947441 -0.205905
vn 0.244863 0.947441 -0.205905
vn 0.259578 0.949710 -0.175129
vn 0.118195 0.973285 -0.196839
vn 0.259578 0.949710 -0.175129
vn 0.385055 0.902306 -0.193847
vn 0.141936 0.938892 -0.313585
vn 0.141936 0.938892 -0.313585
vn 0.077733 0.947607 -0.309837
vn 0.259578 0.949710 -0.175129
vn 0.385055 0.902306 -0.193847
vn 0.382641 0.879971 -0.281491
vn 0.124417 0.936743 -0.327158
vn 0.124417 0.936743 -0.327158
vn 0.141936 0.938892 -0.313585
vn 0.385055 0.902306 -0.193847
vn 0.382641 0.879971 -0.281491
vn 0.385055 0.902306 -0.193847
vn 0.421493 0.886469 -0.191094
vn 0.421493 0.886469 -0.191094
vn 0.391603 0.879390 -0.270779
vn 0.382641 0.879971 -0.281491
vn 0.589853 0.805556 -0.056149
vn 0.737178 0.673963 -0.048393
vn 0.598099 0.788987 -0.140630
vn 0.598099 0.788987 -0.140630
vn 0.659490 0.748274 -0.071823
vn 0.589853 0.805556 -0.056149
vn 0.297982 0.872649 -0.386899
vn 0.072745 0.927913 -0.365630
vn 0.124417 0.936743 -0.327158
vn 0.124417 0.936743 -0.327158
vn 0.382641 0.879971 -0.281491
vn 0.297982 0.872649 -0.386899
vn 0.297982 0.872649 -0.386899
vn 0.382641 0.879971 -0.281491
vn 0.391603 0.879390 -0.270779
vn 0.391603 0.879390 -0.270779
vn 0.341740 0.875669 -0.341201
vn 0.297982 0.872649 -0.386899
vn 0.751068 0.658254 -0.050980
vn 0.589586 0.789551 -0.170285
vn 0.598099 0.788987 -0.140630
vn 0.598099 0.788987 -0.140630
vn 0.737178 0.673963 -0.048393
vn 0.751068 0.658254 -0.050980
vn 0.072745 0.927913 -0.365630
vn -0.194420 0.944752 -0.263903
vn -0.212940 0.914448 -0.344153
vn -0.212940 0.914448 -0.344153
vn 0.124417 0.936743 -0.327158
vn 0.072745 0.927913 -0.365630
vn 0.013876 0.941000 -0.338123
vn -0.079088 0.986310 -0.144697
vn -0.146937 0.970262 -0.192356
vn -0.146937 0.970262 -0.192356
vn 0.051680 0.934943 -0.351013
vn 0.013876 0.941000 -0.338123
vn 0.051680 0.934943 -0.351013
vn -0.146937 0.970262 -0.192356
vn -0.194420 0.944752 -0.263903
vn -0.194420 0.944752 -0.263903
vn 0.072745 0.927913 -0.365630
vn 0.051680 0.934943 -0.351013
vn -0.000148 0.943342 -0.331822
vn -0.000511 0.991726 -0.128370
vn -0.079088 0.986310 -0.144697
vn -0.079088 0.986310 -0.144697
vn 0.013876 0.941000 -0.338123
vn -0.000148 0.943342 -0.331822
vn 0.000000 0.849323 -0.527874
vn 0.032802 0.847717 -0.529433
vn 0.077274 0.722305 -0.687244
vn 0.077274 0.722305 -0.687244
vn -0.001992 0.716496 -0.697588
vn 0.000000 0.849323 -0.527874
vn 0.154401 0.876825 -0.455345
vn 0.159192 0.878429 -0.450579
vn 0.205843 0.877527 -0.433099
vn 0.205843 0.877527 -0.433099
vn 0.204378 0.870730 -0.447279
vn 0.154401 0.876825 -0.455345
vn 0.225933 0.827262 -0.514386
vn 0.208238 0.855131 -0.474751
vn 0.341722 0.781742 -0.521637
vn 0.341722 0.781742 -0.521637
vn 0.374063 0.697461 -0.611248
vn 0.225933 0.827262 -0.514386
vn 0.217378 0.794466 -0.567072
vn 0.121030 0.859105 -0.497283
vn 0.140981 0.863693 -0.483900
vn 0.140981 0.863693 -0.483900
vn 0.225933 0.827262 -0.514386
vn 0.217378 0.794466 -0.567072
vn 0.208238 0.855131 -0.474751
vn 0.208347 0.860704 -0.464521
vn 0.298478 0.829950 -0.471268
vn 0.298478 0.829950 -0.471268
vn 0.341722 0.781742 -0.521637
vn 0.208238 0.855131 -0.474751
vn 0.056444 0.848229 -0.526613
vn 0.078033 0.849435 -0.521892
vn 0.175094 0.746365 -0.642092
vn 0.175094 0.746365 -0.642092
vn 0.129973 0.733342 -0.667321
vn 0.056444 0.848229 -0.526613
vn 0.206364 0.765483 -0.609467
vn 0.100186 0.854869 -0.509080
vn 0.121030 0.859105 -0.497283
vn 0.121030 0.859105 -0.497283
vn 0.217378 0.794466 -0.567072
vn 0.206364 0.765483 -0.609467
vn 0.032802 0.847717 -0.529433
vn 0.056444 0.848229 -0.526613
vn 0.129973 0.733342 -0.667321
vn 0.129973 0.733342 -0.667321
vn 0.077274 0.722305 -0.687244
vn 0.032802 0.847717 -0.529433
vn 0.206364 0.765483 -0.609467
vn 0.320124 0.583214 -0.746580
vn 0.285352 0.529806 -0.798674
vn 0.285352 0.529806 -0.798674
vn 0.175094 0.746365 -0.642092
vn 0.206364 0.765483 -0.609467
vn 0.155784 0.873919 -0.460432
vn 0.154401 0.876825 -0.455345
vn 0.204378 0.870730 -0.447279
vn 0.204378 0.870730 -0.447279
vn 0.208347 0.860704 -0.464521
vn 0.155784 0.873919 -0.460432
vn 0.223577 0.881440 -0.416025
vn 0.252375 0.883089 -0.395551
vn 0.304406 0.880363 -0.363729
vn 0.304406 0.880363 -0.363729
vn 0.270893 0.880321 -0.389425
vn 0.223577 0.881440 -0.416025
vn 0.252375 0.883089 -0.395551
vn 0.285469 0.881603 -0.375877
vn 0.337023 0.878740 -0.337981
vn 0.337023 0.878740 -0.337981
vn 0.304406 0.880363 -0.363729
vn 0.252375 0.883089 -0.395551
vn 0.421493 0.886469 -0.191094
vn 0.457903 0.875817 -0.152545
vn 0.481211 0.866190 -0.134723
vn 0.481211 0.866190 -0.134723
vn 0.448733 0.876552 -0.174054
vn 0.421493 0.886469 -0.191094
vn 0.285469 0.881603 -0.375877
vn 0.341740 0.875669 -0.341201
vn 0.384712 0.872399 -0.301524
vn 0.384712 0.872399 -0.301524
vn 0.337023 0.878740 -0.337981
vn 0.285469 0.881603 -0.375877
vn 0.391603 0.879390 -0.270779
vn 0.421493 0.886469 -0.191094
vn 0.448733 0.876552 -0.174054
vn 0.448733 0.876552 -0.174054
vn 0.425068 0.871297 -0.245273
vn 0.391603 0.879390 -0.270779
vn 0.341740 0.875669 -0.341201
vn 0.391603 0.879390 -0.270779
vn 0.425068 0.871297 -0.245273
vn 0.425068 0.871297 -0.245273
vn 0.384712 0.872399 -0.301524
vn 0.341740 0.875669 -0.341201
vn 0.159192 0.878429 -0.450579
vn 0.176945 0.880415 -0.439955
vn 0.223577 0.881440 -0.416025
vn 0.223577 0.881440 -0.416025
vn 0.205843 0.877527 -0.433099
vn 0.159192 0.878429 -0.450579
vn 0.060736 0.880522 -0.470098
vn 0.063468 0.880213 -0.470316
vn 0.116944 0.878798 -0.462643
vn 0.116944 0.878798 -0.462643
vn 0.113769 0.878408 -0.464172
vn 0.060736 0.880522 -0.470098
vn 0.072300 0.880016 -0.469409
vn 0.077854 0.883196 -0.462497
vn 0.147301 0.882505 -0.446640
vn 0.147301 0.882505 -0.446640
vn 0.133082 0.879367 -0.457169
vn 0.072300 0.880016 -0.469409
vn 0.176945 0.880415 -0.439955
vn 0.159192 0.878429 -0.450579
vn 0.122089 0.878122 -0.462597
vn 0.122089 0.878122 -0.462597
vn 0.133082 0.879367 -0.457169
vn 0.176945 0.880415 -0.439955
vn 0.077854 0.883196 -0.462497
vn 0.081173 0.880858 -0.466370
vn 0.165609 0.879905 -0.445356
vn 0.165609 0.879905 -0.445356
vn 0.147301 0.882505 -0.446640
vn 0.077854 0.883196 -0.462497
vn 0.159192 0.878429 -0.450579
vn 0.154401 0.876825 -0.455345
vn 0.116944 0.878798 -0.462643
vn 0.116944 0.878798 -0.462643
vn 0.122089 0.878122 -0.462597
vn 0.159192 0.878429 -0.450579
vn 0.051680 0.934943 -0.351013
vn 0.072745 0.927913 -0.365630
vn 0.297982 0.872649 -0.386899
vn 0.165609 0.879905 -0.445356
vn 0.051680 0.934943 -0.351013
vn 0.297982 0.872649 -0.386899
vn 0.165609 0.879905 -0.445356
vn 0.297982 0.872649 -0.386899
vn 0.229005 0.882626 -0.410522
vn 0.778146 0.626490 -0.044714
vn 0.584064 0.788758 -0.191650
vn 0.589586 0.789551 -0.170285
vn 0.589586 0.789551 -0.170285
vn 0.751068 0.658254 -0.050980
vn 0.778146 0.626490 -0.044714
vn 0.023046 0.866308 -0.498979
vn 0.042581 0.856668 -0.514108
vn 0.025132 0.853392 -0.520663
vn 0.000000 0.865385 -0.501108
vn 0.023046 0.866308 -0.498979
vn 0.025132 0.853392 -0.520663
vn 0.000000 0.856290 -0.516495
vn 0.000000 0.865385 -0.501108
vn 0.025132 0.853392 -0.520663
vn 0.044825 0.869893 -0.491199
vn 0.080005 0.862058 -0.500454
vn 0.065854 0.853480 -0.516948
vn 0.023046 0.866308 -0.498979
vn 0.044825 0.869893 -0.491199
vn 0.065854 0.853480 -0.516948
vn 0.042581 0.856668 -0.514108
vn 0.023046 0.866308 -0.498979
vn 0.065854 0.853480 -0.516948
vn 0.058322 0.876217 -0.478376
vn 0.104413 0.867887 -0.485665
vn 0.102094 0.859410 -0.500991
vn 0.044825 0.869893 -0.491199
vn 0.058322 0.876217 -0.478376
vn 0.102094 0.859410 -0.500991
vn 0.080005 0.862058 -0.500454
vn 0.044825 0.869893 -0.491199
vn 0.102094 0.859410 -0.500991
vn 0.155784 0.873919 -0.460432
vn 0.156262 0.863390 -0.479728
vn 0.123950 0.870173 -0.476902
vn 0.123950 0.870173 -0.476902
vn 0.113769 0.878408 -0.464172
vn 0.155784 0.873919 -0.460432
vn 0.000000 0.849323 -0.527874
vn 0.000000 0.856290 -0.516495
vn 0.025132 0.853392 -0.520663
vn 0.025132 0.853392 -0.520663
vn 0.032802 0.847717 -0.529433
vn 0.000000 0.849323 -0.527874
vn 0.080005 0.862058 -0.500454
vn 0.100186 0.854869 -0.509080
vn 0.078033 0.849435 -0.521892
vn 0.078033 0.849435 -0.521892
vn 0.065854 0.853480 -0.516948
vn 0.080005 0.862058 -0.500454
vn 0.121030 0.859105 -0.497283
vn 0.100186 0.854869 -0.509080
vn 0.080005 0.862058 -0.500454
vn 0.080005 0.862058 -0.500454
vn 0.102094 0.859410 -0.500991
vn 0.121030 0.859105 -0.497283
vn 0.156262 0.863390 -0.479728
vn 0.140981 0.863693 -0.483900
vn 0.104413 0.867887 -0.485665
vn 0.104413 0.867887 -0.485665
vn 0.123950 0.870173 -0.476902
vn 0.156262 0.863390 -0.479728
vn 0.198301 0.886376 -0.418347
vn 0.212885 0.914450 -0.344183
vn -0.124390 0.936743 -0.327169
vn -0.124390 0.936743 -0.327169
vn -0.141932 0.938889 -0.313597
vn 0.198301 0.886376 -0.418347
vn 0.152006 0.862772 -0.482202
vn -0.074503 0.950505 -0.301646
vn -0.028991 0.943429 -0.330306
vn -0.028991 0.943429 -0.330306
vn 0.075027 0.845355 -0.528910
vn 0.152006 0.862772 -0.482202
vn 0.198301 0.886376 -0.418347
vn -0.141932 0.938889 -0.313597
vn -0.074503 0.950505 -0.301646
vn -0.074503 0.950505 -0.301646
vn 0.152006 0.862772 -0.482202
vn 0.198301 0.886376 -0.418347
vn 0.075027 0.845355 -0.528910
vn -0.028991 0.943429 -0.330306
vn -0.006986 0.927825 -0.372950
vn -0.006986 0.927825 -0.372950
vn 0.000082 0.838111 -0.545500
vn 0.075027 0.845355 -0.528910
vn -0.212940 0.914448 -0.344153
vn -0.198331 0.886381 -0.418323
vn 0.141936 0.938892 -0.313585
vn 0.141936 0.938892 -0.313585
vn 0.124417 0.936743 -0.327158
vn -0.212940 0.914448 -0.344153
vn -0.075071 0.845400 -0.528832
vn 0.015314 0.939380 -0.342537
vn 0.077733 0.947607 -0.309837
vn 0.077733 0.947607 -0.309837
vn -0.152009 0.862782 -0.482184
vn -0.075071 0.845400 -0.528832
vn -0.152009 0.862782 -0.482184
vn 0.077733 0.947607 -0.309837
vn 0.141936 0.938892 -0.313585
vn 0.141936 0.938892 -0.313585
vn -0.198331 0.886381 -0.418323
vn -0.152009 0.862782 -0.482184
vn 0.000082 0.838111 -0.545500
vn -0.006986 0.927825 -0.372950
vn 0.015314 0.939380 -0.342537
vn 0.015314 0.939380 -0.342537
vn -0.075071 0.845400 -0.528832
vn 0.000082 0.838111 -0.545500
vn 0.231513 0.938170 0.257370
vn 0.234600 0.937594 0.256671
vn 0.000144 0.954292 0.298878
vn 0.000144 0.954292 0.298878
vn 0.000072 0.954301 0.298846
vn 0.231513 0.938170 0.257370
vn 0.000072 0.954301 0.298846
vn 0.000144 0.954292 0.298878
vn -0.234231 0.937781 0.256325
vn -0.234231 0.937781 0.256325
vn -0.231521 0.938070 0.257728
vn 0.000072 0.954301 0.298846
vn -0.231521 0.938070 0.257728
vn -0.234231 0.937781 0.256325
vn -0.436824 0.889575 0.133568
vn -0.436824 0.889575 0.133568
vn -0.434090 0.890396 0.136971
vn -0.231521 0.938070 0.257728
vn -0.434090 0.890396 0.136971
vn -0.436824 0.889575 0.133568
vn -0.575661 0.815931 -0.053588
vn -0.575661 0.815931 -0.053588
vn -0.575059 0.816553 -0.050482
vn -0.434090 0.890396 0.136971
vn -0.575059 0.816553 -0.050482
vn -0.575661 0.815931 -0.053588
vn -0.626322 0.729618 -0.274550
vn -0.626322 0.729618 -0.274550
vn -0.626578 0.729770 -0.273561
vn -0.575059 0.816553 -0.050482
vn -0.626578 0.729770 -0.273561
vn -0.626322 0.729618 -0.274550
vn -0.582808 0.648373 -0.489843
vn -0.582808 0.648373 -0.489843
vn -0.581878 0.648071 -0.491346
vn -0.626578 0.729770 -0.273561
vn -0.581878 0.648071 -0.491346
vn -0.582808 0.648373 -0.489843
vn -0.447334 0.581374 -0.679629
vn -0.447334 0.581374 -0.679629
vn -0.445181 0.581131 -0.681249
vn -0.581878 0.648071 -0.491346
vn -0.445181 0.581131 -0.681249
vn -0.447334 0.581374 -0.679629
vn -0.219267 0.531386 -0.818261
vn -0.219267 0.531386 -0.818261
vn -0.222142 0.532006 -0.817082
vn -0.445181 0.581131 -0.681249
vn 0.000000 0.508341 -0.861156
vn -0.222142 0.532006 -0.817082
vn -0.219267 0.531386 -0.818261
vn -0.219267 0.531386 -0.818261
vn 0.000000 0.508327 -0.861164
vn 0.000000 0.508341 -0.861156
vn 0.000000 0.508341 -0.861156
vn 0.000000 0.508327 -0.861164
vn 0.218992 0.531528 -0.818242
vn 0.218992 0.531528 -0.818242
vn 0.222082 0.531854 -0.817197
vn 0.000000 0.508341 -0.861156
vn 0.222082 0.531854 -0.817197
vn 0.218992 0.531528 -0.818242
vn 0.447378 0.581590 -0.679416
vn 0.447378 0.581590 -0.679416
vn 0.445355 0.581033 -0.681219
vn 0.222082 0.531854 -0.817197
vn 0.581915 0.647995 -0.491403
vn 0.445355 0.581033 -0.681219
vn 0.447378 0.581590 -0.679416
vn 0.447378 0.581590 -0.679416
vn 0.582684 0.648411 -0.489942
vn 0.581915 0.647995 -0.491403
vn 0.581915 0.647995 -0.491403
vn 0.582684 0.648411 -0.489942
vn 0.626560 0.729642 -0.273943
vn 0.626560 0.729642 -0.273943
vn 0.626387 0.730019 -0.273336
vn 0.581915 0.647995 -0.491403
vn 0.626387 0.730019 -0.273336
vn 0.626560 0.729642 -0.273943
vn 0.576322 0.815503 -0.052989
vn 0.576322 0.815503 -0.052989
vn 0.574476 0.816945 -0.050778
vn 0.626387 0.730019 -0.273336
vn 0.574476 0.816945 -0.050778
vn 0.576322 0.815503 -0.052989
vn 0.437530 0.889154 0.134060
vn 0.437530 0.889154 0.134060
vn 0.433783 0.890633 0.136398
vn 0.574476 0.816945 -0.050778
vn 0.433783 0.890633 0.136398
vn 0.437530 0.889154 0.134060
vn 0.234600 0.937594 0.256671
vn 0.234600 0.937594 0.256671
vn 0.231513 0.938170 0.257370
vn 0.433783 0.890633 0.136398
vn -0.111250 0.346352 -0.931485
vn -0.112692 0.468106 -0.876457
vn 0.000909 0.450477 -0.892787
vn 0.000909 0.450477 -0.892787
vn 0.003644 0.337093 -0.941464
vn -0.111250 0.346352 -0.931485
vn -0.462559 0.831336 -0.308090
vn -0.265266 0.869641 -0.416364
vn -0.272020 0.851880 -0.447555
vn -0.272020 0.851880 -0.447555
vn -0.305590 0.829181 -0.468054
vn -0.462559 0.831336 -0.308090
vn -0.433306 0.638544 -0.636009
vn -0.390457 0.706462 -0.590300
vn -0.355221 0.640003 -0.681333
vn -0.355221 0.640003 -0.681333
vn -0.400555 0.552915 -0.730644
vn -0.433306 0.638544 -0.636009
vn -0.280804 0.528468 -0.801168
vn -0.211271 0.495851 -0.842316
vn -0.227751 0.384645 -0.894527
vn -0.227751 0.384645 -0.894527
vn -0.303299 0.430001 -0.850358
vn -0.280804 0.528468 -0.801168
vn -0.355221 0.640003 -0.681333
vn -0.328076 0.580906 -0.744926
vn -0.354502 0.495392 -0.793042
vn -0.354502 0.495392 -0.793042
vn -0.400555 0.552915 -0.730644
vn -0.355221 0.640003 -0.681333
vn -0.227751 0.384645 -0.894527
vn -0.211271 0.495851 -0.842316
vn -0.112692 0.468106 -0.876457
vn -0.112692 0.468106 -0.876457
vn -0.111250 0.346352 -0.931485
vn -0.227751 0.384645 -0.894527
vn -0.272020 0.851880 -0.447555
vn -0.304324 0.830336 -0.466828
vn -0.360110 0.791923 -0.493131
vn -0.360110 0.791923 -0.493131
vn -0.305590 0.829181 -0.468054
vn -0.272020 0.851880 -0.447555
vn -0.347880 0.771986 -0.531994
vn -0.390457 0.706462 -0.590300
vn -0.433306 0.638544 -0.636009
vn -0.433306 0.638544 -0.636009
vn -0.389031 0.713095 -0.583224
vn -0.347880 0.771986 -0.531994
vn -0.360110 0.791923 -0.493131
vn -0.304324 0.830336 -0.466828
vn -0.347880 0.771986 -0.531994
vn -0.347880 0.771986 -0.531994
vn -0.389031 0.713095 -0.583224
vn -0.360110 0.791923 -0.493131
vn -0.328076 0.580906 -0.744926
vn -0.280804 0.528468 -0.801168
vn -0.303299 0.430001 -0.850358
vn -0.303299 0.430001 -0.850358
vn -0.354502 0.495392 -0.793042
vn -0.328076 0.580906 -0.744926
vn 0.003644 0.337093 -0.941464
vn 0.000909 0.450477 -0.892787
vn 0.110272 0.462275 -0.879853
vn 0.110272 0.462275 -0.879853
vn 0.106982 0.350055 -0.930600
vn 0.003644 0.337093 -0.941464
vn 0.320747 0.834728 -0.447606
vn 0.279642 0.855504 -0.435791
vn 0.269113 0.869148 -0.414922
vn 0.269113 0.869148 -0.414922
vn 0.457026 0.831585 -0.315585
vn 0.320747 0.834728 -0.447606
vn 0.414327 0.561425 -0.716335
vn 0.364731 0.644601 -0.671908
vn 0.374063 0.697461 -0.611248
vn 0.374063 0.697461 -0.611248
vn 0.421745 0.621821 -0.659901
vn 0.414327 0.561425 -0.716335
vn 0.209622 0.493352 -0.844193
vn 0.285352 0.529806 -0.798674
vn 0.309153 0.426886 -0.849819
vn 0.309153 0.426886 -0.849819
vn 0.225181 0.379854 -0.897220
vn 0.209622 0.493352 -0.844193
vn 0.320124 0.583214 -0.746580
vn 0.364731 0.644601 -0.671908
vn 0.414327 0.561425 -0.716335
vn 0.414327 0.561425 -0.716335
vn 0.352702 0.482419 -0.801794
vn 0.320124 0.583214 -0.746580
vn 0.110272 0.462275 -0.879853
vn 0.209622 0.493352 -0.844193
vn 0.225181 0.379854 -0.897220
vn 0.225181 0.379854 -0.897220
vn 0.106982 0.350055 -0.930600
vn 0.110272 0.462275 -0.879853
vn 0.298478 0.829950 -0.471268
vn 0.279642 0.855504 -0.435791
vn 0.320747 0.834728 -0.447606
vn 0.320747 0.834728 -0.447606
vn 0.374456 0.783345 -0.496138
vn 0.298478 0.829950 -0.471268
vn 0.374063 0.697461 -0.611248
vn 0.341722 0.781742 -0.521637
vn 0.429304 0.699742 -0.571015
vn 0.429304 0.699742 -0.571015
vn 0.421745 0.621821 -0.659901
vn 0.374063 0.697461 -0.611248
vn 0.341722 0.781742 -0.521637
vn 0.298478 0.829950 -0.471268
vn 0.374456 0.783345 -0.496138
vn 0.374456 0.783345 -0.496138
vn 0.429304 0.699742 -0.571015
vn 0.341722 0.781742 -0.521637
vn 0.309153 0.426886 -0.849819
vn 0.285352 0.529806 -0.798674
vn 0.320124 0.583214 -0.746580
vn 0.320124 0.583214 -0.746580
vn 0.352702 0.482419 -0.801794
vn 0.309153 0.426886 -0.849819
vn -0.585935 0.786609 -0.194748
vn -0.304406 0.880363 -0.363729
vn -0.270893 0.880321 -0.389425
vn -0.270893 0.880321 -0.389425
vn -0.535014 0.811533 -0.234894
vn -0.585935 0.786609 -0.194748
vn -0.584078 0.788750 -0.191642
vn -0.337024 0.878740 -0.337981
vn -0.304406 0.880363 -0.363729
vn -0.304406 0.880363 -0.363729
vn -0.585935 0.786609 -0.194748
vn -0.584078 0.788750 -0.191642
vn -0.591559 0.787729 -0.171873
vn -0.381738 0.871876 -0.306769
vn -0.337024 0.878740 -0.337981
vn -0.337024 0.878740 -0.337981
vn -0.584078 0.788750 -0.191642
vn -0.591559 0.787729 -0.171873
vn -0.656519 0.751271 -0.067642
vn -0.457412 0.874068 -0.163646
vn -0.422681 0.872987 -0.243383
vn -0.422681 0.872987 -0.243383
vn -0.600681 0.788192 -0.133923
vn -0.656519 0.751271 -0.067642
vn -0.422681 0.872987 -0.243383
vn -0.381738 0.871876 -0.306769
vn -0.591559 0.787729 -0.171873
vn -0.591559 0.787729 -0.171873
vn -0.600681 0.788192 -0.133923
vn -0.422681 0.872987 -0.243383
vn 0.270893 0.880321 -0.389425
vn 0.304406 0.880363 -0.363729
vn 0.585935 0.786609 -0.194747
vn 0.585935 0.786609 -0.194747
vn 0.535014 0.811533 -0.234894
vn 0.270893 0.880321 -0.389425
vn 0.304406 0.880363 -0.363729
vn 0.337023 0.878740 -0.337981
vn 0.584064 0.788758 -0.191650
vn 0.584064 0.788758 -0.191650
vn 0.585935 0.786609 -0.194747
vn 0.304406 0.880363 -0.363729
vn 0.337023 0.878740 -0.337981
vn 0.384712 0.872399 -0.301524
vn 0.589586 0.789551 -0.170285
vn 0.589586 0.789551 -0.170285
vn 0.584064 0.788758 -0.191650
vn 0.337023 0.878740 -0.337981
vn 0.425068 0.871297 -0.245273
vn 0.448733 0.876552 -0.174054
vn 0.659490 0.748274 -0.071823
vn 0.659490 0.748274 -0.071823
vn 0.598099 0.788987 -0.140630
vn 0.425068 0.871297 -0.245273
vn 0.384712 0.872399 -0.301524
vn 0.425068 0.871297 -0.245273
vn 0.598099 0.788987 -0.140630
vn 0.598099 0.788987 -0.140630
vn 0.589586 0.789551 -0.170285
vn 0.384712 0.872399 -0.301524
vn -0.205342 0.875264 -0.437890
vn -0.265266 0.869641 -0.416364
vn -0.270893 0.880321 -0.389425
vn -0.270893 0.880321 -0.389425
vn -0.205527 0.884882 -0.418022
vn -0.205342 0.875264 -0.437890
vn 0.270893 0.880321 -0.389425
vn 0.269113 0.869148 -0.414922
vn 0.205843 0.877527 -0.433099
vn 0.205843 0.877527 -0.433099
vn 0.223577 0.881440 -0.416025
vn 0.270893 0.880321 -0.389425
vn -0.807979 0.589200 -0.003536
vn -0.893294 0.437911 0.101293
vn -0.870808 0.490049 0.039308
vn -0.870808 0.490049 0.039308
vn -0.781910 0.618849 -0.075125
vn -0.780822 0.621781 -0.060873
vn -0.807979 0.589200 -0.003536
vn -0.870808 0.490049 0.039308
vn -0.780822 0.621781 -0.060873
vn -0.893294 0.437911 0.101293
vn -0.939512 0.299187 0.166749
vn -0.940506 0.294987 0.168615
vn -0.940506 0.294987 0.168615
vn -0.870808 0.490049 0.039308
vn -0.893294 0.437911 0.101293
vn 0.894191 0.435457 0.103925
vn 0.781800 0.623054 -0.024349
vn 0.807565 0.589765 -0.003943
vn 0.807565 0.589765 -0.003943
vn 0.891553 0.442039 0.098663
vn 0.894191 0.435457 0.103925
vn 0.894191 0.435457 0.103925
vn 0.891553 0.442039 0.098663
vn 0.938511 0.302335 0.166702
vn 0.938511 0.302335 0.166702
vn 0.935878 0.307453 0.172060
vn 0.894191 0.435457 0.103925
vn -0.087304 0.897143 0.433026
vn -0.051476 0.908005 0.415784
vn -0.344130 0.853942 0.390330
vn -0.344130 0.853942 0.390330
vn -0.370292 0.842575 0.391090
vn -0.087304 0.897143 0.433026
vn -0.370292 0.842575 0.391090
vn -0.344130 0.853942 0.390330
vn -0.623176 0.744372 0.239921
vn -0.623176 0.744372 0.239921
vn -0.630520 0.739322 0.236320
vn -0.370292 0.842575 0.391090
vn -0.630520 0.739322 0.236320
vn -0.623176 0.744372 0.239921
vn -0.797755 0.602873 0.011451
vn -0.797755 0.602873 0.011451
vn -0.798029 0.602515 0.011188
vn -0.630520 0.739322 0.236320
vn -0.798029 0.602515 0.011188
vn -0.797755 0.602873 0.011451
vn -0.855506 0.453630 -0.249659
vn -0.855506 0.453630 -0.249659
vn -0.853657 0.461021 -0.242341
vn -0.798029 0.602515 0.011188
vn -0.853657 0.461021 -0.242341
vn -0.855506 0.453630 -0.249659
vn -0.790741 0.306205 -0.530064
vn -0.790741 0.306205 -0.530064
vn -0.794355 0.320510 -0.516016
vn -0.853657 0.461021 -0.242341
vn -0.794355 0.320510 -0.516016
vn -0.790741 0.306205 -0.530064
vn -0.617472 0.191195 -0.763003
vn -0.617472 0.191195 -0.763003
vn -0.632505 0.210751 -0.745333
vn -0.794355 0.320510 -0.516016
vn -0.632505 0.210751 -0.745333
vn -0.617472 0.191195 -0.763003
vn -0.362151 0.137835 -0.921872
vn -0.362151 0.137835 -0.921872
vn -0.397972 0.161494 -0.903072
vn -0.632505 0.210751 -0.745333
vn -0.397972 0.161494 -0.903072
vn -0.362151 0.137835 -0.921872
vn -0.058817 0.142848 -0.987996
vn -0.058817 0.142848 -0.987996
vn -0.102957 0.159803 -0.981765
vn -0.397972 0.161494 -0.903072
vn -0.102957 0.159803 -0.981765
vn -0.058817 0.142848 -0.987996
vn 0.241532 0.217288 -0.945753
vn 0.241532 0.217288 -0.945753
vn 0.200876 0.224215 -0.953612
vn -0.102957 0.159803 -0.981765
vn 0.200876 0.224215 -0.953612
vn 0.241532 0.217288 -0.945753
vn 0.493594 0.333405 -0.803247
vn 0.493594 0.333405 -0.803247
vn 0.465956 0.333477 -0.819560
vn 0.200876 0.224215 -0.953612
vn 0.465956 0.333477 -0.819560
vn 0.493594 0.333405 -0.803247
vn 0.637405 0.475560 -0.606265
vn 0.637405 0.475560 -0.606265
vn 0.631563 0.475897 -0.612087
vn 0.465956 0.333477 -0.819560
vn 0.631563 0.475897 -0.612087
vn 0.637405 0.475560 -0.606265
vn 0.693745 0.628145 -0.352353
vn 0.693745 0.628145 -0.352353
vn 0.698017 0.631919 -0.336826
vn 0.631563 0.475897 -0.612087
vn 0.698017 0.631919 -0.336826
vn 0.693745 0.628145 -0.352353
vn 0.637443 0.766347 -0.079862
vn 0.637443 0.766347 -0.079862
vn 0.634010 0.771987 -0.045465
vn 0.698017 0.631919 -0.336826
vn 0.634010 0.771987 -0.045465
vn 0.637443 0.766347 -0.079862
vn 0.484701 0.860123 0.158912
vn 0.484701 0.860123 0.158912
vn 0.465309 0.862700 0.198082
vn 0.634010 0.771987 -0.045465
vn 0.465309 0.862700 0.198082
vn 0.484701 0.860123 0.158912
vn 0.237425 0.913922 0.329204
vn 0.237425 0.913922 0.329204
vn 0.202881 0.910356 0.360681
vn 0.465309 0.862700 0.198082
vn 0.202881 0.910356 0.360681
vn 0.237425 0.913922 0.329204
vn -0.051476 0.908005 0.415784
vn -0.051476 0.908005 0.415784
vn -0.087304 0.897143 0.433026
vn 0.202881 0.910356 0.360681
vn -0.151590 0.852349 -0.500521
vn -0.080348 0.880742 -0.466731
vn -0.000436 0.883657 -0.468135
vn -0.000436 0.883657 -0.468135
vn -0.004866 0.880256 -0.474475
vn -0.151590 0.852349 -0.500521
vn -0.076211 0.883837 0.461545
vn -0.050805 0.888630 0.455803
vn -0.352301 0.841745 0.409082
vn -0.352301 0.841745 0.409082
vn -0.372822 0.833652 0.407465
vn -0.076211 0.883837 0.461545
vn -0.372822 0.833652 0.407465
vn -0.352301 0.841745 0.409082
vn -0.615652 0.741598 0.266467
vn -0.615652 0.741598 0.266467
vn -0.621375 0.737430 0.264745
vn -0.372822 0.833652 0.407465
vn -0.621375 0.737430 0.264745
vn -0.615652 0.741598 0.266467
vn -0.795326 0.604935 0.038859
vn -0.795326 0.604935 0.038859
vn -0.793086 0.607667 0.041902
vn -0.621375 0.737430 0.264745
vn -0.793086 0.607667 0.041902
vn -0.795326 0.604935 0.038859
vn -0.862001 0.445151 -0.242478
vn -0.862001 0.445151 -0.242478
vn -0.860011 0.452818 -0.235237
vn -0.793086 0.607667 0.041902
vn -0.860011 0.452818 -0.235237
vn -0.862001 0.445151 -0.242478
vn -0.799994 0.294881 -0.522547
vn -0.799994 0.294881 -0.522547
vn -0.803406 0.306069 -0.510745
vn -0.860011 0.452818 -0.235237
vn -0.803406 0.306069 -0.510745
vn -0.799994 0.294881 -0.522547
vn -0.622836 0.172478 -0.763103
vn -0.622836 0.172478 -0.763103
vn -0.634488 0.182998 -0.750957
vn -0.803406 0.306069 -0.510745
vn -0.634488 0.182998 -0.750957
vn -0.622836 0.172478 -0.763103
vn -0.369275 0.099169 -0.924014
vn -0.369275 0.099169 -0.924014
vn -0.390847 0.107804 -0.914121
vn -0.634488 0.182998 -0.750957
vn -0.390847 0.107804 -0.914121
vn -0.369275 0.099169 -0.924014
vn -0.059007 0.083562 -0.994754
vn -0.059007 0.083562 -0.994754
vn -0.101581 0.091570 -0.990604
vn -0.390847 0.107804 -0.914121
vn -0.101581 0.091570 -0.990604
vn -0.059007 0.083562 -0.994754
vn 0.248848 0.133702 -0.959270
vn 0.248848 0.133702 -0.959270
vn 0.210640 0.134815 -0.968223
vn -0.101581 0.091570 -0.990604
vn 0.210640 0.134815 -0.968223
vn 0.248848 0.133702 -0.959270
vn 0.519354 0.240743 -0.819948
vn 0.519354 0.240743 -0.819948
vn 0.502959 0.234474 -0.831898
vn 0.210640 0.134815 -0.968223
vn 0.502959 0.234474 -0.831898
vn 0.519354 0.240743 -0.819948
vn 0.717244 0.380663 -0.583658
vn 0.717244 0.380663 -0.583658
vn 0.718796 0.380701 -0.581721
vn 0.502959 0.234474 -0.831898
vn 0.718796 0.380701 -0.581721
vn 0.717244 0.380663 -0.583658
vn 0.780938 0.547000 -0.301540
vn 0.780938 0.547000 -0.301540
vn 0.781593 0.554488 -0.285754
vn 0.718796 0.380701 -0.581721
vn 0.781593 0.554488 -0.285754
vn 0.780938 0.547000 -0.301540
vn 0.708621 0.705586 -0.002100
vn 0.708621 0.705586 -0.002100
vn 0.698165 0.715342 0.029162
vn 0.781593 0.554488 -0.285754
vn 0.698165 0.715342 0.029162
vn 0.708621 0.705586 -0.002100
vn 0.521771 0.818288 0.241163
vn 0.521771 0.818288 0.241163
vn 0.499646 0.824184 0.266598
vn 0.698165 0.715342 0.029162
vn 0.499646 0.824184 0.266598
vn 0.521771 0.818288 0.241163
vn 0.254281 0.882267 0.396165
vn 0.254281 0.882267 0.396165
vn 0.226348 0.882925 0.411352
vn 0.499646 0.824184 0.266598
vn 0.226348 0.882925 0.411352
vn 0.254281 0.882267 0.396165
vn -0.050805 0.888630 0.455803
vn -0.050805 0.888630 0.455803
vn -0.076211 0.883837 0.461545
vn 0.226348 0.882925 0.411352
vn -0.141817 0.866052 -0.479419
vn -0.231020 0.827398 -0.511901
vn -0.213269 0.854777 -0.473152
vn -0.152288 0.866725 -0.474970
vn -0.141817 0.866052 -0.479419
vn -0.213269 0.854777 -0.473152
vn -0.163658 0.870277 -0.464579
vn -0.152288 0.866725 -0.474970
vn -0.213269 0.854777 -0.473152
vn -0.184479 0.868303 -0.460454
vn -0.163658 0.870277 -0.464579
vn -0.213269 0.854777 -0.473152
vn -0.231622 0.857964 -0.458529
vn -0.184479 0.868303 -0.460454
vn -0.213269 0.854777 -0.473152
vn -0.213269 0.854777 -0.473152
vn -0.347880 0.771986 -0.531994
vn -0.304324 0.830336 -0.466828
vn -0.231622 0.857964 -0.458529
vn -0.213269 0.854777 -0.473152
vn -0.304324 0.830336 -0.466828
vn -0.239460 0.859645 -0.451297
vn -0.231622 0.857964 -0.458529
vn -0.304324 0.830336 -0.466828
vn -0.225403 0.867296 -0.443837
vn -0.239460 0.859645 -0.451297
vn -0.304324 0.830336 -0.466828
vn -0.304324 0.830336 -0.466828
vn -0.272020 0.851880 -0.447555
vn -0.225403 0.867296 -0.443837
vn -0.211440 0.870261 -0.444903
vn -0.225403 0.867296 -0.443837
vn -0.272020 0.851880 -0.447555
vn -0.211440 0.870261 -0.444903
vn -0.272020 0.851880 -0.447555
vn -0.265266 0.869641 -0.416364
vn -0.211440 0.870261 -0.444903
vn -0.265266 0.869641 -0.416364
vn -0.205342 0.875264 -0.437890
vn -0.166276 0.871988 -0.460422
vn -0.211440 0.870261 -0.444903
vn -0.205342 0.875264 -0.437890
vn -0.157696 0.878082 -0.451779
vn -0.155501 0.870911 -0.466190
vn -0.166276 0.871988 -0.460422
vn -0.166276 0.871988 -0.460422
vn -0.205342 0.875264 -0.437890
vn -0.157696 0.878082 -0.451779
vn -0.144964 0.872298 -0.466992
vn -0.155501 0.870911 -0.466190
vn -0.157696 0.878082 -0.451779
vn -0.157696 0.878082 -0.451779
vn -0.122372 0.880854 -0.457299
vn -0.144964 0.872298 -0.466992
vn -0.115008 0.875597 -0.469152
vn -0.144964 0.872298 -0.466992
vn -0.122372 0.880854 -0.457299
vn -0.067512 0.879625 -0.470852
vn -0.102923 0.877575 -0.468262
vn -0.115008 0.875597 -0.469152
vn -0.115008 0.875597 -0.469152
vn -0.068888 0.880990 -0.468093
vn -0.067512 0.879625 -0.470852
vn -0.066476 0.880063 -0.470180
vn -0.104029 0.877790 -0.467613
vn -0.102923 0.877575 -0.468262
vn -0.102923 0.877575 -0.468262
vn -0.067512 0.879625 -0.470852
vn -0.066476 0.880063 -0.470180
vn -0.100759 0.878316 -0.467342
vn -0.104029 0.877790 -0.467613
vn -0.066476 0.880063 -0.470180
vn -0.066476 0.880063 -0.470180
vn -0.060664 0.876671 -0.477250
vn -0.100759 0.878316 -0.467342
vn -0.110856 0.872113 -0.476582
vn -0.121569 0.880809 -0.457599
vn -0.100759 0.878316 -0.467342
vn -0.100759 0.878316 -0.467342
vn -0.060664 0.876671 -0.477250
vn -0.110856 0.872113 -0.476582
vn -0.138392 0.871888 -0.469744
vn -0.121569 0.880809 -0.457599
vn -0.110856 0.872113 -0.476582
vn -0.141817 0.866052 -0.479419
vn -0.152288 0.866725 -0.474970
vn -0.138392 0.871888 -0.469744
vn -0.138392 0.871888 -0.469744
vn -0.110856 0.872113 -0.476582
vn -0.141817 0.866052 -0.479419
vn -0.122372 0.880854 -0.457299
vn -0.126887 0.887853 -0.442286
vn -0.103531 0.884588 -0.454737
vn -0.103531 0.884588 -0.454737
vn -0.068888 0.880990 -0.468093
vn -0.122372 0.880854 -0.457299
vn -0.157696 0.878082 -0.451779
vn -0.145279 0.885410 -0.441524
vn -0.126887 0.887853 -0.442286
vn -0.126887 0.887853 -0.442286
vn -0.122372 0.880854 -0.457299
vn -0.157696 0.878082 -0.451779
vn -0.171204 0.882680 -0.437681
vn -0.145279 0.885410 -0.441524
vn -0.157696 0.878082 -0.451779
vn -0.164840 0.883550 -0.438368
vn -0.171204 0.882680 -0.437681
vn -0.157696 0.878082 -0.451779
vn -0.157696 0.878082 -0.451779
vn -0.205342 0.875264 -0.437890
vn -0.164840 0.883550 -0.438368
vn -0.205527 0.884882 -0.418022
vn -0.148575 0.888406 -0.434351
vn -0.164840 0.883550 -0.438368
vn -0.164840 0.883550 -0.438368
vn -0.205342 0.875264 -0.437890
vn -0.205527 0.884882 -0.418022
vn -0.163669 0.887930 -0.429876
vn -0.148575 0.888406 -0.434351
vn -0.205527 0.884882 -0.418022
vn -0.252173 0.882815 -0.396292
vn -0.214350 0.879104 -0.425712
vn -0.163669 0.887930 -0.429876
vn -0.163669 0.887930 -0.429876
vn -0.205527 0.884882 -0.418022
vn -0.252173 0.882815 -0.396292
vn -0.199290 0.879664 -0.431827
vn -0.183162 0.870383 -0.457041
vn -0.214350 0.879104 -0.425712
vn -0.214350 0.879104 -0.425712
vn -0.252173 0.882815 -0.396292
vn -0.199290 0.879664 -0.431827
vn -0.174782 0.861462 -0.476796
vn -0.183162 0.870383 -0.457041
vn -0.199290 0.879664 -0.431827
vn -0.199290 0.879664 -0.431827
vn -0.150974 0.872111 -0.465435
vn -0.174782 0.861462 -0.476796
vn -0.129863 0.864435 -0.485683
vn -0.174782 0.861462 -0.476796
vn -0.150974 0.872111 -0.465435
vn -0.080348 0.880742 -0.466731
vn -0.119165 0.871264 -0.476128
vn -0.129863 0.864435 -0.485683
vn -0.129863 0.864435 -0.485683
vn -0.150974 0.872111 -0.465435
vn -0.080348 0.880742 -0.466731
vn -0.151590 0.852349 -0.500521
vn -0.289177 0.804343 -0.519047
vn -0.119165 0.871264 -0.476128
vn -0.119165 0.871264 -0.476128
vn -0.080348 0.880742 -0.466731
vn -0.151590 0.852349 -0.500521
vn -0.054534 0.877886 -0.475754
vn -0.289177 0.804343 -0.519047
vn -0.151590 0.852349 -0.500521
vn -0.151590 0.852349 -0.500521
vn -0.004866 0.880256 -0.474475
vn -0.054534 0.877886 -0.475754
vn -0.049155 0.880194 -0.472061
vn -0.054534 0.877886 -0.475754
vn -0.004866 0.880256 -0.474475
vn -0.004866 0.880256 -0.474475
vn -0.000977 0.879984 -0.475003
vn -0.049155 0.880194 -0.472061
vn -0.103531 0.884588 -0.454737
vn -0.089298 0.883211 -0.460396
vn -0.068888 0.880990 -0.468093
vn -0.068888 0.880990 -0.468093
vn -0.089298 0.883211 -0.460396
vn -0.049155 0.880194 -0.472061
vn -0.049155 0.880194 -0.472061
vn -0.000977 0.879984 -0.475003
vn -0.068888 0.880990 -0.468093
vn 0.481211 0.866190 -0.134723
vn 0.589853 0.805556 -0.056149
vn 0.659490 0.748274 -0.071823
vn 0.659490 0.748274 -0.071823
vn 0.448733 0.876552 -0.174054
vn 0.481211 0.866190 -0.134723
vn -0.457412 0.874068 -0.163646
vn -0.656519 0.751271 -0.067642
vn -0.559400 0.824210 -0.088028
vn -0.559400 0.824210 -0.088028
vn -0.483905 0.863999 -0.139073
vn -0.457412 0.874068 -0.163646
vn -0.068888 0.880990 -0.468093
vn -0.115008 0.875597 -0.469152
vn -0.122372 0.880854 -0.457299
vn 0.729372 0.681697 -0.057493
vn 0.611413 0.771039 -0.177969
vn 0.637089 0.720206 -0.274629
vn 0.637089 0.720206 -0.274629
vn 0.767409 0.613639 -0.185823
vn 0.729372 0.681697 -0.057493
vn 0.579294 0.798150 0.165453
vn 0.515991 0.856348 -0.020528
vn 0.569336 0.816881 -0.092529
vn 0.569336 0.816881 -0.092529
vn 0.666574 0.742895 0.061526
vn 0.579294 0.798150 0.165453
vn 0.331508 0.884593 0.328020
vn 0.338380 0.933354 0.119792
vn 0.438722 0.896884 0.055879
vn 0.438722 0.896884 0.055879
vn 0.465843 0.846771 0.256844
vn 0.331508 0.884593 0.328020
vn 0.023936 0.926544 0.375423
vn 0.093395 0.982534 0.160951
vn 0.221226 0.962202 0.158827
vn 0.221226 0.962202 0.158827
vn 0.175824 0.912092 0.370370
vn 0.023936 0.926544 0.375423
vn -0.286503 0.899500 0.329872
vn -0.177394 0.977147 0.117111
vn -0.049585 0.987655 0.148588
vn -0.049585 0.987655 0.148588
vn -0.138724 0.921721 0.362197
vn -0.286503 0.899500 0.329872
vn -0.561959 0.800737 0.207418
vn -0.406992 0.913325 -0.013959
vn -0.310647 0.948738 0.058265
vn -0.310647 0.948738 0.058265
vn -0.432145 0.858467 0.276197
vn -0.561959 0.800737 0.207418
vn -0.735725 0.677157 -0.012916
vn -0.533969 0.825908 -0.180979
vn -0.475308 0.875307 -0.088997
vn -0.475308 0.875307 -0.088997
vn -0.658386 0.744861 0.108215
vn -0.735725 0.677157 -0.012916
vn -0.801862 0.522356 -0.290106
vn -0.583682 0.711961 -0.390419
vn -0.570485 0.769701 -0.286543
vn -0.570485 0.769701 -0.286543
vn -0.784157 0.602246 -0.149657
vn -0.801862 0.522356 -0.290106
vn -0.731322 0.389218 -0.560069
vn -0.545461 0.605501 -0.579518
vn -0.574198 0.660614 -0.483617
vn -0.574198 0.660614 -0.483617
vn -0.784528 0.449456 -0.427206
vn -0.731322 0.389218 -0.560069
vn -0.487921 0.541776 -0.684406
vn -0.647380 0.328002 -0.687978
vn -0.540234 0.268945 -0.797380
vn -0.540234 0.268945 -0.797380
vn -0.399229 0.488156 -0.776093
vn -0.487921 0.541776 -0.684406
vn -0.301827 0.447646 -0.841732
vn -0.416860 0.222490 -0.881321
vn -0.282000 0.204133 -0.937446
vn -0.282000 0.204133 -0.937446
vn -0.201764 0.419524 -0.885037
vn -0.301827 0.447646 -0.841732
vn -0.080850 0.390456 -0.917064
vn -0.134036 0.204066 -0.969738
vn 0.028818 0.197661 -0.979847
vn 0.028818 0.197661 -0.979847
vn 0.065378 0.368807 -0.927204
vn -0.080850 0.390456 -0.917064
vn 0.194773 0.369296 -0.908672
vn 0.177583 0.197589 -0.964066
vn 0.321298 0.223796 -0.920154
vn 0.321298 0.223796 -0.920154
vn 0.323979 0.387372 -0.863122
vn 0.194773 0.369296 -0.908672
vn 0.441870 0.429904 -0.787358
vn 0.459263 0.263170 -0.848422
vn 0.573419 0.311473 -0.757744
vn 0.573419 0.311473 -0.757744
vn 0.529380 0.484791 -0.696229
vn 0.441870 0.429904 -0.787358
vn 0.582996 0.533608 -0.612681
vn 0.660875 0.358796 -0.659173
vn 0.723220 0.419643 -0.548501
vn 0.723220 0.419643 -0.548501
vn 0.617319 0.581375 -0.530019
vn 0.582996 0.533608 -0.612681
vn 0.635461 0.629986 -0.446438
vn 0.762080 0.479922 -0.434636
vn 0.778130 0.546988 -0.308735
vn 0.778130 0.546988 -0.308735
vn 0.643849 0.674548 -0.361170
vn 0.635461 0.629986 -0.446438
vn -0.924332 0.331157 -0.189593
vn -0.906350 0.239490 -0.348101
vn -0.595480 0.626174 -0.503299
vn -0.595480 0.626174 -0.503299
vn -0.607165 0.689771 -0.394420
vn -0.924332 0.331157 -0.189593
vn -0.557992 0.565314 -0.607507
vn 0.264400 0.878388 -0.398155
vn 0.280223 0.854897 -0.436607
vn 0.280223 0.854897 -0.436607
vn -0.595480 0.626174 -0.503299
vn -0.557992 0.565314 -0.607507
vn -0.852479 0.151305 -0.500386
vn -0.765183 0.070141 -0.639980
vn -0.498075 0.508496 -0.702391
vn -0.498075 0.508496 -0.702391
vn -0.557992 0.565314 -0.607507
vn -0.852479 0.151305 -0.500386
vn -0.416777 0.459312 -0.784429
vn 0.209198 0.918205 -0.336357
vn 0.240318 0.899707 -0.364384
vn 0.240318 0.899707 -0.364384
vn -0.498075 0.508496 -0.702391
vn -0.416777 0.459312 -0.784429
vn -0.647739 -0.000828 -0.761862
vn -0.505270 -0.058902 -0.860949
vn -0.319010 0.418288 -0.850452
vn -0.319010 0.418288 -0.850452
vn -0.416777 0.459312 -0.784429
vn -0.647739 -0.000828 -0.761862
vn -0.207546 0.388461 -0.897788
vn 0.129308 0.945462 -0.298965
vn 0.170535 0.933506 -0.315411
vn 0.170535 0.933506 -0.315411
vn -0.319010 0.418288 -0.850452
vn -0.207546 0.388461 -0.897788
vn -0.343042 -0.101794 -0.933788
vn -0.167946 -0.128074 -0.977441
vn -0.088010 0.369269 -0.925146
vn -0.088010 0.369269 -0.925146
vn -0.207546 0.388461 -0.897788
vn -0.343042 -0.101794 -0.933788
vn 0.035714 0.363017 -0.931098
vn 0.039489 0.959751 -0.278062
vn 0.085426 0.953969 -0.287480
vn 0.085426 0.953969 -0.287480
vn -0.088010 0.369269 -0.925146
vn 0.035714 0.363017 -0.931098
vn 0.013661 -0.136722 -0.990515
vn 0.194256 -0.127755 -0.972596
vn 0.158202 0.367775 -0.916359
vn 0.158202 0.367775 -0.916359
vn 0.035714 0.363017 -0.931098
vn 0.013661 -0.136722 -0.990515
vn 0.276666 0.382324 -0.881637
vn -0.056289 0.958972 -0.277858
vn -0.007380 0.961773 -0.273748
vn -0.007380 0.961773 -0.273748
vn 0.158202 0.367775 -0.916359
vn 0.276666 0.382324 -0.881637
vn 0.367617 -0.101425 -0.924430
vn 0.526339 -0.059230 -0.848209
vn 0.384529 0.407158 -0.828468
vn 0.384529 0.407158 -0.828468
vn 0.276666 0.382324 -0.881637
vn 0.367617 -0.101425 -0.924430
vn 0.473511 0.450126 -0.757083
vn -0.161706 0.938648 -0.304616
vn -0.103865 0.951311 -0.290205
vn -0.103865 0.951311 -0.290205
vn 0.384529 0.407158 -0.828468
vn 0.473511 0.450126 -0.757083
vn 0.664832 -0.001676 -0.746991
vn 0.777943 0.067811 -0.624665
vn 0.549477 0.496172 -0.672227
vn 0.549477 0.496172 -0.672227
vn 0.473511 0.450126 -0.757083
vn 0.664832 -0.001676 -0.746991
vn 0.604463 0.548543 -0.577690
vn -0.225551 0.898520 -0.376548
vn -0.198254 0.921306 -0.334502
vn -0.198254 0.921306 -0.334502
vn 0.549477 0.496172 -0.672227
vn 0.604463 0.548543 -0.577690
vn 0.861525 0.146968 -0.485979
vn 0.912553 0.232474 -0.336457
vn 0.638372 0.604517 -0.476488
vn 0.638372 0.604517 -0.476488
vn 0.604463 0.548543 -0.577690
vn 0.861525 0.146968 -0.485979
vn 0.648931 0.663554 -0.372269
vn -0.245954 0.845379 -0.474175
vn -0.240755 0.872801 -0.424565
vn -0.240755 0.872801 -0.424565
vn 0.638372 0.604517 -0.476488
vn 0.648931 0.663554 -0.372269
vn 0.929357 0.321501 -0.181476
vn 0.911477 0.410486 -0.026662
vn 0.639136 0.722112 -0.264686
vn 0.639136 0.722112 -0.264686
vn 0.648931 0.663554 -0.372269
vn 0.929357 0.321501 -0.181476
vn 0.610322 0.776352 -0.157432
vn -0.204944 0.804228 -0.557866
vn -0.236136 0.821577 -0.518894
vn -0.236136 0.821577 -0.518894
vn 0.639136 0.722112 -0.264686
vn 0.610322 0.776352 -0.157432
vn 0.859781 0.495514 0.123459
vn 0.776585 0.573603 0.260566
vn 0.559896 0.826459 -0.059013
vn 0.559896 0.826459 -0.059013
vn 0.610322 0.776352 -0.157432
vn 0.859781 0.495514 0.123459
vn 0.487563 0.872584 0.029669
vn -0.120863 0.776347 -0.618609
vn -0.165384 0.788303 -0.592643
vn -0.165384 0.788303 -0.592643
vn 0.559896 0.826459 -0.059013
vn 0.487563 0.872584 0.029669
vn 0.663704 0.643036 0.382101
vn 0.526719 0.700425 0.481635
vn 0.397339 0.912454 0.097724
vn 0.397339 0.912454 0.097724
vn 0.487563 0.872584 0.029669
vn 0.663704 0.643036 0.382101
vn 0.290736 0.945649 0.145671
vn -0.027901 0.758814 -0.650709
vn -0.073392 0.764537 -0.640388
vn -0.073392 0.764537 -0.640388
vn 0.397339 0.912454 0.097724
vn 0.290736 0.945649 0.145671
vn 0.369528 0.745423 0.554792
vn 0.196118 0.775059 0.600684
vn 0.170024 0.969724 0.175290
vn 0.170024 0.969724 0.175290
vn 0.290736 0.945649 0.145671
vn 0.369528 0.745423 0.554792
vn 0.044115 0.982590 0.180475
vn 0.052116 0.767317 -0.639147
vn 0.012604 0.763879 -0.645237
vn 0.012604 0.763879 -0.645237
vn 0.170024 0.969724 0.175290
vn 0.044115 0.982590 0.180475
vn 0.016709 0.787144 0.616542
vn -0.164958 0.781303 0.601959
vn -0.080639 0.983883 0.159596
vn -0.080639 0.983883 0.159596
vn 0.044115 0.982590 0.180475
vn 0.016709 0.787144 0.616542
vn -0.201847 0.971900 0.121114
vn 0.119667 0.765311 -0.632438
vn 0.089387 0.764875 -0.637947
vn 0.089387 0.764875 -0.637947
vn -0.080639 0.983883 0.159596
vn -0.201847 0.971900 0.121114
vn -0.340436 0.757144 0.557527
vn -0.502626 0.715903 0.484613
vn -0.316564 0.945590 0.075144
vn -0.316564 0.945590 0.075144
vn -0.201847 0.971900 0.121114
vn -0.340436 0.757144 0.557527
vn -0.412975 0.910717 0.006778
vn 0.195548 0.776289 -0.599280
vn 0.154061 0.772660 -0.615842
vn 0.154061 0.772660 -0.615842
vn -0.316564 0.945590 0.075144
vn -0.412975 0.910717 0.006778
vn -0.645022 0.660076 0.385028
vn -0.763228 0.590551 0.262169
vn -0.493892 0.865753 -0.080890
vn -0.493892 0.865753 -0.080890
vn -0.412975 0.910717 0.006778
vn -0.645022 0.660076 0.385028
vn -0.555365 0.811994 -0.179541
vn 0.263151 0.793065 -0.549363
vn 0.233181 0.781417 -0.578804
vn -0.493892 0.865753 -0.080890
vn -0.555365 0.811994 -0.179541
vn -0.851339 0.510284 0.121790
vn -0.905784 0.422622 -0.030747
vn -0.905784 0.422622 -0.030747
vn -0.594164 0.752265 -0.284722
vn -0.555365 0.811994 -0.179541
vn -0.607165 0.689771 -0.394420
vn 0.286182 0.832090 -0.475107
vn 0.280199 0.809141 -0.516507
vn -0.594164 0.752265 -0.284722
vn 0.569336 0.816881 -0.092529
vn 0.611413 0.771039 -0.177969
vn 0.729372 0.681697 -0.057493
vn 0.729372 0.681697 -0.057493
vn 0.666574 0.742895 0.061526
vn 0.569336 0.816881 -0.092529
vn 0.438722 0.896884 0.055879
vn 0.515991 0.856348 -0.020528
vn 0.579294 0.798150 0.165453
vn 0.579294 0.798150 0.165453
vn 0.465843 0.846771 0.256844
vn 0.438722 0.896884 0.055879
vn 0.221226 0.962202 0.158827
vn 0.338380 0.933354 0.119792
vn 0.331508 0.884593 0.328020
vn 0.331508 0.884593 0.328020
vn 0.175824 0.912092 0.370370
vn 0.221226 0.962202 0.158827
vn -0.049585 0.987655 0.148588
vn 0.093395 0.982534 0.160951
vn 0.023936 0.926544 0.375423
vn 0.023936 0.926544 0.375423
vn -0.138724 0.921721 0.362197
vn -0.049585 0.987655 0.148588
vn -0.310647 0.948738 0.058265
vn -0.177394 0.977147 0.117111
vn -0.286503 0.899500 0.329872
vn -0.286503 0.899500 0.329872
vn -0.432145 0.858467 0.276197
vn -0.310647 0.948738 0.058265
vn -0.570485 0.769701 -0.286543
vn -0.533969 0.825908 -0.180979
vn -0.735725 0.677157 -0.012916
vn -0.735725 0.677157 -0.012916
vn -0.784157 0.602246 -0.149657
vn -0.570485 0.769701 -0.286543
vn -0.487921 0.541776 -0.684406
vn -0.545461 0.605501 -0.579518
vn -0.731322 0.389218 -0.560069
vn -0.731322 0.389218 -0.560069
vn -0.647380 0.328002 -0.687978
vn -0.487921 0.541776 -0.684406
vn 0.637089 0.720206 -0.274629
vn 0.643849 0.674548 -0.361170
vn 0.778130 0.546988 -0.308735
vn 0.778130 0.546988 -0.308735
vn 0.767409 0.613639 -0.185823
vn 0.637089 0.720206 -0.274629
vn -0.561959 0.800737 0.207418
vn -0.658386 0.744861 0.108215
vn -0.475308 0.875307 -0.088997
vn -0.475308 0.875307 -0.088997
vn -0.406992 0.913325 -0.013959
vn -0.561959 0.800737 0.207418
vn -0.801862 0.522356 -0.290106
vn -0.784528 0.449456 -0.427206
vn -0.574198 0.660614 -0.483617
vn -0.574198 0.660614 -0.483617
vn -0.583682 0.711961 -0.390419
vn -0.801862 0.522356 -0.290106
vn -0.540234 0.268945 -0.797380
vn -0.416860 0.222490 -0.881321
vn -0.301827 0.447646 -0.841732
vn -0.301827 0.447646 -0.841732
vn -0.399229 0.488156 -0.776093
vn -0.540234 0.268945 -0.797380
vn -0.282000 0.204133 -0.937446
vn -0.134036 0.204066 -0.969738
vn -0.080850 0.390456 -0.917064
vn -0.080850 0.390456 -0.917064
vn -0.201764 0.419524 -0.885037
vn -0.282000 0.204133 -0.937446
vn 0.028818 0.197661 -0.979847
vn 0.177583 0.197589 -0.964066
vn 0.194773 0.369296 -0.908672
vn 0.194773 0.369296 -0.908672
vn 0.065378 0.368807 -0.927204
vn 0.028818 0.197661 -0.979847
vn 0.321298 0.223796 -0.920154
vn 0.459263 0.263170 -0.848422
vn 0.441870 0.429904 -0.787358
vn 0.441870 0.429904 -0.787358
vn 0.323979 0.387372 -0.863122
vn 0.321298 0.223796 -0.920154
vn 0.573419 0.311473 -0.757744
vn 0.660875 0.358796 -0.659173
vn 0.582996 0.533608 -0.612681
vn 0.582996 0.533608 -0.612681
vn 0.529380 0.484791 -0.696229
vn 0.573419 0.311473 -0.757744
vn 0.723220 0.419643 -0.548501
vn 0.762080 0.479922 -0.434636
vn 0.635461 0.629986 -0.446438
vn 0.635461 0.629986 -0.446438
vn 0.617319 0.581375 -0.530019
vn 0.723220 0.419643 -0.548501
vn 0.286182 0.832090 -0.475107
vn -0.607165 0.689771 -0.394420
vn -0.595480 0.626174 -0.503299
vn 0.280223 0.854897 -0.436607
vn 0.264400 0.878388 -0.398155
vn -0.557992 0.565314 -0.607507
vn -0.498075 0.508496 -0.702391
vn -0.498075 0.508496 -0.702391
vn 0.240318 0.899707 -0.364384
vn 0.264400 0.878388 -0.398155
vn 0.209198 0.918205 -0.336357
vn -0.416777 0.459312 -0.784429
vn -0.319010 0.418288 -0.850452
vn -0.319010 0.418288 -0.850452
vn 0.170535 0.933506 -0.315411
vn 0.209198 0.918205 -0.336357
vn 0.129308 0.945462 -0.298965
vn -0.207546 0.388461 -0.897788
vn -0.088010 0.369269 -0.925146
vn -0.088010 0.369269 -0.925146
vn 0.085426 0.953969 -0.287480
vn 0.129308 0.945462 -0.298965
vn 0.039489 0.959751 -0.278062
vn 0.035714 0.363017 -0.931098
vn 0.158202 0.367775 -0.916359
vn 0.158202 0.367775 -0.916359
vn -0.007380 0.961773 -0.273748
vn 0.039489 0.959751 -0.278062
vn -0.056289 0.958972 -0.277858
vn 0.276666 0.382324 -0.881637
vn 0.384529 0.407158 -0.828468
vn 0.384529 0.407158 -0.828468
vn -0.103865 0.951311 -0.290205
vn -0.056289 0.958972 -0.277858
vn -0.161706 0.938648 -0.304616
vn 0.473511 0.450126 -0.757083
vn 0.549477 0.496172 -0.672227
vn 0.549477 0.496172 -0.672227
vn -0.198254 0.921306 -0.334502
vn -0.161706 0.938648 -0.304616
vn -0.225551 0.898520 -0.376548
vn 0.604463 0.548543 -0.577690
vn 0.638372 0.604517 -0.476488
vn 0.638372 0.604517 -0.476488
vn -0.240755 0.872801 -0.424565
vn -0.225551 0.898520 -0.376548
vn -0.245954 0.845379 -0.474175
vn 0.648931 0.663554 -0.372269
vn 0.639136 0.722112 -0.264686
vn 0.639136 0.722112 -0.264686
vn -0.236136 0.821577 -0.518894
vn -0.245954 0.845379 -0.474175
vn -0.204944 0.804228 -0.557866
vn 0.610322 0.776352 -0.157432
vn 0.559896 0.826459 -0.059013
vn 0.559896 0.826459 -0.059013
vn -0.165384 0.788303 -0.592643
vn -0.204944 0.804228 -0.557866
vn -0.120863 0.776347 -0.618609
vn 0.487563 0.872584 0.029669
vn 0.397339 0.912454 0.097724
vn 0.397339 0.912454 0.097724
vn -0.073392 0.764537 -0.640388
vn -0.120863 0.776347 -0.618609
vn -0.027901 0.758814 -0.650709
vn 0.290736 0.945649 0.145671
vn 0.170024 0.969724 0.175290
vn 0.170024 0.969724 0.175290
vn 0.012604 0.763879 -0.645237
vn -0.027901 0.758814 -0.650709
vn 0.052116 0.767317 -0.639147
vn 0.044115 0.982590 0.180475
vn -0.080639 0.983883 0.159596
vn -0.080639 0.983883 0.159596
vn 0.089387 0.764875 -0.637947
vn 0.052116 0.767317 -0.639147
vn 0.119667 0.765311 -0.632438
vn -0.201847 0.971900 0.121114
vn -0.316564 0.945590 0.075144
vn -0.316564 0.945590 0.075144
vn 0.154061 0.772660 -0.615842
vn 0.119667 0.765311 -0.632438
vn 0.195548 0.776289 -0.599280
vn -0.412975 0.910717 0.006778
vn -0.493892 0.865753 -0.080890
vn -0.493892 0.865753 -0.080890
vn 0.233181 0.781417 -0.578804
vn 0.195548 0.776289 -0.599280
vn 0.263151 0.793065 -0.549363
vn -0.555365 0.811994 -0.179541
vn -0.594164 0.752265 -0.284722
vn 0.280199 0.809141 -0.516507
vn -0.852479 0.151305 -0.500386
vn -0.557992 0.565314 -0.607507
vn -0.595480 0.626174 -0.503299
vn -0.595480 0.626174 -0.503299
vn -0.906350 0.239490 -0.348101
vn -0.852479 0.151305 -0.500386
vn 0.280223 0.854897 -0.436607
vn 0.264400 0.878388 -0.398155
vn 0.729372 0.681697 -0.057493
vn 0.729372 0.681697 -0.057493
vn 0.767409 0.613639 -0.185823
vn 0.280223 0.854897 -0.436607
vn -0.647739 -0.000828 -0.761862
vn -0.416777 0.459312 -0.784429
vn -0.498075 0.508496 -0.702391
vn -0.498075 0.508496 -0.702391
vn -0.765183 0.070141 -0.639980
vn -0.647739 -0.000828 -0.761862
vn 0.240318 0.899707 -0.364384
vn 0.209198 0.918205 -0.336357
vn 0.579294 0.798150 0.165453
vn 0.579294 0.798150 0.165453
vn 0.666574 0.742895 0.061526
vn 0.240318 0.899707 -0.364384
vn -0.343042 -0.101794 -0.933788
vn -0.207546 0.388461 -0.897788
vn -0.319010 0.418288 -0.850452
vn -0.319010 0.418288 -0.850452
vn -0.505270 -0.058902 -0.860949
vn -0.343042 -0.101794 -0.933788
vn 0.170535 0.933506 -0.315411
vn 0.129308 0.945462 -0.298965
vn 0.331508 0.884593 0.328020
vn 0.331508 0.884593 0.328020
vn 0.465843 0.846771 0.256844
vn 0.170535 0.933506 -0.315411
vn 0.013661 -0.136722 -0.990515
vn 0.035714 0.363017 -0.931098
vn -0.088010 0.369269 -0.925146
vn -0.088010 0.369269 -0.925146
vn -0.167946 -0.128074 -0.977441
vn 0.013661 -0.136722 -0.990515
vn 0.085426 0.953969 -0.287480
vn 0.039489 0.959751 -0.278062
vn 0.023936 0.926544 0.375423
vn 0.023936 0.926544 0.375423
vn 0.175824 0.912092 0.370370
vn 0.085426 0.953969 -0.287480
vn 0.367617 -0.101425 -0.924430
vn 0.276666 0.382324 -0.881637
vn 0.158202 0.367775 -0.916359
vn 0.158202 0.367775 -0.916359
vn 0.194256 -0.127755 -0.972596
vn 0.367617 -0.101425 -0.924430
vn -0.007380 0.961773 -0.273748
vn -0.056289 0.958972 -0.277858
vn -0.286503 0.899500 0.329872
vn -0.286503 0.899500 0.329872
vn -0.138724 0.921721 0.362197
vn -0.007380 0.961773 -0.273748
vn 0.664832 -0.001676 -0.746991
vn 0.473511 0.450126 -0.757083
vn 0.384529 0.407158 -0.828468
vn 0.384529 0.407158 -0.828468
vn 0.526339 -0.059230 -0.848209
vn 0.664832 -0.001676 -0.746991
vn -0.432145 0.858467 0.276197
vn -0.103865 0.951311 -0.290205
vn -0.161706 0.938648 -0.304616
vn -0.161706 0.938648 -0.304616
vn -0.561959 0.800737 0.207418
vn -0.432145 0.858467 0.276197
vn 0.861525 0.146968 -0.485979
vn 0.604463 0.548543 -0.577690
vn 0.549477 0.496172 -0.672227
vn 0.549477 0.496172 -0.672227
vn 0.777943 0.067811 -0.624665
vn 0.861525 0.146968 -0.485979
vn -0.658386 0.744861 0.108215
vn -0.198254 0.921306 -0.334502
vn -0.225551 0.898520 -0.376548
vn -0.225551 0.898520 -0.376548
vn -0.735725 0.677157 -0.012916
vn -0.658386 0.744861 0.108215
vn 0.929357 0.321501 -0.181476
vn 0.648931 0.663554 -0.372269
vn 0.638372 0.604517 -0.476488
vn 0.638372 0.604517 -0.476488
vn 0.912553 0.232474 -0.336457
vn 0.929357 0.321501 -0.181476
vn -0.784157 0.602246 -0.149657
vn -0.240755 0.872801 -0.424565
vn -0.245954 0.845379 -0.474175
vn -0.245954 0.845379 -0.474175
vn -0.801862 0.522356 -0.290106
vn -0.784157 0.602246 -0.149657
vn 0.859781 0.495514 0.123459
vn 0.610322 0.776352 -0.157432
vn 0.639136 0.722112 -0.264686
vn 0.639136 0.722112 -0.264686
vn 0.911477 0.410486 -0.026662
vn 0.859781 0.495514 0.123459
vn -0.784528 0.449456 -0.427206
vn -0.236136 0.821577 -0.518894
vn -0.204944 0.804228 -0.557866
vn -0.204944 0.804228 -0.557866
vn -0.731322 0.389218 -0.560069
vn -0.784528 0.449456 -0.427206
vn 0.663704 0.643036 0.382101
vn 0.487563 0.872584 0.029669
vn 0.559896 0.826459 -0.059013
vn 0.559896 0.826459 -0.059013
vn 0.776585 0.573603 0.260566
vn 0.663704 0.643036 0.382101
vn -0.647380 0.328002 -0.687978
vn -0.165384 0.788303 -0.592643
vn -0.120863 0.776347 -0.618609
vn -0.120863 0.776347 -0.618609
vn -0.540234 0.268945 -0.797380
vn -0.647380 0.328002 -0.687978
vn 0.369528 0.745423 0.554792
vn 0.290736 0.945649 0.145671
vn 0.397339 0.912454 0.097724
vn 0.397339 0.912454 0.097724
vn 0.526719 0.700425 0.481635
vn 0.369528 0.745423 0.554792
vn -0.416860 0.222490 -0.881321
vn -0.073392 0.764537 -0.640388
vn -0.027901 0.758814 -0.650709
vn -0.027901 0.758814 -0.650709
vn -0.282000 0.204133 -0.937446
vn -0.416860 0.222490 -0.881321
vn 0.016709 0.787144 0.616542
vn 0.044115 0.982590 0.180475
vn 0.170024 0.969724 0.175290
vn 0.170024 0.969724 0.175290
vn 0.196118 0.775059 0.600684
vn 0.016709 0.787144 0.616542
vn -0.134036 0.204066 -0.969738
vn 0.012604 0.763879 -0.645237
vn 0.052116 0.767317 -0.639147
vn 0.052116 0.767317 -0.639147
vn 0.028818 0.197661 -0.979847
vn -0.134036 0.204066 -0.969738
vn -0.340436 0.757144 0.557527
vn -0.201847 0.971900 0.121114
vn -0.080639 0.983883 0.159596
vn -0.080639 0.983883 0.159596
vn -0.164958 0.781303 0.601959
vn -0.340436 0.757144 0.557527
vn 0.177583 0.197589 -0.964066
vn 0.089387 0.764875 -0.637947
vn 0.119667 0.765311 -0.632438
vn 0.119667 0.765311 -0.632438
vn 0.321298 0.223796 -0.920154
vn 0.177583 0.197589 -0.964066
vn -0.645022 0.660076 0.385028
vn -0.412975 0.910717 0.006778
vn -0.316564 0.945590 0.075144
vn -0.316564 0.945590 0.075144
vn -0.502626 0.715903 0.484613
vn -0.645022 0.660076 0.385028
vn 0.459263 0.263170 -0.848422
vn 0.154061 0.772660 -0.615842
vn 0.195548 0.776289 -0.599280
vn 0.195548 0.776289 -0.599280
vn 0.573419 0.311473 -0.757744
vn 0.459263 0.263170 -0.848422
vn -0.851339 0.510284 0.121790
vn -0.555365 0.811994 -0.179541
vn -0.493892 0.865753 -0.080890
vn -0.493892 0.865753 -0.080890
vn -0.763228 0.590551 0.262169
vn -0.851339 0.510284 0.121790
vn 0.660875 0.358796 -0.659173
vn 0.233181 0.781417 -0.578804
vn 0.263151 0.793065 -0.549363
vn 0.263151 0.793065 -0.549363
vn 0.723220 0.419643 -0.548501
vn 0.660875 0.358796 -0.659173
vn -0.924332 0.331157 -0.189593
vn -0.607165 0.689771 -0.394420
vn -0.594164 0.752265 -0.284722
vn -0.594164 0.752265 -0.284722
vn -0.905784 0.422622 -0.030747
vn -0.924332 0.331157 -0.189593
vn 0.762080 0.479922 -0.434636
vn 0.280199 0.809141 -0.516507
vn 0.286182 0.832090 -0.475107
vn 0.778130 0.546988 -0.308735
vn 0.778130 0.546988 -0.308735
vn 0.286182 0.832090 -0.475107
vn 0.280223 0.854897 -0.436607
vn 0.280223 0.854897 -0.436607
vn 0.767409 0.613639 -0.185823
vn 0.778130 0.546988 -0.308735
vn 0.264400 0.878388 -0.398155
vn 0.240318 0.899707 -0.364384
vn 0.666574 0.742895 0.061526
vn 0.666574 0.742895 0.061526
vn 0.729372 0.681697 -0.057493
vn 0.264400 0.878388 -0.398155
vn 0.209198 0.918205 -0.336357
vn 0.170535 0.933506 -0.315411
vn 0.465843 0.846771 0.256844
vn 0.465843 0.846771 0.256844
vn 0.579294 0.798150 0.165453
vn 0.209198 0.918205 -0.336357
vn 0.129308 0.945462 -0.298965
vn 0.085426 0.953969 -0.287480
vn 0.175824 0.912092 0.370370
vn 0.175824 0.912092 0.370370
vn 0.331508 0.884593 0.328020
vn 0.129308 0.945462 -0.298965
vn 0.039489 0.959751 -0.278062
vn -0.007380 0.961773 -0.273748
vn -0.138724 0.921721 0.362197
vn -0.138724 0.921721 0.362197
vn 0.023936 0.926544 0.375423
vn 0.039489 0.959751 -0.278062
vn -0.056289 0.958972 -0.277858
vn -0.103865 0.951311 -0.290205
vn -0.432145 0.858467 0.276197
vn -0.432145 0.858467 0.276197
vn -0.286503 0.899500 0.329872
vn -0.056289 0.958972 -0.277858
vn -0.561959 0.800737 0.207418
vn -0.161706 0.938648 -0.304616
vn -0.198254 0.921306 -0.334502
vn -0.198254 0.921306 -0.334502
vn -0.658386 0.744861 0.108215
vn -0.561959 0.800737 0.207418
vn -0.735725 0.677157 -0.012916
vn -0.225551 0.898520 -0.376548
vn -0.240755 0.872801 -0.424565
vn -0.240755 0.872801 -0.424565
vn -0.784157 0.602246 -0.149657
vn -0.735725 0.677157 -0.012916
vn -0.801862 0.522356 -0.290106
vn -0.245954 0.845379 -0.474175
vn -0.236136 0.821577 -0.518894
vn -0.236136 0.821577 -0.518894
vn -0.784528 0.449456 -0.427206
vn -0.801862 0.522356 -0.290106
vn -0.731322 0.389218 -0.560069
vn -0.204944 0.804228 -0.557866
vn -0.165384 0.788303 -0.592643
vn -0.165384 0.788303 -0.592643
vn -0.647380 0.328002 -0.687978
vn -0.731322 0.389218 -0.560069
vn -0.540234 0.268945 -0.797380
vn -0.120863 0.776347 -0.618609
vn -0.073392 0.764537 -0.640388
vn -0.073392 0.764537 -0.640388
vn -0.416860 0.222490 -0.881321
vn -0.540234 0.268945 -0.797380
vn -0.282000 0.204133 -0.937446
vn -0.027901 0.758814 -0.650709
vn 0.012604 0.763879 -0.645237
vn 0.012604 0.763879 -0.645237
vn -0.134036 0.204066 -0.969738
vn -0.282000 0.204133 -0.937446
vn 0.028818 0.197661 -0.979847
vn 0.052116 0.767317 -0.639147
vn 0.089387 0.764875 -0.637947
vn 0.089387 0.764875 -0.637947
vn 0.177583 0.197589 -0.964066
vn 0.028818 0.197661 -0.979847
vn 0.321298 0.223796 -0.920154
vn 0.119667 0.765311 -0.632438
vn 0.154061 0.772660 -0.615842
vn 0.154061 0.772660 -0.615842
vn 0.459263 0.263170 -0.848422
vn 0.321298 0.223796 -0.920154
vn 0.573419 0.311473 -0.757744
vn 0.195548 0.776289 -0.599280
vn 0.233181 0.781417 -0.578804
vn 0.233181 0.781417 -0.578804
vn 0.660875 0.358796 -0.659173
vn 0.573419 0.311473 -0.757744
vn 0.263151 0.793065 -0.549363
vn 0.280199 0.809141 -0.516507
vn 0.762080 0.479922 -0.434636
vn 0.723220 0.419643 -0.548501
vn 0.611413 0.771039 -0.177969
vn 0.343441 0.864489 -0.367025
vn 0.359029 0.840078 -0.406655
vn 0.359029 0.840078 -0.406655
vn 0.637089 0.720206 -0.274629
vn 0.611413 0.771039 -0.177969
vn 0.637089 0.720206 -0.274629
vn 0.359029 0.840078 -0.406655
vn 0.365808 0.821209 -0.437951
vn 0.365808 0.821209 -0.437951
vn 0.643849 0.674548 -0.361170
vn 0.637089 0.720206 -0.274629
vn 0.515991 0.856348 -0.020528
vn 0.311423 0.895672 -0.317470
vn 0.325899 0.883840 -0.335583
vn 0.325899 0.883840 -0.335583
vn 0.569336 0.816881 -0.092529
vn 0.515991 0.856348 -0.020528
vn 0.569336 0.816881 -0.092529
vn 0.325899 0.883840 -0.335583
vn 0.343441 0.864489 -0.367025
vn 0.343441 0.864489 -0.367025
vn 0.611413 0.771039 -0.177969
vn 0.569336 0.816881 -0.092529
vn 0.236303 0.930778 -0.278950
vn 0.280020 0.912158 -0.299261
vn 0.438722 0.896884 0.055879
vn 0.438722 0.896884 0.055879
vn 0.338380 0.933354 0.119792
vn 0.236303 0.930778 -0.278950
vn 0.280020 0.912158 -0.299261
vn 0.311423 0.895672 -0.317470
vn 0.515991 0.856348 -0.020528
vn 0.515991 0.856348 -0.020528
vn 0.438722 0.896884 0.055879
vn 0.280020 0.912158 -0.299261
vn 0.131462 0.956913 -0.258913
vn 0.193304 0.945376 -0.262485
vn 0.221226 0.962202 0.158827
vn 0.221226 0.962202 0.158827
vn 0.093395 0.982534 0.160951
vn 0.131462 0.956913 -0.258913
vn 0.193304 0.945376 -0.262485
vn 0.236303 0.930778 -0.278950
vn 0.338380 0.933354 0.119792
vn 0.338380 0.933354 0.119792
vn 0.221226 0.962202 0.158827
vn 0.193304 0.945376 -0.262485
vn 0.005578 0.959355 -0.282147
vn 0.067107 0.962501 -0.262846
vn -0.049585 0.987655 0.148588
vn -0.049585 0.987655 0.148588
vn -0.177394 0.977147 0.117111
vn 0.005578 0.959355 -0.282147
vn 0.067107 0.962501 -0.262846
vn 0.131462 0.956913 -0.258913
vn 0.093395 0.982534 0.160951
vn 0.093395 0.982534 0.160951
vn -0.049585 0.987655 0.148588
vn 0.067107 0.962501 -0.262846
vn -0.406992 0.913325 -0.013959
vn -0.109490 0.929510 -0.352169
vn -0.066559 0.944501 -0.321696
vn -0.066559 0.944501 -0.321696
vn -0.310647 0.948738 0.058265
vn -0.406992 0.913325 -0.013959
vn -0.310647 0.948738 0.058265
vn -0.066559 0.944501 -0.321696
vn 0.005578 0.959355 -0.282147
vn 0.005578 0.959355 -0.282147
vn -0.177394 0.977147 0.117111
vn -0.310647 0.948738 0.058265
vn -0.533969 0.825908 -0.180979
vn -0.140314 0.901735 -0.408883
vn -0.123342 0.918358 -0.376040
vn -0.123342 0.918358 -0.376040
vn -0.475308 0.875307 -0.088997
vn -0.533969 0.825908 -0.180979
vn -0.475308 0.875307 -0.088997
vn -0.123342 0.918358 -0.376040
vn -0.109490 0.929510 -0.352169
vn -0.109490 0.929510 -0.352169
vn -0.406992 0.913325 -0.013959
vn -0.475308 0.875307 -0.088997
vn -0.583682 0.711961 -0.390419
vn -0.153609 0.866269 -0.475376
vn -0.150645 0.882750 -0.445039
vn -0.150645 0.882750 -0.445039
vn -0.570485 0.769701 -0.286543
vn -0.583682 0.711961 -0.390419
vn -0.570485 0.769701 -0.286543
vn -0.150645 0.882750 -0.445039
vn -0.140314 0.901735 -0.408883
vn -0.140314 0.901735 -0.408883
vn -0.533969 0.825908 -0.180979
vn -0.570485 0.769701 -0.286543
vn -0.545461 0.605501 -0.579518
vn -0.159017 0.838357 -0.521413
vn -0.159461 0.855609 -0.492448
vn -0.159461 0.855609 -0.492448
vn -0.574198 0.660614 -0.483617
vn -0.545461 0.605501 -0.579518
vn -0.574198 0.660614 -0.483617
vn -0.159461 0.855609 -0.492448
vn -0.153609 0.866269 -0.475376
vn -0.153609 0.866269 -0.475376
vn -0.583682 0.711961 -0.390419
vn -0.574198 0.660614 -0.483617
vn -0.105798 0.783119 -0.612807
vn -0.146703 0.807733 -0.571004
vn -0.487921 0.541776 -0.684406
vn -0.487921 0.541776 -0.684406
vn -0.399229 0.488156 -0.776093
vn -0.105798 0.783119 -0.612807
vn -0.146703 0.807733 -0.571004
vn -0.159017 0.838357 -0.521413
vn -0.545461 0.605501 -0.579518
vn -0.545461 0.605501 -0.579518
vn -0.487921 0.541776 -0.684406
vn -0.146703 0.807733 -0.571004
vn -0.201764 0.419524 -0.885037
vn -0.029044 0.753043 -0.657330
vn -0.060547 0.768892 -0.636505
vn -0.060547 0.768892 -0.636505
vn -0.301827 0.447646 -0.841732
vn -0.201764 0.419524 -0.885037
vn -0.060547 0.768892 -0.636505
vn -0.105798 0.783119 -0.612807
vn -0.399229 0.488156 -0.776093
vn -0.399229 0.488156 -0.776093
vn -0.301827 0.447646 -0.841732
vn -0.060547 0.768892 -0.636505
vn 0.065378 0.368807 -0.927204
vn 0.098342 0.712080 -0.695177
vn 0.022425 0.729804 -0.683288
vn 0.022425 0.729804 -0.683288
vn -0.080850 0.390456 -0.917064
vn 0.065378 0.368807 -0.927204
vn -0.080850 0.390456 -0.917064
vn 0.022425 0.729804 -0.683288
vn -0.029044 0.753043 -0.657330
vn -0.029044 0.753043 -0.657330
vn -0.201764 0.419524 -0.885037
vn -0.080850 0.390456 -0.917064
vn 0.323979 0.387372 -0.863122
vn 0.225633 0.713492 -0.663339
vn 0.159593 0.711715 -0.684099
vn 0.159593 0.711715 -0.684099
vn 0.194773 0.369296 -0.908672
vn 0.323979 0.387372 -0.863122
vn 0.194773 0.369296 -0.908672
vn 0.159593 0.711715 -0.684099
vn 0.098342 0.712080 -0.695177
vn 0.098342 0.712080 -0.695177
vn 0.065378 0.368807 -0.927204
vn 0.194773 0.369296 -0.908672
vn 0.529380 0.484791 -0.696229
vn 0.339529 0.748654 -0.569419
vn 0.293046 0.726032 -0.622095
vn 0.293046 0.726032 -0.622095
vn 0.441870 0.429904 -0.787358
vn 0.529380 0.484791 -0.696229
vn 0.441870 0.429904 -0.787358
vn 0.293046 0.726032 -0.622095
vn 0.225633 0.713492 -0.663339
vn 0.225633 0.713492 -0.663339
vn 0.323979 0.387372 -0.863122
vn 0.441870 0.429904 -0.787358
vn 0.617319 0.581375 -0.530019
vn 0.365197 0.786622 -0.497852
vn 0.358807 0.769088 -0.528925
vn 0.358807 0.769088 -0.528925
vn 0.582996 0.533608 -0.612681
vn 0.617319 0.581375 -0.530019
vn 0.582996 0.533608 -0.612681
vn 0.358807 0.769088 -0.528925
vn 0.339529 0.748654 -0.569419
vn 0.339529 0.748654 -0.569419
vn 0.529380 0.484791 -0.696229
vn 0.582996 0.533608 -0.612681
vn 0.643849 0.674548 -0.361170
vn 0.365808 0.821209 -0.437951
vn 0.363269 0.807387 -0.464932
vn 0.363269 0.807387 -0.464932
vn 0.635461 0.629986 -0.446438
vn 0.643849 0.674548 -0.361170
vn 0.635461 0.629986 -0.446438
vn 0.363269 0.807387 -0.464932
vn 0.365197 0.786622 -0.497852
vn 0.365197 0.786622 -0.497852
vn 0.617319 0.581375 -0.530019
vn 0.635461 0.629986 -0.446438
vn 0.024069 -0.973417 -0.227771
vn -0.665647 -0.727923 -0.164447
vn -0.586368 -0.794057 -0.160146
vn -0.586368 -0.794057 -0.160146
vn 0.020462 -0.998648 -0.047786
vn 0.024069 -0.973417 -0.227771
vn -0.009227 -0.916342 -0.400291
vn -0.011455 -0.933961 -0.357191
vn -0.192733 -0.936011 -0.294511
vn -0.192733 -0.936011 -0.294511
vn -0.165266 -0.921162 -0.352346
vn -0.009227 -0.916342 -0.400291
vn 0.009919 -0.994200 0.107092
vn -0.508371 -0.851569 -0.128021
vn -0.406311 -0.903925 -0.133534
vn -0.406311 -0.903925 -0.133534
vn -0.018578 -0.975178 0.220643
vn 0.009919 -0.994200 0.107092
vn 0.020462 -0.998648 -0.047786
vn -0.586368 -0.794057 -0.160146
vn -0.508371 -0.851569 -0.128021
vn -0.508371 -0.851569 -0.128021
vn 0.009919 -0.994200 0.107092
vn 0.020462 -0.998648 -0.047786
vn -0.801962 -0.596772 -0.026827
vn -0.854460 -0.518336 -0.035024
vn -0.814436 -0.563995 0.136392
vn -0.814436 -0.563995 0.136392
vn -0.735253 -0.666534 0.123029
vn -0.801962 -0.596772 -0.026827
vn -0.575147 -0.817622 0.026468
vn -0.572156 -0.816407 -0.078209
vn -0.694115 -0.719008 -0.035101
vn -0.694115 -0.719008 -0.035101
vn -0.653606 -0.749728 0.103476
vn -0.575147 -0.817622 0.026468
vn -0.694115 -0.719008 -0.035101
vn -0.801962 -0.596772 -0.026827
vn -0.735253 -0.666534 0.123029
vn -0.735253 -0.666534 0.123029
vn -0.653606 -0.749728 0.103476
vn -0.694115 -0.719008 -0.035101
vn -0.491191 -0.868913 -0.061005
vn -0.410193 -0.900424 -0.144839
vn -0.572156 -0.816407 -0.078209
vn -0.572156 -0.816407 -0.078209
vn -0.575147 -0.817622 0.026468
vn -0.491191 -0.868913 -0.061005
vn -0.058613 -0.971228 0.230825
vn -0.192733 -0.936011 -0.294511
vn -0.011455 -0.933961 -0.357191
vn -0.011455 -0.933961 -0.357191
vn -0.009894 -0.984220 0.176674
vn -0.058613 -0.971228 0.230825
vn -0.018578 -0.975178 0.220643
vn -0.406311 -0.903925 -0.133534
vn -0.319598 -0.925872 -0.201541
vn -0.319598 -0.925872 -0.201541
vn -0.062037 -0.965248 0.253867
vn -0.018578 -0.975178 0.220643
vn -0.165266 -0.921162 -0.352346
vn -0.192733 -0.936011 -0.294511
vn -0.319598 -0.925872 -0.201541
vn -0.319598 -0.925872 -0.201541
vn -0.293865 -0.921169 -0.255130
vn -0.165266 -0.921162 -0.352346
vn -0.062037 -0.965248 0.253867
vn -0.319598 -0.925872 -0.201541
vn -0.192733 -0.936011 -0.294511
vn -0.192733 -0.936011 -0.294511
vn -0.058613 -0.971228 0.230825
vn -0.062037 -0.965248 0.253867
vn -0.293865 -0.921169 -0.255130
vn -0.319598 -0.925872 -0.201541
vn -0.406311 -0.903925 -0.133534
vn -0.406311 -0.903925 -0.133534
vn -0.410193 -0.900424 -0.144839
vn -0.293865 -0.921169 -0.255130
vn -0.410193 -0.900424 -0.144839
vn -0.406311 -0.903925 -0.133534
vn -0.508371 -0.851569 -0.128021
vn -0.508371 -0.851569 -0.128021
vn -0.572156 -0.816407 -0.078209
vn -0.410193 -0.900424 -0.144839
vn -0.572156 -0.816407 -0.078209
vn -0.508371 -0.851569 -0.128021
vn -0.586368 -0.794057 -0.160146
vn -0.586368 -0.794057 -0.160146
vn -0.694115 -0.719008 -0.035101
vn -0.572156 -0.816407 -0.078209
vn -0.694115 -0.719008 -0.035101
vn -0.586368 -0.794057 -0.160146
vn -0.665647 -0.727923 -0.164447
vn -0.665647 -0.727923 -0.164447
vn -0.801962 -0.596772 -0.026827
vn -0.694115 -0.719008 -0.035101
vn -0.801962 -0.596772 -0.026827
vn -0.665647 -0.727923 -0.164447
vn -0.723181 -0.679850 -0.121707
vn -0.723181 -0.679850 -0.121707
vn -0.854460 -0.518336 -0.035024
vn -0.801962 -0.596772 -0.026827
vn -0.777117 -0.584503 0.233336
vn -0.735253 -0.666534 0.123029
vn -0.814436 -0.563995 0.136392
vn -0.814436 -0.563995 0.136392
vn -0.724164 -0.421920 0.545500
vn -0.777117 -0.584503 0.233336
vn -0.706339 -0.685623 0.176085
vn -0.653606 -0.749728 0.103476
vn -0.735253 -0.666534 0.123029
vn -0.735253 -0.666534 0.123029
vn -0.777117 -0.584503 0.233336
vn -0.706339 -0.685623 0.176085
vn -0.653606 -0.749728 0.103476
vn -0.706339 -0.685623 0.176085
vn -0.636650 -0.765573 0.092602
vn -0.636650 -0.765573 0.092602
vn -0.575147 -0.817622 0.026468
vn -0.653606 -0.749728 0.103476
vn -0.575147 -0.817622 0.026468
vn -0.636650 -0.765573 0.092602
vn -0.580070 -0.813906 -0.032792
vn -0.580070 -0.813906 -0.032792
vn -0.491191 -0.868913 -0.061005
vn -0.575147 -0.817622 0.026468
vn -0.479613 -0.318460 0.817652
vn -0.731088 -0.597076 0.330168
vn -0.777117 -0.584503 0.233336
vn -0.777117 -0.584503 0.233336
vn -0.724164 -0.421920 0.545500
vn -0.479613 -0.318460 0.817652
vn -0.691368 -0.674964 0.257749
vn -0.669900 -0.728319 0.144171
vn -0.636650 -0.765573 0.092602
vn -0.636650 -0.765573 0.092602
vn -0.706339 -0.685623 0.176085
vn -0.691368 -0.674964 0.257749
vn -0.636650 -0.765573 0.092602
vn -0.669900 -0.728319 0.144171
vn -0.654088 -0.756293 -0.013783
vn -0.654088 -0.756293 -0.013783
vn -0.580070 -0.813906 -0.032792
vn -0.636650 -0.765573 0.092602
vn -0.491191 -0.868913 -0.061005
vn -0.388287 -0.762697 -0.517229
vn -0.291365 -0.792759 -0.535388
vn -0.291365 -0.792759 -0.535388
vn -0.410193 -0.900424 -0.144839
vn -0.491191 -0.868913 -0.061005
vn -0.410193 -0.900424 -0.144839
vn -0.291365 -0.792759 -0.535388
vn -0.195032 -0.798207 -0.569937
vn -0.195032 -0.798207 -0.569937
vn -0.293865 -0.921169 -0.255130
vn -0.410193 -0.900424 -0.144839
vn -0.293865 -0.921169 -0.255130
vn -0.195032 -0.798207 -0.569937
vn -0.099562 -0.785572 -0.610708
vn -0.099562 -0.785572 -0.610708
vn -0.165266 -0.921162 -0.352346
vn -0.293865 -0.921169 -0.255130
vn -0.165266 -0.921162 -0.352346
vn -0.099562 -0.785572 -0.610708
vn -0.004304 -0.781760 -0.623565
vn -0.004304 -0.781760 -0.623565
vn -0.009227 -0.916342 -0.400291
vn -0.165266 -0.921162 -0.352346
vn -0.654088 -0.756293 -0.013783
vn -0.556934 -0.644692 -0.523637
vn -0.482076 -0.706597 -0.517999
vn -0.482076 -0.706597 -0.517999
vn -0.580070 -0.813906 -0.032792
vn -0.654088 -0.756293 -0.013783
vn -0.029426 -0.969458 -0.243487
vn -0.723181 -0.679850 -0.121707
vn -0.665647 -0.727923 -0.164447
vn -0.665647 -0.727923 -0.164447
vn 0.024069 -0.973417 -0.227771
vn -0.029426 -0.969458 -0.243487
vn 0.109404 -0.986523 0.121668
vn 0.000000 -0.992380 0.123213
vn 0.000000 -0.999751 0.022329
vn 0.000000 -0.999751 0.022329
vn 0.111763 -0.993518 0.020773
vn 0.109404 -0.986523 0.121668
vn 0.219076 -0.968654 0.117114
vn 0.109404 -0.986523 0.121668
vn 0.111763 -0.993518 0.020773
vn 0.111763 -0.993518 0.020773
vn 0.223295 -0.974610 0.016578
vn 0.219076 -0.968654 0.117114
vn 0.109404 -0.986523 0.121668
vn 0.219076 -0.968654 0.117114
vn 0.210879 -0.950614 0.227733
vn 0.210879 -0.950614 0.227733
vn 0.105498 -0.966918 0.232251
vn 0.109404 -0.986523 0.121668
vn 0.000000 -0.992380 0.123213
vn 0.109404 -0.986523 0.121668
vn 0.105498 -0.966918 0.232251
vn 0.105498 -0.966918 0.232251
vn 0.000000 -0.972356 0.233502
vn 0.000000 -0.992380 0.123213
vn 0.324831 -0.939374 0.109821
vn 0.313420 -0.923698 0.220340
vn 0.210879 -0.950614 0.227733
vn 0.210879 -0.950614 0.227733
vn 0.219076 -0.968654 0.117114
vn 0.324831 -0.939374 0.109821
vn 0.331265 -0.943487 0.009834
vn 0.324831 -0.939374 0.109821
vn 0.219076 -0.968654 0.117114
vn 0.219076 -0.968654 0.117114
vn 0.223295 -0.974610 0.016578
vn 0.331265 -0.943487 0.009834
vn 0.324831 -0.939374 0.109821
vn 0.331265 -0.943487 0.009834
vn 0.436027 -0.899934 -0.000089
vn 0.436027 -0.899934 -0.000089
vn 0.427843 -0.898339 0.099690
vn 0.324831 -0.939374 0.109821
vn 0.313420 -0.923698 0.220340
vn 0.324831 -0.939374 0.109821
vn 0.427843 -0.898339 0.099690
vn 0.427843 -0.898339 0.099690
vn 0.413404 -0.885858 0.210600
vn 0.313420 -0.923698 0.220340
vn 0.526254 -0.845883 0.086825
vn 0.509485 -0.837341 0.198206
vn 0.413404 -0.885858 0.210600
vn 0.413404 -0.885858 0.210600
vn 0.427843 -0.898339 0.099690
vn 0.526254 -0.845883 0.086825
vn 0.535407 -0.844498 -0.012751
vn 0.526254 -0.845883 0.086825
vn 0.427843 -0.898339 0.099690
vn 0.427843 -0.898339 0.099690
vn 0.436027 -0.899934 -0.000089
vn 0.535407 -0.844498 -0.012751
vn 0.526254 -0.845883 0.086825
vn 0.535407 -0.844498 -0.012751
vn 0.628295 -0.777466 -0.028161
vn 0.628295 -0.777466 -0.028161
vn 0.618698 -0.782383 0.071338
vn 0.526254 -0.845883 0.086825
vn 0.509485 -0.837341 0.198206
vn 0.526254 -0.845883 0.086825
vn 0.618698 -0.782383 0.071338
vn 0.618698 -0.782383 0.071338
vn 0.600466 -0.778370 0.183251
vn 0.509485 -0.837341 0.198206
vn 0.703603 -0.708585 0.053382
vn 0.685003 -0.709406 0.165872
vn 0.600466 -0.778370 0.183251
vn 0.600466 -0.778370 0.183251
vn 0.618698 -0.782383 0.071338
vn 0.703603 -0.708585 0.053382
vn 0.712606 -0.700048 -0.046108
vn 0.703603 -0.708585 0.053382
vn 0.618698 -0.782383 0.071338
vn 0.618698 -0.782383 0.071338
vn 0.628295 -0.777466 -0.028161
vn 0.712606 -0.700048 -0.046108
vn 0.703603 -0.708585 0.053382
vn 0.712606 -0.700048 -0.046108
vn 0.787160 -0.613169 -0.066356
vn 0.787160 -0.613169 -0.066356
vn 0.779637 -0.625348 0.033247
vn 0.703603 -0.708585 0.053382
vn 0.685003 -0.709406 0.165872
vn 0.703603 -0.708585 0.053382
vn 0.779637 -0.625348 0.033247
vn 0.779637 -0.625348 0.033247
vn 0.761818 -0.631047 0.146332
vn 0.685003 -0.709406 0.165872
vn 0.845629 -0.533653 0.011188
vn 0.829748 -0.543989 0.124875
vn 0.761818 -0.631047 0.146332
vn 0.761818 -0.631047 0.146332
vn 0.779637 -0.625348 0.033247
vn 0.845629 -0.533653 0.011188
vn 0.850718 -0.518075 -0.088758
vn 0.845629 -0.533653 0.011188
vn 0.779637 -0.625348 0.033247
vn 0.779637 -0.625348 0.033247
vn 0.787160 -0.613169 -0.066356
vn 0.850718 -0.518075 -0.088758
vn 0.845629 -0.533653 0.011188
vn 0.850718 -0.518075 -0.088758
vn 0.902214 -0.416272 -0.112815
vn 0.902214 -0.416272 -0.112815
vn 0.900510 -0.434655 -0.012507
vn 0.845629 -0.533653 0.011188
vn 0.829748 -0.543989 0.124875
vn 0.845629 -0.533653 0.011188
vn 0.900510 -0.434655 -0.012507
vn 0.900510 -0.434655 -0.012507
vn 0.887625 -0.449170 0.101821
vn 0.829748 -0.543989 0.124875
vn 0.943258 -0.329934 -0.037525
vn 0.934358 -0.347802 0.077524
vn 0.887625 -0.449170 0.101821
vn 0.887625 -0.449170 0.101821
vn 0.900510 -0.434655 -0.012507
vn 0.943258 -0.329934 -0.037525
vn 0.940843 -0.309317 -0.138342
vn 0.943258 -0.329934 -0.037525
vn 0.900510 -0.434655 -0.012507
vn 0.900510 -0.434655 -0.012507
vn 0.902214 -0.416272 -0.112815
vn 0.940843 -0.309317 -0.138342
vn 0.943258 -0.329934 -0.037525
vn 0.940843 -0.309317 -0.138342
vn 0.965913 -0.199778 -0.164624
vn 0.965913 -0.199778 -0.164624
vn 0.973155 -0.221216 -0.063502
vn 0.943258 -0.329934 -0.037525
vn 0.934358 -0.347802 0.077524
vn 0.943258 -0.329934 -0.037525
vn 0.973155 -0.221216 -0.063502
vn 0.973155 -0.221216 -0.063502
vn 0.969022 -0.241348 0.052425
vn 0.934358 -0.347802 0.077524
vn 0.989699 -0.111430 -0.089888
vn 0.990860 -0.132136 0.027150
vn 0.969022 -0.241348 0.052425
vn 0.969022 -0.241348 0.052425
vn 0.973155 -0.221216 -0.063502
vn 0.989699 -0.111430 -0.089888
vn 0.977288 -0.090073 -0.191822
vn 0.989699 -0.111430 -0.089888
vn 0.973155 -0.221216 -0.063502
vn 0.973155 -0.221216 -0.063502
vn 0.965913 -0.199778 -0.164624
vn 0.977288 -0.090073 -0.191822
vn 0.989699 -0.111430 -0.089888
vn 0.977288 -0.090073 -0.191822
vn 0.975780 0.015156 -0.218230
vn 0.975780 0.015156 -0.218230
vn 0.993271 -0.003321 -0.115768
vn 0.989699 -0.111430 -0.089888
vn 0.990860 -0.132136 0.027150
vn 0.989699 -0.111430 -0.089888
vn 0.993271 -0.003321 -0.115768
vn 0.993271 -0.003321 -0.115768
vn 0.999740 -0.022650 0.002601
vn 0.990860 -0.132136 0.027150
vn 0.984688 0.102994 -0.140651
vn 0.996042 0.086422 -0.020777
vn 0.999740 -0.022650 0.002601
vn 0.999740 -0.022650 0.002601
vn 0.993271 -0.003321 -0.115768
vn 0.984688 0.102994 -0.140651
vn 0.962271 0.118453 -0.244956
vn 0.984688 0.102994 -0.140651
vn 0.993271 -0.003321 -0.115768
vn 0.993271 -0.003321 -0.115768
vn 0.975780 0.015156 -0.218230
vn 0.962271 0.118453 -0.244956
vn 0.984688 0.102994 -0.140651
vn 0.962271 0.118453 -0.244956
vn 0.937784 0.217686 -0.270507
vn 0.937784 0.217686 -0.270507
vn 0.964343 0.207485 -0.164293
vn 0.984688 0.102994 -0.140651
vn 0.996042 0.086422 -0.020777
vn 0.984688 0.102994 -0.140651
vn 0.964343 0.207485 -0.164293
vn 0.964343 0.207485 -0.164293
vn 0.979964 0.194536 -0.042728
vn 0.996042 0.086422 -0.020777
vn 0.931865 0.310989 -0.186851
vn 0.951290 0.301722 -0.063332
vn 0.979964 0.194536 -0.042728
vn 0.979964 0.194536 -0.042728
vn 0.964343 0.207485 -0.164293
vn 0.931865 0.310989 -0.186851
vn 0.900922 0.317097 -0.296293
vn 0.931865 0.310989 -0.186851
vn 0.964343 0.207485 -0.164293
vn 0.964343 0.207485 -0.164293
vn 0.937784 0.217686 -0.270507
vn 0.900922 0.317097 -0.296293
vn 0.931865 0.310989 -0.186851
vn 0.900922 0.317097 -0.296293
vn 0.851299 0.414767 -0.321338
vn 0.851299 0.414767 -0.321338
vn 0.885971 0.413945 -0.209059
vn 0.931865 0.310989 -0.186851
vn 0.951290 0.301722 -0.063332
vn 0.931865 0.310989 -0.186851
vn 0.885971 0.413945 -0.209059
vn 0.885971 0.413945 -0.209059
vn 0.909199 0.407988 -0.083085
vn 0.951290 0.301722 -0.063332
vn 0.830273 0.507529 -0.230350
vn 0.856059 0.506885 -0.101150
vn 0.909199 0.407988 -0.083085
vn 0.909199 0.407988 -0.083085
vn 0.885971 0.413945 -0.209059
vn 0.830273 0.507529 -0.230350
vn 0.792109 0.503026 -0.345728
vn 0.830273 0.507529 -0.230350
vn 0.885971 0.413945 -0.209059
vn 0.885971 0.413945 -0.209059
vn 0.851299 0.414767 -0.321338
vn 0.792109 0.503026 -0.345728
vn 0.830273 0.507529 -0.230350
vn 0.792109 0.503026 -0.345728
vn 0.734415 0.571622 -0.365900
vn 0.734415 0.571622 -0.365900
vn 0.771483 0.585780 -0.248346
vn 0.830273 0.507529 -0.230350
vn 0.856059 0.506885 -0.101150
vn 0.830273 0.507529 -0.230350
vn 0.771483 0.585780 -0.248346
vn 0.771483 0.585780 -0.248346
vn 0.796751 0.593161 -0.115534
vn 0.856059 0.506885 -0.101150
vn 0.708097 0.655826 -0.261709
vn 0.730482 0.671219 -0.125941
vn 0.796751 0.593161 -0.115534
vn 0.796751 0.593161 -0.115534
vn 0.771483 0.585780 -0.248346
vn 0.708097 0.655826 -0.261709
vn 0.672886 0.632568 -0.383514
vn 0.708097 0.655826 -0.261709
vn 0.771483 0.585780 -0.248346
vn 0.771483 0.585780 -0.248346
vn 0.734415 0.571622 -0.365900
vn 0.672886 0.632568 -0.383514
vn 0.708097 0.655826 -0.261709
vn 0.672886 0.632568 -0.383514
vn 0.605091 0.689369 -0.398290
vn 0.605091 0.689369 -0.398290
vn 0.636055 0.722420 -0.271189
vn 0.708097 0.655826 -0.261709
vn 0.730482 0.671219 -0.125941
vn 0.708097 0.655826 -0.261709
vn 0.636055 0.722420 -0.271189
vn 0.636055 0.722420 -0.271189
vn 0.654380 0.744307 -0.133392
vn 0.730482 0.671219 -0.125941
vn 0.547374 0.789259 -0.278303
vn 0.563048 0.814561 -0.139523
vn 0.654380 0.744307 -0.133392
vn 0.654380 0.744307 -0.133392
vn 0.636055 0.722420 -0.271189
vn 0.547374 0.789259 -0.278303
vn 0.556072 0.730620 -0.396205
vn 0.547374 0.789259 -0.278303
vn 0.636055 0.722420 -0.271189
vn 0.636055 0.722420 -0.271189
vn 0.605091 0.689369 -0.398290
vn 0.556072 0.730620 -0.396205
vn 0.479023 0.842176 -0.247540
vn 0.547374 0.789259 -0.278303
vn 0.556072 0.730620 -0.396205
vn 0.563048 0.814561 -0.139523
vn 0.547374 0.789259 -0.278303
vn 0.479023 0.842176 -0.247540
vn 0.479023 0.842176 -0.247540
vn 0.451547 0.880195 -0.146160
vn 0.563048 0.814561 -0.139523
vn 0.451547 0.880195 -0.146160
vn 0.479023 0.842176 -0.247540
vn 0.346880 0.929506 -0.125275
vn 0.208784 -0.940236 0.269007
vn 0.104747 -0.956392 0.272659
vn 0.105498 -0.966918 0.232251
vn 0.105498 -0.966918 0.232251
vn 0.210879 -0.950614 0.227733
vn 0.208784 -0.940236 0.269007
vn 0.000000 -0.961802 0.273747
vn 0.000000 -0.972356 0.233502
vn 0.105498 -0.966918 0.232251
vn 0.105498 -0.966918 0.232251
vn 0.104747 -0.956392 0.272659
vn 0.000000 -0.961802 0.273747
vn 0.410114 -0.876041 0.253692
vn 0.310849 -0.913446 0.262659
vn 0.313420 -0.923698 0.220340
vn 0.313420 -0.923698 0.220340
vn 0.413404 -0.885858 0.210600
vn 0.410114 -0.876041 0.253692
vn 0.310849 -0.913446 0.262659
vn 0.208784 -0.940236 0.269007
vn 0.210879 -0.950614 0.227733
vn 0.210879 -0.950614 0.227733
vn 0.313420 -0.923698 0.220340
vn 0.310849 -0.913446 0.262659
vn 0.596027 -0.769918 0.227987
vn 0.505538 -0.828137 0.242116
vn 0.509485 -0.837341 0.198206
vn 0.509485 -0.837341 0.198206
vn 0.600466 -0.778370 0.183251
vn 0.596027 -0.769918 0.227987
vn 0.505538 -0.828137 0.242116
vn 0.410114 -0.876041 0.253692
vn 0.413404 -0.885858 0.210600
vn 0.413404 -0.885858 0.210600
vn 0.509485 -0.837341 0.198206
vn 0.505538 -0.828137 0.242116
vn 0.756997 -0.624384 0.192617
vn 0.680235 -0.701840 0.211425
vn 0.685003 -0.709406 0.165872
vn 0.685003 -0.709406 0.165872
vn 0.761818 -0.631047 0.146332
vn 0.756997 -0.624384 0.192617
vn 0.680235 -0.701840 0.211425
vn 0.596027 -0.769918 0.227987
vn 0.600466 -0.778370 0.183251
vn 0.600466 -0.778370 0.183251
vn 0.685003 -0.709406 0.165872
vn 0.680235 -0.701840 0.211425
vn 0.883390 -0.444221 0.149299
vn 0.825087 -0.538251 0.171806
vn 0.829748 -0.543989 0.124875
vn 0.829748 -0.543989 0.124875
vn 0.887625 -0.449170 0.101821
vn 0.883390 -0.444221 0.149299
vn 0.825087 -0.538251 0.171806
vn 0.756997 -0.624384 0.192617
vn 0.761818 -0.631047 0.146332
vn 0.761818 -0.631047 0.146332
vn 0.829748 -0.543989 0.124875
vn 0.825087 -0.538251 0.171806
vn 0.966143 -0.237462 0.100891
vn 0.930716 -0.343534 0.125507
vn 0.934358 -0.347802 0.077524
vn 0.934358 -0.347802 0.077524
vn 0.969022 -0.241348 0.052425
vn 0.966143 -0.237462 0.100891
vn 0.930716 -0.343534 0.125507
vn 0.883390 -0.444221 0.149299
vn 0.887625 -0.449170 0.101821
vn 0.887625 -0.449170 0.101821
vn 0.934358 -0.347802 0.077524
vn 0.930716 -0.343534 0.125507
vn 0.998476 -0.018668 0.051929
vn 0.988791 -0.128439 0.076131
vn 0.990860 -0.132136 0.027150
vn 0.990860 -0.132136 0.027150
vn 0.999740 -0.022650 0.002601
vn 0.998476 -0.018668 0.051929
vn 0.988791 -0.128439 0.076131
vn 0.966143 -0.237462 0.100891
vn 0.969022 -0.241348 0.052425
vn 0.969022 -0.241348 0.052425
vn 0.990860 -0.132136 0.027150
vn 0.988791 -0.128439 0.076131
vn 0.979805 0.199841 0.006728
vn 0.995441 0.090953 0.028703
vn 0.996042 0.086422 -0.020777
vn 0.996042 0.086422 -0.020777
vn 0.979964 0.194536 -0.042728
vn 0.979805 0.199841 0.006728
vn 0.995441 0.090953 0.028703
vn 0.998476 -0.018668 0.051929
vn 0.999740 -0.022650 0.002601
vn 0.999740 -0.022650 0.002601
vn 0.996042 0.086422 -0.020777
vn 0.995441 0.090953 0.028703
vn 0.909419 0.414565 -0.033060
vn 0.951374 0.307728 -0.013844
vn 0.951290 0.301722 -0.063332
vn 0.951290 0.301722 -0.063332
vn 0.909199 0.407988 -0.083085
vn 0.909419 0.414565 -0.033060
vn 0.951374 0.307728 -0.013844
vn 0.979805 0.199841 0.006728
vn 0.979964 0.194536 -0.042728
vn 0.979964 0.194536 -0.042728
vn 0.951290 0.301722 -0.063332
vn 0.951374 0.307728 -0.013844
vn 0.796664 0.601050 -0.063763
vn 0.856445 0.513813 -0.049985
vn 0.856059 0.506885 -0.101150
vn 0.856059 0.506885 -0.101150
vn 0.796751 0.593161 -0.115534
vn 0.796664 0.601050 -0.063763
vn 0.856445 0.513813 -0.049985
vn 0.909419 0.414565 -0.033060
vn 0.909199 0.407988 -0.083085
vn 0.909199 0.407988 -0.083085
vn 0.856059 0.506885 -0.101150
vn 0.856445 0.513813 -0.049985
vn 0.652069 0.753514 -0.083802
vn 0.729352 0.680036 -0.074817
vn 0.730482 0.671219 -0.125941
vn 0.730482 0.671219 -0.125941
vn 0.654380 0.744307 -0.133392
vn 0.652069 0.753514 -0.083802
vn 0.729352 0.680036 -0.074817
vn 0.796664 0.601050 -0.063763
vn 0.796751 0.593161 -0.115534
vn 0.796751 0.593161 -0.115534
vn 0.730482 0.671219 -0.125941
vn 0.729352 0.680036 -0.074817
vn 0.449119 0.888054 -0.098242
vn 0.560244 0.823272 -0.091377
vn 0.563048 0.814561 -0.139523
vn 0.563048 0.814561 -0.139523
vn 0.451547 0.880195 -0.146160
vn 0.449119 0.888054 -0.098242
vn 0.560244 0.823272 -0.091377
vn 0.652069 0.753514 -0.083802
vn 0.654380 0.744307 -0.133392
vn 0.654380 0.744307 -0.133392
vn 0.563048 0.814561 -0.139523
vn 0.560244 0.823272 -0.091377
vn 0.215913 0.970416 -0.108048
vn 0.330149 0.938185 -0.103977
vn 0.346880 0.929506 -0.125275
vn 0.346880 0.929506 -0.125275
vn 0.218573 0.969856 -0.107726
vn 0.215913 0.970416 -0.108048
vn 0.330149 0.938185 -0.103977
vn 0.449119 0.888054 -0.098242
vn 0.451547 0.880195 -0.146160
vn 0.451547 0.880195 -0.146160
vn 0.346880 0.929506 -0.125275
vn 0.330149 0.938185 -0.103977
vn 0.106344 0.988131 -0.110851
vn 0.107109 0.988093 -0.110455
vn 0.000000 0.993732 -0.111785
vn 0.000000 0.993732 -0.111785
vn 0.000000 0.993660 -0.112425
vn 0.106344 0.988131 -0.110851
vn 0.106344 0.988131 -0.110851
vn 0.215913 0.970416 -0.108048
vn 0.218573 0.969856 -0.107726
vn 0.218573 0.969856 -0.107726
vn 0.107109 0.988093 -0.110455
vn 0.106344 0.988131 -0.110851
vn 0.110687 -0.993808 -0.009751
vn 0.111763 -0.993518 0.020773
vn 0.000000 -0.999751 0.022329
vn 0.000000 -0.999751 0.022329
vn 0.000000 -0.999965 -0.008382
vn 0.110687 -0.993808 -0.009751
vn 0.220772 -0.975228 -0.013759
vn 0.223295 -0.974610 0.016578
vn 0.111763 -0.993518 0.020773
vn 0.111763 -0.993518 0.020773
vn 0.110687 -0.993808 -0.009751
vn 0.220772 -0.975228 -0.013759
vn 0.220772 -0.975228 -0.013759
vn 0.327906 -0.944486 -0.020594
vn 0.331265 -0.943487 0.009834
vn 0.331265 -0.943487 0.009834
vn 0.223295 -0.974610 0.016578
vn 0.220772 -0.975228 -0.013759
vn 0.431860 -0.901433 -0.030257
vn 0.436027 -0.899934 -0.000089
vn 0.331265 -0.943487 0.009834
vn 0.331265 -0.943487 0.009834
vn 0.327906 -0.944486 -0.020594
vn 0.431860 -0.901433 -0.030257
vn 0.431860 -0.901433 -0.030257
vn 0.530397 -0.846678 -0.042611
vn 0.535407 -0.844498 -0.012751
vn 0.535407 -0.844498 -0.012751
vn 0.436027 -0.899934 -0.000089
vn 0.431860 -0.901433 -0.030257
vn 0.622742 -0.780286 -0.057848
vn 0.628295 -0.777466 -0.028161
vn 0.535407 -0.844498 -0.012751
vn 0.535407 -0.844498 -0.012751
vn 0.530397 -0.846678 -0.042611
vn 0.622742 -0.780286 -0.057848
vn 0.622742 -0.780286 -0.057848
vn 0.706603 -0.703570 -0.075509
vn 0.712606 -0.700048 -0.046108
vn 0.712606 -0.700048 -0.046108
vn 0.628295 -0.777466 -0.028161
vn 0.622742 -0.780286 -0.057848
vn 0.780826 -0.617364 -0.095774
vn 0.787160 -0.613169 -0.066356
vn 0.712606 -0.700048 -0.046108
vn 0.712606 -0.700048 -0.046108
vn 0.706603 -0.703570 -0.075509
vn 0.780826 -0.617364 -0.095774
vn 0.780826 -0.617364 -0.095774
vn 0.844213 -0.522827 -0.118138
vn 0.850718 -0.518075 -0.088758
vn 0.850718 -0.518075 -0.088758
vn 0.787160 -0.613169 -0.066356
vn 0.780826 -0.617364 -0.095774
vn 0.895436 -0.421806 -0.142386
vn 0.902214 -0.416272 -0.112815
vn 0.850718 -0.518075 -0.088758
vn 0.850718 -0.518075 -0.088758
vn 0.844213 -0.522827 -0.118138
vn 0.895436 -0.421806 -0.142386
vn 0.895436 -0.421806 -0.142386
vn 0.934042 -0.315139 -0.168085
vn 0.940843 -0.309317 -0.138342
vn 0.940843 -0.309317 -0.138342
vn 0.902214 -0.416272 -0.112815
vn 0.895436 -0.421806 -0.142386
vn 0.958965 -0.206029 -0.194775
vn 0.965913 -0.199778 -0.164624
vn 0.940843 -0.309317 -0.138342
vn 0.940843 -0.309317 -0.138342
vn 0.934042 -0.315139 -0.168085
vn 0.958965 -0.206029 -0.194775
vn 0.958965 -0.206029 -0.194775
vn 0.970297 -0.095537 -0.222252
vn 0.977288 -0.090073 -0.191822
vn 0.977288 -0.090073 -0.191822
vn 0.965913 -0.199778 -0.164624
vn 0.958965 -0.206029 -0.194775
vn 0.968431 0.009146 -0.249113
vn 0.975780 0.015156 -0.218230
vn 0.977288 -0.090073 -0.191822
vn 0.977288 -0.090073 -0.191822
vn 0.970297 -0.095537 -0.222252
vn 0.968431 0.009146 -0.249113
vn 0.968431 0.009146 -0.249113
vn 0.954329 0.112692 -0.276689
vn 0.962271 0.118453 -0.244956
vn 0.962271 0.118453 -0.244956
vn 0.975780 0.015156 -0.218230
vn 0.968431 0.009146 -0.249113
vn 0.929498 0.210043 -0.303176
vn 0.937784 0.217686 -0.270507
vn 0.962271 0.118453 -0.244956
vn 0.962271 0.118453 -0.244956
vn 0.954329 0.112692 -0.276689
vn 0.929498 0.210043 -0.303176
vn 0.929498 0.210043 -0.303176
vn 0.891759 0.308687 -0.330874
vn 0.900922 0.317097 -0.296293
vn 0.900922 0.317097 -0.296293
vn 0.937784 0.217686 -0.270507
vn 0.929498 0.210043 -0.303176
vn 0.841754 0.404200 -0.357873
vn 0.851299 0.414767 -0.321338
vn 0.900922 0.317097 -0.296293
vn 0.900922 0.317097 -0.296293
vn 0.891759 0.308687 -0.330874
vn 0.841754 0.404200 -0.357873
vn 0.841754 0.404200 -0.357873
vn 0.780167 0.493798 -0.384061
vn 0.792109 0.503026 -0.345728
vn 0.792109 0.503026 -0.345728
vn 0.851299 0.414767 -0.321338
vn 0.841754 0.404200 -0.357873
vn 0.722395 0.560776 -0.404568
vn 0.734415 0.571622 -0.365900
vn 0.792109 0.503026 -0.345728
vn 0.792109 0.503026 -0.345728
vn 0.780167 0.493798 -0.384061
vn 0.722395 0.560776 -0.404568
vn 0.722395 0.560776 -0.404568
vn 0.660446 0.619683 -0.424034
vn 0.672886 0.632568 -0.383514
vn 0.672886 0.632568 -0.383514
vn 0.734415 0.571622 -0.365900
vn 0.722395 0.560776 -0.404568
vn 0.594721 0.672524 -0.440475
vn 0.605091 0.689369 -0.398290
vn 0.672886 0.632568 -0.383514
vn 0.672886 0.632568 -0.383514
vn 0.660446 0.619683 -0.424034
vn 0.594721 0.672524 -0.440475
vn 0.594721 0.672524 -0.440475
vn 0.553265 0.700789 -0.450326
vn 0.556072 0.730620 -0.396205
vn 0.556072 0.730620 -0.396205
vn 0.605091 0.689369 -0.398290
vn 0.594721 0.672524 -0.440475
vn -0.111933 0.981178 -0.157353
vn -0.104367 0.921407 -0.374322
vn -0.208467 0.906515 -0.367114
vn -0.208467 0.906515 -0.367114
vn -0.225265 0.962552 -0.150829
vn -0.111933 0.981178 -0.157353
vn -0.111752 0.988675 0.100163
vn -0.111933 0.981178 -0.157353
vn -0.225265 0.962552 -0.150829
vn -0.225265 0.962552 -0.150829
vn -0.226010 0.968611 0.103496
vn -0.111752 0.988675 0.100163
vn -0.111933 0.981178 -0.157353
vn -0.111752 0.988675 0.100163
vn 0.000000 0.995078 0.099096
vn 0.000000 0.995078 0.099096
vn 0.000000 0.987262 -0.159104
vn -0.111933 0.981178 -0.157353
vn -0.104367 0.921407 -0.374322
vn -0.111933 0.981178 -0.157353
vn 0.000000 0.987262 -0.159104
vn 0.000000 0.987262 -0.159104
vn 0.000218 0.926298 -0.376791
vn -0.104367 0.921407 -0.374322
vn -0.333846 0.932078 -0.140632
vn -0.310233 0.881679 -0.355525
vn -0.408137 0.846539 -0.341753
vn -0.408137 0.846539 -0.341753
vn -0.435654 0.890686 -0.129937
vn -0.333846 0.932078 -0.140632
vn -0.334395 0.936172 0.108450
vn -0.333846 0.932078 -0.140632
vn -0.435654 0.890686 -0.129937
vn -0.435654 0.890686 -0.129937
vn -0.435419 0.892854 0.114989
vn -0.334395 0.936172 0.108450
vn -0.333846 0.932078 -0.140632
vn -0.334395 0.936172 0.108450
vn -0.226010 0.968611 0.103496
vn -0.226010 0.968611 0.103496
vn -0.225265 0.962552 -0.150829
vn -0.333846 0.932078 -0.140632
vn -0.310233 0.881679 -0.355525
vn -0.333846 0.932078 -0.140632
vn -0.225265 0.962552 -0.150829
vn -0.225265 0.962552 -0.150829
vn -0.208467 0.906515 -0.367114
vn -0.310233 0.881679 -0.355525
vn -0.532452 0.838229 -0.117759
vn -0.502200 0.800913 -0.326088
vn -0.590988 0.745354 -0.308514
vn -0.590988 0.745354 -0.308514
vn -0.621820 0.776306 -0.103385
vn -0.532452 0.838229 -0.117759
vn -0.530676 0.838477 0.123850
vn -0.532452 0.838229 -0.117759
vn -0.621820 0.776306 -0.103385
vn -0.621820 0.776306 -0.103385
vn -0.617313 0.775077 0.134837
vn -0.530676 0.838477 0.123850
vn -0.532452 0.838229 -0.117759
vn -0.530676 0.838477 0.123850
vn -0.435419 0.892854 0.114989
vn -0.435419 0.892854 0.114989
vn -0.435654 0.890686 -0.129937
vn -0.532452 0.838229 -0.117759
vn -0.502200 0.800913 -0.326088
vn -0.532452 0.838229 -0.117759
vn -0.435654 0.890686 -0.129937
vn -0.435654 0.890686 -0.129937
vn -0.408137 0.846539 -0.341753
vn -0.502200 0.800913 -0.326088
vn -0.704123 0.704833 -0.086147
vn -0.673487 0.680193 -0.289400
vn -0.748670 0.606075 -0.268637
vn -0.748670 0.606075 -0.268637
vn -0.777300 0.625686 -0.065738
vn -0.704123 0.704833 -0.086147
vn -0.696575 0.701917 0.148648
vn -0.704123 0.704833 -0.086147
vn -0.777300 0.625686 -0.065738
vn -0.777300 0.625686 -0.065738
vn -0.765341 0.622201 0.164682
vn -0.696575 0.701917 0.148648
vn -0.704123 0.704833 -0.086147
vn -0.696575 0.701917 0.148648
vn -0.617313 0.775077 0.134837
vn -0.617313 0.775077 0.134837
vn -0.621820 0.776306 -0.103385
vn -0.704123 0.704833 -0.086147
vn -0.673487 0.680193 -0.289400
vn -0.704123 0.704833 -0.086147
vn -0.621820 0.776306 -0.103385
vn -0.621820 0.776306 -0.103385
vn -0.590988 0.745354 -0.308514
vn -0.673487 0.680193 -0.289400
vn -0.839469 0.541242 -0.048466
vn -0.814132 0.524156 -0.249899
vn -0.870476 0.433056 -0.233954
vn -0.870476 0.433056 -0.233954
vn -0.896494 0.441914 -0.031794
vn -0.839469 0.541242 -0.048466
vn -0.823076 0.537957 0.182068
vn -0.839469 0.541242 -0.048466
vn -0.896494 0.441914 -0.031794
vn -0.896494 0.441914 -0.031794
vn -0.876484 0.434671 0.206972
vn -0.823076 0.537957 0.182068
vn -0.839469 0.541242 -0.048466
vn -0.823076 0.537957 0.182068
vn -0.765341 0.622201 0.164682
vn -0.765341 0.622201 0.164682
vn -0.777300 0.625686 -0.065738
vn -0.839469 0.541242 -0.048466
vn -0.814132 0.524156 -0.249899
vn -0.839469 0.541242 -0.048466
vn -0.777300 0.625686 -0.065738
vn -0.777300 0.625686 -0.065738
vn -0.748670 0.606075 -0.268637
vn -0.814132 0.524156 -0.249899
vn -0.944879 0.327386 -0.004666
vn -0.918450 0.332530 -0.214180
vn -0.955219 0.227450 -0.189271
vn -0.955219 0.227450 -0.189271
vn -0.976257 0.214628 0.029271
vn -0.944879 0.327386 -0.004666
vn -0.918579 0.314843 0.238928
vn -0.944879 0.327386 -0.004666
vn -0.976257 0.214628 0.029271
vn -0.976257 0.214628 0.029271
vn -0.942341 0.200778 0.267735
vn -0.918579 0.314843 0.238928
vn -0.944879 0.327386 -0.004666
vn -0.918579 0.314843 0.238928
vn -0.876484 0.434671 0.206972
vn -0.876484 0.434671 0.206972
vn -0.896494 0.441914 -0.031794
vn -0.944879 0.327386 -0.004666
vn -0.918450 0.332530 -0.214180
vn -0.944879 0.327386 -0.004666
vn -0.896494 0.441914 -0.031794
vn -0.896494 0.441914 -0.031794
vn -0.870476 0.433056 -0.233954
vn -0.918450 0.332530 -0.214180
vn -0.992184 0.109420 0.059980
vn -0.978956 0.120836 -0.164450
vn -0.989719 0.012990 -0.142438
vn -0.989719 0.012990 -0.142438
vn -0.996420 0.007695 0.084191
vn -0.992184 0.109420 0.059980
vn -0.951862 0.099773 0.289836
vn -0.992184 0.109420 0.059980
vn -0.996420 0.007695 0.084191
vn -0.996420 0.007695 0.084191
vn -0.951770 0.008523 0.306694
vn -0.951862 0.099773 0.289836
vn -0.992184 0.109420 0.059980
vn -0.951862 0.099773 0.289836
vn -0.942341 0.200778 0.267735
vn -0.942341 0.200778 0.267735
vn -0.976257 0.214628 0.029271
vn -0.992184 0.109420 0.059980
vn -0.978956 0.120836 -0.164450
vn -0.992184 0.109420 0.059980
vn -0.976257 0.214628 0.029271
vn -0.976257 0.214628 0.029271
vn -0.955219 0.227450 -0.189271
vn -0.978956 0.120836 -0.164450
vn -0.989819 -0.097633 0.103568
vn -0.987715 -0.095939 -0.123346
vn -0.972944 -0.206281 -0.104057
vn -0.972944 -0.206281 -0.104057
vn -0.969142 -0.212230 0.125387
vn -0.989819 -0.097633 0.103568
vn -0.942152 -0.088287 0.323350
vn -0.989819 -0.097633 0.103568
vn -0.969142 -0.212230 0.125387
vn -0.969142 -0.212230 0.125387
vn -0.916977 -0.201037 0.344582
vn -0.942152 -0.088287 0.323350
vn -0.989819 -0.097633 0.103568
vn -0.942152 -0.088287 0.323350
vn -0.951770 0.008523 0.306694
vn -0.951770 0.008523 0.306694
vn -0.996420 0.007695 0.084191
vn -0.989819 -0.097633 0.103568
vn -0.987715 -0.095939 -0.123346
vn -0.989819 -0.097633 0.103568
vn -0.996420 0.007695 0.084191
vn -0.996420 0.007695 0.084191
vn -0.989719 0.012990 -0.142438
vn -0.987715 -0.095939 -0.123346
vn -0.932853 -0.326943 0.151304
vn -0.945036 -0.316564 -0.081823
vn -0.903447 -0.424780 -0.057843
vn -0.903447 -0.424780 -0.057843
vn -0.883570 -0.433804 0.176402
vn -0.932853 -0.326943 0.151304
vn -0.876953 -0.313195 0.364503
vn -0.932853 -0.326943 0.151304
vn -0.883570 -0.433804 0.176402
vn -0.883570 -0.433804 0.176402
vn -0.830288 -0.412078 0.375251
vn -0.876953 -0.313195 0.364503
vn -0.932853 -0.326943 0.151304
vn -0.876953 -0.313195 0.364503
vn -0.916977 -0.201037 0.344582
vn -0.916977 -0.201037 0.344582
vn -0.969142 -0.212230 0.125387
vn -0.932853 -0.326943 0.151304
vn -0.945036 -0.316564 -0.081823
vn -0.932853 -0.326943 0.151304
vn -0.969142 -0.212230 0.125387
vn -0.969142 -0.212230 0.125387
vn -0.972944 -0.206281 -0.104057
vn -0.945036 -0.316564 -0.081823
vn -0.749580 -0.456894 0.478934
vn -0.784759 -0.381433 0.488531
vn -0.830288 -0.412078 0.375251
vn -0.830288 -0.412078 0.375251
vn -0.782154 -0.498156 0.374267
vn -0.749580 -0.456894 0.478934
vn -0.731740 -0.517597 0.443452
vn -0.749580 -0.456894 0.478934
vn -0.782154 -0.498156 0.374267
vn -0.782154 -0.498156 0.374267
vn -0.739349 -0.569517 0.359185
vn -0.731740 -0.517597 0.443452
vn -0.433582 -0.277468 0.857332
vn -0.419274 -0.243107 0.874705
vn -0.749580 -0.456894 0.478934
vn -0.749580 -0.456894 0.478934
vn -0.731740 -0.517597 0.443452
vn -0.433582 -0.277468 0.857332
vn -0.784759 -0.381433 0.488531
vn -0.749580 -0.456894 0.478934
vn -0.419274 -0.243107 0.874705
vn -0.419274 -0.243107 0.874705
vn -0.416649 -0.193026 0.888338
vn -0.784759 -0.381433 0.488531
vn -0.669900 -0.728319 0.144171
vn -0.724305 -0.667988 0.170805
vn -0.722501 -0.691303 -0.009610
vn -0.722501 -0.691303 -0.009610
vn -0.654088 -0.756293 -0.013783
vn -0.669900 -0.728319 0.144171
vn -0.691368 -0.674964 0.257749
vn -0.725887 -0.612313 0.313305
vn -0.724305 -0.667988 0.170805
vn -0.724305 -0.667988 0.170805
vn -0.669900 -0.728319 0.144171
vn -0.691368 -0.674964 0.257749
vn -0.724305 -0.667988 0.170805
vn -0.725887 -0.612313 0.313305
vn -0.739349 -0.569517 0.359185
vn -0.739349 -0.569517 0.359185
vn -0.769541 -0.607171 0.197862
vn -0.724305 -0.667988 0.170805
vn -0.722501 -0.691303 -0.009610
vn -0.724305 -0.667988 0.170805
vn -0.769541 -0.607171 0.197862
vn -0.769541 -0.607171 0.197862
vn -0.787669 -0.615917 -0.014979
vn -0.722501 -0.691303 -0.009610
vn -0.105584 0.953355 0.282782
vn -0.111752 0.988675 0.100163
vn -0.226010 0.968611 0.103496
vn -0.226010 0.968611 0.103496
vn -0.213291 0.935764 0.280809
vn -0.105584 0.953355 0.282782
vn -0.105584 0.953355 0.282782
vn -0.213291 0.935764 0.280809
vn -0.101902 0.469539 0.877012
vn -0.101902 0.469539 0.877012
vn -0.050375 0.476797 0.877569
vn -0.105584 0.953355 0.282782
vn 0.000034 0.959098 0.283076
vn -0.105584 0.953355 0.282782
vn -0.050375 0.476797 0.877569
vn -0.050375 0.476797 0.877569
vn -0.000159 0.479708 0.877428
vn 0.000034 0.959098 0.283076
vn -0.111752 0.988675 0.100163
vn -0.105584 0.953355 0.282782
vn 0.000034 0.959098 0.283076
vn 0.000034 0.959098 0.283076
vn 0.000000 0.995078 0.099096
vn -0.111752 0.988675 0.100163
vn 0.000218 0.926298 -0.376791
vn 0.000260 0.678051 -0.735015
vn -0.074829 0.674793 -0.734204
vn -0.074829 0.674793 -0.734204
vn -0.104367 0.921407 -0.374322
vn 0.000218 0.926298 -0.376791
vn -0.148968 0.665990 -0.730935
vn -0.208467 0.906515 -0.367114
vn -0.104367 0.921407 -0.374322
vn -0.104367 0.921407 -0.374322
vn -0.074829 0.674793 -0.734204
vn -0.148968 0.665990 -0.730935
vn -0.316728 0.906586 0.278901
vn -0.334395 0.936172 0.108450
vn -0.435419 0.892854 0.114989
vn -0.435419 0.892854 0.114989
vn -0.413688 0.865926 0.281129
vn -0.316728 0.906586 0.278901
vn -0.316728 0.906586 0.278901
vn -0.413688 0.865926 0.281129
vn -0.200903 0.437610 0.876433
vn -0.200903 0.437610 0.876433
vn -0.153016 0.456929 0.876243
vn -0.316728 0.906586 0.278901
vn -0.213291 0.935764 0.280809
vn -0.316728 0.906586 0.278901
vn -0.153016 0.456929 0.876243
vn -0.153016 0.456929 0.876243
vn -0.101902 0.469539 0.877012
vn -0.213291 0.935764 0.280809
vn -0.334395 0.936172 0.108450
vn -0.316728 0.906586 0.278901
vn -0.213291 0.935764 0.280809
vn -0.213291 0.935764 0.280809
vn -0.226010 0.968611 0.103496
vn -0.334395 0.936172 0.108450
vn -0.208467 0.906515 -0.367114
vn -0.148968 0.665990 -0.730935
vn -0.222925 0.651086 -0.725528
vn -0.222925 0.651086 -0.725528
vn -0.310233 0.881679 -0.355525
vn -0.208467 0.906515 -0.367114
vn -0.310233 0.881679 -0.355525
vn -0.222925 0.651086 -0.725528
vn -0.296032 0.629556 -0.718348
vn -0.296032 0.629556 -0.718348
vn -0.408137 0.846539 -0.341753
vn -0.310233 0.881679 -0.355525
vn -0.505299 0.813932 0.286683
vn -0.530676 0.838477 0.123850
vn -0.617313 0.775077 0.134837
vn -0.617313 0.775077 0.134837
vn -0.589123 0.752313 0.294889
vn -0.505299 0.813932 0.286683
vn -0.505299 0.813932 0.286683
vn -0.589123 0.752313 0.294889
vn -0.287445 0.378742 0.879733
vn -0.287445 0.378742 0.879733
vn -0.246028 0.410996 0.877811
vn -0.505299 0.813932 0.286683
vn -0.413688 0.865926 0.281129
vn -0.505299 0.813932 0.286683
vn -0.246028 0.410996 0.877811
vn -0.246028 0.410996 0.877811
vn -0.200903 0.437610 0.876433
vn -0.413688 0.865926 0.281129
vn -0.530676 0.838477 0.123850
vn -0.505299 0.813932 0.286683
vn -0.413688 0.865926 0.281129
vn -0.413688 0.865926 0.281129
vn -0.435419 0.892854 0.114989
vn -0.530676 0.838477 0.123850
vn -0.408137 0.846539 -0.341753
vn -0.296032 0.629556 -0.718348
vn -0.367909 0.600763 -0.709737
vn -0.367909 0.600763 -0.709737
vn -0.502200 0.800913 -0.326088
vn -0.408137 0.846539 -0.341753
vn -0.502200 0.800913 -0.326088
vn -0.367909 0.600763 -0.709737
vn -0.437742 0.564363 -0.699912
vn -0.437742 0.564363 -0.699912
vn -0.590988 0.745354 -0.308514
vn -0.502200 0.800913 -0.326088
vn -0.665538 0.681123 0.305173
vn -0.696575 0.701917 0.148648
vn -0.765341 0.622201 0.164682
vn -0.765341 0.622201 0.164682
vn -0.732254 0.602754 0.317006
vn -0.665538 0.681123 0.305173
vn -0.665538 0.681123 0.305173
vn -0.732254 0.602754 0.317006
vn -0.356371 0.300734 0.884624
vn -0.356371 0.300734 0.884624
vn -0.324139 0.341548 0.882201
vn -0.665538 0.681123 0.305173
vn -0.589123 0.752313 0.294889
vn -0.665538 0.681123 0.305173
vn -0.324139 0.341548 0.882201
vn -0.324139 0.341548 0.882201
vn -0.287445 0.378742 0.879733
vn -0.589123 0.752313 0.294889
vn -0.696575 0.701917 0.148648
vn -0.665538 0.681123 0.305173
vn -0.589123 0.752313 0.294889
vn -0.589123 0.752313 0.294889
vn -0.617313 0.775077 0.134837
vn -0.696575 0.701917 0.148648
vn -0.590988 0.745354 -0.308514
vn -0.437742 0.564363 -0.699912
vn -0.504341 0.520024 -0.689358
vn -0.504341 0.520024 -0.689358
vn -0.673487 0.680193 -0.289400
vn -0.590988 0.745354 -0.308514
vn -0.673487 0.680193 -0.289400
vn -0.504341 0.520024 -0.689358
vn -0.566720 0.467800 -0.678227
vn -0.566720 0.467800 -0.678227
vn -0.748670 0.606075 -0.268637
vn -0.673487 0.680193 -0.289400
vn -0.786659 0.516762 0.337824
vn -0.823076 0.537957 0.182068
vn -0.876484 0.434671 0.206972
vn -0.876484 0.434671 0.206972
vn -0.831200 0.414516 0.370517
vn -0.786659 0.516762 0.337824
vn -0.786659 0.516762 0.337824
vn -0.831200 0.414516 0.370517
vn -0.393950 0.202973 0.896441
vn -0.393950 0.202973 0.896441
vn -0.381202 0.256046 0.888327
vn -0.786659 0.516762 0.337824
vn -0.732254 0.602754 0.317006
vn -0.786659 0.516762 0.337824
vn -0.381202 0.256046 0.888327
vn -0.381202 0.256046 0.888327
vn -0.356371 0.300734 0.884624
vn -0.732254 0.602754 0.317006
vn -0.823076 0.537957 0.182068
vn -0.786659 0.516762 0.337824
vn -0.732254 0.602754 0.317006
vn -0.732254 0.602754 0.317006
vn -0.765341 0.622201 0.164682
vn -0.823076 0.537957 0.182068
vn -0.748670 0.606075 -0.268637
vn -0.566720 0.467800 -0.678227
vn -0.623368 0.407782 -0.667178
vn -0.623368 0.407782 -0.667178
vn -0.814132 0.524156 -0.249899
vn -0.748670 0.606075 -0.268637
vn -0.814132 0.524156 -0.249899
vn -0.623368 0.407782 -0.667178
vn -0.673325 0.340303 -0.656375
vn -0.673325 0.340303 -0.656375
vn -0.870476 0.433056 -0.233954
vn -0.814132 0.524156 -0.249899
vn -0.865348 0.301866 0.400063
vn -0.918579 0.314843 0.238928
vn -0.942341 0.200778 0.267735
vn -0.942341 0.200778 0.267735
vn -0.887597 0.193287 0.418106
vn -0.865348 0.301866 0.400063
vn -0.865348 0.301866 0.400063
vn -0.887597 0.193287 0.418106
vn -0.406809 0.095790 0.908477
vn -0.406809 0.095790 0.908477
vn -0.398968 0.146305 0.905218
vn -0.865348 0.301866 0.400063
vn -0.831200 0.414516 0.370517
vn -0.865348 0.301866 0.400063
vn -0.398968 0.146305 0.905218
vn -0.398968 0.146305 0.905218
vn -0.393950 0.202973 0.896441
vn -0.831200 0.414516 0.370517
vn -0.918579 0.314843 0.238928
vn -0.865348 0.301866 0.400063
vn -0.831200 0.414516 0.370517
vn -0.831200 0.414516 0.370517
vn -0.876484 0.434671 0.206972
vn -0.918579 0.314843 0.238928
vn -0.870476 0.433056 -0.233954
vn -0.673325 0.340303 -0.656375
vn -0.715996 0.265822 -0.645514
vn -0.715996 0.265822 -0.645514
vn -0.918450 0.332530 -0.214180
vn -0.870476 0.433056 -0.233954
vn -0.918450 0.332530 -0.214180
vn -0.715996 0.265822 -0.645514
vn -0.750600 0.185381 -0.634219
vn -0.750600 0.185381 -0.634219
vn -0.955219 0.227450 -0.189271
vn -0.918450 0.332530 -0.214180
vn -0.897506 0.095021 0.430645
vn -0.951862 0.099773 0.289836
vn -0.951770 0.008523 0.306694
vn -0.951770 0.008523 0.306694
vn -0.896283 0.007401 0.443421
vn -0.897506 0.095021 0.430645
vn -0.897506 0.095021 0.430645
vn -0.896283 0.007401 0.443421
vn -0.420734 0.010185 0.907127
vn -0.420734 0.010185 0.907127
vn -0.413589 0.050637 0.909054
vn -0.897506 0.095021 0.430645
vn -0.887597 0.193287 0.418106
vn -0.897506 0.095021 0.430645
vn -0.413589 0.050637 0.909054
vn -0.413589 0.050637 0.909054
vn -0.406809 0.095790 0.908477
vn -0.887597 0.193287 0.418106
vn -0.951862 0.099773 0.289836
vn -0.897506 0.095021 0.430645
vn -0.887597 0.193287 0.418106
vn -0.887597 0.193287 0.418106
vn -0.942341 0.200778 0.267735
vn -0.951862 0.099773 0.289836
vn -0.955219 0.227450 -0.189271
vn -0.750600 0.185381 -0.634219
vn -0.775644 0.100694 -0.623087
vn -0.775644 0.100694 -0.623087
vn -0.978956 0.120836 -0.164450
vn -0.955219 0.227450 -0.189271
vn -0.978956 0.120836 -0.164450
vn -0.775644 0.100694 -0.623087
vn -0.790618 0.013419 -0.612163
vn -0.790618 0.013419 -0.612163
vn -0.989719 0.012990 -0.142438
vn -0.978956 0.120836 -0.164450
vn -0.883847 -0.083422 0.460277
vn -0.942152 -0.088287 0.323350
vn -0.916977 -0.201037 0.344582
vn -0.916977 -0.201037 0.344582
vn -0.857373 -0.189009 0.478735
vn -0.883847 -0.083422 0.460277
vn -0.857373 -0.189009 0.478735
vn -0.424118 -0.089659 0.901158
vn -0.427617 -0.028020 0.903526
vn -0.427617 -0.028020 0.903526
vn -0.883847 -0.083422 0.460277
vn -0.857373 -0.189009 0.478735
vn -0.896283 0.007401 0.443421
vn -0.883847 -0.083422 0.460277
vn -0.427617 -0.028020 0.903526
vn -0.427617 -0.028020 0.903526
vn -0.420734 0.010185 0.907127
vn -0.896283 0.007401 0.443421
vn -0.942152 -0.088287 0.323350
vn -0.883847 -0.083422 0.460277
vn -0.896283 0.007401 0.443421
vn -0.896283 0.007401 0.443421
vn -0.951770 0.008523 0.306694
vn -0.942152 -0.088287 0.323350
vn -0.989719 0.012990 -0.142438
vn -0.790618 0.013419 -0.612163
vn -0.795486 -0.075307 -0.601274
vn -0.795486 -0.075307 -0.601274
vn -0.987715 -0.095939 -0.123346
vn -0.989719 0.012990 -0.142438
vn -0.987715 -0.095939 -0.123346
vn -0.795486 -0.075307 -0.601274
vn -0.790261 -0.164564 -0.590259
vn -0.790261 -0.164564 -0.590259
vn -0.972944 -0.206281 -0.104057
vn -0.987715 -0.095939 -0.123346
vn -0.822952 -0.290665 0.488124
vn -0.876953 -0.313195 0.364503
vn -0.830288 -0.412078 0.375251
vn -0.830288 -0.412078 0.375251
vn -0.784759 -0.381433 0.488531
vn -0.822952 -0.290665 0.488124
vn -0.822952 -0.290665 0.488124
vn -0.784759 -0.381433 0.488531
vn -0.416649 -0.193026 0.888338
vn -0.416649 -0.193026 0.888338
vn -0.417585 -0.135651 0.898455
vn -0.822952 -0.290665 0.488124
vn -0.857373 -0.189009 0.478735
vn -0.822952 -0.290665 0.488124
vn -0.417585 -0.135651 0.898455
vn -0.417585 -0.135651 0.898455
vn -0.424118 -0.089659 0.901158
vn -0.857373 -0.189009 0.478735
vn -0.876953 -0.313195 0.364503
vn -0.822952 -0.290665 0.488124
vn -0.857373 -0.189009 0.478735
vn -0.857373 -0.189009 0.478735
vn -0.916977 -0.201037 0.344582
vn -0.876953 -0.313195 0.364503
vn -0.972944 -0.206281 -0.104057
vn -0.790261 -0.164564 -0.590259
vn -0.774830 -0.254173 -0.578822
vn -0.774830 -0.254173 -0.578822
vn -0.945036 -0.316564 -0.081823
vn -0.972944 -0.206281 -0.104057
vn -0.945036 -0.316564 -0.081823
vn -0.774830 -0.254173 -0.578822
vn -0.748486 -0.344010 -0.566944
vn -0.748486 -0.344010 -0.566944
vn -0.903447 -0.424780 -0.057843
vn -0.945036 -0.316564 -0.081823
vn -0.903447 -0.424780 -0.057843
vn -0.748486 -0.344010 -0.566944
vn -0.711866 -0.429003 -0.556060
vn -0.711866 -0.429003 -0.556060
vn -0.849572 -0.526346 -0.034466
vn -0.903447 -0.424780 -0.057843
vn -0.849572 -0.526346 -0.034466
vn -0.711866 -0.429003 -0.556060
vn -0.668618 -0.505987 -0.544910
vn -0.668618 -0.505987 -0.544910
vn -0.787669 -0.615917 -0.014979
vn -0.849572 -0.526346 -0.034466
vn -0.731088 -0.597076 0.330168
vn -0.740367 -0.551059 0.384956
vn -0.725887 -0.612313 0.313305
vn -0.725887 -0.612313 0.313305
vn -0.691368 -0.674964 0.257749
vn -0.731088 -0.597076 0.330168
vn -0.731740 -0.517597 0.443452
vn -0.740367 -0.551059 0.384956
vn -0.465988 -0.294528 0.834331
vn -0.465988 -0.294528 0.834331
vn -0.433582 -0.277468 0.857332
vn -0.731740 -0.517597 0.443452
vn -0.725887 -0.612313 0.313305
vn -0.740367 -0.551059 0.384956
vn -0.731740 -0.517597 0.443452
vn -0.731740 -0.517597 0.443452
vn -0.739349 -0.569517 0.359185
vn -0.725887 -0.612313 0.313305
vn -0.787669 -0.615917 -0.014979
vn -0.668618 -0.505987 -0.544910
vn -0.618155 -0.576882 -0.533939
vn -0.618155 -0.576882 -0.533939
vn -0.722501 -0.691303 -0.009610
vn -0.787669 -0.615917 -0.014979
vn -0.148968 0.665990 -0.730935
vn -0.074829 0.674793 -0.734204
vn 0.007896 -0.085741 -0.996286
vn 0.007896 -0.085741 -0.996286
vn 0.016808 -0.082344 -0.996462
vn -0.148968 0.665990 -0.730935
vn 0.007896 -0.085741 -0.996286
vn -0.074829 0.674793 -0.734204
vn 0.000260 0.678051 -0.735015
vn 0.000260 0.678051 -0.735015
vn 0.000000 -0.086763 -0.996229
vn 0.007896 -0.085741 -0.996286
vn -0.222925 0.651086 -0.725528
vn 0.024958 -0.076568 -0.996752
vn 0.030512 -0.069560 -0.997111
vn 0.030512 -0.069560 -0.997111
vn -0.296032 0.629556 -0.718348
vn -0.222925 0.651086 -0.725528
vn 0.024958 -0.076568 -0.996752
vn -0.222925 0.651086 -0.725528
vn -0.148968 0.665990 -0.730935
vn -0.148968 0.665990 -0.730935
vn 0.016808 -0.082344 -0.996462
vn 0.024958 -0.076568 -0.996752
vn -0.367909 0.600763 -0.709737
vn 0.036047 -0.060404 -0.997523
vn 0.037606 -0.051684 -0.997955
vn 0.037606 -0.051684 -0.997955
vn -0.437742 0.564363 -0.699912
vn -0.367909 0.600763 -0.709737
vn 0.036047 -0.060404 -0.997523
vn -0.367909 0.600763 -0.709737
vn -0.296032 0.629556 -0.718348
vn -0.296032 0.629556 -0.718348
vn 0.030512 -0.069560 -0.997111
vn 0.036047 -0.060404 -0.997523
vn -0.504341 0.520024 -0.689358
vn 0.039342 -0.041184 -0.998377
vn 0.036990 -0.032821 -0.998777
vn 0.036990 -0.032821 -0.998777
vn -0.566720 0.467800 -0.678227
vn -0.504341 0.520024 -0.689358
vn 0.039342 -0.041184 -0.998377
vn -0.504341 0.520024 -0.689358
vn -0.437742 0.564363 -0.699912
vn -0.437742 0.564363 -0.699912
vn 0.037606 -0.051684 -0.997955
vn 0.039342 -0.041184 -0.998377
vn -0.623368 0.407782 -0.667178
vn 0.034996 -0.023006 -0.999123
vn 0.029601 -0.016754 -0.999421
vn 0.029601 -0.016754 -0.999421
vn -0.673325 0.340303 -0.656375
vn -0.623368 0.407782 -0.667178
vn 0.034996 -0.023006 -0.999123
vn -0.623368 0.407782 -0.667178
vn -0.566720 0.467800 -0.678227
vn -0.566720 0.467800 -0.678227
vn 0.036990 -0.032821 -0.998777
vn 0.034996 -0.023006 -0.999123
vn -0.715996 0.265822 -0.645514
vn 0.024698 -0.009698 -0.999648
vn 0.017480 -0.007576 -0.999819
vn 0.017480 -0.007576 -0.999819
vn -0.750600 0.185381 -0.634219
vn -0.715996 0.265822 -0.645514
vn 0.024698 -0.009698 -0.999648
vn -0.715996 0.265822 -0.645514
vn -0.673325 0.340303 -0.656375
vn -0.673325 0.340303 -0.656375
vn 0.029601 -0.016754 -0.999421
vn 0.024698 -0.009698 -0.999648
vn -0.775644 0.100694 -0.623087
vn 0.011347 -0.005084 -0.999923
vn 0.004653 -0.007122 -0.999964
vn 0.004653 -0.007122 -0.999964
vn -0.790618 0.013419 -0.612163
vn -0.775644 0.100694 -0.623087
vn 0.011347 -0.005084 -0.999923
vn -0.775644 0.100694 -0.623087
vn -0.750600 0.185381 -0.634219
vn -0.750600 0.185381 -0.634219
vn 0.017480 -0.007576 -0.999819
vn 0.011347 -0.005084 -0.999923
vn -0.795486 -0.075307 -0.601274
vn -0.000985 -0.007811 -0.999969
vn -0.006109 -0.010669 -0.999924
vn -0.006109 -0.010669 -0.999924
vn -0.790261 -0.164564 -0.590259
vn -0.795486 -0.075307 -0.601274
vn -0.000985 -0.007811 -0.999969
vn -0.795486 -0.075307 -0.601274
vn -0.790618 0.013419 -0.612163
vn -0.790618 0.013419 -0.612163
vn 0.004653 -0.007122 -0.999964
vn -0.000985 -0.007811 -0.999969
vn -0.774830 -0.254173 -0.578822
vn -0.010662 -0.011541 -0.999877
vn -0.014592 -0.013830 -0.999798
vn -0.014592 -0.013830 -0.999798
vn -0.748486 -0.344010 -0.566944
vn -0.774830 -0.254173 -0.578822
vn -0.010662 -0.011541 -0.999877
vn -0.774830 -0.254173 -0.578822
vn -0.790261 -0.164564 -0.590259
vn -0.790261 -0.164564 -0.590259
vn -0.006109 -0.010669 -0.999924
vn -0.010662 -0.011541 -0.999877
vn -0.711866 -0.429003 -0.556060
vn -0.016576 -0.013893 -0.999766
vn -0.017845 -0.015327 -0.999723
vn -0.017845 -0.015327 -0.999723
vn -0.668618 -0.505987 -0.544910
vn -0.711866 -0.429003 -0.556060
vn -0.016576 -0.013893 -0.999766
vn -0.711866 -0.429003 -0.556060
vn -0.748486 -0.344010 -0.566944
vn -0.748486 -0.344010 -0.566944
vn -0.014592 -0.013830 -0.999798
vn -0.016576 -0.013893 -0.999766
vn -0.618155 -0.576882 -0.533939
vn -0.019487 -0.017240 -0.999661
vn -0.019329 -0.020227 -0.999609
vn -0.019329 -0.020227 -0.999609
vn -0.556934 -0.644692 -0.523637
vn -0.618155 -0.576882 -0.533939
vn -0.019487 -0.017240 -0.999661
vn -0.618155 -0.576882 -0.533939
vn -0.668618 -0.505987 -0.544910
vn -0.668618 -0.505987 -0.544910
vn -0.017845 -0.015327 -0.999723
vn -0.019487 -0.017240 -0.999661
vn -0.482076 -0.706597 -0.517999
vn -0.018560 -0.024543 -0.999527
vn -0.015537 -0.029021 -0.999458
vn -0.015537 -0.029021 -0.999458
vn -0.388287 -0.762697 -0.517229
vn -0.482076 -0.706597 -0.517999
vn -0.018560 -0.024543 -0.999527
vn -0.482076 -0.706597 -0.517999
vn -0.556934 -0.644692 -0.523637
vn -0.556934 -0.644692 -0.523637
vn -0.019329 -0.020227 -0.999609
vn -0.018560 -0.024543 -0.999527
vn -0.291365 -0.792759 -0.535388
vn -0.010357 -0.028794 -0.999532
vn -0.005908 -0.027053 -0.999617
vn -0.005908 -0.027053 -0.999617
vn -0.195032 -0.798207 -0.569937
vn -0.291365 -0.792759 -0.535388
vn -0.010357 -0.028794 -0.999532
vn -0.291365 -0.792759 -0.535388
vn -0.388287 -0.762697 -0.517229
vn -0.388287 -0.762697 -0.517229
vn -0.015537 -0.029021 -0.999458
vn -0.010357 -0.028794 -0.999532
vn -0.099562 -0.785572 -0.610708
vn -0.001844 -0.024574 -0.999696
vn 0.000000 -0.030075 -0.999548
vn 0.000000 -0.030075 -0.999548
vn -0.004304 -0.781760 -0.623565
vn -0.099562 -0.785572 -0.610708
vn -0.001844 -0.024574 -0.999696
vn -0.099562 -0.785572 -0.610708
vn -0.195032 -0.798207 -0.569937
vn -0.195032 -0.798207 -0.569937
vn -0.005908 -0.027053 -0.999617
vn -0.001844 -0.024574 -0.999696
vn -0.825936 -0.528892 0.195200
vn -0.782154 -0.498156 0.374267
vn -0.830288 -0.412078 0.375251
vn -0.830288 -0.412078 0.375251
vn -0.883570 -0.433804 0.176402
vn -0.825936 -0.528892 0.195200
vn -0.849572 -0.526346 -0.034466
vn -0.825936 -0.528892 0.195200
vn -0.883570 -0.433804 0.176402
vn -0.883570 -0.433804 0.176402
vn -0.903447 -0.424780 -0.057843
vn -0.849572 -0.526346 -0.034466
vn -0.825936 -0.528892 0.195200
vn -0.849572 -0.526346 -0.034466
vn -0.787669 -0.615917 -0.014979
vn -0.787669 -0.615917 -0.014979
vn -0.769541 -0.607171 0.197862
vn -0.825936 -0.528892 0.195200
vn -0.782154 -0.498156 0.374267
vn -0.825936 -0.528892 0.195200
vn -0.769541 -0.607171 0.197862
vn -0.769541 -0.607171 0.197862
vn -0.739349 -0.569517 0.359185
vn -0.782154 -0.498156 0.374267
vn -0.556934 -0.644692 -0.523637
vn -0.654088 -0.756293 -0.013783
vn -0.722501 -0.691303 -0.009610
vn -0.722501 -0.691303 -0.009610
vn -0.618155 -0.576882 -0.533939
vn -0.556934 -0.644692 -0.523637
vn -0.479613 -0.318460 0.817652
vn -0.465988 -0.294528 0.834331
vn -0.740367 -0.551059 0.384956
vn -0.740367 -0.551059 0.384956
vn -0.731088 -0.597076 0.330168
vn -0.479613 -0.318460 0.817652
vn -0.005595 -0.998179 -0.060063
vn 0.607236 -0.778608 -0.158223
vn 0.673241 -0.722242 -0.158472
vn 0.673241 -0.722242 -0.158472
vn 0.004553 -0.978430 -0.206530
vn -0.005595 -0.998179 -0.060063
vn 0.154018 -0.922070 -0.355057
vn 0.186568 -0.939412 -0.287571
vn -0.011455 -0.933961 -0.357191
vn -0.011455 -0.933961 -0.357191
vn -0.009227 -0.916342 -0.400291
vn 0.154018 -0.922070 -0.355057
vn 0.518205 -0.845800 -0.126828
vn 0.008886 -0.995393 0.095463
vn 0.035229 -0.974726 0.220610
vn 0.035229 -0.974726 0.220610
vn 0.426320 -0.897647 -0.111717
vn 0.518205 -0.845800 -0.126828
vn 0.008886 -0.995393 0.095463
vn 0.518205 -0.845800 -0.126828
vn 0.607236 -0.778608 -0.158223
vn 0.607236 -0.778608 -0.158223
vn -0.005595 -0.998179 -0.060063
vn 0.008886 -0.995393 0.095463
vn 0.784209 -0.619651 -0.032387
vn 0.745574 -0.658051 0.105302
vn 0.814654 -0.563714 0.136256
vn 0.814654 -0.563714 0.136256
vn 0.842897 -0.535338 -0.054207
vn 0.784209 -0.619651 -0.032387
vn 0.575703 -0.813897 -0.078343
vn 0.568092 -0.822345 0.031941
vn 0.659466 -0.746212 0.090952
vn 0.659466 -0.746212 0.090952
vn 0.682131 -0.729586 -0.048994
vn 0.575703 -0.813897 -0.078343
vn 0.682131 -0.729586 -0.048994
vn 0.659466 -0.746212 0.090952
vn 0.745574 -0.658051 0.105302
vn 0.745574 -0.658051 0.105302
vn 0.784209 -0.619651 -0.032387
vn 0.682131 -0.729586 -0.048994
vn 0.425150 -0.896586 -0.124017
vn 0.489572 -0.871407 -0.031133
vn 0.568092 -0.822345 0.031941
vn 0.568092 -0.822345 0.031941
vn 0.575703 -0.813897 -0.078343
vn 0.425150 -0.896586 -0.124017
vn -0.009894 -0.984220 0.176674
vn -0.011455 -0.933961 -0.357191
vn 0.186568 -0.939412 -0.287571
vn 0.186568 -0.939412 -0.287571
vn 0.061035 -0.968639 0.240861
vn -0.009894 -0.984220 0.176674
vn 0.067273 -0.963871 0.257735
vn 0.313002 -0.931817 -0.183704
vn 0.426320 -0.897647 -0.111717
vn 0.426320 -0.897647 -0.111717
vn 0.035229 -0.974726 0.220610
vn 0.067273 -0.963871 0.257735
vn 0.292150 -0.922042 -0.253942
vn 0.313002 -0.931817 -0.183704
vn 0.186568 -0.939412 -0.287571
vn 0.186568 -0.939412 -0.287571
vn 0.154018 -0.922070 -0.355057
vn 0.292150 -0.922042 -0.253942
vn 0.061035 -0.968639 0.240861
vn 0.186568 -0.939412 -0.287571
vn 0.313002 -0.931817 -0.183704
vn 0.313002 -0.931817 -0.183704
vn 0.067273 -0.963871 0.257735
vn 0.061035 -0.968639 0.240861
vn 0.425150 -0.896586 -0.124017
vn 0.426320 -0.897647 -0.111717
vn 0.313002 -0.931817 -0.183704
vn 0.313002 -0.931817 -0.183704
vn 0.292150 -0.922042 -0.253942
vn 0.425150 -0.896586 -0.124017
vn 0.575703 -0.813897 -0.078343
vn 0.518205 -0.845800 -0.126828
vn 0.426320 -0.897647 -0.111717
vn 0.426320 -0.897647 -0.111717
vn 0.425150 -0.896586 -0.124017
vn 0.575703 -0.813897 -0.078343
vn 0.682131 -0.729586 -0.048994
vn 0.607236 -0.778608 -0.158223
vn 0.518205 -0.845800 -0.126828
vn 0.518205 -0.845800 -0.126828
vn 0.575703 -0.813897 -0.078343
vn 0.682131 -0.729586 -0.048994
vn 0.784209 -0.619651 -0.032387
vn 0.673241 -0.722242 -0.158472
vn 0.607236 -0.778608 -0.158223
vn 0.607236 -0.778608 -0.158223
vn 0.682131 -0.729586 -0.048994
vn 0.784209 -0.619651 -0.032387
vn 0.842897 -0.535338 -0.054207
vn 0.705539 -0.685946 -0.178024
vn 0.673241 -0.722242 -0.158472
vn 0.673241 -0.722242 -0.158472
vn 0.784209 -0.619651 -0.032387
vn 0.842897 -0.535338 -0.054207
vn 0.768594 -0.600749 0.219917
vn 0.725162 -0.422338 0.543848
vn 0.814654 -0.563714 0.136256
vn 0.745574 -0.658051 0.105302
vn 0.659466 -0.746212 0.090952
vn 0.686561 -0.704018 0.181640
vn 0.768594 -0.600749 0.219917
vn 0.745574 -0.658051 0.105302
vn 0.686561 -0.704018 0.181640
vn 0.659466 -0.746212 0.090952
vn 0.568092 -0.822345 0.031941
vn 0.627129 -0.773730 0.089729
vn 0.627129 -0.773730 0.089729
vn 0.568092 -0.822345 0.031941
vn 0.489572 -0.871407 -0.031133
vn 0.579538 -0.814787 -0.016068
vn 0.499225 -0.312810 0.808037
vn 0.725162 -0.422338 0.543848
vn 0.768594 -0.600749 0.219917
vn 0.768594 -0.600749 0.219917
vn 0.747024 -0.582477 0.320430
vn 0.499225 -0.312810 0.808037
vn 0.703367 -0.663495 0.255047
vn 0.686561 -0.704018 0.181640
vn 0.627129 -0.773730 0.089729
vn 0.627129 -0.773730 0.089729
vn 0.672772 -0.726547 0.139671
vn 0.703367 -0.663495 0.255047
vn 0.579538 -0.814787 -0.016068
vn 0.653996 -0.756466 -0.006981
vn 0.672772 -0.726547 0.139671
vn 0.672772 -0.726547 0.139671
vn 0.627129 -0.773730 0.089729
vn 0.579538 -0.814787 -0.016068
vn 0.391089 -0.754939 -0.526418
vn 0.489572 -0.871407 -0.031133
vn 0.425150 -0.896586 -0.124017
vn 0.425150 -0.896586 -0.124017
vn 0.290584 -0.783949 -0.548621
vn 0.391089 -0.754939 -0.526418
vn 0.290584 -0.783949 -0.548621
vn 0.425150 -0.896586 -0.124017
vn 0.292150 -0.922042 -0.253942
vn 0.292150 -0.922042 -0.253942
vn 0.189618 -0.787794 -0.586025
vn 0.290584 -0.783949 -0.548621
vn 0.189618 -0.787794 -0.586025
vn 0.292150 -0.922042 -0.253942
vn 0.154018 -0.922070 -0.355057
vn 0.154018 -0.922070 -0.355057
vn 0.090811 -0.777677 -0.622071
vn 0.189618 -0.787794 -0.586025
vn 0.090811 -0.777677 -0.622071
vn 0.154018 -0.922070 -0.355057
vn -0.009227 -0.916342 -0.400291
vn -0.009227 -0.916342 -0.400291
vn -0.004304 -0.781760 -0.623565
vn 0.090811 -0.777677 -0.622071
vn 0.579538 -0.814787 -0.016068
vn 0.482810 -0.703547 -0.521456
vn 0.559967 -0.642861 -0.522654
vn 0.559967 -0.642861 -0.522654
vn 0.653996 -0.756466 -0.006981
vn 0.579538 -0.814787 -0.016068
vn 0.004553 -0.978430 -0.206530
vn 0.673241 -0.722242 -0.158472
vn 0.705539 -0.685946 -0.178024
vn 0.705539 -0.685946 -0.178024
vn 0.050430 -0.955534 -0.290536
vn 0.004553 -0.978430 -0.206530
vn -0.109404 -0.986523 0.121668
vn -0.111763 -0.993518 0.020773
vn 0.000000 -0.999751 0.022329
vn 0.000000 -0.999751 0.022329
vn 0.000000 -0.992380 0.123213
vn -0.109404 -0.986523 0.121668
vn -0.219076 -0.968654 0.117115
vn -0.223295 -0.974610 0.016578
vn -0.111763 -0.993518 0.020773
vn -0.111763 -0.993518 0.020773
vn -0.109404 -0.986523 0.121668
vn -0.219076 -0.968654 0.117115
vn -0.109404 -0.986523 0.121668
vn -0.105498 -0.966918 0.232251
vn -0.210879 -0.950614 0.227733
vn -0.210879 -0.950614 0.227733
vn -0.219076 -0.968654 0.117115
vn -0.109404 -0.986523 0.121668
vn 0.000000 -0.992380 0.123213
vn 0.000000 -0.972356 0.233502
vn -0.105498 -0.966918 0.232251
vn -0.105498 -0.966918 0.232251
vn -0.109404 -0.986523 0.121668
vn 0.000000 -0.992380 0.123213
vn -0.324831 -0.939374 0.109821
vn -0.219076 -0.968654 0.117115
vn -0.210879 -0.950614 0.227733
vn -0.210879 -0.950614 0.227733
vn -0.313420 -0.923698 0.220339
vn -0.324831 -0.939374 0.109821
vn -0.331265 -0.943487 0.009834
vn -0.223295 -0.974610 0.016578
vn -0.219076 -0.968654 0.117115
vn -0.219076 -0.968654 0.117115
vn -0.324831 -0.939374 0.109821
vn -0.331265 -0.943487 0.009834
vn -0.324831 -0.939374 0.109821
vn -0.427843 -0.898339 0.099690
vn -0.436027 -0.899934 -0.000088
vn -0.436027 -0.899934 -0.000088
vn -0.331265 -0.943487 0.009834
vn -0.324831 -0.939374 0.109821
vn -0.313420 -0.923698 0.220339
vn -0.413404 -0.885858 0.210600
vn -0.427843 -0.898339 0.099690
vn -0.427843 -0.898339 0.099690
vn -0.324831 -0.939374 0.109821
vn -0.313420 -0.923698 0.220339
vn -0.526254 -0.845883 0.086825
vn -0.427843 -0.898339 0.099690
vn -0.413404 -0.885858 0.210600
vn -0.413404 -0.885858 0.210600
vn -0.509485 -0.837341 0.198206
vn -0.526254 -0.845883 0.086825
vn -0.535407 -0.844498 -0.012751
vn -0.436027 -0.899934 -0.000088
vn -0.427843 -0.898339 0.099690
vn -0.427843 -0.898339 0.099690
vn -0.526254 -0.845883 0.086825
vn -0.535407 -0.844498 -0.012751
vn -0.526254 -0.845883 0.086825
vn -0.618698 -0.782383 0.071338
vn -0.628295 -0.777466 -0.028161
vn -0.628295 -0.777466 -0.028161
vn -0.535407 -0.844498 -0.012751
vn -0.526254 -0.845883 0.086825
vn -0.509485 -0.837341 0.198206
vn -0.600466 -0.778370 0.183251
vn -0.618698 -0.782383 0.071338
vn -0.618698 -0.782383 0.071338
vn -0.526254 -0.845883 0.086825
vn -0.509485 -0.837341 0.198206
vn -0.703603 -0.708585 0.053382
vn -0.618698 -0.782383 0.071338
vn -0.600466 -0.778370 0.183251
vn -0.600466 -0.778370 0.183251
vn -0.685003 -0.709406 0.165872
vn -0.703603 -0.708585 0.053382
vn -0.712606 -0.700048 -0.046109
vn -0.628295 -0.777466 -0.028161
vn -0.618698 -0.782383 0.071338
vn -0.618698 -0.782383 0.071338
vn -0.703603 -0.708585 0.053382
vn -0.712606 -0.700048 -0.046109
vn -0.703603 -0.708585 0.053382
vn -0.779637 -0.625348 0.033247
vn -0.787160 -0.613169 -0.066356
vn -0.787160 -0.613169 -0.066356
vn -0.712606 -0.700048 -0.046109
vn -0.703603 -0.708585 0.053382
vn -0.685003 -0.709406 0.165872
vn -0.761818 -0.631047 0.146332
vn -0.779637 -0.625348 0.033247
vn -0.779637 -0.625348 0.033247
vn -0.703603 -0.708585 0.053382
vn -0.685003 -0.709406 0.165872
vn -0.845629 -0.533653 0.011188
vn -0.779637 -0.625348 0.033247
vn -0.761818 -0.631047 0.146332
vn -0.761818 -0.631047 0.146332
vn -0.829748 -0.543989 0.124875
vn -0.845629 -0.533653 0.011188
vn -0.850718 -0.518075 -0.088758
vn -0.787160 -0.613169 -0.066356
vn -0.779637 -0.625348 0.033247
vn -0.779637 -0.625348 0.033247
vn -0.845629 -0.533653 0.011188
vn -0.850718 -0.518075 -0.088758
vn -0.845629 -0.533653 0.011188
vn -0.900510 -0.434655 -0.012507
vn -0.902214 -0.416272 -0.112815
vn -0.902214 -0.416272 -0.112815
vn -0.850718 -0.518075 -0.088758
vn -0.845629 -0.533653 0.011188
vn -0.829748 -0.543989 0.124875
vn -0.887626 -0.449169 0.101821
vn -0.900510 -0.434655 -0.012507
vn -0.900510 -0.434655 -0.012507
vn -0.845629 -0.533653 0.011188
vn -0.829748 -0.543989 0.124875
vn -0.943258 -0.329934 -0.037525
vn -0.900510 -0.434655 -0.012507
vn -0.887626 -0.449169 0.101821
vn -0.887626 -0.449169 0.101821
vn -0.934358 -0.347802 0.077524
vn -0.943258 -0.329934 -0.037525
vn -0.940843 -0.309317 -0.138342
vn -0.902214 -0.416272 -0.112815
vn -0.900510 -0.434655 -0.012507
vn -0.900510 -0.434655 -0.012507
vn -0.943258 -0.329934 -0.037525
vn -0.940843 -0.309317 -0.138342
vn -0.943258 -0.329934 -0.037525
vn -0.973155 -0.221216 -0.063502
vn -0.965913 -0.199778 -0.164624
vn -0.965913 -0.199778 -0.164624
vn -0.940843 -0.309317 -0.138342
vn -0.943258 -0.329934 -0.037525
vn -0.934358 -0.347802 0.077524
vn -0.969021 -0.241348 0.052426
vn -0.973155 -0.221216 -0.063502
vn -0.973155 -0.221216 -0.063502
vn -0.943258 -0.329934 -0.037525
vn -0.934358 -0.347802 0.077524
vn -0.989699 -0.111430 -0.089888
vn -0.973155 -0.221216 -0.063502
vn -0.969021 -0.241348 0.052426
vn -0.969021 -0.241348 0.052426
vn -0.990860 -0.132136 0.027150
vn -0.989699 -0.111430 -0.089888
vn -0.977288 -0.090073 -0.191822
vn -0.965913 -0.199778 -0.164624
vn -0.973155 -0.221216 -0.063502
vn -0.973155 -0.221216 -0.063502
vn -0.989699 -0.111430 -0.089888
vn -0.977288 -0.090073 -0.191822
vn -0.989699 -0.111430 -0.089888
vn -0.993271 -0.003320 -0.115768
vn -0.975780 0.015156 -0.218231
vn -0.975780 0.015156 -0.218231
vn -0.977288 -0.090073 -0.191822
vn -0.989699 -0.111430 -0.089888
vn -0.990860 -0.132136 0.027150
vn -0.999740 -0.022650 0.002601
vn -0.993271 -0.003320 -0.115768
vn -0.993271 -0.003320 -0.115768
vn -0.989699 -0.111430 -0.089888
vn -0.990860 -0.132136 0.027150
vn -0.984688 0.102995 -0.140650
vn -0.993271 -0.003320 -0.115768
vn -0.999740 -0.022650 0.002601
vn -0.999740 -0.022650 0.002601
vn -0.996042 0.086422 -0.020777
vn -0.984688 0.102995 -0.140650
vn -0.962271 0.118453 -0.244956
vn -0.975780 0.015156 -0.218231
vn -0.993271 -0.003320 -0.115768
vn -0.993271 -0.003320 -0.115768
vn -0.984688 0.102995 -0.140650
vn -0.962271 0.118453 -0.244956
vn -0.984688 0.102995 -0.140650
vn -0.964343 0.207485 -0.164293
vn -0.937784 0.217686 -0.270507
vn -0.937784 0.217686 -0.270507
vn -0.962271 0.118453 -0.244956
vn -0.984688 0.102995 -0.140650
vn -0.996042 0.086422 -0.020777
vn -0.979964 0.194535 -0.042729
vn -0.964343 0.207485 -0.164293
vn -0.964343 0.207485 -0.164293
vn -0.984688 0.102995 -0.140650
vn -0.996042 0.086422 -0.020777
vn -0.931865 0.310989 -0.186851
vn -0.964343 0.207485 -0.164293
vn -0.979964 0.194535 -0.042729
vn -0.979964 0.194535 -0.042729
vn -0.951290 0.301722 -0.063332
vn -0.931865 0.310989 -0.186851
vn -0.900922 0.317097 -0.296293
vn -0.937784 0.217686 -0.270507
vn -0.964343 0.207485 -0.164293
vn -0.964343 0.207485 -0.164293
vn -0.931865 0.310989 -0.186851
vn -0.900922 0.317097 -0.296293
vn -0.931865 0.310989 -0.186851
vn -0.885971 0.413945 -0.209059
vn -0.851299 0.414767 -0.321338
vn -0.851299 0.414767 -0.321338
vn -0.900922 0.317097 -0.296293
vn -0.931865 0.310989 -0.186851
vn -0.951290 0.301722 -0.063332
vn -0.909199 0.407988 -0.083085
vn -0.885971 0.413945 -0.209059
vn -0.885971 0.413945 -0.209059
vn -0.931865 0.310989 -0.186851
vn -0.951290 0.301722 -0.063332
vn -0.830273 0.507529 -0.230350
vn -0.885971 0.413945 -0.209059
vn -0.909199 0.407988 -0.083085
vn -0.909199 0.407988 -0.083085
vn -0.856058 0.506885 -0.101150
vn -0.830273 0.507529 -0.230350
vn -0.792109 0.503026 -0.345728
vn -0.851299 0.414767 -0.321338
vn -0.885971 0.413945 -0.209059
vn -0.885971 0.413945 -0.209059
vn -0.830273 0.507529 -0.230350
vn -0.792109 0.503026 -0.345728
vn -0.830273 0.507529 -0.230350
vn -0.771483 0.585780 -0.248346
vn -0.734415 0.571623 -0.365900
vn -0.734415 0.571623 -0.365900
vn -0.792109 0.503026 -0.345728
vn -0.830273 0.507529 -0.230350
vn -0.856058 0.506885 -0.101150
vn -0.796751 0.593161 -0.115534
vn -0.771483 0.585780 -0.248346
vn -0.771483 0.585780 -0.248346
vn -0.830273 0.507529 -0.230350
vn -0.856058 0.506885 -0.101150
vn -0.708097 0.655826 -0.261709
vn -0.771483 0.585780 -0.248346
vn -0.796751 0.593161 -0.115534
vn -0.796751 0.593161 -0.115534
vn -0.730482 0.671219 -0.125941
vn -0.708097 0.655826 -0.261709
vn -0.672886 0.632567 -0.383515
vn -0.734415 0.571623 -0.365900
vn -0.771483 0.585780 -0.248346
vn -0.771483 0.585780 -0.248346
vn -0.708097 0.655826 -0.261709
vn -0.672886 0.632567 -0.383515
vn -0.708097 0.655826 -0.261709
vn -0.636055 0.722420 -0.271190
vn -0.605091 0.689369 -0.398290
vn -0.605091 0.689369 -0.398290
vn -0.672886 0.632567 -0.383515
vn -0.708097 0.655826 -0.261709
vn -0.730482 0.671219 -0.125941
vn -0.654380 0.744307 -0.133392
vn -0.636055 0.722420 -0.271190
vn -0.636055 0.722420 -0.271190
vn -0.708097 0.655826 -0.261709
vn -0.730482 0.671219 -0.125941
vn -0.547374 0.789258 -0.278304
vn -0.636055 0.722420 -0.271190
vn -0.654380 0.744307 -0.133392
vn -0.654380 0.744307 -0.133392
vn -0.563048 0.814561 -0.139523
vn -0.547374 0.789258 -0.278304
vn -0.556072 0.730620 -0.396205
vn -0.605091 0.689369 -0.398290
vn -0.636055 0.722420 -0.271190
vn -0.636055 0.722420 -0.271190
vn -0.547374 0.789258 -0.278304
vn -0.556072 0.730620 -0.396205
vn -0.556072 0.730620 -0.396205
vn -0.547374 0.789258 -0.278304
vn -0.479023 0.842176 -0.247540
vn -0.563048 0.814561 -0.139523
vn -0.451547 0.880195 -0.146160
vn -0.479023 0.842176 -0.247540
vn -0.479023 0.842176 -0.247540
vn -0.547374 0.789258 -0.278304
vn -0.563048 0.814561 -0.139523
vn -0.451547 0.880195 -0.146160
vn -0.346880 0.929506 -0.125275
vn -0.479023 0.842176 -0.247540
vn -0.105498 -0.966918 0.232251
vn -0.104747 -0.956392 0.272659
vn -0.208784 -0.940236 0.269007
vn -0.208784 -0.940236 0.269007
vn -0.210879 -0.950614 0.227733
vn -0.105498 -0.966918 0.232251
vn -0.105498 -0.966918 0.232251
vn 0.000000 -0.972356 0.233502
vn 0.000000 -0.961802 0.273747
vn 0.000000 -0.961802 0.273747
vn -0.104747 -0.956392 0.272659
vn -0.105498 -0.966918 0.232251
vn -0.313420 -0.923698 0.220339
vn -0.310849 -0.913446 0.262659
vn -0.410114 -0.876041 0.253692
vn -0.410114 -0.876041 0.253692
vn -0.413404 -0.885858 0.210600
vn -0.313420 -0.923698 0.220339
vn -0.210879 -0.950614 0.227733
vn -0.208784 -0.940236 0.269007
vn -0.310849 -0.913446 0.262659
vn -0.310849 -0.913446 0.262659
vn -0.313420 -0.923698 0.220339
vn -0.210879 -0.950614 0.227733
vn -0.509485 -0.837341 0.198206
vn -0.505538 -0.828137 0.242116
vn -0.596027 -0.769918 0.227987
vn -0.596027 -0.769918 0.227987
vn -0.600466 -0.778370 0.183251
vn -0.509485 -0.837341 0.198206
vn -0.413404 -0.885858 0.210600
vn -0.410114 -0.876041 0.253692
vn -0.505538 -0.828137 0.242116
vn -0.505538 -0.828137 0.242116
vn -0.509485 -0.837341 0.198206
vn -0.413404 -0.885858 0.210600
vn -0.685003 -0.709406 0.165872
vn -0.680235 -0.701840 0.211425
vn -0.756996 -0.624384 0.192618
vn -0.756996 -0.624384 0.192618
vn -0.761818 -0.631047 0.146332
vn -0.685003 -0.709406 0.165872
vn -0.600466 -0.778370 0.183251
vn -0.596027 -0.769918 0.227987
vn -0.680235 -0.701840 0.211425
vn -0.680235 -0.701840 0.211425
vn -0.685003 -0.709406 0.165872
vn -0.600466 -0.778370 0.183251
vn -0.883390 -0.444221 0.149299
vn -0.887626 -0.449169 0.101821
vn -0.829748 -0.543989 0.124875
vn -0.829748 -0.543989 0.124875
vn -0.825087 -0.538251 0.171806
vn -0.883390 -0.444221 0.149299
vn -0.761818 -0.631047 0.146332
vn -0.756996 -0.624384 0.192618
vn -0.825087 -0.538251 0.171806
vn -0.825087 -0.538251 0.171806
vn -0.829748 -0.543989 0.124875
vn -0.761818 -0.631047 0.146332
vn -0.934358 -0.347802 0.077524
vn -0.930716 -0.343534 0.125506
vn -0.966143 -0.237462 0.100890
vn -0.966143 -0.237462 0.100890
vn -0.969021 -0.241348 0.052426
vn -0.934358 -0.347802 0.077524
vn -0.887626 -0.449169 0.101821
vn -0.883390 -0.444221 0.149299
vn -0.930716 -0.343534 0.125506
vn -0.930716 -0.343534 0.125506
vn -0.934358 -0.347802 0.077524
vn -0.887626 -0.449169 0.101821
vn -0.990860 -0.132136 0.027150
vn -0.988791 -0.128440 0.076132
vn -0.998476 -0.018668 0.051929
vn -0.998476 -0.018668 0.051929
vn -0.999740 -0.022650 0.002601
vn -0.990860 -0.132136 0.027150
vn -0.969021 -0.241348 0.052426
vn -0.966143 -0.237462 0.100890
vn -0.988791 -0.128440 0.076132
vn -0.988791 -0.128440 0.076132
vn -0.990860 -0.132136 0.027150
vn -0.969021 -0.241348 0.052426
vn -0.996042 0.086422 -0.020777
vn -0.995441 0.090953 0.028703
vn -0.979805 0.199841 0.006728
vn -0.979805 0.199841 0.006728
vn -0.979964 0.194535 -0.042729
vn -0.996042 0.086422 -0.020777
vn -0.999740 -0.022650 0.002601
vn -0.998476 -0.018668 0.051929
vn -0.995441 0.090953 0.028703
vn -0.995441 0.090953 0.028703
vn -0.996042 0.086422 -0.020777
vn -0.999740 -0.022650 0.002601
vn -0.951290 0.301722 -0.063332
vn -0.951374 0.307728 -0.013844
vn -0.909419 0.414565 -0.033060
vn -0.909419 0.414565 -0.033060
vn -0.909199 0.407988 -0.083085
vn -0.951290 0.301722 -0.063332
vn -0.979964 0.194535 -0.042729
vn -0.979805 0.199841 0.006728
vn -0.951374 0.307728 -0.013844
vn -0.951374 0.307728 -0.013844
vn -0.951290 0.301722 -0.063332
vn -0.979964 0.194535 -0.042729
vn -0.856058 0.506885 -0.101150
vn -0.856445 0.513813 -0.049985
vn -0.796664 0.601050 -0.063762
vn -0.796664 0.601050 -0.063762
vn -0.796751 0.593161 -0.115534
vn -0.856058 0.506885 -0.101150
vn -0.909199 0.407988 -0.083085
vn -0.909419 0.414565 -0.033060
vn -0.856445 0.513813 -0.049985
vn -0.856445 0.513813 -0.049985
vn -0.856058 0.506885 -0.101150
vn -0.909199 0.407988 -0.083085
vn -0.730482 0.671219 -0.125941
vn -0.729351 0.680036 -0.074817
vn -0.652069 0.753514 -0.083802
vn -0.652069 0.753514 -0.083802
vn -0.654380 0.744307 -0.133392
vn -0.730482 0.671219 -0.125941
vn -0.796751 0.593161 -0.115534
vn -0.796664 0.601050 -0.063762
vn -0.729351 0.680036 -0.074817
vn -0.729351 0.680036 -0.074817
vn -0.730482 0.671219 -0.125941
vn -0.796751 0.593161 -0.115534
vn -0.563048 0.814561 -0.139523
vn -0.560244 0.823272 -0.091377
vn -0.449119 0.888054 -0.098243
vn -0.449119 0.888054 -0.098243
vn -0.451547 0.880195 -0.146160
vn -0.563048 0.814561 -0.139523
vn -0.654380 0.744307 -0.133392
vn -0.652069 0.753514 -0.083802
vn -0.560244 0.823272 -0.091377
vn -0.560244 0.823272 -0.091377
vn -0.563048 0.814561 -0.139523
vn -0.654380 0.744307 -0.133392
vn -0.346880 0.929506 -0.125275
vn -0.330149 0.938185 -0.103977
vn -0.215913 0.970416 -0.108048
vn -0.215913 0.970416 -0.108048
vn -0.218573 0.969856 -0.107726
vn -0.346880 0.929506 -0.125275
vn -0.451547 0.880195 -0.146160
vn -0.449119 0.888054 -0.098243
vn -0.330149 0.938185 -0.103977
vn -0.330149 0.938185 -0.103977
vn -0.346880 0.929506 -0.125275
vn -0.451547 0.880195 -0.146160
vn 0.000000 0.993732 -0.111785
vn -0.107109 0.988093 -0.110455
vn -0.106344 0.988131 -0.110851
vn -0.106344 0.988131 -0.110851
vn 0.000000 0.993660 -0.112425
vn 0.000000 0.993732 -0.111785
vn -0.218573 0.969856 -0.107726
vn -0.215913 0.970416 -0.108048
vn -0.106344 0.988131 -0.110851
vn -0.106344 0.988131 -0.110851
vn -0.107109 0.988093 -0.110455
vn -0.218573 0.969856 -0.107726
vn 0.000000 -0.999751 0.022329
vn -0.111763 -0.993518 0.020773
vn -0.110687 -0.993808 -0.009751
vn -0.110687 -0.993808 -0.009751
vn 0.000000 -0.999965 -0.008382
vn 0.000000 -0.999751 0.022329
vn -0.111763 -0.993518 0.020773
vn -0.223295 -0.974610 0.016578
vn -0.220772 -0.975228 -0.013759
vn -0.220772 -0.975228 -0.013759
vn -0.110687 -0.993808 -0.009751
vn -0.111763 -0.993518 0.020773
vn -0.331265 -0.943487 0.009834
vn -0.327906 -0.944486 -0.020594
vn -0.220772 -0.975228 -0.013759
vn -0.220772 -0.975228 -0.013759
vn -0.223295 -0.974610 0.016578
vn -0.331265 -0.943487 0.009834
vn -0.331265 -0.943487 0.009834
vn -0.436027 -0.899934 -0.000088
vn -0.431860 -0.901433 -0.030257
vn -0.431860 -0.901433 -0.030257
vn -0.327906 -0.944486 -0.020594
vn -0.331265 -0.943487 0.009834
vn -0.535407 -0.844498 -0.012751
vn -0.530397 -0.846678 -0.042611
vn -0.431860 -0.901433 -0.030257
vn -0.431860 -0.901433 -0.030257
vn -0.436027 -0.899934 -0.000088
vn -0.535407 -0.844498 -0.012751
vn -0.535407 -0.844498 -0.012751
vn -0.628295 -0.777466 -0.028161
vn -0.622742 -0.780286 -0.057848
vn -0.622742 -0.780286 -0.057848
vn -0.530397 -0.846678 -0.042611
vn -0.535407 -0.844498 -0.012751
vn -0.712606 -0.700048 -0.046109
vn -0.706603 -0.703570 -0.075509
vn -0.622742 -0.780286 -0.057848
vn -0.622742 -0.780286 -0.057848
vn -0.628295 -0.777466 -0.028161
vn -0.712606 -0.700048 -0.046109
vn -0.712606 -0.700048 -0.046109
vn -0.787160 -0.613169 -0.066356
vn -0.780826 -0.617364 -0.095774
vn -0.780826 -0.617364 -0.095774
vn -0.706603 -0.703570 -0.075509
vn -0.712606 -0.700048 -0.046109
vn -0.850718 -0.518075 -0.088758
vn -0.844213 -0.522827 -0.118138
vn -0.780826 -0.617364 -0.095774
vn -0.780826 -0.617364 -0.095774
vn -0.787160 -0.613169 -0.066356
vn -0.850718 -0.518075 -0.088758
vn -0.850718 -0.518075 -0.088758
vn -0.902214 -0.416272 -0.112815
vn -0.895436 -0.421806 -0.142387
vn -0.895436 -0.421806 -0.142387
vn -0.844213 -0.522827 -0.118138
vn -0.850718 -0.518075 -0.088758
vn -0.940843 -0.309317 -0.138342
vn -0.934042 -0.315139 -0.168085
vn -0.895436 -0.421806 -0.142387
vn -0.895436 -0.421806 -0.142387
vn -0.902214 -0.416272 -0.112815
vn -0.940843 -0.309317 -0.138342
vn -0.940843 -0.309317 -0.138342
vn -0.965913 -0.199778 -0.164624
vn -0.958965 -0.206029 -0.194775
vn -0.958965 -0.206029 -0.194775
vn -0.934042 -0.315139 -0.168085
vn -0.940843 -0.309317 -0.138342
vn -0.977288 -0.090073 -0.191822
vn -0.970298 -0.095537 -0.222250
vn -0.958965 -0.206029 -0.194775
vn -0.958965 -0.206029 -0.194775
vn -0.965913 -0.199778 -0.164624
vn -0.977288 -0.090073 -0.191822
vn -0.977288 -0.090073 -0.191822
vn -0.975780 0.015156 -0.218231
vn -0.968431 0.009146 -0.249113
vn -0.968431 0.009146 -0.249113
vn -0.970298 -0.095537 -0.222250
vn -0.977288 -0.090073 -0.191822
vn -0.962271 0.118453 -0.244956
vn -0.954329 0.112692 -0.276689
vn -0.968431 0.009146 -0.249113
vn -0.968431 0.009146 -0.249113
vn -0.975780 0.015156 -0.218231
vn -0.962271 0.118453 -0.244956
vn -0.962271 0.118453 -0.244956
vn -0.937784 0.217686 -0.270507
vn -0.929498 0.210043 -0.303176
vn -0.929498 0.210043 -0.303176
vn -0.954329 0.112692 -0.276689
vn -0.962271 0.118453 -0.244956
vn -0.900922 0.317097 -0.296293
vn -0.891759 0.308687 -0.330874
vn -0.929498 0.210043 -0.303176
vn -0.929498 0.210043 -0.303176
vn -0.937784 0.217686 -0.270507
vn -0.900922 0.317097 -0.296293
vn -0.900922 0.317097 -0.296293
vn -0.851299 0.414767 -0.321338
vn -0.841754 0.404200 -0.357873
vn -0.841754 0.404200 -0.357873
vn -0.891759 0.308687 -0.330874
vn -0.900922 0.317097 -0.296293
vn -0.792109 0.503026 -0.345728
vn -0.780167 0.493798 -0.384061
vn -0.841754 0.404200 -0.357873
vn -0.841754 0.404200 -0.357873
vn -0.851299 0.414767 -0.321338
vn -0.792109 0.503026 -0.345728
vn -0.792109 0.503026 -0.345728
vn -0.734415 0.571623 -0.365900
vn -0.722395 0.560776 -0.404568
vn -0.722395 0.560776 -0.404568
vn -0.780167 0.493798 -0.384061
vn -0.792109 0.503026 -0.345728
vn -0.672886 0.632567 -0.383515
vn -0.660446 0.619683 -0.424034
vn -0.722395 0.560776 -0.404568
vn -0.722395 0.560776 -0.404568
vn -0.734415 0.571623 -0.365900
vn -0.672886 0.632567 -0.383515
vn -0.672886 0.632567 -0.383515
vn -0.605091 0.689369 -0.398290
vn -0.594721 0.672524 -0.440475
vn -0.594721 0.672524 -0.440475
vn -0.660446 0.619683 -0.424034
vn -0.672886 0.632567 -0.383515
vn -0.556072 0.730620 -0.396205
vn -0.553265 0.700789 -0.450325
vn -0.594721 0.672524 -0.440475
vn -0.594721 0.672524 -0.440475
vn -0.605091 0.689369 -0.398290
vn -0.556072 0.730620 -0.396205
vn 0.111933 0.981178 -0.157353
vn 0.225265 0.962552 -0.150829
vn 0.208703 0.905722 -0.368931
vn 0.208703 0.905722 -0.368931
vn 0.104770 0.920990 -0.375235
vn 0.111933 0.981178 -0.157353
vn 0.111752 0.988675 0.100164
vn 0.226010 0.968611 0.103496
vn 0.225265 0.962552 -0.150829
vn 0.225265 0.962552 -0.150829
vn 0.111933 0.981178 -0.157353
vn 0.111752 0.988675 0.100164
vn 0.111933 0.981178 -0.157353
vn 0.000000 0.987262 -0.159104
vn 0.000000 0.995078 0.099096
vn 0.000000 0.995078 0.099096
vn 0.111752 0.988675 0.100164
vn 0.111933 0.981178 -0.157353
vn 0.104770 0.920990 -0.375235
vn 0.000218 0.926298 -0.376791
vn 0.000000 0.987262 -0.159104
vn 0.000000 0.987262 -0.159104
vn 0.111933 0.981178 -0.157353
vn 0.104770 0.920990 -0.375235
vn 0.333846 0.932078 -0.140632
vn 0.435654 0.890686 -0.129937
vn 0.407796 0.845455 -0.344832
vn 0.407796 0.845455 -0.344832
vn 0.310144 0.880673 -0.358086
vn 0.333846 0.932078 -0.140632
vn 0.334395 0.936172 0.108450
vn 0.435419 0.892854 0.114989
vn 0.435654 0.890686 -0.129937
vn 0.435654 0.890686 -0.129937
vn 0.333846 0.932078 -0.140632
vn 0.334395 0.936172 0.108450
vn 0.333846 0.932078 -0.140632
vn 0.225265 0.962552 -0.150829
vn 0.226010 0.968611 0.103496
vn 0.226010 0.968611 0.103496
vn 0.334395 0.936172 0.108450
vn 0.333846 0.932078 -0.140632
vn 0.310144 0.880673 -0.358086
vn 0.208703 0.905722 -0.368931
vn 0.225265 0.962552 -0.150829
vn 0.225265 0.962552 -0.150829
vn 0.333846 0.932078 -0.140632
vn 0.310144 0.880673 -0.358086
vn 0.532452 0.838229 -0.117759
vn 0.621820 0.776306 -0.103385
vn 0.590213 0.744504 -0.312030
vn 0.590213 0.744504 -0.312030
vn 0.501605 0.799889 -0.329500
vn 0.532452 0.838229 -0.117759
vn 0.530676 0.838477 0.123850
vn 0.617313 0.775077 0.134837
vn 0.621820 0.776306 -0.103385
vn 0.621820 0.776306 -0.103385
vn 0.532452 0.838229 -0.117759
vn 0.530676 0.838477 0.123850
vn 0.532452 0.838229 -0.117759
vn 0.435654 0.890686 -0.129937
vn 0.435419 0.892854 0.114989
vn 0.435419 0.892854 0.114989
vn 0.530676 0.838477 0.123850
vn 0.532452 0.838229 -0.117759
vn 0.501605 0.799889 -0.329500
vn 0.407796 0.845455 -0.344832
vn 0.435654 0.890686 -0.129937
vn 0.435654 0.890686 -0.129937
vn 0.532452 0.838229 -0.117759
vn 0.501605 0.799889 -0.329500
vn 0.704123 0.704833 -0.086147
vn 0.777300 0.625686 -0.065738
vn 0.747802 0.605712 -0.271854
vn 0.747802 0.605712 -0.271854
vn 0.672656 0.679538 -0.292852
vn 0.704123 0.704833 -0.086147
vn 0.696574 0.701918 0.148648
vn 0.765340 0.622201 0.164682
vn 0.777300 0.625686 -0.065738
vn 0.777300 0.625686 -0.065738
vn 0.704123 0.704833 -0.086147
vn 0.696574 0.701918 0.148648
vn 0.704123 0.704833 -0.086147
vn 0.621820 0.776306 -0.103385
vn 0.617313 0.775077 0.134837
vn 0.617313 0.775077 0.134837
vn 0.696574 0.701918 0.148648
vn 0.704123 0.704833 -0.086147
vn 0.672656 0.679538 -0.292852
vn 0.590213 0.744504 -0.312030
vn 0.621820 0.776306 -0.103385
vn 0.621820 0.776306 -0.103385
vn 0.704123 0.704833 -0.086147
vn 0.672656 0.679538 -0.292852
vn 0.839469 0.541242 -0.048466
vn 0.896494 0.441914 -0.031795
vn 0.869893 0.432821 -0.236540
vn 0.869893 0.432821 -0.236540
vn 0.813378 0.523982 -0.252704
vn 0.839469 0.541242 -0.048466
vn 0.823076 0.537957 0.182068
vn 0.876484 0.434671 0.206972
vn 0.896494 0.441914 -0.031795
vn 0.896494 0.441914 -0.031795
vn 0.839469 0.541242 -0.048466
vn 0.823076 0.537957 0.182068
vn 0.839469 0.541242 -0.048466
vn 0.777300 0.625686 -0.065738
vn 0.765340 0.622201 0.164682
vn 0.765340 0.622201 0.164682
vn 0.823076 0.537957 0.182068
vn 0.839469 0.541242 -0.048466
vn 0.813378 0.523982 -0.252704
vn 0.747802 0.605712 -0.271854
vn 0.777300 0.625686 -0.065738
vn 0.777300 0.625686 -0.065738
vn 0.839469 0.541242 -0.048466
vn 0.813378 0.523982 -0.252704
vn 0.944879 0.327386 -0.004666
vn 0.976257 0.214628 0.029271
vn 0.954696 0.227597 -0.191719
vn 0.954696 0.227597 -0.191719
vn 0.917874 0.332429 -0.216790
vn 0.944879 0.327386 -0.004666
vn 0.918579 0.314843 0.238928
vn 0.942341 0.200778 0.267735
vn 0.976257 0.214628 0.029271
vn 0.976257 0.214628 0.029271
vn 0.944879 0.327386 -0.004666
vn 0.918579 0.314843 0.238928
vn 0.944879 0.327386 -0.004666
vn 0.896494 0.441914 -0.031795
vn 0.876484 0.434671 0.206972
vn 0.876484 0.434671 0.206972
vn 0.918579 0.314843 0.238928
vn 0.944879 0.327386 -0.004666
vn 0.917874 0.332429 -0.216790
vn 0.869893 0.432821 -0.236540
vn 0.896494 0.441914 -0.031795
vn 0.896494 0.441914 -0.031795
vn 0.944879 0.327386 -0.004666
vn 0.917874 0.332429 -0.216790
vn 0.992184 0.109420 0.059980
vn 0.996420 0.007695 0.084191
vn 0.989449 0.013171 -0.144283
vn 0.989449 0.013171 -0.144283
vn 0.978574 0.121038 -0.166560
vn 0.992184 0.109420 0.059980
vn 0.951862 0.099773 0.289836
vn 0.951770 0.008523 0.306694
vn 0.996420 0.007695 0.084191
vn 0.996420 0.007695 0.084191
vn 0.992184 0.109420 0.059980
vn 0.951862 0.099773 0.289836
vn 0.992184 0.109420 0.059980
vn 0.976257 0.214628 0.029271
vn 0.942341 0.200778 0.267735
vn 0.942341 0.200778 0.267735
vn 0.951862 0.099773 0.289836
vn 0.992184 0.109420 0.059980
vn 0.978574 0.121038 -0.166560
vn 0.954696 0.227597 -0.191719
vn 0.976257 0.214628 0.029271
vn 0.976257 0.214628 0.029271
vn 0.992184 0.109420 0.059980
vn 0.978574 0.121038 -0.166560
vn 0.989819 -0.097633 0.103568
vn 0.969142 -0.212230 0.125387
vn 0.972742 -0.206243 -0.106006
vn 0.972742 -0.206243 -0.106006
vn 0.987501 -0.095851 -0.125115
vn 0.989819 -0.097633 0.103568
vn 0.942152 -0.088287 0.323350
vn 0.916977 -0.201037 0.344582
vn 0.969142 -0.212230 0.125387
vn 0.969142 -0.212230 0.125387
vn 0.989819 -0.097633 0.103568
vn 0.942152 -0.088287 0.323350
vn 0.989819 -0.097633 0.103568
vn 0.996420 0.007695 0.084191
vn 0.951770 0.008523 0.306694
vn 0.951770 0.008523 0.306694
vn 0.942152 -0.088287 0.323350
vn 0.989819 -0.097633 0.103568
vn 0.987501 -0.095851 -0.125115
vn 0.989449 0.013171 -0.144283
vn 0.996420 0.007695 0.084191
vn 0.996420 0.007695 0.084191
vn 0.989819 -0.097633 0.103568
vn 0.987501 -0.095851 -0.125115
vn 0.932853 -0.326943 0.151304
vn 0.883570 -0.433804 0.176402
vn 0.903384 -0.424575 -0.060274
vn 0.903384 -0.424575 -0.060274
vn 0.944883 -0.316435 -0.084057
vn 0.932853 -0.326943 0.151304
vn 0.876953 -0.313195 0.364503
vn 0.828485 -0.413666 0.377482
vn 0.883570 -0.433804 0.176402
vn 0.883570 -0.433804 0.176402
vn 0.932853 -0.326943 0.151304
vn 0.876953 -0.313195 0.364503
vn 0.932853 -0.326943 0.151304
vn 0.969142 -0.212230 0.125387
vn 0.916977 -0.201037 0.344582
vn 0.916977 -0.201037 0.344582
vn 0.876953 -0.313195 0.364503
vn 0.932853 -0.326943 0.151304
vn 0.944883 -0.316435 -0.084057
vn 0.972742 -0.206243 -0.106006
vn 0.969142 -0.212230 0.125387
vn 0.969142 -0.212230 0.125387
vn 0.932853 -0.326943 0.151304
vn 0.944883 -0.316435 -0.084057
vn 0.782003 -0.383559 0.491278
vn 0.746382 -0.460019 0.480934
vn 0.778731 -0.499215 0.379950
vn 0.778731 -0.499215 0.379950
vn 0.828485 -0.413666 0.377482
vn 0.782003 -0.383559 0.491278
vn 0.746382 -0.460019 0.480934
vn 0.728481 -0.515324 0.451394
vn 0.740489 -0.566027 0.362340
vn 0.740489 -0.566027 0.362340
vn 0.778731 -0.499215 0.379950
vn 0.746382 -0.460019 0.480934
vn 0.728481 -0.515324 0.451394
vn 0.746382 -0.460019 0.480934
vn 0.430366 -0.252154 0.866720
vn 0.430366 -0.252154 0.866720
vn 0.443890 -0.288692 0.848303
vn 0.728481 -0.515324 0.451394
vn 0.746382 -0.460019 0.480934
vn 0.782003 -0.383559 0.491278
vn 0.427585 -0.198948 0.881811
vn 0.427585 -0.198948 0.881811
vn 0.430366 -0.252154 0.866720
vn 0.746382 -0.460019 0.480934
vn 0.717555 -0.674071 0.175337
vn 0.769541 -0.607171 0.197862
vn 0.740489 -0.566027 0.362340
vn 0.740489 -0.566027 0.362340
vn 0.714835 -0.623283 0.317063
vn 0.717555 -0.674071 0.175337
vn 0.720850 -0.692997 -0.011461
vn 0.787610 -0.615885 -0.018873
vn 0.769541 -0.607171 0.197862
vn 0.769541 -0.607171 0.197862
vn 0.717555 -0.674071 0.175337
vn 0.720850 -0.692997 -0.011461
vn 0.106150 0.953096 0.283444
vn 0.213869 0.935043 0.282765
vn 0.226010 0.968611 0.103496
vn 0.226010 0.968611 0.103496
vn 0.111752 0.988675 0.100164
vn 0.106150 0.953096 0.283444
vn 0.051143 0.477712 0.877026
vn 0.103429 0.471577 0.875738
vn 0.213869 0.935043 0.282765
vn 0.213869 0.935043 0.282765
vn 0.106150 0.953096 0.283444
vn 0.051143 0.477712 0.877026
vn -0.000159 0.479708 0.877428
vn 0.051143 0.477712 0.877026
vn 0.106150 0.953096 0.283444
vn 0.106150 0.953096 0.283444
vn 0.000034 0.959098 0.283076
vn -0.000159 0.479708 0.877428
vn 0.111752 0.988675 0.100164
vn 0.000000 0.995078 0.099096
vn 0.000034 0.959098 0.283076
vn 0.000034 0.959098 0.283076
vn 0.106150 0.953096 0.283444
vn 0.111752 0.988675 0.100164
vn 0.000260 0.678051 -0.735015
vn 0.000218 0.926298 -0.376791
vn 0.104770 0.920990 -0.375235
vn 0.104770 0.920990 -0.375235
vn 0.075458 0.675514 -0.733476
vn 0.000260 0.678051 -0.735015
vn 0.208703 0.905722 -0.368931
vn 0.149828 0.667387 -0.729484
vn 0.075458 0.675514 -0.733476
vn 0.075458 0.675514 -0.733476
vn 0.104770 0.920990 -0.375235
vn 0.208703 0.905722 -0.368931
vn 0.316596 0.905822 0.281520
vn 0.413623 0.865052 0.283905
vn 0.435419 0.892854 0.114989
vn 0.435419 0.892854 0.114989
vn 0.334395 0.936172 0.108450
vn 0.316596 0.905822 0.281520
vn 0.153815 0.459882 0.874557
vn 0.202060 0.440653 0.874641
vn 0.413623 0.865052 0.283905
vn 0.413623 0.865052 0.283905
vn 0.316596 0.905822 0.281520
vn 0.153815 0.459882 0.874557
vn 0.316596 0.905822 0.281520
vn 0.213869 0.935043 0.282765
vn 0.103429 0.471577 0.875738
vn 0.103429 0.471577 0.875738
vn 0.153815 0.459882 0.874557
vn 0.316596 0.905822 0.281520
vn 0.334395 0.936172 0.108450
vn 0.226010 0.968611 0.103496
vn 0.213869 0.935043 0.282765
vn 0.213869 0.935043 0.282765
vn 0.316596 0.905822 0.281520
vn 0.334395 0.936172 0.108450
vn 0.149828 0.667387 -0.729484
vn 0.208703 0.905722 -0.368931
vn 0.310144 0.880673 -0.358086
vn 0.310144 0.880673 -0.358086
vn 0.223985 0.652981 -0.723496
vn 0.149828 0.667387 -0.729484
vn 0.223985 0.652981 -0.723496
vn 0.310144 0.880673 -0.358086
vn 0.407796 0.845455 -0.344832
vn 0.407796 0.845455 -0.344832
vn 0.297398 0.631694 -0.715903
vn 0.223985 0.652981 -0.723496
vn 0.505050 0.813083 0.289519
vn 0.588645 0.751717 0.297352
vn 0.617313 0.775077 0.134837
vn 0.617313 0.775077 0.134837
vn 0.530676 0.838477 0.123850
vn 0.505050 0.813083 0.289519
vn 0.588645 0.751717 0.297352
vn 0.505050 0.813083 0.289519
vn 0.247421 0.414296 0.875866
vn 0.247421 0.414296 0.875866
vn 0.289009 0.382098 0.877767
vn 0.588645 0.751717 0.297352
vn 0.202060 0.440653 0.874641
vn 0.247421 0.414296 0.875866
vn 0.505050 0.813083 0.289519
vn 0.505050 0.813083 0.289519
vn 0.413623 0.865052 0.283905
vn 0.202060 0.440653 0.874641
vn 0.530676 0.838477 0.123850
vn 0.435419 0.892854 0.114989
vn 0.413623 0.865052 0.283905
vn 0.413623 0.865052 0.283905
vn 0.505050 0.813083 0.289519
vn 0.530676 0.838477 0.123850
vn 0.501605 0.799889 -0.329500
vn 0.369514 0.602964 -0.707032
vn 0.297398 0.631694 -0.715903
vn 0.297398 0.631694 -0.715903
vn 0.407796 0.845455 -0.344832
vn 0.501605 0.799889 -0.329500
vn 0.590213 0.744504 -0.312030
vn 0.439492 0.566442 -0.697130
vn 0.369514 0.602964 -0.707032
vn 0.369514 0.602964 -0.707032
vn 0.501605 0.799889 -0.329500
vn 0.590213 0.744504 -0.312030
vn 0.665231 0.680358 0.307540
vn 0.731505 0.602932 0.318391
vn 0.765340 0.622201 0.164682
vn 0.765340 0.622201 0.164682
vn 0.696574 0.701918 0.148648
vn 0.665231 0.680358 0.307540
vn 0.731505 0.602932 0.318391
vn 0.665231 0.680358 0.307540
vn 0.326702 0.344238 0.880208
vn 0.326702 0.344238 0.880208
vn 0.358539 0.303928 0.882654
vn 0.731505 0.602932 0.318391
vn 0.289009 0.382098 0.877767
vn 0.326702 0.344238 0.880208
vn 0.665231 0.680358 0.307540
vn 0.665231 0.680358 0.307540
vn 0.588645 0.751717 0.297352
vn 0.289009 0.382098 0.877767
vn 0.696574 0.701918 0.148648
vn 0.617313 0.775077 0.134837
vn 0.588645 0.751717 0.297352
vn 0.588645 0.751717 0.297352
vn 0.665231 0.680358 0.307540
vn 0.696574 0.701918 0.148648
vn 0.672656 0.679538 -0.292852
vn 0.506208 0.521833 -0.686618
vn 0.439492 0.566442 -0.697130
vn 0.439492 0.566442 -0.697130
vn 0.590213 0.744504 -0.312030
vn 0.672656 0.679538 -0.292852
vn 0.747802 0.605712 -0.271854
vn 0.568473 0.469344 -0.675688
vn 0.506208 0.521833 -0.686618
vn 0.506208 0.521833 -0.686618
vn 0.672656 0.679538 -0.292852
vn 0.747802 0.605712 -0.271854
vn 0.786234 0.518079 0.336794
vn 0.831709 0.414341 0.369570
vn 0.876484 0.434671 0.206972
vn 0.876484 0.434671 0.206972
vn 0.823076 0.537957 0.182068
vn 0.786234 0.518079 0.336794
vn 0.831709 0.414341 0.369570
vn 0.786234 0.518079 0.336794
vn 0.382505 0.258182 0.887148
vn 0.382505 0.258182 0.887148
vn 0.395517 0.201562 0.896069
vn 0.831709 0.414341 0.369570
vn 0.358539 0.303928 0.882654
vn 0.382505 0.258182 0.887148
vn 0.786234 0.518079 0.336794
vn 0.786234 0.518079 0.336794
vn 0.731505 0.602932 0.318391
vn 0.358539 0.303928 0.882654
vn 0.823076 0.537957 0.182068
vn 0.765340 0.622201 0.164682
vn 0.731505 0.602932 0.318391
vn 0.731505 0.602932 0.318391
vn 0.786234 0.518079 0.336794
vn 0.823076 0.537957 0.182068
vn 0.813378 0.523982 -0.252704
vn 0.624970 0.408959 -0.664954
vn 0.568473 0.469344 -0.675688
vn 0.568473 0.469344 -0.675688
vn 0.747802 0.605712 -0.271854
vn 0.813378 0.523982 -0.252704
vn 0.869893 0.432821 -0.236540
vn 0.675020 0.341012 -0.654262
vn 0.624970 0.408959 -0.664954
vn 0.624970 0.408959 -0.664954
vn 0.813378 0.523982 -0.252704
vn 0.869893 0.432821 -0.236540
vn 0.865298 0.300417 0.401259
vn 0.886772 0.192859 0.420049
vn 0.942341 0.200778 0.267735
vn 0.942341 0.200778 0.267735
vn 0.918579 0.314843 0.238928
vn 0.865298 0.300417 0.401259
vn 0.886772 0.192859 0.420049
vn 0.865298 0.300417 0.401259
vn 0.402259 0.145328 0.903918
vn 0.402259 0.145328 0.903918
vn 0.412015 0.096869 0.906013
vn 0.886772 0.192859 0.420049
vn 0.395517 0.201562 0.896069
vn 0.402259 0.145328 0.903918
vn 0.865298 0.300417 0.401259
vn 0.865298 0.300417 0.401259
vn 0.831709 0.414341 0.369570
vn 0.395517 0.201562 0.896069
vn 0.918579 0.314843 0.238928
vn 0.876484 0.434671 0.206972
vn 0.831709 0.414341 0.369570
vn 0.831709 0.414341 0.369570
vn 0.865298 0.300417 0.401259
vn 0.918579 0.314843 0.238928
vn 0.917874 0.332429 -0.216790
vn 0.717708 0.266358 -0.643388
vn 0.675020 0.341012 -0.654262
vn 0.675020 0.341012 -0.654262
vn 0.869893 0.432821 -0.236540
vn 0.917874 0.332429 -0.216790
vn 0.954696 0.227597 -0.191719
vn 0.752134 0.185851 -0.632261
vn 0.717708 0.266358 -0.643388
vn 0.717708 0.266358 -0.643388
vn 0.917874 0.332429 -0.216790
vn 0.954696 0.227597 -0.191719
vn 0.896894 0.095420 0.431829
vn 0.896582 0.008578 0.442795
vn 0.951770 0.008523 0.306694
vn 0.951770 0.008523 0.306694
vn 0.951862 0.099773 0.289836
vn 0.896894 0.095420 0.431829
vn 0.896582 0.008578 0.442795
vn 0.896894 0.095420 0.431829
vn 0.419209 0.052262 0.906384
vn 0.419209 0.052262 0.906384
vn 0.426154 0.011714 0.904575
vn 0.896582 0.008578 0.442795
vn 0.412015 0.096869 0.906013
vn 0.419209 0.052262 0.906384
vn 0.896894 0.095420 0.431829
vn 0.896894 0.095420 0.431829
vn 0.886772 0.192859 0.420049
vn 0.412015 0.096869 0.906013
vn 0.951862 0.099773 0.289836
vn 0.942341 0.200778 0.267735
vn 0.886772 0.192859 0.420049
vn 0.886772 0.192859 0.420049
vn 0.896894 0.095420 0.431829
vn 0.951862 0.099773 0.289836
vn 0.978574 0.121038 -0.166560
vn 0.776965 0.100950 -0.621397
vn 0.752134 0.185851 -0.632261
vn 0.752134 0.185851 -0.632261
vn 0.954696 0.227597 -0.191719
vn 0.978574 0.121038 -0.166560
vn 0.989449 0.013171 -0.144283
vn 0.791770 0.013468 -0.610670
vn 0.776965 0.100950 -0.621397
vn 0.776965 0.100950 -0.621397
vn 0.978574 0.121038 -0.166560
vn 0.989449 0.013171 -0.144283
vn 0.884063 -0.084133 0.459733
vn 0.856801 -0.189631 0.479513
vn 0.916977 -0.201037 0.344582
vn 0.916977 -0.201037 0.344582
vn 0.942152 -0.088287 0.323350
vn 0.884063 -0.084133 0.459733
vn 0.856801 -0.189631 0.479513
vn 0.884063 -0.084133 0.459733
vn 0.430355 -0.034525 0.901999
vn 0.430355 -0.034525 0.901999
vn 0.427449 -0.087236 0.899821
vn 0.856801 -0.189631 0.479513
vn 0.426154 0.011714 0.904575
vn 0.430355 -0.034525 0.901999
vn 0.884063 -0.084133 0.459733
vn 0.884063 -0.084133 0.459733
vn 0.896582 0.008578 0.442795
vn 0.426154 0.011714 0.904575
vn 0.942152 -0.088287 0.323350
vn 0.951770 0.008523 0.306694
vn 0.896582 0.008578 0.442795
vn 0.896582 0.008578 0.442795
vn 0.884063 -0.084133 0.459733
vn 0.942152 -0.088287 0.323350
vn 0.987501 -0.095851 -0.125115
vn 0.796577 -0.075527 -0.599800
vn 0.791770 0.013468 -0.610670
vn 0.791770 0.013468 -0.610670
vn 0.989449 0.013171 -0.144283
vn 0.987501 -0.095851 -0.125115
vn 0.972742 -0.206243 -0.106006
vn 0.791399 -0.165055 -0.588595
vn 0.796577 -0.075527 -0.599800
vn 0.796577 -0.075527 -0.599800
vn 0.987501 -0.095851 -0.125115
vn 0.972742 -0.206243 -0.106006
vn 0.821164 -0.291515 0.490621
vn 0.782003 -0.383559 0.491278
vn 0.828485 -0.413666 0.377482
vn 0.828485 -0.413666 0.377482
vn 0.876953 -0.313195 0.364503
vn 0.821164 -0.291515 0.490621
vn 0.782003 -0.383559 0.491278
vn 0.821164 -0.291515 0.490621
vn 0.426250 -0.140972 0.893553
vn 0.426250 -0.140972 0.893553
vn 0.427585 -0.198948 0.881811
vn 0.782003 -0.383559 0.491278
vn 0.427449 -0.087236 0.899821
vn 0.426250 -0.140972 0.893553
vn 0.821164 -0.291515 0.490621
vn 0.821164 -0.291515 0.490621
vn 0.856801 -0.189631 0.479513
vn 0.427449 -0.087236 0.899821
vn 0.876953 -0.313195 0.364503
vn 0.916977 -0.201037 0.344582
vn 0.856801 -0.189631 0.479513
vn 0.856801 -0.189631 0.479513
vn 0.821164 -0.291515 0.490621
vn 0.876953 -0.313195 0.364503
vn 0.944883 -0.316435 -0.084057
vn 0.776038 -0.254805 -0.576923
vn 0.791399 -0.165055 -0.588595
vn 0.791399 -0.165055 -0.588595
vn 0.972742 -0.206243 -0.106006
vn 0.944883 -0.316435 -0.084057
vn 0.903384 -0.424575 -0.060274
vn 0.749692 -0.344774 -0.564883
vn 0.776038 -0.254805 -0.576923
vn 0.776038 -0.254805 -0.576923
vn 0.944883 -0.316435 -0.084057
vn 0.903384 -0.424575 -0.060274
vn 0.849388 -0.526443 -0.037400
vn 0.712984 -0.430543 -0.553432
vn 0.749692 -0.344774 -0.564883
vn 0.749692 -0.344774 -0.564883
vn 0.903384 -0.424575 -0.060274
vn 0.849388 -0.526443 -0.037400
vn 0.787610 -0.615885 -0.018873
vn 0.669968 -0.507896 -0.541465
vn 0.712984 -0.430543 -0.553432
vn 0.712984 -0.430543 -0.553432
vn 0.849388 -0.526443 -0.037400
vn 0.787610 -0.615885 -0.018873
vn 0.747024 -0.582477 0.320430
vn 0.768594 -0.600749 0.219917
vn 0.686561 -0.704018 0.181640
vn 0.686561 -0.704018 0.181640
vn 0.703367 -0.663495 0.255047
vn 0.747024 -0.582477 0.320430
vn 0.729597 -0.557798 0.395663
vn 0.728481 -0.515324 0.451394
vn 0.443890 -0.288692 0.848303
vn 0.443890 -0.288692 0.848303
vn 0.472560 -0.306197 0.826396
vn 0.729597 -0.557798 0.395663
vn 0.714835 -0.623283 0.317063
vn 0.740489 -0.566027 0.362340
vn 0.728481 -0.515324 0.451394
vn 0.728481 -0.515324 0.451394
vn 0.729597 -0.557798 0.395663
vn 0.714835 -0.623283 0.317063
vn 0.669968 -0.507896 -0.541465
vn 0.787610 -0.615885 -0.018873
vn 0.720850 -0.692997 -0.011461
vn 0.720850 -0.692997 -0.011461
vn 0.619879 -0.578606 -0.530062
vn 0.669968 -0.507896 -0.541465
vn -0.007896 -0.085741 -0.996286
vn 0.075458 0.675514 -0.733476
vn 0.149828 0.667387 -0.729484
vn 0.149828 0.667387 -0.729484
vn -0.016808 -0.082344 -0.996462
vn -0.007896 -0.085741 -0.996286
vn 0.000260 0.678051 -0.735015
vn 0.075458 0.675514 -0.733476
vn -0.007896 -0.085741 -0.996286
vn -0.007896 -0.085741 -0.996286
vn 0.000000 -0.086763 -0.996229
vn 0.000260 0.678051 -0.735015
vn -0.030512 -0.069560 -0.997111
vn -0.024958 -0.076568 -0.996752
vn 0.223985 0.652981 -0.723496
vn 0.223985 0.652981 -0.723496
vn 0.297398 0.631694 -0.715903
vn -0.030512 -0.069560 -0.997111
vn 0.149828 0.667387 -0.729484
vn 0.223985 0.652981 -0.723496
vn -0.024958 -0.076568 -0.996752
vn -0.024958 -0.076568 -0.996752
vn -0.016808 -0.082344 -0.996462
vn 0.149828 0.667387 -0.729484
vn -0.037606 -0.051684 -0.997955
vn -0.036047 -0.060404 -0.997523
vn 0.369514 0.602964 -0.707032
vn 0.369514 0.602964 -0.707032
vn 0.439492 0.566442 -0.697130
vn -0.037606 -0.051684 -0.997955
vn 0.297398 0.631694 -0.715903
vn 0.369514 0.602964 -0.707032
vn -0.036047 -0.060404 -0.997523
vn -0.036047 -0.060404 -0.997523
vn -0.030512 -0.069560 -0.997111
vn 0.297398 0.631694 -0.715903
vn -0.036989 -0.032820 -0.998777
vn -0.039342 -0.041184 -0.998377
vn 0.506208 0.521833 -0.686618
vn 0.506208 0.521833 -0.686618
vn 0.568473 0.469344 -0.675688
vn -0.036989 -0.032820 -0.998777
vn 0.439492 0.566442 -0.697130
vn 0.506208 0.521833 -0.686618
vn -0.039342 -0.041184 -0.998377
vn -0.039342 -0.041184 -0.998377
vn -0.037606 -0.051684 -0.997955
vn 0.439492 0.566442 -0.697130
vn -0.029601 -0.016754 -0.999421
vn -0.034996 -0.023006 -0.999123
vn 0.624970 0.408959 -0.664954
vn 0.624970 0.408959 -0.664954
vn 0.675020 0.341012 -0.654262
vn -0.029601 -0.016754 -0.999421
vn 0.568473 0.469344 -0.675688
vn 0.624970 0.408959 -0.664954
vn -0.034996 -0.023006 -0.999123
vn -0.034996 -0.023006 -0.999123
vn -0.036989 -0.032820 -0.998777
vn 0.568473 0.469344 -0.675688
vn -0.017480 -0.007576 -0.999819
vn -0.024698 -0.009698 -0.999648
vn 0.717708 0.266358 -0.643388
vn 0.717708 0.266358 -0.643388
vn 0.752134 0.185851 -0.632261
vn -0.017480 -0.007576 -0.999819
vn 0.675020 0.341012 -0.654262
vn 0.717708 0.266358 -0.643388
vn -0.024698 -0.009698 -0.999648
vn -0.024698 -0.009698 -0.999648
vn -0.029601 -0.016754 -0.999421
vn 0.675020 0.341012 -0.654262
vn -0.004653 -0.007122 -0.999964
vn -0.011347 -0.005084 -0.999923
vn 0.776965 0.100950 -0.621397
vn 0.776965 0.100950 -0.621397
vn 0.791770 0.013468 -0.610670
vn -0.004653 -0.007122 -0.999964
vn 0.752134 0.185851 -0.632261
vn 0.776965 0.100950 -0.621397
vn -0.011347 -0.005084 -0.999923
vn -0.011347 -0.005084 -0.999923
vn -0.017480 -0.007576 -0.999819
vn 0.752134 0.185851 -0.632261
vn 0.006109 -0.010669 -0.999924
vn 0.000985 -0.007811 -0.999969
vn 0.796577 -0.075527 -0.599800
vn 0.796577 -0.075527 -0.599800
vn 0.791399 -0.165055 -0.588595
vn 0.006109 -0.010669 -0.999924
vn 0.791770 0.013468 -0.610670
vn 0.796577 -0.075527 -0.599800
vn 0.000985 -0.007811 -0.999969
vn 0.000985 -0.007811 -0.999969
vn -0.004653 -0.007122 -0.999964
vn 0.791770 0.013468 -0.610670
vn 0.014592 -0.013830 -0.999798
vn 0.010662 -0.011541 -0.999877
vn 0.776038 -0.254805 -0.576923
vn 0.776038 -0.254805 -0.576923
vn 0.749692 -0.344774 -0.564883
vn 0.014592 -0.013830 -0.999798
vn 0.791399 -0.165055 -0.588595
vn 0.776038 -0.254805 -0.576923
vn 0.010662 -0.011541 -0.999877
vn 0.010662 -0.011541 -0.999877
vn 0.006109 -0.010669 -0.999924
vn 0.791399 -0.165055 -0.588595
vn 0.017845 -0.015327 -0.999723
vn 0.016576 -0.013893 -0.999766
vn 0.712984 -0.430543 -0.553432
vn 0.712984 -0.430543 -0.553432
vn 0.669968 -0.507896 -0.541465
vn 0.017845 -0.015327 -0.999723
vn 0.749692 -0.344774 -0.564883
vn 0.712984 -0.430543 -0.553432
vn 0.016576 -0.013893 -0.999766
vn 0.016576 -0.013893 -0.999766
vn 0.014592 -0.013830 -0.999798
vn 0.749692 -0.344774 -0.564883
vn 0.019328 -0.020227 -0.999609
vn 0.019487 -0.017240 -0.999661
vn 0.619879 -0.578606 -0.530062
vn 0.619879 -0.578606 -0.530062
vn 0.559967 -0.642861 -0.522654
vn 0.019328 -0.020227 -0.999609
vn 0.669968 -0.507896 -0.541465
vn 0.619879 -0.578606 -0.530062
vn 0.019487 -0.017240 -0.999661
vn 0.019487 -0.017240 -0.999661
vn 0.017845 -0.015327 -0.999723
vn 0.669968 -0.507896 -0.541465
vn 0.015537 -0.029021 -0.999458
vn 0.018560 -0.024543 -0.999527
vn 0.482810 -0.703547 -0.521456
vn 0.482810 -0.703547 -0.521456
vn 0.391089 -0.754939 -0.526418
vn 0.015537 -0.029021 -0.999458
vn 0.559967 -0.642861 -0.522654
vn 0.482810 -0.703547 -0.521456
vn 0.018560 -0.024543 -0.999527
vn 0.018560 -0.024543 -0.999527
vn 0.019328 -0.020227 -0.999609
vn 0.559967 -0.642861 -0.522654
vn 0.005908 -0.027053 -0.999617
vn 0.010357 -0.028794 -0.999532
vn 0.290584 -0.783949 -0.548621
vn 0.290584 -0.783949 -0.548621
vn 0.189618 -0.787794 -0.586025
vn 0.005908 -0.027053 -0.999617
vn 0.391089 -0.754939 -0.526418
vn 0.290584 -0.783949 -0.548621
vn 0.010357 -0.028794 -0.999532
vn 0.010357 -0.028794 -0.999532
vn 0.015537 -0.029021 -0.999458
vn 0.391089 -0.754939 -0.526418
vn 0.000000 -0.030075 -0.999548
vn 0.001844 -0.024574 -0.999696
vn 0.090811 -0.777677 -0.622071
vn 0.090811 -0.777677 -0.622071
vn -0.004304 -0.781760 -0.623565
vn 0.000000 -0.030075 -0.999548
vn 0.189618 -0.787794 -0.586025
vn 0.090811 -0.777677 -0.622071
vn 0.001844 -0.024574 -0.999696
vn 0.001844 -0.024574 -0.999696
vn 0.005908 -0.027053 -0.999617
vn 0.189618 -0.787794 -0.586025
vn 0.825936 -0.528892 0.195200
vn 0.883570 -0.433804 0.176402
vn 0.828485 -0.413666 0.377482
vn 0.828485 -0.413666 0.377482
vn 0.778731 -0.499215 0.379950
vn 0.825936 -0.528892 0.195200
vn 0.849388 -0.526443 -0.037400
vn 0.903384 -0.424575 -0.060274
vn 0.883570 -0.433804 0.176402
vn 0.883570 -0.433804 0.176402
vn 0.825936 -0.528892 0.195200
vn 0.849388 -0.526443 -0.037400
vn 0.825936 -0.528892 0.195200
vn 0.769541 -0.607171 0.197862
vn 0.787610 -0.615885 -0.018873
vn 0.787610 -0.615885 -0.018873
vn 0.849388 -0.526443 -0.037400
vn 0.825936 -0.528892 0.195200
vn 0.778731 -0.499215 0.379950
vn 0.740489 -0.566027 0.362340
vn 0.769541 -0.607171 0.197862
vn 0.769541 -0.607171 0.197862
vn 0.825936 -0.528892 0.195200
vn 0.778731 -0.499215 0.379950
vn -0.554640 -0.803810 0.215092
vn -0.532430 -0.837640 -0.121976
vn 0.004553 -0.978430 -0.206530
vn -0.554640 -0.803810 0.215092
vn 0.004553 -0.978430 -0.206530
vn 0.050430 -0.955534 -0.290536
vn 0.528119 -0.847285 0.056554
vn 0.538053 -0.833259 -0.127192
vn 0.024069 -0.973417 -0.227771
vn 0.024069 -0.973417 -0.227771
vn 0.020462 -0.998648 -0.047786
vn 0.528119 -0.847285 0.056554
vn 0.000000 -0.758522 0.651648
vn 0.098366 -0.761465 0.640699
vn -0.058613 -0.971228 0.230825
vn -0.058613 -0.971228 0.230825
vn -0.009894 -0.984220 0.176674
vn 0.000000 -0.758522 0.651648
vn 0.208574 -0.780545 0.589277
vn 0.340356 -0.810875 0.476068
vn -0.018578 -0.975178 0.220643
vn -0.018578 -0.975178 0.220643
vn -0.062037 -0.965248 0.253867
vn 0.208574 -0.780545 0.589277
vn 0.340356 -0.810875 0.476068
vn 0.457244 -0.841888 0.286624
vn 0.009919 -0.994200 0.107092
vn 0.009919 -0.994200 0.107092
vn -0.018578 -0.975178 0.220643
vn 0.340356 -0.810875 0.476068
vn 0.457244 -0.841888 0.286624
vn 0.528119 -0.847285 0.056554
vn 0.020462 -0.998648 -0.047786
vn 0.020462 -0.998648 -0.047786
vn 0.009919 -0.994200 0.107092
vn 0.457244 -0.841888 0.286624
vn 0.098366 -0.761465 0.640699
vn 0.208574 -0.780545 0.589277
vn -0.062037 -0.965248 0.253867
vn -0.062037 -0.965248 0.253867
vn -0.058613 -0.971228 0.230825
vn 0.098366 -0.761465 0.640699
vn 0.016808 -0.082344 -0.996462
vn 0.007896 -0.085741 -0.996286
vn 0.058624 -0.548799 -0.833896
vn 0.058624 -0.548799 -0.833896
vn 0.117443 -0.537074 -0.835320
vn 0.016808 -0.082344 -0.996462
vn 0.058624 -0.548799 -0.833896
vn 0.007896 -0.085741 -0.996286
vn 0.000000 -0.086763 -0.996229
vn 0.000000 -0.086763 -0.996229
vn 0.000000 -0.552749 -0.833348
vn 0.058624 -0.548799 -0.833896
vn 0.227947 -0.492994 -0.839641
vn 0.030512 -0.069560 -0.997111
vn 0.024958 -0.076568 -0.996752
vn 0.024958 -0.076568 -0.996752
vn 0.175535 -0.518314 -0.836982
vn 0.227947 -0.492994 -0.839641
vn 0.024958 -0.076568 -0.996752
vn 0.016808 -0.082344 -0.996462
vn 0.117443 -0.537074 -0.835320
vn 0.117443 -0.537074 -0.835320
vn 0.175535 -0.518314 -0.836982
vn 0.024958 -0.076568 -0.996752
vn 0.324193 -0.423304 -0.845998
vn 0.037606 -0.051684 -0.997955
vn 0.036047 -0.060404 -0.997523
vn 0.036047 -0.060404 -0.997523
vn 0.280371 -0.459846 -0.842576
vn 0.324193 -0.423304 -0.845998
vn 0.036047 -0.060404 -0.997523
vn 0.030512 -0.069560 -0.997111
vn 0.227947 -0.492994 -0.839641
vn 0.227947 -0.492994 -0.839641
vn 0.280371 -0.459846 -0.842576
vn 0.036047 -0.060404 -0.997523
vn 0.400970 -0.334100 -0.852995
vn 0.036990 -0.032821 -0.998777
vn 0.039342 -0.041184 -0.998377
vn 0.039342 -0.041184 -0.998377
vn 0.367443 -0.378784 -0.849416
vn 0.400970 -0.334100 -0.852995
vn 0.039342 -0.041184 -0.998377
vn 0.037606 -0.051684 -0.997955
vn 0.324193 -0.423304 -0.845998
vn 0.324193 -0.423304 -0.845998
vn 0.367443 -0.378784 -0.849416
vn 0.039342 -0.041184 -0.998377
vn 0.455675 -0.231653 -0.859475
vn 0.029601 -0.016754 -0.999421
vn 0.034996 -0.023006 -0.999123
vn 0.034996 -0.023006 -0.999123
vn 0.432995 -0.281583 -0.856286
vn 0.455675 -0.231653 -0.859475
vn 0.034996 -0.023006 -0.999123
vn 0.036990 -0.032821 -0.998777
vn 0.400970 -0.334100 -0.852995
vn 0.400970 -0.334100 -0.852995
vn 0.432995 -0.281583 -0.856286
vn 0.034996 -0.023006 -0.999123
vn 0.487109 -0.123024 -0.864633
vn 0.017480 -0.007576 -0.999819
vn 0.024698 -0.009698 -0.999648
vn 0.024698 -0.009698 -0.999648
vn 0.475512 -0.174827 -0.862162
vn 0.487109 -0.123024 -0.864633
vn 0.024698 -0.009698 -0.999648
vn 0.029601 -0.016754 -0.999421
vn 0.455675 -0.231653 -0.859475
vn 0.455675 -0.231653 -0.859475
vn 0.475512 -0.174827 -0.862162
vn 0.024698 -0.009698 -0.999648
vn 0.495815 -0.015372 -0.868292
vn 0.004653 -0.007122 -0.999964
vn 0.011347 -0.005084 -0.999923
vn 0.011347 -0.005084 -0.999923
vn 0.494665 -0.066075 -0.866568
vn 0.495815 -0.015372 -0.868292
vn 0.011347 -0.005084 -0.999923
vn 0.017480 -0.007576 -0.999819
vn 0.487109 -0.123024 -0.864633
vn 0.487109 -0.123024 -0.864633
vn 0.494665 -0.066075 -0.866568
vn 0.011347 -0.005084 -0.999923
vn 0.483640 0.091005 -0.870523
vn -0.006109 -0.010669 -0.999924
vn -0.000985 -0.007811 -0.999969
vn -0.000985 -0.007811 -0.999969
vn 0.492215 0.039751 -0.869565
vn 0.483640 0.091005 -0.870523
vn -0.000985 -0.007811 -0.999969
vn 0.004653 -0.007122 -0.999964
vn 0.495815 -0.015372 -0.868292
vn 0.495815 -0.015372 -0.868292
vn 0.492215 0.039751 -0.869565
vn -0.000985 -0.007811 -0.999969
vn 0.448999 0.199531 -0.870969
vn -0.014592 -0.013830 -0.999798
vn -0.010662 -0.011541 -0.999877
vn -0.010662 -0.011541 -0.999877
vn 0.468998 0.146408 -0.870980
vn 0.448999 0.199531 -0.870969
vn -0.010662 -0.011541 -0.999877
vn -0.006109 -0.010669 -0.999924
vn 0.483640 0.091005 -0.870523
vn 0.483640 0.091005 -0.870523
vn 0.468998 0.146408 -0.870980
vn -0.010662 -0.011541 -0.999877
vn 0.394087 0.296633 -0.869888
vn -0.017845 -0.015327 -0.999723
vn -0.016576 -0.013893 -0.999766
vn -0.016576 -0.013893 -0.999766
vn 0.422788 0.252058 -0.870469
vn 0.394087 0.296633 -0.869888
vn -0.016576 -0.013893 -0.999766
vn -0.014592 -0.013830 -0.999798
vn 0.448999 0.199531 -0.870969
vn 0.448999 0.199531 -0.870969
vn 0.422788 0.252058 -0.870469
vn -0.016576 -0.013893 -0.999766
vn 0.323052 0.375138 -0.868855
vn -0.019329 -0.020227 -0.999609
vn -0.019487 -0.017240 -0.999661
vn -0.019487 -0.017240 -0.999661
vn 0.360545 0.337948 -0.869367
vn 0.323052 0.375138 -0.868855
vn -0.019487 -0.017240 -0.999661
vn -0.017845 -0.015327 -0.999723
vn 0.394087 0.296633 -0.869888
vn 0.394087 0.296633 -0.869888
vn 0.360545 0.337948 -0.869367
vn -0.019487 -0.017240 -0.999661
vn 0.223448 0.444036 -0.867700
vn -0.015537 -0.029021 -0.999458
vn -0.018560 -0.024543 -0.999527
vn -0.018560 -0.024543 -0.999527
vn 0.277764 0.410776 -0.868395
vn 0.223448 0.444036 -0.867700
vn -0.018560 -0.024543 -0.999527
vn -0.019329 -0.020227 -0.999609
vn 0.323052 0.375138 -0.868855
vn 0.323052 0.375138 -0.868855
vn 0.277764 0.410776 -0.868395
vn -0.018560 -0.024543 -0.999527
vn 0.108388 0.488555 -0.865775
vn -0.005908 -0.027053 -0.999617
vn -0.010357 -0.028794 -0.999532
vn -0.010357 -0.028794 -0.999532
vn 0.164768 0.470862 -0.866683
vn 0.108388 0.488555 -0.865775
vn -0.010357 -0.028794 -0.999532
vn -0.015537 -0.029021 -0.999458
vn 0.223448 0.444036 -0.867700
vn 0.223448 0.444036 -0.867700
vn 0.164768 0.470862 -0.866683
vn -0.010357 -0.028794 -0.999532
vn 0.000000 0.501572 -0.865116
vn 0.000000 -0.030075 -0.999548
vn -0.001844 -0.024574 -0.999696
vn -0.001844 -0.024574 -0.999696
vn 0.054043 0.498517 -0.865193
vn 0.000000 0.501572 -0.865116
vn -0.001844 -0.024574 -0.999696
vn -0.005908 -0.027053 -0.999617
vn 0.108388 0.488555 -0.865775
vn 0.108388 0.488555 -0.865775
vn 0.054043 0.498517 -0.865193
vn -0.001844 -0.024574 -0.999696
vn -0.000357 -0.256130 0.966642
vn -0.000159 0.479708 0.877428
vn -0.050375 0.476797 0.877569
vn -0.050375 0.476797 0.877569
vn 0.030052 -0.253255 0.966933
vn -0.000357 -0.256130 0.966642
vn 0.030052 -0.253255 0.966933
vn -0.050375 0.476797 0.877569
vn -0.101902 0.469539 0.877012
vn -0.101902 0.469539 0.877012
vn 0.058291 -0.247077 0.967241
vn 0.030052 -0.253255 0.966933
vn 0.058291 -0.247077 0.967241
vn -0.101902 0.469539 0.877012
vn -0.153016 0.456929 0.876243
vn -0.153016 0.456929 0.876243
vn 0.085029 -0.239128 0.967258
vn 0.058291 -0.247077 0.967241
vn 0.085029 -0.239128 0.967258
vn -0.153016 0.456929 0.876243
vn -0.200903 0.437610 0.876433
vn -0.200903 0.437610 0.876433
vn 0.111334 -0.228990 0.967041
vn 0.085029 -0.239128 0.967258
vn 0.111334 -0.228990 0.967041
vn -0.200903 0.437610 0.876433
vn -0.246028 0.410996 0.877811
vn -0.246028 0.410996 0.877811
vn 0.136921 -0.216226 0.966695
vn 0.111334 -0.228990 0.967041
vn 0.136921 -0.216226 0.966695
vn -0.246028 0.410996 0.877811
vn -0.287445 0.378742 0.879733
vn -0.287445 0.378742 0.879733
vn 0.161284 -0.200436 0.966340
vn 0.136921 -0.216226 0.966695
vn 0.161284 -0.200436 0.966340
vn -0.287445 0.378742 0.879733
vn -0.324139 0.341548 0.882201
vn -0.324139 0.341548 0.882201
vn 0.183800 -0.181409 0.966079
vn 0.161284 -0.200436 0.966340
vn 0.183800 -0.181409 0.966079
vn -0.324139 0.341548 0.882201
vn -0.356371 0.300734 0.884624
vn -0.356371 0.300734 0.884624
vn 0.204057 -0.159454 0.965886
vn 0.183800 -0.181409 0.966079
vn 0.204057 -0.159454 0.965886
vn -0.356371 0.300734 0.884624
vn -0.381202 0.256046 0.888327
vn -0.381202 0.256046 0.888327
vn 0.222476 -0.134646 0.965596
vn 0.204057 -0.159454 0.965886
vn 0.222476 -0.134646 0.965596
vn -0.381202 0.256046 0.888327
vn -0.393950 0.202973 0.896441
vn -0.393950 0.202973 0.896441
vn 0.238497 -0.107917 0.965129
vn 0.222476 -0.134646 0.965596
vn 0.238497 -0.107917 0.965129
vn -0.393950 0.202973 0.896441
vn -0.398968 0.146305 0.905218
vn -0.398968 0.146305 0.905218
vn 0.248605 -0.078710 0.965402
vn 0.238497 -0.107917 0.965129
vn 0.248605 -0.078710 0.965402
vn -0.398968 0.146305 0.905218
vn -0.406809 0.095790 0.908477
vn -0.406809 0.095790 0.908477
vn 0.249520 -0.045847 0.967284
vn 0.248605 -0.078710 0.965402
vn 0.249520 -0.045847 0.967284
vn -0.406809 0.095790 0.908477
vn -0.413589 0.050637 0.909054
vn -0.413589 0.050637 0.909054
vn 0.239016 -0.013113 0.970927
vn 0.249520 -0.045847 0.967284
vn 0.239016 -0.013113 0.970927
vn -0.413589 0.050637 0.909054
vn -0.420734 0.010185 0.907127
vn -0.420734 0.010185 0.907127
vn 0.215504 0.017182 0.976352
vn 0.239016 -0.013113 0.970927
vn -0.427617 -0.028020 0.903526
vn 0.192197 0.053405 0.979902
vn 0.215504 0.017182 0.976352
vn 0.215504 0.017182 0.976352
vn -0.420734 0.010185 0.907127
vn -0.427617 -0.028020 0.903526
vn 0.150649 0.049071 0.987369
vn 0.192197 0.053405 0.979902
vn -0.427617 -0.028020 0.903526
vn -0.427617 -0.028020 0.903526
vn -0.424118 -0.089659 0.901158
vn 0.150649 0.049071 0.987369
vn -0.417585 -0.135651 0.898455
vn 0.101488 0.054375 0.993350
vn 0.150649 0.049071 0.987369
vn 0.150649 0.049071 0.987369
vn -0.424118 -0.089659 0.901158
vn -0.417585 -0.135651 0.898455
vn 0.101488 0.054375 0.993350
vn -0.417585 -0.135651 0.898455
vn -0.416649 -0.193026 0.888338
vn -0.416649 -0.193026 0.888338
vn 0.052489 0.038754 0.997869
vn 0.101488 0.054375 0.993350
vn 0.052489 0.038754 0.997869
vn -0.416649 -0.193026 0.888338
vn -0.419274 -0.243107 0.874705
vn -0.419274 -0.243107 0.874705
vn 0.003140 0.014363 0.999892
vn 0.052489 0.038754 0.997869
vn 0.003140 0.014363 0.999892
vn -0.419274 -0.243107 0.874705
vn -0.433582 -0.277468 0.857332
vn -0.433582 -0.277468 0.857332
vn -0.029098 -0.006625 0.999555
vn 0.003140 0.014363 0.999892
vn -0.029098 -0.006625 0.999555
vn -0.433582 -0.277468 0.857332
vn -0.465988 -0.294528 0.834331
vn -0.465988 -0.294528 0.834331
vn -0.035351 -0.012517 0.999297
vn -0.029098 -0.006625 0.999555
vn -0.035351 -0.012517 0.999297
vn -0.465988 -0.294528 0.834331
vn -0.479613 -0.318460 0.817652
vn -0.479613 -0.318460 0.817652
vn -0.019918 -0.009272 0.999759
vn -0.035351 -0.012517 0.999297
vn -0.019398 -0.006570 0.999790
vn -0.019918 -0.009272 0.999759
vn -0.479613 -0.318460 0.817652
vn -0.479613 -0.318460 0.817652
vn -0.724164 -0.421920 0.545500
vn -0.019398 -0.006570 0.999790
vn -0.388287 -0.762697 -0.517229
vn -0.491191 -0.868913 -0.061005
vn -0.580070 -0.813906 -0.032792
vn -0.580070 -0.813906 -0.032792
vn -0.482076 -0.706597 -0.517999
vn -0.388287 -0.762697 -0.517229
vn -0.029426 -0.969458 -0.243487
vn 0.024069 -0.973417 -0.227771
vn 0.538053 -0.833259 -0.127192
vn 0.557934 -0.797562 0.229357
vn -0.029426 -0.969458 -0.243487
vn 0.538053 -0.833259 -0.127192
vn 0.004553 -0.978430 -0.206530
vn -0.532430 -0.837640 -0.121976
vn -0.528119 -0.847285 0.056554
vn -0.528119 -0.847285 0.056554
vn -0.005595 -0.998179 -0.060063
vn 0.004553 -0.978430 -0.206530
vn 0.061035 -0.968639 0.240861
vn -0.098366 -0.761465 0.640699
vn 0.000000 -0.758522 0.651648
vn 0.000000 -0.758522 0.651648
vn -0.009894 -0.984220 0.176674
vn 0.061035 -0.968639 0.240861
vn 0.035229 -0.974726 0.220610
vn -0.340356 -0.810875 0.476068
vn -0.208574 -0.780545 0.589277
vn -0.208574 -0.780545 0.589277
vn 0.067273 -0.963871 0.257735
vn 0.035229 -0.974726 0.220610
vn 0.008886 -0.995393 0.095463
vn -0.457244 -0.841888 0.286624
vn -0.340356 -0.810875 0.476068
vn -0.340356 -0.810875 0.476068
vn 0.035229 -0.974726 0.220610
vn 0.008886 -0.995393 0.095463
vn -0.005595 -0.998179 -0.060063
vn -0.528119 -0.847285 0.056554
vn -0.457244 -0.841888 0.286624
vn -0.457244 -0.841888 0.286624
vn 0.008886 -0.995393 0.095463
vn -0.005595 -0.998179 -0.060063
vn 0.067273 -0.963871 0.257735
vn -0.208574 -0.780545 0.589277
vn -0.098366 -0.761465 0.640699
vn -0.098366 -0.761465 0.640699
vn 0.061035 -0.968639 0.240861
vn 0.067273 -0.963871 0.257735
vn -0.058624 -0.548799 -0.833896
vn -0.007896 -0.085741 -0.996286
vn -0.016808 -0.082344 -0.996462
vn -0.016808 -0.082344 -0.996462
vn -0.117443 -0.537074 -0.835320
vn -0.058624 -0.548799 -0.833896
vn 0.000000 -0.086763 -0.996229
vn -0.007896 -0.085741 -0.996286
vn -0.058624 -0.548799 -0.833896
vn -0.058624 -0.548799 -0.833896
vn 0.000000 -0.552749 -0.833348
vn 0.000000 -0.086763 -0.996229
vn -0.024958 -0.076568 -0.996752
vn -0.030512 -0.069560 -0.997111
vn -0.227947 -0.492994 -0.839641
vn -0.227947 -0.492994 -0.839641
vn -0.175535 -0.518314 -0.836982
vn -0.024958 -0.076568 -0.996752
vn -0.117443 -0.537074 -0.835320
vn -0.016808 -0.082344 -0.996462
vn -0.024958 -0.076568 -0.996752
vn -0.024958 -0.076568 -0.996752
vn -0.175535 -0.518314 -0.836982
vn -0.117443 -0.537074 -0.835320
vn -0.036047 -0.060404 -0.997523
vn -0.037606 -0.051684 -0.997955
vn -0.324193 -0.423304 -0.845998
vn -0.324193 -0.423304 -0.845998
vn -0.280371 -0.459846 -0.842576
vn -0.036047 -0.060404 -0.997523
vn -0.227947 -0.492994 -0.839641
vn -0.030512 -0.069560 -0.997111
vn -0.036047 -0.060404 -0.997523
vn -0.036047 -0.060404 -0.997523
vn -0.280371 -0.459846 -0.842576
vn -0.227947 -0.492994 -0.839641
vn -0.039342 -0.041184 -0.998377
vn -0.036989 -0.032820 -0.998777
vn -0.400969 -0.334101 -0.852995
vn -0.400969 -0.334101 -0.852995
vn -0.367443 -0.378784 -0.849416
vn -0.039342 -0.041184 -0.998377
vn -0.324193 -0.423304 -0.845998
vn -0.037606 -0.051684 -0.997955
vn -0.039342 -0.041184 -0.998377
vn -0.039342 -0.041184 -0.998377
vn -0.367443 -0.378784 -0.849416
vn -0.324193 -0.423304 -0.845998
vn -0.034996 -0.023006 -0.999123
vn -0.029601 -0.016754 -0.999421
vn -0.455675 -0.231653 -0.859475
vn -0.455675 -0.231653 -0.859475
vn -0.432995 -0.281584 -0.856286
vn -0.034996 -0.023006 -0.999123
vn -0.400969 -0.334101 -0.852995
vn -0.036989 -0.032820 -0.998777
vn -0.034996 -0.023006 -0.999123
vn -0.034996 -0.023006 -0.999123
vn -0.432995 -0.281584 -0.856286
vn -0.400969 -0.334101 -0.852995
vn -0.024698 -0.009698 -0.999648
vn -0.017480 -0.007576 -0.999819
vn -0.487109 -0.123024 -0.864633
vn -0.487109 -0.123024 -0.864633
vn -0.475512 -0.174827 -0.862162
vn -0.024698 -0.009698 -0.999648
vn -0.455675 -0.231653 -0.859475
vn -0.029601 -0.016754 -0.999421
vn -0.024698 -0.009698 -0.999648
vn -0.024698 -0.009698 -0.999648
vn -0.475512 -0.174827 -0.862162
vn -0.455675 -0.231653 -0.859475
vn -0.011347 -0.005084 -0.999923
vn -0.004653 -0.007122 -0.999964
vn -0.495815 -0.015372 -0.868292
vn -0.495815 -0.015372 -0.868292
vn -0.494665 -0.066075 -0.866568
vn -0.011347 -0.005084 -0.999923
vn -0.487109 -0.123024 -0.864633
vn -0.017480 -0.007576 -0.999819
vn -0.011347 -0.005084 -0.999923
vn -0.011347 -0.005084 -0.999923
vn -0.494665 -0.066075 -0.866568
vn -0.487109 -0.123024 -0.864633
vn 0.000985 -0.007811 -0.999969
vn 0.006109 -0.010669 -0.999924
vn -0.483640 0.091005 -0.870523
vn -0.483640 0.091005 -0.870523
vn -0.492215 0.039751 -0.869565
vn 0.000985 -0.007811 -0.999969
vn -0.495815 -0.015372 -0.868292
vn -0.004653 -0.007122 -0.999964
vn 0.000985 -0.007811 -0.999969
vn 0.000985 -0.007811 -0.999969
vn -0.492215 0.039751 -0.869565
vn -0.495815 -0.015372 -0.868292
vn 0.010662 -0.011541 -0.999877
vn 0.014592 -0.013830 -0.999798
vn -0.448999 0.199531 -0.870969
vn -0.448999 0.199531 -0.870969
vn -0.468998 0.146408 -0.870980
vn 0.010662 -0.011541 -0.999877
vn -0.483640 0.091005 -0.870523
vn 0.006109 -0.010669 -0.999924
vn 0.010662 -0.011541 -0.999877
vn 0.010662 -0.011541 -0.999877
vn -0.468998 0.146408 -0.870980
vn -0.483640 0.091005 -0.870523
vn 0.016576 -0.013893 -0.999766
vn 0.017845 -0.015327 -0.999723
vn -0.394087 0.296633 -0.869888
vn -0.394087 0.296633 -0.869888
vn -0.422788 0.252058 -0.870469
vn 0.016576 -0.013893 -0.999766
vn -0.448999 0.199531 -0.870969
vn 0.014592 -0.013830 -0.999798
vn 0.016576 -0.013893 -0.999766
vn 0.016576 -0.013893 -0.999766
vn -0.422788 0.252058 -0.870469
vn -0.448999 0.199531 -0.870969
vn 0.019487 -0.017240 -0.999661
vn 0.019328 -0.020227 -0.999609
vn -0.323052 0.375138 -0.868855
vn -0.323052 0.375138 -0.868855
vn -0.360545 0.337948 -0.869367
vn 0.019487 -0.017240 -0.999661
vn -0.394087 0.296633 -0.869888
vn 0.017845 -0.015327 -0.999723
vn 0.019487 -0.017240 -0.999661
vn 0.019487 -0.017240 -0.999661
vn -0.360545 0.337948 -0.869367
vn -0.394087 0.296633 -0.869888
vn 0.018560 -0.024543 -0.999527
vn 0.015537 -0.029021 -0.999458
vn -0.223448 0.444036 -0.867700
vn -0.223448 0.444036 -0.867700
vn -0.277764 0.410776 -0.868395
vn 0.018560 -0.024543 -0.999527
vn -0.323052 0.375138 -0.868855
vn 0.019328 -0.020227 -0.999609
vn 0.018560 -0.024543 -0.999527
vn 0.018560 -0.024543 -0.999527
vn -0.277764 0.410776 -0.868395
vn -0.323052 0.375138 -0.868855
vn 0.010357 -0.028794 -0.999532
vn 0.005908 -0.027053 -0.999617
vn -0.108388 0.488555 -0.865775
vn -0.108388 0.488555 -0.865775
vn -0.164768 0.470862 -0.866683
vn 0.010357 -0.028794 -0.999532
vn -0.223448 0.444036 -0.867700
vn 0.015537 -0.029021 -0.999458
vn 0.010357 -0.028794 -0.999532
vn 0.010357 -0.028794 -0.999532
vn -0.164768 0.470862 -0.866683
vn -0.223448 0.444036 -0.867700
vn 0.001844 -0.024574 -0.999696
vn 0.000000 -0.030075 -0.999548
vn 0.000000 0.501572 -0.865116
vn 0.000000 0.501572 -0.865116
vn -0.054043 0.498517 -0.865193
vn 0.001844 -0.024574 -0.999696
vn -0.108388 0.488555 -0.865775
vn 0.005908 -0.027053 -0.999617
vn 0.001844 -0.024574 -0.999696
vn 0.001844 -0.024574 -0.999696
vn -0.054043 0.498517 -0.865193
vn -0.108388 0.488555 -0.865775
vn -0.030600 -0.254138 0.966684
vn 0.051143 0.477712 0.877026
vn -0.000159 0.479708 0.877428
vn -0.000159 0.479708 0.877428
vn -0.000357 -0.256130 0.966642
vn -0.030600 -0.254138 0.966684
vn -0.058659 -0.248265 0.966914
vn 0.103429 0.471577 0.875738
vn 0.051143 0.477712 0.877026
vn 0.051143 0.477712 0.877026
vn -0.030600 -0.254138 0.966684
vn -0.058659 -0.248265 0.966914
vn 0.103429 0.471577 0.875738
vn -0.058659 -0.248265 0.966914
vn -0.085684 -0.240296 0.966911
vn -0.085684 -0.240296 0.966911
vn 0.153815 0.459882 0.874557
vn 0.103429 0.471577 0.875738
vn 0.153815 0.459882 0.874557
vn -0.085684 -0.240296 0.966911
vn -0.112437 -0.230238 0.966617
vn -0.112437 -0.230238 0.966617
vn 0.202060 0.440653 0.874641
vn 0.153815 0.459882 0.874557
vn 0.202060 0.440653 0.874641
vn -0.112437 -0.230238 0.966617
vn -0.138680 -0.217645 0.966126
vn -0.138680 -0.217645 0.966126
vn 0.247421 0.414296 0.875866
vn 0.202060 0.440653 0.874641
vn -0.164041 -0.202054 0.965539
vn 0.289009 0.382098 0.877767
vn 0.247421 0.414296 0.875866
vn 0.247421 0.414296 0.875866
vn -0.138680 -0.217645 0.966126
vn -0.164041 -0.202054 0.965539
vn 0.289009 0.382098 0.877767
vn -0.164041 -0.202054 0.965539
vn -0.187605 -0.183157 0.965017
vn -0.187605 -0.183157 0.965017
vn 0.326702 0.344238 0.880208
vn 0.289009 0.382098 0.877767
vn -0.209084 -0.161082 0.964540
vn 0.358539 0.303928 0.882654
vn 0.326702 0.344238 0.880208
vn 0.326702 0.344238 0.880208
vn -0.187605 -0.183157 0.965017
vn -0.209084 -0.161082 0.964540
vn 0.358539 0.303928 0.882654
vn -0.209084 -0.161082 0.964540
vn -0.227899 -0.135997 0.964140
vn -0.227899 -0.135997 0.964140
vn 0.382505 0.258182 0.887148
vn 0.358539 0.303928 0.882654
vn -0.244598 -0.108478 0.963537
vn 0.395517 0.201562 0.896069
vn 0.382505 0.258182 0.887148
vn 0.382505 0.258182 0.887148
vn -0.227899 -0.135997 0.964140
vn -0.244598 -0.108478 0.963537
vn 0.395517 0.201562 0.896069
vn -0.244598 -0.108478 0.963537
vn -0.256393 -0.078071 0.963415
vn -0.256393 -0.078071 0.963415
vn 0.402259 0.145328 0.903918
vn 0.395517 0.201562 0.896069
vn -0.258491 -0.044515 0.964988
vn 0.412015 0.096869 0.906013
vn 0.402259 0.145328 0.903918
vn 0.402259 0.145328 0.903918
vn -0.256393 -0.078071 0.963415
vn -0.258491 -0.044515 0.964988
vn -0.250036 -0.010245 0.968182
vn 0.419209 0.052262 0.906384
vn 0.412015 0.096869 0.906013
vn 0.412015 0.096869 0.906013
vn -0.258491 -0.044515 0.964988
vn -0.250036 -0.010245 0.968182
vn 0.419209 0.052262 0.906384
vn -0.250036 -0.010245 0.968182
vn -0.228992 0.021556 0.973190
vn -0.228992 0.021556 0.973190
vn 0.426154 0.011714 0.904575
vn 0.419209 0.052262 0.906384
vn -0.197416 0.047280 0.979179
vn 0.430355 -0.034525 0.901999
vn 0.426154 0.011714 0.904575
vn 0.426154 0.011714 0.904575
vn -0.228992 0.021556 0.973190
vn -0.197416 0.047280 0.979179
vn 0.430355 -0.034525 0.901999
vn -0.197416 0.047280 0.979179
vn -0.160424 0.063528 0.985002
vn -0.160424 0.063528 0.985002
vn 0.427449 -0.087236 0.899821
vn 0.430355 -0.034525 0.901999
vn -0.117737 0.066312 0.990828
vn 0.426250 -0.140972 0.893553
vn 0.427449 -0.087236 0.899821
vn 0.427449 -0.087236 0.899821
vn -0.160424 0.063528 0.985002
vn -0.117737 0.066312 0.990828
vn 0.426250 -0.140972 0.893553
vn -0.117737 0.066312 0.990828
vn -0.069086 0.051855 0.996262
vn -0.069086 0.051855 0.996262
vn 0.427585 -0.198948 0.881811
vn 0.426250 -0.140972 0.893553
vn 0.427585 -0.198948 0.881811
vn -0.069086 0.051855 0.996262
vn -0.020640 0.022093 0.999543
vn -0.020640 0.022093 0.999543
vn 0.430366 -0.252154 0.866720
vn 0.427585 -0.198948 0.881811
vn 0.013188 -0.004277 0.999904
vn 0.443890 -0.288692 0.848303
vn 0.430366 -0.252154 0.866720
vn 0.430366 -0.252154 0.866720
vn -0.020640 0.022093 0.999543
vn 0.013188 -0.004277 0.999904
vn 0.027993 -0.015325 0.999491
vn 0.472560 -0.306197 0.826396
vn 0.443890 -0.288692 0.848303
vn 0.443890 -0.288692 0.848303
vn 0.013188 -0.004277 0.999904
vn 0.027993 -0.015325 0.999491
vn 0.472560 -0.306197 0.826396
vn 0.027993 -0.015325 0.999491
vn 0.026380 -0.009303 0.999609
vn 0.026380 -0.009303 0.999609
vn 0.499225 -0.312810 0.808037
vn 0.472560 -0.306197 0.826396
vn 0.017675 -0.006317 0.999824
vn 0.725162 -0.422338 0.543848
vn 0.499225 -0.312810 0.808037
vn 0.499225 -0.312810 0.808037
vn 0.026380 -0.009303 0.999609
vn 0.017675 -0.006317 0.999824
vn 0.482810 -0.703547 -0.521456
vn 0.579538 -0.814787 -0.016068
vn 0.489572 -0.871407 -0.031133
vn 0.391089 -0.754939 -0.526418
vn -0.706339 -0.685623 0.176085
vn -0.777117 -0.584503 0.233336
vn -0.731088 -0.597076 0.330168
vn -0.731088 -0.597076 0.330168
vn -0.691368 -0.674964 0.257749
vn -0.706339 -0.685623 0.176085
vn 0.619879 -0.578606 -0.530062
vn 0.720850 -0.692997 -0.011461
vn 0.653996 -0.756466 -0.006981
vn 0.653996 -0.756466 -0.006981
vn 0.559967 -0.642861 -0.522654
vn 0.619879 -0.578606 -0.530062
vn 0.717555 -0.674071 0.175337
vn 0.672772 -0.726547 0.139671
vn 0.653996 -0.756466 -0.006981
vn 0.653996 -0.756466 -0.006981
vn 0.720850 -0.692997 -0.011461
vn 0.717555 -0.674071 0.175337
vn 0.672772 -0.726547 0.139671
vn 0.717555 -0.674071 0.175337
vn 0.714835 -0.623283 0.317063
vn 0.714835 -0.623283 0.317063
vn 0.703367 -0.663495 0.255047
vn 0.672772 -0.726547 0.139671
vn 0.703367 -0.663495 0.255047
vn 0.714835 -0.623283 0.317063
vn 0.729597 -0.557798 0.395663
vn 0.729597 -0.557798 0.395663
vn 0.747024 -0.582477 0.320430
vn 0.703367 -0.663495 0.255047
vn 0.472560 -0.306197 0.826396
vn 0.499225 -0.312810 0.808037
vn 0.747024 -0.582477 0.320430
vn 0.747024 -0.582477 0.320430
vn 0.729597 -0.557798 0.395663
vn 0.472560 -0.306197 0.826396
vn 0.009783 -0.970674 -0.240202
vn 0.000000 -0.958768 -0.284190
vn 0.000000 -0.999877 -0.015676
vn -0.009785 -0.970674 -0.240201
vn -0.053289 -0.992241 -0.112329
vn 0.000000 -0.999877 -0.015676
vn -0.128269 -0.990154 0.056064
vn 0.000000 -0.998845 0.048042
vn 0.000000 -0.999877 -0.015676
vn -0.166975 -0.984362 0.056141
vn -0.176570 -0.981860 0.069102
vn 0.000000 -0.999877 -0.015676
vn -0.111294 -0.993751 -0.008558
vn -0.166975 -0.984362 0.056141
vn 0.000000 -0.999877 -0.015676
vn -0.053289 -0.992241 -0.112329
vn -0.111294 -0.993751 -0.008558
vn 0.000000 -0.999877 -0.015676
vn -0.176570 -0.981860 0.069102
vn -0.128269 -0.990154 0.056064
vn 0.000000 -0.999877 -0.015676
vn 0.000000 -0.958767 -0.284194
vn -0.009785 -0.970674 -0.240201
vn 0.000000 -0.999877 -0.015676
vn 0.053289 -0.992241 -0.112330
vn 0.009783 -0.970674 -0.240202
vn 0.000000 -0.999877 -0.015676
vn 0.000000 -0.998845 0.048042
vn 0.128267 -0.990154 0.056064
vn 0.000000 -0.999877 -0.015676
vn 0.176569 -0.981860 0.069102
vn 0.166976 -0.984361 0.056142
vn 0.000000 -0.999877 -0.015676
vn 0.166976 -0.984361 0.056142
vn 0.111295 -0.993751 -0.008558
vn 0.000000 -0.999877 -0.015676
vn 0.111295 -0.993751 -0.008558
vn 0.053289 -0.992241 -0.112330
vn 0.000000 -0.999877 -0.015676
vn 0.128267 -0.990154 0.056064
vn 0.176569 -0.981860 0.069102
vn 0.000000 -0.999877 -0.015676
s 1
f 1/1/1 2/2/2 34/3/3
f 34/3/4 35/4/5 1/1/6
f 3/5/7 36/6/8 34/3/9
f 34/3/10 2/2/11 3/5/12
f 15/7/13 16/8/14 37/9/15
f 37/9/16 38/10/17 15/7/18
f 4/11/19 5/12/20 39/13/21
f 39/13/22 40/14/23 4/11/24
f 16/8/25 1/1/26 35/4/27
f 35/4/28 37/9/29 16/8/30
f 4/11/31 40/14/32 36/6/33
f 36/6/34 3/5/35 4/11/36
f 14/15/37 15/7/38 38/10/39
f 38/10/40 41/16/41 14/15/42
f 6/17/43 42/18/44 39/13/45
f 39/13/46 5/12/47 6/17/48
f 10/19/49 11/20/50 43/21/51
f 43/21/52 44/22/53 10/19/54
f 9/23/55 10/19/56 44/22/57
f 44/22/58 45/24/59 9/23/60
f 12/25/61 13/26/62 46/27/63
f 46/27/64 47/28/65 12/25/66
f 7/29/67 8/30/68 48/31/69
f 48/31/70 49/32/71 7/29/72
f 12/25/73 47/28/74 43/21/75
f 43/21/76 11/20/77 12/25/78
f 8/30/79 9/23/80 45/24/81
f 45/24/82 48/31/83 8/30/84
f 13/26/85 14/15/86 41/16/87
f 41/16/88 46/27/89 13/26/90
f 7/29/91 49/32/92 42/18/93
f 42/18/94 6/17/95 7/29/96
f 18/33/97 2/34/98 1/35/99
f 1/35/100 17/36/101 18/33/102
f 19/37/103 3/38/104 2/34/105
f 2/34/106 18/33/107 19/37/108
f 20/39/109 4/40/110 3/38/111
f 3/38/112 19/37/113 20/39/114
f 21/41/115 5/42/116 4/40/117
f 4/40/118 20/39/119 21/41/120
f 22/43/121 6/44/122 5/42/123
f 5/42/124 21/41/125 22/43/126
f 23/45/127 7/46/128 6/44/129
f 6/44/130 22/43/131 23/45/132
f 24/47/133 8/48/134 7/46/135
f 7/46/136 23/45/137 24/47/138
f 25/49/139 9/50/140 8/48/141
f 8/48/142 24/47/143 25/49/144
f 26/51/145 10/52/146 9/50/147
f 9/50/148 25/49/149 26/51/150
f 27/53/151 11/54/152 10/52/153
f 10/52/154 26/51/155 27/53/156
f 28/55/157 12/56/158 11/54/159
f 11/54/160 27/53/161 28/55/162
f 29/57/163 13/58/164 12/56/165
f 12/56/166 28/55/167 29/57/168
f 30/59/169 14/60/170 13/58/171
f 13/58/172 29/57/173 30/59/174
f 31/61/175 15/62/176 14/63/177
f 14/63/178 30/64/179 31/61/180
f 32/65/181 16/66/182 15/62/183
f 15/62/184 31/61/185 32/65/186
f 17/36/187 1/35/188 16/66/189
f 16/66/190 32/65/191 17/36/192
f 50/67/193 33/68/194 51/69/195
f 52/70/196 33/68/197 50/67/198
f 53/71/199 33/68/200 54/72/201
f 55/73/202 33/68/203 56/74/204
f 51/69/205 33/68/206 53/71/207
f 56/74/208 33/68/209 52/70/210
f 54/72/211 33/68/212 57/75/213
f 58/76/214 33/68/215 55/73/216
f 59/77/217 33/68/218 60/78/219
f 60/78/220 33/68/221 61/79/222
f 62/80/223 33/68/224 63/81/225
f 64/82/226 33/68/227 65/83/228
f 63/81/229 33/68/230 59/77/231
f 61/79/232 33/68/233 64/82/234
f 57/75/235 33/68/236 62/80/237
f 65/83/238 33/68/239 58/76/240
f 66/84/241 82/85/242 83/86/243
f 83/86/244 67/87/245 66/84/246
f 68/88/247 84/89/248 82/85/249
f 82/85/250 66/84/251 68/88/252
f 69/90/253 85/91/254 86/92/255
f 86/92/256 70/93/257 69/90/258
f 71/94/259 87/95/260 88/96/261
f 88/96/262 72/97/263 71/94/264
f 67/87/265 83/86/266 85/91/267
f 85/91/268 69/90/269 67/87/270
f 72/97/271 88/96/272 84/89/273
f 84/89/274 68/88/275 72/97/276
f 70/93/277 86/92/278 89/98/279
f 89/98/280 73/99/281 70/93/282
f 74/100/283 90/101/284 87/95/285
f 87/95/286 71/94/287 74/100/288
f 75/102/289 91/103/290 92/104/291
f 92/104/292 76/105/293 75/102/294
f 76/105/295 92/104/296 93/106/297
f 93/106/298 77/107/299 76/105/300
f 78/108/301 94/109/302 95/110/303
f 95/110/304 79/111/305 78/108/306
f 80/112/307 96/113/308 97/114/309
f 97/114/310 81/115/311 80/112/312
f 79/111/313 95/110/314 91/103/315
f 91/103/316 75/102/317 79/111/318
f 77/107/319 93/106/320 96/113/321
f 96/113/322 80/112/323 77/107/324
f 73/99/325 89/98/326 94/109/327
f 94/109/328 78/108/329 73/99/330
f 81/115/331 97/114/332 90/101/333
f 90/101/334 74/100/335 81/115/336
f 34/116/337 66/117/338 67/118/339
f 67/118/340 35/119/341 34/116/342
f 36/120/343 68/121/344 66/117/345
f 66/117/346 34/116/347 36/120/348
f 37/122/349 69/123/350 70/124/351
f 70/124/352 38/125/353 37/122/354
f 39/126/355 71/127/356 72/128/357
f 72/128/358 40/129/359 39/126/360
f 35/119/361 67/118/362 69/123/363
f 69/123/364 37/122/365 35/119/366
f 40/129/367 72/128/368 68/121/369
f 68/121/370 36/120/371 40/129/372
f 38/125/373 70/124/374 73/130/375
f 73/130/376 41/131/377 38/125/378
f 42/132/379 74/133/380 71/127/381
f 71/127/382 39/126/383 42/132/384
f 43/134/385 75/135/386 76/136/387
f 76/136/388 44/137/389 43/134/390
f 44/137/391 76/136/392 77/138/393
f 77/138/394 45/139/395 44/137/396
f 46/140/397 78/141/398 79/142/399
f 79/142/400 47/143/401 46/140/402
f 48/144/403 80/145/404 81/146/405
f 81/146/406 49/147/407 48/144/408
f 47/143/409 79/142/410 75/135/411
f 75/135/412 43/134/413 47/143/414
f 45/139/415 77/138/416 80/145/417
f 80/145/418 48/144/419 45/139/420
f 41/148/421 73/149/422 78/141/423
f 78/141/424 46/140/425 41/148/426
f 49/147/427 81/146/428 74/133/429
f 74/133/430 42/132/431 49/147/432
f 82/150/433 50/151/434 51/152/435
f 51/152/436 83/153/437 82/150/438
f 84/154/439 52/155/440 50/151/441
f 50/151/442 82/150/443 84/154/444
f 85/156/445 53/157/446 54/158/447
f 54/158/448 86/159/449 85/156/450
f 87/160/451 55/161/452 56/162/453
f 56/162/454 88/163/455 87/160/456
f 83/153/457 51/152/458 53/157/459
f 53/157/460 85/156/461 83/153/462
f 88/163/463 56/162/464 52/155/465
f 52/155/466 84/154/467 88/163/468
f 86/159/469 54/158/470 57/164/471
f 57/164/472 89/165/473 86/159/474
f 90/166/475 58/167/476 55/161/477
f 55/161/478 87/160/479 90/166/480
f 91/168/481 59/169/482 60/170/483
f 60/170/484 92/171/485 91/168/486
f 92/171/487 60/170/488 61/172/489
f 61/172/490 93/173/491 92/171/492
f 94/174/493 62/175/494 63/176/495
f 63/176/496 95/177/497 94/174/498
f 96/178/499 64/179/500 65/180/501
f 65/180/502 97/181/503 96/178/504
f 95/177/505 63/176/506 59/169/507
f 59/169/508 91/168/509 95/177/510
f 93/173/511 61/172/512 64/179/513
f 64/179/514 96/178/515 93/173/516
f 89/182/517 57/183/518 62/175/519
f 62/175/520 94/174/521 89/182/522
f 97/181/523 65/180/524 58/167/525
f 58/167/526 90/166/527 97/181/528
f 114/184/529 115/185/530 99/186/531
f 99/186/532 98/187/533 114/184/534
f 116/188/535 100/189/536 99/186/537
f 99/186/538 115/185/539 116/188/540
f 117/190/541 101/191/542 100/189/543
f 100/189/544 116/188/545 117/190/546
f 118/192/547 102/193/548 101/191/549
f 101/191/550 117/190/551 118/192/552
f 119/194/553 103/195/554 102/193/555
f 102/193/556 118/192/557 119/194/558
f 120/196/559 104/197/560 103/195/561
f 103/195/562 119/194/563 120/196/564
f 121/198/565 105/199/566 104/197/567
f 104/197/568 120/196/569 121/198/570
f 122/200/571 106/201/572 105/199/573
f 105/199/574 121/198/575 122/200/576
f 123/202/577 107/203/578 106/201/579
f 106/201/580 122/200/581 123/202/582
f 124/204/583 108/205/584 107/203/585
f 107/203/586 123/202/587 124/204/588
f 125/206/589 109/207/590 108/205/591
f 108/205/592 124/204/593 125/206/594
f 126/208/595 110/209/596 109/207/597
f 109/207/598 125/206/599 126/208/600
f 127/210/601 111/211/602 110/209/603
f 110/209/604 126/208/605 127/210/606
f 128/212/607 112/213/608 111/211/609
f 111/211/610 127/210/611 128/212/612
f 129/214/613 113/215/614 112/213/615
f 112/213/616 128/212/617 129/214/618
f 114/184/619 98/187/620 113/215/621
f 113/215/622 129/214/623 114/184/624
f 132/216/625 131/217/626 130/218/627
f 133/219/628 132/216/629 130/218/630
f 134/220/631 133/219/632 130/218/633
f 135/221/634 134/220/635 130/218/636
f 136/222/637 135/221/638 130/218/639
f 137/223/640 136/222/641 130/218/642
f 138/224/643 137/223/644 130/218/645
f 139/225/646 138/224/647 130/218/648
f 140/226/649 139/225/650 130/218/651
f 141/227/652 140/226/653 130/218/654
f 142/228/655 141/227/656 130/218/657
f 143/229/658 142/228/659 130/218/660
f 144/230/661 143/229/662 130/218/663
f 145/231/664 144/230/665 130/218/666
f 146/232/667 145/231/668 130/218/669
f 131/217/670 146/232/671 130/218/672
f 114/184/673 131/217/674 132/216/675
f 132/216/676 115/185/677 114/184/678
f 115/185/679 132/216/680 133/219/681
f 133/219/682 116/188/683 115/185/684
f 116/188/685 133/219/686 134/220/687
f 134/220/688 117/190/689 116/188/690
f 117/190/691 134/220/692 135/221/693
f 135/221/694 118/192/695 117/190/696
f 118/192/697 135/221/698 136/222/699
f 136/222/700 119/194/701 118/192/702
f 119/194/703 136/222/704 137/223/705
f 137/223/706 120/196/707 119/194/708
f 120/196/709 137/223/710 138/224/711
f 138/224/712 121/198/713 120/196/714
f 121/198/715 138/224/716 139/225/717
f 139/225/718 122/200/719 121/198/720
f 122/200/721 139/225/722 140/226/723
f 140/226/724 123/202/725 122/200/726
f 123/202/727 140/226/728 141/227/729
f 141/227/730 124/204/731 123/202/732
f 124/204/733 141/227/734 142/228/735
f 142/228/736 125/206/737 124/204/738
f 125/206/739 142/228/740 143/229/741
f 143/229/742 126/208/743 125/206/744
f 126/208/745 143/229/746 144/230/747
f 144/230/748 127/210/749 126/208/750
f 127/210/751 144/230/752 145/231/753
f 145/231/754 128/212/755 127/210/756
f 128/212/757 145/231/758 146/232/759
f 146/232/760 129/214/761 128/212/762
f 129/214/763 146/232/764 131/217/765
f 131/217/766 114/184/767 129/214/768
f 163/233/769 164/234/770 148/235/771
f 148/235/772 147/236/773 163/233/774
f 165/237/775 149/238/776 148/235/777
f 148/235/778 164/234/779 165/237/780
f 166/239/781 150/240/782 149/238/783
f 149/238/784 165/237/785 166/239/786
f 167/241/787 151/242/788 150/240/789
f 150/240/790 166/239/791 167/241/792
f 168/243/793 152/244/794 151/242/795
f 151/242/796 167/241/797 168/243/798
f 169/245/799 153/246/800 152/244/801
f 152/244/802 168/243/803 169/245/804
f 170/247/805 154/248/806 153/246/807
f 153/246/808 169/245/809 170/247/810
f 171/249/811 155/250/812 154/248/813
f 154/248/814 170/247/815 171/249/816
f 172/251/817 156/252/818 155/250/819
f 155/250/820 171/249/821 172/251/822
f 173/253/823 157/254/824 156/252/825
f 156/252/826 172/251/827 173/253/828
f 174/255/829 158/256/830 157/254/831
f 157/254/832 173/253/833 174/255/834
f 175/257/835 159/258/836 158/256/837
f 158/256/838 174/255/839 175/257/840
f 176/259/841 160/260/842 159/258/843
f 159/258/844 175/257/845 176/259/846
f 177/261/847 161/262/848 160/260/849
f 160/260/850 176/259/851 177/261/852
f 178/263/853 162/264/854 161/262/855
f 161/262/856 177/261/857 178/263/858
f 163/233/859 147/236/860 162/264/861
f 162/264/862 178/263/863 163/233/864
f 181/265/865 180/266/866 179/267/867
f 182/268/868 181/265/869 179/267/870
f 183/269/871 182/268/872 179/267/873
f 184/270/874 183/269/875 179/267/876
f 185/271/877 184/270/878 179/267/879
f 186/272/880 185/271/881 179/267/882
f 187/273/883 186/272/884 179/267/885
f 188/274/886 187/273/887 179/267/888
f 189/275/889 188/274/890 179/267/891
f 190/276/892 189/275/893 179/267/894
f 191/277/895 190/276/896 179/267/897
f 192/278/898 191/277/899 179/267/900
f 193/279/901 192/278/902 179/267/903
f 194/280/904 193/279/905 179/267/906
f 195/281/907 194/280/908 179/267/909
f 180/266/910 195/281/911 179/267/912
f 163/233/913 180/266/914 181/265/915
f 181/265/916 164/234/917 163/233/918
f 164/234/919 181/265/920 182/268/921
f 182/268/922 165/237/923 164/234/924
f 165/237/925 182/268/926 183/269/927
f 183/269/928 166/239/929 165/237/930
f 166/239/931 183/269/932 184/270/933
f 184/270/934 167/241/935 166/239/936
f 167/241/937 184/270/938 185/271/939
f 185/271/940 168/243/941 167/241/942
f 168/243/943 185/271/944 186/272/945
f 186/272/946 169/245/947 168/243/948
f 169/245/949 186/272/950 187/273/951
f 187/273/952 170/247/953 169/245/954
f 170/247/955 187/273/956 188/274/957
f 188/274/958 171/249/959 170/247/960
f 171/249/961 188/274/962 189/275/963
f 189/275/964 172/251/965 171/249/966
f 172/251/967 189/275/968 190/276/969
f 190/276/970 173/253/971 172/251/972
f 173/253/973 190/276/974 191/277/975
f 191/277/976 174/255/977 173/253/978
f 174/255/979 191/277/980 192/278/981
f 192/278/982 175/257/983 174/255/984
f 175/257/985 192/278/986 193/279/987
f 193/279/988 176/259/989 175/257/990
f 176/259/991 193/279/992 194/280/993
f 194/280/994 177/261/995 176/259/996
f 177/261/997 194/280/998 195/281/999
f 195/281/1000 178/263/1001 177/261/1002
f 178/263/1003 195/281/1004 180/266/1005
f 180/266/1006 163/233/1007 178/263/1008
f 197/282/1009 196/283/1010 198/284/1011
f 200/285/1012 199/286/1013 201/287/1014
f 201/287/1015 226/288/1016 200/285/1017
f 201/287/1018 203/289/1019 230/290/1020
f 230/290/1021 226/288/1022 201/287/1023
f 203/289/1024 206/291/1025 231/292/1026
f 231/292/1027 230/290/1028 203/289/1029
f 205/293/1030 208/294/1031 207/295/1032
f 207/295/1033 209/296/1034 205/293/1035
f 206/291/1036 210/297/1037 232/298/1038
f 232/298/1039 231/292/1040 206/291/1041
f 229/299/1042 228/300/1043 211/301/1044
f 211/301/1045 213/302/1046 229/299/1047
f 234/303/1048 235/304/1049 212/305/1050
f 212/305/1051 227/306/1052 234/303/1053
f 215/307/1054 216/308/1055 214/309/1056
f 219/310/1057 203/289/1058 201/287/1059
f 201/287/1060 199/286/1061 219/310/1062
f 220/311/1063 206/291/1064 203/289/1065
f 203/289/1066 219/310/1067 220/311/1068
f 221/312/1069 210/297/1070 206/291/1071
f 206/291/1072 220/311/1073 221/312/1074
f 222/313/1075 212/305/1076 210/297/1077
f 210/297/1078 221/312/1079 222/313/1080
f 224/314/1081 227/306/1082 212/305/1083
f 212/305/1084 222/313/1085 224/314/1086
f 217/315/1087 233/316/1088 225/317/1089
f 225/317/1090 218/318/1091 217/315/1092
f 197/282/1093 226/288/1094 230/290/1095
f 230/290/1096 202/319/1097 197/282/1098
f 202/319/1099 230/290/1100 231/292/1101
f 231/292/1102 205/293/1103 202/319/1104
f 205/293/1105 231/292/1106 232/298/1107
f 232/298/1108 208/294/1109 205/293/1110
f 228/300/1111 229/299/1112 235/304/1113
f 235/304/1114 234/303/1115 228/300/1116
f 224/314/1117 223/320/1118 225/317/1119
f 225/317/1120 227/306/1121 224/314/1122
f 214/309/1123 211/301/1124 228/300/1125
f 228/300/1126 215/307/1127 214/309/1128
f 215/307/1129 228/300/1130 234/303/1131
f 234/303/1132 233/316/1133 215/307/1134
f 234/303/1135 227/306/1136 225/317/1137
f 225/317/1138 233/316/1139 234/303/1140
f 232/298/1141 210/297/1142 212/305/1143
f 212/305/1144 235/304/1145 232/298/1146
f 232/298/1147 235/304/1148 229/299/1149
f 229/299/1150 208/294/1151 232/298/1152
f 208/294/1153 229/299/1154 213/302/1155
f 213/302/1156 207/295/1157 208/294/1158
f 196/283/1159 197/282/1160 202/319/1161
f 202/319/1162 204/321/1163 196/283/1164
f 204/321/1165 202/319/1166 205/293/1167
f 205/293/1168 209/296/1169 204/321/1170
f 216/308/1171 215/307/1172 233/316/1173
f 233/316/1174 217/315/1175 216/308/1176
f 226/288/1177 197/282/1178 198/284/1179
f 198/284/1180 200/285/1181 226/288/1182
f 218/318/1183 225/317/1184 223/320/1185
f 237/322/1186 198/323/1187 196/324/1188
f 196/324/1189 236/325/1190 237/322/1191
f 238/326/1192 199/327/1193 200/328/1194
f 200/328/1195 239/329/1196 238/326/1197
f 239/329/1198 200/328/1199 198/323/1200
f 198/323/1201 237/322/1202 239/329/1203
f 236/325/1204 196/324/1205 204/330/1206
f 204/330/1207 240/331/1208 236/325/1209
f 241/332/1210 242/333/1211 209/334/1212
f 209/334/1213 207/335/1214 241/332/1215
f 240/331/1216 204/330/1217 209/334/1218
f 209/334/1219 242/333/1220 240/331/1221
f 243/336/1222 244/337/1223 213/338/1224
f 213/338/1225 211/339/1226 243/336/1227
f 244/337/1228 241/332/1229 207/335/1230
f 207/335/1231 213/338/1232 244/337/1233
f 245/340/1234 243/336/1235 211/339/1236
f 211/339/1237 214/341/1238 245/340/1239
f 245/340/1240 214/341/1241 216/342/1242
f 216/342/1243 246/343/1244 245/340/1245
f 246/344/1246 216/345/1247 217/346/1248
f 217/346/1249 247/347/1250 246/344/1251
f 247/347/1252 217/346/1253 218/348/1254
f 218/348/1255 248/349/1256 247/347/1257
f 238/326/1258 249/350/1259 219/351/1260
f 219/351/1261 199/327/1262 238/326/1263
f 249/350/1264 250/352/1265 220/353/1266
f 220/353/1267 219/351/1268 249/350/1269
f 250/352/1270 251/354/1271 221/355/1272
f 221/355/1273 220/353/1274 250/352/1275
f 251/354/1276 252/356/1277 222/357/1278
f 222/357/1279 221/355/1280 251/354/1281
f 253/358/1282 223/359/1283 224/360/1284
f 224/360/1285 254/361/1286 253/358/1287
f 252/356/1288 254/361/1289 224/360/1290
f 224/360/1291 222/357/1292 252/356/1293
f 248/349/1294 218/348/1295 223/359/1296
f 223/359/1297 253/358/1298 248/349/1299
f 329/362/1300 339/363/1301 265/364/1302
f 265/364/1303 255/365/1304 329/362/1305
f 330/366/1306 329/362/1307 255/365/1308
f 255/365/1309 256/367/1310 330/366/1311
f 331/368/1312 330/366/1313 256/367/1314
f 256/367/1315 257/369/1316 331/368/1317
f 332/370/1318 331/368/1319 257/369/1320
f 257/369/1321 258/371/1322 332/370/1323
f 333/372/1324 332/370/1325 258/371/1326
f 258/371/1327 259/373/1328 333/372/1329
f 334/374/1330 333/372/1331 259/373/1332
f 259/373/1333 260/375/1334 334/374/1335
f 335/376/1336 334/374/1337 260/375/1338
f 260/375/1339 261/377/1340 335/376/1341
f 335/376/1342 261/377/1343 262/378/1344
f 262/378/1345 336/379/1346 335/376/1347
f 336/379/1348 262/378/1349 263/380/1350
f 263/380/1351 337/381/1352 336/379/1353
f 337/381/1354 263/380/1355 264/382/1356
f 264/382/1357 338/383/1358 337/381/1359
f 338/383/1360 264/382/1361 276/384/1362
f 276/384/1363 350/385/1364 338/383/1365
f 340/386/1366 266/387/1367 265/364/1368
f 265/364/1369 339/363/1370 340/386/1371
f 341/388/1372 267/389/1373 266/387/1374
f 266/387/1375 340/386/1376 341/388/1377
f 342/390/1378 268/391/1379 267/389/1380
f 267/389/1381 341/388/1382 342/390/1383
f 343/392/1384 269/393/1385 268/391/1386
f 268/391/1387 342/390/1388 343/392/1389
f 344/394/1390 270/395/1391 269/393/1392
f 269/393/1393 343/392/1394 344/394/1395
f 345/396/1396 271/397/1397 270/395/1398
f 270/395/1399 344/394/1400 345/396/1401
f 346/398/1402 272/399/1403 271/397/1404
f 271/397/1405 345/396/1406 346/398/1407
f 346/398/1408 347/400/1409 273/401/1410
f 273/401/1411 272/399/1412 346/398/1413
f 347/400/1414 348/402/1415 274/403/1416
f 274/403/1417 273/401/1418 347/400/1419
f 348/402/1420 349/404/1421 275/405/1422
f 275/405/1423 274/403/1424 348/402/1425
f 349/404/1426 350/385/1427 276/384/1428
f 276/384/1429 275/405/1430 349/404/1431
f 287/406/1432 277/407/1433 319/408/1434
f 319/408/1435 299/409/1436 287/406/1437
f 319/408/1438 320/410/1439 300/411/1440
f 300/411/1441 299/409/1442 319/408/1443
f 301/412/1444 300/411/1445 320/410/1446
f 320/410/1447 321/413/1448 301/412/1449
f 302/414/1450 301/412/1451 321/413/1452
f 321/413/1453 322/415/1454 302/414/1455
f 303/416/1456 302/414/1457 322/415/1458
f 322/415/1459 323/417/1460 303/416/1461
f 324/418/1462 304/419/1463 303/416/1464
f 303/416/1465 323/417/1466 324/418/1467
f 325/420/1468 305/421/1469 304/419/1470
f 304/419/1471 324/418/1472 325/420/1473
f 326/422/1474 306/423/1475 305/421/1476
f 305/421/1477 325/420/1478 326/422/1479
f 327/424/1480 307/425/1481 306/423/1482
f 306/423/1483 326/422/1484 327/424/1485
f 308/426/1486 307/425/1487 327/424/1488
f 327/424/1489 328/427/1490 308/426/1491
f 286/428/1492 298/429/1493 308/426/1494
f 308/426/1495 328/427/1496 286/428/1497
f 287/406/1498 299/409/1499 309/430/1500
f 309/430/1501 288/431/1502 287/406/1503
f 309/430/1504 299/409/1505 300/411/1506
f 300/411/1507 310/432/1508 309/430/1509
f 310/432/1510 300/411/1511 301/412/1512
f 301/412/1513 311/433/1514 310/432/1515
f 311/433/1516 301/412/1517 302/414/1518
f 302/414/1519 312/434/1520 311/433/1521
f 312/434/1522 302/414/1523 303/416/1524
f 303/416/1525 313/435/1526 312/434/1527
f 303/416/1528 304/419/1529 314/436/1530
f 314/436/1531 313/435/1532 303/416/1533
f 304/419/1534 305/421/1535 315/437/1536
f 315/437/1537 314/436/1538 304/419/1539
f 305/421/1540 306/423/1541 316/438/1542
f 316/438/1543 315/437/1544 305/421/1545
f 306/423/1546 307/425/1547 317/439/1548
f 317/439/1549 316/438/1550 306/423/1551
f 308/426/1552 318/440/1553 317/439/1554
f 317/439/1555 307/425/1556 308/426/1557
f 308/426/1558 298/429/1559 297/441/1560
f 297/441/1561 318/440/1562 308/426/1563
f 320/410/1564 319/408/1565 277/407/1566
f 277/407/1567 278/442/1568 320/410/1569
f 279/443/1570 321/413/1571 320/410/1572
f 320/410/1573 278/442/1574 279/443/1575
f 280/444/1576 322/415/1577 321/413/1578
f 321/413/1579 279/443/1580 280/444/1581
f 281/445/1582 323/417/1583 322/415/1584
f 322/415/1585 280/444/1586 281/445/1587
f 282/446/1588 324/418/1589 323/417/1590
f 323/417/1591 281/445/1592 282/446/1593
f 283/447/1594 325/420/1595 324/418/1596
f 324/418/1597 282/446/1598 283/447/1599
f 284/448/1600 326/422/1601 325/420/1602
f 325/420/1603 283/447/1604 284/448/1605
f 285/449/1606 327/424/1607 326/422/1608
f 326/422/1609 284/448/1610 285/449/1611
f 327/424/1612 285/449/1613 286/428/1614
f 286/428/1615 328/427/1616 327/424/1617
f 288/431/1618 309/430/1619 310/432/1620
f 310/432/1621 289/450/1622 288/431/1623
f 289/450/1624 310/432/1625 311/433/1626
f 311/433/1627 290/451/1628 289/450/1629
f 290/451/1630 311/433/1631 312/434/1632
f 312/434/1633 291/452/1634 290/451/1635
f 291/452/1636 312/434/1637 313/435/1638
f 313/435/1639 292/453/1640 291/452/1641
f 292/453/1642 313/435/1643 314/436/1644
f 314/436/1645 293/454/1646 292/453/1647
f 293/454/1648 314/436/1649 315/437/1650
f 315/437/1651 294/455/1652 293/454/1653
f 294/455/1654 315/437/1655 316/438/1656
f 316/438/1657 295/456/1658 294/455/1659
f 295/456/1660 316/438/1661 317/439/1662
f 317/439/1663 296/457/1664 295/456/1665
f 317/439/1666 318/440/1667 297/441/1668
f 297/441/1669 296/457/1670 317/439/1671
f 277/407/1672 287/406/1673 339/363/1674
f 339/363/1675 329/362/1676 277/407/1677
f 329/362/1678 330/366/1679 278/442/1680
f 278/442/1681 277/407/1682 329/362/1683
f 330/366/1684 331/368/1685 279/443/1686
f 279/443/1687 278/442/1688 330/366/1689
f 331/368/1690 332/370/1691 280/444/1692
f 280/444/1693 279/443/1694 331/368/1695
f 332/370/1696 333/372/1697 281/445/1698
f 281/445/1699 280/444/1700 332/370/1701
f 281/445/1702 333/372/1703 334/374/1704
f 334/374/1705 282/446/1706 281/445/1707
f 282/446/1708 334/374/1709 335/376/1710
f 335/376/1711 283/447/1712 282/446/1713
f 283/447/1714 335/376/1715 336/379/1716
f 336/379/1717 284/448/1718 283/447/1719
f 284/448/1720 336/379/1721 337/381/1722
f 337/381/1723 285/449/1724 284/448/1725
f 338/383/1726 286/428/1727 285/449/1728
f 285/449/1729 337/381/1730 338/383/1731
f 350/385/1732 298/429/1733 286/428/1734
f 286/428/1735 338/383/1736 350/385/1737
f 339/363/1738 287/406/1739 288/431/1740
f 288/431/1741 340/386/1742 339/363/1743
f 289/450/1744 341/388/1745 340/386/1746
f 340/386/1747 288/431/1748 289/450/1749
f 290/451/1750 342/390/1751 341/388/1752
f 341/388/1753 289/450/1754 290/451/1755
f 291/452/1756 343/392/1757 342/390/1758
f 342/390/1759 290/451/1760 291/452/1761
f 292/453/1762 344/394/1763 343/392/1764
f 343/392/1765 291/452/1766 292/453/1767
f 345/396/1768 344/394/1769 292/453/1770
f 292/453/1771 293/454/1772 345/396/1773
f 346/398/1774 345/396/1775 293/454/1776
f 293/454/1777 294/455/1778 346/398/1779
f 347/400/1780 346/398/1781 294/455/1782
f 294/455/1783 295/456/1784 347/400/1785
f 348/402/1786 347/400/1787 295/456/1788
f 295/456/1789 296/457/1790 348/402/1791
f 349/404/1792 348/402/1793 296/457/1794
f 296/457/1795 297/441/1796 349/404/1797
f 350/385/1798 349/404/1799 297/441/1800
f 297/441/1801 298/429/1802 350/385/1803
f 416/458/1804 415/459/1805 368/460/1806
f 368/460/1807 371/461/1808 416/458/1809
f 417/462/1810 374/463/1811 368/460/1812
f 368/460/1813 415/459/1814 417/462/1815
f 418/464/1816 377/465/1817 374/463/1818
f 374/463/1819 417/462/1820 418/464/1821
f 419/466/1822 380/467/1823 377/465/1824
f 377/465/1825 418/464/1826 419/466/1827
f 420/468/1828 383/469/1829 380/470/1830
f 380/470/1831 419/471/1832 420/468/1833
f 421/472/1834 386/473/1835 383/469/1836
f 383/469/1837 420/468/1838 421/472/1839
f 422/474/1840 389/475/1841 386/473/1842
f 386/473/1843 421/472/1844 422/474/1845
f 423/476/1846 392/477/1847 389/475/1848
f 389/475/1849 422/474/1850 423/476/1851
f 424/478/1852 395/479/1853 392/477/1854
f 392/477/1855 423/476/1856 424/478/1857
f 425/480/1858 398/481/1859 395/479/1860
f 395/479/1861 424/478/1862 425/480/1863
f 426/482/1864 401/483/1865 398/481/1866
f 398/481/1867 425/480/1868 426/482/1869
f 427/484/1870 404/485/1871 401/483/1872
f 401/483/1873 426/482/1874 427/484/1875
f 428/486/1876 407/487/1877 404/485/1878
f 404/485/1879 427/484/1880 428/486/1881
f 429/488/1882 410/489/1883 407/487/1884
f 407/487/1885 428/486/1886 429/488/1887
f 430/490/1888 413/491/1889 410/489/1890
f 410/489/1891 429/488/1892 430/490/1893
f 416/458/1894 371/461/1895 413/491/1896
f 413/491/1897 430/490/1898 416/458/1899
f 465/492/1900 369/493/1901 370/494/1902
f 370/494/1903 464/495/1904 465/492/1905
f 449/496/1906 371/497/1907 368/498/1908
f 368/498/1909 448/499/1910 449/496/1911
f 466/500/1912 375/501/1913 369/493/1914
f 369/493/1915 465/492/1916 466/500/1917
f 448/499/1918 368/498/1919 374/502/1920
f 374/502/1921 450/503/1922 448/499/1923
f 467/504/1924 378/505/1925 375/501/1926
f 375/501/1927 466/500/1928 467/504/1929
f 450/503/1930 374/502/1931 377/506/1932
f 377/506/1933 451/507/1934 450/503/1935
f 468/508/1936 381/509/1937 378/505/1938
f 378/505/1939 467/504/1940 468/508/1941
f 451/507/1942 377/506/1943 380/510/1944
f 380/510/1945 452/511/1946 451/507/1947
f 469/512/1948 384/513/1949 381/509/1950
f 381/509/1951 468/508/1952 469/512/1953
f 452/514/1954 380/515/1955 383/516/1956
f 383/516/1957 453/517/1958 452/514/1959
f 470/518/1960 387/519/1961 384/513/1962
f 384/513/1963 469/512/1964 470/518/1965
f 453/517/1966 383/516/1967 386/520/1968
f 386/520/1969 454/521/1970 453/517/1971
f 471/522/1972 390/523/1973 387/519/1974
f 387/519/1975 470/518/1976 471/522/1977
f 454/521/1978 386/520/1979 389/524/1980
f 389/524/1981 455/525/1982 454/521/1983
f 472/526/1984 393/527/1985 390/523/1986
f 390/523/1987 471/522/1988 472/526/1989
f 455/525/1990 389/524/1991 392/528/1992
f 392/528/1993 456/529/1994 455/525/1995
f 473/530/1996 396/531/1997 393/527/1998
f 393/527/1999 472/526/2000 473/530/2001
f 456/529/2002 392/528/2003 395/532/2004
f 395/532/2005 457/533/2006 456/529/2007
f 474/534/2008 399/535/2009 396/531/2010
f 396/531/2011 473/530/2012 474/534/2013
f 457/533/2014 395/532/2015 398/536/2016
f 398/536/2017 458/537/2018 457/533/2019
f 475/538/2020 402/539/2021 399/535/2022
f 399/535/2023 474/534/2024 475/538/2025
f 458/537/2026 398/536/2027 401/540/2028
f 401/540/2029 459/541/2030 458/537/2031
f 476/542/2032 405/543/2033 402/539/2034
f 402/539/2035 475/538/2036 476/542/2037
f 459/541/2038 401/540/2039 404/544/2040
f 404/544/2041 460/545/2042 459/541/2043
f 477/546/2044 408/547/2045 405/543/2046
f 405/543/2047 476/542/2048 477/546/2049
f 460/545/2050 404/544/2051 407/548/2052
f 407/548/2053 461/549/2054 460/545/2055
f 478/550/2056 411/551/2057 408/547/2058
f 408/547/2059 477/546/2060 478/550/2061
f 461/549/2062 407/548/2063 410/552/2064
f 410/552/2065 462/553/2066 461/549/2067
f 479/554/2068 414/555/2069 411/551/2070
f 411/551/2071 478/550/2072 479/554/2073
f 462/553/2074 410/552/2075 413/556/2076
f 413/556/2077 463/557/2078 462/553/2079
f 464/495/2080 370/494/2081 414/555/2082
f 414/555/2083 479/554/2084 464/495/2085
f 463/557/2086 413/556/2087 371/497/2088
f 371/497/2089 449/496/2090 463/557/2091
f 480/558/2092 415/559/2093 416/560/2094
f 416/560/2095 481/561/2096 480/558/2097
f 482/562/2098 417/563/2099 415/559/2100
f 415/559/2101 480/558/2102 482/562/2103
f 483/564/2104 418/565/2105 417/563/2106
f 417/563/2107 482/562/2108 483/564/2109
f 484/566/2110 419/567/2111 418/565/2112
f 418/565/2113 483/564/2114 484/566/2115
f 485/568/2116 420/569/2117 419/567/2118
f 419/567/2119 484/566/2120 485/568/2121
f 486/570/2122 421/571/2123 420/569/2124
f 420/569/2125 485/568/2126 486/570/2127
f 487/572/2128 422/573/2129 421/571/2130
f 421/571/2131 486/570/2132 487/572/2133
f 488/574/2134 423/575/2135 422/573/2136
f 422/573/2137 487/572/2138 488/574/2139
f 489/576/2140 424/577/2141 423/575/2142
f 423/575/2143 488/574/2144 489/576/2145
f 490/578/2146 425/579/2147 424/577/2148
f 424/577/2149 489/576/2150 490/578/2151
f 491/580/2152 426/581/2153 425/579/2154
f 425/579/2155 490/578/2156 491/580/2157
f 492/582/2158 427/583/2159 426/581/2160
f 426/581/2161 491/580/2162 492/582/2163
f 493/584/2164 428/585/2165 427/583/2166
f 427/583/2167 492/582/2168 493/584/2169
f 494/586/2170 429/587/2171 428/585/2172
f 428/585/2173 493/584/2174 494/586/2175
f 430/588/2176 429/587/2177 494/586/2178
f 494/586/2179 495/589/2180 430/588/2181
f 481/561/2182 416/560/2183 430/588/2184
f 430/588/2185 495/589/2186 481/561/2187
f 352/590/2188 351/591/2189 432/592/2190
f 432/592/2191 433/593/2192 352/590/2193
f 353/594/2194 352/590/2195 433/593/2196
f 433/593/2197 434/595/2198 353/594/2199
f 354/596/2200 353/594/2201 434/595/2202
f 434/595/2203 435/597/2204 354/596/2205
f 355/598/2206 354/596/2207 435/597/2208
f 435/597/2209 436/599/2210 355/598/2211
f 356/600/2212 355/598/2213 436/599/2214
f 436/599/2215 437/601/2216 356/600/2217
f 357/602/2218 356/600/2219 437/601/2220
f 437/601/2221 438/603/2222 357/602/2223
f 358/604/2224 357/602/2225 438/603/2226
f 438/603/2227 439/605/2228 358/604/2229
f 359/606/2230 358/604/2231 439/605/2232
f 439/605/2233 440/607/2234 359/606/2235
f 360/608/2236 359/606/2237 440/607/2238
f 440/607/2239 441/609/2240 360/608/2241
f 361/610/2242 360/608/2243 441/609/2244
f 441/609/2245 442/611/2246 361/610/2247
f 362/612/2248 361/610/2249 442/611/2250
f 442/611/2251 443/613/2252 362/612/2253
f 363/614/2254 362/612/2255 443/613/2256
f 443/613/2257 444/615/2258 363/614/2259
f 364/616/2260 363/614/2261 444/615/2262
f 444/615/2263 445/617/2264 364/616/2265
f 365/618/2266 364/616/2267 445/617/2268
f 445/617/2269 446/619/2270 365/618/2271
f 366/620/2272 365/618/2273 446/619/2274
f 446/619/2275 447/621/2276 366/620/2277
f 351/591/2278 366/620/2279 447/621/2280
f 447/621/2281 432/592/2282 351/591/2283
f 431/622/2284 433/593/2285 432/592/2286
f 431/622/2287 434/595/2288 433/593/2289
f 431/622/2290 435/597/2291 434/595/2292
f 431/622/2293 436/599/2294 435/597/2295
f 431/622/2296 437/601/2297 436/599/2298
f 431/622/2299 438/603/2300 437/601/2301
f 431/622/2302 439/605/2303 438/603/2304
f 431/622/2305 440/607/2306 439/605/2307
f 431/622/2308 441/609/2309 440/607/2310
f 431/622/2311 442/611/2312 441/609/2313
f 431/622/2314 443/613/2315 442/611/2316
f 431/622/2317 444/615/2318 443/613/2319
f 431/622/2320 445/617/2321 444/615/2322
f 431/622/2323 446/619/2324 445/617/2325
f 431/622/2326 447/621/2327 446/619/2328
f 431/622/2329 432/592/2330 447/621/2331
f 449/496/2332 448/499/2333 367/623/2334
f 367/623/2335 372/624/2336 449/496/2337
f 448/499/2338 450/503/2339 373/625/2340
f 373/625/2341 367/623/2342 448/499/2343
f 450/503/2344 451/507/2345 376/626/2346
f 376/626/2347 373/625/2348 450/503/2349
f 451/507/2350 452/511/2351 379/627/2352
f 379/627/2353 376/626/2354 451/507/2355
f 452/514/2356 453/517/2357 382/628/2358
f 382/628/2359 379/629/2360 452/514/2361
f 453/517/2362 454/521/2363 385/630/2364
f 385/630/2365 382/628/2366 453/517/2367
f 454/521/2368 455/525/2369 388/631/2370
f 388/631/2371 385/630/2372 454/521/2373
f 455/525/2374 456/529/2375 391/632/2376
f 391/632/2377 388/631/2378 455/525/2379
f 456/529/2380 457/533/2381 394/633/2382
f 394/633/2383 391/632/2384 456/529/2385
f 457/533/2386 458/537/2387 397/634/2388
f 397/634/2389 394/633/2390 457/533/2391
f 458/537/2392 459/541/2393 400/635/2394
f 400/635/2395 397/634/2396 458/537/2397
f 459/541/2398 460/545/2399 403/636/2400
f 403/636/2401 400/635/2402 459/541/2403
f 460/545/2404 461/549/2405 406/637/2406
f 406/637/2407 403/636/2408 460/545/2409
f 461/549/2410 462/553/2411 409/638/2412
f 409/638/2413 406/637/2414 461/549/2415
f 462/553/2416 463/557/2417 412/639/2418
f 412/639/2419 409/638/2420 462/553/2421
f 463/557/2422 449/496/2423 372/624/2424
f 372/624/2425 412/639/2426 463/557/2427
f 352/590/2428 465/492/2429 464/495/2430
f 464/495/2431 351/591/2432 352/590/2433
f 353/594/2434 466/500/2435 465/492/2436
f 465/492/2437 352/590/2438 353/594/2439
f 354/596/2440 467/504/2441 466/500/2442
f 466/500/2443 353/594/2444 354/596/2445
f 355/598/2446 468/508/2447 467/504/2448
f 467/504/2449 354/596/2450 355/598/2451
f 356/600/2452 469/512/2453 468/508/2454
f 468/508/2455 355/598/2456 356/600/2457
f 357/602/2458 470/518/2459 469/512/2460
f 469/512/2461 356/600/2462 357/602/2463
f 358/604/2464 471/522/2465 470/518/2466
f 470/518/2467 357/602/2468 358/604/2469
f 359/606/2470 472/526/2471 471/522/2472
f 471/522/2473 358/604/2474 359/606/2475
f 360/608/2476 473/530/2477 472/526/2478
f 472/526/2479 359/606/2480 360/608/2481
f 361/610/2482 474/534/2483 473/530/2484
f 473/530/2485 360/608/2486 361/610/2487
f 362/612/2488 475/538/2489 474/534/2490
f 474/534/2491 361/610/2492 362/612/2493
f 363/614/2494 476/542/2495 475/538/2496
f 475/538/2497 362/612/2498 363/614/2499
f 364/616/2500 477/546/2501 476/542/2502
f 476/542/2503 363/614/2504 364/616/2505
f 365/618/2506 478/550/2507 477/546/2508
f 477/546/2509 364/616/2510 365/618/2511
f 366/620/2512 479/554/2513 478/550/2514
f 478/550/2515 365/618/2516 366/620/2517
f 351/591/2518 464/495/2519 479/554/2520
f 479/554/2521 366/620/2522 351/591/2523
f 369/493/2524 480/558/2525 481/561/2526
f 481/561/2527 370/494/2528 369/493/2529
f 375/501/2530 482/562/2531 480/558/2532
f 480/558/2533 369/493/2534 375/501/2535
f 378/505/2536 483/564/2537 482/562/2538
f 482/562/2539 375/501/2540 378/505/2541
f 381/509/2542 484/566/2543 483/564/2544
f 483/564/2545 378/505/2546 381/509/2547
f 384/513/2548 485/568/2549 484/566/2550
f 484/566/2551 381/509/2552 384/513/2553
f 387/519/2554 486/570/2555 485/568/2556
f 485/568/2557 384/513/2558 387/519/2559
f 390/523/2560 487/572/2561 486/570/2562
f 486/570/2563 387/519/2564 390/523/2565
f 393/527/2566 488/574/2567 487/572/2568
f 487/572/2569 390/523/2570 393/527/2571
f 396/531/2572 489/576/2573 488/574/2574
f 488/574/2575 393/527/2576 396/531/2577
f 399/535/2578 490/578/2579 489/576/2580
f 489/576/2581 396/531/2582 399/535/2583
f 402/539/2584 491/580/2585 490/578/2586
f 490/578/2587 399/535/2588 402/539/2589
f 405/543/2590 492/582/2591 491/580/2592
f 491/580/2593 402/539/2594 405/543/2595
f 408/547/2596 493/584/2597 492/582/2598
f 492/582/2599 405/543/2600 408/547/2601
f 411/551/2602 494/586/2603 493/584/2604
f 493/584/2605 408/547/2606 411/551/2607
f 414/555/2608 495/589/2609 494/586/2610
f 494/586/2611 411/551/2612 414/555/2613
f 370/494/2614 481/561/2615 495/589/2616
f 495/589/2617 414/555/2618 370/494/2619
f 496/640/2620 1037/641/2621 590/642/2622
f 590/642/2623 589/643/2624 496/640/2625
f 588/644/2626 530/645/2627 502/646/2628
f 502/646/2629 508/647/2630 588/644/2631
f 568/648/2632 567/649/2633 574/650/2634
f 574/650/2635 575/651/2636 568/648/2637
f 511/652/2638 512/653/2639 526/654/2640
f 526/654/2641 525/655/2642 511/652/2643
f 526/654/2644 512/653/2645 513/656/2646
f 513/656/2647 527/657/2648 526/654/2649
f 514/658/2650 528/659/2651 527/657/2652
f 527/657/2653 513/656/2654 514/658/2655
f 528/659/2656 529/660/2657 515/661/2658
f 515/661/2659 888/662/2660 528/659/2661
f 529/660/2662 510/663/2663 551/664/2664
f 551/664/2665 552/665/2666 529/660/2667
f 545/666/2668 517/667/2669 516/668/2670
f 516/668/2671 548/669/2672 545/666/2673
f 531/670/2674 613/671/2675 640/672/2676
f 640/672/2677 544/673/2678 531/670/2679
f 539/674/2680 519/675/2681 517/667/2682
f 517/667/2683 538/676/2684 539/674/2685
f 516/668/2686 535/677/2687 520/678/2688
f 520/678/2689 518/679/2690 516/668/2691
f 532/680/2692 531/670/2693 518/679/2694
f 518/679/2695 520/678/2696 532/680/2697
f 583/681/2698 576/682/2699 575/651/2700
f 575/651/2701 582/683/2702 583/681/2703
f 577/684/2704 570/685/2705 569/686/2706
f 569/686/2707 576/682/2708 577/684/2709
f 523/687/2710 524/688/2711 541/689/2712
f 541/689/2713 540/690/2714 523/687/2715
f 524/688/2716 519/675/2717 539/674/2718
f 539/674/2719 541/689/2720 524/688/2721
f 522/691/2722 521/692/2723 537/693/2724
f 537/693/2725 536/694/2726 522/691/2727
f 521/692/2728 520/678/2729 535/677/2730
f 535/677/2731 537/693/2732 521/692/2733
f 508/647/2734 1038/695/2735 588/644/2736
f 499/696/2737 497/697/2738 502/646/2739
f 502/646/2740 530/645/2741 499/696/2742
f 574/650/2743 567/649/2744 892/698/2745
f 892/698/2746 887/699/2747 574/650/2748
f 525/655/2749 526/654/2750 890/700/2751
f 890/700/2752 891/701/2753 525/655/2754
f 526/654/2755 527/657/2756 889/702/2757
f 889/702/2758 890/700/2759 526/654/2760
f 527/657/2761 528/659/2762 888/662/2763
f 888/662/2764 889/702/2765 527/657/2766
f 510/663/2767 529/660/2768 528/659/2769
f 528/659/2770 514/658/2771 510/663/2772
f 529/660/2773 552/665/2774 498/703/2775
f 498/703/2776 515/661/2777 529/660/2778
f 532/680/2779 520/678/2780 521/692/2781
f 521/692/2782 533/704/2783 532/680/2784
f 533/704/2785 521/692/2786 522/691/2787
f 522/691/2788 534/705/2789 533/704/2790
f 531/670/2791 532/680/2792 612/706/2793
f 612/706/2794 613/671/2795 531/670/2796
f 532/680/2797 533/704/2798 614/707/2799
f 614/707/2800 612/706/2801 532/680/2802
f 533/704/2803 534/705/2804 616/708/2805
f 616/708/2806 614/707/2807 533/704/2808
f 687/709/2809 593/710/2810 501/711/2811
f 501/711/2812 503/712/2813 687/709/2814
f 536/694/2815 537/693/2816 524/688/2817
f 524/688/2818 523/687/2819 536/694/2820
f 537/693/2821 535/677/2822 519/675/2823
f 519/675/2824 524/688/2825 537/693/2826
f 535/677/2827 516/668/2828 517/667/2829
f 517/667/2830 519/675/2831 535/677/2832
f 513/656/2833 539/674/2834 538/676/2835
f 538/676/2836 514/658/2837 513/656/2838
f 576/682/2839 569/686/2840 568/648/2841
f 568/648/2842 575/651/2843 576/682/2844
f 540/690/2845 541/689/2846 512/653/2847
f 512/653/2848 511/652/2849 540/690/2850
f 541/689/2851 539/674/2852 513/656/2853
f 513/656/2854 512/653/2855 541/689/2856
f 551/664/2857 510/663/2858 546/713/2859
f 546/713/2860 555/714/2861 551/664/2862
f 509/715/2863 542/716/2864 544/673/2865
f 544/673/2866 543/717/2867 509/715/2868
f 608/718/2869 543/717/2870 544/673/2871
f 544/673/2872 640/672/2873 608/718/2874
f 531/670/2875 544/673/2876 542/716/2877
f 542/716/2878 518/679/2879 531/670/2880
f 558/719/2881 545/666/2882 548/669/2883
f 548/669/2884 547/720/2885 558/719/2886
f 558/719/2887 555/714/2888 546/713/2889
f 546/713/2890 545/666/2891 558/719/2892
f 509/715/2893 547/720/2894 548/669/2895
f 548/669/2896 542/716/2897 509/715/2898
f 548/669/2899 516/668/2900 518/679/2901
f 518/679/2902 542/716/2903 548/669/2904
f 538/676/2905 546/713/2906 510/663/2907
f 510/663/2908 514/658/2909 538/676/2910
f 517/667/2911 545/666/2912 546/713/2913
f 546/713/2914 538/676/2915 517/667/2916
f 550/721/2917 982/722/2918 549/723/2919
f 549/723/2920 561/724/2921 550/721/2922
f 560/725/2923 554/726/2924 553/727/2925
f 560/725/2926 557/728/2927 556/729/2928
f 556/730/2929 557/731/2930 565/732/2931
f 565/732/2932 566/733/2933 556/730/2934
f 558/719/2935 547/720/2936 564/734/2937
f 564/734/2938 563/735/2939 558/719/2940
f 553/736/2941 554/737/2942 563/738/2943
f 563/738/2944 564/739/2945 553/736/2946
f 561/740/2947 549/741/2948 498/703/2949
f 498/703/2950 552/665/2951 561/740/2952
f 559/742/2953 550/721/2954 561/724/2955
f 561/724/2956 562/743/2957 559/742/2958
f 552/665/2959 551/664/2960 562/744/2961
f 562/744/2962 561/740/2963 552/665/2964
f 565/732/2965 557/731/2966 553/736/2967
f 553/736/2968 564/739/2969 565/732/2970
f 563/738/2971 554/737/2972 559/742/2973
f 559/742/2974 562/743/2975 563/738/2976
f 550/745/2977 560/725/2978 893/746/2979
f 893/746/2980 982/747/2981 550/745/2982
f 560/725/2983 550/745/2984 559/748/2985
f 557/728/2986 560/725/2987 553/727/2988
f 554/726/2989 560/725/2990 559/748/2991
f 558/719/2992 563/735/2993 555/714/2994
f 509/715/2995 543/717/2996 565/749/2997
f 543/717/2998 608/718/2999 566/750/3000
f 566/750/3001 565/749/3002 543/717/3003
f 567/649/3004 525/655/3005 891/701/3006
f 891/701/3007 892/698/3008 567/649/3009
f 525/655/3010 567/649/3011 568/648/3012
f 568/648/3013 511/652/3014 525/655/3015
f 511/652/3016 568/648/3017 569/686/3018
f 569/686/3019 540/690/3020 511/652/3021
f 540/690/3022 569/686/3023 570/685/3024
f 570/685/3025 523/687/3026 540/690/3027
f 523/687/3028 570/685/3029 571/751/3030
f 571/751/3031 536/694/3032 523/687/3033
f 536/694/3034 571/751/3035 572/752/3036
f 572/752/3037 522/691/3038 536/694/3039
f 522/691/3040 572/752/3041 573/753/3042
f 573/753/3043 534/705/3044 522/691/3045
f 534/705/3046 573/753/3047 667/754/3048
f 667/754/3049 616/708/3050 534/705/3051
f 577/684/3052 578/755/3053 571/751/3054
f 571/751/3055 570/685/3056 577/684/3057
f 571/751/3058 578/755/3059 579/756/3060
f 579/756/3061 572/752/3062 571/751/3063
f 572/752/3064 579/756/3065 580/757/3066
f 580/757/3067 573/753/3068 572/752/3069
f 573/753/3070 580/757/3071 673/758/3072
f 673/758/3073 667/754/3074 573/753/3075
f 581/759/3076 574/650/3077 887/699/3078
f 887/699/3079 500/760/3080 581/759/3081
f 574/650/3082 581/759/3083 582/683/3084
f 582/683/3085 575/651/3086 574/650/3087
f 576/682/3088 583/681/3089 584/761/3090
f 584/761/3091 577/684/3092 576/682/3093
f 584/761/3094 585/762/3095 578/755/3096
f 578/755/3097 577/684/3098 584/761/3099
f 578/755/3100 585/762/3101 586/763/3102
f 586/763/3103 579/756/3104 578/755/3105
f 586/763/3106 587/764/3107 580/757/3108
f 580/757/3109 579/756/3110 586/763/3111
f 580/757/3112 587/764/3113 595/765/3114
f 595/765/3115 673/758/3116 580/757/3117
f 530/645/3118 581/759/3119 500/760/3120
f 500/760/3121 499/696/3122 530/645/3123
f 581/759/3124 530/645/3125 588/644/3126
f 588/644/3127 582/683/3128 581/759/3129
f 582/683/3130 588/644/3131 589/643/3132
f 589/643/3133 583/681/3134 582/683/3135
f 583/681/3136 589/643/3137 590/642/3138
f 590/642/3139 584/761/3140 583/681/3141
f 584/761/3142 590/642/3143 591/766/3144
f 591/766/3145 585/762/3146 584/761/3147
f 585/762/3148 591/766/3149 592/767/3150
f 592/767/3151 586/763/3152 585/762/3153
f 586/763/3154 592/767/3155 593/710/3156
f 593/710/3157 587/764/3158 586/763/3159
f 587/764/3160 593/710/3161 687/709/3162
f 687/709/3163 595/765/3164 587/764/3165
f 1030/768/3166 1031/769/3167 684/770/3168
f 627/771/3169 681/772/3170 596/773/3171
f 596/773/3172 507/774/3173 627/771/3174
f 600/775/3175 622/776/3176 623/777/3177
f 623/777/3178 602/778/3179 600/775/3180
f 623/777/3181 624/779/3182 604/780/3183
f 604/780/3184 602/778/3185 623/777/3186
f 605/781/3187 604/780/3188 624/779/3189
f 624/779/3190 625/782/3191 605/781/3192
f 626/783/3193 625/782/3194 505/784/3195
f 505/784/3196 506/785/3197 626/783/3198
f 626/783/3199 650/786/3200 649/787/3201
f 649/787/3202 599/788/3203 626/783/3204
f 643/789/3205 646/790/3206 606/791/3207
f 606/791/3208 607/792/3209 643/789/3210
f 628/793/3211 642/794/3212 640/672/3213
f 640/672/3214 613/671/3215 628/793/3216
f 636/795/3217 635/796/3218 607/792/3219
f 607/792/3220 610/797/3221 636/795/3222
f 606/791/3223 609/798/3224 611/799/3225
f 611/799/3226 632/800/3227 606/791/3228
f 629/801/3229 611/799/3230 609/798/3231
f 609/798/3232 628/793/3233 629/801/3234
f 690/802/3235 676/803/3236 675/804/3237
f 675/804/3238 688/805/3239 690/802/3240
f 662/806/3241 663/807/3242 669/808/3243
f 669/808/3244 692/809/3245 662/806/3246
f 618/810/3247 637/811/3248 638/812/3249
f 638/812/3250 619/813/3251 618/810/3252
f 619/813/3253 638/812/3254 636/795/3255
f 636/795/3256 610/797/3257 619/813/3258
f 617/814/3259 633/815/3260 634/816/3261
f 634/816/3262 615/817/3263 617/814/3264
f 615/817/3265 634/816/3266 632/800/3267
f 632/800/3268 611/799/3269 615/817/3270
f 681/772/3271 682/818/3272 594/819/3273
f 594/819/3274 596/773/3275 681/772/3276
f 507/774/3277 597/820/3278 620/821/3279
f 620/821/3280 627/771/3281 507/774/3282
f 623/777/3283 622/776/3284 601/822/3285
f 601/822/3286 504/823/3287 623/777/3288
f 624/779/3289 623/777/3290 504/823/3291
f 504/823/3292 603/824/3293 624/779/3294
f 625/782/3295 624/779/3296 603/824/3297
f 603/824/3298 505/784/3299 625/782/3300
f 599/788/3301 605/781/3302 625/782/3303
f 625/782/3304 626/783/3305 599/788/3306
f 650/786/3307 626/783/3308 506/785/3309
f 506/785/3310 973/825/3311 650/786/3312
f 1029/826/3313 1032/827/3314 685/828/3315
f 629/801/3316 630/829/3317 615/817/3318
f 615/817/3319 611/799/3320 629/801/3321
f 630/829/3322 631/830/3323 617/814/3324
f 617/814/3325 615/817/3326 630/829/3327
f 1028/831/3328 1029/826/3329 685/828/3330
f 685/828/3331 686/832/3332 1028/831/3333
f 628/793/3334 613/671/3335 612/706/3336
f 612/706/3337 629/801/3338 628/793/3339
f 629/801/3340 612/706/3341 614/707/3342
f 614/707/3343 630/829/3344 629/801/3345
f 630/829/3346 614/707/3347 616/708/3348
f 616/708/3349 631/830/3350 630/829/3351
f 686/832/3352 687/709/3353 503/712/3354
f 503/712/3355 1028/831/3356 686/832/3357
f 633/815/3358 618/810/3359 619/813/3360
f 619/813/3361 634/816/3362 633/815/3363
f 634/816/3364 619/813/3365 610/797/3366
f 610/797/3367 632/800/3368 634/816/3369
f 632/800/3370 610/797/3371 607/792/3372
f 607/792/3373 606/791/3374 632/800/3375
f 604/780/3376 605/781/3377 635/796/3378
f 635/796/3379 636/795/3380 604/780/3381
f 637/811/3382 600/775/3383 602/778/3384
f 602/778/3385 638/812/3386 637/811/3387
f 638/812/3388 602/778/3389 604/780/3390
f 604/780/3391 636/795/3392 638/812/3393
f 649/787/3394 653/833/3395 644/834/3396
f 644/834/3397 599/788/3398 649/787/3399
f 598/835/3400 641/836/3401 642/794/3402
f 642/794/3403 639/837/3404 598/835/3405
f 608/718/3406 640/672/3407 642/794/3408
f 642/794/3409 641/836/3410 608/718/3411
f 628/793/3412 609/798/3413 639/837/3414
f 639/837/3415 642/794/3416 628/793/3417
f 655/838/3418 645/839/3419 646/790/3420
f 646/790/3421 643/789/3422 655/838/3423
f 655/838/3424 643/789/3425 644/834/3426
f 644/834/3427 653/833/3428 655/838/3429
f 598/835/3430 639/837/3431 646/790/3432
f 646/790/3433 645/839/3434 598/835/3435
f 646/790/3436 639/837/3437 609/798/3438
f 609/798/3439 606/791/3440 646/790/3441
f 635/796/3442 605/781/3443 599/788/3444
f 599/788/3445 644/834/3446 635/796/3447
f 607/792/3448 635/796/3449 644/834/3450
f 644/834/3451 643/789/3452 607/792/3453
f 980/840/3454 648/841/3455 657/842/3456
f 657/842/3457 647/843/3458 980/840/3459
f 560/725/3460 651/844/3461 652/845/3462
f 560/725/3463 556/729/3464 654/846/3465
f 654/847/3466 556/730/3467 566/733/3468
f 566/733/3469 661/848/3470 654/847/3471
f 645/839/3472 655/838/3473 659/849/3474
f 659/849/3475 660/850/3476 645/839/3477
f 652/851/3478 651/852/3479 660/853/3480
f 660/853/3481 659/854/3482 652/851/3483
f 657/855/3484 650/786/3485 973/825/3486
f 973/825/3487 647/856/3488 657/855/3489
f 648/841/3490 656/857/3491 658/858/3492
f 658/858/3493 657/842/3494 648/841/3495
f 649/787/3496 650/786/3497 657/855/3498
f 657/855/3499 658/859/3500 649/787/3501
f 660/853/3502 651/852/3503 654/847/3504
f 654/847/3505 661/848/3506 660/853/3507
f 658/858/3508 656/857/3509 652/851/3510
f 652/851/3511 659/854/3512 658/858/3513
f 560/725/3514 648/860/3515 980/861/3516
f 980/861/3517 893/746/3518 560/725/3519
f 560/725/3520 656/862/3521 648/860/3522
f 651/844/3523 560/725/3524 654/846/3525
f 656/862/3526 560/725/3527 652/845/3528
f 649/787/3529 658/859/3530 653/833/3531
f 598/835/3532 645/839/3533 660/850/3534
f 608/718/3535 641/836/3536 661/863/3537
f 661/863/3538 566/750/3539 608/718/3540
f 601/822/3541 622/776/3542 696/864/3543
f 696/864/3544 984/865/3545 601/822/3546
f 622/776/3547 600/775/3548 695/866/3549
f 662/806/3550 694/867/3551 600/775/3552
f 600/775/3553 637/811/3554 662/806/3555
f 637/811/3556 618/810/3557 663/807/3558
f 663/807/3559 662/806/3560 637/811/3561
f 618/810/3562 633/815/3563 664/868/3564
f 664/868/3565 663/807/3566 618/810/3567
f 633/815/3568 617/814/3569 665/869/3570
f 665/869/3571 664/868/3572 633/815/3573
f 617/814/3574 631/830/3575 666/870/3576
f 666/870/3577 665/869/3578 617/814/3579
f 631/830/3580 616/708/3581 667/754/3582
f 667/754/3583 666/870/3584 631/830/3585
f 669/808/3586 663/807/3587 664/868/3588
f 664/868/3589 670/871/3590 669/808/3591
f 664/868/3592 665/869/3593 671/872/3594
f 671/872/3595 670/871/3596 664/868/3597
f 665/869/3598 666/870/3599 672/873/3600
f 672/873/3601 671/872/3602 665/869/3603
f 666/870/3604 667/754/3605 673/758/3606
f 673/758/3607 672/873/3608 666/870/3609
f 668/874/3610 669/808/3611 677/875/3612
f 677/875/3613 676/803/3614 668/874/3615
f 677/875/3616 669/808/3617 670/871/3618
f 670/871/3619 678/876/3620 677/875/3621
f 670/871/3622 671/872/3623 679/877/3624
f 679/877/3625 678/876/3626 670/871/3627
f 679/877/3628 671/872/3629 672/873/3630
f 672/873/3631 680/878/3632 679/877/3633
f 672/873/3634 673/758/3635 595/765/3636
f 595/765/3637 680/878/3638 672/873/3639
f 674/879/3640 627/771/3641 620/821/3642
f 620/821/3643 621/880/3644 674/879/3645
f 674/879/3646 675/804/3647 681/772/3648
f 681/772/3649 627/771/3650 674/879/3651
f 675/804/3652 676/803/3653 682/818/3654
f 682/818/3655 681/772/3656 675/804/3657
f 676/803/3658 677/875/3659 683/881/3660
f 683/881/3661 682/818/3662 676/803/3663
f 677/875/3664 678/876/3665 684/770/3666
f 684/770/3667 683/881/3668 677/875/3669
f 678/876/3670 679/877/3671 685/828/3672
f 685/828/3673 684/770/3674 678/876/3675
f 679/877/3676 680/878/3677 686/832/3678
f 686/832/3679 685/828/3680 679/877/3681
f 680/878/3682 595/765/3683 687/709/3684
f 687/709/3685 686/832/3686 680/878/3687
f 555/714/3688 562/744/3689 551/664/3690
f 555/714/3691 563/735/3692 562/744/3693
f 653/833/3694 659/849/3695 655/838/3696
f 653/833/3697 658/859/3698 659/849/3699
f 509/715/3700 564/734/3701 547/720/3702
f 509/715/3703 565/749/3704 564/734/3705
f 598/835/3706 661/863/3707 641/836/3708
f 598/835/3709 660/850/3710 661/863/3711
f 689/882/3712 688/805/3713 675/804/3714
f 675/804/3715 674/879/3716 689/882/3717
f 998/883/3718 689/882/3719 674/879/3720
f 674/879/3721 621/880/3722 998/883/3723
f 690/802/3724 691/884/3725 668/874/3726
f 668/874/3727 676/803/3728 690/802/3729
f 692/809/3730 668/874/3731 691/884/3732
f 693/885/3733 662/806/3734 692/809/3735
f 694/867/3736 662/806/3737 693/885/3738
f 622/776/3739 695/866/3740 696/864/3741
f 669/808/3742 668/874/3743 692/809/3744
f 600/775/3745 694/867/3746 695/866/3747
f 698/886/3748 697/887/3749 984/888/3750
f 984/888/3751 696/889/3752 698/886/3753
f 699/890/3754 698/886/3755 696/889/3756
f 696/889/3757 695/891/3758 699/890/3759
f 700/892/3760 699/890/3761 695/891/3762
f 695/891/3763 694/893/3764 700/892/3765
f 701/894/3766 700/892/3767 694/893/3768
f 694/893/3769 693/895/3770 701/894/3771
f 702/896/3772 701/894/3773 693/895/3774
f 693/895/3775 692/897/3776 702/896/3777
f 703/898/3778 702/896/3779 692/897/3780
f 692/897/3781 691/899/3782 703/898/3783
f 704/900/3784 703/898/3785 691/899/3786
f 691/899/3787 690/901/3788 704/900/3789
f 705/902/3790 704/900/3791 690/901/3792
f 690/901/3793 688/903/3794 705/902/3795
f 706/904/3796 705/902/3797 688/903/3798
f 688/903/3799 689/905/3800 706/904/3801
f 707/906/3802 706/904/3803 689/905/3804
f 689/905/3805 998/907/3806 707/906/3807
f 713/908/3808 968/909/3809 967/910/3810
f 967/910/3811 709/911/3812 713/908/3813
f 719/912/3814 708/913/3815 713/908/3816
f 713/908/3817 720/914/3818 719/912/3819
f 714/915/3820 787/916/3821 969/917/3822
f 969/917/3823 715/918/3824 714/915/3825
f 715/918/3826 969/917/3827 970/919/3828
f 970/919/3829 716/920/3830 715/918/3831
f 716/920/3832 970/919/3833 711/921/3834
f 711/921/3835 717/922/3836 716/920/3837
f 717/922/3838 711/921/3839 710/923/3840
f 710/923/3841 718/924/3842 717/922/3843
f 720/914/3844 713/908/3845 709/911/3846
f 709/911/3847 721/925/3848 720/914/3849
f 721/925/3850 709/911/3851 714/915/3852
f 714/915/3853 722/926/3854 721/925/3855
f 722/926/3856 714/915/3857 715/918/3858
f 715/918/3859 723/927/3860 722/926/3861
f 723/927/3862 715/918/3863 716/920/3864
f 716/920/3865 724/928/3866 723/927/3867
f 724/928/3868 716/920/3869 717/922/3870
f 717/922/3871 725/929/3872 724/928/3873
f 725/929/3874 717/922/3875 718/924/3876
f 718/924/3877 834/930/3878 725/929/3879
f 835/931/3880 727/932/3881 971/933/3882
f 971/933/3883 728/934/3884 835/931/3885
f 736/935/3886 735/936/3887 830/937/3888
f 830/937/3889 831/938/3890 736/935/3891
f 735/936/3892 734/939/3893 729/940/3894
f 729/940/3895 830/937/3896 735/936/3897
f 832/941/3898 737/942/3899 736/935/3900
f 736/935/3901 831/938/3902 832/941/3903
f 738/943/3904 833/944/3905 726/945/3906
f 726/945/3907 822/946/3908 738/943/3909
f 734/939/3910 733/947/3911 728/934/3912
f 728/934/3913 729/940/3914 734/939/3915
f 751/948/3916 829/949/3917 730/950/3918
f 730/950/3919 858/951/3920 751/948/3921
f 742/952/3922 743/953/3923 857/954/3924
f 857/954/3925 731/955/3926 742/952/3927
f 761/956/3928 801/957/3929 742/952/3930
f 742/952/3931 731/955/3932 761/956/3933
f 743/953/3934 751/948/3935 858/951/3936
f 858/951/3937 857/954/3938 743/953/3939
f 824/958/3940 756/959/3941 750/960/3942
f 750/960/3943 823/961/3944 824/958/3945
f 825/962/3946 755/963/3947 756/959/3948
f 756/959/3949 824/958/3950 825/962/3951
f 826/964/3952 754/965/3953 755/963/3954
f 755/963/3955 825/962/3956 826/964/3957
f 827/966/3958 753/967/3959 754/965/3960
f 754/965/3961 826/964/3962 827/966/3963
f 828/968/3964 752/969/3965 753/967/3966
f 753/967/3967 827/966/3968 828/968/3969
f 829/949/3970 751/948/3971 752/969/3972
f 752/969/3973 828/968/3974 829/949/3975
f 749/970/3976 996/971/3977 997/972/3978
f 997/972/3979 621/973/3980 749/970/3981
f 993/974/3982 747/975/3983 992/976/3984
f 783/977/3985 793/978/3986 988/979/3987
f 988/979/3988 989/980/3989 783/977/3990
f 739/981/3991 746/982/3992 745/983/3993
f 745/983/3994 740/984/3995 739/981/3996
f 797/985/3997 740/984/3998 741/986/3999
f 741/986/4000 786/987/4001 797/985/4002
f 740/984/4003 745/983/4004 744/988/4005
f 744/988/4006 741/986/4007 740/984/4008
f 741/986/4009 744/988/4010 743/953/4011
f 743/953/4012 742/952/4013 741/986/4014
f 744/988/4015 752/969/4016 751/948/4017
f 751/948/4018 743/953/4019 744/988/4020
f 745/983/4021 753/967/4022 752/969/4023
f 752/969/4024 744/988/4025 745/983/4026
f 746/982/4027 754/965/4028 753/967/4029
f 753/967/4030 745/983/4031 746/982/4032
f 747/975/4033 755/963/4034 754/965/4035
f 754/965/4036 746/982/4037 747/975/4038
f 748/989/4039 756/959/4040 755/963/4041
f 755/963/4042 747/975/4043 748/989/4044
f 749/970/4045 750/960/4046 756/959/4047
f 756/959/4048 748/989/4049 749/970/4050
f 749/970/4051 621/973/4052 620/990/4053
f 620/990/4054 750/960/4055 749/970/4056
f 809/991/4057 980/992/4058 647/993/4059
f 647/993/4060 805/994/4061 809/991/4062
f 771/995/4063 770/996/4064 807/997/4065
f 807/997/4066 806/998/4067 771/995/4068
f 771/995/4069 806/998/4070 808/999/4071
f 808/999/4072 774/1000/4073 771/995/4074
f 808/999/4075 505/1001/4076 603/1002/4077
f 603/1002/4078 790/1003/4079 808/999/4080
f 790/1003/4081 791/1004/4082 778/1005/4083
f 778/1005/4084 777/1006/4085 790/1003/4086
f 778/1005/4087 791/1004/4088 792/1007/4089
f 792/1007/4090 779/1008/4091 778/1005/4092
f 986/1009/4093 779/1008/4094 792/1007/4095
f 792/1007/4096 985/1010/4097 986/1009/4098
f 981/1011/4099 814/1012/4100 760/1013/4101
f 815/1014/4102 767/1015/4103 757/1016/4104
f 757/1016/4105 770/996/4106 815/1014/4107
f 981/1011/4108 813/1017/4109 759/1018/4110
f 813/1019/4111 768/1020/4112 765/1021/4113
f 765/1021/4114 759/1022/4115 813/1019/4116
f 786/987/4117 801/957/4118 802/1023/4119
f 802/1023/4120 785/1024/4121 786/987/4122
f 785/1024/4123 802/1023/4124 803/1025/4125
f 803/1025/4126 784/1026/4127 785/1024/4128
f 784/1026/4129 803/1025/4130 804/1027/4131
f 804/1027/4132 788/1028/4133 784/1026/4134
f 789/1029/4135 812/1030/4136 810/1031/4137
f 810/1031/4138 775/1032/4139 789/1029/4140
f 772/1033/4141 821/1034/4142 769/1035/4143
f 815/1014/4144 819/1036/4145 767/1015/4146
f 769/1037/4147 760/1038/4148 814/1039/4149
f 814/1039/4150 767/1040/4151 769/1037/4152
f 772/1033/4153 819/1036/4154 820/1041/4155
f 820/1041/4156 817/1042/4157 772/1033/4158
f 775/1032/4159 817/1042/4160 818/1043/4161
f 818/1043/4162 789/1029/4163 775/1032/4164
f 794/1044/4165 780/1045/4166 776/1046/4167
f 776/1046/4168 773/1047/4169 794/1044/4170
f 800/1048/4171 788/1028/4172 789/1029/4173
f 789/1029/4174 818/1043/4175 800/1048/4176
f 780/1045/4177 794/1044/4178 795/1049/4179
f 795/1049/4180 781/1050/4181 780/1045/4182
f 781/1050/4183 795/1049/4184 796/1051/4185
f 796/1051/4186 782/1052/4187 781/1050/4188
f 782/1052/4189 796/1051/4190 793/978/4191
f 793/978/4192 783/977/4193 782/1052/4194
f 788/1028/4195 800/1048/4196 798/1053/4197
f 798/1053/4198 784/1026/4199 788/1028/4200
f 784/1026/4201 798/1053/4202 799/1054/4203
f 799/1054/4204 785/1024/4205 784/1026/4206
f 786/987/4207 785/1024/4208 799/1054/4209
f 799/1054/4210 797/985/4211 786/987/4212
f 738/943/4213 737/942/4214 832/941/4215
f 832/941/4216 833/944/4217 738/943/4218
f 787/916/4219 714/915/4220 709/911/4221
f 709/911/4222 967/910/4223 787/916/4224
f 968/909/4225 713/908/4226 708/913/4227
f 708/913/4228 712/1055/4229 968/909/4230
f 721/925/4231 729/940/4232 728/934/4233
f 728/934/4234 720/914/4235 721/925/4236
f 728/934/4237 971/933/4238 719/912/4239
f 719/912/4240 720/914/4241 728/934/4242
f 727/932/4243 835/931/4244 836/1056/4245
f 836/1056/4246 972/1057/4247 727/932/4248
f 764/1058/4249 812/1030/4250 804/1027/4251
f 804/1027/4252 763/1059/4253 764/1058/4254
f 750/960/4255 620/990/4256 597/1060/4257
f 597/1060/4258 823/961/4259 750/960/4260
f 790/1003/4261 603/1002/4262 504/1061/4263
f 504/1061/4264 791/1004/4265 790/1003/4266
f 791/1004/4267 504/1061/4268 601/1062/4269
f 601/1062/4270 792/1007/4271 791/1004/4272
f 794/1044/4273 777/1006/4274 778/1005/4275
f 778/1005/4276 795/1049/4277 794/1044/4278
f 795/1049/4279 778/1005/4280 779/1008/4281
f 779/1008/4282 796/1051/4283 795/1049/4284
f 986/1009/4285 987/1063/4286 793/978/4287
f 793/978/4288 796/1051/4289 779/1008/4290
f 986/1009/4291 793/978/4292 779/1008/4293
f 793/978/4294 987/1063/4295 988/979/4296
f 800/1048/4297 780/1045/4298 781/1050/4299
f 781/1050/4300 798/1053/4301 800/1048/4302
f 781/1050/4303 782/1052/4304 799/1054/4305
f 799/1054/4306 798/1053/4307 781/1050/4308
f 782/1052/4309 783/977/4310 797/985/4311
f 797/985/4312 799/1054/4313 782/1052/4314
f 783/977/4315 739/981/4316 740/984/4317
f 740/984/4318 797/985/4319 783/977/4320
f 801/957/4321 761/956/4322 897/1064/4323
f 897/1064/4324 802/1023/4325 801/957/4326
f 802/1023/4327 897/1064/4328 762/1065/4329
f 762/1065/4330 803/1025/4331 802/1023/4332
f 803/1025/4333 762/1065/4334 763/1059/4335
f 763/1059/4336 804/1027/4337 803/1025/4338
f 786/987/4339 741/986/4340 742/952/4341
f 742/952/4342 801/957/4343 786/987/4344
f 805/1066/4345 647/1067/4346 973/1068/4347
f 973/1068/4348 807/997/4349 805/1066/4350
f 758/1069/4351 809/991/4352 805/994/4353
f 805/994/4354 757/1070/4355 758/1069/4356
f 807/997/4357 973/1068/4358 506/1071/4359
f 506/1071/4360 806/998/4361 807/997/4362
f 806/998/4363 506/1071/4364 505/1001/4365
f 505/1001/4366 808/999/4367 806/998/4368
f 770/996/4369 757/1016/4370 805/1066/4371
f 805/1066/4372 807/997/4373 770/996/4374
f 777/1006/4375 774/1000/4376 808/999/4377
f 808/999/4378 790/1003/4379 777/1006/4380
f 773/1047/4381 774/1000/4382 777/1006/4383
f 777/1006/4384 794/1044/4385 773/1047/4386
f 812/1030/4387 764/1058/4388 898/1072/4389
f 898/1072/4390 810/1031/4391 812/1030/4392
f 898/1072/4393 766/1073/4394 811/1074/4395
f 811/1074/4396 810/1031/4397 898/1072/4398
f 812/1030/4399 789/1029/4400 788/1028/4401
f 788/1028/4402 804/1027/4403 812/1030/4404
f 768/1075/4405 811/1074/4406 766/1073/4407
f 766/1073/4408 765/1076/4409 768/1075/4410
f 775/1032/4411 821/1034/4412 772/1033/4413
f 772/1033/4414 817/1042/4415 775/1032/4416
f 760/1038/4417 769/1037/4418 768/1020/4419
f 768/1020/4420 813/1019/4421 760/1038/4422
f 814/1039/4423 758/1069/4424 757/1070/4425
f 757/1070/4426 767/1040/4427 814/1039/4428
f 981/1011/4429 893/1077/4430 980/1078/4431
f 980/1078/4432 809/1079/4433 981/1011/4434
f 981/1011/4435 809/1079/4436 758/1080/4437
f 760/1013/4438 813/1017/4439 981/1011/4440
f 758/1080/4441 814/1012/4442 981/1011/4443
f 815/1014/4444 770/996/4445 771/995/4446
f 771/995/4447 816/1081/4448 815/1014/4449
f 773/1047/4450 816/1081/4451 771/995/4452
f 771/995/4453 774/1000/4454 773/1047/4455
f 817/1042/4456 820/1041/4457 776/1046/4458
f 776/1046/4459 818/1043/4460 817/1042/4461
f 818/1043/4462 776/1046/4463 780/1045/4464
f 780/1045/4465 800/1048/4466 818/1043/4467
f 819/1036/4468 815/1014/4469 816/1081/4470
f 816/1081/4471 820/1041/4472 819/1036/4473
f 820/1041/4474 816/1081/4475 773/1047/4476
f 773/1047/4477 776/1046/4478 820/1041/4479
f 775/1032/4480 810/1031/4481 811/1074/4482
f 811/1074/4483 821/1034/4484 775/1032/4485
f 736/935/4486 827/966/4487 826/964/4488
f 826/964/4489 735/936/4490 736/935/4491
f 737/942/4492 828/968/4493 827/966/4494
f 827/966/4495 736/935/4496 737/942/4497
f 738/943/4498 829/949/4499 828/968/4500
f 828/968/4501 737/942/4502 738/943/4503
f 822/946/4504 730/950/4505 829/949/4506
f 829/949/4507 738/943/4508 822/946/4509
f 733/947/4510 824/958/4511 823/961/4512
f 823/961/4513 732/1082/4514 733/947/4515
f 734/939/4516 825/962/4517 824/958/4518
f 824/958/4519 733/947/4520 734/939/4521
f 735/936/4522 826/964/4523 825/962/4524
f 825/962/4525 734/939/4526 735/936/4527
f 1040/1083/4528 732/1082/4529 823/961/4530
f 823/961/4531 597/1060/4532 1040/1083/4533
f 830/937/4534 729/940/4535 721/925/4536
f 721/925/4537 722/926/4538 830/937/4539
f 723/927/4540 831/938/4541 830/937/4542
f 830/937/4543 722/926/4544 723/927/4545
f 724/928/4546 832/941/4547 831/938/4548
f 831/938/4549 723/927/4550 724/928/4551
f 725/929/4552 833/944/4553 832/941/4554
f 832/941/4555 724/928/4556 725/929/4557
f 834/930/4558 726/945/4559 833/944/4560
f 833/944/4561 725/929/4562 834/930/4563
f 728/934/4564 733/947/4565 732/1082/4566
f 732/1082/4567 835/931/4568 728/934/4569
f 838/1084/4570 974/1085/4571 975/1086/4572
f 975/1086/4573 841/1087/4574 838/1084/4575
f 841/1087/4576 837/1088/4577 846/1089/4578
f 846/1089/4579 847/1090/4580 841/1087/4581
f 843/1091/4582 840/1092/4583 976/1093/4584
f 976/1093/4585 842/1094/4586 843/1091/4587
f 844/1095/4588 839/1096/4589 840/1092/4590
f 840/1092/4591 843/1091/4592 844/1095/4593
f 845/1097/4594 977/1098/4595 839/1096/4596
f 839/1096/4597 844/1095/4598 845/1097/4599
f 718/924/4600 710/923/4601 977/1098/4602
f 977/1098/4603 845/1097/4604 718/924/4605
f 848/1099/4606 838/1084/4607 841/1087/4608
f 841/1087/4609 847/1090/4610 848/1099/4611
f 849/1100/4612 842/1094/4613 838/1084/4614
f 838/1084/4615 848/1099/4616 849/1100/4617
f 850/1101/4618 843/1091/4619 842/1094/4620
f 842/1094/4621 849/1100/4622 850/1101/4623
f 851/1102/4624 844/1095/4625 843/1091/4626
f 843/1091/4627 850/1101/4628 851/1102/4629
f 852/1103/4630 845/1097/4631 844/1095/4632
f 844/1095/4633 851/1102/4634 852/1103/4635
f 834/930/4636 718/924/4637 845/1097/4638
f 845/1097/4639 852/1103/4640 834/930/4641
f 854/1104/4642 853/1105/4643 978/1106/4644
f 978/1106/4645 966/1107/4646 854/1104/4647
f 863/1108/4648 963/1109/4649 962/1110/4650
f 962/1110/4651 862/1111/4652 863/1108/4653
f 862/1111/4654 962/1110/4655 855/1112/4656
f 855/1112/4657 861/1113/4658 862/1111/4659
f 964/1114/4660 963/1109/4661 863/1108/4662
f 863/1108/4663 864/1115/4664 964/1114/4665
f 865/1116/4666 822/946/4667 726/945/4668
f 726/945/4669 965/1117/4670 865/1116/4671
f 861/1113/4672 855/1112/4673 854/1104/4674
f 854/1104/4675 860/1118/4676 861/1113/4677
f 881/1119/4678 858/951/4679 730/950/4680
f 730/950/4681 961/1120/4682 881/1119/4683
f 872/1121/4684 731/955/4685 857/954/4686
f 857/954/4687 873/1122/4688 872/1121/4689
f 761/956/4690 731/955/4691 872/1121/4692
f 872/1121/4693 934/1123/4694 761/956/4695
f 873/1122/4696 857/954/4697 858/951/4698
f 858/951/4699 881/1119/4700 873/1122/4701
f 956/1124/4702 955/1125/4703 880/1126/4704
f 880/1126/4705 886/1127/4706 956/1124/4707
f 957/1128/4708 956/1124/4709 886/1127/4710
f 886/1127/4711 885/1129/4712 957/1128/4713
f 958/1130/4714 957/1128/4715 885/1129/4716
f 885/1129/4717 884/1131/4718 958/1130/4719
f 959/1132/4720 958/1130/4721 884/1131/4722
f 884/1131/4723 883/1133/4724 959/1132/4725
f 960/1134/4726 959/1132/4727 883/1133/4728
f 883/1133/4729 882/1135/4730 960/1134/4731
f 961/1120/4732 960/1134/4733 882/1135/4734
f 882/1135/4735 881/1119/4736 961/1120/4737
f 878/1136/4738 879/1137/4739 866/1138/4740
f 866/1138/4741 867/1139/4742 878/1136/4743
f 879/1137/4744 500/1140/4745 887/1141/4746
f 887/1141/4747 866/1138/4748 879/1137/4749
f 867/1139/4750 868/1142/4751 877/1143/4752
f 877/1143/4753 878/1136/4754 867/1139/4755
f 926/1144/4756 916/1145/4757 869/1146/4758
f 869/1146/4759 868/1142/4760 926/1144/4761
f 868/1142/4762 869/1146/4763 876/1147/4764
f 876/1147/4765 877/1143/4766 868/1142/4767
f 869/1146/4768 870/1148/4769 875/1149/4770
f 875/1149/4771 876/1147/4772 869/1146/4773
f 930/1150/4774 919/1151/4775 871/1152/4776
f 871/1152/4777 870/1148/4778 930/1150/4779
f 870/1148/4780 871/1152/4781 874/1153/4782
f 874/1153/4783 875/1149/4784 870/1148/4785
f 871/1152/4786 872/1121/4787 873/1122/4788
f 873/1122/4789 874/1153/4790 871/1152/4791
f 874/1153/4792 873/1122/4793 881/1119/4794
f 881/1119/4795 882/1135/4796 874/1153/4797
f 875/1149/4798 874/1153/4799 882/1135/4800
f 882/1135/4801 883/1133/4802 875/1149/4803
f 876/1147/4804 875/1149/4805 883/1133/4806
f 883/1133/4807 884/1131/4808 876/1147/4809
f 877/1143/4810 876/1147/4811 884/1131/4812
f 884/1131/4813 885/1129/4814 877/1143/4815
f 878/1136/4816 877/1143/4817 885/1129/4818
f 885/1129/4819 886/1127/4820 878/1136/4821
f 879/1137/4822 878/1136/4823 886/1127/4824
f 886/1127/4825 880/1126/4826 879/1137/4827
f 880/1126/4828 499/1154/4829 500/1140/4830
f 500/1140/4831 879/1137/4832 880/1126/4833
f 549/1155/4834 982/1156/4835 942/1157/4836
f 942/1157/4837 938/1158/4838 549/1155/4839
f 903/1159/4840 939/1160/4841 940/1161/4842
f 940/1161/4843 902/1162/4844 903/1159/4845
f 903/1159/4846 906/1163/4847 941/1164/4848
f 941/1164/4849 939/1160/4850 903/1159/4851
f 923/1165/4852 889/1166/4853 888/1167/4854
f 888/1167/4855 941/1164/4856 923/1165/4857
f 923/1165/4858 909/1168/4859 910/1169/4860
f 910/1169/4861 924/1170/4862 923/1165/4863
f 910/1169/4864 911/1171/4865 925/1172/4866
f 925/1172/4867 924/1170/4868 910/1169/4869
f 911/1171/4870 912/1173/4871 922/1174/4872
f 922/1174/4873 925/1172/4874 911/1171/4875
f 981/1011/4876 896/1175/4877 947/1176/4878
f 948/1177/4879 902/1162/4880 894/1178/4881
f 894/1178/4882 899/1179/4883 948/1177/4884
f 981/1011/4885 759/1018/4886 946/1180/4887
f 900/1181/4888 946/1182/4889 759/1022/4890
f 759/1022/4891 765/1021/4892 900/1181/4893
f 919/1151/4894 918/1183/4895 935/1184/4896
f 935/1184/4897 934/1123/4898 919/1151/4899
f 918/1183/4900 917/1185/4901 936/1186/4902
f 936/1186/4903 935/1184/4904 918/1183/4905
f 917/1185/4906 920/1187/4907 937/1188/4908
f 937/1188/4909 936/1186/4910 917/1185/4911
f 921/1189/4912 907/1190/4913 943/1191/4914
f 943/1191/4915 945/1192/4916 921/1189/4917
f 944/1193/4918 954/1194/4919 900/1195/4920
f 904/1196/4921 952/1197/4922 901/1198/4923
f 896/1199/4924 901/1200/4925 899/1201/4926
f 899/1201/4927 947/1202/4928 896/1199/4929
f 904/1196/4930 950/1203/4931 953/1204/4932
f 953/1204/4933 952/1197/4934 904/1196/4935
f 907/1190/4936 921/1189/4937 951/1205/4938
f 951/1205/4939 950/1203/4940 907/1190/4941
f 927/1206/4942 905/1207/4943 908/1208/4944
f 908/1208/4945 913/1209/4946 927/1206/4947
f 933/1210/4948 951/1205/4949 921/1189/4950
f 921/1189/4951 920/1187/4952 933/1210/4953
f 913/1209/4954 914/1211/4955 928/1212/4956
f 928/1212/4957 927/1206/4958 913/1209/4959
f 914/1211/4960 915/1213/4961 929/1214/4962
f 929/1214/4963 928/1212/4964 914/1211/4965
f 915/1213/4966 916/1145/4967 926/1144/4968
f 926/1144/4969 929/1214/4970 915/1213/4971
f 920/1187/4972 917/1185/4973 931/1215/4974
f 931/1215/4975 933/1210/4976 920/1187/4977
f 917/1185/4978 918/1183/4979 932/1216/4980
f 932/1216/4981 931/1215/4982 917/1185/4983
f 919/1151/4984 930/1150/4985 932/1216/4986
f 932/1216/4987 918/1183/4988 919/1151/4989
f 865/1116/4990 965/1117/4991 964/1114/4992
f 964/1114/4993 864/1115/4994 865/1116/4995
f 974/1085/4996 838/1084/4997 842/1094/4998
f 842/1094/4999 976/1093/5000 974/1085/5001
f 975/1086/5002 983/1217/5003 837/1088/5004
f 837/1088/5005 841/1087/5006 975/1086/5007
f 848/1099/5008 847/1090/5009 854/1104/5010
f 854/1104/5011 855/1112/5012 848/1099/5013
f 847/1090/5014 846/1089/5015 853/1105/5016
f 853/1105/5017 854/1104/5018 847/1090/5019
f 966/1107/5020 978/1106/5021 856/1218/5022
f 856/1218/5023 979/1219/5024 966/1107/5025
f 912/1173/5026 867/1139/5027 866/1138/5028
f 866/1138/5029 922/1174/5030 912/1173/5031
f 764/1058/5032 763/1059/5033 937/1188/5034
f 937/1188/5035 945/1192/5036 764/1058/5037
f 955/1125/5038 497/1220/5039 499/1154/5040
f 499/1154/5041 880/1126/5042 955/1125/5043
f 924/1170/5044 890/1221/5045 889/1166/5046
f 889/1166/5047 923/1165/5048 924/1170/5049
f 925/1172/5050 891/1222/5051 890/1221/5052
f 890/1221/5053 924/1170/5054 925/1172/5055
f 922/1174/5056 892/1223/5057 891/1222/5058
f 891/1222/5059 925/1172/5060 922/1174/5061
f 866/1138/5062 887/1141/5063 892/1223/5064
f 892/1223/5065 922/1174/5066 866/1138/5067
f 927/1206/5068 928/1212/5069 910/1169/5070
f 910/1169/5071 909/1168/5072 927/1206/5073
f 928/1212/5074 929/1214/5075 911/1171/5076
f 911/1171/5077 910/1169/5078 928/1212/5079
f 929/1214/5080 926/1144/5081 912/1173/5082
f 912/1173/5083 911/1171/5084 929/1214/5085
f 926/1144/5086 868/1142/5087 867/1139/5088
f 867/1139/5089 912/1173/5090 926/1144/5091
f 933/1210/5092 931/1215/5093 914/1211/5094
f 914/1211/5095 913/1209/5096 933/1210/5097
f 914/1211/5098 931/1215/5099 932/1216/5100
f 932/1216/5101 915/1213/5102 914/1211/5103
f 915/1213/5104 932/1216/5105 930/1150/5106
f 930/1150/5107 916/1145/5108 915/1213/5109
f 916/1145/5110 930/1150/5111 870/1148/5112
f 870/1148/5113 869/1146/5114 916/1145/5115
f 934/1123/5116 935/1184/5117 897/1064/5118
f 897/1064/5119 761/956/5120 934/1123/5121
f 935/1184/5122 936/1186/5123 762/1065/5124
f 762/1065/5125 897/1064/5126 935/1184/5127
f 936/1186/5128 937/1188/5129 763/1059/5130
f 763/1059/5131 762/1065/5132 936/1186/5133
f 919/1151/5134 934/1123/5135 872/1121/5136
f 872/1121/5137 871/1152/5138 919/1151/5139
f 940/1161/5140 498/1224/5141 549/1225/5142
f 549/1225/5143 938/1226/5144 940/1161/5145
f 938/1158/5146 942/1157/5147 895/1227/5148
f 895/1227/5149 894/1228/5150 938/1158/5151
f 939/1160/5152 515/1229/5153 498/1224/5154
f 498/1224/5155 940/1161/5156 939/1160/5157
f 941/1164/5158 888/1167/5159 515/1229/5160
f 515/1229/5161 939/1160/5162 941/1164/5163
f 902/1162/5164 940/1161/5165 938/1226/5166
f 938/1226/5167 894/1178/5168 902/1162/5169
f 909/1168/5170 923/1165/5171 941/1164/5172
f 941/1164/5173 906/1163/5174 909/1168/5175
f 905/1207/5176 927/1206/5177 909/1168/5178
f 909/1168/5179 906/1163/5180 905/1207/5181
f 945/1192/5182 943/1191/5183 898/1072/5184
f 898/1072/5185 764/1058/5186 945/1192/5187
f 898/1072/5188 943/1191/5189 944/1193/5190
f 944/1193/5191 766/1073/5192 898/1072/5193
f 945/1192/5194 937/1188/5195 920/1187/5196
f 920/1187/5197 921/1189/5198 945/1192/5199
f 765/1076/5200 766/1073/5201 944/1193/5202
f 944/1193/5203 900/1195/5204 765/1076/5205
f 907/1190/5206 950/1203/5207 904/1196/5208
f 904/1196/5209 954/1194/5210 907/1190/5211
f 901/1200/5212 896/1199/5213 946/1182/5214
f 946/1182/5215 900/1181/5216 901/1200/5217
f 947/1202/5218 899/1201/5219 894/1228/5220
f 894/1228/5221 895/1227/5222 947/1202/5223
f 982/1230/5224 893/1077/5225 981/1011/5226
f 981/1011/5227 942/1231/5228 982/1230/5229
f 981/1011/5230 895/1232/5231 942/1231/5232
f 946/1180/5233 896/1175/5234 981/1011/5235
f 947/1176/5236 895/1232/5237 981/1011/5238
f 948/1177/5239 949/1233/5240 903/1159/5241
f 903/1159/5242 902/1162/5243 948/1177/5244
f 905/1207/5245 906/1163/5246 903/1159/5247
f 903/1159/5248 949/1233/5249 905/1207/5250
f 950/1203/5251 951/1205/5252 908/1208/5253
f 908/1208/5254 953/1204/5255 950/1203/5256
f 951/1205/5257 933/1210/5258 913/1209/5259
f 913/1209/5260 908/1208/5261 951/1205/5262
f 952/1197/5263 953/1204/5264 949/1233/5265
f 949/1233/5266 948/1177/5267 952/1197/5268
f 953/1204/5269 908/1208/5270 905/1207/5271
f 905/1207/5272 949/1233/5273 953/1204/5274
f 907/1190/5275 954/1194/5276 944/1193/5277
f 944/1193/5278 943/1191/5279 907/1190/5280
f 863/1108/5281 862/1111/5282 958/1130/5283
f 958/1130/5284 959/1132/5285 863/1108/5286
f 864/1115/5287 863/1108/5288 959/1132/5289
f 959/1132/5290 960/1134/5291 864/1115/5292
f 865/1116/5293 864/1115/5294 960/1134/5295
f 960/1134/5296 961/1120/5297 865/1116/5298
f 822/946/5299 865/1116/5300 961/1120/5301
f 961/1120/5302 730/950/5303 822/946/5304
f 860/1118/5305 859/1234/5306 955/1125/5307
f 955/1125/5308 956/1124/5309 860/1118/5310
f 861/1113/5311 860/1118/5312 956/1124/5313
f 956/1124/5314 957/1128/5315 861/1113/5316
f 862/1111/5317 861/1113/5318 957/1128/5319
f 957/1128/5320 958/1130/5321 862/1111/5322
f 1042/1235/5323 859/1234/5324 1041/1236/5325
f 962/1110/5326 849/1100/5327 848/1099/5328
f 848/1099/5329 855/1112/5330 962/1110/5331
f 850/1101/5332 849/1100/5333 962/1110/5334
f 962/1110/5335 963/1109/5336 850/1101/5337
f 851/1102/5338 850/1101/5339 963/1109/5340
f 963/1109/5341 964/1114/5342 851/1102/5343
f 852/1103/5344 851/1102/5345 964/1114/5346
f 964/1114/5347 965/1117/5348 852/1103/5349
f 834/930/5350 852/1103/5351 965/1117/5352
f 965/1117/5353 726/945/5354 834/930/5355
f 854/1104/5356 966/1107/5357 859/1234/5358
f 859/1234/5359 860/1118/5360 854/1104/5361
f 1041/1236/5362 859/1234/5363 966/1107/5364
f 966/1107/5365 979/1219/5366 1041/1236/5367
f 954/1194/5368 904/1196/5369 901/1198/5370
f 954/1194/5371 901/1198/5372 900/1195/5373
f 952/1197/5374 899/1179/5375 901/1198/5376
f 952/1197/5377 948/1177/5378 899/1179/5379
f 821/1034/5380 811/1074/5381 768/1075/5382
f 821/1034/5383 768/1075/5384 769/1035/5385
f 819/1036/5386 772/1033/5387 769/1035/5388
f 819/1036/5389 769/1035/5390 767/1015/5391
f 783/977/5392 989/980/5393 990/1237/5394
f 990/1237/5395 739/981/5396 783/977/5397
f 991/1238/5398 739/981/5399 990/1237/5400
f 992/976/5401 746/982/5402 991/1238/5403
f 994/1239/5404 748/989/5405 993/974/5406
f 996/971/5407 749/970/5408 995/1240/5409
f 998/1241/5410 621/973/5411 997/972/5412
f 984/1242/5413 985/1010/5414 792/1007/5415
f 792/1007/5416 601/1062/5417 984/1242/5418
f 992/976/5419 747/975/5420 746/982/5421
f 993/974/5422 748/989/5423 747/975/5424
f 749/970/5425 748/989/5426 995/1240/5427
f 748/989/5428 994/1239/5429 995/1240/5430
f 746/982/5431 739/981/5432 991/1238/5433
f 999/1243/5434 707/1244/5435 998/1245/5436
f 998/1245/5437 997/1246/5438 999/1243/5439
f 1000/1247/5440 999/1243/5441 997/1246/5442
f 997/1246/5443 996/1248/5444 1000/1247/5445
f 1001/1249/5446 1000/1247/5447 996/1248/5448
f 996/1248/5449 995/1250/5450 1001/1249/5451
f 1002/1251/5452 1001/1249/5453 995/1250/5454
f 995/1250/5455 994/1252/5456 1002/1251/5457
f 1003/1253/5458 1002/1251/5459 994/1252/5460
f 994/1252/5461 993/1254/5462 1003/1253/5463
f 1004/1255/5464 1003/1253/5465 993/1254/5466
f 993/1254/5467 992/1256/5468 1004/1255/5469
f 1005/1257/5470 1004/1255/5471 992/1256/5472
f 992/1256/5473 991/1258/5474 1005/1257/5475
f 1006/1259/5476 1005/1257/5477 991/1258/5478
f 991/1258/5479 990/1260/5480 1006/1259/5481
f 1007/1261/5482 1006/1259/5483 990/1260/5484
f 990/1260/5485 989/1262/5486 1007/1261/5487
f 1008/1263/5488 1007/1261/5489 989/1262/5490
f 989/1262/5491 988/1264/5492 1008/1263/5493
f 1009/1265/5494 1008/1263/5495 988/1264/5496
f 988/1264/5497 987/1266/5498 1009/1265/5499
f 1010/1267/5500 1009/1265/5501 987/1266/5502
f 987/1266/5503 986/1268/5504 1010/1267/5505
f 1011/1269/5506 1010/1267/5507 986/1268/5508
f 986/1268/5509 985/1270/5510 1011/1269/5511
f 697/1271/5512 1011/1269/5513 985/1270/5514
f 985/1270/5515 984/1272/5516 697/1271/5517
f 967/1273/5518 968/1274/5519 1019/1275/5520
f 1019/1275/5521 1018/1276/5522 967/1273/5523
f 969/1277/5524 787/1278/5525 1015/1279/5526
f 1015/1279/5527 1020/1280/5528 969/1277/5529
f 970/1281/5530 969/1277/5531 1020/1280/5532
f 1020/1280/5533 1021/1282/5534 970/1281/5535
f 711/1283/5536 970/1281/5537 1021/1282/5538
f 1021/1282/5539 1013/1284/5540 711/1283/5541
f 710/1285/5542 711/1283/5543 1013/1284/5544
f 1013/1284/5545 1012/1286/5546 710/1285/5547
f 787/1278/5548 967/1273/5549 1018/1276/5550
f 1018/1276/5551 1015/1279/5552 787/1278/5553
f 968/1274/5554 712/1287/5555 1014/1288/5556
f 1014/1288/5557 1019/1275/5558 968/1274/5559
f 975/1289/5560 974/1290/5561 1022/1291/5562
f 1022/1291/5563 1023/1292/5564 975/1289/5565
f 976/1293/5566 840/1294/5567 1017/1295/5568
f 1017/1295/5569 1024/1296/5570 976/1293/5571
f 840/1294/5572 839/1297/5573 1016/1298/5574
f 1016/1298/5575 1017/1295/5576 840/1294/5577
f 839/1297/5578 977/1299/5579 1025/1300/5580
f 1025/1300/5581 1016/1298/5582 839/1297/5583
f 977/1299/5584 710/1285/5585 1012/1286/5586
f 1012/1286/5587 1025/1300/5588 977/1299/5589
f 974/1290/5590 976/1293/5591 1024/1296/5592
f 1024/1296/5593 1022/1291/5594 974/1290/5595
f 983/1301/5596 975/1289/5597 1023/1292/5598
f 1023/1292/5599 1026/1302/5600 983/1301/5601
f 682/818/5602 683/881/5603 1027/1303/5604
f 1027/1303/5605 594/819/5606 682/818/5607
f 683/881/5608 684/770/5609 1031/769/5610
f 1031/769/5611 1027/1303/5612 683/881/5613
f 685/828/5614 1032/827/5615 684/770/5616
f 684/770/5617 1032/827/5618 1030/768/5619
f 593/710/5620 592/767/5621 1033/1304/5622
f 1033/1304/5623 501/711/5624 593/710/5625
f 591/766/5626 1035/1305/5627 1034/1306/5628
f 1034/1306/5629 592/767/5630 591/766/5631
f 1036/1307/5632 1035/1305/5633 591/766/5634
f 590/642/5635 1037/641/5636 1036/1307/5637
f 1036/1307/5638 591/766/5639 590/642/5640
f 588/644/5641 1038/695/5642 496/640/5643
f 496/640/5644 589/643/5645 588/644/5646
f 1034/1306/5647 1033/1304/5648 592/767/5649
f 732/1082/5650 1039/1308/5651 836/1056/5652
f 836/1056/5653 835/931/5654 732/1082/5655
f 732/1082/5656 1040/1083/5657 1039/1308/5658
f 859/1234/5659 1042/1235/5660 497/1220/5661
f 497/1220/5662 955/1125/5663 859/1234/5664
f 1018/1309/5665 1019/1310/5666 1043/1311/5667
f 1020/1312/5668 1015/1313/5669 1043/1314/5670
f 1021/1315/5671 1020/1316/5672 1043/1317/5673
f 1013/1318/5674 1021/1319/5675 1043/1320/5676
f 1012/1321/5677 1013/1322/5678 1043/1323/5679
f 1015/1324/5680 1018/1325/5681 1043/1326/5682
f 1019/1327/5683 1014/1328/5684 1043/1329/5685
f 1023/1330/5686 1022/1331/5687 1043/1332/5688
f 1024/1333/5689 1017/1334/5690 1043/1335/5691
f 1017/1336/5692 1016/1337/5693 1043/1338/5694
f 1016/1339/5695 1025/1340/5696 1043/1341/5697
f 1025/1342/5698 1012/1343/5699 1043/1344/5700
f 1022/1345/5701 1024/1346/5702 1043/1347/5703
f 1026/1348/5704 1023/1349/5705 1043/1350/5706
f 1064/1351/5707 1047/1352/5708 1235/1353/5709
f 1235/1353/5710 1234/1354/5711 1064/1351/5712
f 1064/1351/5713 1063/1355/5714 1236/1356/5715
f 1236/1356/5716 1047/1352/5717 1064/1351/5718
f 1051/1357/5719 1054/1358/5720 1123/1359/5721
f 1123/1359/5722 1126/1360/5723 1051/1357/5724
f 1104/1361/5725 1187/1362/5726 1276/1363/5727
f 1276/1363/5728 1282/1364/5729 1104/1361/5730
f 1080/1365/5731 1073/1366/5732 1053/1367/5733
f 1053/1367/5734 1077/1368/5735 1080/1365/5736
f 1123/1359/5737 1054/1358/5738 1079/1369/5739
f 1079/1369/5740 1127/1370/5741 1123/1359/5742
f 1063/1355/5743 1062/1371/5744 1238/1372/5745
f 1238/1372/5746 1236/1356/5747 1063/1355/5748
f 1062/1371/5749 1292/1373/5750 1271/1374/5751
f 1271/1374/5752 1238/1372/5753 1062/1371/5754
f 1109/1375/5755 1273/1376/5756 1289/1377/5757
f 1289/1377/5758 1106/1378/5759 1109/1375/5760
f 1110/1379/5761 1108/1380/5762 1291/1381/5763
f 1291/1381/5764 1283/1382/5765 1110/1379/5766
f 1109/1375/5767 1107/1383/5768 1290/1384/5769
f 1290/1384/5770 1273/1376/5771 1109/1375/5772
f 1108/1380/5773 1104/1361/5774 1282/1364/5775
f 1282/1364/5776 1291/1381/5777 1108/1380/5778
f 1078/1385/5779 1079/1369/5780 1110/1379/5781
f 1110/1379/5782 1107/1383/5783 1078/1385/5784
f 1064/1351/5785 1234/1354/5786 1307/1386/5787
f 1307/1386/5788 1306/1387/5789 1064/1351/5790
f 1068/1388/5791 1067/1389/5792 1062/1371/5793
f 1062/1371/5794 1063/1355/5795 1068/1388/5796
f 1068/1388/5797 1063/1355/5798 1064/1351/5799
f 1064/1351/5800 1306/1387/5801 1068/1388/5802
f 1066/1390/5803 1071/1391/5804 1095/1392/5805
f 1095/1392/5806 1094/1393/5807 1066/1390/5808
f 1069/1394/5809 1113/1395/5810 1116/1396/5811
f 1116/1396/5812 1096/1397/5813 1069/1394/5814
f 1068/1388/5815 1254/1398/5816 1065/1399/5817
f 1065/1399/5818 1067/1389/5819 1068/1388/5820
f 1070/1400/5821 1074/1401/5822 1072/1402/5823
f 1072/1402/5824 1048/1403/5825 1070/1400/5826
f 1096/1397/5827 1121/1404/5828 1120/1405/5829
f 1120/1405/5830 1069/1394/5831 1096/1397/5832
f 1053/1367/5833 1073/1366/5834 1074/1401/5835
f 1074/1401/5836 1070/1400/5837 1053/1367/5838
f 1058/1406/5839 1056/1407/5840 1125/1408/5841
f 1125/1408/5842 1128/1409/5843 1058/1406/5844
f 1076/1410/5845 1077/1368/5846 1053/1367/5847
f 1053/1367/5848 1075/1411/5849 1076/1410/5850
f 1085/1412/5851 1115/1413/5852 1114/1414/5853
f 1114/1414/5854 1044/1415/5855 1085/1412/5856
f 1102/1416/5857 1085/1412/5858 1044/1415/5859
f 1044/1415/5860 1099/1417/5861 1102/1416/5862
f 1135/1418/5863 1094/1393/5864 1095/1392/5865
f 1095/1392/5866 1087/1419/5867 1135/1418/5868
f 1095/1392/5869 1121/1404/5870 1088/1420/5871
f 1088/1420/5872 1087/1419/5873 1095/1392/5874
f 1096/1397/5875 1116/1396/5876 1118/1421/5877
f 1118/1421/5878 1103/1422/5879 1096/1397/5880
f 1101/1423/5881 1100/1424/5882 1082/1425/5883
f 1082/1425/5884 1093/1426/5885 1101/1423/5886
f 1102/1416/5887 1101/1423/5888 1093/1426/5889
f 1093/1426/5890 1092/1427/5891 1102/1416/5892
f 1100/1424/5893 1101/1423/5894 1243/1428/5895
f 1243/1428/5896 1045/1429/5897 1100/1424/5898
f 1243/1428/5899 1101/1423/5900 1102/1416/5901
f 1102/1416/5902 1099/1417/5903 1243/1428/5904
f 1091/1430/5905 1085/1412/5906 1102/1416/5907
f 1102/1416/5908 1092/1427/5909 1091/1430/5910
f 1085/1412/5911 1091/1430/5912 1090/1431/5913
f 1090/1431/5914 1081/1432/5915 1085/1412/5916
f 1081/1432/5917 1117/1433/5918 1115/1413/5919
f 1115/1413/5920 1085/1412/5921 1081/1432/5922
f 1083/1434/5923 1084/1435/5924 1376/1436/5925
f 1376/1436/5926 1086/1437/5927 1083/1434/5928
f 1103/1422/5929 1081/1432/5930 1090/1431/5931
f 1090/1431/5932 1089/1438/5933 1103/1422/5934
f 1103/1422/5935 1118/1421/5936 1117/1433/5937
f 1117/1433/5938 1081/1432/5939 1103/1422/5940
f 1098/1439/5941 1084/1435/5942 1083/1434/5943
f 1083/1434/5944 1097/1440/5945 1098/1439/5946
f 1090/1431/5947 1218/1441/5948 1220/1442/5949
f 1220/1442/5950 1089/1438/5951 1090/1431/5952
f 1088/1420/5953 1219/1443/5954 1221/1444/5955
f 1221/1444/5956 1087/1419/5957 1088/1420/5958
f 1089/1438/5959 1220/1442/5960 1219/1443/5961
f 1219/1443/5962 1088/1420/5963 1089/1438/5964
f 1087/1419/5965 1221/1444/5966 1225/1445/5967
f 1225/1445/5968 1135/1418/5969 1087/1419/5970
f 1052/1446/5971 1187/1362/5972 1104/1361/5973
f 1104/1361/5974 1051/1357/5975 1052/1446/5976
f 1274/1447/5977 1111/1448/5978 1106/1378/5979
f 1106/1378/5980 1289/1377/5981 1274/1447/5982
f 1109/1375/5983 1106/1378/5984 1056/1407/5985
f 1056/1407/5986 1058/1406/5987 1109/1375/5988
f 1054/1358/5989 1108/1380/5990 1110/1379/5991
f 1110/1379/5992 1079/1369/5993 1054/1358/5994
f 1107/1383/5995 1109/1375/5996 1058/1406/5997
f 1058/1406/5998 1078/1385/5999 1107/1383/6000
f 1051/1357/6001 1104/1361/6002 1108/1380/6003
f 1108/1380/6004 1054/1358/6005 1051/1357/6006
f 1107/1383/6007 1110/1379/6008 1283/1382/6009
f 1283/1382/6010 1290/1384/6011 1107/1383/6012
f 1293/1449/6013 1113/1395/6014 1112/1450/6015
f 1112/1450/6016 1292/1373/6017 1293/1449/6018
f 1296/1451/6019 1116/1396/6020 1113/1395/6021
f 1113/1395/6022 1293/1449/6023 1296/1451/6024
f 1115/1413/6025 1295/1452/6026 1294/1453/6027
f 1294/1453/6028 1114/1414/6029 1115/1413/6030
f 1298/1454/6031 1118/1421/6032 1116/1396/6033
f 1116/1396/6034 1296/1451/6035 1298/1454/6036
f 1295/1452/6037 1115/1413/6038 1117/1433/6039
f 1117/1433/6040 1297/1455/6041 1295/1452/6042
f 1297/1455/6043 1117/1433/6044 1118/1421/6045
f 1118/1421/6046 1298/1454/6047 1297/1455/6048
f 1071/1391/6049 1120/1405/6050 1121/1404/6051
f 1121/1404/6052 1095/1392/6053 1071/1391/6054
f 1089/1438/6055 1088/1420/6056 1121/1404/6057
f 1103/1422/6058 1089/1438/6059 1121/1404/6060
f 1103/1422/6061 1121/1404/6062 1096/1397/6063
f 1097/1440/6064 1065/1399/6065 1254/1398/6066
f 1098/1439/6067 1097/1440/6068 1254/1398/6069
f 1098/1439/6070 1254/1398/6071 1233/1456/6072
f 1126/1360/6073 1123/1359/6074 1076/1410/6075
f 1126/1360/6076 1076/1410/6077 1075/1411/6078
f 1122/1457/6079 1126/1360/6080 1075/1411/6081
f 1127/1370/6082 1124/1458/6083 1077/1368/6084
f 1127/1370/6085 1077/1368/6086 1076/1410/6087
f 1123/1359/6088 1127/1370/6089 1076/1410/6090
f 1128/1409/6091 1125/1408/6092 1080/1365/6093
f 1128/1409/6094 1080/1365/6095 1077/1368/6096
f 1124/1458/6097 1128/1409/6098 1077/1368/6099
f 1052/1446/6100 1051/1357/6101 1126/1360/6102
f 1126/1360/6103 1122/1457/6104 1052/1446/6105
f 1124/1458/6106 1127/1370/6107 1079/1369/6108
f 1079/1369/6109 1078/1385/6110 1124/1458/6111
f 1058/1406/6112 1128/1409/6113 1124/1458/6114
f 1124/1458/6115 1078/1385/6116 1058/1406/6117
f 1148/1459/6118 1130/1460/6119 1131/1461/6120
f 1131/1461/6121 1132/1462/6122 1148/1459/6123
f 1147/1463/6124 1148/1459/6125 1132/1462/6126
f 1132/1462/6127 1133/1464/6128 1147/1463/6129
f 1048/1403/6130 1049/1465/6131 1156/1466/6132
f 1156/1466/6133 1158/1467/6134 1048/1403/6135
f 1136/1468/6136 1213/1469/6137 1210/1470/6138
f 1210/1470/6139 1137/1471/6140 1136/1468/6141
f 1187/1362/6142 1186/1472/6143 1277/1473/6144
f 1277/1473/6145 1276/1363/6146 1187/1362/6147
f 1053/1367/6148 1159/1474/6149 1165/1475/6150
f 1165/1475/6151 1162/1476/6152 1053/1367/6153
f 1210/1470/6154 1214/1477/6155 1164/1478/6156
f 1164/1478/6157 1137/1471/6158 1210/1470/6159
f 1147/1463/6160 1133/1464/6161 1247/1479/6162
f 1247/1479/6163 1146/1480/6164 1147/1463/6165
f 1146/1480/6166 1247/1479/6167 1279/1481/6168
f 1279/1481/6169 1299/1482/6170 1146/1480/6171
f 1196/1483/6172 1188/1484/6173 1279/1481/6174
f 1279/1481/6175 1281/1485/6176 1196/1483/6177
f 1138/1486/6178 1150/1487/6179 1195/1488/6180
f 1195/1488/6181 1189/1489/6182 1138/1486/6183
f 1193/1490/6184 1189/1489/6185 1284/1491/6186
f 1284/1491/6187 1287/1492/6188 1193/1490/6189
f 1190/1493/6190 1195/1488/6191 1150/1487/6192
f 1150/1487/6193 1145/1494/6194 1190/1493/6195
f 1192/1495/6196 1194/1496/6197 1278/1497/6198
f 1278/1497/6199 1286/1498/6200 1192/1495/6201
f 1193/1490/6202 1287/1492/6203 1285/1499/6204
f 1285/1499/6205 1191/1500/6206 1193/1490/6207
f 1186/1472/6208 1192/1495/6209 1286/1498/6210
f 1286/1498/6211 1277/1473/6212 1186/1472/6213
f 1163/1501/6214 1191/1500/6215 1194/1496/6216
f 1194/1496/6217 1164/1478/6218 1163/1501/6219
f 1308/1502/6220 1166/1503/6221 1245/1504/6222
f 1245/1504/6223 1309/1505/6224 1308/1502/6225
f 1153/1506/6226 1154/1507/6227 1198/1508/6228
f 1198/1508/6229 1197/1509/6230 1153/1506/6231
f 1152/1510/6232 1147/1463/6233 1146/1480/6234
f 1146/1480/6235 1151/1511/6236 1152/1510/6237
f 1166/1503/6238 1308/1502/6239 1152/1510/6240
f 1152/1510/6241 1244/1512/6242 1166/1503/6243
f 1066/1390/6244 1094/1393/6245 1179/1513/6246
f 1179/1513/6247 1157/1514/6248 1066/1390/6249
f 1154/1507/6250 1180/1515/6251 1201/1516/6252
f 1201/1516/6253 1198/1508/6254 1154/1507/6255
f 1152/1510/6256 1151/1511/6257 1149/1517/6258
f 1149/1517/6259 1244/1512/6260 1152/1510/6261
f 1205/1518/6262 1208/1519/6263 1155/1520/6264
f 1155/1520/6265 1145/1494/6266 1205/1518/6267
f 1206/1521/6268 1207/1522/6269 1154/1507/6270
f 1154/1507/6271 1153/1506/6272 1206/1521/6273
f 1070/1400/6274 1048/1403/6275 1158/1467/6276
f 1158/1467/6277 1160/1523/6278 1070/1400/6279
f 1190/1493/6280 1196/1483/6281 1281/1485/6282
f 1281/1485/6283 1280/1524/6284 1190/1493/6285
f 1206/1521/6286 1204/1525/6287 1158/1467/6288
f 1158/1467/6289 1156/1466/6290 1206/1521/6291
f 1180/1515/6292 1154/1507/6293 1207/1522/6294
f 1207/1522/6295 1209/1526/6296 1180/1515/6297
f 1053/1367/6298 1070/1400/6299 1160/1523/6300
f 1160/1523/6301 1159/1474/6302 1053/1367/6303
f 1049/1465/6304 1066/1390/6305 1157/1514/6306
f 1157/1514/6307 1156/1466/6308 1049/1465/6309
f 1204/1525/6310 1208/1519/6311 1160/1523/6312
f 1160/1523/6313 1158/1467/6314 1204/1525/6315
f 1142/1527/6316 1215/1528/6317 1212/1529/6318
f 1212/1529/6319 1138/1486/6320 1142/1527/6321
f 1053/1367/6322 1162/1476/6323 1161/1530/6324
f 1161/1530/6325 1075/1411/6326 1053/1367/6327
f 1159/1474/6328 1205/1518/6329 1216/1531/6330
f 1216/1531/6331 1212/1529/6332 1165/1475/6333
f 1159/1474/6334 1216/1531/6335 1165/1475/6336
f 1200/1532/6337 1170/1533/6338 1129/1534/6339
f 1129/1534/6340 1199/1535/6341 1200/1532/6342
f 1170/1533/6343 1184/1536/6344 1252/1537/6345
f 1252/1537/6346 1129/1534/6347 1170/1533/6348
f 1179/1513/6349 1094/1393/6350 1135/1418/6351
f 1135/1418/6352 1172/1538/6353 1179/1513/6354
f 1209/1526/6355 1179/1513/6356 1172/1538/6357
f 1172/1538/6358 1173/1539/6359 1209/1526/6360
f 1180/1515/6361 1185/1540/6362 1203/1541/6363
f 1203/1541/6364 1201/1516/6365 1180/1515/6366
f 1100/1424/6367 1183/1542/6368 1178/1543/6369
f 1178/1543/6370 1082/1425/6371 1100/1424/6372
f 1183/1542/6373 1184/1536/6374 1177/1544/6375
f 1177/1544/6376 1178/1543/6377 1183/1542/6378
f 1100/1424/6379 1045/1429/6380 1251/1545/6381
f 1251/1545/6382 1183/1542/6383 1100/1424/6384
f 1183/1542/6385 1251/1545/6386 1252/1537/6387
f 1252/1537/6388 1184/1536/6389 1183/1542/6390
f 1184/1536/6391 1170/1533/6392 1176/1546/6393
f 1176/1546/6394 1177/1544/6395 1184/1536/6396
f 1170/1533/6397 1167/1547/6398 1175/1548/6399
f 1175/1548/6400 1176/1546/6401 1170/1533/6402
f 1167/1547/6403 1170/1533/6404 1200/1532/6405
f 1200/1532/6406 1202/1549/6407 1167/1547/6408
f 1375/1550/6409 1169/1551/6410 1168/1552/6411
f 1168/1552/6412 1171/1553/6413 1375/1550/6414
f 1185/1540/6415 1174/1554/6416 1175/1548/6417
f 1175/1548/6418 1167/1547/6419 1185/1540/6420
f 1185/1540/6421 1167/1547/6422 1202/1549/6423
f 1202/1549/6424 1203/1541/6425 1185/1540/6426
f 1182/1555/6427 1181/1556/6428 1168/1552/6429
f 1168/1552/6430 1169/1551/6431 1182/1555/6432
f 1174/1554/6433 1228/1557/6434 1226/1558/6435
f 1226/1558/6436 1175/1548/6437 1174/1554/6438
f 1172/1538/6439 1229/1559/6440 1227/1560/6441
f 1227/1560/6442 1173/1539/6443 1172/1538/6444
f 1173/1539/6445 1227/1560/6446 1228/1557/6447
f 1228/1557/6448 1174/1554/6449 1173/1539/6450
f 1135/1418/6451 1225/1445/6452 1229/1559/6453
f 1229/1559/6454 1172/1538/6455 1135/1418/6456
f 1052/1446/6457 1136/1468/6458 1186/1472/6459
f 1186/1472/6460 1187/1362/6461 1052/1446/6462
f 1155/1520/6463 1134/1561/6464 1188/1484/6465
f 1188/1484/6466 1196/1483/6467 1155/1520/6468
f 1189/1489/6469 1195/1488/6470 1288/1562/6471
f 1288/1562/6472 1284/1491/6473 1189/1489/6474
f 1193/1490/6475 1142/1527/6476 1138/1486/6477
f 1138/1486/6478 1189/1489/6479 1193/1490/6480
f 1195/1488/6481 1190/1493/6482 1280/1524/6483
f 1280/1524/6484 1288/1562/6485 1195/1488/6486
f 1137/1471/6487 1164/1478/6488 1194/1496/6489
f 1194/1496/6490 1192/1495/6491 1137/1471/6492
f 1191/1500/6493 1163/1501/6494 1142/1527/6495
f 1142/1527/6496 1193/1490/6497 1191/1500/6498
f 1136/1468/6499 1137/1471/6500 1192/1495/6501
f 1192/1495/6502 1186/1472/6503 1136/1468/6504
f 1191/1500/6505 1285/1499/6506 1278/1497/6507
f 1278/1497/6508 1194/1496/6509 1191/1500/6510
f 1145/1494/6511 1155/1520/6512 1196/1483/6513
f 1196/1483/6514 1190/1493/6515 1145/1494/6516
f 1197/1509/6517 1198/1508/6518 1300/1563/6519
f 1300/1563/6520 1299/1482/6521 1197/1509/6522
f 1198/1508/6523 1201/1516/6524 1303/1564/6525
f 1303/1564/6526 1300/1563/6527 1198/1508/6528
f 1200/1532/6529 1199/1535/6530 1301/1565/6531
f 1301/1565/6532 1302/1566/6533 1200/1532/6534
f 1201/1516/6535 1203/1541/6536 1305/1567/6537
f 1305/1567/6538 1303/1564/6539 1201/1516/6540
f 1202/1549/6541 1200/1532/6542 1302/1566/6543
f 1302/1566/6544 1304/1568/6545 1202/1549/6546
f 1203/1541/6547 1202/1549/6548 1304/1568/6549
f 1304/1568/6550 1305/1567/6551 1203/1541/6552
f 1134/1561/6553 1153/1506/6554 1197/1509/6555
f 1197/1509/6556 1188/1484/6557 1134/1561/6558
f 1159/1474/6559 1160/1523/6560 1208/1519/6561
f 1208/1519/6562 1205/1518/6563 1159/1474/6564
f 1156/1466/6565 1157/1514/6566 1207/1522/6567
f 1207/1522/6568 1206/1521/6569 1156/1466/6570
f 1153/1506/6571 1134/1561/6572 1204/1525/6573
f 1204/1525/6574 1206/1521/6575 1153/1506/6576
f 1157/1514/6577 1179/1513/6578 1209/1526/6579
f 1209/1526/6580 1207/1522/6581 1157/1514/6582
f 1134/1561/6583 1155/1520/6584 1208/1519/6585
f 1208/1519/6586 1204/1525/6587 1134/1561/6588
f 1173/1539/6589 1174/1554/6590 1185/1540/6591
f 1209/1526/6592 1173/1539/6593 1185/1540/6594
f 1209/1526/6595 1185/1540/6596 1180/1515/6597
f 1244/1512/6598 1149/1517/6599 1181/1556/6600
f 1181/1556/6601 1182/1555/6602 1244/1512/6603
f 1161/1530/6604 1210/1470/6605 1213/1469/6606
f 1075/1411/6607 1161/1530/6608 1213/1469/6609
f 1122/1457/6610 1075/1411/6611 1213/1469/6612
f 1162/1476/6613 1211/1569/6614 1214/1477/6615
f 1161/1530/6616 1162/1476/6617 1214/1477/6618
f 1210/1470/6619 1161/1530/6620 1214/1477/6621
f 1165/1475/6622 1212/1529/6623 1215/1528/6624
f 1162/1476/6625 1165/1475/6626 1215/1528/6627
f 1211/1569/6628 1162/1476/6629 1215/1528/6630
f 1145/1494/6631 1150/1487/6632 1216/1531/6633
f 1216/1531/6634 1205/1518/6635 1145/1494/6636
f 1052/1446/6637 1122/1457/6638 1213/1469/6639
f 1213/1469/6640 1136/1468/6641 1052/1446/6642
f 1211/1569/6643 1163/1501/6644 1164/1478/6645
f 1164/1478/6646 1214/1477/6647 1211/1569/6648
f 1142/1527/6649 1163/1501/6650 1211/1569/6651
f 1211/1569/6652 1215/1528/6653 1142/1527/6654
f 1150/1487/6655 1138/1486/6656 1212/1529/6657
f 1212/1529/6658 1216/1531/6659 1150/1487/6660
f 1223/1570/6661 1218/1441/6662 1090/1431/6663
f 1090/1431/6664 1091/1430/6665 1223/1570/6666
f 1222/1571/6667 1092/1427/6668 1093/1426/6669
f 1093/1426/6670 1224/1572/6671 1222/1571/6672
f 1223/1570/6673 1091/1430/6674 1092/1427/6675
f 1092/1427/6676 1222/1571/6677 1223/1570/6678
f 1224/1572/6679 1093/1426/6680 1082/1425/6681
f 1082/1425/6682 1217/1573/6683 1224/1572/6684
f 1226/1558/6685 1231/1574/6686 1176/1546/6687
f 1176/1546/6688 1175/1548/6689 1226/1558/6690
f 1232/1575/6691 1178/1543/6692 1177/1544/6693
f 1177/1544/6694 1230/1576/6695 1232/1575/6696
f 1230/1576/6697 1177/1544/6698 1176/1546/6699
f 1176/1546/6700 1231/1574/6701 1230/1576/6702
f 1217/1573/6703 1082/1425/6704 1178/1543/6705
f 1178/1543/6706 1232/1575/6707 1217/1573/6708
f 1221/1577/6709 1255/1578/6710 1256/1579/6711
f 1256/1579/6712 1225/1580/6713 1221/1577/6714
f 1225/1580/6715 1256/1579/6716 1257/1581/6717
f 1257/1581/6718 1229/1582/6719 1225/1580/6720
f 1229/1582/6721 1257/1581/6722 1258/1583/6723
f 1258/1583/6724 1227/1584/6725 1229/1582/6726
f 1227/1584/6727 1258/1583/6728 1259/1585/6729
f 1259/1585/6730 1228/1586/6731 1227/1584/6732
f 1228/1586/6733 1259/1585/6734 1260/1587/6735
f 1260/1587/6736 1226/1588/6737 1228/1586/6738
f 1226/1588/6739 1260/1587/6740 1261/1589/6741
f 1261/1589/6742 1231/1590/6743 1226/1588/6744
f 1231/1590/6745 1261/1589/6746 1262/1591/6747
f 1262/1591/6748 1230/1592/6749 1231/1590/6750
f 1230/1592/6751 1262/1591/6752 1263/1593/6753
f 1263/1593/6754 1232/1594/6755 1230/1592/6756
f 1217/1595/6757 1232/1594/6758 1263/1593/6759
f 1263/1593/6760 1264/1596/6761 1217/1595/6762
f 1217/1595/6763 1264/1596/6764 1265/1597/6765
f 1265/1597/6766 1224/1598/6767 1217/1595/6768
f 1224/1598/6769 1265/1597/6770 1266/1599/6771
f 1266/1599/6772 1222/1600/6773 1224/1598/6774
f 1223/1601/6775 1222/1600/6776 1266/1599/6777
f 1266/1599/6778 1267/1602/6779 1223/1601/6780
f 1223/1601/6781 1267/1602/6782 1268/1603/6783
f 1268/1603/6784 1218/1604/6785 1223/1601/6786
f 1218/1604/6787 1268/1603/6788 1269/1605/6789
f 1269/1605/6790 1220/1606/6791 1218/1604/6792
f 1220/1606/6793 1269/1605/6794 1270/1607/6795
f 1270/1607/6796 1219/1608/6797 1220/1606/6798
f 1219/1608/6799 1270/1607/6800 1255/1578/6801
f 1255/1578/6802 1221/1577/6803 1219/1608/6804
f 1055/1609/6805 1282/1364/6806 1276/1363/6807
f 1276/1363/6808 1237/1610/6809 1055/1609/6810
f 1238/1372/6811 1271/1374/6812 1275/1611/6813
f 1275/1611/6814 1239/1612/6815 1238/1372/6816
f 1057/1613/6817 1289/1377/6818 1273/1376/6819
f 1273/1376/6820 1241/1614/6821 1057/1613/6822
f 1283/1382/6823 1291/1381/6824 1059/1615/6825
f 1059/1615/6826 1061/1616/6827 1283/1382/6828
f 1273/1376/6829 1290/1384/6830 1060/1617/6831
f 1060/1617/6832 1241/1614/6833 1273/1376/6834
f 1059/1615/6835 1291/1381/6836 1282/1364/6837
f 1282/1364/6838 1055/1609/6839 1059/1615/6840
f 1275/1611/6841 1272/1618/6842 1242/1619/6843
f 1242/1619/6844 1239/1612/6845 1275/1611/6846
f 1274/1447/6847 1289/1377/6848 1057/1613/6849
f 1057/1613/6850 1240/1620/6851 1274/1447/6852
f 1242/1619/6853 1272/1618/6854 1274/1447/6855
f 1274/1447/6856 1240/1620/6857 1242/1619/6858
f 1290/1384/6859 1283/1382/6860 1061/1616/6861
f 1061/1616/6862 1060/1617/6863 1290/1384/6864
f 1237/1610/6865 1276/1363/6866 1277/1473/6867
f 1277/1473/6868 1246/1621/6869 1237/1610/6870
f 1248/1622/6871 1281/1485/6872 1279/1481/6873
f 1279/1481/6874 1247/1479/6875 1248/1622/6876
f 1141/1623/6877 1287/1492/6878 1284/1491/6879
f 1284/1491/6880 1140/1624/6881 1141/1623/6882
f 1286/1498/6883 1278/1497/6884 1250/1625/6885
f 1250/1625/6886 1143/1626/6887 1286/1498/6888
f 1285/1499/6889 1287/1492/6890 1141/1623/6891
f 1141/1623/6892 1144/1627/6893 1285/1499/6894
f 1277/1473/6895 1286/1498/6896 1143/1626/6897
f 1143/1626/6898 1246/1621/6899 1277/1473/6900
f 1280/1524/6901 1281/1485/6902 1248/1622/6903
f 1248/1622/6904 1249/1628/6905 1280/1524/6906
f 1284/1491/6907 1288/1562/6908 1139/1629/6909
f 1139/1629/6910 1140/1624/6911 1284/1491/6912
f 1288/1562/6913 1280/1524/6914 1249/1628/6915
f 1249/1628/6916 1139/1629/6917 1288/1562/6918
f 1250/1625/6919 1278/1497/6920 1285/1499/6921
f 1285/1499/6922 1144/1627/6923 1250/1625/6924
f 1067/1389/6925 1293/1449/6926 1292/1373/6927
f 1292/1373/6928 1062/1371/6929 1067/1389/6930
f 1065/1399/6931 1296/1451/6932 1293/1449/6933
f 1293/1449/6934 1067/1389/6935 1065/1399/6936
f 1097/1440/6937 1298/1454/6938 1296/1451/6939
f 1296/1451/6940 1065/1399/6941 1097/1440/6942
f 1086/1437/6943 1295/1452/6944 1297/1455/6945
f 1297/1455/6946 1083/1434/6947 1086/1437/6948
f 1297/1455/6949 1298/1454/6950 1097/1440/6951
f 1097/1440/6952 1083/1434/6953 1297/1455/6954
f 1299/1482/6955 1300/1563/6956 1151/1511/6957
f 1151/1511/6958 1146/1480/6959 1299/1482/6960
f 1300/1563/6961 1303/1564/6962 1149/1517/6963
f 1149/1517/6964 1151/1511/6965 1300/1563/6966
f 1303/1564/6967 1305/1567/6968 1181/1556/6969
f 1181/1556/6970 1149/1517/6971 1303/1564/6972
f 1304/1568/6973 1302/1566/6974 1171/1553/6975
f 1171/1553/6976 1168/1552/6977 1304/1568/6978
f 1305/1567/6979 1304/1568/6980 1168/1552/6981
f 1168/1552/6982 1181/1556/6983 1305/1567/6984
f 1105/1630/6985 1271/1374/6986 1292/1373/6987
f 1292/1373/6988 1112/1450/6989 1105/1630/6990
f 1299/1482/6991 1279/1481/6992 1188/1484/6993
f 1188/1484/6994 1197/1509/6995 1299/1482/6996
f 1068/1388/6997 1306/1387/6998 1253/1631/6999
f 1253/1631/7000 1233/1456/7001 1254/1398/7002
f 1068/1388/7003 1253/1631/7004 1254/1398/7005
f 1306/1387/7006 1307/1386/7007 1046/1632/7008
f 1046/1632/7009 1253/1631/7010 1306/1387/7011
f 1148/1459/7012 1147/1463/7013 1152/1510/7014
f 1152/1510/7015 1308/1502/7016 1148/1459/7017
f 1148/1459/7018 1308/1502/7019 1309/1505/7020
f 1309/1505/7021 1130/1460/7022 1148/1459/7023
f 1343/1633/7024 1310/1634/7025 1311/1635/7026
f 1311/1635/7027 1358/1636/7028 1343/1633/7029
f 1358/1636/7030 1311/1635/7031 1312/1637/7032
f 1312/1637/7033 1357/1638/7034 1358/1636/7035
f 1357/1638/7036 1312/1637/7037 1313/1639/7038
f 1313/1639/7039 1356/1640/7040 1357/1638/7041
f 1356/1640/7042 1313/1639/7043 1314/1641/7044
f 1314/1641/7045 1355/1642/7046 1356/1640/7047
f 1355/1642/7048 1314/1641/7049 1315/1643/7050
f 1315/1643/7051 1354/1644/7052 1355/1642/7053
f 1354/1644/7054 1315/1643/7055 1316/1645/7056
f 1316/1645/7057 1353/1646/7058 1354/1644/7059
f 1353/1646/7060 1316/1645/7061 1317/1647/7062
f 1317/1647/7063 1352/1648/7064 1353/1646/7065
f 1352/1648/7066 1317/1647/7067 1318/1649/7068
f 1318/1649/7069 1351/1650/7070 1352/1648/7071
f 1351/1650/7072 1318/1649/7073 1319/1651/7074
f 1319/1651/7075 1350/1652/7076 1351/1650/7077
f 1350/1652/7078 1319/1651/7079 1320/1653/7080
f 1320/1653/7081 1349/1654/7082 1350/1652/7083
f 1349/1654/7084 1320/1653/7085 1321/1655/7086
f 1321/1655/7087 1348/1656/7088 1349/1654/7089
f 1348/1656/7090 1321/1655/7091 1322/1657/7092
f 1322/1657/7093 1347/1658/7094 1348/1656/7095
f 1347/1658/7096 1322/1657/7097 1323/1659/7098
f 1323/1659/7099 1346/1660/7100 1347/1658/7101
f 1346/1660/7102 1323/1659/7103 1324/1661/7104
f 1324/1661/7105 1345/1662/7106 1346/1660/7107
f 1345/1662/7108 1324/1661/7109 1325/1663/7110
f 1325/1663/7111 1344/1664/7112 1345/1662/7113
f 1344/1664/7114 1325/1663/7115 1310/1634/7116
f 1310/1634/7117 1343/1633/7118 1344/1664/7119
f 1326/1665/7120 1071/1391/7121 1066/1390/7122
f 1066/1390/7123 1049/1465/7124 1326/1665/7125
f 1360/1666/7126 1327/1667/7127 1328/1668/7128
f 1328/1668/7129 1359/1669/7130 1360/1666/7131
f 1359/1669/7132 1328/1668/7133 1329/1670/7134
f 1329/1670/7135 1372/1671/7136 1359/1669/7137
f 1372/1671/7138 1329/1670/7139 1330/1672/7140
f 1330/1672/7141 1373/1673/7142 1372/1671/7143
f 1373/1673/7144 1330/1672/7145 1331/1674/7146
f 1331/1674/7147 1371/1675/7148 1373/1673/7149
f 1371/1675/7150 1331/1674/7151 1332/1676/7152
f 1332/1676/7153 1374/1677/7154 1371/1675/7155
f 1374/1677/7156 1332/1676/7157 1333/1678/7158
f 1333/1678/7159 1370/1679/7160 1374/1677/7161
f 1370/1679/7162 1333/1678/7163 1334/1680/7164
f 1334/1680/7165 1369/1681/7166 1370/1679/7167
f 1369/1681/7168 1334/1680/7169 1335/1682/7170
f 1335/1682/7171 1368/1683/7172 1369/1681/7173
f 1368/1683/7174 1335/1682/7175 1336/1684/7176
f 1336/1684/7177 1367/1685/7178 1368/1683/7179
f 1367/1685/7180 1336/1684/7181 1337/1686/7182
f 1337/1686/7183 1366/1687/7184 1367/1685/7185
f 1366/1687/7186 1337/1686/7187 1338/1688/7188
f 1338/1688/7189 1365/1689/7190 1366/1687/7191
f 1365/1689/7192 1338/1688/7193 1339/1690/7194
f 1339/1690/7195 1364/1691/7196 1365/1689/7197
f 1364/1691/7198 1339/1690/7199 1340/1692/7200
f 1340/1692/7201 1363/1693/7202 1364/1691/7203
f 1363/1693/7204 1340/1692/7205 1341/1694/7206
f 1341/1694/7207 1362/1695/7208 1363/1693/7209
f 1362/1695/7210 1341/1694/7211 1342/1696/7212
f 1342/1696/7213 1361/1697/7214 1362/1695/7215
f 1361/1697/7216 1342/1696/7217 1327/1667/7218
f 1327/1667/7219 1360/1666/7220 1361/1697/7221
f 1056/1407/7222 1106/1378/7223 1111/1448/7224
f 1343/1698/7225 1056/1407/7226 1111/1448/7227
f 1344/1699/7228 1343/1698/7229 1111/1448/7230
f 1345/1700/7231 1344/1699/7232 1111/1448/7233
f 1346/1701/7234 1345/1700/7235 1111/1448/7236
f 1111/1448/7237 1274/1447/7238 1272/1618/7239
f 1346/1701/7240 1111/1448/7241 1272/1618/7242
f 1347/1702/7243 1346/1701/7244 1272/1618/7245
f 1348/1703/7246 1347/1702/7247 1272/1618/7248
f 1272/1618/7249 1275/1611/7250 1348/1703/7251
f 1349/1704/7252 1348/1703/7253 1275/1611/7254
f 1349/1704/7255 1275/1611/7256 1271/1374/7257
f 1349/1704/7258 1271/1374/7259 1105/1630/7260
f 1350/1705/7261 1349/1704/7262 1105/1630/7263
f 1050/1706/7264 1351/1707/7265 1350/1705/7266
f 1350/1705/7267 1105/1630/7268 1050/1706/7269
f 1352/1708/7270 1351/1707/7271 1050/1706/7272
f 1050/1706/7273 1119/1709/7274 1352/1708/7275
f 1353/1710/7276 1352/1708/7277 1119/1709/7278
f 1074/1401/7279 1354/1711/7280 1353/1710/7281
f 1353/1710/7282 1072/1402/7283 1074/1401/7284
f 1073/1366/7285 1355/1712/7286 1354/1711/7287
f 1354/1711/7288 1074/1401/7289 1073/1366/7290
f 1356/1713/7291 1355/1712/7292 1073/1366/7293
f 1073/1366/7294 1080/1365/7295 1356/1713/7296
f 1125/1408/7297 1357/1714/7298 1356/1713/7299
f 1356/1713/7300 1080/1365/7301 1125/1408/7302
f 1358/1715/7303 1357/1714/7304 1125/1408/7305
f 1056/1407/7306 1343/1698/7307 1358/1715/7308
f 1358/1715/7309 1125/1408/7310 1056/1407/7311
f 1119/1709/7312 1360/1716/7313 1359/1717/7314
f 1359/1717/7315 1072/1402/7316 1119/1709/7317
f 1050/1706/7318 1361/1718/7319 1360/1716/7320
f 1360/1716/7321 1119/1709/7322 1050/1706/7323
f 1362/1719/7324 1361/1718/7325 1050/1706/7326
f 1363/1720/7327 1362/1719/7328 1050/1706/7329
f 1050/1706/7330 1105/1630/7331 1363/1720/7332
f 1112/1450/7333 1364/1721/7334 1363/1720/7335
f 1363/1720/7336 1105/1630/7337 1112/1450/7338
f 1365/1722/7339 1364/1721/7340 1112/1450/7341
f 1113/1395/7342 1366/1723/7343 1365/1722/7344
f 1365/1722/7345 1112/1450/7346 1113/1395/7347
f 1069/1394/7348 1367/1724/7349 1366/1723/7350
f 1366/1723/7351 1113/1395/7352 1069/1394/7353
f 1368/1725/7354 1367/1724/7355 1069/1394/7356
f 1069/1394/7357 1120/1405/7358 1368/1725/7359
f 1369/1726/7360 1368/1725/7361 1120/1405/7362
f 1071/1391/7363 1370/1727/7364 1369/1726/7365
f 1369/1726/7366 1120/1405/7367 1071/1391/7368
f 1326/1665/7369 1374/1728/7370 1370/1727/7371
f 1370/1727/7372 1071/1391/7373 1326/1665/7374
f 1371/1729/7375 1374/1728/7376 1326/1665/7377
f 1326/1665/7378 1049/1465/7379 1371/1729/7380
f 1373/1730/7381 1371/1729/7382 1049/1465/7383
f 1049/1465/7384 1048/1403/7385 1373/1730/7386
f 1359/1717/7387 1372/1731/7388 1072/1402/7389
f 1072/1402/7390 1372/1731/7391 1373/1730/7392
f 1373/1730/7393 1048/1403/7394 1072/1402/7395
f 1301/1565/7396 1375/1550/7397 1171/1553/7398
f 1171/1553/7399 1302/1566/7400 1301/1565/7401
f 1295/1452/7402 1086/1437/7403 1376/1436/7404
f 1376/1436/7405 1294/1453/7406 1295/1452/7407
f 1072/1402/7408 1353/1710/7409 1119/1709/7410
f 1378/1732/7411 1377/1733/7412 1380/1734/7413
f 1380/1734/7414 1379/1735/7415 1378/1732/7416
f 1382/1736/7417 1381/1737/7418 1384/1738/7419
f 1384/1738/7420 1383/1739/7421 1382/1736/7422
f 1386/1740/7423 1385/1741/7424 1388/1742/7425
f 1388/1742/7426 1387/1743/7427 1386/1740/7428
f 1390/1744/7429 1389/1745/7430 1392/1746/7431
f 1392/1746/7432 1391/1747/7433 1390/1744/7434
f 1394/1748/7435 1393/1749/7436 1396/1750/7437
f 1396/1750/7438 1395/1751/7439 1394/1748/7440
f 1398/1752/7441 1397/1753/7442 1400/1754/7443
f 1400/1754/7444 1399/1755/7445 1398/1752/7446
f 1402/1756/7447 1401/1757/7448 1404/1758/7449
f 1404/1758/7450 1403/1759/7451 1402/1756/7452
f 1406/1760/7453 1405/1761/7454 1408/1762/7455
f 1408/1762/7456 1407/1763/7457 1406/1760/7458
f 1410/1764/7459 1409/1765/7460 1412/1766/7461
f 1412/1766/7462 1411/1767/7463 1410/1764/7464
f 1414/1768/7465 1413/1769/7466 1416/1770/7467
f 1416/1770/7468 1415/1771/7469 1414/1768/7470
f 1418/1772/7471 1417/1773/7472 1420/1774/7473
f 1420/1774/7474 1419/1775/7475 1418/1772/7476
f 1422/1776/7477 1421/1777/7478 1424/1778/7479
f 1424/1778/7480 1423/1779/7481 1422/1776/7482
f 1426/1780/7483 1425/1781/7484 1428/1782/7485
f 1428/1782/7486 1427/1783/7487 1426/1780/7488
f 1430/1784/7489 1429/1785/7490 1432/1786/7491
f 1432/1786/7492 1431/1787/7493 1430/1784/7494
f 1434/1788/7495 1433/1789/7496 1436/1790/7497
f 1436/1790/7498 1435/1791/7499 1434/1788/7500
f 1439/1792/7501 1438/1793/7502 1437/1794/7503
f 1437/1794/7504 1440/1795/7505 1439/1792/7506
f 1442/1796/7507 1441/1797/7508 1474/1798/7509
f 1474/1798/7510 1535/1799/7511 1442/1796/7512
f 1476/1800/7513 1475/1801/7514 1473/1802/7515
f 1473/1802/7516 1474/1798/7517 1476/1800/7518
f 1443/1803/7519 1444/1804/7520 1478/1805/7521
f 1478/1805/7522 1476/1800/7523 1443/1803/7524
f 1480/1806/7525 1479/1807/7526 1477/1808/7527
f 1477/1808/7528 1478/1805/7529 1480/1806/7530
f 1445/1809/7531 1446/1810/7532 1482/1811/7533
f 1482/1811/7534 1480/1806/7535 1445/1809/7536
f 1484/1812/7537 1483/1813/7538 1481/1814/7539
f 1481/1814/7540 1482/1811/7541 1484/1812/7542
f 1447/1815/7543 1448/1816/7544 1486/1817/7545
f 1486/1817/7546 1484/1812/7547 1447/1815/7548
f 1488/1818/7549 1487/1819/7550 1485/1820/7551
f 1485/1820/7552 1486/1817/7553 1488/1818/7554
f 1449/1821/7555 1450/1822/7556 1490/1823/7557
f 1490/1823/7558 1488/1818/7559 1449/1821/7560
f 1492/1824/7561 1491/1825/7562 1489/1826/7563
f 1489/1826/7564 1490/1823/7565 1492/1824/7566
f 1451/1827/7567 1452/1828/7568 1494/1829/7569
f 1494/1829/7570 1492/1824/7571 1451/1827/7572
f 1496/1830/7573 1495/1831/7574 1493/1832/7575
f 1493/1832/7576 1494/1829/7577 1496/1830/7578
f 1453/1833/7579 1454/1834/7580 1498/1835/7581
f 1498/1835/7582 1496/1830/7583 1453/1833/7584
f 1500/1836/7585 1499/1837/7586 1497/1838/7587
f 1497/1838/7588 1498/1835/7589 1500/1836/7590
f 1455/1839/7591 1456/1840/7592 1502/1841/7593
f 1502/1841/7594 1500/1836/7595 1455/1839/7596
f 1504/1842/7597 1503/1843/7598 1501/1844/7599
f 1501/1844/7600 1502/1841/7601 1504/1842/7602
f 1457/1845/7603 1458/1846/7604 1506/1847/7605
f 1506/1847/7606 1504/1842/7607 1457/1845/7608
f 1508/1848/7609 1507/1849/7610 1505/1850/7611
f 1505/1850/7612 1506/1847/7613 1508/1848/7614
f 1459/1851/7615 1460/1852/7616 1510/1853/7617
f 1510/1853/7618 1508/1848/7619 1459/1851/7620
f 1512/1854/7621 1511/1855/7622 1509/1856/7623
f 1509/1856/7624 1510/1853/7625 1512/1854/7626
f 1461/1857/7627 1462/1858/7628 1514/1859/7629
f 1514/1859/7630 1512/1854/7631 1461/1857/7632
f 1516/1860/7633 1515/1861/7634 1513/1862/7635
f 1513/1862/7636 1514/1859/7637 1516/1860/7638
f 1463/1863/7639 1464/1864/7640 1518/1865/7641
f 1518/1865/7642 1516/1860/7643 1463/1863/7644
f 1520/1866/7645 1519/1867/7646 1517/1868/7647
f 1517/1868/7648 1518/1865/7649 1520/1866/7650
f 1465/1869/7651 1466/1870/7652 1522/1871/7653
f 1522/1871/7654 1520/1866/7655 1465/1869/7656
f 1524/1872/7657 1523/1873/7658 1521/1874/7659
f 1521/1874/7660 1522/1871/7661 1524/1872/7662
f 1467/1875/7663 1468/1876/7664 1526/1877/7665
f 1526/1877/7666 1524/1872/7667 1467/1875/7668
f 1528/1878/7669 1527/1879/7670 1525/1880/7671
f 1525/1880/7672 1526/1877/7673 1528/1878/7674
f 1469/1881/7675 1470/1882/7676 1530/1883/7677
f 1530/1883/7678 1528/1878/7679 1469/1881/7680
f 1532/1884/7681 1531/1885/7682 1529/1886/7683 1530/1883/7684
f 1532/1884/7685 1471/1887/7686 1472/1888/7687
f 1472/1888/7688 1534/1889/7689 1532/1884/7690
f 1535/1799/7691 1536/1890/7692 1533/1891/7693 1534/1889/7694
f 1384/1738/7695 1377/1733/7696 1378/1732/7697
f 1378/1732/7698 1383/1739/7699 1384/1738/7700
f 1388/1742/7701 1381/1737/7702 1382/1736/7703
f 1382/1736/7704 1387/1743/7705 1388/1742/7706
f 1392/1746/7707 1385/1741/7708 1386/1740/7709
f 1386/1740/7710 1391/1747/7711 1392/1746/7712
f 1396/1750/7713 1389/1745/7714 1390/1744/7715
f 1390/1744/7716 1395/1751/7717 1396/1750/7718
f 1400/1754/7719 1393/1749/7720 1394/1748/7721
f 1394/1748/7722 1399/1755/7723 1400/1754/7724
f 1408/1762/7725 1401/1757/7726 1402/1756/7727
f 1402/1756/7728 1407/1763/7729 1408/1762/7730
f 1414/1768/7731 1409/1765/7732 1410/1764/7733
f 1410/1764/7734 1413/1769/7735 1414/1768/7736
f 1380/1734/7737 1440/1795/7738 1437/1794/7739
f 1437/1794/7740 1379/1735/7741 1380/1734/7742
f 1398/1752/7743 1403/1759/7744 1404/1758/7745
f 1404/1758/7746 1397/1753/7747 1398/1752/7748
f 1406/1760/7749 1411/1767/7750 1412/1766/7751
f 1412/1766/7752 1405/1761/7753 1406/1760/7754
f 1416/1770/7755 1417/1773/7756 1418/1772/7757
f 1418/1772/7758 1415/1771/7759 1416/1770/7760
f 1420/1774/7761 1421/1777/7762 1422/1776/7763
f 1422/1776/7764 1419/1775/7765 1420/1774/7766
f 1424/1778/7767 1425/1781/7768 1426/1780/7769
f 1426/1780/7770 1423/1779/7771 1424/1778/7772
f 1428/1782/7773 1429/1785/7774 1430/1784/7775
f 1430/1784/7776 1427/1783/7777 1428/1782/7778
f 1432/1786/7779 1433/1789/7780 1434/1788/7781
f 1434/1788/7782 1431/1787/7783 1432/1786/7784
f 1436/1790/7785 1438/1793/7786 1439/1792/7787
f 1439/1792/7788 1435/1791/7789 1436/1790/7790
f 1536/1890/7791 1535/1799/7792 1474/1798/7793 1473/1802/7794
f 1475/1801/7795 1476/1800/7796 1478/1805/7797
f 1478/1805/7798 1477/1808/7799 1475/1801/7800
f 1479/1807/7801 1480/1806/7802 1482/1811/7803
f 1482/1811/7804 1481/1814/7805 1479/1807/7806
f 1483/1813/7807 1484/1812/7808 1486/1817/7809
f 1486/1817/7810 1485/1820/7811 1483/1813/7812
f 1487/1819/7813 1488/1818/7814 1490/1823/7815
f 1490/1823/7816 1489/1826/7817 1487/1819/7818
f 1491/1825/7819 1492/1824/7820 1494/1829/7821
f 1494/1829/7822 1493/1832/7823 1491/1825/7824
f 1495/1831/7825 1496/1830/7826 1498/1835/7827
f 1498/1835/7828 1497/1838/7829 1495/1831/7830
f 1499/1837/7831 1500/1836/7832 1502/1841/7833
f 1502/1841/7834 1501/1844/7835 1499/1837/7836
f 1503/1843/7837 1504/1842/7838 1506/1847/7839
f 1506/1847/7840 1505/1850/7841 1503/1843/7842
f 1507/1849/7843 1508/1848/7844 1510/1853/7845
f 1510/1853/7846 1509/1856/7847 1507/1849/7848
f 1511/1855/7849 1512/1854/7850 1514/1859/7851
f 1514/1859/7852 1513/1862/7853 1511/1855/7854
f 1515/1861/7855 1516/1860/7856 1518/1865/7857
f 1518/1865/7858 1517/1868/7859 1515/1861/7860
f 1519/1867/7861 1520/1866/7862 1522/1871/7863
f 1522/1871/7864 1521/1874/7865 1519/1867/7866
f 1523/1873/7867 1524/1872/7868 1526/1877/7869
f 1526/1877/7870 1525/1880/7871 1523/1873/7872
f 1527/1879/7873 1528/1878/7874 1530/1883/7875
f 1530/1883/7876 1529/1886/7877 1527/1879/7878
f 1531/1885/7879 1532/1884/7880 1534/1889/7881 1533/1891/7882
f 1443/1803/7883 1476/1800/7884 1474/1798/7885
f 1474/1798/7886 1441/1797/7887 1443/1803/7888
f 1473/1802/7889 1475/1801/7890 1378/1732/7891
f 1378/1732/7892 1379/1735/7893 1473/1802/7894
f 1445/1809/7895 1480/1806/7896 1478/1805/7897
f 1478/1805/7898 1444/1804/7899 1445/1809/7900
f 1477/1808/7901 1479/1807/7902 1382/1736/7903
f 1382/1736/7904 1383/1739/7905 1477/1808/7906
f 1447/1815/7907 1484/1812/7908 1482/1811/7909
f 1482/1811/7910 1446/1810/7911 1447/1815/7912
f 1481/1814/7913 1483/1813/7914 1386/1740/7915
f 1386/1740/7916 1387/1743/7917 1481/1814/7918
f 1449/1821/7919 1488/1818/7920 1486/1817/7921
f 1486/1817/7922 1448/1816/7923 1449/1821/7924
f 1485/1820/7925 1487/1819/7926 1390/1744/7927
f 1390/1744/7928 1391/1747/7929 1485/1820/7930
f 1451/1827/7931 1492/1824/7932 1490/1823/7933
f 1490/1823/7934 1450/1822/7935 1451/1827/7936
f 1489/1826/7937 1491/1825/7938 1394/1748/7939
f 1394/1748/7940 1395/1751/7941 1489/1826/7942
f 1453/1833/7943 1496/1830/7944 1494/1829/7945
f 1494/1829/7946 1452/1828/7947 1453/1833/7948
f 1399/1755/7949 1493/1832/7950 1495/1831/7951
f 1495/1831/7952 1398/1752/7953 1399/1755/7954
f 1455/1839/7955 1500/1836/7956 1498/1835/7957
f 1498/1835/7958 1454/1834/7959 1455/1839/7960
f 1403/1759/7961 1497/1838/7962 1499/1837/7963
f 1499/1837/7964 1402/1756/7965 1403/1759/7966
f 1457/1845/7967 1504/1842/7968 1502/1841/7969
f 1502/1841/7970 1456/1840/7971 1457/1845/7972
f 1407/1763/7973 1501/1844/7974 1503/1843/7975
f 1503/1843/7976 1406/1760/7977 1407/1763/7978
f 1459/1851/7979 1508/1848/7980 1506/1847/7981
f 1506/1847/7982 1458/1846/7983 1459/1851/7984
f 1411/1767/7985 1505/1850/7986 1507/1849/7987
f 1507/1849/7988 1410/1764/7989 1411/1767/7990
f 1461/1857/7991 1512/1854/7992 1510/1853/7993
f 1510/1853/7994 1460/1852/7995 1461/1857/7996
f 1413/1769/7997 1509/1856/7998 1511/1855/7999
f 1511/1855/8000 1416/1770/8001 1413/1769/8002
f 1463/1863/8003 1516/1860/8004 1514/1859/8005
f 1514/1859/8006 1462/1858/8007 1463/1863/8008
f 1417/1773/8009 1513/1862/8010 1515/1861/8011
f 1515/1861/8012 1420/1774/8013 1417/1773/8014
f 1465/1869/8015 1520/1866/8016 1518/1865/8017
f 1518/1865/8018 1464/1864/8019 1465/1869/8020
f 1421/1777/8021 1517/1868/8022 1519/1867/8023
f 1519/1867/8024 1424/1778/8025 1421/1777/8026
f 1467/1875/8027 1524/1872/8028 1522/1871/8029
f 1522/1871/8030 1466/1870/8031 1467/1875/8032
f 1425/1781/8033 1521/1874/8034 1523/1873/8035
f 1523/1873/8036 1428/1782/8037 1425/1781/8038
f 1469/1881/8039 1528/1878/8040 1526/1877/8041
f 1526/1877/8042 1468/1876/8043 1469/1881/8044
f 1429/1785/8045 1525/1880/8046 1527/1879/8047
f 1527/1879/8048 1432/1786/8049 1429/1785/8050
f 1471/1887/8051 1532/1884/8052 1530/1883/8053
f 1530/1883/8054 1470/1882/8055 1471/1887/8056
f 1433/1789/8057 1529/1886/8058 1531/1885/8059
f 1531/1885/8060 1436/1790/8061 1433/1789/8062
f 1442/1796/8063 1535/1799/8064 1534/1889/8065
f 1534/1889/8066 1472/1888/8067 1442/1796/8068
f 1438/1793/8069 1533/1891/8070 1536/1890/8071 1437/1794/8072
f 1437/1794/8073 1536/1890/8074 1473/1802/8075
f 1473/1802/8076 1379/1735/8077 1437/1794/8078
f 1475/1801/8079 1477/1808/8080 1383/1739/8081
f 1383/1739/8082 1378/1732/8083 1475/1801/8084
f 1479/1807/8085 1481/1814/8086 1387/1743/8087
f 1387/1743/8088 1382/1736/8089 1479/1807/8090
f 1483/1813/8091 1485/1820/8092 1391/1747/8093
f 1391/1747/8094 1386/1740/8095 1483/1813/8096
f 1487/1819/8097 1489/1826/8098 1395/1751/8099
f 1395/1751/8100 1390/1744/8101 1487/1819/8102
f 1491/1825/8103 1493/1832/8104 1399/1755/8105
f 1399/1755/8106 1394/1748/8107 1491/1825/8108
f 1398/1752/8109 1495/1831/8110 1497/1838/8111
f 1497/1838/8112 1403/1759/8113 1398/1752/8114
f 1402/1756/8115 1499/1837/8116 1501/1844/8117
f 1501/1844/8118 1407/1763/8119 1402/1756/8120
f 1406/1760/8121 1503/1843/8122 1505/1850/8123
f 1505/1850/8124 1411/1767/8125 1406/1760/8126
f 1410/1764/8127 1507/1849/8128 1509/1856/8129
f 1509/1856/8130 1413/1769/8131 1410/1764/8132
f 1416/1770/8133 1511/1855/8134 1513/1862/8135
f 1513/1862/8136 1417/1773/8137 1416/1770/8138
f 1420/1774/8139 1515/1861/8140 1517/1868/8141
f 1517/1868/8142 1421/1777/8143 1420/1774/8144
f 1424/1778/8145 1519/1867/8146 1521/1874/8147
f 1521/1874/8148 1425/1781/8149 1424/1778/8150
f 1428/1782/8151 1523/1873/8152 1525/1880/8153
f 1525/1880/8154 1429/1785/8155 1428/1782/8156
f 1432/1786/8157 1527/1879/8158 1529/1886/8159
f 1529/1886/8160 1433/1789/8161 1432/1786/8162
f 1531/1885/8163 1533/1891/8164 1438/1793/8165 1436/1790/8166
f 1377/1733/8167 1537/1892/8168 1538/1893/8169
f 1538/1893/8170 1380/1734/8171 1377/1733/8172
f 1380/1734/8173 1538/1893/8174 1539/1894/8175
f 1539/1894/8176 1440/1795/8177 1380/1734/8178
f 1381/1737/8179 1540/1895/8180 1541/1896/8181
f 1541/1896/8182 1384/1738/8183 1381/1737/8184
f 1384/1738/8185 1541/1896/8186 1537/1892/8187
f 1537/1892/8188 1377/1733/8189 1384/1738/8190
f 1542/1897/8191 1543/1898/8192 1388/1742/8193
f 1388/1742/8194 1385/1741/8195 1542/1897/8196
f 1543/1898/8197 1540/1895/8198 1381/1737/8199
f 1381/1737/8200 1388/1742/8201 1543/1898/8202
f 1544/1899/8203 1545/1900/8204 1392/1746/8205
f 1392/1746/8206 1389/1745/8207 1544/1899/8208
f 1545/1900/8209 1542/1897/8210 1385/1741/8211
f 1385/1741/8212 1392/1746/8213 1545/1900/8214
f 1546/1901/8215 1547/1902/8216 1396/1750/8217
f 1396/1750/8218 1393/1749/8219 1546/1901/8220
f 1547/1902/8221 1544/1899/8222 1389/1745/8223
f 1389/1745/8224 1396/1750/8225 1547/1902/8226
f 1397/1753/8227 1548/1903/8228 1549/1904/8229
f 1549/1904/8230 1400/1754/8231 1397/1753/8232
f 1400/1754/8233 1549/1904/8234 1546/1901/8235
f 1546/1901/8236 1393/1749/8237 1400/1754/8238
f 1401/1757/8239 1550/1905/8240 1551/1906/8241
f 1551/1906/8242 1404/1758/8243 1401/1757/8244
f 1404/1758/8245 1551/1906/8246 1548/1903/8247
f 1548/1903/8248 1397/1753/8249 1404/1758/8250
f 1405/1761/8251 1552/1907/8252 1553/1908/8253
f 1553/1908/8254 1408/1762/8255 1405/1761/8256
f 1408/1762/8257 1553/1908/8258 1550/1905/8259
f 1550/1905/8260 1401/1757/8261 1408/1762/8262
f 1409/1765/8263 1554/1909/8264 1555/1910/8265
f 1555/1910/8266 1412/1766/8267 1409/1765/8268
f 1412/1766/8269 1555/1910/8270 1552/1907/8271
f 1552/1907/8272 1405/1761/8273 1412/1766/8274
f 1556/1911/8275 1557/1912/8276 1414/1768/8277
f 1414/1768/8278 1415/1771/8279 1556/1911/8280
f 1557/1912/8281 1554/1909/8282 1409/1765/8283
f 1409/1765/8284 1414/1768/8285 1557/1912/8286
f 1419/1775/8287 1558/1913/8288 1559/1914/8289
f 1559/1914/8290 1418/1772/8291 1419/1775/8292
f 1559/1914/8293 1556/1911/8294 1415/1771/8295
f 1415/1771/8296 1418/1772/8297 1559/1914/8298
f 1423/1779/8299 1560/1915/8300 1561/1916/8301
f 1561/1916/8302 1422/1776/8303 1423/1779/8304
f 1422/1776/8305 1561/1916/8306 1558/1913/8307
f 1558/1913/8308 1419/1775/8309 1422/1776/8310
f 1427/1783/8311 1562/1917/8312 1563/1918/8313
f 1563/1918/8314 1426/1780/8315 1427/1783/8316
f 1426/1780/8317 1563/1918/8318 1560/1915/8319
f 1560/1915/8320 1423/1779/8321 1426/1780/8322
f 1431/1787/8323 1564/1919/8324 1565/1920/8325
f 1565/1920/8326 1430/1784/8327 1431/1787/8328
f 1430/1784/8329 1565/1920/8330 1562/1917/8331
f 1562/1917/8332 1427/1783/8333 1430/1784/8334
f 1435/1791/8335 1566/1921/8336 1567/1922/8337
f 1567/1922/8338 1434/1788/8339 1435/1791/8340
f 1434/1788/8341 1567/1922/8342 1564/1919/8343
f 1564/1919/8344 1431/1787/8345 1434/1788/8346
f 1440/1795/8347 1539/1894/8348 1568/1923/8349
f 1568/1923/8350 1439/1792/8351 1440/1795/8352
f 1439/1792/8353 1568/1923/8354 1566/1921/8355
f 1566/1921/8356 1435/1791/8357 1439/1792/8358
f 1998/1924/8359 1585/1925/8360 1569/1926/8361
f 1569/1926/8362 1993/1927/8363 1998/1924/8364
f 1765/1928/8365 1749/1929/8366 1575/1930/8367
f 1575/1930/8368 1584/1931/8369 1765/1928/8370
f 1997/1932/8371 1570/1933/8372 1574/1934/8373
f 1574/1934/8374 1996/1935/8375 1997/1932/8376
f 1993/1927/8377 1569/1926/8378 1570/1933/8379
f 1570/1933/8380 1997/1932/8381 1993/1927/8382
f 1586/1936/8383 2000/1937/8384 2001/1938/8385
f 2001/1938/8386 1587/1939/8387 1586/1936/8388
f 1580/1940/8389 1577/1941/8390 1578/1942/8391
f 1578/1942/8392 1579/1943/8393 1580/1940/8394
f 1578/1942/8395 1586/1936/8396 1587/1939/8397
f 1587/1939/8398 1579/1943/8399 1578/1942/8400
f 1583/1944/8401 1572/1945/8402 1577/1941/8403
f 1577/1941/8404 1580/1940/8405 1583/1944/8406
f 1999/1946/8407 1575/1930/8408 1749/1929/8409
f 1749/1929/8410 2124/1947/8411 1999/1946/8412
f 1996/1935/8413 1574/1934/8414 1573/1948/8415
f 1573/1948/8416 1995/1949/8417 1996/1935/8418
f 1584/1931/8419 1575/1930/8420 1573/1948/8421
f 1573/1948/8422 1576/1950/8423 1584/1931/8424
f 1995/1949/8425 1573/1948/8426 1575/1930/8427
f 1575/1930/8428 1999/1946/8429 1995/1949/8430
f 1576/1950/8431 1573/1948/8432 1574/1934/8433
f 1574/1934/8434 1572/1945/8435 1576/1950/8436
f 1572/1945/8437 1574/1934/8438 1570/1933/8439
f 1570/1933/8440 1577/1941/8441 1572/1945/8442
f 1577/1941/8443 1570/1933/8444 1569/1926/8445
f 1569/1926/8446 1578/1942/8447 1577/1941/8448
f 1578/1942/8449 1569/1926/8450 1585/1925/8451
f 1585/1925/8452 1586/1936/8453 1578/1942/8454
f 1586/1936/8455 1585/1925/8456 1994/1951/8457
f 1994/1951/8458 2000/1937/8459 1586/1936/8460
f 1588/1952/8461 1587/1939/8462 2001/1938/8463
f 2001/1938/8464 2002/1953/8465 1588/1952/8466
f 1582/1954/8467 1579/1943/8468 1587/1939/8469
f 1587/1939/8470 1588/1952/8471 1582/1954/8472
f 1579/1943/8473 1582/1954/8474 1571/1955/8475
f 1571/1955/8476 1580/1940/8477 1579/1943/8478
f 1580/1940/8479 1571/1955/8480 1581/1956/8481
f 1581/1956/8482 1583/1944/8483 1580/1940/8484
f 2235/1957/8485 2234/1958/8486 1588/1952/8487
f 1588/1952/8488 2002/1953/8489 2235/1957/8490
f 2233/1959/8491 2232/1960/8492 1571/1955/8493
f 1571/1955/8494 1582/1954/8495 2233/1959/8496
f 1571/1955/8497 2232/1960/8498 2231/1961/8499
f 2231/1961/8500 1581/1956/8501 1571/1955/8502
f 1583/1944/8503 2045/1962/8504 2106/1963/8505
f 2106/1963/8506 1572/1945/8507 1583/1944/8508
f 1572/1945/8509 2106/1963/8510 2046/1964/8511
f 2046/1964/8512 1576/1950/8513 1572/1945/8514
f 1576/1950/8515 2046/1964/8516 2107/1965/8517
f 2107/1965/8518 1584/1931/8519 1576/1950/8520
f 1584/1931/8521 2107/1965/8522 2166/1966/8523
f 2166/1966/8524 1765/1928/8525 1584/1931/8526
f 2231/1961/8527 2044/1967/8528 2105/1968/8529
f 2105/1968/8530 1581/1956/8531 2231/1961/8532
f 2229/1969/8533 1994/1951/8534 1585/1925/8535
f 1585/1925/8536 1998/1924/8537 2229/1969/8538
f 1612/1970/8539 1867/1971/8540 1893/1972/8541
f 1893/1972/8542 1657/1973/8543 1612/1970/8544
f 1658/1974/8545 1612/1970/8546 1657/1973/8547
f 1657/1973/8548 1695/1975/8549 1658/1974/8550
f 1612/1970/8551 1658/1974/8552 1589/1976/8553
f 1589/1976/8554 1659/1977/8555 1612/1970/8556
f 1867/1971/8557 1612/1970/8558 1659/1977/8559
f 1659/1977/8560 1771/1978/8561 1867/1971/8562
f 1613/1979/8563 1662/1980/8564 1589/1976/8565
f 1589/1976/8566 1658/1974/8567 1613/1979/8568
f 1660/1981/8569 1613/1979/8570 1658/1974/8571
f 1658/1974/8572 1695/1975/8573 1660/1981/8574
f 1613/1979/8575 1660/1981/8576 1696/1982/8577
f 1696/1982/8578 1661/1983/8579 1613/1979/8580
f 1662/1980/8581 1613/1979/8582 1661/1983/8583
f 1661/1983/8584 1590/1984/8585 1662/1980/8586
f 1614/1985/8587 1665/1986/8588 1590/1984/8589
f 1590/1984/8590 1661/1983/8591 1614/1985/8592
f 1663/1987/8593 1614/1985/8594 1661/1983/8595
f 1661/1983/8596 1696/1982/8597 1663/1987/8598
f 1614/1985/8599 1663/1987/8600 1697/1988/8601
f 1697/1988/8602 1664/1989/8603 1614/1985/8604
f 1665/1986/8605 1614/1985/8606 1664/1989/8607
f 1664/1989/8608 1591/1990/8609 1665/1986/8610
f 1615/1991/8611 1668/1992/8612 1591/1990/8613
f 1591/1990/8614 1664/1989/8615 1615/1991/8616
f 1666/1993/8617 1615/1991/8618 1664/1989/8619
f 1664/1989/8620 1697/1988/8621 1666/1993/8622
f 1615/1991/8623 1666/1993/8624 1698/1994/8625
f 1698/1994/8626 1667/1995/8627 1615/1991/8628
f 1668/1992/8629 1615/1991/8630 1667/1995/8631
f 1667/1995/8632 1592/1996/8633 1668/1992/8634
f 1616/1997/8635 1671/1998/8636 1592/1996/8637
f 1592/1996/8638 1667/1995/8639 1616/1997/8640
f 1669/1999/8641 1616/1997/8642 1667/1995/8643
f 1667/1995/8644 1698/1994/8645 1669/1999/8646
f 1616/1997/8647 1669/1999/8648 1699/2000/8649
f 1699/2000/8650 1670/2001/8651 1616/1997/8652
f 1671/1998/8653 1616/1997/8654 1670/2001/8655
f 1670/2001/8656 1593/2002/8657 1671/1998/8658
f 1617/2003/8659 1674/2004/8660 1593/2002/8661
f 1593/2002/8662 1670/2001/8663 1617/2003/8664
f 1672/2005/8665 1617/2003/8666 1670/2001/8667
f 1670/2001/8668 1699/2000/8669 1672/2005/8670
f 1617/2003/8671 1672/2005/8672 1700/2006/8673
f 1700/2006/8674 1673/2007/8675 1617/2003/8676
f 1674/2004/8677 1617/2003/8678 1673/2007/8679
f 1673/2007/8680 1594/2008/8681 1674/2004/8682
f 1618/2009/8683 1677/2010/8684 1594/2008/8685
f 1594/2008/8686 1673/2007/8687 1618/2009/8688
f 1675/2011/8689 1618/2009/8690 1673/2007/8691
f 1673/2007/8692 1700/2006/8693 1675/2011/8694
f 1618/2009/8695 1675/2011/8696 1701/2012/8697
f 1701/2012/8698 1676/2013/8699 1618/2009/8700
f 1677/2010/8701 1618/2009/8702 1676/2013/8703
f 1676/2013/8704 1595/2014/8705 1677/2010/8706
f 1619/2015/8707 1680/2016/8708 1595/2014/8709
f 1595/2014/8710 1676/2013/8711 1619/2015/8712
f 1678/2017/8713 1619/2015/8714 1676/2013/8715
f 1676/2013/8716 1701/2012/8717 1678/2017/8718
f 1619/2015/8719 1678/2017/8720 1702/2018/8721
f 1702/2018/8722 1679/2019/8723 1619/2015/8724
f 1680/2016/8725 1619/2015/8726 1679/2019/8727
f 1679/2019/8728 1596/2020/8729 1680/2016/8730
f 1620/2021/8731 1683/2022/8732 1596/2020/8733
f 1596/2020/8734 1679/2019/8735 1620/2021/8736
f 1681/2023/8737 1620/2021/8738 1679/2019/8739
f 1679/2019/8740 1702/2018/8741 1681/2023/8742
f 1620/2021/8743 1681/2023/8744 1703/2024/8745
f 1703/2024/8746 1682/2025/8747 1620/2021/8748
f 1683/2022/8749 1620/2021/8750 1682/2025/8751
f 1682/2025/8752 1597/2026/8753 1683/2022/8754
f 1621/2027/8755 1686/2028/8756 1597/2026/8757
f 1597/2026/8758 1682/2025/8759 1621/2027/8760
f 1684/2029/8761 1621/2027/8762 1682/2025/8763
f 1682/2025/8764 1703/2024/8765 1684/2029/8766
f 1621/2027/8767 1684/2029/8768 1704/2030/8769
f 1704/2030/8770 1685/2031/8771 1621/2027/8772
f 1686/2028/8773 1621/2027/8774 1685/2031/8775
f 1685/2031/8776 1598/2032/8777 1686/2028/8778
f 1622/2033/8779 1689/2034/8780 1598/2032/8781
f 1598/2032/8782 1685/2031/8783 1622/2033/8784
f 1687/2035/8785 1622/2033/8786 1685/2031/8787
f 1685/2031/8788 1704/2030/8789 1687/2035/8790
f 1622/2033/8791 1687/2035/8792 1705/2036/8793
f 1705/2036/8794 1688/2037/8795 1622/2033/8796
f 1689/2034/8797 1622/2033/8798 1688/2037/8799
f 1688/2037/8800 1599/2038/8801 1689/2034/8802
f 1623/2039/8803 1692/2040/8804 1599/2038/8805
f 1599/2038/8806 1688/2037/8807 1623/2039/8808
f 1690/2041/8809 1623/2039/8810 1688/2037/8811
f 1688/2037/8812 1705/2036/8813 1690/2041/8814
f 1691/2042/8815 1623/2039/8816 1690/2041/8817
f 1692/2040/8818 1623/2039/8819 1691/2042/8820
f 1691/2042/8821 1600/2043/8822 1692/2040/8823
f 1600/2043/8824 1691/2042/8825 1693/2044/8826
f 2010/2045/8827 2068/2046/8828 1659/1977/8829
f 1659/1977/8830 1589/1976/8831 2010/2045/8832
f 2127/2047/8833 1771/1978/8834 1659/1977/8835
f 1659/1977/8836 2068/2046/8837 2127/2047/8838
f 2011/2048/8839 2069/2049/8840 1662/1980/8841
f 1662/1980/8842 1590/1984/8843 2011/2048/8844
f 2069/2049/8845 2010/2045/8846 1589/1976/8847
f 1589/1976/8848 1662/1980/8849 2069/2049/8850
f 2012/2050/8851 2070/2051/8852 1665/1986/8853
f 1665/1986/8854 1591/1990/8855 2012/2050/8856
f 2070/2051/8857 2011/2048/8858 1590/1984/8859
f 1590/1984/8860 1665/1986/8861 2070/2051/8862
f 2013/2052/8863 2071/2053/8864 1668/1992/8865
f 1668/1992/8866 1592/1996/8867 2013/2052/8868
f 2071/2053/8869 2012/2050/8870 1591/1990/8871
f 1591/1990/8872 1668/1992/8873 2071/2053/8874
f 2014/2054/8875 2072/2055/8876 1671/1998/8877
f 1671/1998/8878 1593/2002/8879 2014/2054/8880
f 2072/2055/8881 2013/2052/8882 1592/1996/8883
f 1592/1996/8884 1671/1998/8885 2072/2055/8886
f 2015/2056/8887 2073/2057/8888 1674/2004/8889
f 1674/2004/8890 1594/2008/8891 2015/2056/8892
f 2073/2057/8893 2014/2054/8894 1593/2002/8895
f 1593/2002/8896 1674/2004/8897 2073/2057/8898
f 2016/2058/8899 2074/2059/8900 1677/2010/8901
f 1677/2010/8902 1595/2014/8903 2016/2058/8904
f 2074/2059/8905 2015/2056/8906 1594/2008/8907
f 1594/2008/8908 1677/2010/8909 2074/2059/8910
f 2017/2060/8911 2075/2061/8912 1680/2016/8913
f 1680/2016/8914 1596/2020/8915 2017/2060/8916
f 2075/2061/8917 2016/2058/8918 1595/2014/8919
f 1595/2014/8920 1680/2016/8921 2075/2061/8922
f 2018/2062/8923 2076/2063/8924 1683/2022/8925
f 1683/2022/8926 1597/2026/8927 2018/2062/8928
f 2076/2063/8929 2017/2060/8930 1596/2020/8931
f 1596/2020/8932 1683/2022/8933 2076/2063/8934
f 2019/2064/8935 2077/2065/8936 1686/2028/8937
f 1686/2028/8938 1598/2032/8939 2019/2064/8940
f 2077/2065/8941 2018/2062/8942 1597/2026/8943
f 1597/2026/8944 1686/2028/8945 2077/2065/8946
f 2020/2066/8947 2078/2067/8948 1689/2034/8949
f 1689/2034/8950 1599/2038/8951 2020/2066/8952
f 2078/2067/8953 2019/2064/8954 1598/2032/8955
f 1598/2032/8956 1689/2034/8957 2078/2067/8958
f 2021/2068/8959 2079/2069/8960 1692/2040/8961
f 1692/2040/8962 1600/2043/8963 2021/2068/8964
f 2079/2069/8965 2020/2066/8966 1599/2038/8967
f 1599/2038/8968 1692/2040/8969 2079/2069/8970
f 2022/2070/8971 2080/2071/8972 1693/2044/8973
f 1693/2044/8974 1601/2072/8975 2022/2070/8976
f 2080/2071/8977 2021/2068/8978 1600/2043/8979
f 1600/2043/8980 1693/2044/8981 2080/2071/8982
f 2081/2073/8983 1694/2074/8984 1892/2075/8985
f 1892/2075/8986 2188/2076/8987 2081/2073/8988
f 2081/2073/8989 2022/2070/8990 1601/2072/8991
f 1601/2072/8992 1694/2074/8993 2081/2073/8994
f 2082/2077/8995 1657/1973/8996 1893/1972/8997
f 1893/1972/8998 2140/2078/8999 2082/2077/9000
f 2023/2079/9001 1695/1975/9002 1657/1973/9003
f 1657/1973/9004 2082/2077/9005 2023/2079/9006
f 2023/2079/9007 2083/2080/9008 1660/1981/9009
f 1660/1981/9010 1695/1975/9011 2023/2079/9012
f 2024/2081/9013 1696/1982/9014 1660/1981/9015
f 1660/1981/9016 2083/2080/9017 2024/2081/9018
f 2024/2081/9019 2084/2082/9020 1663/1987/9021
f 1663/1987/9022 1696/1982/9023 2024/2081/9024
f 2025/2083/9025 1697/1988/9026 1663/1987/9027
f 1663/1987/9028 2084/2082/9029 2025/2083/9030
f 2025/2083/9031 2085/2084/9032 1666/1993/9033
f 1666/1993/9034 1697/1988/9035 2025/2083/9036
f 2026/2085/9037 1698/1994/9038 1666/1993/9039
f 1666/1993/9040 2085/2084/9041 2026/2085/9042
f 2026/2085/9043 2086/2086/9044 1669/1999/9045
f 1669/1999/9046 1698/1994/9047 2026/2085/9048
f 2027/2087/9049 1699/2000/9050 1669/1999/9051
f 1669/1999/9052 2086/2086/9053 2027/2087/9054
f 2027/2087/9055 2087/2088/9056 1672/2005/9057
f 1672/2005/9058 1699/2000/9059 2027/2087/9060
f 2028/2089/9061 1700/2006/9062 1672/2005/9063
f 1672/2005/9064 2087/2088/9065 2028/2089/9066
f 2028/2089/9067 2088/2090/9068 1675/2011/9069
f 1675/2011/9070 1700/2006/9071 2028/2089/9072
f 2029/2091/9073 1701/2012/9074 1675/2011/9075
f 1675/2011/9076 2088/2090/9077 2029/2091/9078
f 2029/2091/9079 2089/2092/9080 1678/2017/9081
f 1678/2017/9082 1701/2012/9083 2029/2091/9084
f 2030/2093/9085 1702/2018/9086 1678/2017/9087
f 1678/2017/9088 2089/2092/9089 2030/2093/9090
f 2030/2093/9091 2090/2094/9092 1681/2023/9093
f 1681/2023/9094 1702/2018/9095 2030/2093/9096
f 2031/2095/9097 1703/2024/9098 1681/2023/9099
f 1681/2023/9100 2090/2094/9101 2031/2095/9102
f 2031/2095/9103 2091/2096/9104 1684/2029/9105
f 1684/2029/9106 1703/2024/9107 2031/2095/9108
f 2032/2097/9109 1704/2030/9110 1684/2029/9111
f 1684/2029/9112 2091/2096/9113 2032/2097/9114
f 2032/2097/9115 2092/2098/9116 1687/2035/9117
f 1687/2035/9118 1704/2030/9119 2032/2097/9120
f 2033/2099/9121 1705/2036/9122 1687/2035/9123
f 1687/2035/9124 2092/2098/9125 2033/2099/9126
f 2033/2099/9127 2093/2100/9128 1690/2041/9129
f 1690/2041/9130 1705/2036/9131 2033/2099/9132
f 1624/2101/9133 1636/2102/9134 1706/2103/9135
f 1706/2103/9136 1716/2104/9137 1624/2101/9138
f 1736/2105/9139 1624/2101/9140 1716/2104/9141
f 1716/2104/9142 1602/2106/9143 1736/2105/9144
f 1624/2101/9145 1736/2105/9146 1784/2107/9147
f 1784/2107/9148 1897/2108/9149 1624/2101/9150
f 1636/2102/9151 1624/2101/9152 1897/2108/9153
f 1897/2108/9154 1894/2109/9155 1636/2102/9156
f 1625/2110/9157 1638/2111/9158 1707/2112/9159
f 1707/2112/9160 1718/2113/9161 1625/2110/9162
f 1737/2114/9163 1625/2110/9164 1718/2113/9165
f 1718/2113/9166 1603/2115/9167 1737/2114/9168
f 1625/2110/9169 1737/2114/9170 1602/2106/9171
f 1602/2106/9172 1716/2104/9173 1625/2110/9174
f 1638/2111/9175 1625/2110/9176 1716/2104/9177
f 1716/2104/9178 1706/2103/9179 1638/2111/9180
f 1626/2116/9181 1640/2117/9182 1708/2118/9183
f 1708/2118/9184 1720/2119/9185 1626/2116/9186
f 1738/2120/9187 1626/2116/9188 1720/2119/9189
f 1720/2119/9190 1604/2121/9191 1738/2120/9192
f 1626/2116/9193 1738/2120/9194 1603/2115/9195
f 1603/2115/9196 1718/2113/9197 1626/2116/9198
f 1640/2117/9199 1626/2116/9200 1718/2113/9201
f 1718/2113/9202 1707/2112/9203 1640/2117/9204
f 1627/2122/9205 1642/2123/9206 1709/2124/9207
f 1709/2124/9208 1722/2125/9209 1627/2122/9210
f 1739/2126/9211 1627/2122/9212 1722/2125/9213
f 1722/2125/9214 1605/2127/9215 1739/2126/9216
f 1627/2122/9217 1739/2126/9218 1604/2121/9219
f 1604/2121/9220 1720/2119/9221 1627/2122/9222
f 1642/2123/9223 1627/2122/9224 1720/2119/9225
f 1720/2119/9226 1708/2118/9227 1642/2123/9228
f 1628/2128/9229 1644/2129/9230 1710/2130/9231
f 1710/2130/9232 1724/2131/9233 1628/2128/9234
f 1740/2132/9235 1628/2128/9236 1724/2131/9237
f 1724/2131/9238 1606/2133/9239 1740/2132/9240
f 1628/2128/9241 1740/2132/9242 1605/2127/9243
f 1605/2127/9244 1722/2125/9245 1628/2128/9246
f 1644/2129/9247 1628/2128/9248 1722/2125/9249
f 1722/2125/9250 1709/2124/9251 1644/2129/9252
f 1629/2134/9253 1646/2135/9254 1711/2136/9255
f 1711/2136/9256 1726/2137/9257 1629/2134/9258
f 1741/2138/9259 1629/2134/9260 1726/2137/9261
f 1726/2137/9262 1607/2139/9263 1741/2138/9264
f 1629/2134/9265 1741/2138/9266 1606/2133/9267
f 1606/2133/9268 1724/2131/9269 1629/2134/9270
f 1646/2135/9271 1629/2134/9272 1724/2131/9273
f 1724/2131/9274 1710/2130/9275 1646/2135/9276
f 1630/2140/9277 1648/2141/9278 1712/2142/9279
f 1712/2142/9280 1728/2143/9281 1630/2140/9282
f 1742/2144/9283 1630/2140/9284 1728/2143/9285
f 1728/2143/9286 1608/2145/9287 1742/2144/9288
f 1630/2140/9289 1742/2144/9290 1607/2139/9291
f 1607/2139/9292 1726/2137/9293 1630/2140/9294
f 1648/2141/9295 1630/2140/9296 1726/2137/9297
f 1726/2137/9298 1711/2136/9299 1648/2141/9300
f 1631/2146/9301 1650/2147/9302 1713/2148/9303
f 1713/2148/9304 1730/2149/9305 1631/2146/9306
f 1743/2150/9307 1631/2146/9308 1730/2149/9309
f 1730/2149/9310 1609/2151/9311 1743/2150/9312
f 1631/2146/9313 1743/2150/9314 1608/2145/9315
f 1608/2145/9316 1728/2143/9317 1631/2146/9318
f 1650/2147/9319 1631/2146/9320 1728/2143/9321
f 1728/2143/9322 1712/2142/9323 1650/2147/9324
f 1632/2152/9325 1652/2153/9326 1714/2154/9327
f 1714/2154/9328 1732/2155/9329 1632/2152/9330
f 1744/2156/9331 1632/2152/9332 1732/2155/9333
f 1732/2155/9334 1610/2157/9335 1744/2156/9336
f 1632/2152/9337 1744/2156/9338 1609/2151/9339
f 1609/2151/9340 1730/2149/9341 1632/2152/9342
f 1652/2153/9343 1632/2152/9344 1730/2149/9345
f 1730/2149/9346 1713/2148/9347 1652/2153/9348
f 1633/2158/9349 1733/2159/9350 1610/2157/9351
f 1610/2157/9352 1747/2160/9353 1633/2158/9354
f 1735/2161/9355 1633/2158/9356 1747/2160/9357
f 1747/2160/9358 1611/2162/9359 1735/2161/9360
f 2067/2163/9361 2056/2164/9362 1633/2158/9363
f 1633/2158/9364 1735/2161/9365 2067/2163/9366
f 1733/2159/9367 1633/2158/9368 2056/2164/9369
f 2056/2164/9370 2065/2165/9371 1733/2159/9372
f 2232/1960/9373 1634/2166/9374 1655/2167/9375
f 1655/2167/9376 2231/1961/9377 2232/1960/9378
f 2233/1959/9379 1745/2168/9380 1634/2166/9381
f 1634/2166/9382 2232/1960/9383 2233/1959/9384
f 1634/2166/9385 1745/2168/9386 1611/2162/9387
f 1611/2162/9388 1734/2169/9389 1634/2166/9390
f 1655/2167/9391 1634/2166/9392 1734/2169/9393
f 1734/2169/9394 1715/2170/9395 1655/2167/9396
f 1635/2171/9397 1736/2105/9398 1602/2106/9399
f 1602/2106/9400 1717/2172/9401 1635/2171/9402
f 1635/2171/9403 1717/2172/9404 2066/2173/9405
f 2066/2173/9406 2057/2174/9407 1635/2171/9408
f 1898/2175/9409 1635/2171/9410 2057/2174/9411
f 2057/2174/9412 2186/2176/9413 1898/2175/9414
f 1736/2105/9415 1635/2171/9416 1898/2175/9417
f 1898/2175/9418 1784/2107/9419 1736/2105/9420
f 1894/2109/9421 2153/2177/9422 2094/2178/9423
f 2094/2178/9424 1636/2102/9425 1894/2109/9426
f 2034/2179/9427 1706/2103/9428 1636/2102/9429
f 1636/2102/9430 2094/2178/9431 2034/2179/9432
f 1637/2180/9433 1737/2114/9434 1603/2115/9435
f 1603/2115/9436 1719/2181/9437 1637/2180/9438
f 1637/2180/9439 1719/2181/9440 2058/2182/9441
f 2058/2182/9442 2047/2183/9443 1637/2180/9444
f 1717/2172/9445 1637/2180/9446 2047/2183/9447
f 2047/2183/9448 2066/2173/9449 1717/2172/9450
f 1737/2114/9451 1637/2180/9452 1717/2172/9453
f 1717/2172/9454 1602/2106/9455 1737/2114/9456
f 1706/2103/9457 2034/2179/9458 2095/2184/9459
f 2095/2184/9460 1638/2111/9461 1706/2103/9462
f 1638/2111/9463 2095/2184/9464 2035/2185/9465
f 2035/2185/9466 1707/2112/9467 1638/2111/9468
f 1639/2186/9469 1738/2120/9470 1604/2121/9471
f 1604/2121/9472 1721/2187/9473 1639/2186/9474
f 1639/2186/9475 1721/2187/9476 2059/2188/9477
f 2059/2188/9478 2048/2189/9479 1639/2186/9480
f 1719/2181/9481 1639/2186/9482 2048/2189/9483
f 2048/2189/9484 2058/2182/9485 1719/2181/9486
f 1738/2120/9487 1639/2186/9488 1719/2181/9489
f 1719/2181/9490 1603/2115/9491 1738/2120/9492
f 1707/2112/9493 2035/2185/9494 2096/2190/9495
f 2096/2190/9496 1640/2117/9497 1707/2112/9498
f 1640/2117/9499 2096/2190/9500 2036/2191/9501
f 2036/2191/9502 1708/2118/9503 1640/2117/9504
f 1641/2192/9505 1739/2126/9506 1605/2127/9507
f 1605/2127/9508 1723/2193/9509 1641/2192/9510
f 1641/2192/9511 1723/2193/9512 2060/2194/9513
f 2060/2194/9514 2049/2195/9515 1641/2192/9516
f 1721/2187/9517 1641/2192/9518 2049/2195/9519
f 2049/2195/9520 2059/2188/9521 1721/2187/9522
f 1739/2126/9523 1641/2192/9524 1721/2187/9525
f 1721/2187/9526 1604/2121/9527 1739/2126/9528
f 1708/2118/9529 2036/2191/9530 2097/2196/9531
f 2097/2196/9532 1642/2123/9533 1708/2118/9534
f 1642/2123/9535 2097/2196/9536 2037/2197/9537
f 2037/2197/9538 1709/2124/9539 1642/2123/9540
f 1643/2198/9541 1740/2132/9542 1606/2133/9543
f 1606/2133/9544 1725/2199/9545 1643/2198/9546
f 1643/2198/9547 1725/2199/9548 2061/2200/9549
f 2061/2200/9550 2050/2201/9551 1643/2198/9552
f 1723/2193/9553 1643/2198/9554 2050/2201/9555
f 2050/2201/9556 2060/2194/9557 1723/2193/9558
f 1740/2132/9559 1643/2198/9560 1723/2193/9561
f 1723/2193/9562 1605/2127/9563 1740/2132/9564
f 1709/2124/9565 2037/2197/9566 2098/2202/9567
f 2098/2202/9568 1644/2129/9569 1709/2124/9570
f 1644/2129/9571 2098/2202/9572 2038/2203/9573
f 2038/2203/9574 1710/2130/9575 1644/2129/9576
f 1645/2204/9577 1741/2138/9578 1607/2139/9579
f 1607/2139/9580 1727/2205/9581 1645/2204/9582
f 1645/2204/9583 1727/2205/9584 2062/2206/9585
f 2062/2206/9586 2051/2207/9587 1645/2204/9588
f 1725/2199/9589 1645/2204/9590 2051/2207/9591
f 2051/2207/9592 2061/2200/9593 1725/2199/9594
f 1741/2138/9595 1645/2204/9596 1725/2199/9597
f 1725/2199/9598 1606/2133/9599 1741/2138/9600
f 1710/2130/9601 2038/2203/9602 2099/2208/9603
f 2099/2208/9604 1646/2135/9605 1710/2130/9606
f 1646/2135/9607 2099/2208/9608 2039/2209/9609
f 2039/2209/9610 1711/2136/9611 1646/2135/9612
f 1647/2210/9613 1742/2144/9614 1608/2145/9615
f 1608/2145/9616 1729/2211/9617 1647/2210/9618
f 1647/2210/9619 1729/2211/9620 2063/2212/9621
f 2063/2212/9622 2052/2213/9623 1647/2210/9624
f 1727/2205/9625 1647/2210/9626 2052/2213/9627
f 2052/2213/9628 2062/2206/9629 1727/2205/9630
f 1742/2144/9631 1647/2210/9632 1727/2205/9633
f 1727/2205/9634 1607/2139/9635 1742/2144/9636
f 1711/2136/9637 2039/2209/9638 2100/2214/9639
f 2100/2214/9640 1648/2141/9641 1711/2136/9642
f 1648/2141/9643 2100/2214/9644 2040/2215/9645
f 2040/2215/9646 1712/2142/9647 1648/2141/9648
f 1649/2216/9649 1743/2150/9650 1609/2151/9651
f 1609/2151/9652 1731/2217/9653 1649/2216/9654
f 1731/2217/9655 2064/2218/9656 2053/2219/9657
f 2053/2219/9658 1649/2216/9659 1731/2217/9660
f 1729/2211/9661 1649/2216/9662 2053/2219/9663
f 2053/2219/9664 2063/2212/9665 1729/2211/9666
f 1743/2150/9667 1649/2216/9668 1729/2211/9669
f 1729/2211/9670 1608/2145/9671 1743/2150/9672
f 1712/2142/9673 2040/2215/9674 2101/2220/9675
f 2101/2220/9676 1650/2147/9677 1712/2142/9678
f 1650/2147/9679 2101/2220/9680 2041/2221/9681
f 2041/2221/9682 1713/2148/9683 1650/2147/9684
f 1651/2222/9685 1744/2156/9686 1610/2157/9687
f 1610/2157/9688 1733/2159/9689 1651/2222/9690
f 1651/2222/9691 1733/2159/9692 2065/2165/9693
f 2065/2165/9694 2054/2223/9695 1651/2222/9696
f 1731/2217/9697 1651/2222/9698 2054/2223/9699
f 2054/2223/9700 2064/2218/9701 1731/2217/9702
f 1744/2156/9703 1651/2222/9704 1731/2217/9705
f 1731/2217/9706 1609/2151/9707 1744/2156/9708
f 1713/2148/9709 2041/2221/9710 2102/2224/9711
f 2102/2224/9712 1652/2153/9713 1713/2148/9714
f 1652/2153/9715 2102/2224/9716 2042/2225/9717
f 2042/2225/9718 1714/2154/9719 1652/2153/9720
f 1714/2154/9721 2042/2225/9722 2103/2226/9723
f 2103/2226/9724 1653/2227/9725 1714/2154/9726
f 1653/2227/9727 2103/2226/9728 2043/2228/9729
f 2043/2228/9730 1715/2170/9731 1653/2227/9732
f 2234/1958/9733 1654/2229/9734 1745/2168/9735
f 1745/2168/9736 2233/1959/9737 2234/1958/9738
f 1735/2161/9739 1654/2229/9740 2055/2230/9741
f 2055/2230/9742 2067/2163/9743 1735/2161/9744
f 1745/2168/9745 1654/2229/9746 1735/2161/9747
f 1735/2161/9748 1611/2162/9749 1745/2168/9750
f 1715/2170/9751 2043/2228/9752 2104/2231/9753
f 2104/2231/9754 1655/2167/9755 1715/2170/9756
f 2034/2179/9757 2094/2178/9758 1746/2232/9759
f 1746/2232/9760 1952/2233/9761 2034/2179/9762
f 1746/2232/9763 2094/2178/9764 2153/2177/9765
f 2153/2177/9766 1803/2234/9767 1746/2232/9768
f 2095/2184/9769 1965/2235/9770 1953/2236/9771
f 1953/2236/9772 2035/2185/9773 2095/2184/9774
f 1965/2235/9775 2095/2184/9776 2034/2179/9777
f 2034/2179/9778 1952/2233/9779 1965/2235/9780
f 2096/2190/9781 1966/2237/9782 1954/2238/9783
f 1954/2238/9784 2036/2191/9785 2096/2190/9786
f 1966/2237/9787 2096/2190/9788 2035/2185/9789
f 2035/2185/9790 1953/2236/9791 1966/2237/9792
f 2097/2196/9793 1967/2239/9794 1955/2240/9795
f 1955/2240/9796 2037/2197/9797 2097/2196/9798
f 1967/2239/9799 2097/2196/9800 2036/2191/9801
f 2036/2191/9802 1954/2238/9803 1967/2239/9804
f 2098/2202/9805 1968/2241/9806 1956/2242/9807
f 1956/2242/9808 2038/2203/9809 2098/2202/9810
f 1968/2241/9811 2098/2202/9812 2037/2197/9813
f 2037/2197/9814 1955/2240/9815 1968/2241/9816
f 2099/2208/9817 1969/2243/9818 1957/2244/9819
f 1957/2244/9820 2039/2209/9821 2099/2208/9822
f 1969/2243/9823 2099/2208/9824 2038/2203/9825
f 2038/2203/9826 1956/2242/9827 1969/2243/9828
f 2100/2214/9829 1970/2245/9830 1958/2246/9831
f 1958/2246/9832 2040/2215/9833 2100/2214/9834
f 1970/2245/9835 2100/2214/9836 2039/2209/9837
f 2039/2209/9838 1957/2244/9839 1970/2245/9840
f 2101/2220/9841 1971/2247/9842 1959/2248/9843
f 1959/2248/9844 2041/2221/9845 2101/2220/9846
f 1971/2247/9847 2101/2220/9848 2040/2215/9849
f 2040/2215/9850 1958/2246/9851 1971/2247/9852
f 2102/2224/9853 1972/2249/9854 1960/2250/9855
f 1960/2250/9856 2042/2225/9857 2102/2224/9858
f 1972/2249/9859 2102/2224/9860 2041/2221/9861
f 2041/2221/9862 1959/2248/9863 1972/2249/9864
f 2103/2226/9865 1973/2251/9866 1961/2252/9867
f 1961/2252/9868 2043/2228/9869 2103/2226/9870
f 1973/2251/9871 2103/2226/9872 2042/2225/9873
f 2042/2225/9874 1960/2250/9875 1973/2251/9876
f 2104/2231/9877 1974/2253/9878 1962/2254/9879
f 1962/2254/9880 2044/1967/9881 2104/2231/9882
f 1974/2253/9883 2104/2231/9884 2043/2228/9885
f 2043/2228/9886 1961/2252/9887 1974/2253/9888
f 2105/1968/9889 1975/2255/9890 1963/2256/9891
f 1963/2256/9892 2045/1962/9893 2105/1968/9894
f 1975/2255/9895 2105/1968/9896 2044/1967/9897
f 2044/1967/9898 1962/2254/9899 1975/2255/9900
f 2106/1963/9901 1976/2257/9902 1964/2258/9903
f 1964/2258/9904 2046/1964/9905 2106/1963/9906
f 1976/2257/9907 2106/1963/9908 2045/1962/9909
f 2045/1962/9910 1963/2256/9911 1976/2257/9912
f 2107/1965/9913 1977/2259/9914 1991/2260/9915
f 1991/2260/9916 2166/1966/9917 2107/1965/9918
f 1977/2259/9919 2107/1965/9920 2046/1964/9921
f 2046/1964/9922 1964/2258/9923 1977/2259/9924
f 1656/2261/9925 1747/2160/9926 1610/2157/9927
f 1610/2157/9928 1732/2155/9929 1656/2261/9930
f 1653/2227/9931 1656/2261/9932 1732/2155/9933
f 1732/2155/9934 1714/2154/9935 1653/2227/9936
f 1656/2261/9937 1653/2227/9938 1715/2170/9939
f 1715/2170/9940 1734/2169/9941 1656/2261/9942
f 1747/2160/9943 1656/2261/9944 1734/2169/9945
f 1734/2169/9946 1611/2162/9947 1747/2160/9948
f 2044/1967/9949 2231/1961/9950 1655/2167/9951
f 1655/2167/9952 2104/2231/9953 2044/1967/9954
f 2235/1957/9955 2055/2230/9956 1654/2229/9957
f 1654/2229/9958 2234/1958/9959 2235/1957/9960
f 2108/2262/9961 1748/2263/9962 1766/2264/9963
f 1766/2264/9964 2112/2265/9965 2108/2262/9966
f 1760/2266/9967 1755/2267/9968 1749/2268/9969
f 1749/2268/9970 1765/2269/9971 1760/2266/9972
f 1750/2270/9973 2111/2271/9974 2110/2272/9975
f 2110/2272/9976 1754/2273/9977 1750/2270/9978
f 2111/2271/9979 1750/2270/9980 1748/2263/9981
f 1748/2263/9982 2108/2262/9983 2111/2271/9984
f 1767/2274/9985 1768/2275/9986 2115/2276/9987
f 2115/2276/9988 2114/2277/9989 1767/2274/9990
f 1756/2278/9991 1759/2279/9992 1758/2280/9993
f 1758/2280/9994 1757/2281/9995 1756/2278/9996
f 1757/2281/9997 1758/2280/9998 1768/2275/9999
f 1768/2275/10000 1767/2274/10001 1757/2281/10002
f 1762/2282/10003 1752/2283/10004 1759/2279/10005
f 1759/2279/10006 1756/2278/10007 1762/2282/10008
f 2124/2284/10009 1749/2268/10010 1755/2267/10011
f 1755/2267/10012 2113/2285/10013 2124/2284/10014
f 2109/2286/10015 1753/2287/10016 1754/2273/10017
f 1754/2273/10018 2110/2272/10019 2109/2286/10020
f 1763/2288/10021 1753/2287/10022 1755/2267/10023
f 1755/2267/10024 1760/2266/10025 1763/2288/10026
f 2113/2285/10027 1755/2267/10028 1753/2287/10029
f 1753/2287/10030 2109/2286/10031 2113/2285/10032
f 1762/2282/10033 1754/2273/10034 1753/2287/10035
f 1753/2287/10036 1763/2288/10037 1762/2282/10038
f 1756/2278/10039 1750/2270/10040 1754/2273/10041
f 1754/2273/10042 1762/2282/10043 1756/2278/10044
f 1757/2281/10045 1748/2263/10046 1750/2270/10047
f 1750/2270/10048 1756/2278/10049 1757/2281/10050
f 1767/2274/10051 1766/2264/10052 1748/2263/10053
f 1748/2263/10054 1757/2281/10055 1767/2274/10056
f 2114/2277/10057 1863/2289/10058 1766/2264/10059
f 1766/2264/10060 1767/2274/10061 2114/2277/10062
f 1769/2290/10063 2116/2291/10064 2115/2276/10065 1768/2275/10066
f 1758/2280/10067 1761/2292/10068 1769/2290/10069 1768/2275/10070
f 1761/2292/10071 1758/2280/10072 1759/2279/10073 1751/2293/10074
f 1751/2293/10075 1759/2279/10076 1752/2283/10077 1764/2294/10078
f 2240/2295/10079 2116/2291/10080 1769/2290/10081
f 1769/2290/10082 2239/2296/10083 2240/2295/10084
f 2238/2297/10085 1761/2292/10086 1751/2293/10087
f 1751/2293/10088 2237/2298/10089 2238/2297/10090
f 1764/2294/10091 2236/2299/10092 2237/2298/10093
f 2237/2298/10094 1751/2293/10095 1764/2294/10096
f 2164/2300/10097 1752/2283/10098 1762/2282/10099
f 1762/2282/10100 2227/2301/10101 2164/2300/10102
f 2227/2301/10103 1762/2282/10104 1763/2288/10105
f 1763/2288/10106 2165/2302/10107 2227/2301/10108
f 2165/2302/10109 1763/2288/10110 1760/2266/10111
f 1760/2266/10112 2228/2303/10113 2165/2302/10114
f 2228/2303/10115 1760/2266/10116 1765/2269/10117
f 1765/2269/10118 2166/2304/10119 2228/2303/10120
f 1764/2294/10121 2226/2305/10122 2163/2306/10123
f 2163/2306/10124 2236/2299/10125 1764/2294/10126
f 2112/2265/10127 1766/2264/10128 1863/2289/10129
f 1863/2289/10130 2230/2307/10131 2112/2265/10132
f 1804/2308/10133 1830/2309/10134 1893/1972/10135
f 1893/1972/10136 1867/1971/10137 1804/2308/10138
f 1866/2310/10139 1770/2311/10140 1830/2309/10141
f 1830/2309/10142 1804/2308/10143 1866/2310/10144
f 1804/2308/10145 1816/2312/10146 1879/2313/10147
f 1879/2313/10148 1866/2310/10149 1804/2308/10150
f 1867/1971/10151 1771/1978/10152 1816/2312/10153
f 1816/2312/10154 1804/2308/10155 1867/1971/10156
f 1805/2314/10157 1866/2310/10158 1879/2313/10159
f 1879/2313/10160 1817/2315/10161 1805/2314/10162
f 1831/2316/10163 1770/2311/10164 1866/2310/10165
f 1866/2310/10166 1805/2314/10167 1831/2316/10168
f 1805/2314/10169 1868/2317/10170 1772/2318/10171
f 1772/2318/10172 1831/2316/10173 1805/2314/10174
f 1817/2315/10175 1880/2319/10176 1868/2317/10177
f 1868/2317/10178 1805/2314/10179 1817/2315/10180
f 1806/2320/10181 1868/2317/10182 1880/2319/10183
f 1880/2319/10184 1818/2321/10185 1806/2320/10186
f 1832/2322/10187 1772/2318/10188 1868/2317/10189
f 1868/2317/10190 1806/2320/10191 1832/2322/10192
f 1806/2320/10193 1869/2323/10194 1773/2324/10195
f 1773/2324/10196 1832/2322/10197 1806/2320/10198
f 1818/2321/10199 1881/2325/10200 1869/2323/10201
f 1869/2323/10202 1806/2320/10203 1818/2321/10204
f 1807/2326/10205 1869/2323/10206 1881/2325/10207
f 1881/2325/10208 1819/2327/10209 1807/2326/10210
f 1833/2328/10211 1773/2324/10212 1869/2323/10213
f 1869/2323/10214 1807/2326/10215 1833/2328/10216
f 1807/2326/10217 1870/2329/10218 1774/2330/10219
f 1774/2330/10220 1833/2328/10221 1807/2326/10222
f 1819/2327/10223 1882/2331/10224 1870/2329/10225
f 1870/2329/10226 1807/2326/10227 1819/2327/10228
f 1808/2332/10229 1870/2329/10230 1882/2331/10231
f 1882/2331/10232 1820/2333/10233 1808/2332/10234
f 1834/2334/10235 1774/2330/10236 1870/2329/10237
f 1870/2329/10238 1808/2332/10239 1834/2334/10240
f 1808/2332/10241 1871/2335/10242 1775/2336/10243
f 1775/2336/10244 1834/2334/10245 1808/2332/10246
f 1820/2333/10247 1883/2337/10248 1871/2335/10249
f 1871/2335/10250 1808/2332/10251 1820/2333/10252
f 1809/2338/10253 1871/2335/10254 1883/2337/10255
f 1883/2337/10256 1821/2339/10257 1809/2338/10258
f 1835/2340/10259 1775/2336/10260 1871/2335/10261
f 1871/2335/10262 1809/2338/10263 1835/2340/10264
f 1809/2338/10265 1872/2341/10266 1776/2342/10267
f 1776/2342/10268 1835/2340/10269 1809/2338/10270
f 1821/2339/10271 1884/2343/10272 1872/2341/10273
f 1872/2341/10274 1809/2338/10275 1821/2339/10276
f 1810/2344/10277 1872/2341/10278 1884/2343/10279
f 1884/2343/10280 1822/2345/10281 1810/2344/10282
f 1836/2346/10283 1776/2342/10284 1872/2341/10285
f 1872/2341/10286 1810/2344/10287 1836/2346/10288
f 1810/2344/10289 1873/2347/10290 1777/2348/10291
f 1777/2348/10292 1836/2346/10293 1810/2344/10294
f 1822/2345/10295 1885/2349/10296 1873/2347/10297
f 1873/2347/10298 1810/2344/10299 1822/2345/10300
f 1811/2350/10301 1873/2347/10302 1885/2349/10303
f 1885/2349/10304 1823/2351/10305 1811/2350/10306
f 1837/2352/10307 1777/2348/10308 1873/2347/10309
f 1873/2347/10310 1811/2350/10311 1837/2352/10312
f 1811/2350/10313 1874/2353/10314 1778/2354/10315
f 1778/2354/10316 1837/2352/10317 1811/2350/10318
f 1823/2351/10319 1886/2355/10320 1874/2353/10321
f 1874/2353/10322 1811/2350/10323 1823/2351/10324
f 1812/2356/10325 1874/2353/10326 1886/2355/10327
f 1886/2355/10328 1824/2357/10329 1812/2356/10330
f 1838/2358/10331 1778/2354/10332 1874/2353/10333
f 1874/2353/10334 1812/2356/10335 1838/2358/10336
f 1812/2356/10337 1875/2359/10338 1779/2360/10339
f 1779/2360/10340 1838/2358/10341 1812/2356/10342
f 1824/2357/10343 1887/2361/10344 1875/2359/10345
f 1875/2359/10346 1812/2356/10347 1824/2357/10348
f 1813/2362/10349 1875/2359/10350 1887/2361/10351
f 1887/2361/10352 1825/2363/10353 1813/2362/10354
f 1839/2364/10355 1779/2360/10356 1875/2359/10357
f 1875/2359/10358 1813/2362/10359 1839/2364/10360
f 1813/2362/10361 1876/2365/10362 1780/2366/10363
f 1780/2366/10364 1839/2364/10365 1813/2362/10366
f 1825/2363/10367 1888/2367/10368 1876/2365/10369
f 1876/2365/10370 1813/2362/10371 1825/2363/10372
f 1814/2368/10373 1876/2365/10374 1888/2367/10375
f 1888/2367/10376 1826/2369/10377 1814/2368/10378
f 1840/2370/10379 1780/2366/10380 1876/2365/10381
f 1876/2365/10382 1814/2368/10383 1840/2370/10384
f 1814/2368/10385 1877/2371/10386 1781/2372/10387
f 1781/2372/10388 1840/2370/10389 1814/2368/10390
f 1826/2369/10391 1889/2373/10392 1877/2371/10393
f 1877/2371/10394 1814/2368/10395 1826/2369/10396
f 1815/2374/10397 1877/2371/10398 1889/2373/10399
f 1889/2373/10400 1827/2375/10401 1815/2374/10402
f 1841/2376/10403 1781/2372/10404 1877/2371/10405
f 1877/2371/10406 1815/2374/10407 1841/2376/10408
f 1841/2376/10409 1815/2374/10410 1878/2377/10411
f 1827/2375/10412 1890/2378/10413 1878/2377/10414
f 1878/2377/10415 1815/2374/10416 1827/2375/10417
f 1890/2378/10418 1828/2379/10419 1878/2377/10420
f 1816/2312/10421 2190/2380/10422 2126/2381/10423
f 2126/2381/10424 1879/2313/10425 1816/2312/10426
f 1816/2312/10427 1771/1978/10428 2127/2047/10429
f 2127/2047/10430 2190/2380/10431 1816/2312/10432
f 1817/2315/10433 2191/2382/10434 2128/2383/10435
f 2128/2383/10436 1880/2319/10437 1817/2315/10438
f 1879/2313/10439 2126/2381/10440 2191/2382/10441
f 2191/2382/10442 1817/2315/10443 1879/2313/10444
f 1818/2321/10445 2192/2384/10446 2129/2385/10447
f 2129/2385/10448 1881/2325/10449 1818/2321/10450
f 1880/2319/10451 2128/2383/10452 2192/2384/10453
f 2192/2384/10454 1818/2321/10455 1880/2319/10456
f 1819/2327/10457 2193/2386/10458 2130/2387/10459
f 2130/2387/10460 1882/2331/10461 1819/2327/10462
f 1881/2325/10463 2129/2385/10464 2193/2386/10465
f 2193/2386/10466 1819/2327/10467 1881/2325/10468
f 2131/2388/10469 1883/2337/10470 1820/2333/10471
f 1820/2333/10472 2194/2389/10473 2131/2388/10474
f 1882/2331/10475 2130/2387/10476 2194/2389/10477
f 2194/2389/10478 1820/2333/10479 1882/2331/10480
f 1821/2339/10481 2195/2390/10482 2132/2391/10483
f 2132/2391/10484 1884/2343/10485 1821/2339/10486
f 1883/2337/10487 2131/2388/10488 2195/2390/10489
f 2195/2390/10490 1821/2339/10491 1883/2337/10492
f 1822/2345/10493 2196/2392/10494 2133/2393/10495
f 2133/2393/10496 1885/2349/10497 1822/2345/10498
f 1884/2343/10499 2132/2391/10500 2196/2392/10501
f 2196/2392/10502 1822/2345/10503 1884/2343/10504
f 1823/2351/10505 2197/2394/10506 2134/2395/10507
f 2134/2395/10508 1886/2355/10509 1823/2351/10510
f 1885/2349/10511 2133/2393/10512 2197/2394/10513
f 2197/2394/10514 1823/2351/10515 1885/2349/10516
f 1824/2357/10517 2198/2396/10518 2135/2397/10519
f 2135/2397/10520 1887/2361/10521 1824/2357/10522
f 1886/2355/10523 2134/2395/10524 2198/2396/10525
f 2198/2396/10526 1824/2357/10527 1886/2355/10528
f 1825/2363/10529 2199/2398/10530 2136/2399/10531
f 2136/2399/10532 1888/2367/10533 1825/2363/10534
f 1887/2361/10535 2135/2397/10536 2199/2398/10537
f 2199/2398/10538 1825/2363/10539 1887/2361/10540
f 1826/2369/10541 2200/2400/10542 2137/2401/10543
f 2137/2401/10544 1889/2373/10545 1826/2369/10546
f 1888/2367/10547 2136/2399/10548 2200/2400/10549
f 2200/2400/10550 1826/2369/10551 1888/2367/10552
f 1827/2375/10553 2201/2402/10554 2138/2403/10555
f 2138/2403/10556 1890/2378/10557 1827/2375/10558
f 1889/2373/10559 2137/2401/10560 2201/2402/10561
f 2201/2402/10562 1827/2375/10563 1889/2373/10564
f 1828/2379/10565 2202/2404/10566 2139/2405/10567
f 2139/2405/10568 1891/2406/10569 1828/2379/10570
f 1890/2378/10571 2138/2403/10572 2202/2404/10573
f 2202/2404/10574 1828/2379/10575 1890/2378/10576
f 1892/2407/10577 1829/2408/10578 2203/2409/10579
f 2203/2409/10580 2188/2410/10581 1892/2407/10582
f 1891/2406/10583 2139/2405/10584 2203/2409/10585
f 2203/2409/10586 1829/2408/10587 1891/2406/10588
f 1893/1972/10589 1830/2309/10590 2204/2411/10591
f 2204/2411/10592 2140/2078/10593 1893/1972/10594
f 1830/2309/10595 1770/2311/10596 2141/2412/10597
f 2141/2412/10598 2204/2411/10599 1830/2309/10600
f 1831/2316/10601 2205/2413/10602 2141/2412/10603
f 2141/2412/10604 1770/2311/10605 1831/2316/10606
f 1831/2316/10607 1772/2318/10608 2142/2414/10609
f 2142/2414/10610 2205/2413/10611 1831/2316/10612
f 1832/2322/10613 2206/2415/10614 2142/2414/10615
f 2142/2414/10616 1772/2318/10617 1832/2322/10618
f 1832/2322/10619 1773/2324/10620 2143/2416/10621
f 2143/2416/10622 2206/2415/10623 1832/2322/10624
f 1833/2328/10625 2207/2417/10626 2143/2416/10627
f 2143/2416/10628 1773/2324/10629 1833/2328/10630
f 1833/2328/10631 1774/2330/10632 2144/2418/10633
f 2144/2418/10634 2207/2417/10635 1833/2328/10636
f 1834/2334/10637 2208/2419/10638 2144/2418/10639
f 2144/2418/10640 1774/2330/10641 1834/2334/10642
f 1834/2334/10643 1775/2336/10644 2145/2420/10645
f 2145/2420/10646 2208/2419/10647 1834/2334/10648
f 1835/2340/10649 2209/2421/10650 2145/2420/10651
f 2145/2420/10652 1775/2336/10653 1835/2340/10654
f 1835/2340/10655 1776/2342/10656 2146/2422/10657
f 2146/2422/10658 2209/2421/10659 1835/2340/10660
f 1836/2346/10661 2210/2423/10662 2146/2422/10663
f 2146/2422/10664 1776/2342/10665 1836/2346/10666
f 1836/2346/10667 1777/2348/10668 2147/2424/10669
f 2147/2424/10670 2210/2423/10671 1836/2346/10672
f 1837/2352/10673 2211/2425/10674 2147/2424/10675
f 2147/2424/10676 1777/2348/10677 1837/2352/10678
f 1837/2352/10679 1778/2354/10680 2148/2426/10681
f 2148/2426/10682 2211/2425/10683 1837/2352/10684
f 1838/2358/10685 2212/2427/10686 2148/2426/10687
f 2148/2426/10688 1778/2354/10689 1838/2358/10690
f 1838/2358/10691 1779/2360/10692 2149/2428/10693
f 2149/2428/10694 2212/2427/10695 1838/2358/10696
f 1839/2364/10697 2213/2429/10698 2149/2428/10699
f 2149/2428/10700 1779/2360/10701 1839/2364/10702
f 1839/2364/10703 1780/2366/10704 2150/2430/10705
f 2150/2430/10706 2213/2429/10707 1839/2364/10708
f 1840/2370/10709 2214/2431/10710 2150/2430/10711
f 2150/2430/10712 1780/2366/10713 1840/2370/10714
f 1840/2370/10715 1781/2372/10716 2151/2432/10717
f 2151/2432/10718 2214/2431/10719 1840/2370/10720
f 1841/2376/10721 1864/2433/10722 2151/2432/10723
f 2151/2432/10724 1781/2372/10725 1841/2376/10726
f 1842/2434/10727 1895/2435/10728 1782/2436/10729
f 1782/2436/10730 1918/2437/10731 1842/2434/10732
f 1917/2438/10733 1783/2439/10734 1895/2435/10735
f 1895/2435/10736 1842/2434/10737 1917/2438/10738
f 1842/2434/10739 1897/2108/10740 1784/2107/10741
f 1784/2107/10742 1917/2438/10743 1842/2434/10744
f 1918/2437/10745 1894/2109/10746 1897/2108/10747
f 1897/2108/10748 1842/2434/10749 1918/2437/10750
f 1843/2440/10751 1899/2441/10752 1785/2442/10753
f 1785/2442/10754 1920/2443/10755 1843/2440/10756
f 1919/2444/10757 1786/2445/10758 1899/2441/10759
f 1899/2441/10760 1843/2440/10761 1919/2444/10762
f 1843/2440/10763 1895/2435/10764 1783/2439/10765
f 1783/2439/10766 1919/2444/10767 1843/2440/10768
f 1920/2443/10769 1782/2436/10770 1895/2435/10771
f 1895/2435/10772 1843/2440/10773 1920/2443/10774
f 1844/2446/10775 1901/2447/10776 1787/2448/10777
f 1787/2448/10778 1922/2449/10779 1844/2446/10780
f 1921/2450/10781 1788/2451/10782 1901/2447/10783
f 1901/2447/10784 1844/2446/10785 1921/2450/10786
f 1844/2446/10787 1899/2441/10788 1786/2445/10789
f 1786/2445/10790 1921/2450/10791 1844/2446/10792
f 1922/2449/10793 1785/2442/10794 1899/2441/10795
f 1899/2441/10796 1844/2446/10797 1922/2449/10798
f 1845/2452/10799 1903/2453/10800 1789/2454/10801
f 1789/2454/10802 1924/2455/10803 1845/2452/10804
f 1923/2456/10805 1790/2457/10806 1903/2453/10807
f 1903/2453/10808 1845/2452/10809 1923/2456/10810
f 1845/2452/10811 1901/2447/10812 1788/2451/10813
f 1788/2451/10814 1923/2456/10815 1845/2452/10816
f 1924/2455/10817 1787/2448/10818 1901/2447/10819
f 1901/2447/10820 1845/2452/10821 1924/2455/10822
f 1846/2458/10823 1905/2459/10824 1791/2460/10825
f 1791/2460/10826 1926/2461/10827 1846/2458/10828
f 1925/2462/10829 1792/2463/10830 1905/2459/10831
f 1905/2459/10832 1846/2458/10833 1925/2462/10834
f 1846/2458/10835 1903/2453/10836 1790/2457/10837
f 1790/2457/10838 1925/2462/10839 1846/2458/10840
f 1926/2461/10841 1789/2454/10842 1903/2453/10843
f 1903/2453/10844 1846/2458/10845 1926/2461/10846
f 1847/2464/10847 1907/2465/10848 1793/2466/10849
f 1793/2466/10850 1928/2467/10851 1847/2464/10852
f 1927/2468/10853 1794/2469/10854 1907/2465/10855
f 1907/2465/10856 1847/2464/10857 1927/2468/10858
f 1847/2464/10859 1905/2459/10860 1792/2463/10861
f 1792/2463/10862 1927/2468/10863 1847/2464/10864
f 1928/2467/10865 1791/2460/10866 1905/2459/10867
f 1905/2459/10868 1847/2464/10869 1928/2467/10870
f 1848/2470/10871 1909/2471/10872 1795/2472/10873
f 1795/2472/10874 1930/2473/10875 1848/2470/10876
f 1929/2474/10877 1796/2475/10878 1909/2471/10879
f 1909/2471/10880 1848/2470/10881 1929/2474/10882
f 1848/2470/10883 1907/2465/10884 1794/2469/10885
f 1794/2469/10886 1929/2474/10887 1848/2470/10888
f 1930/2473/10889 1793/2466/10890 1907/2465/10891
f 1907/2465/10892 1848/2470/10893 1930/2473/10894
f 1849/2476/10895 1911/2477/10896 1797/2478/10897
f 1797/2478/10898 1932/2479/10899 1849/2476/10900
f 1931/2480/10901 1798/2481/10902 1911/2477/10903
f 1911/2477/10904 1849/2476/10905 1931/2480/10906
f 1849/2476/10907 1909/2471/10908 1796/2475/10909
f 1796/2475/10910 1931/2480/10911 1849/2476/10912
f 1932/2479/10913 1795/2472/10914 1909/2471/10915
f 1909/2471/10916 1849/2476/10917 1932/2479/10918
f 1850/2482/10919 1913/2483/10920 1799/2484/10921
f 1799/2484/10922 1934/2485/10923 1850/2482/10924
f 1933/2486/10925 1800/2487/10926 1913/2483/10927
f 1913/2483/10928 1850/2482/10929 1933/2486/10930
f 1850/2482/10931 1911/2477/10932 1798/2481/10933
f 1798/2481/10934 1933/2486/10935 1850/2482/10936
f 1934/2485/10937 1797/2478/10938 1911/2477/10939
f 1911/2477/10940 1850/2482/10941 1934/2485/10942
f 1914/2488/10943 1851/2489/10944 1951/2490/10945
f 1951/2490/10946 1800/2487/10947 1914/2488/10948
f 1851/2489/10949 1916/2491/10950 1802/2492/10951
f 1802/2492/10952 1951/2490/10953 1851/2489/10954
f 1916/2491/10955 1851/2489/10956 2176/2493/10957
f 2176/2493/10958 2189/2494/10959 1916/2491/10960
f 1851/2489/10961 1914/2488/10962 2185/2495/10963
f 2185/2495/10964 2176/2493/10965 1851/2489/10966
f 1852/2496/10967 1915/2497/10968 1802/2492/10969
f 1802/2492/10970 1936/2498/10971 1852/2496/10972
f 1937/2499/10973 1801/2500/10974 1915/2497/10975
f 1915/2497/10976 1852/2496/10977 1937/2499/10978
f 1853/2501/10979 1896/2502/10980 1783/2439/10981
f 1783/2439/10982 1917/2438/10983 1853/2501/10984
f 2177/2503/10985 2187/2504/10986 1896/2502/10987
f 1896/2502/10988 1853/2501/10989 2177/2503/10990
f 2186/2176/10991 2177/2503/10992 1853/2501/10993
f 1853/2501/10994 1898/2175/10995 2186/2176/10996
f 1917/2438/10997 1784/2107/10998 1898/2175/10999
f 1898/2175/11000 1853/2501/11001 1917/2438/11002
f 2153/2177/11003 1894/2109/11004 1918/2437/11005
f 1918/2437/11006 2215/2505/11007 2153/2177/11008
f 1782/2436/11009 2152/2506/11010 2215/2505/11011
f 2215/2505/11012 1918/2437/11013 1782/2436/11014
f 1854/2507/11015 1900/2508/11016 1786/2445/11017
f 1786/2445/11018 1919/2444/11019 1854/2507/11020
f 2167/2509/11021 2178/2510/11022 1900/2508/11023
f 1900/2508/11024 1854/2507/11025 2167/2509/11026
f 1854/2507/11027 1896/2502/11028 2187/2504/11029
f 2187/2504/11030 2167/2509/11031 1854/2507/11032
f 1919/2444/11033 1783/2439/11034 1896/2502/11035
f 1896/2502/11036 1854/2507/11037 1919/2444/11038
f 2152/2506/11039 1782/2436/11040 1920/2443/11041
f 1920/2443/11042 2216/2511/11043 2152/2506/11044
f 2216/2511/11045 1920/2443/11046 1785/2442/11047
f 1785/2442/11048 2154/2512/11049 2216/2511/11050
f 1855/2513/11051 1902/2514/11052 1788/2451/11053
f 1788/2451/11054 1921/2450/11055 1855/2513/11056
f 1902/2514/11057 1855/2513/11058 2168/2515/11059
f 2168/2515/11060 2179/2516/11061 1902/2514/11062
f 2178/2510/11063 2168/2515/11064 1855/2513/11065
f 1855/2513/11066 1900/2508/11067 2178/2510/11068
f 1921/2450/11069 1786/2445/11070 1900/2508/11071
f 1900/2508/11072 1855/2513/11073 1921/2450/11074
f 1922/2449/11075 2217/2517/11076 2154/2512/11077
f 2154/2512/11078 1785/2442/11079 1922/2449/11080
f 1787/2448/11081 2155/2518/11082 2217/2517/11083
f 2217/2517/11084 1922/2449/11085 1787/2448/11086
f 1856/2519/11087 1904/2520/11088 1790/2457/11089
f 1790/2457/11090 1923/2456/11091 1856/2519/11092
f 1904/2520/11093 1856/2519/11094 2169/2521/11095
f 2169/2521/11096 2180/2522/11097 1904/2520/11098
f 2179/2516/11099 2169/2521/11100 1856/2519/11101
f 1856/2519/11102 1902/2514/11103 2179/2516/11104
f 1923/2456/11105 1788/2451/11106 1902/2514/11107
f 1902/2514/11108 1856/2519/11109 1923/2456/11110
f 1924/2455/11111 2218/2523/11112 2155/2518/11113
f 2155/2518/11114 1787/2448/11115 1924/2455/11116
f 1789/2454/11117 2156/2524/11118 2218/2523/11119
f 2218/2523/11120 1924/2455/11121 1789/2454/11122
f 1857/2525/11123 1906/2526/11124 1792/2463/11125
f 1792/2463/11126 1925/2462/11127 1857/2525/11128
f 1906/2526/11129 1857/2525/11130 2170/2527/11131
f 2170/2527/11132 2181/2528/11133 1906/2526/11134
f 2180/2522/11135 2170/2527/11136 1857/2525/11137
f 1857/2525/11138 1904/2520/11139 2180/2522/11140
f 1925/2462/11141 1790/2457/11142 1904/2520/11143
f 1904/2520/11144 1857/2525/11145 1925/2462/11146
f 1926/2461/11147 2219/2529/11148 2156/2524/11149
f 2156/2524/11150 1789/2454/11151 1926/2461/11152
f 1791/2460/11153 2157/2530/11154 2219/2529/11155
f 2219/2529/11156 1926/2461/11157 1791/2460/11158
f 1858/2531/11159 1908/2532/11160 1794/2469/11161
f 1794/2469/11162 1927/2468/11163 1858/2531/11164
f 1908/2532/11165 1858/2531/11166 2171/2533/11167
f 2171/2533/11168 2182/2534/11169 1908/2532/11170
f 2181/2528/11171 2171/2533/11172 1858/2531/11173
f 1858/2531/11174 1906/2526/11175 2181/2528/11176
f 1927/2468/11177 1792/2463/11178 1906/2526/11179
f 1906/2526/11180 1858/2531/11181 1927/2468/11182
f 1928/2467/11183 2220/2535/11184 2157/2530/11185
f 2157/2530/11186 1791/2460/11187 1928/2467/11188
f 1793/2466/11189 2158/2536/11190 2220/2535/11191
f 2220/2535/11192 1928/2467/11193 1793/2466/11194
f 1859/2537/11195 1910/2538/11196 1796/2475/11197
f 1796/2475/11198 1929/2474/11199 1859/2537/11200
f 1910/2538/11201 1859/2537/11202 2172/2539/11203
f 2172/2539/11204 2183/2540/11205 1910/2538/11206
f 2182/2534/11207 2172/2539/11208 1859/2537/11209
f 1859/2537/11210 1908/2532/11211 2182/2534/11212
f 1929/2474/11213 1794/2469/11214 1908/2532/11215
f 1908/2532/11216 1859/2537/11217 1929/2474/11218
f 1930/2473/11219 2221/2541/11220 2158/2536/11221
f 2158/2536/11222 1793/2466/11223 1930/2473/11224
f 1795/2472/11225 2159/2542/11226 2221/2541/11227
f 2221/2541/11228 1930/2473/11229 1795/2472/11230
f 1860/2543/11231 1912/2544/11232 1798/2481/11233
f 1798/2481/11234 1931/2480/11235 1860/2543/11236
f 1912/2544/11237 1860/2543/11238 2173/2545/11239
f 2173/2545/11240 2184/2546/11241 1912/2544/11242
f 2183/2540/11243 2173/2545/11244 1860/2543/11245
f 1860/2543/11246 1910/2538/11247 2183/2540/11248
f 1931/2480/11249 1796/2475/11250 1910/2538/11251
f 1910/2538/11252 1860/2543/11253 1931/2480/11254
f 1932/2479/11255 2222/2547/11256 2159/2542/11257
f 2159/2542/11258 1795/2472/11259 1932/2479/11260
f 1797/2478/11261 2160/2548/11262 2222/2547/11263
f 2222/2547/11264 1932/2479/11265 1797/2478/11266
f 1861/2549/11267 1914/2488/11268 1800/2487/11269
f 1800/2487/11270 1933/2486/11271 1861/2549/11272
f 1914/2488/11273 1861/2549/11274 2174/2550/11275
f 2174/2550/11276 2185/2495/11277 1914/2488/11278
f 2184/2546/11279 2174/2550/11280 1861/2549/11281
f 1861/2549/11282 1912/2544/11283 2184/2546/11284
f 1933/2486/11285 1798/2481/11286 1912/2544/11287
f 1912/2544/11288 1861/2549/11289 1933/2486/11290
f 1934/2485/11291 2223/2551/11292 2160/2548/11293
f 2160/2548/11294 1797/2478/11295 1934/2485/11296
f 1799/2484/11297 2161/2552/11298 2223/2551/11299
f 2223/2551/11300 1934/2485/11301 1799/2484/11302
f 1935/2553/11303 2224/2554/11304 2161/2552/11305
f 2161/2552/11306 1799/2484/11307 1935/2553/11308
f 1801/2500/11309 2162/2555/11310 2224/2554/11311
f 2224/2554/11312 1935/2553/11313 1801/2500/11314
f 2239/2296/11315 1769/2290/11316 1761/2292/11317
f 1761/2292/11318 2238/2297/11319 2239/2296/11320
f 1862/2556/11321 1916/2491/11322 2189/2494/11323
f 2189/2494/11324 2175/2557/11325 1862/2556/11326
f 1936/2498/11327 1802/2492/11328 1916/2491/11329
f 1916/2491/11330 1862/2556/11331 1936/2498/11332
f 2162/2555/11333 1801/2500/11334 1937/2499/11335
f 1937/2499/11336 2225/2558/11337 2162/2555/11338
f 1992/2559/11339 2215/2505/11340 2152/2506/11341
f 2152/2506/11342 1978/2560/11343 1992/2559/11344
f 2153/2177/11345 2215/2505/11346 1992/2559/11347
f 1992/2559/11348 1803/2234/11349 2153/2177/11350
f 1979/2561/11351 1938/2562/11352 2216/2511/11353
f 2216/2511/11354 2154/2512/11355 1979/2561/11356
f 2152/2506/11357 2216/2511/11358 1938/2562/11359
f 1938/2562/11360 1978/2560/11361 2152/2506/11362
f 1980/2563/11363 1939/2564/11364 2217/2517/11365
f 2217/2517/11366 2155/2518/11367 1980/2563/11368
f 2154/2512/11369 2217/2517/11370 1939/2564/11371
f 1939/2564/11372 1979/2561/11373 2154/2512/11374
f 1981/2565/11375 1940/2566/11376 2218/2523/11377
f 2218/2523/11378 2156/2524/11379 1981/2565/11380
f 2155/2518/11381 2218/2523/11382 1940/2566/11383
f 1940/2566/11384 1980/2563/11385 2155/2518/11386
f 1982/2567/11387 1941/2568/11388 2219/2529/11389
f 2219/2529/11390 2157/2530/11391 1982/2567/11392
f 2156/2524/11393 2219/2529/11394 1941/2568/11395
f 1941/2568/11396 1981/2565/11397 2156/2524/11398
f 1983/2569/11399 1942/2570/11400 2220/2535/11401
f 2220/2535/11402 2158/2536/11403 1983/2569/11404
f 2157/2530/11405 2220/2535/11406 1942/2570/11407
f 1942/2570/11408 1982/2567/11409 2157/2530/11410
f 1984/2571/11411 1943/2572/11412 2221/2541/11413
f 2221/2541/11414 2159/2542/11415 1984/2571/11416
f 2158/2536/11417 2221/2541/11418 1943/2572/11419
f 1943/2572/11420 1983/2569/11421 2158/2536/11422
f 1985/2573/11423 1944/2574/11424 2222/2547/11425
f 2222/2547/11426 2160/2548/11427 1985/2573/11428
f 2159/2542/11429 2222/2547/11430 1944/2574/11431
f 1944/2574/11432 1984/2571/11433 2159/2542/11434
f 1986/2575/11435 1945/2576/11436 2223/2551/11437
f 2223/2551/11438 2161/2552/11439 1986/2575/11440
f 2160/2548/11441 2223/2551/11442 1945/2576/11443
f 1945/2576/11444 1985/2573/11445 2160/2548/11446
f 1987/2577/11447 1946/2578/11448 2224/2554/11449
f 2224/2554/11450 2162/2555/11451 1987/2577/11452
f 2161/2552/11453 2224/2554/11454 1946/2578/11455
f 1946/2578/11456 1986/2575/11457 2161/2552/11458
f 1988/2579/11459 1947/2580/11460 2225/2558/11461
f 2225/2558/11462 2163/2306/11463 1988/2579/11464
f 2162/2555/11465 2225/2558/11466 1947/2580/11467
f 1947/2580/11468 1987/2577/11469 2162/2555/11470
f 1989/2581/11471 1948/2582/11472 2226/2305/11473
f 2226/2305/11474 2164/2300/11475 1989/2581/11476
f 2163/2306/11477 2226/2305/11478 1948/2582/11479
f 1948/2582/11480 1988/2579/11481 2163/2306/11482
f 1990/2583/11483 1949/2584/11484 2227/2301/11485
f 2227/2301/11486 2165/2302/11487 1990/2583/11488
f 2164/2300/11489 2227/2301/11490 1949/2584/11491
f 1949/2584/11492 1989/2581/11493 2164/2300/11494
f 1991/2585/11495 1950/2586/11496 2228/2303/11497
f 2228/2303/11498 2166/2304/11499 1991/2585/11500
f 2165/2302/11501 2228/2303/11502 1950/2586/11503
f 1950/2586/11504 1990/2583/11505 2165/2302/11506
f 1865/2587/11507 1913/2483/11508 1800/2487/11509
f 1800/2487/11510 1951/2490/11511 1865/2587/11512
f 1935/2553/11513 1799/2484/11514 1913/2483/11515
f 1913/2483/11516 1865/2587/11517 1935/2553/11518
f 1865/2587/11519 1915/2497/11520 1801/2500/11521
f 1801/2500/11522 1935/2553/11523 1865/2587/11524
f 1951/2490/11525 1802/2492/11526 1915/2497/11527
f 1915/2497/11528 1865/2587/11529 1951/2490/11530
f 2118/2588/11531 2122/2589/11532 2112/2265/11533
f 2118/2588/11534 2112/2265/11535 2230/2307/11536
f 2003/2590/11537 2008/2591/11538 1998/1924/11539
f 1998/1924/11540 1993/1927/11541 2003/2590/11542
f 2125/2592/11543 2009/2593/11544 1999/1946/11545
f 1999/1946/11546 2124/1947/11547 2125/2592/11548
f 2005/2594/11549 2006/2595/11550 1996/1935/11551
f 1996/1935/11552 1995/1949/11553 2005/2594/11554
f 2006/2595/11555 2007/2596/11556 1997/1932/11557
f 1997/1932/11558 1996/1935/11559 2006/2595/11560
f 2007/2596/11561 2003/2590/11562 1993/1927/11563
f 1993/1927/11564 1997/1932/11565 2007/2596/11566
f 2009/2593/11567 2005/2594/11568 1995/1949/11569
f 1995/1949/11570 1999/1946/11571 2009/2593/11572
f 1952/2233/11573 1746/2232/11574 2068/2597/11575
f 2068/2597/11576 2010/2598/11577 1952/2233/11578
f 2068/2597/11579 1746/2232/11580 1803/2234/11581
f 1803/2234/11582 2127/2599/11583 2068/2597/11584
f 2011/2600/11585 1953/2236/11586 1965/2235/11587
f 1965/2235/11588 2069/2601/11589 2011/2600/11590
f 1965/2235/11591 1952/2233/11592 2010/2598/11593
f 2010/2598/11594 2069/2601/11595 1965/2235/11596
f 2012/2602/11597 1954/2238/11598 1966/2237/11599
f 1966/2237/11600 2070/2603/11601 2012/2602/11602
f 1966/2237/11603 1953/2236/11604 2011/2600/11605
f 2011/2600/11606 2070/2603/11607 1966/2237/11608
f 2013/2604/11609 1955/2240/11610 1967/2239/11611
f 1967/2239/11612 2071/2605/11613 2013/2604/11614
f 1967/2239/11615 1954/2238/11616 2012/2602/11617
f 2012/2602/11618 2071/2605/11619 1967/2239/11620
f 2014/2606/11621 1956/2242/11622 1968/2241/11623
f 1968/2241/11624 2072/2607/11625 2014/2606/11626
f 1968/2241/11627 1955/2240/11628 2013/2604/11629
f 2013/2604/11630 2072/2607/11631 1968/2241/11632
f 2015/2608/11633 1957/2244/11634 1969/2243/11635
f 1969/2243/11636 2073/2609/11637 2015/2608/11638
f 1969/2243/11639 1956/2242/11640 2014/2606/11641
f 2014/2606/11642 2073/2609/11643 1969/2243/11644
f 2016/2610/11645 1958/2246/11646 1970/2245/11647
f 1970/2245/11648 2074/2611/11649 2016/2610/11650
f 1970/2245/11651 1957/2244/11652 2015/2608/11653
f 2015/2608/11654 2074/2611/11655 1970/2245/11656
f 2017/2612/11657 1959/2248/11658 1971/2247/11659
f 1971/2247/11660 2075/2613/11661 2017/2612/11662
f 1971/2247/11663 1958/2246/11664 2016/2610/11665
f 2016/2610/11666 2075/2613/11667 1971/2247/11668
f 2018/2614/11669 1960/2250/11670 1972/2249/11671
f 1972/2249/11672 2076/2615/11673 2018/2614/11674
f 1972/2249/11675 1959/2248/11676 2017/2612/11677
f 2017/2612/11678 2076/2615/11679 1972/2249/11680
f 2019/2616/11681 1961/2252/11682 1973/2251/11683
f 1973/2251/11684 2077/2617/11685 2019/2616/11686
f 1973/2251/11687 1960/2250/11688 2018/2614/11689
f 2018/2614/11690 2077/2617/11691 1973/2251/11692
f 2020/2618/11693 1962/2254/11694 1974/2253/11695
f 1974/2253/11696 2078/2619/11697 2020/2618/11698
f 1974/2253/11699 1961/2252/11700 2019/2616/11701
f 2019/2616/11702 2078/2619/11703 1974/2253/11704
f 2021/2620/11705 1963/2256/11706 1975/2255/11707
f 1975/2255/11708 2079/2621/11709 2021/2620/11710
f 1975/2255/11711 1962/2254/11712 2020/2618/11713
f 2020/2618/11714 2079/2621/11715 1975/2255/11716
f 2022/2622/11717 1964/2258/11718 1976/2257/11719
f 1976/2257/11720 2080/2623/11721 2022/2622/11722
f 1976/2257/11723 1963/2256/11724 2021/2620/11725
f 2021/2620/11726 2080/2623/11727 1976/2257/11728
f 2188/2624/11729 1991/2260/11730 1977/2259/11731
f 1977/2259/11732 2081/2625/11733 2188/2624/11734
f 1977/2259/11735 1964/2258/11736 2022/2622/11737
f 2022/2622/11738 2081/2625/11739 1977/2259/11740
f 2140/2626/11741 2186/2176/11742 2057/2174/11743
f 2057/2174/11744 2082/2627/11745 2140/2626/11746
f 2082/2627/11747 2057/2174/11748 2066/2173/11749
f 2066/2173/11750 2023/2628/11751 2082/2627/11752
f 2023/2628/11753 2066/2173/11754 2047/2183/11755
f 2047/2183/11756 2083/2629/11757 2023/2628/11758
f 2083/2629/11759 2047/2183/11760 2058/2182/11761
f 2058/2182/11762 2024/2630/11763 2083/2629/11764
f 2024/2630/11765 2058/2182/11766 2048/2189/11767
f 2048/2189/11768 2084/2631/11769 2024/2630/11770
f 2084/2631/11771 2048/2189/11772 2059/2188/11773
f 2059/2188/11774 2025/2632/11775 2084/2631/11776
f 2025/2632/11777 2059/2188/11778 2049/2195/11779
f 2049/2195/11780 2085/2633/11781 2025/2632/11782
f 2085/2633/11783 2049/2195/11784 2060/2194/11785
f 2060/2194/11786 2026/2634/11787 2085/2633/11788
f 2026/2634/11789 2060/2194/11790 2050/2201/11791
f 2050/2201/11792 2086/2635/11793 2026/2634/11794
f 2086/2635/11795 2050/2201/11796 2061/2200/11797
f 2061/2200/11798 2027/2636/11799 2086/2635/11800
f 2027/2636/11801 2061/2200/11802 2051/2207/11803
f 2051/2207/11804 2087/2637/11805 2027/2636/11806
f 2087/2637/11807 2051/2207/11808 2062/2206/11809
f 2062/2206/11810 2028/2638/11811 2087/2637/11812
f 2028/2638/11813 2062/2206/11814 2052/2213/11815
f 2052/2213/11816 2088/2639/11817 2028/2638/11818
f 2088/2639/11819 2052/2213/11820 2063/2212/11821
f 2063/2212/11822 2029/2640/11823 2088/2639/11824
f 2053/2219/11825 2089/2641/11826 2029/2640/11827
f 2029/2640/11828 2063/2212/11829 2053/2219/11830
f 2030/2642/11831 2089/2641/11832 2053/2219/11833
f 2053/2219/11834 2064/2218/11835 2030/2642/11836
f 2054/2223/11837 2090/2643/11838 2030/2642/11839
f 2030/2642/11840 2064/2218/11841 2054/2223/11842
f 2090/2643/11843 2054/2223/11844 2065/2165/11845
f 2065/2165/11846 2031/2644/11847 2090/2643/11848
f 2031/2644/11849 2065/2165/11850 2056/2164/11851
f 2056/2164/11852 2091/2645/11853 2031/2644/11854
f 2091/2645/11855 2056/2164/11856 2067/2163/11857
f 2067/2163/11858 2032/2646/11859 2091/2645/11860
f 2032/2646/11861 2067/2163/11862 2055/2230/11863
f 2055/2230/11864 2092/2647/11865 2032/2646/11866
f 2092/2647/11867 2055/2230/11868 2235/1957/11869
f 2235/1957/11870 2033/2648/11871 2092/2647/11872
f 2093/2649/11873 2033/2648/11874 2235/1957/11875
f 2235/1957/11876 2002/1953/11877 2093/2649/11878
f 2045/1962/11879 1583/1944/11880 1581/1956/11881
f 1581/1956/11882 2105/1968/11883 2045/1962/11884
f 2229/1969/11885 1998/1924/11886 2008/2591/11887
f 2004/2650/11888 2229/1969/11889 2008/2591/11890
f 2112/2265/11891 2122/2589/11892 2117/2651/11893
f 2117/2651/11894 2108/2262/11895 2112/2265/11896
f 2113/2285/11897 2123/2652/11898 2125/2653/11899
f 2125/2653/11900 2124/2284/11901 2113/2285/11902
f 2110/2272/11903 2120/2654/11904 2119/2655/11905
f 2119/2655/11906 2109/2286/11907 2110/2272/11908
f 2111/2271/11909 2121/2656/11910 2120/2654/11911
f 2120/2654/11912 2110/2272/11913 2111/2271/11914
f 2108/2262/11915 2117/2651/11916 2121/2656/11917
f 2121/2656/11918 2111/2271/11919 2108/2262/11920
f 2109/2286/11921 2119/2655/11922 2123/2652/11923
f 2123/2652/11924 2113/2285/11925 2109/2286/11926
f 2190/2657/11927 1992/2559/11928 1978/2560/11929
f 1978/2560/11930 2126/2658/11931 2190/2657/11932
f 1803/2234/11933 1992/2559/11934 2190/2657/11935
f 2190/2657/11936 2127/2599/11937 1803/2234/11938
f 1938/2562/11939 1979/2561/11940 2128/2659/11941
f 2128/2659/11942 2191/2660/11943 1938/2562/11944
f 2126/2658/11945 1978/2560/11946 1938/2562/11947
f 1938/2562/11948 2191/2660/11949 2126/2658/11950
f 1939/2564/11951 1980/2563/11952 2129/2661/11953
f 2129/2661/11954 2192/2662/11955 1939/2564/11956
f 2128/2659/11957 1979/2561/11958 1939/2564/11959
f 1939/2564/11960 2192/2662/11961 2128/2659/11962
f 1940/2566/11963 1981/2565/11964 2130/2663/11965
f 2130/2663/11966 2193/2664/11967 1940/2566/11968
f 2129/2661/11969 1980/2563/11970 1940/2566/11971
f 1940/2566/11972 2193/2664/11973 2129/2661/11974
f 1941/2568/11975 1982/2567/11976 2131/2665/11977
f 2131/2665/11978 2194/2666/11979 1941/2568/11980
f 2130/2663/11981 1981/2565/11982 1941/2568/11983
f 1941/2568/11984 2194/2666/11985 2130/2663/11986
f 1942/2570/11987 1983/2569/11988 2132/2667/11989
f 2132/2667/11990 2195/2668/11991 1942/2570/11992
f 2131/2665/11993 1982/2567/11994 1942/2570/11995
f 1942/2570/11996 2195/2668/11997 2131/2665/11998
f 1943/2572/11999 1984/2571/12000 2133/2669/12001
f 2133/2669/12002 2196/2670/12003 1943/2572/12004
f 2132/2667/12005 1983/2569/12006 1943/2572/12007
f 1943/2572/12008 2196/2670/12009 2132/2667/12010
f 1944/2574/12011 1985/2573/12012 2134/2671/12013
f 2134/2671/12014 2197/2672/12015 1944/2574/12016
f 2133/2669/12017 1984/2571/12018 1944/2574/12019
f 1944/2574/12020 2197/2672/12021 2133/2669/12022
f 1945/2576/12023 1986/2575/12024 2135/2673/12025
f 2135/2673/12026 2198/2674/12027 1945/2576/12028
f 2134/2671/12029 1985/2573/12030 1945/2576/12031
f 1945/2576/12032 2198/2674/12033 2134/2671/12034
f 1946/2578/12035 1987/2577/12036 2136/2675/12037
f 2136/2675/12038 2199/2676/12039 1946/2578/12040
f 2135/2673/12041 1986/2575/12042 1946/2578/12043
f 1946/2578/12044 2199/2676/12045 2135/2673/12046
f 1947/2580/12047 1988/2579/12048 2137/2677/12049
f 2137/2677/12050 2200/2678/12051 1947/2580/12052
f 2136/2675/12053 1987/2577/12054 1947/2580/12055
f 1947/2580/12056 2200/2678/12057 2136/2675/12058
f 1948/2582/12059 1989/2581/12060 2138/2679/12061
f 2138/2679/12062 2201/2680/12063 1948/2582/12064
f 2137/2677/12065 1988/2579/12066 1948/2582/12067
f 1948/2582/12068 2201/2680/12069 2137/2677/12070
f 1949/2584/12071 1990/2583/12072 2139/2681/12073
f 2139/2681/12074 2202/2682/12075 1949/2584/12076
f 2138/2679/12077 1989/2581/12078 1949/2584/12079
f 1949/2584/12080 2202/2682/12081 2138/2679/12082
f 1950/2586/12083 1991/2585/12084 2188/2683/12085
f 2188/2683/12086 2203/2684/12087 1950/2586/12088
f 2139/2681/12089 1990/2583/12090 1950/2586/12091
f 1950/2586/12092 2203/2684/12093 2139/2681/12094
f 2204/2685/12095 2177/2503/12096 2186/2176/12097
f 2186/2176/12098 2140/2626/12099 2204/2685/12100
f 2141/2686/12101 2187/2504/12102 2177/2503/12103
f 2177/2503/12104 2204/2685/12105 2141/2686/12106
f 2187/2504/12107 2141/2686/12108 2205/2687/12109
f 2205/2687/12110 2167/2509/12111 2187/2504/12112
f 2167/2509/12113 2205/2687/12114 2142/2688/12115
f 2142/2688/12116 2178/2510/12117 2167/2509/12118
f 2178/2510/12119 2142/2688/12120 2206/2689/12121
f 2206/2689/12122 2168/2515/12123 2178/2510/12124
f 2143/2690/12125 2179/2516/12126 2168/2515/12127
f 2168/2515/12128 2206/2689/12129 2143/2690/12130
f 2179/2516/12131 2143/2690/12132 2207/2691/12133
f 2207/2691/12134 2169/2521/12135 2179/2516/12136
f 2144/2692/12137 2180/2522/12138 2169/2521/12139
f 2169/2521/12140 2207/2691/12141 2144/2692/12142
f 2180/2522/12143 2144/2692/12144 2208/2693/12145
f 2208/2693/12146 2170/2527/12147 2180/2522/12148
f 2145/2694/12149 2181/2528/12150 2170/2527/12151
f 2170/2527/12152 2208/2693/12153 2145/2694/12154
f 2181/2528/12155 2145/2694/12156 2209/2695/12157
f 2209/2695/12158 2171/2533/12159 2181/2528/12160
f 2146/2696/12161 2182/2534/12162 2171/2533/12163
f 2171/2533/12164 2209/2695/12165 2146/2696/12166
f 2210/2697/12167 2172/2539/12168 2182/2534/12169
f 2182/2534/12170 2146/2696/12171 2210/2697/12172
f 2172/2539/12173 2210/2697/12174 2147/2698/12175
f 2147/2698/12176 2183/2540/12177 2172/2539/12178
f 2211/2699/12179 2173/2545/12180 2183/2540/12181
f 2183/2540/12182 2147/2698/12183 2211/2699/12184
f 2173/2545/12185 2211/2699/12186 2148/2700/12187
f 2148/2700/12188 2184/2546/12189 2173/2545/12190
f 2212/2701/12191 2174/2550/12192 2184/2546/12193
f 2184/2546/12194 2148/2700/12195 2212/2701/12196
f 2174/2550/12197 2212/2701/12198 2149/2702/12199
f 2149/2702/12200 2185/2495/12201 2174/2550/12202
f 2185/2495/12203 2149/2702/12204 2213/2703/12205
f 2213/2703/12206 2176/2493/12207 2185/2495/12208
f 2150/2704/12209 2189/2494/12210 2176/2493/12211
f 2176/2493/12212 2213/2703/12213 2150/2704/12214
f 2214/2705/12215 2175/2557/12216 2189/2494/12217
f 2189/2494/12218 2150/2704/12219 2214/2705/12220
f 2175/2557/12221 2214/2705/12222 2151/2706/12223
f 2151/2706/12224 2240/2295/12225 2175/2557/12226
f 1864/2707/12227 2116/2291/12228 2240/2295/12229
f 2240/2295/12230 2151/2706/12231 1864/2707/12232
f 2226/2305/12233 1764/2294/12234 1752/2283/12235 2164/2300/12236
f 1582/1954/12237 1588/1952/12238 2234/1958/12239
f 2234/1958/12240 2233/1959/12241 1582/1954/12242
f 2225/2558/12243 1937/2499/12244 2236/2299/12245
f 2236/2299/12246 2163/2306/12247 2225/2558/12248
f 1852/2496/12249 2237/2298/12250 2236/2299/12251
f 2236/2299/12252 1937/2499/12253 1852/2496/12254
f 2237/2298/12255 1852/2496/12256 1936/2498/12257
f 1936/2498/12258 2238/2297/12259 2237/2298/12260
f 2238/2297/12261 1936/2498/12262 1862/2556/12263
f 1862/2556/12264 2239/2296/12265 2238/2297/12266
f 2175/2557/12267 2240/2295/12268 2239/2296/12269
f 2239/2296/12270 1862/2556/12271 2175/2557/12272
f 2122/2708/12273 2118/2709/12274 2241/2710/12275
f 2008/2711/12276 2003/2712/12277 2241/2713/12278
f 2009/2714/12279 2125/2715/12280 2241/2716/12281
f 2006/2717/12282 2005/2718/12283 2241/2719/12284
f 2007/2720/12285 2006/2721/12286 2241/2722/12287
f 2003/2723/12288 2007/2724/12289 2241/2725/12290
f 2005/2726/12291 2009/2727/12292 2241/2728/12293
f 2004/2729/12294 2008/2730/12295 2241/2731/12296
f 2117/2732/12297 2122/2733/12298 2241/2734/12299
f 2125/2735/12300 2123/2736/12301 2241/2737/12302
f 2119/2738/12303 2120/2739/12304 2241/2740/12305
f 2120/2741/12306 2121/2742/12307 2241/2743/12308
f 2121/2744/12309 2117/2745/12310 2241/2746/12311
f 2123/2747/12312 2119/2748/12313 2241/2749/12314
