# 3ds Max Wavefront OBJ Exporter v0.97b - (c)2007 guruware
# File Created: 01.07.2022 10:03:04

mtllib YVR_d1_right_body.mtl

#
# object Object007
#

v  0.0148 0.0038 0.0061
v  0.0122 0.0066 0.0089
v  0.0130 0.0061 0.0110
v  0.0152 0.0034 0.0088
v  0.0173 0.0003 0.0064
v  0.0189 -0.0028 0.0040
v  0.0198 -0.0035 -0.0012
v  0.0176 0.0003 0.0026
v  0.0163 0.0005 0.0246
v  0.0172 -0.0023 0.0240
v  0.0177 -0.0023 0.0164
v  0.0167 0.0005 0.0172
v  0.0157 0.0005 0.0332
v  0.0148 0.0002 0.0445
v  0.0157 -0.0028 0.0444
v  0.0166 -0.0024 0.0328
v  0.0136 -0.0004 0.0541
v  0.0145 -0.0032 0.0540
v  0.0117 -0.0016 0.0623
v  0.0123 -0.0040 0.0623
v  0.0107 -0.0045 0.0658
v  0.0110 -0.0067 0.0656
v  0.0127 -0.0066 0.0621
v  0.0103 -0.0024 0.0659
v  0.0081 -0.0033 0.0687
v  0.0087 -0.0050 0.0688
v  0.0081 0.0010 0.0664
v  0.0094 0.0023 0.0629
v  0.0077 0.0037 0.0631
v  0.0066 0.0020 0.0666
v  0.0035 0.0055 0.0637
v  0.0014 0.0057 0.0638
v  0.0014 0.0033 0.0672
v  0.0032 0.0031 0.0671
v  0.0124 0.0021 0.0543
v  0.0108 0.0044 0.0545
v  0.0106 0.0005 0.0626
v  0.0088 0.0061 0.0548
v  0.0063 0.0077 0.0552
v  0.0055 0.0049 0.0634
v  0.0040 0.0084 0.0554
v  0.0153 0.0034 0.0127
v  0.0153 0.0034 0.0180
v  0.0170 0.0004 0.0114
v  0.0132 0.0062 0.0187
v  0.0127 0.0065 0.0260
v  0.0148 0.0035 0.0253
v  0.0123 0.0064 0.0340
v  0.0116 0.0057 0.0451
v  0.0135 0.0030 0.0448
v  0.0143 0.0035 0.0336
v  0.0071 0.0104 0.0346
v  0.0068 0.0094 0.0457
v  0.0093 0.0077 0.0454
v  0.0099 0.0085 0.0343
v  0.0162 0.0020 0.0043
v  0.0201 -0.0062 0.0023
v  0.0216 -0.0075 -0.0040
v  0.0175 -0.0051 0.0233
v  0.0180 -0.0051 0.0157
v  0.0160 -0.0058 0.0443
v  0.0169 -0.0053 0.0325
v  0.0148 -0.0062 0.0540
v  0.0088 -0.0068 0.0688
v  0.0043 0.0102 0.0458
v  0.0044 0.0112 0.0347
v  0.0014 0.0087 0.0554
v  0.0014 0.0106 0.0458
v  0.0014 0.0116 0.0348
v  0.0014 0.0113 0.0147
v  0.0041 0.0109 0.0144
v  0.0039 0.0109 0.0132
v  0.0014 0.0112 0.0135
v  0.0093 -0.0006 0.0661
v  0.0073 -0.0017 0.0687
v  0.0041 0.0008 0.0692
v  0.0048 0.0027 0.0669
v  0.0029 0.0010 0.0693
v  0.0014 0.0012 0.0694
v  0.0065 -0.0007 0.0689
v  0.0053 0.0003 0.0691
v  0.0047 -0.0052 0.0696
v  0.0047 -0.0069 0.0695
v  0.0047 -0.0070 0.0709
v  0.0047 -0.0052 0.0709
v  0.0014 -0.0039 0.0695
v  0.0044 -0.0025 0.0695
v  0.0037 -0.0014 0.0695
v  0.0026 -0.0007 0.0695
v  0.0014 -0.0005 0.0694
v  0.0026 -0.0006 0.0704
v  0.0014 -0.0004 0.0704
v  0.0037 -0.0013 0.0705
v  0.0044 -0.0024 0.0706
v  0.0047 -0.0037 0.0695
v  0.0047 -0.0037 0.0708
v  0.0014 -0.0069 0.0695
v  0.0102 0.0087 0.0265
v  0.0072 0.0106 0.0269
v  0.0043 0.0114 0.0271
v  0.0014 0.0118 0.0272
v  0.0104 0.0086 0.0193
v  0.0073 0.0104 0.0198
v  0.0043 0.0113 0.0201
v  0.0014 0.0117 0.0201
v  0.0182 -0.0025 0.0101
v  0.0189 -0.0054 0.0088
v  0.0132 0.0061 0.0139
v  0.0103 0.0085 0.0150
v  0.0072 0.0103 0.0158
v  0.0042 0.0112 0.0162
v  0.0014 0.0115 0.0163
v  0.0101 0.0084 0.0126
v  0.0069 0.0101 0.0138
v  -0.0067 0.0085 0.0108
v  -0.0079 0.0077 0.0100
v  -0.0073 0.0084 0.0126
v  -0.0161 -0.0028 0.0040
v  -0.0145 0.0003 0.0064
v  -0.0148 0.0003 0.0025
v  -0.0170 -0.0035 -0.0012
v  -0.0129 0.0005 0.0332
v  -0.0138 -0.0024 0.0328
v  -0.0129 -0.0028 0.0444
v  -0.0120 0.0002 0.0445
v  -0.0117 -0.0032 0.0540
v  -0.0108 -0.0004 0.0541
v  -0.0089 -0.0016 0.0623
v  -0.0095 -0.0040 0.0623
v  -0.0079 -0.0045 0.0658
v  -0.0099 -0.0066 0.0621
v  -0.0082 -0.0067 0.0656
v  -0.0059 -0.0050 0.0688
v  -0.0053 -0.0033 0.0687
v  -0.0075 -0.0024 0.0659
v  -0.0053 0.0010 0.0664
v  -0.0038 0.0020 0.0666
v  -0.0049 0.0037 0.0631
v  -0.0066 0.0023 0.0629
v  -0.0007 0.0055 0.0637
v  -0.0004 0.0031 0.0671
v  -0.0096 0.0021 0.0543
v  -0.0078 0.0005 0.0626
v  -0.0080 0.0044 0.0545
v  -0.0027 0.0049 0.0634
v  -0.0035 0.0077 0.0552
v  -0.0060 0.0061 0.0548
v  -0.0012 0.0084 0.0554
v  -0.0133 0.0019 0.0158
v  -0.0125 0.0034 0.0127
v  -0.0142 0.0004 0.0114
v  -0.0143 -0.0002 0.0141
v  -0.0120 0.0035 0.0253
v  -0.0099 0.0065 0.0260
v  -0.0104 0.0062 0.0187
v  -0.0123 0.0035 0.0205
v  -0.0095 0.0064 0.0340
v  -0.0115 0.0035 0.0336
v  -0.0107 0.0030 0.0448
v  -0.0088 0.0057 0.0451
v  -0.0043 0.0104 0.0346
v  -0.0071 0.0085 0.0343
v  -0.0065 0.0077 0.0454
v  -0.0040 0.0094 0.0457
v  -0.0124 0.0034 0.0088
v  -0.0120 0.0038 0.0061
v  -0.0188 -0.0075 -0.0040
v  -0.0172 -0.0062 0.0023
v  -0.0141 -0.0053 0.0325
v  -0.0132 -0.0058 0.0443
v  -0.0120 -0.0062 0.0540
v  -0.0060 -0.0068 0.0688
v  -0.0035 0.0102 0.0125
v  -0.0049 0.0096 0.0118
v  -0.0041 0.0101 0.0138
v  -0.0014 0.0102 0.0458
v  -0.0016 0.0112 0.0347
v  -0.0011 0.0109 0.0132
v  -0.0013 0.0109 0.0144
v  -0.0045 -0.0017 0.0687
v  -0.0065 -0.0006 0.0661
v  -0.0013 0.0008 0.0692
v  -0.0001 0.0010 0.0693
v  -0.0020 0.0027 0.0669
v  -0.0037 -0.0007 0.0689
v  -0.0025 0.0003 0.0691
v  -0.0019 -0.0069 0.0695
v  -0.0019 -0.0052 0.0696
v  -0.0019 -0.0052 0.0709
v  -0.0019 -0.0070 0.0709
v  -0.0009 -0.0014 0.0695
v  -0.0016 -0.0025 0.0695
v  0.0002 -0.0007 0.0695
v  0.0002 -0.0006 0.0704
v  -0.0016 -0.0024 0.0706
v  -0.0009 -0.0013 0.0705
v  -0.0019 -0.0037 0.0695
v  -0.0019 -0.0037 0.0708
v  -0.0143 -0.0039 0.0277
v  -0.0144 -0.0052 0.0274
v  -0.0135 -0.0002 0.0268
v  -0.0129 0.0016 0.0254
v  -0.0074 0.0087 0.0265
v  -0.0044 0.0106 0.0269
v  -0.0015 0.0114 0.0271
v  -0.0076 0.0086 0.0193
v  -0.0045 0.0104 0.0198
v  -0.0015 0.0113 0.0201
v  -0.0125 0.0034 0.0180
v  -0.0104 0.0061 0.0139
v  -0.0075 0.0085 0.0150
v  -0.0044 0.0103 0.0158
v  -0.0014 0.0112 0.0162
v  -0.0154 -0.0025 0.0101
v  -0.0161 -0.0054 0.0088
v  -0.0102 0.0061 0.0110
v  -0.0152 -0.0024 0.0125
v  -0.0159 -0.0054 0.0108
v  -0.0126 0.0031 0.0181
v  -0.0124 0.0030 0.0232
v  -0.0125 -0.0039 0.0270
v  -0.0126 -0.0053 0.0267
v  -0.0118 -0.0006 0.0262
v  -0.0112 0.0012 0.0248
v  -0.0107 0.0024 0.0229
v  -0.0107 0.0028 0.0204
v  -0.0110 0.0025 0.0182
v  -0.0115 0.0014 0.0162
v  -0.0125 -0.0005 0.0146
v  -0.0133 -0.0025 0.0132
v  -0.0139 -0.0054 0.0116
v  -0.0154 -0.0268 -0.0165
v  -0.0126 -0.0287 -0.0174
v  -0.0117 -0.0303 -0.0149
v  -0.0145 -0.0285 -0.0140
v  -0.0180 -0.0217 -0.0195
v  -0.0157 -0.0255 -0.0195
v  -0.0172 -0.0227 -0.0155
v  -0.0128 -0.0307 -0.0112
v  -0.0104 -0.0320 -0.0131
v  -0.0084 -0.0340 -0.0113
v  -0.0106 -0.0330 -0.0092
v  -0.0058 -0.0361 -0.0099
v  -0.0080 -0.0353 -0.0078
v  -0.0026 -0.0376 -0.0091
v  -0.0041 -0.0376 -0.0066
v  0.0014 -0.0385 -0.0087
v  0.0014 -0.0390 -0.0061
v  -0.0156 -0.0247 -0.0123
v  -0.0135 -0.0273 -0.0096
v  -0.0108 -0.0303 -0.0077
v  -0.0078 -0.0329 -0.0063
v  -0.0038 -0.0353 -0.0051
v  0.0014 -0.0363 -0.0046
v  -0.0211 -0.0129 -0.0141
v  -0.0224 -0.0143 -0.0195
v  -0.0203 -0.0179 -0.0195
v  -0.0187 -0.0181 -0.0132
v  -0.0101 -0.0253 -0.0028
v  -0.0131 -0.0222 -0.0040
v  -0.0138 -0.0242 -0.0073
v  -0.0107 -0.0274 -0.0055
v  -0.0155 -0.0189 -0.0053
v  -0.0161 -0.0212 -0.0096
v  -0.0073 -0.0303 -0.0042
v  -0.0067 -0.0280 -0.0019
v  -0.0029 -0.0300 -0.0012
v  -0.0033 -0.0326 -0.0032
v  0.0014 -0.0335 -0.0028
v  0.0014 -0.0307 -0.0009
v  -0.0176 -0.0156 -0.0069
v  -0.0021 -0.0256 0.0038
v  -0.0025 -0.0277 0.0011
v  0.0014 -0.0282 0.0013
v  0.0014 -0.0261 0.0038
v  -0.0019 -0.0238 0.0160
v  -0.0019 -0.0242 0.0087
v  0.0014 -0.0245 0.0089
v  0.0014 -0.0242 0.0160
v  0.0014 -0.0243 0.0231
v  -0.0018 -0.0239 0.0231
v  -0.0165 -0.0143 -0.0022
v  -0.0157 -0.0136 0.0027
v  -0.0169 -0.0097 0.0023
v  -0.0181 -0.0105 -0.0033
v  -0.0147 -0.0178 -0.0012
v  -0.0139 -0.0171 0.0029
v  -0.0122 -0.0210 -0.0003
v  -0.0115 -0.0200 0.0033
v  -0.0093 -0.0238 0.0003
v  -0.0086 -0.0226 0.0035
v  -0.0060 -0.0261 0.0008
v  -0.0054 -0.0245 0.0037
v  -0.0159 -0.0090 0.0088
v  -0.0158 -0.0089 0.0094
v  -0.0159 -0.0070 0.0099
v  -0.0141 -0.0142 0.0099
v  -0.0132 -0.0163 0.0089
v  -0.0128 -0.0164 0.0118
v  -0.0104 -0.0186 0.0232
v  -0.0123 -0.0155 0.0233
v  -0.0124 -0.0156 0.0219
v  -0.0112 -0.0176 0.0190
v  -0.0107 -0.0186 0.0160
v  -0.0111 -0.0191 0.0088
v  -0.0082 -0.0216 0.0088
v  -0.0079 -0.0209 0.0160
v  -0.0078 -0.0209 0.0232
v  -0.0051 -0.0227 0.0160
v  -0.0051 -0.0228 0.0231
v  -0.0052 -0.0232 0.0087
v  -0.0149 -0.0128 0.0088
v  -0.0019 -0.0085 0.0695
v  -0.0019 -0.0085 0.0708
v  -0.0079 -0.0107 0.0652
v  -0.0056 -0.0105 0.0686
v  -0.0059 -0.0086 0.0687
v  -0.0082 -0.0086 0.0654
v  -0.0099 -0.0086 0.0619
v  -0.0095 -0.0110 0.0616
v  -0.0119 -0.0087 0.0540
v  -0.0132 -0.0086 0.0442
v  -0.0126 -0.0119 0.0440
v  -0.0113 -0.0115 0.0540
v  -0.0141 -0.0084 0.0323
v  -0.0133 -0.0121 0.0323
v  -0.0137 -0.0122 0.0241
v  -0.0144 -0.0075 0.0269
v  0.0014 -0.0098 0.0695
v  -0.0016 -0.0112 0.0694
v  -0.0009 -0.0123 0.0694
v  -0.0051 -0.0123 0.0684
v  -0.0016 -0.0112 0.0706
v  -0.0019 -0.0099 0.0707
v  0.0002 -0.0130 0.0694
v  0.0014 -0.0132 0.0695
v  0.0002 -0.0130 0.0704
v  0.0014 -0.0132 0.0704
v  -0.0017 -0.0238 0.0317
v  -0.0049 -0.0228 0.0318
v  -0.0016 -0.0234 0.0434
v  -0.0046 -0.0224 0.0436
v  -0.0015 -0.0224 0.0533
v  -0.0041 -0.0214 0.0535
v  -0.0036 -0.0199 0.0601
v  -0.0013 -0.0210 0.0599
v  -0.0011 -0.0195 0.0640
v  -0.0030 -0.0186 0.0640
v  -0.0031 -0.0154 0.0682
v  -0.0019 -0.0160 0.0682
v  -0.0009 -0.0123 0.0705
v  -0.0044 -0.0139 0.0682
v  -0.0062 -0.0153 0.0645
v  -0.0047 -0.0172 0.0642
v  -0.0056 -0.0183 0.0604
v  -0.0103 -0.0145 0.0541
v  -0.0086 -0.0174 0.0538
v  -0.0074 -0.0163 0.0607
v  -0.0086 -0.0139 0.0611
v  -0.0065 -0.0195 0.0536
v  -0.0114 -0.0150 0.0438
v  -0.0095 -0.0181 0.0437
v  -0.0120 -0.0153 0.0321
v  -0.0101 -0.0185 0.0319
v  -0.0072 -0.0204 0.0437
v  -0.0077 -0.0208 0.0317
v  -0.0130 -0.0277 -0.0195
v  -0.0217 -0.0107 -0.0146
v  -0.0232 -0.0124 -0.0195
v  0.0014 -0.0214 0.0598
v  0.0014 -0.0229 0.0531
v  -0.0134 -0.0132 0.0235
v  0.0014 -0.0243 0.0315
v  0.0014 -0.0239 0.0432
v  -0.0019 -0.0099 0.0694
v  0.0014 -0.0199 0.0639
v  0.0014 -0.0165 0.0685
v  -0.0005 -0.0164 0.0683
v  -0.0072 -0.0132 0.0649
v  -0.0196 -0.0117 -0.0089
v  -0.0196 -0.0084 -0.0071
v  0.0173 -0.0285 -0.0140
v  0.0145 -0.0303 -0.0149
v  0.0154 -0.0287 -0.0174
v  0.0182 -0.0268 -0.0165
v  0.0185 -0.0255 -0.0195
v  0.0208 -0.0217 -0.0195
v  0.0200 -0.0227 -0.0155
v  0.0134 -0.0330 -0.0092
v  0.0112 -0.0340 -0.0113
v  0.0132 -0.0320 -0.0131
v  0.0156 -0.0307 -0.0112
v  0.0108 -0.0353 -0.0078
v  0.0086 -0.0361 -0.0099
v  0.0069 -0.0376 -0.0066
v  0.0054 -0.0376 -0.0091
v  0.0185 -0.0247 -0.0123
v  0.0163 -0.0273 -0.0096
v  0.0136 -0.0303 -0.0077
v  0.0106 -0.0329 -0.0063
v  0.0066 -0.0353 -0.0051
v  0.0215 -0.0181 -0.0132
v  0.0231 -0.0179 -0.0195
v  0.0252 -0.0143 -0.0195
v  0.0239 -0.0129 -0.0141
v  0.0129 -0.0253 -0.0028
v  0.0135 -0.0274 -0.0055
v  0.0166 -0.0242 -0.0073
v  0.0159 -0.0222 -0.0040
v  0.0190 -0.0212 -0.0096
v  0.0184 -0.0189 -0.0053
v  0.0101 -0.0303 -0.0042
v  0.0095 -0.0280 -0.0019
v  0.0057 -0.0300 -0.0012
v  0.0061 -0.0326 -0.0032
v  0.0204 -0.0156 -0.0069
v  0.0049 -0.0256 0.0038
v  0.0053 -0.0277 0.0011
v  0.0047 -0.0238 0.0160
v  0.0047 -0.0242 0.0087
v  0.0047 -0.0239 0.0231
v  0.0193 -0.0143 -0.0022
v  0.0209 -0.0105 -0.0033
v  0.0197 -0.0097 0.0023
v  0.0185 -0.0136 0.0027
v  0.0175 -0.0178 -0.0012
v  0.0167 -0.0171 0.0029
v  0.0150 -0.0210 -0.0003
v  0.0144 -0.0200 0.0033
v  0.0121 -0.0238 0.0003
v  0.0114 -0.0226 0.0035
v  0.0088 -0.0261 0.0008
v  0.0082 -0.0245 0.0037
v  0.0178 -0.0128 0.0088
v  0.0187 -0.0090 0.0088
v  0.0179 -0.0085 0.0158
v  0.0171 -0.0124 0.0160
v  0.0154 -0.0157 0.0160
v  0.0160 -0.0163 0.0089
v  0.0151 -0.0155 0.0233
v  0.0132 -0.0186 0.0232
v  0.0135 -0.0186 0.0160
v  0.0139 -0.0191 0.0088
v  0.0107 -0.0209 0.0160
v  0.0110 -0.0216 0.0088
v  0.0106 -0.0209 0.0232
v  0.0079 -0.0228 0.0231
v  0.0079 -0.0227 0.0160
v  0.0080 -0.0232 0.0087
v  0.0047 -0.0085 0.0695
v  0.0047 -0.0085 0.0708
v  0.0107 -0.0107 0.0652
v  0.0110 -0.0086 0.0654
v  0.0087 -0.0086 0.0687
v  0.0084 -0.0105 0.0686
v  0.0124 -0.0110 0.0616
v  0.0127 -0.0086 0.0619
v  0.0147 -0.0087 0.0540
v  0.0141 -0.0115 0.0540
v  0.0154 -0.0119 0.0440
v  0.0160 -0.0086 0.0442
v  0.0161 -0.0121 0.0323
v  0.0169 -0.0084 0.0323
v  0.0166 -0.0122 0.0234
v  0.0174 -0.0084 0.0235
v  0.0037 -0.0123 0.0694
v  0.0044 -0.0112 0.0694
v  0.0079 -0.0123 0.0684
v  0.0047 -0.0099 0.0707
v  0.0044 -0.0112 0.0706
v  0.0026 -0.0130 0.0694
v  0.0026 -0.0130 0.0704
v  0.0078 -0.0228 0.0318
v  0.0046 -0.0238 0.0317
v  0.0074 -0.0224 0.0436
v  0.0044 -0.0234 0.0434
v  0.0069 -0.0214 0.0535
v  0.0043 -0.0224 0.0533
v  0.0064 -0.0199 0.0601
v  0.0058 -0.0186 0.0640
v  0.0039 -0.0195 0.0640
v  0.0041 -0.0210 0.0599
v  0.0033 -0.0164 0.0683
v  0.0047 -0.0160 0.0682
v  0.0059 -0.0154 0.0682
v  0.0072 -0.0139 0.0682
v  0.0037 -0.0123 0.0705
v  0.0075 -0.0172 0.0642
v  0.0090 -0.0153 0.0645
v  0.0084 -0.0183 0.0604
v  0.0131 -0.0145 0.0541
v  0.0114 -0.0139 0.0611
v  0.0102 -0.0163 0.0607
v  0.0114 -0.0174 0.0538
v  0.0093 -0.0195 0.0536
v  0.0123 -0.0181 0.0437
v  0.0142 -0.0150 0.0438
v  0.0129 -0.0185 0.0319
v  0.0148 -0.0153 0.0321
v  0.0100 -0.0204 0.0437
v  0.0105 -0.0208 0.0317
v  0.0158 -0.0277 -0.0195
v  0.0260 -0.0124 -0.0195
v  0.0245 -0.0107 -0.0145
v  0.0047 -0.0099 0.0694
v  0.0100 -0.0132 0.0649
v  0.0224 -0.0117 -0.0089
v  0.0224 -0.0084 -0.0071
v  0.0235 -0.0095 -0.0113
v  -0.0110 -0.0181 0.0164
v  -0.0116 -0.0176 0.0142
v  -0.0149 -0.0127 0.0094
v  -0.0155 -0.0106 0.0090
v  -0.0139 -0.0072 0.0107
v  -0.0139 -0.0089 0.0102
v  -0.0135 -0.0104 0.0099
v  -0.0130 -0.0124 0.0103
v  -0.0123 -0.0138 0.0107
v  -0.0111 -0.0157 0.0125
v  -0.0100 -0.0168 0.0146
v  -0.0095 -0.0173 0.0166
v  -0.0097 -0.0168 0.0189
v  -0.0107 -0.0150 0.0215
v  -0.0116 -0.0128 0.0230
v  -0.0120 -0.0119 0.0235
v  -0.0126 -0.0077 0.0261
v  -0.0107 -0.0275 -0.0171
v  -0.0098 -0.0291 -0.0143
v  -0.0085 -0.0305 -0.0124
v  -0.0068 -0.0321 -0.0107
v  -0.0045 -0.0337 -0.0095
v  -0.0019 -0.0349 -0.0088
v  0.0014 -0.0356 -0.0085
v  -0.0110 -0.0263 -0.0195
v  0.0126 -0.0291 -0.0143
v  0.0135 -0.0275 -0.0171
v  0.0096 -0.0321 -0.0107
v  0.0113 -0.0305 -0.0124
v  0.0073 -0.0337 -0.0095
v  0.0047 -0.0349 -0.0088
v  0.0138 -0.0263 -0.0195
v  -0.0094 0.0066 0.0089
v  0.0063 0.0102 0.0125
v  0.0095 0.0085 0.0107
v  0.0077 0.0096 0.0118
v  0.0107 0.0077 0.0100
v  -0.0207 -0.0095 -0.0112
v  0.0014 -0.0263 -0.0195
v  -0.0201 -0.0073 -0.0117
v  -0.0224 -0.0103 -0.0195
v  -0.0207 -0.0095 -0.0113
v  -0.0189 -0.0054 -0.0122
v  -0.0210 -0.0087 -0.0195
v  -0.0009 -0.0142 -0.0379
v  -0.0030 -0.0139 -0.0372
v  -0.0018 -0.0121 -0.0345
v  -0.0004 -0.0128 -0.0357
v  -0.0017 -0.0161 -0.0410
v  0.0014 -0.0162 -0.0413
v  0.0014 -0.0187 -0.0430
v  -0.0020 -0.0186 -0.0427
v  -0.0021 -0.0087 -0.0286
v  -0.0025 -0.0075 -0.0263
v  0.0014 -0.0083 -0.0281
v  -0.0013 -0.0094 -0.0300
v  -0.0050 -0.0136 -0.0365
v  -0.0037 -0.0123 -0.0346
v  -0.0170 -0.0035 -0.0127
v  -0.0196 -0.0075 -0.0195
v  -0.0144 -0.0027 -0.0129
v  -0.0163 -0.0061 -0.0189
v  -0.0112 -0.0138 -0.0357
v  -0.0131 -0.0156 -0.0368
v  -0.0151 -0.0144 -0.0343
v  -0.0129 -0.0128 -0.0334
v  -0.0068 -0.0154 -0.0391
v  -0.0044 -0.0158 -0.0402
v  -0.0052 -0.0182 -0.0419
v  -0.0081 -0.0175 -0.0406
v  -0.0090 -0.0148 -0.0377
v  -0.0107 -0.0167 -0.0390
v  -0.0066 -0.0129 -0.0352
v  -0.0184 -0.0052 -0.0059
v  -0.0164 -0.0023 -0.0044
v  -0.0145 0.0000 -0.0061
v  0.0014 0.0021 -0.0086
v  -0.0016 0.0020 -0.0086
v  -0.0011 0.0044 -0.0042
v  0.0014 0.0044 -0.0043
v  -0.0077 0.0014 -0.0079
v  -0.0102 0.0009 -0.0075
v  -0.0090 0.0034 -0.0027
v  -0.0067 0.0039 -0.0031
v  -0.0147 0.0004 0.0024
v  -0.0128 0.0023 -0.0017
v  0.0014 -0.0056 -0.0231
v  -0.0025 -0.0057 -0.0228
v  -0.0023 -0.0035 -0.0189
v  0.0014 -0.0034 -0.0190
v  -0.0037 0.0043 -0.0037
v  -0.0046 0.0018 -0.0083
v  -0.0083 -0.0123 -0.0337
v  -0.0094 -0.0113 -0.0317
v  -0.0063 -0.0101 -0.0303
v  -0.0063 -0.0112 -0.0323
v  -0.0001 -0.0098 -0.0308
v  0.0014 -0.0100 -0.0310
v  -0.0051 0.0087 0.0079
v  -0.0070 0.0077 0.0074
v  -0.0067 0.0085 0.0107
v  -0.0031 0.0098 0.0100
v  0.0014 0.0064 -0.0007
v  -0.0007 0.0065 -0.0003
v  -0.0025 0.0069 0.0009
v  -0.0082 0.0053 0.0012
v  -0.0062 0.0061 0.0014
v  -0.0009 0.0104 0.0112
v  0.0014 0.0106 0.0115
v  0.0014 0.0102 0.0098
v  -0.0007 0.0101 0.0095
v  -0.0025 0.0097 0.0084
v  -0.0037 0.0090 0.0066
v  -0.0041 0.0083 0.0046
v  -0.0059 0.0074 0.0045
v  -0.0076 0.0067 0.0044
v  -0.0106 0.0053 0.0045
v  -0.0098 0.0062 0.0069
v  -0.0037 0.0075 0.0026
v  -0.0134 0.0020 0.0043
v  -0.0116 0.0039 0.0015
v  -0.0032 0.0081 0.0047
v  -0.0028 0.0075 0.0030
v  -0.0018 0.0069 0.0016
v  -0.0004 0.0066 0.0006
v  0.0014 0.0065 0.0002
v  0.0014 -0.0142 -0.0380
v  -0.0167 -0.0127 -0.0309
v  -0.0138 -0.0113 -0.0302
v  -0.0124 0.0005 -0.0069
v  -0.0118 -0.0021 -0.0131
v  -0.0109 0.0029 -0.0023
v  -0.0084 0.0070 0.0071
v  -0.0099 0.0046 0.0013
v  -0.0090 0.0060 0.0043
v  -0.0148 0.0003 0.0026
v  0.0014 -0.0123 -0.0350
v  -0.0044 -0.0114 -0.0330
v  0.0229 -0.0073 -0.0117
v  0.0252 -0.0103 -0.0195
v  0.0217 -0.0054 -0.0122
v  0.0238 -0.0087 -0.0195
v  0.0014 -0.0006 -0.0137
v  0.0048 -0.0007 -0.0137
v  0.0051 -0.0035 -0.0189
v  0.0037 -0.0142 -0.0379
v  0.0032 -0.0128 -0.0357
v  0.0046 -0.0121 -0.0345
v  0.0058 -0.0139 -0.0372
v  0.0045 -0.0161 -0.0410
v  0.0049 -0.0186 -0.0427
v  0.0053 -0.0075 -0.0263
v  0.0049 -0.0087 -0.0286
v  0.0041 -0.0094 -0.0300
v  0.0065 -0.0123 -0.0346
v  0.0078 -0.0136 -0.0365
v  0.0224 -0.0075 -0.0195
v  0.0198 -0.0035 -0.0127
v  0.0191 -0.0061 -0.0189
v  0.0172 -0.0027 -0.0129
v  0.0170 -0.0075 -0.0230
v  0.0161 -0.0052 -0.0188
v  0.0200 -0.0085 -0.0233
v  0.0122 -0.0113 -0.0317
v  0.0132 -0.0101 -0.0292
v  0.0166 -0.0113 -0.0302
v  0.0157 -0.0128 -0.0334
v  0.0140 -0.0138 -0.0357
v  0.0179 -0.0144 -0.0343
v  0.0159 -0.0156 -0.0368
v  0.0171 -0.0095 -0.0268
v  0.0133 -0.0085 -0.0263
v  0.0072 -0.0158 -0.0402
v  0.0096 -0.0154 -0.0391
v  0.0109 -0.0175 -0.0406
v  0.0080 -0.0182 -0.0419
v  0.0135 -0.0167 -0.0390
v  0.0118 -0.0148 -0.0377
v  0.0094 -0.0129 -0.0352
v  0.0211 -0.0051 -0.0059
v  0.0116 -0.0015 -0.0133
v  0.0105 0.0014 -0.0079
v  0.0130 0.0009 -0.0075
v  0.0146 -0.0021 -0.0131
v  0.0192 -0.0023 -0.0044
v  0.0173 0.0000 -0.0061
v  0.0039 0.0044 -0.0042
v  0.0044 0.0020 -0.0086
v  0.0095 0.0039 -0.0031
v  0.0118 0.0034 -0.0027
v  0.0156 0.0023 -0.0017
v  0.0095 -0.0078 -0.0260
v  0.0092 -0.0060 -0.0227
v  0.0131 -0.0067 -0.0228
v  0.0083 -0.0010 -0.0135
v  0.0075 0.0018 -0.0083
v  0.0053 -0.0057 -0.0228
v  0.0200 -0.0106 -0.0272
v  0.0088 -0.0039 -0.0188
v  0.0065 0.0043 -0.0037
v  0.0111 -0.0123 -0.0337
v  0.0091 -0.0112 -0.0323
v  0.0091 -0.0101 -0.0303
v  0.0029 -0.0098 -0.0308
v  0.0105 -0.0093 -0.0286
v  0.0098 0.0077 0.0074
v  0.0079 0.0087 0.0079
v  0.0059 0.0098 0.0100
v  0.0035 0.0065 -0.0003
v  0.0053 0.0069 0.0009
v  0.0090 0.0061 0.0014
v  0.0110 0.0053 0.0012
v  0.0037 0.0104 0.0112
v  0.0035 0.0101 0.0095
v  0.0053 0.0097 0.0084
v  0.0065 0.0090 0.0066
v  0.0087 0.0074 0.0045
v  0.0069 0.0083 0.0046
v  0.0104 0.0067 0.0044
v  0.0134 0.0053 0.0045
v  0.0126 0.0062 0.0069
v  0.0065 0.0075 0.0026
v  0.0144 0.0039 0.0015
v  0.0056 0.0075 0.0030
v  0.0060 0.0081 0.0047
v  0.0032 0.0066 0.0006
v  0.0046 0.0069 0.0016
v  0.0126 -0.0045 -0.0188
v  0.0195 -0.0126 -0.0310
v  0.0152 0.0005 -0.0069
v  0.0137 0.0029 -0.0023
v  0.0112 0.0070 0.0071
v  0.0127 0.0046 0.0013
v  0.0119 0.0060 0.0043
v  0.0072 -0.0114 -0.0330
v  -0.0028 0.0087 0.0064
v  -0.0019 0.0093 0.0078
v  -0.0004 0.0097 0.0088
v  0.0014 0.0097 0.0090
v  0.0056 0.0087 0.0064
v  0.0032 0.0097 0.0088
v  0.0047 0.0093 0.0078
v  0.0003 0.0059 0.0026
v  0.0014 0.0058 0.0024
v  0.0025 0.0059 0.0026
v  0.0034 0.0061 0.0032
v  0.0041 0.0064 0.0041
v  0.0043 0.0068 0.0052
v  0.0041 0.0072 0.0063
v  0.0034 0.0076 0.0072
v  0.0025 0.0078 0.0078
v  0.0014 0.0078 0.0079
v  0.0003 0.0078 0.0078
v  -0.0006 0.0076 0.0072
v  -0.0013 0.0072 0.0063
v  -0.0015 0.0068 0.0052
v  -0.0012 0.0064 0.0041
v  -0.0006 0.0061 0.0032
v  -0.0024 -0.0222 -0.0440
v  0.0014 -0.0224 -0.0443
v  -0.0172 -0.0085 -0.0233
v  -0.0206 -0.0098 -0.0234
v  -0.0177 -0.0168 -0.0349
v  -0.0155 -0.0184 -0.0376
v  -0.0061 -0.0217 -0.0432
v  -0.0096 -0.0208 -0.0417
v  -0.0128 -0.0198 -0.0399
v  -0.0172 -0.0106 -0.0272
v  -0.0206 -0.0122 -0.0274
v  -0.0196 -0.0146 -0.0313
v  0.0052 -0.0222 -0.0440
v  0.0234 -0.0098 -0.0234
v  0.0183 -0.0184 -0.0376
v  0.0205 -0.0168 -0.0349
v  0.0124 -0.0208 -0.0417
v  0.0089 -0.0217 -0.0432
v  0.0156 -0.0198 -0.0399
v  0.0234 -0.0122 -0.0274
v  0.0224 -0.0146 -0.0313
v  -0.0133 -0.0052 -0.0188
v  -0.0101 -0.0104 -0.0298
v  -0.0100 -0.0114 -0.0278
v  -0.0085 -0.0111 -0.0277
v  -0.0081 -0.0100 -0.0297
v  -0.0073 -0.0107 -0.0270
v  -0.0064 -0.0093 -0.0288
v  -0.0064 -0.0100 -0.0258
v  -0.0053 -0.0084 -0.0273
v  -0.0062 -0.0093 -0.0246
v  -0.0049 -0.0075 -0.0257
v  -0.0065 -0.0086 -0.0233
v  -0.0053 -0.0065 -0.0239
v  -0.0073 -0.0080 -0.0221
v  -0.0064 -0.0058 -0.0223
v  -0.0085 -0.0077 -0.0214
v  -0.0080 -0.0055 -0.0212
v  -0.0100 -0.0076 -0.0210
v  -0.0100 -0.0056 -0.0207
v  -0.0115 -0.0079 -0.0212
v  -0.0120 -0.0061 -0.0209
v  -0.0128 -0.0084 -0.0219
v  -0.0136 -0.0068 -0.0218
v  -0.0136 -0.0091 -0.0230
v  -0.0148 -0.0079 -0.0233
v  -0.0139 -0.0099 -0.0243
v  -0.0152 -0.0088 -0.0249
v  -0.0136 -0.0105 -0.0256
v  -0.0148 -0.0097 -0.0267
v  -0.0128 -0.0110 -0.0267
v  -0.0137 -0.0102 -0.0282
v  -0.0116 -0.0114 -0.0275
v  -0.0121 -0.0105 -0.0294
v  -0.0014 0.0004 -0.0117
v  -0.0060 -0.0033 -0.0176
v  -0.0060 -0.0043 -0.0156
v  -0.0046 -0.0041 -0.0154
v  -0.0041 -0.0029 -0.0174
v  -0.0034 -0.0037 -0.0148
v  -0.0026 -0.0023 -0.0165
v  -0.0026 -0.0030 -0.0137
v  -0.0015 -0.0015 -0.0152
v  -0.0023 -0.0024 -0.0125
v  -0.0011 -0.0006 -0.0135
v  -0.0026 -0.0016 -0.0112
v  -0.0015 0.0003 -0.0118
v  -0.0034 -0.0011 -0.0101
v  -0.0025 0.0010 -0.0103
v  -0.0046 -0.0008 -0.0093
v  -0.0041 0.0013 -0.0093
v  -0.0060 -0.0008 -0.0090
v  -0.0060 0.0012 -0.0088
v  -0.0075 -0.0012 -0.0092
v  -0.0079 0.0008 -0.0090
v  -0.0087 -0.0017 -0.0098
v  -0.0095 0.0000 -0.0098
v  -0.0095 -0.0024 -0.0108
v  -0.0106 -0.0009 -0.0111
v  -0.0098 -0.0031 -0.0120
v  -0.0110 -0.0018 -0.0128
v  -0.0095 -0.0037 -0.0133
v  -0.0106 -0.0026 -0.0145
v  -0.0087 -0.0041 -0.0145
v  -0.0096 -0.0031 -0.0160
v  -0.0075 -0.0044 -0.0153
v  -0.0080 -0.0034 -0.0171
v  -0.0098 -0.0045 -0.0188
v  -0.0060 -0.0039 -0.0188
v  -0.0128 -0.0268 -0.0223
v  -0.0155 -0.0251 -0.0227
v  -0.0150 -0.0247 -0.0261
v  -0.0121 -0.0263 -0.0253
v  0.0014 -0.0266 -0.0412
v  0.0014 -0.0281 -0.0385
v  -0.0029 -0.0278 -0.0379
v  -0.0033 -0.0263 -0.0409
v  -0.0108 -0.0264 -0.0284
v  -0.0135 -0.0250 -0.0299
v  -0.0109 -0.0259 -0.0337
v  -0.0086 -0.0269 -0.0313
v  -0.0179 -0.0217 -0.0235
v  -0.0205 -0.0187 -0.0240
v  -0.0201 -0.0201 -0.0328
v  -0.0160 -0.0227 -0.0318
v  -0.0174 -0.0220 -0.0274
v  -0.0205 -0.0194 -0.0282
v  -0.0188 -0.0209 -0.0392
v  -0.0133 -0.0236 -0.0391
v  -0.0020 -0.0284 -0.0354
v  0.0014 -0.0287 -0.0360
v  -0.0072 -0.0270 -0.0363
v  -0.0057 -0.0276 -0.0337
v  -0.0081 -0.0254 -0.0402
v  -0.0231 -0.0157 -0.0244
v  -0.0234 -0.0168 -0.0288
v  -0.0235 -0.0177 -0.0332
v  -0.0230 -0.0183 -0.0393
v  -0.0246 -0.0107 -0.0195
v  -0.0255 -0.0126 -0.0245
v  -0.0262 -0.0139 -0.0289
v  -0.0266 -0.0149 -0.0332
v  -0.0266 -0.0154 -0.0392
v  -0.0179 -0.0208 -0.0449
v  -0.0133 -0.0228 -0.0449
v  -0.0085 -0.0242 -0.0449
v  -0.0036 -0.0250 -0.0449
v  0.0014 -0.0253 -0.0448
v  -0.0261 -0.0152 -0.0449
v  -0.0222 -0.0183 -0.0449
v  -0.0031 0.0604 -0.0327
v  0.0014 0.0607 -0.0327
v  0.0014 0.0610 -0.0265
v  -0.0031 0.0608 -0.0265
v  -0.0075 0.0597 -0.0327
v  -0.0074 0.0600 -0.0265
v  -0.0075 0.0586 -0.0386
v  -0.0031 0.0593 -0.0386
v  0.0014 0.0595 -0.0386
v  -0.0118 0.0585 -0.0326
v  -0.0117 0.0574 -0.0386
v  -0.0117 0.0588 -0.0265
v  -0.0157 0.0571 -0.0265
v  -0.0160 0.0568 -0.0326
v  -0.0158 0.0557 -0.0386
v  -0.0199 0.0546 -0.0326
v  -0.0197 0.0536 -0.0386
v  -0.0196 0.0550 -0.0265
v  -0.0232 0.0524 -0.0265
v  -0.0235 0.0521 -0.0326
v  -0.0234 0.0511 -0.0386
v  -0.0269 0.0491 -0.0326
v  -0.0267 0.0483 -0.0386
v  -0.0264 0.0494 -0.0265
v  -0.0293 0.0461 -0.0264
v  -0.0299 0.0458 -0.0326
v  -0.0297 0.0450 -0.0386
v  -0.0325 0.0422 -0.0325
v  -0.0323 0.0415 -0.0385
v  -0.0318 0.0425 -0.0264
v  -0.0339 0.0386 -0.0264
v  -0.0346 0.0383 -0.0325
v  -0.0345 0.0377 -0.0385
v  -0.0363 0.0342 -0.0325
v  -0.0363 0.0336 -0.0385
v  -0.0355 0.0346 -0.0264
v  -0.0366 0.0303 -0.0263
v  -0.0376 0.0299 -0.0324
v  -0.0376 0.0293 -0.0385
v  -0.0383 0.0255 -0.0324
v  -0.0385 0.0249 -0.0385
v  -0.0372 0.0260 -0.0263
v  -0.0374 0.0216 -0.0262
v  -0.0386 0.0210 -0.0323
v  -0.0388 0.0205 -0.0384
v  -0.0383 0.0165 -0.0322
v  -0.0387 0.0159 -0.0383
v  -0.0371 0.0173 -0.0261
v  -0.0363 0.0130 -0.0259
v  -0.0376 0.0120 -0.0320
v  -0.0380 0.0114 -0.0383
v  -0.0364 0.0076 -0.0319
v  -0.0369 0.0070 -0.0382
v  -0.0350 0.0088 -0.0258
v  -0.0333 0.0048 -0.0257
v  -0.0347 0.0034 -0.0318
v  -0.0352 0.0027 -0.0381
v  -0.0325 -0.0006 -0.0317
v  -0.0331 -0.0015 -0.0381
v  -0.0311 0.0010 -0.0255
v  -0.0286 -0.0025 -0.0254
v  -0.0299 -0.0043 -0.0316
v  -0.0305 -0.0053 -0.0380
v  -0.0269 -0.0078 -0.0316
v  -0.0275 -0.0089 -0.0380
v  -0.0257 -0.0058 -0.0254
v  -0.0226 -0.0088 -0.0253
v  -0.0237 -0.0110 -0.0315
v  -0.0242 -0.0122 -0.0380
v  -0.0201 -0.0138 -0.0315
v  -0.0205 -0.0150 -0.0379
v  -0.0192 -0.0115 -0.0253
v  -0.0162 -0.0161 -0.0314
v  -0.0166 -0.0174 -0.0379
v  -0.0123 -0.0193 -0.0379
v  -0.0074 0.0569 -0.0445
v  -0.0030 0.0576 -0.0445
v  0.0014 0.0578 -0.0445
v  -0.0157 0.0541 -0.0445
v  -0.0116 0.0557 -0.0445
v  -0.0231 0.0496 -0.0445
v  -0.0195 0.0520 -0.0445
v  -0.0294 0.0435 -0.0445
v  -0.0264 0.0467 -0.0445
v  -0.0342 0.0363 -0.0446
v  -0.0320 0.0400 -0.0446
v  -0.0373 0.0280 -0.0446
v  -0.0360 0.0322 -0.0446
v  -0.0385 0.0193 -0.0446
v  -0.0382 0.0237 -0.0446
v  -0.0378 0.0103 -0.0446
v  -0.0384 0.0148 -0.0446
v  -0.0350 0.0017 -0.0445
v  -0.0366 0.0059 -0.0446
v  -0.0303 -0.0062 -0.0445
v  -0.0329 -0.0024 -0.0445
v  -0.0240 -0.0130 -0.0446
v  -0.0274 -0.0098 -0.0446
v  -0.0165 -0.0182 -0.0446
v  -0.0204 -0.0159 -0.0446
v  -0.0078 -0.0213 -0.0446
v  -0.0122 -0.0200 -0.0446
v  -0.0078 -0.0205 -0.0379
v  -0.0032 -0.0220 -0.0446
v  -0.0033 -0.0213 -0.0379
v  0.0014 -0.0215 -0.0379
v  0.0014 -0.0223 -0.0446
v  -0.0029 0.0607 -0.0203
v  0.0014 0.0610 -0.0203
v  -0.0071 0.0600 -0.0203
v  -0.0112 0.0588 -0.0203
v  -0.0151 0.0572 -0.0203
v  -0.0188 0.0552 -0.0203
v  -0.0222 0.0527 -0.0203
v  -0.0254 0.0498 -0.0203
v  -0.0281 0.0467 -0.0203
v  -0.0305 0.0432 -0.0203
v  -0.0325 0.0395 -0.0203
v  -0.0340 0.0356 -0.0203
v  -0.0351 0.0315 -0.0203
v  -0.0357 0.0274 -0.0202
v  -0.0358 0.0232 -0.0201
v  -0.0355 0.0191 -0.0200
v  -0.0347 0.0150 -0.0199
v  -0.0335 0.0110 -0.0198
v  -0.0319 0.0071 -0.0197
v  -0.0298 0.0035 -0.0196
v  -0.0273 0.0001 -0.0195
v  -0.0245 -0.0030 -0.0195
v  -0.0215 -0.0059 -0.0194
v  -0.0183 -0.0084 -0.0194
v  -0.0036 0.0660 -0.0327
v  -0.0036 0.0640 -0.0391
v  -0.0085 0.0632 -0.0390
v  -0.0086 0.0651 -0.0327
v  -0.0035 0.0661 -0.0283
v  -0.0084 0.0652 -0.0283
v  0.0014 0.0663 -0.0283
v  0.0014 0.0662 -0.0327
v  0.0014 0.0643 -0.0391
v  -0.0135 0.0636 -0.0326
v  -0.0133 0.0618 -0.0390
v  -0.0179 0.0599 -0.0389
v  -0.0183 0.0616 -0.0326
v  -0.0133 0.0638 -0.0283
v  -0.0180 0.0618 -0.0283
v  -0.0227 0.0592 -0.0325
v  -0.0222 0.0576 -0.0388
v  -0.0263 0.0547 -0.0387
v  -0.0267 0.0563 -0.0324
v  -0.0223 0.0594 -0.0282
v  -0.0262 0.0566 -0.0282
v  -0.0304 0.0530 -0.0323
v  -0.0300 0.0515 -0.0386
v  -0.0333 0.0478 -0.0385
v  -0.0337 0.0493 -0.0322
v  -0.0298 0.0534 -0.0281
v  -0.0330 0.0498 -0.0281
v  -0.0368 0.0451 -0.0321
v  -0.0363 0.0438 -0.0385
v  -0.0388 0.0394 -0.0384
v  -0.0394 0.0406 -0.0321
v  -0.0361 0.0456 -0.0280
v  -0.0387 0.0410 -0.0280
v  -0.0413 0.0360 -0.0320
v  -0.0407 0.0349 -0.0384
v  -0.0421 0.0302 -0.0383
v  -0.0426 0.0313 -0.0319
v  -0.0405 0.0366 -0.0278
v  -0.0417 0.0320 -0.0278
v  -0.0434 0.0264 -0.0319
v  -0.0430 0.0253 -0.0383
v  -0.0434 0.0203 -0.0383
v  -0.0437 0.0214 -0.0319
v  -0.0425 0.0272 -0.0278
v  -0.0428 0.0223 -0.0278
v  -0.0435 0.0164 -0.0319
v  -0.0432 0.0153 -0.0384
v  -0.0424 0.0103 -0.0384
v  -0.0427 0.0115 -0.0320
v  -0.0426 0.0175 -0.0278
v  -0.0418 0.0126 -0.0277
v  -0.0413 0.0066 -0.0321
v  -0.0411 0.0055 -0.0385
v  -0.0392 0.0007 -0.0386
v  -0.0394 0.0018 -0.0323
v  -0.0405 0.0078 -0.0278
v  -0.0385 0.0031 -0.0280
v  -0.0343 0.0000 -0.0239
v  -0.0368 0.0046 -0.0237
v  -0.0360 -0.0015 -0.0282
v  -0.0314 -0.0046 -0.0241
v  -0.0328 -0.0061 -0.0285
v  -0.0295 -0.0029 -0.0196
v  -0.0323 0.0017 -0.0195
v  -0.0347 0.0062 -0.0195
v  -0.0300 -0.0116 -0.0331
v  -0.0302 -0.0121 -0.0391
v  -0.0292 -0.0107 -0.0288
v  -0.0337 -0.0072 -0.0328
v  -0.0338 -0.0080 -0.0389
v  -0.0033 0.0651 -0.0240
v  -0.0080 0.0643 -0.0239
v  -0.0074 0.0628 -0.0195
v  -0.0031 0.0635 -0.0196
v  0.0014 0.0653 -0.0240
v  0.0014 0.0637 -0.0196
v  0.0014 0.0610 -0.0453
v  -0.0034 0.0608 -0.0453
v  -0.0081 0.0600 -0.0453
v  -0.0126 0.0629 -0.0239
v  -0.0170 0.0611 -0.0239
v  -0.0158 0.0600 -0.0195
v  -0.0117 0.0616 -0.0195
v  -0.0126 0.0588 -0.0453
v  -0.0170 0.0570 -0.0453
v  -0.0212 0.0588 -0.0239
v  -0.0250 0.0562 -0.0239
v  -0.0233 0.0554 -0.0195
v  -0.0197 0.0579 -0.0195
v  -0.0212 0.0548 -0.0453
v  -0.0251 0.0522 -0.0453
v  -0.0284 0.0532 -0.0239
v  -0.0315 0.0497 -0.0238
v  -0.0296 0.0493 -0.0195
v  -0.0266 0.0526 -0.0195
v  -0.0287 0.0491 -0.0452
v  -0.0319 0.0457 -0.0452
v  -0.0344 0.0458 -0.0238
v  -0.0369 0.0415 -0.0238
v  -0.0345 0.0419 -0.0195
v  -0.0322 0.0458 -0.0195
v  -0.0347 0.0419 -0.0452
v  -0.0371 0.0378 -0.0452
v  -0.0387 0.0371 -0.0237
v  -0.0400 0.0326 -0.0236
v  -0.0376 0.0330 -0.0195
v  -0.0363 0.0376 -0.0195
v  -0.0390 0.0335 -0.0452
v  -0.0405 0.0290 -0.0451
v  -0.0407 0.0278 -0.0236
v  -0.0410 0.0231 -0.0237
v  -0.0386 0.0238 -0.0195
v  -0.0384 0.0284 -0.0195
v  -0.0414 0.0243 -0.0451
v  -0.0418 0.0196 -0.0451
v  -0.0408 0.0185 -0.0236
v  -0.0400 0.0139 -0.0236
v  -0.0377 0.0151 -0.0195
v  -0.0384 0.0194 -0.0195
v  -0.0416 0.0147 -0.0450
v  -0.0409 0.0099 -0.0450
v  -0.0387 0.0092 -0.0236
v  -0.0365 0.0107 -0.0195
v  -0.0397 0.0052 -0.0449
v  -0.0380 0.0006 -0.0449
v  -0.0357 -0.0038 -0.0449
v  -0.0367 -0.0038 -0.0387
v  -0.0329 -0.0079 -0.0449
v  -0.0280 -0.0093 -0.0242
v  -0.0265 -0.0077 -0.0196
v  -0.0297 -0.0118 -0.0449
v  -0.0032 0.0596 -0.0458
v  -0.0078 0.0588 -0.0458
v  0.0014 0.0598 -0.0458
v  -0.0122 0.0576 -0.0458
v  -0.0165 0.0559 -0.0458
v  -0.0205 0.0538 -0.0458
v  -0.0243 0.0512 -0.0458
v  -0.0278 0.0482 -0.0458
v  -0.0309 0.0449 -0.0458
v  -0.0337 0.0412 -0.0458
v  -0.0360 0.0373 -0.0458
v  -0.0378 0.0331 -0.0458
v  -0.0392 0.0287 -0.0458
v  -0.0401 0.0241 -0.0458
v  -0.0405 0.0195 -0.0457
v  -0.0403 0.0148 -0.0457
v  -0.0397 0.0101 -0.0457
v  -0.0385 0.0055 -0.0456
v  -0.0368 0.0010 -0.0456
v  -0.0346 -0.0032 -0.0456
v  -0.0319 -0.0072 -0.0456
v  -0.0288 -0.0110 -0.0456
v  -0.0253 -0.0143 -0.0456
v  -0.0215 -0.0173 -0.0456
v  -0.0173 -0.0198 -0.0456
v  -0.0129 -0.0217 -0.0456
v  -0.0082 -0.0230 -0.0456
v  -0.0035 -0.0238 -0.0456
v  0.0014 -0.0240 -0.0456
v  -0.0368 -0.0028 -0.0325
v  0.0149 -0.0263 -0.0253
v  0.0177 -0.0247 -0.0261
v  0.0183 -0.0251 -0.0227
v  0.0155 -0.0268 -0.0223
v  0.0061 -0.0263 -0.0409
v  0.0057 -0.0278 -0.0379
v  0.0163 -0.0250 -0.0299
v  0.0136 -0.0264 -0.0284
v  0.0113 -0.0269 -0.0313
v  0.0137 -0.0259 -0.0337
v  0.0207 -0.0217 -0.0235
v  0.0233 -0.0187 -0.0240
v  0.0188 -0.0227 -0.0318
v  0.0228 -0.0201 -0.0328
v  0.0233 -0.0194 -0.0282
v  0.0201 -0.0220 -0.0274
v  0.0161 -0.0236 -0.0391
v  0.0216 -0.0209 -0.0392
v  0.0047 -0.0284 -0.0354
v  0.0085 -0.0276 -0.0337
v  0.0100 -0.0270 -0.0363
v  0.0109 -0.0254 -0.0402
v  0.0258 -0.0158 -0.0244
v  0.0262 -0.0168 -0.0288
v  0.0262 -0.0177 -0.0332
v  0.0257 -0.0183 -0.0393
v  0.0270 -0.0112 -0.0195
v  0.0282 -0.0128 -0.0245
v  0.0289 -0.0140 -0.0289
v  0.0293 -0.0149 -0.0332
v  0.0293 -0.0154 -0.0392
v  0.0207 -0.0208 -0.0449
v  0.0161 -0.0228 -0.0449
v  0.0113 -0.0242 -0.0449
v  0.0064 -0.0250 -0.0449
v  0.0249 -0.0183 -0.0449
v  0.0288 -0.0152 -0.0449
v  0.0059 0.0604 -0.0327
v  0.0058 0.0608 -0.0265
v  0.0103 0.0597 -0.0327
v  0.0102 0.0600 -0.0265
v  0.0058 0.0593 -0.0386
v  0.0102 0.0586 -0.0386
v  0.0146 0.0585 -0.0326
v  0.0145 0.0574 -0.0386
v  0.0144 0.0588 -0.0265
v  0.0187 0.0568 -0.0326
v  0.0185 0.0571 -0.0265
v  0.0186 0.0557 -0.0386
v  0.0226 0.0546 -0.0326
v  0.0225 0.0536 -0.0386
v  0.0223 0.0550 -0.0265
v  0.0263 0.0521 -0.0326
v  0.0259 0.0524 -0.0265
v  0.0261 0.0511 -0.0386
v  0.0296 0.0491 -0.0326
v  0.0294 0.0483 -0.0386
v  0.0292 0.0494 -0.0265
v  0.0326 0.0458 -0.0326
v  0.0321 0.0461 -0.0264
v  0.0324 0.0450 -0.0386
v  0.0352 0.0422 -0.0325
v  0.0351 0.0415 -0.0385
v  0.0346 0.0425 -0.0264
v  0.0374 0.0383 -0.0325
v  0.0366 0.0386 -0.0264
v  0.0373 0.0377 -0.0385
v  0.0391 0.0342 -0.0325
v  0.0391 0.0336 -0.0385
v  0.0382 0.0346 -0.0264
v  0.0403 0.0299 -0.0324
v  0.0394 0.0303 -0.0263
v  0.0404 0.0293 -0.0385
v  0.0411 0.0255 -0.0324
v  0.0412 0.0249 -0.0385
v  0.0400 0.0260 -0.0263
v  0.0413 0.0210 -0.0323
v  0.0401 0.0216 -0.0262
v  0.0416 0.0205 -0.0384
v  0.0411 0.0165 -0.0322
v  0.0414 0.0159 -0.0383
v  0.0398 0.0173 -0.0261
v  0.0403 0.0120 -0.0320
v  0.0390 0.0130 -0.0259
v  0.0408 0.0114 -0.0383
v  0.0391 0.0076 -0.0319
v  0.0396 0.0070 -0.0382
v  0.0378 0.0088 -0.0258
v  0.0374 0.0034 -0.0318
v  0.0360 0.0048 -0.0257
v  0.0380 0.0027 -0.0381
v  0.0352 -0.0006 -0.0317
v  0.0358 -0.0015 -0.0381
v  0.0339 0.0010 -0.0255
v  0.0326 -0.0043 -0.0316
v  0.0313 -0.0025 -0.0254
v  0.0333 -0.0053 -0.0380
v  0.0297 -0.0078 -0.0316
v  0.0303 -0.0089 -0.0380
v  0.0284 -0.0058 -0.0254
v  0.0264 -0.0110 -0.0315
v  0.0253 -0.0088 -0.0253
v  0.0269 -0.0122 -0.0380
v  0.0228 -0.0138 -0.0315
v  0.0233 -0.0150 -0.0379
v  0.0219 -0.0115 -0.0253
v  0.0190 -0.0161 -0.0314
v  0.0193 -0.0174 -0.0379
v  0.0151 -0.0193 -0.0379
v  0.0058 0.0576 -0.0445
v  0.0101 0.0569 -0.0445
v  0.0143 0.0557 -0.0445
v  0.0184 0.0541 -0.0445
v  0.0223 0.0520 -0.0445
v  0.0259 0.0496 -0.0445
v  0.0292 0.0467 -0.0445
v  0.0322 0.0435 -0.0445
v  0.0370 0.0363 -0.0446
v  0.0348 0.0400 -0.0446
v  0.0388 0.0322 -0.0446
v  0.0401 0.0280 -0.0446
v  0.0409 0.0237 -0.0446
v  0.0413 0.0193 -0.0446
v  0.0411 0.0148 -0.0446
v  0.0405 0.0103 -0.0446
v  0.0394 0.0059 -0.0446
v  0.0378 0.0017 -0.0445
v  0.0357 -0.0024 -0.0445
v  0.0331 -0.0062 -0.0445
v  0.0301 -0.0098 -0.0446
v  0.0268 -0.0130 -0.0446
v  0.0232 -0.0159 -0.0446
v  0.0192 -0.0182 -0.0446
v  0.0150 -0.0200 -0.0446
v  0.0105 -0.0213 -0.0446
v  0.0106 -0.0205 -0.0379
v  0.0060 -0.0213 -0.0379
v  0.0060 -0.0220 -0.0446
v  0.0056 0.0607 -0.0203
v  0.0098 0.0600 -0.0203
v  0.0139 0.0588 -0.0203
v  0.0178 0.0572 -0.0203
v  0.0215 0.0552 -0.0203
v  0.0250 0.0527 -0.0203
v  0.0281 0.0498 -0.0203
v  0.0309 0.0467 -0.0203
v  0.0333 0.0432 -0.0203
v  0.0353 0.0395 -0.0203
v  0.0368 0.0356 -0.0203
v  0.0379 0.0315 -0.0203
v  0.0385 0.0274 -0.0202
v  0.0386 0.0232 -0.0201
v  0.0383 0.0191 -0.0200
v  0.0375 0.0150 -0.0199
v  0.0363 0.0110 -0.0198
v  0.0346 0.0071 -0.0197
v  0.0325 0.0035 -0.0196
v  0.0300 0.0001 -0.0195
v  0.0273 -0.0030 -0.0195
v  0.0243 -0.0059 -0.0194
v  0.0210 -0.0084 -0.0194
v  0.0064 0.0660 -0.0327
v  0.0113 0.0651 -0.0327
v  0.0112 0.0632 -0.0390
v  0.0063 0.0640 -0.0391
v  0.0062 0.0661 -0.0283
v  0.0111 0.0652 -0.0283
v  0.0163 0.0636 -0.0326
v  0.0210 0.0616 -0.0326
v  0.0206 0.0599 -0.0389
v  0.0160 0.0618 -0.0390
v  0.0160 0.0638 -0.0283
v  0.0207 0.0618 -0.0283
v  0.0254 0.0592 -0.0325
v  0.0295 0.0563 -0.0324
v  0.0290 0.0547 -0.0387
v  0.0250 0.0576 -0.0388
v  0.0251 0.0594 -0.0282
v  0.0290 0.0566 -0.0282
v  0.0331 0.0530 -0.0323
v  0.0364 0.0493 -0.0322
v  0.0361 0.0478 -0.0385
v  0.0327 0.0515 -0.0386
v  0.0325 0.0534 -0.0281
v  0.0357 0.0498 -0.0281
v  0.0395 0.0451 -0.0321
v  0.0421 0.0406 -0.0321
v  0.0415 0.0394 -0.0384
v  0.0390 0.0438 -0.0385
v  0.0388 0.0456 -0.0280
v  0.0415 0.0410 -0.0280
v  0.0440 0.0360 -0.0320
v  0.0453 0.0313 -0.0319
v  0.0449 0.0302 -0.0383
v  0.0435 0.0349 -0.0384
v  0.0433 0.0366 -0.0278
v  0.0445 0.0320 -0.0278
v  0.0461 0.0264 -0.0319
v  0.0464 0.0214 -0.0319
v  0.0461 0.0203 -0.0383
v  0.0458 0.0253 -0.0383
v  0.0452 0.0272 -0.0278
v  0.0455 0.0223 -0.0278
v  0.0462 0.0164 -0.0319
v  0.0455 0.0115 -0.0320
v  0.0452 0.0103 -0.0384
v  0.0459 0.0153 -0.0384
v  0.0453 0.0175 -0.0278
v  0.0446 0.0126 -0.0277
v  0.0441 0.0066 -0.0321
v  0.0421 0.0018 -0.0323
v  0.0419 0.0007 -0.0386
v  0.0438 0.0055 -0.0385
v  0.0432 0.0078 -0.0278
v  0.0413 0.0031 -0.0280
v  0.0396 0.0046 -0.0237
v  0.0371 0.0000 -0.0239
v  0.0387 -0.0015 -0.0282
v  0.0341 -0.0046 -0.0241
v  0.0356 -0.0061 -0.0285
v  0.0351 0.0017 -0.0195
v  0.0323 -0.0029 -0.0196
v  0.0374 0.0062 -0.0195
v  0.0327 -0.0116 -0.0331
v  0.0364 -0.0072 -0.0328
v  0.0320 -0.0107 -0.0288
v  0.0330 -0.0121 -0.0391
v  0.0365 -0.0080 -0.0389
v  0.0061 0.0651 -0.0240
v  0.0107 0.0643 -0.0239
v  0.0058 0.0635 -0.0196
v  0.0102 0.0628 -0.0195
v  0.0061 0.0608 -0.0453
v  0.0108 0.0600 -0.0453
v  0.0153 0.0629 -0.0239
v  0.0198 0.0611 -0.0239
v  0.0144 0.0616 -0.0195
v  0.0185 0.0600 -0.0195
v  0.0154 0.0588 -0.0453
v  0.0198 0.0570 -0.0453
v  0.0239 0.0588 -0.0239
v  0.0277 0.0562 -0.0239
v  0.0224 0.0579 -0.0195
v  0.0260 0.0554 -0.0195
v  0.0240 0.0548 -0.0453
v  0.0279 0.0522 -0.0453
v  0.0311 0.0532 -0.0239
v  0.0343 0.0497 -0.0238
v  0.0294 0.0526 -0.0195
v  0.0324 0.0493 -0.0195
v  0.0314 0.0491 -0.0452
v  0.0347 0.0457 -0.0452
v  0.0372 0.0458 -0.0238
v  0.0397 0.0415 -0.0238
v  0.0350 0.0458 -0.0195
v  0.0372 0.0419 -0.0195
v  0.0375 0.0419 -0.0452
v  0.0399 0.0378 -0.0452
v  0.0415 0.0371 -0.0237
v  0.0427 0.0326 -0.0236
v  0.0390 0.0376 -0.0195
v  0.0404 0.0330 -0.0195
v  0.0418 0.0335 -0.0452
v  0.0432 0.0290 -0.0451
v  0.0435 0.0278 -0.0236
v  0.0437 0.0231 -0.0237
v  0.0411 0.0284 -0.0195
v  0.0414 0.0238 -0.0195
v  0.0441 0.0243 -0.0451
v  0.0445 0.0196 -0.0451
v  0.0435 0.0185 -0.0236
v  0.0428 0.0139 -0.0236
v  0.0412 0.0194 -0.0195
v  0.0405 0.0151 -0.0195
v  0.0444 0.0147 -0.0450
v  0.0437 0.0099 -0.0450
v  0.0415 0.0092 -0.0236
v  0.0392 0.0107 -0.0195
v  0.0425 0.0052 -0.0449
v  0.0407 0.0006 -0.0449
v  0.0395 -0.0038 -0.0387
v  0.0384 -0.0038 -0.0449
v  0.0356 -0.0079 -0.0449
v  0.0307 -0.0093 -0.0242
v  0.0292 -0.0077 -0.0196
v  0.0324 -0.0118 -0.0449
v  0.0060 0.0596 -0.0458
v  0.0105 0.0588 -0.0458
v  0.0192 0.0559 -0.0458
v  0.0150 0.0576 -0.0458
v  0.0271 0.0512 -0.0458
v  0.0233 0.0538 -0.0458
v  0.0337 0.0449 -0.0458
v  0.0306 0.0482 -0.0458
v  0.0387 0.0373 -0.0458
v  0.0364 0.0412 -0.0458
v  0.0420 0.0287 -0.0458
v  0.0406 0.0331 -0.0458
v  0.0432 0.0195 -0.0457
v  0.0429 0.0241 -0.0458
v  0.0424 0.0101 -0.0457
v  0.0431 0.0148 -0.0457
v  0.0396 0.0010 -0.0456
v  0.0413 0.0055 -0.0456
v  0.0346 -0.0072 -0.0456
v  0.0373 -0.0032 -0.0456
v  0.0280 -0.0143 -0.0456
v  0.0315 -0.0110 -0.0456
v  0.0201 -0.0198 -0.0456
v  0.0242 -0.0173 -0.0456
v  0.0110 -0.0230 -0.0456
v  0.0156 -0.0217 -0.0456
v  0.0062 -0.0238 -0.0456
v  0.0396 -0.0028 -0.0325
v  0.0135 -0.0255 -0.0220
v  -0.0104 -0.0251 -0.0242
v  -0.0107 -0.0255 -0.0220
v  0.0014 -0.0270 -0.0340
v  -0.0016 -0.0267 -0.0334
v  -0.0048 -0.0260 -0.0319
v  -0.0073 -0.0254 -0.0297
v  -0.0092 -0.0250 -0.0270
v  0.0131 -0.0251 -0.0242
v  0.0044 -0.0267 -0.0334
v  0.0101 -0.0254 -0.0297
v  0.0076 -0.0260 -0.0319
v  0.0120 -0.0250 -0.0270
v  0.0177 -0.0050 -0.0214
v  0.0187 -0.0065 -0.0202
v  0.0193 -0.0075 -0.0217
v  0.0183 -0.0058 -0.0228
v  0.0158 -0.0034 -0.0190
v  0.0166 -0.0048 -0.0177
v  0.0178 -0.0057 -0.0189
v  0.0169 -0.0042 -0.0201
v  0.0130 -0.0023 -0.0175
v  0.0135 -0.0034 -0.0163
v  0.0151 -0.0040 -0.0169
v  0.0145 -0.0028 -0.0181
v  0.0097 -0.0018 -0.0171
v  0.0098 -0.0026 -0.0161
v  0.0116 -0.0029 -0.0160
v  0.0114 -0.0020 -0.0171
v  0.0064 -0.0020 -0.0179
v  0.0063 -0.0026 -0.0171
v  0.0080 -0.0025 -0.0164
v  0.0080 -0.0018 -0.0174
v  0.0036 -0.0028 -0.0196
v  0.0034 -0.0034 -0.0190
v  0.0047 -0.0029 -0.0179
v  0.0049 -0.0023 -0.0187
v  0.0018 -0.0041 -0.0221
v  0.0014 -0.0048 -0.0215
v  0.0023 -0.0041 -0.0202
v  0.0026 -0.0034 -0.0208
v  0.0011 -0.0057 -0.0249
v  0.0008 -0.0064 -0.0245
v  0.0009 -0.0055 -0.0230
v  0.0013 -0.0049 -0.0235
v  0.0018 -0.0072 -0.0277
v  0.0014 -0.0079 -0.0275
v  0.0009 -0.0072 -0.0260
v  0.0013 -0.0065 -0.0263
v  0.0023 -0.0087 -0.0288
v  0.0026 -0.0079 -0.0290
v  0.0036 -0.0086 -0.0301
v  0.0034 -0.0094 -0.0300
v  0.0047 -0.0100 -0.0309
v  0.0049 -0.0092 -0.0311
v  0.0064 -0.0096 -0.0317
v  0.0063 -0.0105 -0.0317
v  0.0079 -0.0109 -0.0321
v  0.0080 -0.0100 -0.0322
v  0.0097 -0.0102 -0.0323
v  0.0097 -0.0112 -0.0322
v  0.0115 -0.0113 -0.0320
v  0.0114 -0.0103 -0.0321
v  0.0130 -0.0102 -0.0317
v  0.0133 -0.0113 -0.0315
v  0.0150 -0.0111 -0.0307
v  0.0145 -0.0099 -0.0309
v  0.0158 -0.0095 -0.0299
v  0.0165 -0.0109 -0.0295
v  0.0178 -0.0105 -0.0281
v  0.0169 -0.0090 -0.0287
v  0.0177 -0.0083 -0.0273
v  0.0187 -0.0099 -0.0266
v  0.0193 -0.0092 -0.0250
v  0.0182 -0.0076 -0.0258
v  0.0184 -0.0067 -0.0243
v  0.0195 -0.0084 -0.0233
v  0.0158 -0.0066 -0.0244
v  0.0157 -0.0060 -0.0233
v  0.0163 -0.0048 -0.0239
v  0.0164 -0.0054 -0.0250
v  0.0159 -0.0041 -0.0227
v  0.0161 -0.0040 -0.0227
v  0.0165 -0.0047 -0.0238
v  0.0154 -0.0054 -0.0222
v  0.0148 -0.0048 -0.0213
v  0.0152 -0.0035 -0.0217
v  0.0144 -0.0029 -0.0208
v  0.0145 -0.0028 -0.0207
v  0.0154 -0.0034 -0.0216
v  0.0140 -0.0043 -0.0205
v  0.0130 -0.0039 -0.0198
v  0.0133 -0.0025 -0.0201
v  0.0121 -0.0021 -0.0196
v  0.0122 -0.0019 -0.0194
v  0.0135 -0.0023 -0.0199
v  0.0119 -0.0035 -0.0193
v  0.0107 -0.0033 -0.0190
v  0.0108 -0.0019 -0.0193
v  0.0095 -0.0017 -0.0192
v  0.0095 -0.0016 -0.0190
v  0.0109 -0.0017 -0.0191
v  0.0095 -0.0032 -0.0190
v  0.0082 -0.0032 -0.0191
v  0.0081 -0.0018 -0.0193
v  0.0068 -0.0019 -0.0197
v  0.0067 -0.0017 -0.0195
v  0.0081 -0.0016 -0.0191
v  0.0070 -0.0034 -0.0194
v  0.0059 -0.0036 -0.0200
v  0.0056 -0.0022 -0.0203
v  0.0046 -0.0025 -0.0210
v  0.0044 -0.0024 -0.0209
v  0.0055 -0.0020 -0.0201
v  0.0050 -0.0040 -0.0207
v  0.0042 -0.0044 -0.0215
v  0.0037 -0.0030 -0.0220
v  0.0031 -0.0036 -0.0230
v  0.0028 -0.0035 -0.0230
v  0.0035 -0.0029 -0.0219
v  0.0036 -0.0049 -0.0225
v  0.0032 -0.0055 -0.0236
v  0.0027 -0.0042 -0.0242
v  0.0025 -0.0049 -0.0254
v  0.0023 -0.0048 -0.0254
v  0.0024 -0.0041 -0.0242
v  0.0031 -0.0061 -0.0247
v  0.0032 -0.0067 -0.0257
v  0.0027 -0.0055 -0.0265
v  0.0031 -0.0062 -0.0277
v  0.0028 -0.0062 -0.0278
v  0.0024 -0.0055 -0.0266
v  0.0036 -0.0073 -0.0268
v  0.0042 -0.0079 -0.0277
v  0.0037 -0.0068 -0.0287
v  0.0046 -0.0073 -0.0296
v  0.0044 -0.0074 -0.0298
v  0.0035 -0.0068 -0.0289
v  0.0050 -0.0084 -0.0285
v  0.0059 -0.0088 -0.0292
v  0.0056 -0.0078 -0.0303
v  0.0068 -0.0082 -0.0309
v  0.0067 -0.0082 -0.0311
v  0.0055 -0.0078 -0.0305
v  0.0070 -0.0091 -0.0297
v  0.0082 -0.0094 -0.0300
v  0.0081 -0.0084 -0.0312
v  0.0095 -0.0086 -0.0312
v  0.0095 -0.0086 -0.0315
v  0.0081 -0.0085 -0.0314
v  0.0095 -0.0095 -0.0301
v  0.0107 -0.0095 -0.0299
v  0.0108 -0.0086 -0.0311
v  0.0121 -0.0084 -0.0307
v  0.0122 -0.0085 -0.0309
v  0.0109 -0.0086 -0.0313
v  0.0119 -0.0094 -0.0296
v  0.0130 -0.0091 -0.0290
v  0.0133 -0.0082 -0.0301
v  0.0144 -0.0078 -0.0293
v  0.0145 -0.0078 -0.0295
v  0.0135 -0.0082 -0.0303
v  0.0140 -0.0088 -0.0283
v  0.0148 -0.0083 -0.0275
v  0.0152 -0.0073 -0.0284
v  0.0154 -0.0073 -0.0285
v  0.0159 -0.0067 -0.0273
v  0.0161 -0.0068 -0.0275
v  0.0154 -0.0078 -0.0265
v  0.0157 -0.0072 -0.0254
v  0.0163 -0.0061 -0.0262
v  0.0165 -0.0061 -0.0263
v  0.0166 -0.0054 -0.0251
v  0.0189 -0.0066 -0.0201
v  0.0195 -0.0075 -0.0217
v  0.0197 -0.0084 -0.0233
v  0.0168 -0.0048 -0.0176
v  0.0180 -0.0057 -0.0187
v  0.0135 -0.0033 -0.0161
v  0.0153 -0.0040 -0.0167
v  0.0098 -0.0025 -0.0159
v  0.0117 -0.0028 -0.0158
v  0.0062 -0.0025 -0.0169
v  0.0079 -0.0024 -0.0162
v  0.0032 -0.0034 -0.0188
v  0.0046 -0.0029 -0.0178
v  0.0013 -0.0047 -0.0215
v  0.0021 -0.0040 -0.0201
v  0.0006 -0.0064 -0.0245
v  0.0007 -0.0055 -0.0230
v  0.0013 -0.0080 -0.0275
v  0.0007 -0.0072 -0.0260
v  0.0032 -0.0095 -0.0301
v  0.0021 -0.0088 -0.0289
v  0.0062 -0.0106 -0.0318
v  0.0046 -0.0101 -0.0311
v  0.0097 -0.0113 -0.0324
v  0.0079 -0.0110 -0.0322
v  0.0134 -0.0114 -0.0316
v  0.0115 -0.0114 -0.0322
v  0.0166 -0.0110 -0.0296
v  0.0151 -0.0113 -0.0308
v  0.0189 -0.0100 -0.0267
v  0.0179 -0.0106 -0.0282
v  0.0195 -0.0093 -0.0250
# 1708 vertices

vn 0.7831 0.6217 -0.0163
vn 0.6460 0.7625 -0.0369
vn 0.6855 0.7267 -0.0451
vn 0.8003 0.5995 -0.0099
vn 0.8698 0.4906 0.0524
vn 0.9420 0.3147 0.1164
vn 0.9392 0.3147 0.1376
vn 0.8632 0.5021 0.0529
vn 0.9320 0.3576 0.0584
vn 0.9785 0.1959 0.0651
vn 0.9731 0.2197 0.0692
vn 0.9244 0.3788 0.0439
vn 0.9345 0.3490 0.0697
vn 0.9324 0.3436 0.1116
vn 0.9769 0.1849 0.1068
vn 0.9789 0.1909 0.0722
vn 0.9165 0.3468 0.1995
vn 0.9610 0.1984 0.1926
vn 0.8885 0.3130 0.3357
vn 0.9226 0.1725 0.3451
vn 0.8488 0.1276 0.5130
vn 0.8635 0.0132 0.5042
vn 0.9380 0.0305 0.3452
vn 0.8098 0.2608 0.5255
vn 0.6211 0.2434 0.7450
vn 0.6634 0.1237 0.7380
vn 0.6302 0.5248 0.5723
vn 0.7073 0.6010 0.3721
vn 0.5584 0.7303 0.3936
vn 0.4680 0.6571 0.5910
vn 0.2074 0.8677 0.4517
vn -0.0000 0.8877 0.4603
vn -0.0000 0.7692 0.6390
vn 0.1755 0.7539 0.6331
vn 0.8548 0.4762 0.2061
vn 0.7349 0.6417 0.2193
vn 0.8188 0.4508 0.3555
vn 0.5999 0.7657 0.2319
vn 0.4337 0.8658 0.2494
vn 0.4016 0.8113 0.4248
vn 0.2084 0.9424 0.2617
vn 0.8280 0.5606 -0.0038
vn 0.8553 0.5176 0.0234
vn 0.9006 0.4325 0.0438
vn 0.7349 0.6782 0.0050
vn 0.7476 0.6632 0.0349
vn 0.8663 0.4973 0.0478
vn 0.7515 0.6564 0.0660
vn 0.7446 0.6564 0.1213
vn 0.8627 0.4922 0.1159
vn 0.8689 0.4905 0.0671
vn 0.4266 0.9024 0.0610
vn 0.4359 0.8897 0.1359
vn 0.6076 0.7837 0.1286
vn 0.6106 0.7894 0.0629
vn 0.8030 0.5941 0.0478
vn 0.9802 0.0908 0.1757
vn 0.9644 -0.0602 0.2575
vn 0.9969 0.0439 0.0653
vn 0.9948 0.0427 0.0924
vn 0.9936 0.0525 0.1003
vn 0.9962 0.0517 0.0696
vn 0.9810 0.0316 0.1912
vn 0.6635 -0.0092 0.7481
vn 0.2241 0.9648 0.1377
vn 0.2146 0.9749 0.0596
vn -0.0000 0.9641 0.2654
vn 0.0000 0.9904 0.1385
vn -0.0000 0.9981 0.0621
vn -0.0044 0.9918 -0.1278
vn 0.1954 0.9747 -0.1088
vn 0.1829 0.9797 -0.0822
vn -0.0121 0.9929 -0.1181
vn 0.7345 0.3991 0.5488
vn 0.5756 0.3317 0.7474
vn 0.2685 0.5859 0.7646
vn 0.3210 0.7203 0.6149
vn 0.1498 0.6227 0.7680
vn 0.0001 0.6366 0.7712
vn 0.5196 0.3952 0.7575
vn 0.4023 0.5084 0.7614
vn -0.7203 -0.0123 0.6936
vn -0.7008 -0.0216 0.7131
vn -0.5060 -0.0145 0.8624
vn -0.5159 0.0434 0.8556
vn -0.0023 -0.0008 1.0000
vn -0.7053 -0.2831 0.6499
vn -0.5397 -0.5069 0.6721
vn -0.2985 -0.6545 0.6947
vn -0.0017 -0.6951 0.7189
vn -0.1687 -0.3135 0.9345
vn -0.0020 -0.3424 0.9396
vn -0.3114 -0.2306 0.9219
vn -0.4163 -0.0664 0.9068
vn -0.7279 -0.0681 0.6823
vn -0.4649 0.0624 0.8832
vn -0.0046 -0.0067 1.0000
vn 0.5984 0.8009 0.0220
vn 0.4151 0.9097 0.0103
vn 0.2117 0.9773 0.0065
vn 0.0000 1.0000 0.0057
vn 0.5765 0.8170 -0.0109
vn 0.3981 0.9170 -0.0261
vn 0.2049 0.9783 -0.0300
vn 0.0000 0.9995 -0.0317
vn 0.9579 0.2734 0.0873
vn 0.9890 0.0654 0.1328
vn 0.7124 0.7008 -0.0377
vn 0.5554 0.8292 -0.0625
vn 0.3802 0.9215 -0.0790
vn 0.2001 0.9752 -0.0945
vn 0.0000 0.9965 -0.0840
vn 0.5332 0.8406 -0.0950
vn 0.3547 0.9303 -0.0932
vn -0.4773 0.8692 -0.1294
vn -0.5672 0.8199 -0.0781
vn -0.5332 0.8407 -0.0951
vn -0.9336 0.3458 0.0936
vn -0.8711 0.4887 0.0484
vn -0.8804 0.4689 0.0707
vn -0.9378 0.3171 0.1415
vn -0.9345 0.3492 0.0695
vn -0.9792 0.1910 0.0690
vn -0.9769 0.1842 0.1079
vn -0.9325 0.3436 0.1116
vn -0.9613 0.1971 0.1924
vn -0.9165 0.3468 0.1995
vn -0.8885 0.3130 0.3357
vn -0.9232 0.1726 0.3434
vn -0.8487 0.1295 0.5127
vn -0.9386 0.0319 0.3436
vn -0.8628 0.0106 0.5055
vn -0.6572 0.1284 0.7427
vn -0.6168 0.2360 0.7509
vn -0.8098 0.2608 0.5255
vn -0.6302 0.5248 0.5723
vn -0.4680 0.6571 0.5910
vn -0.5583 0.7303 0.3936
vn -0.7073 0.6011 0.3721
vn -0.2073 0.8677 0.4517
vn -0.1755 0.7539 0.6331
vn -0.8548 0.4762 0.2061
vn -0.8188 0.4508 0.3555
vn -0.7349 0.6417 0.2193
vn -0.4016 0.8113 0.4248
vn -0.4337 0.8658 0.2494
vn -0.5999 0.7657 0.2319
vn -0.2084 0.9424 0.2617
vn -0.8810 -0.0765 0.4669
vn -0.8246 0.5656 -0.0086
vn -0.9008 0.4324 0.0395
vn -0.8231 -0.0447 0.5661
vn -0.8662 0.4973 0.0479
vn -0.7477 0.6632 0.0350
vn -0.7347 0.6784 0.0049
vn -0.9775 -0.2073 0.0379
vn -0.7516 0.6563 0.0660
vn -0.8689 0.4905 0.0671
vn -0.8627 0.4922 0.1159
vn -0.7446 0.6564 0.1213
vn -0.4266 0.9024 0.0610
vn -0.6106 0.7894 0.0629
vn -0.6076 0.7837 0.1286
vn -0.4359 0.8897 0.1359
vn -0.7926 0.6096 -0.0138
vn -0.7804 0.6253 -0.0067
vn -0.9669 -0.0528 0.2497
vn -0.9804 0.0942 0.1732
vn -0.9961 0.0527 0.0706
vn -0.9932 0.0509 0.1050
vn -0.9819 0.0307 0.1871
vn -0.6633 -0.0118 0.7483
vn -0.3091 0.9471 -0.0865
vn -0.4397 0.8929 -0.0969
vn -0.3529 0.9309 -0.0941
vn -0.2241 0.9648 0.1377
vn -0.2146 0.9749 0.0596
vn -0.1795 0.9813 -0.0695
vn -0.1918 0.9748 -0.1142
vn -0.5756 0.3317 0.7474
vn -0.7345 0.3991 0.5488
vn -0.2685 0.5859 0.7646
vn -0.1499 0.6227 0.7680
vn -0.3210 0.7203 0.6149
vn -0.5208 0.3951 0.7567
vn -0.4021 0.5104 0.7602
vn 0.7048 -0.0126 0.7092
vn 0.7280 -0.0217 0.6853
vn 0.5103 0.0549 0.8582
vn 0.5056 -0.0146 0.8626
vn 0.5339 -0.5116 0.6732
vn 0.7019 -0.2825 0.6538
vn 0.3033 -0.6532 0.6938
vn 0.1737 -0.3107 0.9345
vn 0.4209 -0.0730 0.9042
vn 0.3092 -0.2364 0.9211
vn 0.7266 -0.0638 0.6841
vn 0.4583 0.0548 0.8871
vn -0.8727 0.1350 -0.4692
vn -0.8401 0.1657 -0.5165
vn -0.8829 0.0462 -0.4672
vn -0.9135 -0.0733 -0.4002
vn -0.5984 0.8009 0.0220
vn -0.4151 0.9097 0.0103
vn -0.2117 0.9773 0.0065
vn -0.5765 0.8171 -0.0109
vn -0.3981 0.9170 -0.0261
vn -0.2049 0.9783 -0.0300
vn -0.8539 0.5198 0.0256
vn -0.7124 0.7008 -0.0377
vn -0.5554 0.8292 -0.0624
vn -0.3803 0.9215 -0.0789
vn -0.2001 0.9752 -0.0945
vn -0.9560 0.2801 0.0870
vn -0.9880 0.0536 0.1447
vn -0.6875 0.7241 -0.0541
vn -0.8195 -0.0649 0.5695
vn -0.8138 -0.1867 0.5503
vn -0.9244 -0.2526 0.2859
vn -0.9489 -0.2250 -0.2213
vn -0.3624 0.0311 -0.9315
vn -0.3576 0.2265 -0.9060
vn -0.3760 -0.3495 -0.8582
vn -0.4006 -0.6366 -0.6590
vn -0.3963 -0.8466 -0.3553
vn -0.3768 -0.9263 0.0014
vn -0.3559 -0.8693 0.3432
vn -0.3334 -0.6871 0.6455
vn -0.3139 -0.4900 0.8132
vn -0.3144 -0.4243 0.8492
vn -0.3352 -0.4131 0.8468
vn -0.7827 -0.6098 -0.1243
vn -0.0673 -0.8765 -0.4767
vn -0.0808 -0.8286 -0.5540
vn -0.8018 -0.5969 -0.0280
vn -0.8873 -0.4513 0.0950
vn -0.7617 -0.6209 -0.1852
vn -0.9114 -0.3894 0.1332
vn -0.7857 -0.6110 0.0967
vn -0.0638 -0.7453 -0.6637
vn -0.0909 -0.6850 -0.7229
vn -0.7273 -0.6535 0.2097
vn -0.1244 -0.6761 -0.7262
vn -0.6276 -0.7206 0.2949
vn -0.1012 -0.6509 -0.7524
vn -0.4217 -0.8311 0.3626
vn -0.0073 -0.6841 -0.7294
vn -0.0019 -0.9087 0.4174
vn -0.8841 -0.3712 0.2839
vn -0.8326 -0.3646 0.4170
vn -0.7191 -0.3937 0.5726
vn -0.5752 -0.4320 0.6946
vn -0.3362 -0.4842 0.8078
vn 0.0029 -0.5122 0.8589
vn -0.9090 -0.2951 0.2944
vn -0.8457 -0.4091 0.3428
vn -0.8548 -0.4596 0.2408
vn -0.8907 -0.3780 0.2525
vn -0.6792 -0.5458 0.4907
vn -0.7744 -0.5050 0.3811
vn -0.8089 -0.4040 0.4272
vn -0.7060 -0.4384 0.5562
vn -0.8453 -0.4291 0.3183
vn -0.8581 -0.3873 0.3373
vn -0.5443 -0.4864 0.6835
vn -0.5116 -0.5917 0.6230
vn -0.2982 -0.6130 0.7317
vn -0.3201 -0.5207 0.7914
vn -0.0000 -0.5489 0.8359
vn 0.0000 -0.6209 0.7839
vn -0.8872 -0.3494 0.3014
vn -0.2122 -0.8634 0.4577
vn -0.2464 -0.7145 0.6548
vn 0.0000 -0.7203 0.6937
vn 0.0000 -0.8716 0.4903
vn -0.2166 -0.9761 0.0188
vn -0.1936 -0.9646 0.1791
vn 0.0000 -0.9851 0.1723
vn -0.0000 -0.9999 0.0137
vn -0.0000 -1.0000 -0.0073
vn -0.2239 -0.9746 -0.0027
vn -0.9028 -0.3463 0.2550
vn -0.9162 -0.3510 0.1933
vn -0.9596 -0.1917 0.2062
vn -0.9372 -0.2269 0.2651
vn -0.8409 -0.4666 0.2742
vn -0.8320 -0.5126 0.2123
vn -0.7413 -0.5814 0.3353
vn -0.7202 -0.6494 0.2442
vn -0.6230 -0.6545 0.4283
vn -0.5831 -0.7545 0.3013
vn -0.4657 -0.6961 0.5464
vn -0.4113 -0.8264 0.3846
vn -0.9774 -0.1568 0.1417
vn -0.8045 -0.2261 0.5493
vn -0.8114 -0.2389 0.5335
vn -0.8201 -0.1801 0.5432
vn -0.8442 -0.5180 0.1378
vn -0.8594 -0.0821 0.5046
vn -0.7608 -0.6482 0.0321
vn -0.8844 -0.4643 0.0472
vn -0.8909 -0.0248 -0.4535
vn -0.9564 0.1243 -0.2642
vn -0.7344 -0.6754 0.0670
vn -0.7226 -0.6782 0.1338
vn -0.5618 -0.8133 0.1515
vn -0.5904 -0.8054 0.0526
vn -0.6189 -0.7853 0.0162
vn -0.4341 -0.9003 0.0305
vn -0.4539 -0.8911 0.0027
vn -0.3842 -0.9082 0.1662
vn -0.9335 -0.3343 0.1300
vn 0.7080 -0.0058 0.7062
vn 0.5141 -0.0694 0.8549
vn -0.8420 -0.2341 0.4861
vn -0.6459 -0.2028 0.7360
vn -0.6557 -0.1055 0.7476
vn -0.8575 -0.1080 0.5029
vn -0.9368 -0.1095 0.3324
vn -0.9111 -0.2571 0.3222
vn -0.9757 -0.1172 0.1849
vn -0.9900 -0.0942 0.1046
vn -0.9554 -0.2789 0.0968
vn -0.9484 -0.2571 0.1854
vn -0.9927 -0.1030 0.0623
vn -0.9538 -0.2952 0.0566
vn -0.8594 0.0529 -0.5086
vn -0.8752 0.1156 -0.4697
vn -0.0000 -0.0014 1.0000
vn 0.6857 0.2910 0.6672
vn 0.5251 0.5316 0.6646
vn -0.6313 -0.2895 0.7195
vn 0.4126 0.0754 0.9078
vn 0.4653 -0.0467 0.8839
vn 0.2849 0.6923 0.6630
vn -0.0001 0.7496 0.6619
vn 0.1800 0.3732 0.9101
vn 0.0090 0.4221 0.9065
vn -0.2284 -0.9733 0.0212
vn -0.4602 -0.8875 0.0254
vn -0.2432 -0.9675 0.0693
vn -0.4746 -0.8768 0.0771
vn -0.2595 -0.9519 0.1627
vn -0.4906 -0.8558 0.1640
vn -0.4898 -0.8251 0.2815
vn -0.2566 -0.9253 0.2793
vn -0.2467 -0.8500 0.4655
vn -0.4494 -0.7728 0.4480
vn -0.4411 -0.5571 0.7036
vn -0.2891 -0.6422 0.7100
vn 0.3358 0.2478 0.9087
vn -0.5779 -0.4160 0.7021
vn -0.7206 -0.5279 0.4495
vn -0.5998 -0.6695 0.4382
vn -0.6316 -0.7232 0.2795
vn -0.8933 -0.4120 0.1796
vn -0.7722 -0.6129 0.1678
vn -0.7624 -0.5743 0.2983
vn -0.8664 -0.3908 0.3109
vn -0.6493 -0.7422 0.1658
vn -0.8954 -0.4359 0.0904
vn -0.7786 -0.6216 0.0860
vn -0.8929 -0.4475 0.0502
vn -0.7728 -0.6331 0.0442
vn -0.6470 -0.7581 0.0813
vn -0.6401 -0.7676 0.0335
vn -0.1148 -0.9009 -0.4186
vn -0.9248 -0.2187 0.3113
vn -0.8346 -0.3867 0.3924
vn 0.0000 -0.9598 0.2808
vn 0.0000 -0.9870 0.1605
vn -0.8431 0.0092 -0.5377
vn -0.0000 -0.9998 0.0199
vn -0.0000 -0.9979 0.0642
vn 0.7175 0.0666 0.6934
vn 0.0000 -0.8845 0.4666
vn 0.0025 -0.6646 0.7472
vn -0.1845 -0.6613 0.7271
vn -0.8064 -0.3709 0.4607
vn -0.9220 -0.2379 0.3055
vn -0.9456 -0.1449 0.2914
vn 0.8133 -0.5816 -0.0149
vn 0.0654 -0.8235 -0.5635
vn 0.0609 -0.8773 -0.4760
vn 0.7927 -0.6014 -0.0996
vn 0.7585 -0.6197 -0.2016
vn 0.8691 -0.4945 0.0138
vn 0.8944 -0.4230 0.1451
vn 0.7312 -0.6466 0.2173
vn 0.0876 -0.6718 -0.7355
vn 0.0512 -0.7375 -0.6734
vn 0.7898 -0.6031 0.1117
vn 0.6310 -0.7111 0.3103
vn 0.1303 -0.6402 -0.7571
vn 0.4108 -0.8252 0.3875
vn 0.0891 -0.6443 -0.7596
vn 0.8837 -0.3865 0.2639
vn 0.8369 -0.3736 0.4001
vn 0.7257 -0.3988 0.5607
vn 0.5778 -0.4367 0.6895
vn 0.3395 -0.4885 0.8038
vn 0.8857 -0.3769 0.2710
vn 0.8675 -0.4673 0.1702
vn 0.8646 -0.4204 0.2751
vn 0.9039 -0.2792 0.3241
vn 0.6792 -0.5458 0.4907
vn 0.7060 -0.4384 0.5562
vn 0.8088 -0.4040 0.4272
vn 0.7744 -0.5049 0.3812
vn 0.8581 -0.3871 0.3373
vn 0.8453 -0.4291 0.3184
vn 0.5443 -0.4864 0.6835
vn 0.5116 -0.5917 0.6230
vn 0.2981 -0.6130 0.7317
vn 0.3202 -0.5207 0.7914
vn 0.8872 -0.3495 0.3014
vn 0.2122 -0.8634 0.4577
vn 0.2463 -0.7145 0.6548
vn 0.2166 -0.9761 0.0188
vn 0.1936 -0.9646 0.1791
vn 0.2239 -0.9746 -0.0027
vn 0.9027 -0.3464 0.2551
vn 0.9376 -0.2192 0.2698
vn 0.9618 -0.1856 0.2015
vn 0.9162 -0.3510 0.1933
vn 0.8409 -0.4666 0.2742
vn 0.8320 -0.5126 0.2123
vn 0.7413 -0.5814 0.3353
vn 0.7202 -0.6494 0.2442
vn 0.6231 -0.6545 0.4283
vn 0.5831 -0.7544 0.3013
vn 0.4657 -0.6961 0.5464
vn 0.4113 -0.8264 0.3846
vn 0.9340 -0.3305 0.1355
vn 0.9772 -0.1541 0.1460
vn 0.9883 -0.1225 0.0907
vn 0.9435 -0.3202 0.0852
vn 0.8615 -0.5019 0.0766
vn 0.8427 -0.5207 0.1370
vn 0.8811 -0.4708 0.0451
vn 0.7618 -0.6470 0.0307
vn 0.7476 -0.6611 0.0635
vn 0.7236 -0.6765 0.1368
vn 0.5904 -0.8054 0.0526
vn 0.5618 -0.8133 0.1515
vn 0.6189 -0.7853 0.0162
vn 0.4539 -0.8911 0.0027
vn 0.4341 -0.9003 0.0305
vn 0.3842 -0.9082 0.1662
vn -0.7083 -0.0055 0.7059
vn -0.5145 -0.0694 0.8547
vn 0.8420 -0.2341 0.4861
vn 0.8585 -0.1081 0.5014
vn 0.6546 -0.1068 0.7484
vn 0.6458 -0.2027 0.7361
vn 0.9111 -0.2571 0.3221
vn 0.9370 -0.1084 0.3321
vn 0.9748 -0.1191 0.1888
vn 0.9484 -0.2571 0.1854
vn 0.9554 -0.2789 0.0968
vn 0.9902 -0.0961 0.1010
vn 0.9540 -0.2938 0.0593
vn 0.9928 -0.1008 0.0642
vn 0.9493 -0.3091 0.0573
vn 0.9917 -0.1136 0.0594
vn -0.5249 0.5316 0.6647
vn -0.6858 0.2910 0.6671
vn 0.6313 -0.2895 0.7195
vn -0.4654 -0.0469 0.8839
vn -0.4122 0.0752 0.9080
vn -0.2847 0.6924 0.6630
vn -0.1862 0.3673 0.9113
vn 0.4602 -0.8874 0.0254
vn 0.2283 -0.9733 0.0212
vn 0.4746 -0.8768 0.0772
vn 0.2432 -0.9675 0.0694
vn 0.4905 -0.8559 0.1640
vn 0.2595 -0.9519 0.1627
vn 0.4898 -0.8251 0.2815
vn 0.4494 -0.7728 0.4480
vn 0.2467 -0.8500 0.4655
vn 0.2566 -0.9253 0.2793
vn 0.1821 -0.6596 0.7292
vn 0.2891 -0.6422 0.7100
vn 0.4411 -0.5571 0.7036
vn 0.5780 -0.4160 0.7021
vn -0.3359 0.2480 0.9087
vn 0.5998 -0.6695 0.4382
vn 0.7206 -0.5279 0.4496
vn 0.6315 -0.7232 0.2795
vn 0.8933 -0.4119 0.1796
vn 0.8664 -0.3907 0.3109
vn 0.7624 -0.5743 0.2983
vn 0.7722 -0.6128 0.1678
vn 0.6493 -0.7422 0.1658
vn 0.7786 -0.6216 0.0860
vn 0.8954 -0.4359 0.0904
vn 0.7728 -0.6331 0.0442
vn 0.8918 -0.4494 0.0527
vn 0.6470 -0.7581 0.0812
vn 0.6401 -0.7676 0.0335
vn 0.0893 -0.8997 -0.4273
vn 0.8720 -0.3704 0.3200
vn 0.9152 -0.1989 0.3504
vn -0.7174 0.0663 0.6935
vn 0.8063 -0.3710 0.4607
vn 0.9233 -0.2367 0.3025
vn 0.9431 -0.1507 0.2966
vn 0.9385 -0.1593 0.3064
vn -0.9866 0.1377 0.0873
vn -0.9224 0.0401 0.3842
vn -0.8044 -0.1813 0.5658
vn -0.8247 -0.2126 0.5242
vn -0.3740 -0.3531 0.8576
vn -0.3879 -0.2731 0.8803
vn -0.4120 -0.0916 0.9066
vn -0.4199 0.0559 0.9058
vn -0.4538 0.2868 0.8437
vn -0.4788 0.5682 0.6693
vn -0.4961 0.7615 0.4171
vn -0.4892 0.8721 0.0077
vn -0.4303 0.7980 -0.4220
vn -0.3656 0.5802 -0.7278
vn -0.3299 0.4173 -0.8468
vn -0.3297 0.4303 -0.8403
vn -0.3525 0.3595 -0.8640
vn 0.2826 -0.8102 -0.5135
vn 0.2904 -0.7146 -0.6364
vn 0.2588 -0.6032 -0.7544
vn 0.2021 -0.4961 -0.8445
vn 0.1179 -0.4082 -0.9053
vn 0.0430 -0.3639 -0.9304
vn 0.0004 -0.3249 -0.9457
vn 0.2631 -0.8437 -0.4679
vn -0.2772 -0.7260 -0.6294
vn -0.2757 -0.8167 -0.5070
vn -0.1944 -0.4994 -0.8443
vn -0.2473 -0.6119 -0.7513
vn -0.1141 -0.4090 -0.9054
vn -0.0423 -0.3643 -0.9303
vn -0.2544 -0.8517 -0.4581
vn -0.6630 0.7479 -0.0334
vn 0.3123 0.9456 -0.0910
vn 0.4780 0.8688 -0.1289
vn 0.4398 0.8929 -0.0967
vn 0.5675 0.8197 -0.0778
vn -0.9398 -0.1263 0.3177
vn -0.0002 -0.8100 -0.5865
vn -0.8939 0.4381 0.0949
vn -0.8782 0.4725 0.0750
vn -0.9225 0.3611 0.1362
vn -0.9359 0.3075 0.1720
vn -0.7848 0.6192 -0.0273
vn -0.7400 0.6698 -0.0609
vn -0.0328 0.8477 -0.5295
vn -0.0563 0.8482 -0.5266
vn -0.0426 0.8566 -0.5142
vn -0.0254 0.8533 -0.5208
vn -0.0799 0.7189 -0.6905
vn -0.0020 0.7166 -0.6975
vn 0.0009 0.4505 -0.8928
vn -0.1127 0.4681 -0.8765
vn -0.0606 0.8767 -0.4773
vn -0.0665 0.8801 -0.4701
vn -0.0000 0.8800 -0.4750
vn -0.0449 0.8699 -0.4912
vn -0.0779 0.8494 -0.5219
vn -0.0659 0.8535 -0.5170
vn -0.5350 0.8116 -0.2349
vn -0.4626 0.8313 -0.3081
vn -0.2709 0.8803 -0.3894
vn -0.2654 0.8696 -0.4163
vn -0.2174 0.7945 -0.5671
vn -0.3553 0.6400 -0.6813
vn -0.3904 0.7064 -0.5904
vn -0.2310 0.8274 -0.5119
vn -0.1737 0.7439 -0.6453
vn -0.1318 0.7292 -0.6715
vn -0.2113 0.4958 -0.8423
vn -0.2807 0.5285 -0.8012
vn -0.2064 0.7655 -0.6094
vn -0.3281 0.5810 -0.7449
vn -0.1002 0.8549 -0.5090
vn -0.9395 0.2992 0.1667
vn -0.8933 0.4380 0.1012
vn -0.8079 0.5892 -0.0036
vn -0.5860 0.7866 -0.1947
vn -0.0004 0.8836 -0.4682
vn -0.0804 0.8808 -0.4666
vn -0.0807 0.8805 -0.4671
vn -0.0000 0.8823 -0.4706
vn -0.1993 0.8796 -0.4319
vn -0.2522 0.8828 -0.3963
vn -0.2855 0.8816 -0.3758
vn -0.2290 0.8826 -0.4105
vn -0.7800 0.6227 -0.0623
vn -0.5841 0.7887 -0.1916
vn 0.0000 0.8806 -0.4738
vn -0.0676 0.8796 -0.4709
vn -0.0689 0.8810 -0.4681
vn -0.0010 0.8800 -0.4750
vn -0.1662 0.8790 -0.4468
vn -0.1509 0.8722 -0.4652
vn -0.1211 0.8591 -0.4972
vn -0.1418 0.8660 -0.4795
vn -0.1108 0.8721 -0.4766
vn -0.1020 0.8594 -0.5011
vn -0.0232 0.8663 -0.4989
vn -0.0000 0.8654 -0.5011
vn -0.3897 0.9015 -0.1880
vn -0.4199 0.8878 -0.1887
vn -0.4416 0.8814 -0.1676
vn -0.3595 0.9118 -0.1984
vn -0.2561 0.9499 -0.1794
vn -0.2583 0.9442 -0.2045
vn -0.0002 0.9434 -0.3315
vn -0.0120 0.9416 -0.3365
vn -0.0345 0.9368 -0.3483
vn -0.3418 0.8756 -0.3412
vn -0.3035 0.8716 -0.3850
vn -0.1065 0.9714 -0.2121
vn -0.0040 0.9731 -0.2303
vn -0.0071 0.9279 -0.3728
vn -0.0290 0.9434 -0.3304
vn -0.0744 0.9505 -0.3018
vn -0.1181 0.9669 -0.2260
vn 0.0000 0.9662 -0.2578
vn -0.1417 0.9389 -0.3137
vn -0.1244 0.9367 -0.3272
vn -0.3826 0.8800 -0.2815
vn -0.3917 0.8793 -0.2708
vn -0.6004 0.7884 -0.1341
vn -0.7373 0.6738 -0.0483
vn -0.5592 0.8244 -0.0882
vn -0.6550 0.7525 -0.0685
vn -0.0708 0.9310 -0.3582
vn -0.7510 0.6583 -0.0509
vn -0.5915 0.7878 -0.1720
vn 0.4080 0.8546 -0.3212
vn 0.3737 0.9111 -0.1737
vn 0.2811 0.9585 -0.0478
vn 0.1496 0.9882 0.0337
vn -0.0003 0.9981 0.0622
vn -0.0000 0.8493 -0.5280
vn -0.3479 0.7720 -0.5320
vn -0.2133 0.8548 -0.4731
vn -0.3045 0.8803 -0.3637
vn -0.2057 0.8848 -0.4180
vn -0.3371 0.8787 -0.3379
vn -0.4575 0.8740 -0.1637
vn -0.4840 0.8639 -0.1391
vn -0.3817 0.8719 -0.3067
vn -0.4227 0.8730 -0.2434
vn -0.7802 0.6207 -0.0779
vn -0.0000 0.8563 -0.5165
vn -0.0801 0.8621 -0.5004
vn 0.8942 0.4354 0.1040
vn 0.9358 0.3075 0.1721
vn 0.9225 0.3611 0.1362
vn 0.8823 0.4657 0.0688
vn 0.7819 0.6230 -0.0243
vn 0.7320 0.6759 -0.0861
vn -0.0049 0.8802 -0.4745
vn 0.0723 0.8800 -0.4694
vn 0.0673 0.8789 -0.4723
vn 0.0328 0.8477 -0.5295
vn 0.0254 0.8533 -0.5208
vn 0.0426 0.8566 -0.5142
vn 0.0563 0.8482 -0.5266
vn 0.0772 0.7223 -0.6872
vn 0.1102 0.4623 -0.8799
vn 0.0608 0.8805 -0.4700
vn 0.0583 0.8762 -0.4784
vn 0.0449 0.8699 -0.4912
vn 0.0659 0.8535 -0.5170
vn 0.0779 0.8494 -0.5219
vn 0.4570 0.8316 -0.3156
vn 0.5350 0.8116 -0.2349
vn 0.2692 0.8691 -0.4149
vn 0.2709 0.8803 -0.3894
vn 0.2044 0.8707 -0.4473
vn 0.2059 0.8775 -0.4331
vn 0.2796 0.8555 -0.4358
vn 0.1410 0.8637 -0.4839
vn 0.1563 0.8634 -0.4798
vn 0.2083 0.8551 -0.4748
vn 0.2259 0.8273 -0.5144
vn 0.2174 0.7945 -0.5670
vn 0.3740 0.6975 -0.6113
vn 0.3648 0.6446 -0.6718
vn 0.2084 0.8607 -0.4645
vn 0.1558 0.8739 -0.4604
vn 0.1299 0.7333 -0.6674
vn 0.1751 0.7464 -0.6421
vn 0.2853 0.5298 -0.7987
vn 0.2096 0.4933 -0.8442
vn 0.3201 0.5833 -0.7465
vn 0.2064 0.7655 -0.6094
vn 0.1002 0.8549 -0.5090
vn 0.8916 0.4421 0.0986
vn 0.8723 0.4874 0.0392
vn 0.9399 0.2986 0.1658
vn 0.9385 0.3023 0.1666
vn 0.1770 0.8804 -0.4400
vn 0.2017 0.8831 -0.4237
vn 0.2524 0.8831 -0.3955
vn 0.2236 0.8814 -0.4160
vn 0.8076 0.5898 -0.0040
vn 0.5860 0.7866 -0.1947
vn 0.7781 0.6265 -0.0447
vn 0.0812 0.8808 -0.4664
vn 0.0779 0.8832 -0.4625
vn 0.2290 0.8826 -0.4105
vn 0.2855 0.8816 -0.3758
vn 0.5841 0.7887 -0.1917
vn 0.1137 0.8784 -0.4642
vn 0.1169 0.8788 -0.4627
vn 0.1544 0.8768 -0.4553
vn 0.1331 0.8794 -0.4572
vn 0.1472 0.8825 -0.4466
vn 0.0635 0.8802 -0.4704
vn 0.2985 0.8299 -0.4713
vn 0.1221 0.8781 -0.4626
vn 0.1656 0.8799 -0.4454
vn 0.1211 0.8591 -0.4972
vn 0.1020 0.8594 -0.5011
vn 0.1044 0.8679 -0.4857
vn 0.0232 0.8663 -0.4989
vn 0.1239 0.8702 -0.4769
vn 0.4215 0.8865 -0.1911
vn 0.3850 0.9023 -0.1939
vn 0.3680 0.9111 -0.1858
vn 0.4580 0.8758 -0.1526
vn 0.2596 0.9497 -0.1752
vn 0.2448 0.9474 -0.2060
vn 0.0138 0.9411 -0.3380
vn 0.0515 0.9350 -0.3508
vn 0.2980 0.8726 -0.3869
vn 0.3418 0.8757 -0.3412
vn 0.1182 0.9733 -0.1967
vn 0.0153 0.9394 -0.3426
vn 0.0778 0.9476 -0.3099
vn 0.1232 0.9645 -0.2337
vn 0.1420 0.9389 -0.3136
vn 0.3826 0.8800 -0.2815
vn 0.1245 0.9367 -0.3272
vn 0.3917 0.8793 -0.2708
vn 0.5892 0.8060 -0.0568
vn 0.7373 0.6738 -0.0483
vn 0.5979 0.7892 -0.1406
vn 0.6579 0.7496 -0.0726
vn 0.0726 0.9280 -0.3656
vn 0.7511 0.6582 -0.0508
vn 0.5896 0.7895 -0.1704
vn -0.3742 0.9110 -0.1733
vn -0.4082 0.8545 -0.3212
vn -0.1501 0.9881 0.0343
vn -0.2816 0.9584 -0.0470
vn 0.1592 0.8784 -0.4505
vn 0.3417 0.7818 -0.5216
vn 0.3045 0.8803 -0.3637
vn 0.3371 0.8787 -0.3380
vn 0.4814 0.8661 -0.1348
vn 0.4489 0.8765 -0.1740
vn 0.3846 0.8724 -0.3016
vn 0.4250 0.8713 -0.2453
vn 0.0801 0.8621 -0.5004
vn 0.3801 0.8006 -0.4632
vn 0.2889 0.7579 -0.5850
vn 0.1424 0.7277 -0.6710
vn -0.0001 0.7042 -0.7100
vn -0.3801 0.8007 -0.4631
vn -0.1423 0.7277 -0.6710
vn -0.2887 0.7579 -0.5850
vn 0.2346 0.9376 0.2565
vn 0.0002 0.9544 0.2987
vn -0.2341 0.9378 0.2562
vn -0.4366 0.8897 0.1335
vn -0.5756 0.8159 -0.0539
vn -0.6263 0.7297 -0.2744
vn -0.5828 0.6483 -0.4899
vn -0.4473 0.5814 -0.6796
vn -0.2193 0.5314 -0.8183
vn 0.0000 0.5081 -0.8613
vn 0.2191 0.5315 -0.8182
vn 0.4474 0.5816 -0.6794
vn 0.5829 0.6483 -0.4899
vn 0.6266 0.7296 -0.2739
vn 0.5762 0.8156 -0.0531
vn 0.4374 0.8892 0.1340
vn -0.1112 0.3463 -0.9315
vn 0.0037 0.3370 -0.9415
vn -0.2720 0.8519 -0.4476
vn -0.3056 0.8292 -0.4680
vn -0.4332 0.6385 -0.6360
vn -0.4005 0.5530 -0.7306
vn -0.2277 0.3847 -0.8945
vn -0.3032 0.4300 -0.8504
vn -0.3546 0.4954 -0.7930
vn -0.3043 0.8303 -0.4668
vn -0.3600 0.7920 -0.4931
vn -0.3889 0.7131 -0.5832
vn 0.1069 0.3500 -0.9306
vn 0.3207 0.8347 -0.4476
vn 0.4144 0.5614 -0.7163
vn 0.4217 0.6218 -0.6599
vn 0.3091 0.4269 -0.8498
vn 0.2251 0.3798 -0.8972
vn 0.3528 0.4824 -0.8018
vn 0.3744 0.7834 -0.4961
vn 0.4292 0.6998 -0.5710
vn -0.2054 0.8752 -0.4379
vn -0.8708 0.4901 0.0393
vn -0.9405 0.2950 0.1686
vn -0.1377 0.9880 -0.0700
vn -0.0513 0.9080 0.4158
vn -0.3443 0.8538 0.3904
vn -0.2697 0.9581 -0.0963
vn -0.6233 0.7442 0.2399
vn -0.3838 0.9080 -0.1683
vn -0.7978 0.6028 0.0114
vn -0.4628 0.8409 -0.2806
vn -0.8555 0.4537 -0.2497
vn -0.4921 0.7690 -0.4079
vn -0.7907 0.3063 -0.5300
vn -0.4570 0.7024 -0.5457
vn -0.6174 0.1909 -0.7632
vn -0.3880 0.6417 -0.6616
vn -0.3623 0.1379 -0.9218
vn -0.2861 0.6161 -0.7339
vn -0.0587 0.1428 -0.9880
vn -0.1467 0.6148 -0.7749
vn 0.2415 0.2172 -0.9458
vn -0.0034 0.6517 -0.7585
vn 0.4935 0.3335 -0.8032
vn 0.1052 0.7119 -0.6943
vn 0.6370 0.4759 -0.6065
vn 0.1814 0.7862 -0.5908
vn 0.6936 0.6283 -0.3525
vn 0.2093 0.8648 -0.4565
vn 0.6374 0.7664 -0.0798
vn 0.1752 0.9336 -0.3127
vn 0.4845 0.8602 0.1589
vn 0.1234 0.9753 -0.1830
vn 0.2375 0.9139 0.3291
vn -0.0014 0.9938 -0.1107
vn -0.1518 0.8523 -0.5006
vn -0.1168 0.9922 -0.0429
vn -0.0508 0.8887 0.4557
vn -0.3522 0.8418 0.4091
vn -0.2511 0.9649 -0.0764
vn -0.6155 0.7417 0.2665
vn -0.3685 0.9174 -0.1504
vn -0.7952 0.6051 0.0389
vn -0.4322 0.8589 -0.2746
vn -0.8621 0.4450 -0.2425
vn -0.4714 0.7774 -0.4165
vn -0.8000 0.2946 -0.5227
vn -0.5577 0.6203 -0.5515
vn -0.6227 0.1722 -0.7633
vn -0.3894 0.6327 -0.6694
vn -0.3693 0.0991 -0.9240
vn -0.2768 0.5884 -0.7597
vn -0.0589 0.0835 -0.9948
vn -0.1600 0.5817 -0.7975
vn 0.2487 0.1339 -0.9593
vn -0.0064 0.6166 -0.7873
vn 0.5192 0.2410 -0.8200
vn 0.1273 0.6897 -0.7128
vn 0.7173 0.3807 -0.5836
vn 0.2790 0.7642 -0.5815
vn 0.7811 0.5469 -0.3015
vn 0.3085 0.8515 -0.4239
vn 0.7087 0.7055 -0.0020
vn 0.2565 0.9301 -0.2629
vn 0.5218 0.8183 0.2410
vn 0.1509 0.9790 -0.1369
vn 0.2542 0.8823 0.3961
vn 0.0238 0.9975 -0.0669
vn -0.1576 0.8781 -0.4517
vn -0.1224 0.8809 -0.4573
vn 0.0241 -0.9734 -0.2280
vn -0.6656 -0.7279 -0.1645
vn -0.5864 -0.7941 -0.1601
vn 0.0204 -0.9987 -0.0477
vn -0.0092 -0.9163 -0.4004
vn -0.0115 -0.9340 -0.3571
vn -0.1927 -0.9360 -0.2945
vn -0.1653 -0.9212 -0.3524
vn 0.0100 -0.9942 0.1071
vn -0.5084 -0.8516 -0.1280
vn -0.4063 -0.9039 -0.1336
vn -0.0186 -0.9752 0.2207
vn -0.8019 -0.5968 -0.0267
vn -0.8544 -0.5184 -0.0351
vn -0.8145 -0.5640 0.1364
vn -0.7353 -0.6665 0.1230
vn -0.5751 -0.8176 0.0264
vn -0.5722 -0.8164 -0.0782
vn -0.6941 -0.7190 -0.0351
vn -0.6537 -0.7497 0.1034
vn -0.4912 -0.8689 -0.0609
vn -0.4102 -0.9004 -0.1448
vn -0.0586 -0.9712 0.2309
vn -0.0098 -0.9842 0.1768
vn -0.3197 -0.9258 -0.2016
vn -0.0620 -0.9653 0.2538
vn -0.2939 -0.9212 -0.2551
vn -0.7232 -0.6798 -0.1217
vn -0.7771 -0.5845 0.2333
vn -0.7241 -0.4220 0.5455
vn -0.7063 -0.6856 0.1761
vn -0.6366 -0.7656 0.0926
vn -0.5801 -0.8139 -0.0328
vn -0.4796 -0.3185 0.8176
vn -0.7311 -0.5971 0.3301
vn -0.6914 -0.6750 0.2577
vn -0.6699 -0.7283 0.1442
vn -0.6541 -0.7563 -0.0137
vn -0.3883 -0.7627 -0.5172
vn -0.2913 -0.7929 -0.5353
vn -0.1950 -0.7982 -0.5699
vn -0.0996 -0.7855 -0.6108
vn -0.0043 -0.7817 -0.6236
vn -0.5569 -0.6446 -0.5238
vn -0.4821 -0.7066 -0.5180
vn -0.0334 -0.9667 -0.2539
vn 0.1094 -0.9865 0.1217
vn 0.0000 -0.9924 0.1233
vn 0.0000 -0.9998 0.0223
vn 0.1118 -0.9935 0.0208
vn 0.2191 -0.9686 0.1171
vn 0.2233 -0.9746 0.0166
vn 0.2109 -0.9506 0.2277
vn 0.1055 -0.9669 0.2322
vn 0.0000 -0.9724 0.2334
vn 0.3249 -0.9394 0.1098
vn 0.3133 -0.9237 0.2203
vn 0.3312 -0.9435 0.0099
vn 0.4361 -0.8999 -0.0000
vn 0.4278 -0.8984 0.0996
vn 0.4134 -0.8859 0.2106
vn 0.5262 -0.8459 0.0867
vn 0.5095 -0.8373 0.1982
vn 0.5354 -0.8445 -0.0128
vn 0.6283 -0.7775 -0.0282
vn 0.6187 -0.7824 0.0713
vn 0.6005 -0.7783 0.1833
vn 0.7036 -0.7086 0.0534
vn 0.6850 -0.7094 0.1659
vn 0.7126 -0.7001 -0.0461
vn 0.7871 -0.6132 -0.0664
vn 0.7796 -0.6253 0.0333
vn 0.7618 -0.6311 0.1464
vn 0.8457 -0.5336 0.0112
vn 0.8298 -0.5440 0.1249
vn 0.8508 -0.5180 -0.0887
vn 0.9022 -0.4163 -0.1127
vn 0.9005 -0.4347 -0.0125
vn 0.8876 -0.4492 0.1018
vn 0.9432 -0.3300 -0.0375
vn 0.9343 -0.3479 0.0775
vn 0.9408 -0.3094 -0.1383
vn 0.9659 -0.1998 -0.1646
vn 0.9732 -0.2212 -0.0635
vn 0.9690 -0.2413 0.0524
vn 0.9897 -0.1115 -0.0898
vn 0.9909 -0.1320 0.0271
vn 0.9773 -0.0901 -0.1918
vn 0.9758 0.0151 -0.2183
vn 0.9933 -0.0033 -0.1157
vn 0.9997 -0.0227 0.0027
vn 0.9847 0.1030 -0.1406
vn 0.9960 0.0864 -0.0207
vn 0.9623 0.1185 -0.2450
vn 0.9378 0.2177 -0.2705
vn 0.9643 0.2075 -0.1643
vn 0.9800 0.1945 -0.0427
vn 0.9319 0.3110 -0.1868
vn 0.9513 0.3017 -0.0633
vn 0.9009 0.3171 -0.2963
vn 0.8513 0.4148 -0.3214
vn 0.8860 0.4139 -0.2090
vn 0.9092 0.4079 -0.0831
vn 0.8302 0.5076 -0.2304
vn 0.8561 0.5069 -0.1012
vn 0.7921 0.5030 -0.3457
vn 0.7344 0.5716 -0.3659
vn 0.7715 0.5858 -0.2483
vn 0.7967 0.5932 -0.1155
vn 0.7081 0.6558 -0.2617
vn 0.7305 0.6712 -0.1259
vn 0.6729 0.6326 -0.3835
vn 0.6050 0.6894 -0.3983
vn 0.6360 0.7225 -0.2712
vn 0.6543 0.7444 -0.1334
vn 0.5474 0.7893 -0.2783
vn 0.5631 0.8145 -0.1395
vn 0.5560 0.7306 -0.3962
vn 0.4791 0.8422 -0.2475
vn 0.4516 0.8802 -0.1462
vn 0.3468 0.9295 -0.1253
vn 0.2014 -0.9120 -0.3574
vn 0.1009 -0.9296 -0.3545
vn 0.0000 -0.9354 -0.3536
vn 0.3926 -0.8426 -0.3686
vn 0.2998 -0.8827 -0.3618
vn 0.5632 -0.7303 -0.3866
vn 0.4825 -0.7907 -0.3768
vn 0.7027 -0.5817 -0.4096
vn 0.6387 -0.6587 -0.3976
vn 0.8034 -0.4055 -0.4360
vn 0.7594 -0.4948 -0.4224
vn 0.8604 -0.2135 -0.4627
vn 0.8383 -0.3090 -0.4491
vn 0.8729 -0.0199 -0.4875
vn 0.8722 -0.1144 -0.4756
vn 0.8443 0.1677 -0.5090
vn 0.8635 0.0758 -0.4986
vn 0.7748 0.3501 -0.5264
vn 0.8147 0.2603 -0.5182
vn 0.6732 0.5076 -0.5378
vn 0.7261 0.4347 -0.5328
vn 0.5478 0.6341 -0.5458
vn 0.6142 0.5735 -0.5421
vn 0.3756 0.7440 -0.5526
vn 0.4694 0.6912 -0.5494
vn 0.1807 0.8128 -0.5538
vn 0.2760 0.7859 -0.5533
vn 0.2186 0.9698 -0.1078
vn 0.0893 0.8277 -0.5540
vn 0.1071 0.9881 -0.1105
vn 0.0000 0.9937 -0.1119
vn 0.0000 0.8324 -0.5542
vn 0.0883 -0.7820 0.6170
vn -0.0002 -0.7870 0.6169
vn 0.1754 -0.7676 0.6164
vn 0.2601 -0.7456 0.6135
vn 0.3434 -0.7144 0.6097
vn 0.4238 -0.6749 0.6041
vn 0.5007 -0.6264 0.5975
vn 0.5728 -0.5692 0.5898
vn 0.6389 -0.5039 0.5813
vn 0.6986 -0.4305 0.5715
vn 0.7503 -0.3504 0.5606
vn 0.7925 -0.2638 0.5498
vn 0.8231 -0.1715 0.5414
vn 0.8412 -0.0754 0.5354
vn 0.8455 0.0191 0.5336
vn 0.8394 0.1219 0.5296
vn 0.8208 0.1971 0.5361
vn 0.7879 0.2884 0.5440
vn 0.7451 0.3695 0.5552
vn 0.6924 0.4495 0.5644
vn 0.6423 0.5136 0.5689
vn 0.5925 0.5759 0.5632
vn 0.5467 0.6313 0.5500
vn 0.5356 0.6953 0.4792
vn -0.1120 0.9812 -0.1573
vn -0.1044 0.9214 -0.3743
vn -0.2085 0.9065 -0.3671
vn -0.2252 0.9626 -0.1508
vn -0.1117 0.9887 0.1001
vn -0.2260 0.9686 0.1035
vn -0.0000 0.9951 0.0991
vn 0.0000 0.9873 -0.1590
vn 0.0002 0.9263 -0.3768
vn -0.3338 0.9321 -0.1407
vn -0.3102 0.8817 -0.3555
vn -0.4082 0.8465 -0.3418
vn -0.4357 0.8907 -0.1299
vn -0.3344 0.9362 0.1084
vn -0.4355 0.8928 0.1151
vn -0.5324 0.8382 -0.1178
vn -0.5022 0.8009 -0.3261
vn -0.5910 0.7454 -0.3086
vn -0.6218 0.7763 -0.1034
vn -0.5306 0.8385 0.1238
vn -0.6173 0.7750 0.1349
vn -0.7042 0.7048 -0.0861
vn -0.6735 0.6802 -0.2894
vn -0.7487 0.6061 -0.2686
vn -0.7773 0.6257 -0.0657
vn -0.6966 0.7019 0.1487
vn -0.7653 0.6222 0.1647
vn -0.8394 0.5413 -0.0485
vn -0.8141 0.5242 -0.2499
vn -0.8705 0.4331 -0.2339
vn -0.8965 0.4419 -0.0318
vn -0.8231 0.5380 0.1820
vn -0.8765 0.4346 0.2070
vn -0.9449 0.3273 -0.0046
vn -0.9185 0.3325 -0.2141
vn -0.9552 0.2274 -0.1893
vn -0.9762 0.2147 0.0292
vn -0.9186 0.3149 0.2389
vn -0.9423 0.2008 0.2678
vn -0.9922 0.1094 0.0600
vn -0.9790 0.1208 -0.1645
vn -0.9897 0.0130 -0.1424
vn -0.9964 0.0077 0.0841
vn -0.9519 0.0998 0.2898
vn -0.9518 0.0085 0.3067
vn -0.9898 -0.0976 0.1035
vn -0.9877 -0.0959 -0.1234
vn -0.9729 -0.2062 -0.1041
vn -0.9691 -0.2122 0.1254
vn -0.9422 -0.0883 0.3233
vn -0.9170 -0.2010 0.3445
vn -0.9329 -0.3269 0.1512
vn -0.9450 -0.3165 -0.0819
vn -0.9035 -0.4248 -0.0579
vn -0.8835 -0.4338 0.1765
vn -0.8770 -0.3132 0.3645
vn -0.8302 -0.4121 0.3753
vn -0.7496 -0.4569 0.4789
vn -0.7848 -0.3814 0.4885
vn -0.7821 -0.4982 0.3743
vn -0.7317 -0.5176 0.4435
vn -0.7394 -0.5695 0.3591
vn -0.4335 -0.2775 0.8574
vn -0.4193 -0.2431 0.8747
vn -0.4167 -0.1930 0.8883
vn -0.7243 -0.6680 0.1708
vn -0.7225 -0.6913 -0.0096
vn -0.7259 -0.6123 0.3133
vn -0.7696 -0.6071 0.1979
vn -0.7876 -0.6159 -0.0149
vn -0.1056 0.9534 0.2828
vn -0.2133 0.9358 0.2808
vn -0.1019 0.4696 0.8770
vn -0.0504 0.4766 0.8777
vn 0.0000 0.9591 0.2830
vn -0.0002 0.4797 0.8774
vn 0.0003 0.6780 -0.7350
vn -0.0748 0.6746 -0.7344
vn -0.1490 0.6659 -0.7310
vn -0.3167 0.9066 0.2789
vn -0.4137 0.8659 0.2812
vn -0.2009 0.4377 0.8764
vn -0.1530 0.4569 0.8763
vn -0.2229 0.6511 -0.7255
vn -0.2960 0.6294 -0.7185
vn -0.5052 0.8140 0.2867
vn -0.5892 0.7522 0.2949
vn -0.2875 0.3787 0.8797
vn -0.2459 0.4110 0.8779
vn -0.3678 0.6006 -0.7099
vn -0.4378 0.5644 -0.6999
vn -0.6655 0.6811 0.3052
vn -0.7322 0.6028 0.3170
vn -0.3564 0.3008 0.8846
vn -0.3242 0.3416 0.8822
vn -0.5044 0.5201 -0.6893
vn -0.5667 0.4678 -0.6782
vn -0.7866 0.5168 0.3379
vn -0.8312 0.4146 0.3705
vn -0.3939 0.2030 0.8965
vn -0.3812 0.2561 0.8883
vn -0.6234 0.4078 -0.6671
vn -0.6732 0.3403 -0.6565
vn -0.8654 0.3018 0.4000
vn -0.8876 0.1933 0.4182
vn -0.4068 0.0957 0.9085
vn -0.3991 0.1463 0.9052
vn -0.7159 0.2658 -0.6456
vn -0.7507 0.1853 -0.6341
vn -0.8975 0.0951 0.4307
vn -0.8963 0.0074 0.4435
vn -0.4208 0.0102 0.9071
vn -0.4136 0.0506 0.9090
vn -0.7757 0.1007 -0.6230
vn -0.7905 0.0135 -0.6123
vn -0.8839 -0.0834 0.4603
vn -0.8574 -0.1890 0.4787
vn -0.4241 -0.0896 0.9012
vn -0.4276 -0.0280 0.9035
vn -0.7956 -0.0753 -0.6011
vn -0.7904 -0.1646 -0.5900
vn -0.8229 -0.2907 0.4881
vn -0.4175 -0.1357 0.8985
vn -0.7750 -0.2542 -0.5786
vn -0.7485 -0.3441 -0.5668
vn -0.7118 -0.4290 -0.5561
vn -0.8496 -0.5263 -0.0345
vn -0.6686 -0.5060 -0.5449
vn -0.7404 -0.5510 0.3849
vn -0.4661 -0.2945 0.8343
vn -0.6182 -0.5770 -0.5338
vn 0.0079 -0.0859 -0.9963
vn 0.0168 -0.0823 -0.9965
vn 0.0000 -0.0866 -0.9962
vn 0.0249 -0.0766 -0.9968
vn 0.0305 -0.0698 -0.9971
vn 0.0362 -0.0607 -0.9975
vn 0.0377 -0.0517 -0.9980
vn 0.0394 -0.0412 -0.9984
vn 0.0371 -0.0329 -0.9988
vn 0.0349 -0.0229 -0.9991
vn 0.0297 -0.0167 -0.9994
vn 0.0248 -0.0097 -0.9996
vn 0.0173 -0.0076 -0.9998
vn 0.0110 -0.0051 -0.9999
vn 0.0049 -0.0070 -1.0000
vn -0.0010 -0.0078 -1.0000
vn -0.0063 -0.0107 -0.9999
vn -0.0109 -0.0117 -0.9999
vn -0.0146 -0.0139 -0.9998
vn -0.0166 -0.0139 -0.9998
vn -0.0179 -0.0153 -0.9997
vn -0.0197 -0.0176 -0.9997
vn -0.0192 -0.0200 -0.9996
vn -0.0185 -0.0244 -0.9995
vn -0.0155 -0.0288 -0.9995
vn -0.0103 -0.0287 -0.9995
vn -0.0058 -0.0272 -0.9996
vn -0.0018 -0.0245 -0.9997
vn -0.0000 -0.0299 -0.9996
vn -0.8259 -0.5289 0.1953
vn -0.0056 -0.9982 -0.0601
vn 0.6073 -0.7786 -0.1582
vn 0.6732 -0.7223 -0.1584
vn 0.0045 -0.9785 -0.2064
vn 0.1540 -0.9221 -0.3551
vn 0.1866 -0.9394 -0.2875
vn 0.5182 -0.8458 -0.1269
vn 0.0088 -0.9954 0.0956
vn 0.0352 -0.9747 0.2206
vn 0.4263 -0.8976 -0.1118
vn 0.7842 -0.6196 -0.0324
vn 0.7456 -0.6580 0.1053
vn 0.8421 -0.5323 0.0866
vn 0.8429 -0.5354 -0.0541
vn 0.5757 -0.8139 -0.0784
vn 0.5593 -0.8287 0.0235
vn 0.6475 -0.7582 0.0773
vn 0.6822 -0.7296 -0.0490
vn 0.4251 -0.8966 -0.1240
vn 0.4870 -0.8725 -0.0393
vn 0.0610 -0.9686 0.2408
vn 0.0673 -0.9639 0.2577
vn 0.3131 -0.9318 -0.1837
vn 0.2921 -0.9220 -0.2540
vn 0.7055 -0.6860 -0.1779
vn 0.7607 -0.5968 0.2553
vn 0.7251 -0.4224 0.5438
vn 0.6943 -0.6938 0.1914
vn 0.6329 -0.7682 0.0966
vn 0.5795 -0.8148 -0.0161
vn 0.4993 -0.3128 0.8080
vn 0.7470 -0.5825 0.3204
vn 0.7033 -0.6635 0.2551
vn 0.6728 -0.7265 0.1397
vn 0.6540 -0.7564 -0.0070
vn 0.3912 -0.7549 -0.5264
vn 0.2906 -0.7840 -0.5485
vn 0.1896 -0.7878 -0.5860
vn 0.0908 -0.7776 -0.6222
vn 0.4811 -0.7068 -0.5187
vn 0.5600 -0.6427 -0.5228
vn 0.0547 -0.9520 -0.3012
vn -0.1094 -0.9865 0.1217
vn -0.1118 -0.9935 0.0208
vn -0.2191 -0.9686 0.1171
vn -0.2233 -0.9746 0.0166
vn -0.1055 -0.9669 0.2322
vn -0.2109 -0.9506 0.2277
vn -0.3248 -0.9394 0.1098
vn -0.3133 -0.9237 0.2203
vn -0.3312 -0.9435 0.0099
vn -0.4278 -0.8984 0.0996
vn -0.4361 -0.8999 -0.0000
vn -0.4134 -0.8859 0.2106
vn -0.5263 -0.8459 0.0868
vn -0.5095 -0.8373 0.1982
vn -0.5354 -0.8445 -0.0128
vn -0.6187 -0.7824 0.0713
vn -0.6283 -0.7775 -0.0282
vn -0.6005 -0.7784 0.1833
vn -0.7036 -0.7086 0.0534
vn -0.6850 -0.7094 0.1659
vn -0.7126 -0.7001 -0.0461
vn -0.7796 -0.6253 0.0333
vn -0.7871 -0.6132 -0.0664
vn -0.7619 -0.6310 0.1464
vn -0.8456 -0.5337 0.0112
vn -0.8297 -0.5440 0.1249
vn -0.8508 -0.5180 -0.0887
vn -0.9005 -0.4347 -0.0125
vn -0.9022 -0.4163 -0.1128
vn -0.8876 -0.4492 0.1018
vn -0.9433 -0.3299 -0.0375
vn -0.9343 -0.3479 0.0775
vn -0.9408 -0.3094 -0.1384
vn -0.9732 -0.2212 -0.0635
vn -0.9659 -0.1998 -0.1646
vn -0.9690 -0.2413 0.0524
vn -0.9897 -0.1115 -0.0898
vn -0.9909 -0.1320 0.0271
vn -0.9773 -0.0901 -0.1918
vn -0.9933 -0.0033 -0.1157
vn -0.9758 0.0152 -0.2182
vn -0.9997 -0.0228 0.0026
vn -0.9847 0.1030 -0.1407
vn -0.9960 0.0864 -0.0208
vn -0.9623 0.1185 -0.2449
vn -0.9643 0.2075 -0.1643
vn -0.9378 0.2177 -0.2705
vn -0.9800 0.1946 -0.0427
vn -0.9319 0.3110 -0.1869
vn -0.9513 0.3017 -0.0633
vn -0.9009 0.3171 -0.2963
vn -0.8860 0.4140 -0.2091
vn -0.8513 0.4148 -0.3214
vn -0.9092 0.4080 -0.0831
vn -0.8302 0.5076 -0.2304
vn -0.8561 0.5069 -0.1012
vn -0.7921 0.5030 -0.3457
vn -0.7715 0.5858 -0.2483
vn -0.7344 0.5716 -0.3659
vn -0.7967 0.5932 -0.1155
vn -0.7081 0.6558 -0.2617
vn -0.7305 0.6712 -0.1259
vn -0.6729 0.6325 -0.3835
vn -0.6360 0.7225 -0.2712
vn -0.6051 0.6894 -0.3983
vn -0.6544 0.7443 -0.1334
vn -0.5474 0.7893 -0.2783
vn -0.5630 0.8146 -0.1396
vn -0.5561 0.7306 -0.3962
vn -0.4790 0.8422 -0.2475
vn -0.4515 0.8802 -0.1462
vn -0.3469 0.9295 -0.1253
vn -0.1009 -0.9296 -0.3545
vn -0.2014 -0.9120 -0.3574
vn -0.2998 -0.8827 -0.3618
vn -0.3926 -0.8426 -0.3686
vn -0.4825 -0.7907 -0.3768
vn -0.5632 -0.7303 -0.3866
vn -0.6387 -0.6588 -0.3976
vn -0.7027 -0.5817 -0.4096
vn -0.8034 -0.4055 -0.4360
vn -0.7594 -0.4948 -0.4224
vn -0.8383 -0.3090 -0.4491
vn -0.8604 -0.2135 -0.4627
vn -0.8722 -0.1144 -0.4756
vn -0.8729 -0.0200 -0.4875
vn -0.8635 0.0758 -0.4986
vn -0.8443 0.1678 -0.5089
vn -0.8147 0.2603 -0.5181
vn -0.7748 0.3501 -0.5264
vn -0.7261 0.4347 -0.5328
vn -0.6732 0.5076 -0.5378
vn -0.6142 0.5735 -0.5421
vn -0.5478 0.6341 -0.5457
vn -0.4694 0.6913 -0.5494
vn -0.3756 0.7440 -0.5526
vn -0.2760 0.7859 -0.5533
vn -0.1807 0.8128 -0.5537
vn -0.2186 0.9698 -0.1078
vn -0.1071 0.9881 -0.1106
vn -0.0893 0.8277 -0.5540
vn -0.0887 -0.7823 0.6166
vn -0.1754 -0.7680 0.6159
vn -0.2605 -0.7460 0.6129
vn -0.3439 -0.7148 0.6090
vn -0.4245 -0.6753 0.6032
vn -0.5019 -0.6267 0.5961
vn -0.5743 -0.5694 0.5882
vn -0.6409 -0.5039 0.5791
vn -0.7006 -0.4304 0.5691
vn -0.7524 -0.3499 0.5581
vn -0.7952 -0.2625 0.5465
vn -0.8259 -0.1698 0.5376
vn -0.8446 -0.0731 0.5304
vn -0.8493 0.0220 0.5275
vn -0.8413 0.1172 0.5278
vn -0.8223 0.2068 0.5302
vn -0.7915 0.2946 0.5354
vn -0.7489 0.3753 0.5461
vn -0.6984 0.4501 0.5564
vn -0.6501 0.5103 0.5630
vn -0.5981 0.5715 0.5619
vn -0.5424 0.6334 0.5519
vn -0.5367 0.6948 0.4787
vn 0.1120 0.9812 -0.1573
vn 0.2252 0.9626 -0.1508
vn 0.2087 0.9057 -0.3689
vn 0.1048 0.9210 -0.3752
vn 0.1117 0.9887 0.1001
vn 0.2260 0.9686 0.1034
vn 0.3338 0.9321 -0.1407
vn 0.4357 0.8907 -0.1299
vn 0.4078 0.8454 -0.3448
vn 0.3102 0.8807 -0.3581
vn 0.3344 0.9362 0.1084
vn 0.4355 0.8928 0.1151
vn 0.5324 0.8382 -0.1178
vn 0.6218 0.7763 -0.1034
vn 0.5902 0.7445 -0.3121
vn 0.5016 0.7999 -0.3295
vn 0.5306 0.8385 0.1238
vn 0.6173 0.7751 0.1349
vn 0.7042 0.7048 -0.0861
vn 0.7773 0.6257 -0.0657
vn 0.7478 0.6057 -0.2718
vn 0.6727 0.6795 -0.2929
vn 0.6966 0.7019 0.1488
vn 0.7653 0.6222 0.1646
vn 0.8394 0.5413 -0.0485
vn 0.8965 0.4420 -0.0318
vn 0.8699 0.4329 -0.2365
vn 0.8134 0.5240 -0.2527
vn 0.8231 0.5380 0.1820
vn 0.8765 0.4347 0.2070
vn 0.9449 0.3273 -0.0046
vn 0.9763 0.2146 0.0293
vn 0.9547 0.2275 -0.1917
vn 0.9179 0.3325 -0.2168
vn 0.9186 0.3148 0.2389
vn 0.9423 0.2008 0.2678
vn 0.9922 0.1094 0.0600
vn 0.9964 0.0077 0.0842
vn 0.9894 0.0132 -0.1443
vn 0.9786 0.1211 -0.1666
vn 0.9519 0.0998 0.2898
vn 0.9518 0.0085 0.3067
vn 0.9898 -0.0976 0.1036
vn 0.9691 -0.2122 0.1254
vn 0.9728 -0.2062 -0.1060
vn 0.9875 -0.0959 -0.1251
vn 0.9422 -0.0883 0.3233
vn 0.9170 -0.2010 0.3445
vn 0.9328 -0.3269 0.1514
vn 0.8836 -0.4338 0.1765
vn 0.9034 -0.4246 -0.0603
vn 0.9449 -0.3165 -0.0841
vn 0.8769 -0.3132 0.3646
vn 0.8285 -0.4137 0.3775
vn 0.7820 -0.3835 0.4912
vn 0.7464 -0.4600 0.4809
vn 0.7787 -0.4992 0.3799
vn 0.7285 -0.5153 0.4514
vn 0.7405 -0.5660 0.3623
vn 0.4303 -0.2521 0.8667
vn 0.4439 -0.2887 0.8483
vn 0.4276 -0.1990 0.8818
vn 0.7176 -0.6740 0.1753
vn 0.7696 -0.6071 0.1979
vn 0.7148 -0.6233 0.3171
vn 0.7208 -0.6931 -0.0115
vn 0.7876 -0.6159 -0.0188
vn 0.1062 0.9531 0.2834
vn 0.2139 0.9350 0.2828
vn 0.0511 0.4775 0.8771
vn 0.1034 0.4717 0.8757
vn 0.0755 0.6753 -0.7336
vn 0.1498 0.6673 -0.7295
vn 0.3166 0.9058 0.2815
vn 0.4136 0.8650 0.2839
vn 0.1538 0.4598 0.8746
vn 0.2021 0.4407 0.8746
vn 0.2240 0.6530 -0.7235
vn 0.2973 0.6315 -0.7161
vn 0.5050 0.8131 0.2895
vn 0.5887 0.7516 0.2974
vn 0.2474 0.4142 0.8759
vn 0.2890 0.3821 0.8778
vn 0.3694 0.6028 -0.7072
vn 0.4395 0.5665 -0.6971
vn 0.6652 0.6804 0.3075
vn 0.7315 0.6030 0.3183
vn 0.3268 0.3443 0.8802
vn 0.3585 0.3039 0.8827
vn 0.5062 0.5219 -0.6866
vn 0.5685 0.4693 -0.6757
vn 0.7862 0.5180 0.3368
vn 0.8317 0.4144 0.3696
vn 0.3826 0.2582 0.8871
vn 0.3955 0.2016 0.8961
vn 0.6250 0.4089 -0.6649
vn 0.6749 0.3411 -0.6544
vn 0.8653 0.3004 0.4012
vn 0.8868 0.1929 0.4200
vn 0.4023 0.1454 0.9039
vn 0.4122 0.0969 0.9059
vn 0.7176 0.2663 -0.6435
vn 0.7522 0.1858 -0.6322
vn 0.8969 0.0955 0.4318
vn 0.8966 0.0086 0.4428
vn 0.4192 0.0522 0.9064
vn 0.4262 0.0118 0.9045
vn 0.7771 0.1009 -0.6213
vn 0.7916 0.0135 -0.6109
vn 0.8841 -0.0841 0.4597
vn 0.8568 -0.1897 0.4795
vn 0.4305 -0.0345 0.9019
vn 0.4274 -0.0873 0.8998
vn 0.7966 -0.0755 -0.5997
vn 0.7915 -0.1651 -0.5884
vn 0.8212 -0.2916 0.4906
vn 0.4263 -0.1410 0.8935
vn 0.7761 -0.2549 -0.5768
vn 0.7497 -0.3448 -0.5648
vn 0.8494 -0.5264 -0.0374
vn 0.7130 -0.4305 -0.5535
vn 0.6700 -0.5079 -0.5415
vn 0.7296 -0.5578 0.3956
vn 0.4726 -0.3062 0.8264
vn 0.6199 -0.5788 -0.5299
vn -0.0079 -0.0859 -0.9963
vn -0.0168 -0.0823 -0.9965
vn -0.0305 -0.0698 -0.9971
vn -0.0249 -0.0766 -0.9967
vn -0.0377 -0.0517 -0.9980
vn -0.0362 -0.0607 -0.9975
vn -0.0371 -0.0329 -0.9988
vn -0.0394 -0.0412 -0.9984
vn -0.0297 -0.0167 -0.9994
vn -0.0349 -0.0229 -0.9991
vn -0.0173 -0.0076 -0.9998
vn -0.0248 -0.0097 -0.9996
vn -0.0049 -0.0070 -1.0000
vn -0.0110 -0.0051 -0.9999
vn 0.0063 -0.0107 -0.9999
vn 0.0010 -0.0078 -1.0000
vn 0.0146 -0.0139 -0.9998
vn 0.0109 -0.0117 -0.9999
vn 0.0179 -0.0153 -0.9997
vn 0.0166 -0.0139 -0.9998
vn 0.0192 -0.0200 -0.9996
vn 0.0197 -0.0176 -0.9997
vn 0.0155 -0.0288 -0.9995
vn 0.0185 -0.0244 -0.9995
vn 0.0058 -0.0272 -0.9996
vn 0.0103 -0.0287 -0.9995
vn 0.0018 -0.0245 -0.9997
vn 0.8259 -0.5289 0.1953
vn -0.3176 -0.9161 -0.2447
vn -0.2751 -0.9431 -0.1866
vn 0.2663 -0.9634 -0.0306
vn 0.2783 -0.9416 -0.1896
vn 0.0000 -0.9118 0.4107
vn -0.0052 -0.9195 0.3931
vn 0.0324 -0.9280 0.3711
vn 0.1092 -0.9487 0.2967
vn 0.2017 -0.9671 0.1551
vn 0.3261 -0.9158 -0.2345
vn -0.2663 -0.9634 -0.0306
vn 0.0052 -0.9195 0.3931
vn -0.1092 -0.9487 0.2967
vn -0.0324 -0.9280 0.3711
vn -0.2017 -0.9671 0.1551
vn 0.0000 -0.9994 -0.0356
vn 0.7295 0.6816 -0.0575
vn 0.6104 0.7716 -0.1790
vn 0.6367 0.7205 -0.2747
vn 0.7675 0.6137 -0.1855
vn 0.5793 0.7981 0.1655
vn 0.5164 0.8561 -0.0201
vn 0.5695 0.8168 -0.0924
vn 0.6666 0.7429 0.0614
vn 0.3316 0.8846 0.3280
vn 0.3386 0.9332 0.1201
vn 0.4378 0.8975 0.0536
vn 0.4659 0.8467 0.2569
vn 0.0239 0.9265 0.3755
vn 0.0934 0.9829 0.1587
vn 0.2212 0.9620 0.1602
vn 0.1758 0.9121 0.3704
vn -0.2864 0.8996 0.3298
vn -0.1772 0.9772 0.1167
vn -0.0495 0.9876 0.1487
vn -0.1389 0.9216 0.3623
vn -0.5620 0.8007 0.2075
vn -0.4069 0.9134 -0.0142
vn -0.3100 0.9490 0.0572
vn -0.4321 0.8584 0.2763
vn -0.7358 0.6771 -0.0129
vn -0.5336 0.8261 -0.1810
vn -0.4749 0.8755 -0.0894
vn -0.6585 0.7447 0.1083
vn -0.8017 0.5226 -0.2901
vn -0.5842 0.7117 -0.3902
vn -0.5714 0.7692 -0.2861
vn -0.7839 0.6025 -0.1499
vn -0.7312 0.3895 -0.5601
vn -0.5467 0.6044 -0.5795
vn -0.5750 0.6600 -0.4835
vn -0.7844 0.4496 -0.4273
vn -0.4896 0.5400 -0.6846
vn -0.6473 0.3284 -0.6879
vn -0.5402 0.2689 -0.7974
vn -0.4001 0.4865 -0.7767
vn -0.3020 0.4470 -0.8420
vn -0.4169 0.2223 -0.8814
vn -0.2822 0.2039 -0.9374
vn -0.2019 0.4201 -0.8847
vn -0.0812 0.3887 -0.9178
vn -0.1338 0.2041 -0.9698
vn 0.0290 0.1974 -0.9799
vn 0.0656 0.3702 -0.9266
vn 0.1947 0.3708 -0.9081
vn 0.1776 0.1975 -0.9641
vn 0.3212 0.2238 -0.9202
vn 0.3239 0.3877 -0.8630
vn 0.4415 0.4306 -0.7872
vn 0.4591 0.2632 -0.8485
vn 0.5735 0.3114 -0.7577
vn 0.5299 0.4840 -0.6964
vn 0.5834 0.5331 -0.6128
vn 0.6609 0.3588 -0.6591
vn 0.7232 0.4197 -0.5485
vn 0.6184 0.5804 -0.5299
vn 0.6352 0.6301 -0.4466
vn 0.7632 0.4799 -0.4327
vn 0.7781 0.5470 -0.3087
vn 0.6429 0.6752 -0.3616
vn -0.9242 0.3314 -0.1897
vn -0.9063 0.2400 -0.3480
vn -0.5966 0.6254 -0.5030
vn -0.6076 0.6895 -0.3941
vn -0.5580 0.5653 -0.6075
vn 0.2647 0.8784 -0.3978
vn 0.2791 0.8551 -0.4370
vn -0.8524 0.1513 -0.5005
vn -0.7650 0.0704 -0.6402
vn -0.4981 0.5084 -0.7024
vn -0.4170 0.4584 -0.7848
vn 0.2089 0.9180 -0.3371
vn 0.2401 0.8996 -0.3647
vn -0.6477 -0.0007 -0.7619
vn -0.5054 -0.0590 -0.8609
vn -0.3184 0.4195 -0.8501
vn -0.2074 0.3898 -0.8973
vn 0.1296 0.9458 -0.2978
vn 0.1712 0.9338 -0.3141
vn -0.3432 -0.1019 -0.9337
vn -0.1679 -0.1279 -0.9775
vn -0.0881 0.3686 -0.9254
vn 0.0359 0.3621 -0.9314
vn 0.0396 0.9596 -0.2787
vn 0.0854 0.9538 -0.2881
vn 0.0137 -0.1368 -0.9905
vn 0.1944 -0.1278 -0.9725
vn 0.1582 0.3675 -0.9165
vn 0.2767 0.3825 -0.8815
vn -0.0564 0.9590 -0.2776
vn -0.0075 0.9617 -0.2739
vn 0.3676 -0.1014 -0.9245
vn 0.5264 -0.0596 -0.8481
vn 0.3841 0.4078 -0.8283
vn 0.4747 0.4486 -0.7573
vn -0.1604 0.9385 -0.3057
vn -0.1040 0.9514 -0.2899
vn 0.6649 -0.0019 -0.7470
vn 0.7781 0.0673 -0.6246
vn 0.5489 0.4966 -0.6723
vn 0.6051 0.5481 -0.5775
vn -0.2252 0.8985 -0.3768
vn -0.1988 0.9213 -0.3343
vn 0.8616 0.1468 -0.4858
vn 0.9127 0.2320 -0.3363
vn 0.6373 0.6054 -0.4768
vn 0.6480 0.6643 -0.3726
vn -0.2467 0.8453 -0.4740
vn -0.2423 0.8725 -0.4243
vn 0.9295 0.3213 -0.1813
vn 0.9116 0.4103 -0.0264
vn 0.6391 0.7221 -0.2648
vn 0.6105 0.7762 -0.1575
vn -0.2051 0.8042 -0.5579
vn -0.2362 0.8216 -0.5189
vn 0.8599 0.4954 0.1233
vn 0.7766 0.5735 0.2607
vn 0.5598 0.8265 -0.0590
vn 0.4878 0.8724 0.0302
vn -0.1205 0.7766 -0.6183
vn -0.1655 0.7883 -0.5926
vn 0.6635 0.6432 0.3821
vn 0.5266 0.7007 0.4814
vn 0.3975 0.9123 0.0982
vn 0.2907 0.9458 0.1447
vn -0.0280 0.7587 -0.6508
vn -0.0730 0.7648 -0.6401
vn 0.3696 0.7457 0.5544
vn 0.1964 0.7752 0.6004
vn 0.1700 0.9695 0.1768
vn 0.0439 0.9825 0.1809
vn 0.0522 0.7674 -0.6391
vn 0.0128 0.7648 -0.6442
vn 0.0167 0.7871 0.6165
vn -0.1649 0.7812 0.6021
vn -0.0803 0.9841 0.1586
vn -0.2015 0.9720 0.1208
vn 0.1199 0.7651 -0.6326
vn 0.0897 0.7643 -0.6386
vn -0.3403 0.7572 0.5575
vn -0.5026 0.7160 0.4844
vn -0.3163 0.9457 0.0746
vn -0.4126 0.9109 0.0060
vn 0.1959 0.7759 -0.5996
vn 0.1543 0.7724 -0.6161
vn -0.6451 0.6601 0.3849
vn -0.7633 0.5906 0.2621
vn -0.4943 0.8655 -0.0807
vn 0.2326 0.7818 -0.5786
vn -0.5553 0.8121 -0.1795
vn 0.2606 0.7928 -0.5510
vn -0.8514 0.5102 0.1218
vn -0.9058 0.4225 -0.0309
vn -0.5951 0.7517 -0.2841
vn 0.2790 0.8095 -0.5165
vn 0.2862 0.8317 -0.4757
vn 0.3410 0.8648 -0.3686
vn 0.3581 0.8403 -0.4069
vn 0.3636 0.8219 -0.4384
vn 0.3125 0.8957 -0.3163
vn 0.3263 0.8839 -0.3350
vn 0.2366 0.9308 -0.2785
vn 0.2778 0.9115 -0.3032
vn 0.1314 0.9559 -0.2628
vn 0.1937 0.9460 -0.2601
vn 0.0056 0.9593 -0.2825
vn 0.0672 0.9624 -0.2630
vn -0.1089 0.9293 -0.3529
vn -0.0652 0.9440 -0.3235
vn -0.1398 0.9018 -0.4090
vn -0.1222 0.9182 -0.3768
vn -0.1547 0.8662 -0.4753
vn -0.1533 0.8826 -0.4445
vn -0.1626 0.8371 -0.5224
vn -0.1619 0.8550 -0.4927
vn -0.1081 0.7814 -0.6147
vn -0.1511 0.8054 -0.5731
vn -0.0287 0.7541 -0.6561
vn -0.0608 0.7684 -0.6370
vn 0.0984 0.7144 -0.6928
vn 0.0217 0.7274 -0.6858
vn 0.2256 0.7137 -0.6631
vn 0.1593 0.7138 -0.6820
vn 0.3407 0.7477 -0.5700
vn 0.2922 0.7271 -0.6212
vn 0.3676 0.7853 -0.4982
vn 0.3597 0.7684 -0.5294
vn 0.3625 0.8077 -0.4651
# 1746 vertex normals

vt 0.0978 0.4652 0.0000
vt 0.1260 0.4513 0.0000
vt 0.1214 0.4372 0.0000
vt 0.0971 0.4471 0.0000
vt 0.0713 0.4581 0.0000
vt 0.0467 0.4687 0.0000
vt 0.0350 0.5003 0.0000
vt 0.0667 0.4817 0.0000
vt 0.0912 0.3421 0.0000
vt 0.0733 0.3421 0.0000
vt 0.0651 0.3887 0.0000
vt 0.0836 0.3887 0.0000
vt 0.1012 0.2880 0.0000
vt 0.1146 0.2150 0.0000
vt 0.0968 0.2150 0.0000
vt 0.0832 0.2880 0.0000
vt 0.1269 0.1536 0.0000
vt 0.1096 0.1536 0.0000
vt 0.1377 0.1002 0.0000
vt 0.1230 0.1002 0.0000
vt 0.1308 0.0747 0.0000
vt 0.1170 0.0747 0.0000
vt 0.1074 0.1002 0.0000
vt 0.1432 0.0747 0.0000
vt 0.1489 0.0517 0.0000
vt 0.1380 0.0517 0.0000
vt 0.1669 0.0747 0.0000
vt 0.1623 0.1002 0.0000
vt 0.1736 0.1002 0.0000
vt 0.1774 0.0747 0.0000
vt 0.1973 0.1002 0.0000
vt 0.2085 0.1002 0.0000
vt 0.2083 0.0747 0.0000
vt 0.1978 0.0747 0.0000
vt 0.1416 0.1536 0.0000
vt 0.1566 0.1536 0.0000
vt 0.1510 0.1002 0.0000
vt 0.1706 0.1536 0.0000
vt 0.1855 0.1536 0.0000
vt 0.1866 0.1002 0.0000
vt 0.1967 0.1536 0.0000
vt 0.0997 0.4224 0.0000
vt 0.1043 0.3887 0.0000
vt 0.0771 0.4269 0.0000
vt 0.1262 0.3887 0.0000
vt 0.1338 0.3421 0.0000
vt 0.1115 0.3421 0.0000
vt 0.1412 0.2880 0.0000
vt 0.1506 0.2150 0.0000
vt 0.1318 0.2150 0.0000
vt 0.1202 0.2880 0.0000
vt 0.1787 0.2880 0.0000
vt 0.1830 0.2150 0.0000
vt 0.1670 0.2150 0.0000
vt 0.1599 0.2880 0.0000
vt 0.0823 0.4734 0.0000
vt 0.0231 0.4747 0.0000
vt 0.0039 0.5128 0.0000
vt 0.0562 0.3421 0.0000
vt 0.0476 0.3887 0.0000
vt 0.0790 0.2150 0.0000
vt 0.0657 0.2880 0.0000
vt 0.0925 0.1536 0.0000
vt 0.1271 0.0517 0.0000
vt 0.1955 0.2150 0.0000
vt 0.1937 0.2880 0.0000
vt 0.2087 0.1536 0.0000
vt 0.2090 0.2150 0.0000
vt 0.2093 0.2880 0.0000
vt 0.2097 0.4205 0.0000
vt 0.1909 0.4221 0.0000
vt 0.1913 0.4310 0.0000
vt 0.2099 0.4285 0.0000
vt 0.1556 0.0747 0.0000
vt 0.1607 0.0517 0.0000
vt 0.1890 0.0517 0.0000
vt 0.1883 0.0747 0.0000
vt 0.1974 0.0517 0.0000
vt 0.2080 0.0517 0.0000
vt 0.1691 0.0517 0.0000
vt 0.1798 0.0517 0.0000
vt 0.1509 0.0113 0.0000
vt 0.1395 0.0113 0.0000
vt 0.1397 0.0190 0.0000
vt 0.1508 0.0190 0.0000
vt 0.6542 0.3431 0.0000
vt 0.6766 0.3535 0.0000
vt 0.6712 0.3614 0.0000
vt 0.6633 0.3666 0.0000
vt 0.6542 0.3684 0.0000
vt 0.2084 0.0113 0.0000
vt 0.1961 0.0113 0.0000
vt 0.1963 0.0190 0.0000
vt 0.2083 0.0190 0.0000
vt 0.1842 0.0235 0.0000
vt 0.1721 0.0235 0.0000
vt 0.1840 0.0113 0.0000
vt 0.1724 0.0113 0.0000
vt 0.1721 0.0190 0.0000
vt 0.1842 0.0190 0.0000
vt 0.1508 0.0235 0.0000
vt 0.1397 0.0235 0.0000
vt 0.1618 0.0113 0.0000
vt 0.1607 0.0190 0.0000
vt 0.1607 0.0235 0.0000
vt 0.6784 0.3333 0.0000
vt 0.6542 0.3206 0.0000
vt 0.6784 0.3206 0.0000
vt 0.6784 0.3443 0.0000
vt 0.1963 0.0235 0.0000
vt 0.2083 0.0235 0.0000
vt 0.1541 0.3421 0.0000
vt 0.1753 0.3421 0.0000
vt 0.1925 0.3421 0.0000
vt 0.2096 0.3421 0.0000
vt 0.1494 0.3887 0.0000
vt 0.1718 0.3887 0.0000
vt 0.1916 0.3887 0.0000
vt 0.2098 0.3887 0.0000
vt 0.0565 0.4312 0.0000
vt 0.0368 0.4355 0.0000
vt 0.1225 0.4182 0.0000
vt 0.1471 0.4145 0.0000
vt 0.1703 0.4118 0.0000
vt 0.1911 0.4104 0.0000
vt 0.2098 0.4097 0.0000
vt 0.1465 0.4299 0.0000
vt 0.1711 0.4244 0.0000
vt 0.2715 0.4397 0.0000
vt 0.2810 0.4433 0.0000
vt 0.2730 0.4279 0.0000
vt 0.3709 0.4690 0.0000
vt 0.3472 0.4569 0.0000
vt 0.3506 0.4810 0.0000
vt 0.3799 0.5019 0.0000
vt 0.3186 0.2880 0.0000
vt 0.3376 0.2880 0.0000
vt 0.3224 0.2150 0.0000
vt 0.3040 0.2150 0.0000
vt 0.3077 0.1536 0.0000
vt 0.2902 0.1536 0.0000
vt 0.2787 0.1002 0.0000
vt 0.2921 0.1002 0.0000
vt 0.2852 0.0747 0.0000
vt 0.3066 0.1002 0.0000
vt 0.2989 0.0747 0.0000
vt 0.2787 0.0517 0.0000
vt 0.2682 0.0517 0.0000
vt 0.2732 0.0747 0.0000
vt 0.2504 0.0747 0.0000
vt 0.2398 0.0747 0.0000
vt 0.2430 0.1002 0.0000
vt 0.2546 0.1002 0.0000
vt 0.2195 0.1002 0.0000
vt 0.2190 0.0747 0.0000
vt 0.2755 0.1536 0.0000
vt 0.2660 0.1002 0.0000
vt 0.2607 0.1536 0.0000
vt 0.2297 0.1002 0.0000
vt 0.2320 0.1536 0.0000
vt 0.2468 0.1536 0.0000
vt 0.2206 0.1536 0.0000
vt 0.3283 0.3989 0.0000
vt 0.3200 0.4207 0.0000
vt 0.3426 0.4257 0.0000
vt 0.3440 0.4073 0.0000
vt 0.3084 0.3421 0.0000
vt 0.2857 0.3421 0.0000
vt 0.2935 0.3887 0.0000
vt 0.3133 0.3724 0.0000
vt 0.2777 0.2880 0.0000
vt 0.2990 0.2880 0.0000
vt 0.2864 0.2150 0.0000
vt 0.2674 0.2150 0.0000
vt 0.2403 0.2880 0.0000
vt 0.2592 0.2880 0.0000
vt 0.2512 0.2150 0.0000
vt 0.2354 0.2150 0.0000
vt 0.3221 0.4449 0.0000
vt 0.3217 0.4629 0.0000
vt 0.4091 0.5175 0.0000
vt 0.3937 0.4770 0.0000
vt 0.3562 0.2880 0.0000
vt 0.3404 0.2150 0.0000
vt 0.3242 0.1536 0.0000
vt 0.2891 0.0517 0.0000
vt 0.2461 0.4324 0.0000
vt 0.2567 0.4354 0.0000
vt 0.2482 0.4231 0.0000
vt 0.2226 0.2150 0.0000
vt 0.2251 0.2880 0.0000
vt 0.2281 0.4302 0.0000
vt 0.2285 0.4215 0.0000
vt 0.2567 0.0517 0.0000
vt 0.2616 0.0747 0.0000
vt 0.2280 0.0517 0.0000
vt 0.2189 0.0517 0.0000
vt 0.2289 0.0747 0.0000
vt 0.2482 0.0517 0.0000
vt 0.2375 0.0517 0.0000
vt 0.2776 0.0113 0.0000
vt 0.2661 0.0113 0.0000
vt 0.2661 0.0190 0.0000
vt 0.2770 0.0190 0.0000
vt 0.6371 0.3613 0.0000
vt 0.6318 0.3534 0.0000
vt 0.6450 0.3666 0.0000
vt 0.2208 0.0113 0.0000
vt 0.2205 0.0190 0.0000
vt 0.2453 0.0235 0.0000
vt 0.2329 0.0235 0.0000
vt 0.2449 0.0113 0.0000
vt 0.2332 0.0113 0.0000
vt 0.2329 0.0190 0.0000
vt 0.2453 0.0190 0.0000
vt 0.2661 0.0235 0.0000
vt 0.2770 0.0235 0.0000
vt 0.2554 0.0113 0.0000
vt 0.2564 0.0190 0.0000
vt 0.2564 0.0235 0.0000
vt 0.6300 0.3332 0.0000
vt 0.6300 0.3206 0.0000
vt 0.6300 0.3441 0.0000
vt 0.2205 0.0235 0.0000
vt 0.3536 0.3172 0.0000
vt 0.3619 0.3180 0.0000
vt 0.3316 0.3275 0.0000
vt 0.3208 0.3395 0.0000
vt 0.2653 0.3421 0.0000
vt 0.2440 0.3421 0.0000
vt 0.2267 0.3421 0.0000
vt 0.2702 0.3887 0.0000
vt 0.2477 0.3887 0.0000
vt 0.2279 0.3887 0.0000
vt 0.3159 0.3887 0.0000
vt 0.2970 0.4164 0.0000
vt 0.2723 0.4128 0.0000
vt 0.2491 0.4107 0.0000
vt 0.2284 0.4098 0.0000
vt 0.3633 0.4308 0.0000
vt 0.3830 0.4362 0.0000
vt 0.2980 0.4348 0.0000
vt 0.3605 0.4141 0.0000
vt 0.3803 0.4215 0.0000
vt 0.3183 0.3874 0.0000
vt 0.3141 0.3546 0.0000
vt 0.3557 0.3270 0.0000
vt 0.3624 0.3268 0.0000
vt 0.3620 0.3210 0.0000
vt 0.3543 0.3203 0.0000
vt 0.3378 0.3354 0.0000
vt 0.3338 0.3298 0.0000
vt 0.3289 0.3453 0.0000
vt 0.3238 0.3409 0.0000
vt 0.3241 0.3567 0.0000
vt 0.3175 0.3550 0.0000
vt 0.3236 0.3708 0.0000
vt 0.3168 0.3715 0.0000
vt 0.3275 0.3818 0.0000
vt 0.3215 0.3855 0.0000
vt 0.3353 0.3913 0.0000
vt 0.3307 0.3962 0.0000
vt 0.3485 0.3985 0.0000
vt 0.3454 0.4039 0.0000
vt 0.3618 0.4050 0.0000
vt 0.3607 0.4103 0.0000
vt 0.3803 0.4114 0.0000
vt 0.3791 0.4172 0.0000
vt 0.6781 0.9715 0.0000
vt 0.6626 0.9847 0.0000
vt 0.6490 0.9741 0.0000
vt 0.6645 0.9611 0.0000
vt 0.7134 0.9772 0.0000
vt 0.6900 0.9857 0.0000
vt 0.6997 0.9568 0.0000
vt 0.6456 0.9516 0.0000
vt 0.6353 0.9681 0.0000
vt 0.6184 0.9639 0.0000
vt 0.6269 0.9472 0.0000
vt 0.6000 0.9624 0.0000
vt 0.6087 0.9460 0.0000
vt 0.5814 0.9639 0.0000
vt 0.5861 0.9476 0.0000
vt 0.5595 0.9661 0.0000
vt 0.5581 0.9512 0.0000
vt 0.6811 0.9431 0.0000
vt 0.6588 0.9334 0.0000
vt 0.6347 0.9304 0.0000
vt 0.6116 0.9300 0.0000
vt 0.5863 0.9319 0.0000
vt 0.5580 0.9334 0.0000
vt 0.7522 0.9301 0.0000
vt 0.7604 0.9636 0.0000
vt 0.7365 0.9700 0.0000
vt 0.7201 0.9343 0.0000
vt 0.6387 0.8875 0.0000
vt 0.6656 0.8883 0.0000
vt 0.6673 0.9127 0.0000
vt 0.6397 0.9097 0.0000
vt 0.6913 0.8906 0.0000
vt 0.6920 0.9196 0.0000
vt 0.6129 0.9096 0.0000
vt 0.6119 0.8877 0.0000
vt 0.5854 0.8890 0.0000
vt 0.5861 0.9112 0.0000
vt 0.5584 0.9121 0.0000
vt 0.5588 0.8894 0.0000
vt 0.7159 0.8943 0.0000
vt 0.5833 0.8414 0.0000
vt 0.5845 0.8656 0.0000
vt 0.5591 0.8653 0.0000
vt 0.5593 0.8420 0.0000
vt 0.5817 0.7621 0.0000
vt 0.5824 0.8083 0.0000
vt 0.5594 0.8070 0.0000
vt 0.5596 0.7621 0.0000
vt 0.5595 0.7205 0.0000
vt 0.5802 0.7205 0.0000
vt 0.7101 0.8659 0.0000
vt 0.7036 0.8386 0.0000
vt 0.7281 0.8371 0.0000
vt 0.7358 0.8676 0.0000
vt 0.6855 0.8647 0.0000
vt 0.6795 0.8401 0.0000
vt 0.6603 0.8639 0.0000
vt 0.6562 0.8402 0.0000
vt 0.6351 0.8638 0.0000
vt 0.6314 0.8406 0.0000
vt 0.6097 0.8645 0.0000
vt 0.6070 0.8410 0.0000
vt 0.7221 0.8017 0.0000
vt 0.7217 0.7979 0.0000
vt 0.7320 0.7933 0.0000
vt 0.7423 0.7989 0.0000
vt 0.6874 0.7978 0.0000
vt 0.6741 0.8044 0.0000
vt 0.6708 0.7868 0.0000
vt 0.6451 0.7205 0.0000
vt 0.6671 0.7205 0.0000
vt 0.6678 0.7289 0.0000
vt 0.6553 0.7453 0.0000
vt 0.6493 0.7621 0.0000
vt 0.6523 0.8059 0.0000
vt 0.6281 0.8071 0.0000
vt 0.6261 0.7621 0.0000
vt 0.6232 0.7205 0.0000
vt 0.6042 0.7621 0.0000
vt 0.6017 0.7205 0.0000
vt 0.6053 0.8078 0.0000
vt 0.6985 0.8040 0.0000
vt 0.7481 0.8328 0.0000
vt 0.6418 0.4136 0.0000
vt 0.6527 0.4136 0.0000
vt 0.6527 0.4208 0.0000
vt 0.6436 0.4208 0.0000
vt 0.6576 0.4740 0.0000
vt 0.6450 0.4512 0.0000
vt 0.6589 0.4501 0.0000
vt 0.6714 0.4722 0.0000
vt 0.6817 0.4945 0.0000
vt 0.6677 0.4969 0.0000
vt 0.6925 0.4898 0.0000
vt 0.7094 0.5408 0.0000
vt 0.6938 0.5408 0.0000
vt 0.7041 0.5991 0.0000
vt 0.6816 0.5991 0.0000
vt 0.6750 0.5408 0.0000
vt 0.7113 0.6690 0.0000
vt 0.6867 0.6690 0.0000
vt 0.6898 0.7170 0.0000
vt 0.7184 0.7009 0.0000
vt 0.6542 0.2989 0.0000
vt 0.6319 0.2886 0.0000
vt 0.6371 0.2808 0.0000
vt 0.6305 0.4516 0.0000
vt 0.6188 0.4248 0.0000
vt 0.6325 0.4248 0.0000
vt 0.6450 0.2755 0.0000
vt 0.6542 0.2737 0.0000
vt 0.5796 0.4136 0.0000
vt 0.5813 0.4208 0.0000
vt 0.5601 0.4208 0.0000
vt 0.5597 0.4136 0.0000
vt 0.5789 0.6690 0.0000
vt 0.5995 0.6690 0.0000
vt 0.5782 0.5991 0.0000
vt 0.5976 0.5991 0.0000
vt 0.5779 0.5408 0.0000
vt 0.5961 0.5408 0.0000
vt 0.5945 0.5028 0.0000
vt 0.5780 0.5040 0.0000
vt 0.5776 0.4794 0.0000
vt 0.5928 0.4793 0.0000
vt 0.6028 0.4515 0.0000
vt 0.5912 0.4504 0.0000
vt 0.6015 0.4248 0.0000
vt 0.6162 0.4524 0.0000
vt 0.6015 0.4208 0.0000
vt 0.5986 0.4136 0.0000
vt 0.6154 0.4136 0.0000
vt 0.6188 0.4208 0.0000
vt 0.6241 0.4777 0.0000
vt 0.6076 0.4783 0.0000
vt 0.6116 0.5013 0.0000
vt 0.6549 0.5408 0.0000
vt 0.6332 0.5408 0.0000
vt 0.6296 0.5007 0.0000
vt 0.6483 0.4993 0.0000
vt 0.6149 0.5408 0.0000
vt 0.6605 0.5991 0.0000
vt 0.6371 0.5991 0.0000
vt 0.6645 0.6690 0.0000
vt 0.6410 0.6690 0.0000
vt 0.6180 0.5991 0.0000
vt 0.6204 0.6690 0.0000
vt 0.6720 0.9944 0.0000
vt 0.7641 0.9288 0.0000
vt 0.7696 0.9608 0.0000
vt 0.5598 0.5045 0.0000
vt 0.5596 0.5408 0.0000
vt 0.7541 0.8682 0.0000
vt 0.7220 0.5991 0.0000
vt 0.7312 0.6690 0.0000
vt 0.6834 0.7205 0.0000
vt 0.5594 0.6690 0.0000
vt 0.5594 0.5991 0.0000
vt 0.6436 0.4248 0.0000
vt 0.6527 0.4248 0.0000
vt 0.6687 0.4474 0.0000
vt 0.6293 0.4136 0.0000
vt 0.6325 0.4208 0.0000
vt 0.6817 0.4681 0.0000
vt 0.5597 0.4798 0.0000
vt 0.5597 0.4469 0.0000
vt 0.5778 0.4483 0.0000
vt 0.5813 0.4248 0.0000
vt 0.5601 0.4248 0.0000
vt 0.6300 0.3089 0.0000
vt 0.6300 0.2979 0.0000
vt 0.6405 0.4761 0.0000
vt 0.7437 0.8998 0.0000
vt 0.7567 0.8850 0.0000
vt 0.4504 0.9620 0.0000
vt 0.4654 0.9759 0.0000
vt 0.4512 0.9855 0.0000
vt 0.4362 0.9718 0.0000
vt 0.4235 0.9861 0.0000
vt 0.4001 0.9764 0.0000
vt 0.4151 0.9563 0.0000
vt 0.4891 0.9503 0.0000
vt 0.4974 0.9686 0.0000
vt 0.4797 0.9713 0.0000
vt 0.4700 0.9536 0.0000
vt 0.5074 0.9501 0.0000
vt 0.5170 0.9679 0.0000
vt 0.5300 0.9512 0.0000
vt 0.5370 0.9681 0.0000
vt 0.4345 0.9431 0.0000
vt 0.4576 0.9343 0.0000
vt 0.4819 0.9323 0.0000
vt 0.5049 0.9324 0.0000
vt 0.5299 0.9338 0.0000
vt 0.3957 0.9330 0.0000
vt 0.3771 0.9675 0.0000
vt 0.3537 0.9597 0.0000
vt 0.3626 0.9273 0.0000
vt 0.4789 0.8878 0.0000
vt 0.4774 0.9106 0.0000
vt 0.4497 0.9130 0.0000
vt 0.4517 0.8885 0.0000
vt 0.4244 0.9193 0.0000
vt 0.4261 0.8904 0.0000
vt 0.5041 0.9106 0.0000
vt 0.5057 0.8882 0.0000
vt 0.5322 0.8893 0.0000
vt 0.5308 0.9117 0.0000
vt 0.4010 0.8938 0.0000
vt 0.5351 0.8413 0.0000
vt 0.5337 0.8654 0.0000
vt 0.5377 0.7621 0.0000
vt 0.5363 0.8085 0.0000
vt 0.5389 0.7205 0.0000
vt 0.4077 0.8662 0.0000
vt 0.3814 0.8668 0.0000
vt 0.3906 0.8369 0.0000
vt 0.4146 0.8391 0.0000
vt 0.4327 0.8645 0.0000
vt 0.4387 0.8402 0.0000
vt 0.4578 0.8640 0.0000
vt 0.4622 0.8403 0.0000
vt 0.4831 0.8643 0.0000
vt 0.4868 0.8407 0.0000
vt 0.5085 0.8646 0.0000
vt 0.5112 0.8411 0.0000
vt 0.4215 0.8041 0.0000
vt 0.3991 0.8016 0.0000
vt 0.4059 0.7621 0.0000
vt 0.4290 0.7621 0.0000
vt 0.3790 0.7968 0.0000
vt 0.3864 0.7621 0.0000
vt 0.4509 0.7621 0.0000
vt 0.4452 0.8046 0.0000
vt 0.4546 0.7205 0.0000
vt 0.4761 0.7205 0.0000
vt 0.4717 0.7621 0.0000
vt 0.4668 0.8060 0.0000
vt 0.4940 0.7621 0.0000
vt 0.4905 0.8074 0.0000
vt 0.4970 0.7205 0.0000
vt 0.5178 0.7205 0.0000
vt 0.5154 0.7621 0.0000
vt 0.5133 0.8081 0.0000
vt 0.3707 0.8302 0.0000
vt 0.4661 0.4208 0.0000
vt 0.4660 0.4136 0.0000
vt 0.4764 0.4136 0.0000
vt 0.4750 0.4208 0.0000
vt 0.4623 0.4739 0.0000
vt 0.4475 0.4717 0.0000
vt 0.4608 0.4497 0.0000
vt 0.4751 0.4506 0.0000
vt 0.4528 0.4961 0.0000
vt 0.4364 0.4931 0.0000
vt 0.4251 0.5408 0.0000
vt 0.4099 0.5408 0.0000
vt 0.4232 0.4892 0.0000
vt 0.4432 0.5408 0.0000
vt 0.4380 0.5991 0.0000
vt 0.4180 0.5991 0.0000
vt 0.4355 0.6690 0.0000
vt 0.4135 0.6690 0.0000
vt 0.4334 0.7205 0.0000
vt 0.4111 0.7205 0.0000
vt 0.6713 0.2808 0.0000
vt 0.6765 0.2887 0.0000
vt 0.4891 0.4509 0.0000
vt 0.4876 0.4248 0.0000
vt 0.5024 0.4248 0.0000
vt 0.6634 0.2755 0.0000
vt 0.5390 0.4208 0.0000
vt 0.5399 0.4136 0.0000
vt 0.5199 0.6690 0.0000
vt 0.5401 0.6690 0.0000
vt 0.5225 0.5991 0.0000
vt 0.5410 0.5991 0.0000
vt 0.5233 0.5408 0.0000
vt 0.5414 0.5408 0.0000
vt 0.5242 0.5032 0.0000
vt 0.5262 0.4797 0.0000
vt 0.5419 0.4796 0.0000
vt 0.5415 0.5040 0.0000
vt 0.5416 0.4486 0.0000
vt 0.5284 0.4509 0.0000
vt 0.5390 0.4248 0.0000
vt 0.5164 0.4519 0.0000
vt 0.5034 0.4519 0.0000
vt 0.5200 0.4248 0.0000
vt 0.5212 0.4136 0.0000
vt 0.5200 0.4208 0.0000
vt 0.5024 0.4208 0.0000
vt 0.5043 0.4136 0.0000
vt 0.5114 0.4788 0.0000
vt 0.4954 0.4774 0.0000
vt 0.5072 0.5020 0.0000
vt 0.4634 0.5408 0.0000
vt 0.4717 0.4991 0.0000
vt 0.4895 0.5009 0.0000
vt 0.4848 0.5408 0.0000
vt 0.5038 0.5408 0.0000
vt 0.4817 0.5991 0.0000
vt 0.4596 0.5991 0.0000
vt 0.4792 0.6690 0.0000
vt 0.4565 0.6690 0.0000
vt 0.5022 0.5991 0.0000
vt 0.4994 0.6690 0.0000
vt 0.4417 0.9949 0.0000
vt 0.3450 0.9572 0.0000
vt 0.3499 0.9255 0.0000
vt 0.3624 0.8652 0.0000
vt 0.4020 0.5991 0.0000
vt 0.3965 0.6690 0.0000
vt 0.3923 0.7205 0.0000
vt 0.4489 0.4463 0.0000
vt 0.4661 0.4248 0.0000
vt 0.4750 0.4248 0.0000
vt 0.4895 0.4136 0.0000
vt 0.4876 0.4208 0.0000
vt 0.4349 0.4671 0.0000
vt 0.6784 0.3089 0.0000
vt 0.6784 0.2980 0.0000
vt 0.4799 0.4753 0.0000
vt 0.3717 0.8979 0.0000
vt 0.3588 0.8824 0.0000
vt 0.3538 0.9060 0.0000
vt 0.6530 0.7597 0.0000
vt 0.6587 0.7731 0.0000
vt 0.6980 0.7997 0.0000
vt 0.7117 0.8010 0.0000
vt 0.7410 0.7875 0.0000
vt 0.7332 0.6975 0.0000
vt 0.7267 0.7819 0.0000
vt 0.7381 0.7767 0.0000
vt 0.7393 0.7848 0.0000
vt 0.7308 0.7903 0.0000
vt 0.7174 0.7864 0.0000
vt 0.7211 0.7946 0.0000
vt 0.7096 0.7866 0.0000
vt 0.7117 0.7975 0.0000
vt 0.7017 0.7867 0.0000
vt 0.6988 0.7963 0.0000
vt 0.6937 0.7858 0.0000
vt 0.6889 0.7945 0.0000
vt 0.6822 0.7784 0.0000
vt 0.6732 0.7841 0.0000
vt 0.6727 0.7665 0.0000
vt 0.6618 0.7713 0.0000
vt 0.6699 0.7571 0.0000
vt 0.6565 0.7587 0.0000
vt 0.6709 0.7472 0.0000
vt 0.6587 0.7451 0.0000
vt 0.6778 0.7380 0.0000
vt 0.6704 0.7297 0.0000
vt 0.6921 0.7298 0.0000
vt 0.6851 0.7218 0.0000
vt 0.6990 0.7267 0.0000
vt 0.6911 0.7185 0.0000
vt 0.7232 0.7140 0.0000
vt 0.7180 0.7033 0.0000
vt 0.7349 0.7118 0.0000
vt 0.7320 0.7002 0.0000
vt 0.6461 0.9757 0.0000
vt 0.6593 0.9857 0.0000
vt 0.6430 0.9936 0.0000
vt 0.6319 0.9871 0.0000
vt 0.6166 0.9661 0.0000
vt 0.6329 0.9701 0.0000
vt 0.6208 0.9835 0.0000
vt 0.6070 0.9809 0.0000
vt 0.5987 0.9648 0.0000
vt 0.5920 0.9800 0.0000
vt 0.5806 0.9662 0.0000
vt 0.5768 0.9810 0.0000
vt 0.5594 0.9682 0.0000
vt 0.5590 0.9822 0.0000
vt 0.6684 0.9948 0.0000
vt 0.6506 0.9995 0.0000
vt 0.4544 0.9864 0.0000
vt 0.4682 0.9774 0.0000
vt 0.4823 0.9882 0.0000
vt 0.4708 0.9940 0.0000
vt 0.4821 0.9731 0.0000
vt 0.4992 0.9705 0.0000
vt 0.5084 0.9838 0.0000
vt 0.4940 0.9854 0.0000
vt 0.5182 0.9699 0.0000
vt 0.5244 0.9834 0.0000
vt 0.5377 0.9701 0.0000
vt 0.5407 0.9835 0.0000
vt 0.4452 0.9953 0.0000
vt 0.4630 0.9998 0.0000
vt 0.2938 0.4487 0.0000
vt 0.1744 0.4338 0.0000
vt 0.1494 0.4419 0.0000
vt 0.1641 0.4367 0.0000
vt 0.1399 0.4456 0.0000
vt 0.7606 0.9088 0.0000
vt 0.6280 0.9820 0.0000
vt 0.6293 0.9820 0.0000
vt 0.6286 0.9833 0.0000
vt 0.3620 0.6422 0.0000
vt 0.3729 0.7001 0.0000
vt 0.3877 0.7038 0.0000
vt 0.3781 0.6428 0.0000
vt 0.3470 0.6417 0.0000
vt 0.3588 0.6967 0.0000
vt 0.2155 0.8255 0.0000
vt 0.2296 0.8206 0.0000
vt 0.2213 0.7989 0.0000
vt 0.2121 0.8081 0.0000
vt 0.2206 0.8500 0.0000
vt 0.1997 0.8522 0.0000
vt 0.1997 0.8721 0.0000
vt 0.2234 0.8698 0.0000
vt 0.2236 0.7533 0.0000
vt 0.2258 0.7357 0.0000
vt 0.1996 0.7490 0.0000
vt 0.2179 0.7638 0.0000
vt 0.2431 0.8154 0.0000
vt 0.2342 0.8001 0.0000
vt 0.3286 0.6404 0.0000
vt 0.3462 0.6943 0.0000
vt 0.3103 0.6395 0.0000
vt 0.3227 0.6866 0.0000
vt 0.2854 0.8120 0.0000
vt 0.2996 0.8254 0.0000
vt 0.3133 0.8064 0.0000
vt 0.2975 0.7955 0.0000
vt 0.2555 0.8371 0.0000
vt 0.2391 0.8449 0.0000
vt 0.2450 0.8638 0.0000
vt 0.2646 0.8541 0.0000
vt 0.2706 0.8268 0.0000
vt 0.2826 0.8420 0.0000
vt 0.2542 0.8060 0.0000
vt 0.3743 0.6127 0.0000
vt 0.3534 0.5995 0.0000
vt 0.3328 0.5839 0.0000
vt 0.3104 0.5905 0.0000
vt 0.1988 0.5995 0.0000
vt 0.2192 0.5994 0.0000
vt 0.2161 0.5657 0.0000
vt 0.1988 0.5665 0.0000
vt 0.2615 0.5975 0.0000
vt 0.2794 0.5960 0.0000
vt 0.2714 0.5600 0.0000
vt 0.2550 0.5610 0.0000
vt 0.3235 0.5339 0.0000
vt 0.2989 0.5567 0.0000
vt 0.1995 0.7103 0.0000
vt 0.2258 0.7090 0.0000
vt 0.2250 0.6790 0.0000
vt 0.1993 0.6790 0.0000
vt 0.2342 0.5631 0.0000
vt 0.2403 0.5985 0.0000
vt 0.2658 0.7953 0.0000
vt 0.2734 0.7804 0.0000
vt 0.2519 0.7680 0.0000
vt 0.2517 0.7835 0.0000
vt 0.2096 0.7695 0.0000
vt 0.1997 0.7714 0.0000
vt 0.2432 0.4791 0.0000
vt 0.2578 0.4849 0.0000
vt 0.2572 0.4618 0.0000
vt 0.2434 0.4521 0.0000
vt 0.2295 0.4632 0.0000
vt 0.2330 0.4465 0.0000
vt 0.1987 0.5391 0.0000
vt 0.2131 0.5362 0.0000
vt 0.2254 0.5281 0.0000
vt 0.2656 0.5303 0.0000
vt 0.2512 0.5269 0.0000
vt 0.2141 0.4545 0.0000
vt 0.1977 0.4516 0.0000
vt 0.1977 0.4635 0.0000
vt 0.2122 0.4656 0.0000
vt 0.2247 0.4740 0.0000
vt 0.2156 0.4407 0.0000
vt 0.1978 0.4380 0.0000
vt 0.2328 0.4865 0.0000
vt 0.2360 0.5012 0.0000
vt 0.2491 0.5039 0.0000
vt 0.2617 0.5069 0.0000
vt 0.2837 0.5096 0.0000
vt 0.2994 0.5024 0.0000
vt 0.2778 0.4781 0.0000
vt 0.2789 0.4926 0.0000
vt 0.2334 0.5158 0.0000
vt 0.3120 0.5177 0.0000
vt 0.2908 0.5322 0.0000
vt 0.2300 0.5011 0.0000
vt 0.2278 0.5133 0.0000
vt 0.2210 0.5236 0.0000
vt 0.2107 0.5304 0.0000
vt 0.1986 0.5327 0.0000
vt 0.1997 0.8258 0.0000
vt 0.3242 0.7807 0.0000
vt 0.3038 0.7718 0.0000
vt 0.2953 0.5941 0.0000
vt 0.2923 0.6389 0.0000
vt 0.2852 0.5586 0.0000
vt 0.2679 0.4887 0.0000
vt 0.2660 0.4684 0.0000
vt 0.2779 0.5316 0.0000
vt 0.2721 0.5089 0.0000
vt 0.3242 0.5332 0.0000
vt 0.1997 0.8026 0.0000
vt 0.2391 0.7880 0.0000
vt 0.0386 0.6448 0.0000
vt 0.0225 0.6459 0.0000
vt 0.0138 0.7070 0.0000
vt 0.0286 0.7029 0.0000
vt 0.0536 0.6440 0.0000
vt 0.0425 0.6989 0.0000
vt 0.1989 0.6386 0.0000
vt 0.1758 0.6388 0.0000
vt 0.1741 0.6791 0.0000
vt 0.1840 0.8255 0.0000
vt 0.1873 0.8081 0.0000
vt 0.1782 0.7989 0.0000
vt 0.1699 0.8206 0.0000
vt 0.1789 0.8500 0.0000
vt 0.1761 0.8698 0.0000
vt 0.1733 0.7357 0.0000
vt 0.1757 0.7531 0.0000
vt 0.1815 0.7638 0.0000
vt 0.1653 0.8000 0.0000
vt 0.1564 0.8154 0.0000
vt 0.0549 0.6957 0.0000
vt 0.0722 0.6422 0.0000
vt 0.0783 0.6877 0.0000
vt 0.0907 0.6409 0.0000
vt 0.0935 0.7167 0.0000
vt 0.0988 0.6843 0.0000
vt 0.0725 0.7214 0.0000
vt 0.1264 0.7801 0.0000
vt 0.1199 0.7616 0.0000
vt 0.0966 0.7716 0.0000
vt 0.1026 0.7953 0.0000
vt 0.1145 0.8119 0.0000
vt 0.0870 0.8063 0.0000
vt 0.1003 0.8254 0.0000
vt 0.0931 0.7454 0.0000
vt 0.1189 0.7389 0.0000
vt 0.1604 0.8449 0.0000
vt 0.1441 0.8371 0.0000
vt 0.1350 0.8541 0.0000
vt 0.1545 0.8638 0.0000
vt 0.1171 0.8419 0.0000
vt 0.1291 0.8268 0.0000
vt 0.1454 0.8059 0.0000
vt 0.0460 0.6017 0.0000
vt 0.0510 0.5674 0.0000
vt 0.0269 0.5934 0.0000
vt 0.0250 0.6159 0.0000
vt 0.1293 0.6394 0.0000
vt 0.1365 0.5980 0.0000
vt 0.1188 0.5965 0.0000
vt 0.1088 0.6400 0.0000
vt 0.0654 0.5857 0.0000
vt 0.0880 0.5917 0.0000
vt 0.0725 0.5348 0.0000
vt 0.1815 0.5658 0.0000
vt 0.1785 0.5996 0.0000
vt 0.1428 0.5613 0.0000
vt 0.1264 0.5605 0.0000
vt 0.0985 0.5577 0.0000
vt 0.1445 0.7349 0.0000
vt 0.1465 0.7096 0.0000
vt 0.1197 0.7123 0.0000
vt 0.1524 0.6389 0.0000
vt 0.1576 0.5990 0.0000
vt 0.1733 0.7091 0.0000
vt 0.0725 0.7518 0.0000
vt 0.1488 0.6798 0.0000
vt 0.1635 0.5633 0.0000
vt 0.1340 0.7951 0.0000
vt 0.1479 0.7833 0.0000
vt 0.1476 0.7677 0.0000
vt 0.1898 0.7695 0.0000
vt 0.1379 0.7548 0.0000
vt 0.1380 0.4853 0.0000
vt 0.1525 0.4793 0.0000
vt 0.1519 0.4522 0.0000
vt 0.1382 0.4621 0.0000
vt 0.1660 0.4632 0.0000
vt 0.1623 0.4466 0.0000
vt 0.1842 0.5362 0.0000
vt 0.1718 0.5281 0.0000
vt 0.1456 0.5272 0.0000
vt 0.1311 0.5307 0.0000
vt 0.1813 0.4543 0.0000
vt 0.1832 0.4655 0.0000
vt 0.1708 0.4739 0.0000
vt 0.1798 0.4405 0.0000
vt 0.1630 0.4866 0.0000
vt 0.1472 0.5042 0.0000
vt 0.1602 0.5013 0.0000
vt 0.1346 0.5073 0.0000
vt 0.1179 0.4788 0.0000
vt 0.0968 0.5034 0.0000
vt 0.1126 0.5104 0.0000
vt 0.1170 0.4933 0.0000
vt 0.1633 0.5159 0.0000
vt 0.0845 0.5190 0.0000
vt 0.1060 0.5331 0.0000
vt 0.1689 0.5134 0.0000
vt 0.1662 0.5011 0.0000
vt 0.1865 0.5304 0.0000
vt 0.1760 0.5236 0.0000
vt 0.1231 0.6816 0.0000
vt 0.0764 0.7807 0.0000
vt 0.1032 0.5949 0.0000
vt 0.1123 0.5593 0.0000
vt 0.1296 0.4688 0.0000
vt 0.1280 0.4892 0.0000
vt 0.1188 0.5323 0.0000
vt 0.1241 0.5094 0.0000
vt 0.1604 0.7879 0.0000
vt 0.2273 0.4888 0.0000
vt 0.2204 0.4784 0.0000
vt 0.2099 0.4714 0.0000
vt 0.1977 0.4696 0.0000
vt 0.1685 0.4888 0.0000
vt 0.1856 0.4713 0.0000
vt 0.1752 0.4782 0.0000
vt 0.2092 0.5269 0.0000
vt 0.2043 0.5145 0.0000
vt 0.1985 0.5155 0.0000
vt 0.1986 0.5289 0.0000
vt 0.1927 0.5144 0.0000
vt 0.1879 0.5268 0.0000
vt 0.1877 0.5112 0.0000
vt 0.1787 0.5209 0.0000
vt 0.1843 0.5064 0.0000
vt 0.1724 0.5119 0.0000
vt 0.1831 0.5008 0.0000
vt 0.1701 0.5011 0.0000
vt 0.1841 0.4952 0.0000
vt 0.1721 0.4903 0.0000
vt 0.1872 0.4903 0.0000
vt 0.1779 0.4810 0.0000
vt 0.1921 0.4871 0.0000
vt 0.1871 0.4749 0.0000
vt 0.1978 0.4734 0.0000
vt 0.1978 0.4864 0.0000
vt 0.2035 0.4872 0.0000
vt 0.2085 0.4749 0.0000
vt 0.2085 0.4905 0.0000
vt 0.2177 0.4811 0.0000
vt 0.2238 0.4903 0.0000
vt 0.2118 0.4955 0.0000
vt 0.2132 0.5011 0.0000
vt 0.2262 0.5011 0.0000
vt 0.2122 0.5067 0.0000
vt 0.2242 0.5119 0.0000
vt 0.2091 0.5114 0.0000
vt 0.2182 0.5209 0.0000
vt 0.2272 0.8960 0.0000
vt 0.1998 0.8987 0.0000
vt 0.3286 0.7206 0.0000
vt 0.3526 0.7262 0.0000
vt 0.3336 0.8195 0.0000
vt 0.3184 0.8416 0.0000
vt 0.2535 0.8885 0.0000
vt 0.2776 0.8758 0.0000
vt 0.2997 0.8608 0.0000
vt 0.3284 0.7515 0.0000
vt 0.3526 0.7583 0.0000
vt 0.3464 0.7900 0.0000
vt 0.1724 0.8960 0.0000
vt 0.0484 0.7269 0.0000
vt 0.0814 0.8414 0.0000
vt 0.0666 0.8193 0.0000
vt 0.1219 0.8758 0.0000
vt 0.1460 0.8885 0.0000
vt 0.0999 0.8607 0.0000
vt 0.0482 0.7587 0.0000
vt 0.0542 0.7899 0.0000
vt 0.3021 0.6834 0.0000
vt 0.3467 0.5651 0.0000
vt 0.3716 0.5903 0.0000
vt 0.2781 0.7633 0.0000
vt 0.2797 0.7500 0.0000
vt 0.2720 0.7485 0.0000
vt 0.2655 0.7611 0.0000
vt 0.2660 0.7445 0.0000
vt 0.2551 0.7544 0.0000
vt 0.2619 0.7378 0.0000
vt 0.2479 0.7432 0.0000
vt 0.2606 0.7313 0.0000
vt 0.2457 0.7317 0.0000
vt 0.2621 0.7239 0.0000
vt 0.2483 0.7190 0.0000
vt 0.2663 0.7177 0.0000
vt 0.2557 0.7086 0.0000
vt 0.2725 0.7134 0.0000
vt 0.2660 0.7018 0.0000
vt 0.2803 0.7115 0.0000
vt 0.2787 0.6992 0.0000
vt 0.2880 0.7127 0.0000
vt 0.2913 0.7015 0.0000
vt 0.2946 0.7170 0.0000
vt 0.3017 0.7086 0.0000
vt 0.2991 0.7239 0.0000
vt 0.3088 0.7197 0.0000
vt 0.3005 0.7312 0.0000
vt 0.3111 0.7318 0.0000
vt 0.2989 0.7387 0.0000
vt 0.3085 0.7439 0.0000
vt 0.2943 0.7448 0.0000
vt 0.3012 0.7542 0.0000
vt 0.2876 0.7489 0.0000
vt 0.2909 0.7611 0.0000
vt 0.2175 0.6234 0.0000
vt 0.2510 0.6665 0.0000
vt 0.2523 0.6534 0.0000
vt 0.2449 0.6520 0.0000
vt 0.2389 0.6643 0.0000
vt 0.2391 0.6485 0.0000
vt 0.2293 0.6583 0.0000
vt 0.2351 0.6430 0.0000
vt 0.2223 0.6487 0.0000
vt 0.2337 0.6368 0.0000
vt 0.2198 0.6375 0.0000
vt 0.2349 0.6296 0.0000
vt 0.2220 0.6253 0.0000
vt 0.2387 0.6241 0.0000
vt 0.2285 0.6154 0.0000
vt 0.2444 0.6204 0.0000
vt 0.2384 0.6091 0.0000
vt 0.2517 0.6191 0.0000
vt 0.2499 0.6069 0.0000
vt 0.2591 0.6207 0.0000
vt 0.2619 0.6093 0.0000
vt 0.2652 0.6244 0.0000
vt 0.2720 0.6155 0.0000
vt 0.2696 0.6297 0.0000
vt 0.2795 0.6250 0.0000
vt 0.2715 0.6359 0.0000
vt 0.2827 0.6363 0.0000
vt 0.2702 0.6425 0.0000
vt 0.2802 0.6481 0.0000
vt 0.2663 0.6479 0.0000
vt 0.2733 0.6576 0.0000
vt 0.2598 0.6520 0.0000
vt 0.2631 0.6642 0.0000
vt 0.2781 0.7668 0.0000
vt 0.2922 0.7643 0.0000
vt 0.3037 0.7568 0.0000
vt 0.3118 0.7453 0.0000
vt 0.3146 0.7319 0.0000
vt 0.3122 0.7184 0.0000
vt 0.3042 0.7061 0.0000
vt 0.2927 0.6983 0.0000
vt 0.2772 0.6811 0.0000
vt 0.2787 0.6957 0.0000
vt 0.2646 0.6985 0.0000
vt 0.2509 0.6793 0.0000
vt 0.2532 0.7061 0.0000
vt 0.2450 0.7177 0.0000
vt 0.2421 0.7317 0.0000
vt 0.2446 0.7445 0.0000
vt 0.2525 0.7570 0.0000
vt 0.2641 0.7644 0.0000
vt 0.2510 0.6705 0.0000
vt 0.2373 0.6680 0.0000
vt 0.2647 0.6678 0.0000
vt 0.2763 0.6604 0.0000
vt 0.2840 0.6496 0.0000
vt 0.2868 0.6362 0.0000
vt 0.2833 0.6235 0.0000
vt 0.2748 0.6126 0.0000
vt 0.2633 0.6057 0.0000
vt 0.2497 0.6030 0.0000
vt 0.2366 0.6055 0.0000
vt 0.2255 0.6126 0.0000
vt 0.2182 0.6238 0.0000
vt 0.2156 0.6376 0.0000
vt 0.2184 0.6503 0.0000
vt 0.2263 0.6611 0.0000
vt 0.9648 0.9439 0.0000
vt 0.9617 0.9328 0.0000
vt 0.9497 0.9348 0.0000
vt 0.9531 0.9459 0.0000
vt 0.8959 0.9909 0.0000
vt 0.9078 0.9909 0.0000
vt 0.9110 0.9770 0.0000
vt 0.8973 0.9744 0.0000
vt 0.9425 0.9504 0.0000
vt 0.9369 0.9401 0.0000
vt 0.9243 0.9496 0.0000
vt 0.9324 0.9582 0.0000
vt 0.9594 0.9194 0.0000
vt 0.9761 0.9181 0.0000
vt 0.9761 0.9067 0.0000
vt 0.9591 0.9067 0.0000
vt 0.9279 0.9084 0.0000
vt 0.9312 0.9274 0.0000
vt 0.9460 0.9227 0.0000
vt 0.9431 0.9067 0.0000
vt 0.9051 0.9115 0.0000
vt 0.9051 0.9359 0.0000
vt 0.9194 0.9809 0.0000
vt 0.9165 0.9909 0.0000
vt 0.9170 0.9626 0.0000
vt 0.9256 0.9683 0.0000
vt 0.9003 0.9580 0.0000
vt 0.9761 0.9322 0.0000
vt 0.9591 0.8923 0.0000
vt 0.9761 0.8923 0.0000
vt 0.9431 0.8923 0.0000
vt 0.9279 0.8923 0.0000
vt 0.9051 0.8933 0.0000
vt 0.9761 0.8773 0.0000
vt 0.9591 0.8773 0.0000
vt 0.9431 0.8773 0.0000
vt 0.9279 0.8773 0.0000
vt 0.9051 0.8773 0.0000
vt 0.8816 0.9127 0.0000
vt 0.8815 0.9337 0.0000
vt 0.8815 0.9547 0.0000
vt 0.8815 0.9721 0.0000
vt 0.8815 0.9909 0.0000
vt 0.8815 0.8775 0.0000
vt 0.8815 0.8933 0.0000
vt 0.9761 0.9424 0.0000
vt 0.8146 0.5146 0.0000
vt 0.8146 0.4976 0.0000
vt 0.7919 0.4976 0.0000
vt 0.7919 0.5146 0.0000
vt 0.8146 0.5317 0.0000
vt 0.7919 0.5317 0.0000
vt 0.8344 0.5317 0.0000
vt 0.8344 0.5146 0.0000
vt 0.8344 0.4976 0.0000
vt 0.8146 0.5488 0.0000
vt 0.8344 0.5488 0.0000
vt 0.7919 0.5488 0.0000
vt 0.7919 0.5659 0.0000
vt 0.8146 0.5659 0.0000
vt 0.8344 0.5659 0.0000
vt 0.8146 0.5829 0.0000
vt 0.8344 0.5829 0.0000
vt 0.7919 0.5829 0.0000
vt 0.7919 0.5999 0.0000
vt 0.8146 0.5999 0.0000
vt 0.8344 0.5999 0.0000
vt 0.8146 0.6169 0.0000
vt 0.8344 0.6169 0.0000
vt 0.7919 0.6169 0.0000
vt 0.7919 0.6338 0.0000
vt 0.8146 0.6338 0.0000
vt 0.8344 0.6338 0.0000
vt 0.8146 0.6508 0.0000
vt 0.8344 0.6508 0.0000
vt 0.7919 0.6508 0.0000
vt 0.7919 0.6678 0.0000
vt 0.8146 0.6678 0.0000
vt 0.8344 0.6678 0.0000
vt 0.8146 0.6848 0.0000
vt 0.8344 0.6848 0.0000
vt 0.7919 0.6848 0.0000
vt 0.7919 0.7018 0.0000
vt 0.8146 0.7018 0.0000
vt 0.8344 0.7018 0.0000
vt 0.8146 0.7188 0.0000
vt 0.8344 0.7188 0.0000
vt 0.7919 0.7188 0.0000
vt 0.7919 0.7358 0.0000
vt 0.8146 0.7358 0.0000
vt 0.8344 0.7358 0.0000
vt 0.8146 0.7528 0.0000
vt 0.8344 0.7528 0.0000
vt 0.7919 0.7528 0.0000
vt 0.7919 0.7698 0.0000
vt 0.8146 0.7698 0.0000
vt 0.8344 0.7698 0.0000
vt 0.8146 0.7871 0.0000
vt 0.8344 0.7871 0.0000
vt 0.7919 0.7871 0.0000
vt 0.7919 0.8046 0.0000
vt 0.8146 0.8046 0.0000
vt 0.8344 0.8046 0.0000
vt 0.8146 0.8222 0.0000
vt 0.8344 0.8222 0.0000
vt 0.7919 0.8222 0.0000
vt 0.7919 0.8402 0.0000
vt 0.8146 0.8402 0.0000
vt 0.8344 0.8402 0.0000
vt 0.8146 0.8584 0.0000
vt 0.8344 0.8584 0.0000
vt 0.7919 0.8584 0.0000
vt 0.7919 0.8751 0.0000
vt 0.8146 0.8751 0.0000
vt 0.8344 0.8751 0.0000
vt 0.8146 0.8907 0.0000
vt 0.8344 0.8907 0.0000
vt 0.7919 0.8907 0.0000
vt 0.8146 0.9100 0.0000
vt 0.8345 0.9100 0.0000
vt 0.8345 0.9310 0.0000
vt 0.8576 0.5317 0.0000
vt 0.8576 0.5146 0.0000
vt 0.8576 0.4976 0.0000
vt 0.8576 0.5659 0.0000
vt 0.8576 0.5488 0.0000
vt 0.8576 0.5999 0.0000
vt 0.8576 0.5829 0.0000
vt 0.8576 0.6338 0.0000
vt 0.8576 0.6169 0.0000
vt 0.8576 0.6678 0.0000
vt 0.8576 0.6508 0.0000
vt 0.8576 0.7018 0.0000
vt 0.8576 0.6848 0.0000
vt 0.8576 0.7358 0.0000
vt 0.8576 0.7188 0.0000
vt 0.8576 0.7698 0.0000
vt 0.8576 0.7528 0.0000
vt 0.8576 0.8046 0.0000
vt 0.8576 0.7871 0.0000
vt 0.8576 0.8402 0.0000
vt 0.8576 0.8222 0.0000
vt 0.8576 0.8751 0.0000
vt 0.8576 0.8584 0.0000
vt 0.8575 0.9100 0.0000
vt 0.8576 0.8907 0.0000
vt 0.8573 0.9519 0.0000
vt 0.8573 0.9310 0.0000
vt 0.8345 0.9519 0.0000
vt 0.8573 0.9693 0.0000
vt 0.8345 0.9693 0.0000
vt 0.8345 0.9880 0.0000
vt 0.8573 0.9880 0.0000
vt 0.7686 0.5146 0.0000
vt 0.7686 0.4976 0.0000
vt 0.7686 0.5317 0.0000
vt 0.7686 0.5488 0.0000
vt 0.7686 0.5659 0.0000
vt 0.7686 0.5829 0.0000
vt 0.7686 0.5999 0.0000
vt 0.7686 0.6169 0.0000
vt 0.7686 0.6338 0.0000
vt 0.7686 0.6508 0.0000
vt 0.7686 0.6678 0.0000
vt 0.7686 0.6848 0.0000
vt 0.7686 0.7018 0.0000
vt 0.7686 0.7188 0.0000
vt 0.7686 0.7358 0.0000
vt 0.7686 0.7528 0.0000
vt 0.7686 0.7698 0.0000
vt 0.7686 0.7871 0.0000
vt 0.7686 0.8046 0.0000
vt 0.7686 0.8222 0.0000
vt 0.7686 0.8402 0.0000
vt 0.7686 0.8584 0.0000
vt 0.7686 0.8751 0.0000
vt 0.7686 0.8907 0.0000
vt 0.9279 0.5163 0.0000
vt 0.9051 0.5163 0.0000
vt 0.9051 0.5333 0.0000
vt 0.9279 0.5333 0.0000
vt 0.9431 0.5163 0.0000
vt 0.9431 0.5333 0.0000
vt 0.9431 0.4991 0.0000
vt 0.9279 0.4991 0.0000
vt 0.9051 0.4991 0.0000
vt 0.9279 0.5505 0.0000
vt 0.9051 0.5505 0.0000
vt 0.9051 0.5677 0.0000
vt 0.9279 0.5677 0.0000
vt 0.9431 0.5505 0.0000
vt 0.9431 0.5677 0.0000
vt 0.9279 0.5847 0.0000
vt 0.9051 0.5847 0.0000
vt 0.9051 0.6016 0.0000
vt 0.9279 0.6016 0.0000
vt 0.9431 0.5847 0.0000
vt 0.9431 0.6016 0.0000
vt 0.9279 0.6182 0.0000
vt 0.9051 0.6182 0.0000
vt 0.9051 0.6351 0.0000
vt 0.9279 0.6351 0.0000
vt 0.9431 0.6182 0.0000
vt 0.9431 0.6351 0.0000
vt 0.9279 0.6524 0.0000
vt 0.9051 0.6524 0.0000
vt 0.9051 0.6697 0.0000
vt 0.9279 0.6697 0.0000
vt 0.9431 0.6524 0.0000
vt 0.9431 0.6697 0.0000
vt 0.9279 0.6867 0.0000
vt 0.9051 0.6867 0.0000
vt 0.9051 0.7036 0.0000
vt 0.9279 0.7036 0.0000
vt 0.9431 0.6867 0.0000
vt 0.9431 0.7036 0.0000
vt 0.9279 0.7207 0.0000
vt 0.9051 0.7207 0.0000
vt 0.9051 0.7379 0.0000
vt 0.9279 0.7379 0.0000
vt 0.9431 0.7207 0.0000
vt 0.9431 0.7379 0.0000
vt 0.9279 0.7549 0.0000
vt 0.9051 0.7549 0.0000
vt 0.9051 0.7721 0.0000
vt 0.9279 0.7721 0.0000
vt 0.9431 0.7549 0.0000
vt 0.9431 0.7721 0.0000
vt 0.9279 0.7894 0.0000
vt 0.9051 0.7894 0.0000
vt 0.9051 0.8069 0.0000
vt 0.9279 0.8069 0.0000
vt 0.9431 0.7894 0.0000
vt 0.9431 0.8069 0.0000
vt 0.9591 0.8246 0.0000
vt 0.9591 0.8069 0.0000
vt 0.9431 0.8246 0.0000
vt 0.9591 0.8426 0.0000
vt 0.9431 0.8426 0.0000
vt 0.9761 0.8426 0.0000
vt 0.9761 0.8246 0.0000
vt 0.9761 0.8069 0.0000
vt 0.9279 0.8609 0.0000
vt 0.9051 0.8609 0.0000
vt 0.9431 0.8609 0.0000
vt 0.9279 0.8426 0.0000
vt 0.9051 0.8426 0.0000
vt 0.9591 0.5163 0.0000
vt 0.9591 0.5333 0.0000
vt 0.9761 0.5333 0.0000
vt 0.9761 0.5163 0.0000
vt 0.9591 0.4991 0.0000
vt 0.9761 0.4991 0.0000
vt 0.8815 0.4991 0.0000
vt 0.8815 0.5162 0.0000
vt 0.8815 0.5333 0.0000
vt 0.9591 0.5505 0.0000
vt 0.9591 0.5677 0.0000
vt 0.9761 0.5677 0.0000
vt 0.9761 0.5505 0.0000
vt 0.8815 0.5505 0.0000
vt 0.8815 0.5676 0.0000
vt 0.9591 0.5847 0.0000
vt 0.9591 0.6016 0.0000
vt 0.9761 0.6016 0.0000
vt 0.9761 0.5847 0.0000
vt 0.8815 0.5847 0.0000
vt 0.8815 0.6016 0.0000
vt 0.9591 0.6182 0.0000
vt 0.9591 0.6351 0.0000
vt 0.9761 0.6351 0.0000
vt 0.9761 0.6182 0.0000
vt 0.8815 0.6184 0.0000
vt 0.8815 0.6354 0.0000
vt 0.9591 0.6524 0.0000
vt 0.9591 0.6697 0.0000
vt 0.9761 0.6697 0.0000
vt 0.9761 0.6524 0.0000
vt 0.8815 0.6525 0.0000
vt 0.8815 0.6697 0.0000
vt 0.9591 0.6867 0.0000
vt 0.9591 0.7036 0.0000
vt 0.9761 0.7036 0.0000
vt 0.9761 0.6867 0.0000
vt 0.8815 0.6867 0.0000
vt 0.8815 0.7037 0.0000
vt 0.9591 0.7207 0.0000
vt 0.9591 0.7379 0.0000
vt 0.9761 0.7379 0.0000
vt 0.9761 0.7207 0.0000
vt 0.8815 0.7208 0.0000
vt 0.8815 0.7379 0.0000
vt 0.9591 0.7549 0.0000
vt 0.9591 0.7721 0.0000
vt 0.9761 0.7721 0.0000
vt 0.9761 0.7549 0.0000
vt 0.8815 0.7549 0.0000
vt 0.8815 0.7721 0.0000
vt 0.9591 0.7894 0.0000
vt 0.9761 0.7894 0.0000
vt 0.8815 0.7894 0.0000
vt 0.8815 0.8069 0.0000
vt 0.8815 0.8246 0.0000
vt 0.9051 0.8246 0.0000
vt 0.8815 0.8426 0.0000
vt 0.9591 0.8609 0.0000
vt 0.9761 0.8609 0.0000
vt 0.8815 0.8609 0.0000
vt 0.8764 0.5161 0.0000
vt 0.8764 0.5332 0.0000
vt 0.8764 0.4991 0.0000
vt 0.8764 0.5504 0.0000
vt 0.8764 0.5675 0.0000
vt 0.8764 0.5846 0.0000
vt 0.8764 0.6016 0.0000
vt 0.8764 0.6186 0.0000
vt 0.8764 0.6357 0.0000
vt 0.8764 0.6527 0.0000
vt 0.8764 0.6697 0.0000
vt 0.8764 0.6867 0.0000
vt 0.8764 0.7038 0.0000
vt 0.8764 0.7209 0.0000
vt 0.8764 0.7379 0.0000
vt 0.8764 0.7549 0.0000
vt 0.8764 0.7721 0.0000
vt 0.8764 0.7894 0.0000
vt 0.8764 0.8069 0.0000
vt 0.8764 0.8246 0.0000
vt 0.8764 0.8426 0.0000
vt 0.8764 0.8609 0.0000
vt 0.8764 0.8776 0.0000
vt 0.8764 0.8933 0.0000
vt 0.8764 0.9127 0.0000
vt 0.8762 0.9337 0.0000
vt 0.8762 0.9547 0.0000
vt 0.8762 0.9721 0.0000
vt 0.8762 0.9909 0.0000
vt 0.9279 0.8246 0.0000
vt 0.9553 0.0545 0.0000
vt 0.9513 0.0661 0.0000
vt 0.9641 0.0673 0.0000
vt 0.9666 0.0558 0.0000
vt 0.8980 0.0256 0.0000
vt 0.9100 0.0221 0.0000
vt 0.9073 0.0085 0.0000
vt 0.8964 0.0085 0.0000
vt 0.9370 0.0609 0.0000
vt 0.9441 0.0501 0.0000
vt 0.9338 0.0421 0.0000
vt 0.9227 0.0512 0.0000
vt 0.9601 0.0801 0.0000
vt 0.9591 0.0934 0.0000
vt 0.9761 0.0950 0.0000
vt 0.9757 0.0809 0.0000
vt 0.9294 0.0718 0.0000
vt 0.9279 0.0889 0.0000
vt 0.9431 0.0915 0.0000
vt 0.9458 0.0774 0.0000
vt 0.9049 0.0621 0.0000
vt 0.9051 0.0847 0.0000
vt 0.9163 0.0085 0.0000
vt 0.9192 0.0185 0.0000
vt 0.9255 0.0316 0.0000
vt 0.9153 0.0375 0.0000
vt 0.9001 0.0429 0.0000
vt 0.9757 0.0672 0.0000
vt 0.9591 0.1056 0.0000
vt 0.9761 0.1056 0.0000
vt 0.9431 0.1056 0.0000
vt 0.9279 0.1056 0.0000
vt 0.9051 0.1056 0.0000
vt 0.9761 0.1204 0.0000
vt 0.9591 0.1204 0.0000
vt 0.9431 0.1204 0.0000
vt 0.9279 0.1204 0.0000
vt 0.9051 0.1204 0.0000
vt 0.8815 0.0796 0.0000
vt 0.8815 0.0607 0.0000
vt 0.8815 0.0436 0.0000
vt 0.8815 0.0266 0.0000
vt 0.8815 0.0085 0.0000
vt 0.8815 0.1036 0.0000
vt 0.8815 0.1204 0.0000
vt 0.9757 0.0556 0.0000
vt 0.8146 0.4806 0.0000
vt 0.7919 0.4806 0.0000
vt 0.8146 0.4635 0.0000
vt 0.7919 0.4635 0.0000
vt 0.8344 0.4806 0.0000
vt 0.8344 0.4635 0.0000
vt 0.8146 0.4464 0.0000
vt 0.8344 0.4464 0.0000
vt 0.7919 0.4464 0.0000
vt 0.8146 0.4292 0.0000
vt 0.7919 0.4292 0.0000
vt 0.8344 0.4292 0.0000
vt 0.8146 0.4122 0.0000
vt 0.8344 0.4122 0.0000
vt 0.7919 0.4122 0.0000
vt 0.8146 0.3953 0.0000
vt 0.7919 0.3953 0.0000
vt 0.8344 0.3953 0.0000
vt 0.8146 0.3785 0.0000
vt 0.8344 0.3785 0.0000
vt 0.7919 0.3785 0.0000
vt 0.8146 0.3616 0.0000
vt 0.7919 0.3616 0.0000
vt 0.8344 0.3616 0.0000
vt 0.8146 0.3445 0.0000
vt 0.8344 0.3445 0.0000
vt 0.7919 0.3445 0.0000
vt 0.8146 0.3274 0.0000
vt 0.7919 0.3274 0.0000
vt 0.8344 0.3274 0.0000
vt 0.8146 0.3104 0.0000
vt 0.8344 0.3104 0.0000
vt 0.7919 0.3104 0.0000
vt 0.8146 0.2935 0.0000
vt 0.7919 0.2935 0.0000
vt 0.8344 0.2935 0.0000
vt 0.8146 0.2764 0.0000
vt 0.8344 0.2764 0.0000
vt 0.7919 0.2764 0.0000
vt 0.8146 0.2594 0.0000
vt 0.7919 0.2594 0.0000
vt 0.8344 0.2594 0.0000
vt 0.8146 0.2424 0.0000
vt 0.8344 0.2424 0.0000
vt 0.7919 0.2424 0.0000
vt 0.8146 0.2253 0.0000
vt 0.7919 0.2253 0.0000
vt 0.8344 0.2253 0.0000
vt 0.8146 0.2081 0.0000
vt 0.8344 0.2081 0.0000
vt 0.7919 0.2081 0.0000
vt 0.8146 0.1906 0.0000
vt 0.7919 0.1906 0.0000
vt 0.8344 0.1906 0.0000
vt 0.8146 0.1730 0.0000
vt 0.8344 0.1730 0.0000
vt 0.7919 0.1730 0.0000
vt 0.8146 0.1550 0.0000
vt 0.7919 0.1550 0.0000
vt 0.8344 0.1550 0.0000
vt 0.8146 0.1368 0.0000
vt 0.8344 0.1368 0.0000
vt 0.7919 0.1368 0.0000
vt 0.8146 0.1201 0.0000
vt 0.7919 0.1201 0.0000
vt 0.8344 0.1201 0.0000
vt 0.8146 0.1034 0.0000
vt 0.8344 0.1034 0.0000
vt 0.7919 0.1034 0.0000
vt 0.8146 0.0794 0.0000
vt 0.8344 0.0794 0.0000
vt 0.8344 0.0605 0.0000
vt 0.8576 0.4806 0.0000
vt 0.8576 0.4635 0.0000
vt 0.8576 0.4464 0.0000
vt 0.8576 0.4292 0.0000
vt 0.8576 0.4122 0.0000
vt 0.8576 0.3953 0.0000
vt 0.8576 0.3785 0.0000
vt 0.8576 0.3616 0.0000
vt 0.8576 0.3274 0.0000
vt 0.8576 0.3445 0.0000
vt 0.8576 0.3104 0.0000
vt 0.8576 0.2935 0.0000
vt 0.8576 0.2764 0.0000
vt 0.8576 0.2594 0.0000
vt 0.8576 0.2424 0.0000
vt 0.8576 0.2253 0.0000
vt 0.8576 0.2081 0.0000
vt 0.8576 0.1906 0.0000
vt 0.8576 0.1730 0.0000
vt 0.8576 0.1550 0.0000
vt 0.8576 0.1368 0.0000
vt 0.8576 0.1201 0.0000
vt 0.8576 0.1034 0.0000
vt 0.8576 0.0794 0.0000
vt 0.8576 0.0605 0.0000
vt 0.8576 0.0435 0.0000
vt 0.8344 0.0435 0.0000
vt 0.8344 0.0085 0.0000
vt 0.8344 0.0266 0.0000
vt 0.8576 0.0266 0.0000
vt 0.8576 0.0085 0.0000
vt 0.7686 0.4806 0.0000
vt 0.7686 0.4635 0.0000
vt 0.7686 0.4464 0.0000
vt 0.7686 0.4292 0.0000
vt 0.7686 0.4122 0.0000
vt 0.7686 0.3953 0.0000
vt 0.7686 0.3785 0.0000
vt 0.7686 0.3616 0.0000
vt 0.7686 0.3445 0.0000
vt 0.7686 0.3274 0.0000
vt 0.7686 0.3104 0.0000
vt 0.7686 0.2935 0.0000
vt 0.7686 0.2764 0.0000
vt 0.7686 0.2594 0.0000
vt 0.7686 0.2424 0.0000
vt 0.7686 0.2253 0.0000
vt 0.7686 0.2081 0.0000
vt 0.7686 0.1906 0.0000
vt 0.7686 0.1730 0.0000
vt 0.7686 0.1550 0.0000
vt 0.7686 0.1368 0.0000
vt 0.7686 0.1201 0.0000
vt 0.7686 0.1034 0.0000
vt 0.9279 0.4819 0.0000
vt 0.9279 0.4648 0.0000
vt 0.9051 0.4648 0.0000
vt 0.9051 0.4819 0.0000
vt 0.9431 0.4819 0.0000
vt 0.9431 0.4648 0.0000
vt 0.9279 0.4476 0.0000
vt 0.9279 0.4305 0.0000
vt 0.9051 0.4305 0.0000
vt 0.9051 0.4476 0.0000
vt 0.9431 0.4476 0.0000
vt 0.9431 0.4305 0.0000
vt 0.9279 0.4134 0.0000
vt 0.9279 0.3965 0.0000
vt 0.9051 0.3965 0.0000
vt 0.9051 0.4134 0.0000
vt 0.9431 0.4134 0.0000
vt 0.9431 0.3965 0.0000
vt 0.9279 0.3796 0.0000
vt 0.9279 0.3627 0.0000
vt 0.9051 0.3627 0.0000
vt 0.9051 0.3796 0.0000
vt 0.9431 0.3796 0.0000
vt 0.9431 0.3627 0.0000
vt 0.9279 0.3455 0.0000
vt 0.9279 0.3283 0.0000
vt 0.9051 0.3283 0.0000
vt 0.9051 0.3455 0.0000
vt 0.9431 0.3455 0.0000
vt 0.9431 0.3283 0.0000
vt 0.9279 0.3113 0.0000
vt 0.9279 0.2943 0.0000
vt 0.9051 0.2943 0.0000
vt 0.9051 0.3113 0.0000
vt 0.9431 0.3113 0.0000
vt 0.9431 0.2943 0.0000
vt 0.9279 0.2772 0.0000
vt 0.9279 0.2601 0.0000
vt 0.9051 0.2601 0.0000
vt 0.9051 0.2772 0.0000
vt 0.9431 0.2772 0.0000
vt 0.9431 0.2601 0.0000
vt 0.9279 0.2431 0.0000
vt 0.9279 0.2260 0.0000
vt 0.9051 0.2260 0.0000
vt 0.9051 0.2431 0.0000
vt 0.9431 0.2431 0.0000
vt 0.9431 0.2260 0.0000
vt 0.9279 0.2086 0.0000
vt 0.9279 0.1911 0.0000
vt 0.9051 0.1911 0.0000
vt 0.9051 0.2086 0.0000
vt 0.9431 0.2086 0.0000
vt 0.9431 0.1911 0.0000
vt 0.9591 0.1911 0.0000
vt 0.9591 0.1734 0.0000
vt 0.9431 0.1734 0.0000
vt 0.9591 0.1555 0.0000
vt 0.9431 0.1555 0.0000
vt 0.9761 0.1734 0.0000
vt 0.9761 0.1555 0.0000
vt 0.9761 0.1911 0.0000
vt 0.9279 0.1372 0.0000
vt 0.9279 0.1555 0.0000
vt 0.9431 0.1372 0.0000
vt 0.9051 0.1372 0.0000
vt 0.9051 0.1555 0.0000
vt 0.9591 0.4819 0.0000
vt 0.9591 0.4648 0.0000
vt 0.9761 0.4819 0.0000
vt 0.9761 0.4648 0.0000
vt 0.8815 0.4819 0.0000
vt 0.8815 0.4648 0.0000
vt 0.9591 0.4476 0.0000
vt 0.9591 0.4305 0.0000
vt 0.9761 0.4476 0.0000
vt 0.9761 0.4305 0.0000
vt 0.8815 0.4476 0.0000
vt 0.8815 0.4305 0.0000
vt 0.9591 0.4134 0.0000
vt 0.9591 0.3965 0.0000
vt 0.9761 0.4134 0.0000
vt 0.9761 0.3965 0.0000
vt 0.8815 0.4134 0.0000
vt 0.8815 0.3965 0.0000
vt 0.9591 0.3796 0.0000
vt 0.9591 0.3627 0.0000
vt 0.9761 0.3796 0.0000
vt 0.9761 0.3627 0.0000
vt 0.8815 0.3796 0.0000
vt 0.8815 0.3627 0.0000
vt 0.9591 0.3455 0.0000
vt 0.9591 0.3283 0.0000
vt 0.9761 0.3455 0.0000
vt 0.9761 0.3283 0.0000
vt 0.8815 0.3455 0.0000
vt 0.8815 0.3283 0.0000
vt 0.9591 0.3113 0.0000
vt 0.9591 0.2943 0.0000
vt 0.9761 0.3113 0.0000
vt 0.9761 0.2943 0.0000
vt 0.8815 0.3113 0.0000
vt 0.8815 0.2943 0.0000
vt 0.9591 0.2772 0.0000
vt 0.9591 0.2601 0.0000
vt 0.9761 0.2772 0.0000
vt 0.9761 0.2601 0.0000
vt 0.8815 0.2772 0.0000
vt 0.8815 0.2601 0.0000
vt 0.9591 0.2431 0.0000
vt 0.9591 0.2260 0.0000
vt 0.9761 0.2431 0.0000
vt 0.9761 0.2260 0.0000
vt 0.8815 0.2431 0.0000
vt 0.8815 0.2260 0.0000
vt 0.9591 0.2086 0.0000
vt 0.9761 0.2086 0.0000
vt 0.8815 0.2086 0.0000
vt 0.8815 0.1911 0.0000
vt 0.9051 0.1734 0.0000
vt 0.8815 0.1734 0.0000
vt 0.8815 0.1555 0.0000
vt 0.9591 0.1372 0.0000
vt 0.9761 0.1372 0.0000
vt 0.8815 0.1372 0.0000
vt 0.8764 0.4819 0.0000
vt 0.8764 0.4648 0.0000
vt 0.8764 0.4305 0.0000
vt 0.8764 0.4476 0.0000
vt 0.8764 0.3965 0.0000
vt 0.8764 0.4134 0.0000
vt 0.8764 0.3627 0.0000
vt 0.8764 0.3796 0.0000
vt 0.8764 0.3283 0.0000
vt 0.8764 0.3455 0.0000
vt 0.8764 0.2943 0.0000
vt 0.8764 0.3113 0.0000
vt 0.8764 0.2601 0.0000
vt 0.8764 0.2772 0.0000
vt 0.8764 0.2260 0.0000
vt 0.8764 0.2431 0.0000
vt 0.8764 0.1911 0.0000
vt 0.8764 0.2086 0.0000
vt 0.8764 0.1555 0.0000
vt 0.8764 0.1734 0.0000
vt 0.8764 0.1204 0.0000
vt 0.8764 0.1372 0.0000
vt 0.8764 0.0796 0.0000
vt 0.8764 0.1036 0.0000
vt 0.8764 0.0436 0.0000
vt 0.8764 0.0607 0.0000
vt 0.8764 0.0085 0.0000
vt 0.8764 0.0266 0.0000
vt 0.9279 0.1734 0.0000
vt 0.9757 0.0475 0.0000
vt 0.9674 0.0474 0.0000
vt 0.9572 0.9533 0.0000
vt 0.9664 0.9521 0.0000
vt 0.9255 0.9909 0.0000
vt 0.9280 0.9824 0.0000
vt 0.9336 0.9715 0.0000
vt 0.9393 0.9630 0.0000
vt 0.9479 0.9568 0.0000
vt 0.8681 0.5161 0.0000
vt 0.8681 0.5332 0.0000
vt 0.8681 0.4991 0.0000
vt 0.8681 0.5675 0.0000
vt 0.8681 0.5504 0.0000
vt 0.8681 0.6016 0.0000
vt 0.8681 0.5846 0.0000
vt 0.8681 0.6357 0.0000
vt 0.8681 0.6186 0.0000
vt 0.8681 0.6697 0.0000
vt 0.8681 0.6527 0.0000
vt 0.8681 0.7038 0.0000
vt 0.8681 0.6867 0.0000
vt 0.8681 0.7379 0.0000
vt 0.8681 0.7209 0.0000
vt 0.8681 0.7721 0.0000
vt 0.8681 0.7549 0.0000
vt 0.8681 0.8069 0.0000
vt 0.8681 0.7894 0.0000
vt 0.8681 0.8426 0.0000
vt 0.8681 0.8246 0.0000
vt 0.8681 0.8776 0.0000
vt 0.8681 0.8609 0.0000
vt 0.8680 0.9127 0.0000
vt 0.8681 0.8933 0.0000
vt 0.8678 0.9547 0.0000
vt 0.8678 0.9337 0.0000
vt 0.8678 0.9909 0.0000
vt 0.8678 0.9721 0.0000
vt 0.9891 0.4991 0.0000
vt 0.9891 0.5163 0.0000
vt 0.9891 0.5333 0.0000
vt 0.9891 0.5505 0.0000
vt 0.9891 0.5677 0.0000
vt 0.9891 0.5847 0.0000
vt 0.9891 0.6016 0.0000
vt 0.9891 0.6182 0.0000
vt 0.9891 0.6351 0.0000
vt 0.9891 0.6524 0.0000
vt 0.9891 0.6697 0.0000
vt 0.9891 0.6867 0.0000
vt 0.9891 0.7036 0.0000
vt 0.9891 0.7207 0.0000
vt 0.9891 0.7379 0.0000
vt 0.9891 0.7549 0.0000
vt 0.9891 0.7721 0.0000
vt 0.9891 0.7894 0.0000
vt 0.9891 0.8069 0.0000
vt 0.9891 0.8246 0.0000
vt 0.9891 0.8426 0.0000
vt 0.9935 0.8609 0.0000
vt 0.9961 0.8773 0.0000
vt 0.9987 0.8923 0.0000
vt 0.9761 0.9503 0.0000
vt 0.9589 0.0466 0.0000
vt 0.9279 0.0168 0.0000
vt 0.9253 0.0085 0.0000
vt 0.9407 0.0370 0.0000
vt 0.9335 0.0282 0.0000
vt 0.9495 0.0433 0.0000
vt 0.8681 0.4819 0.0000
vt 0.8681 0.4648 0.0000
vt 0.8681 0.4305 0.0000
vt 0.8681 0.4476 0.0000
vt 0.8681 0.3965 0.0000
vt 0.8681 0.4134 0.0000
vt 0.8681 0.3627 0.0000
vt 0.8681 0.3796 0.0000
vt 0.8681 0.3283 0.0000
vt 0.8681 0.3455 0.0000
vt 0.8681 0.2943 0.0000
vt 0.8681 0.3113 0.0000
vt 0.8681 0.2601 0.0000
vt 0.8681 0.2772 0.0000
vt 0.8681 0.2260 0.0000
vt 0.8681 0.2431 0.0000
vt 0.8681 0.1911 0.0000
vt 0.8681 0.2086 0.0000
vt 0.8681 0.1555 0.0000
vt 0.8681 0.1734 0.0000
vt 0.8681 0.1204 0.0000
vt 0.8681 0.1372 0.0000
vt 0.8681 0.0796 0.0000
vt 0.8681 0.1036 0.0000
vt 0.8681 0.0436 0.0000
vt 0.8681 0.0607 0.0000
vt 0.8681 0.0085 0.0000
vt 0.8681 0.0266 0.0000
vt 0.9891 0.4819 0.0000
vt 0.9891 0.4648 0.0000
vt 0.9891 0.4476 0.0000
vt 0.9891 0.4305 0.0000
vt 0.9891 0.4134 0.0000
vt 0.9891 0.3965 0.0000
vt 0.9891 0.3796 0.0000
vt 0.9891 0.3627 0.0000
vt 0.9891 0.3455 0.0000
vt 0.9891 0.3283 0.0000
vt 0.9891 0.3113 0.0000
vt 0.9891 0.2943 0.0000
vt 0.9891 0.2772 0.0000
vt 0.9891 0.2601 0.0000
vt 0.9891 0.2431 0.0000
vt 0.9891 0.2260 0.0000
vt 0.9891 0.2086 0.0000
vt 0.9891 0.1911 0.0000
vt 0.9891 0.1734 0.0000
vt 0.9891 0.1555 0.0000
vt 0.9935 0.1372 0.0000
vt 0.9961 0.1204 0.0000
vt 0.9987 0.1056 0.0000
vt 0.9750 0.0508 0.0000
vt 0.9721 0.0508 0.0000
vt 0.9735 0.0478 0.0000
vt 0.2327 0.9248 0.0000
vt 0.2211 0.9208 0.0000
vt 0.2169 0.9322 0.0000
vt 0.2291 0.9343 0.0000
vt 0.2452 0.9093 0.0000
vt 0.2361 0.9022 0.0000
vt 0.2275 0.9106 0.0000
vt 0.2382 0.9164 0.0000
vt 0.2625 0.8999 0.0000
vt 0.2576 0.8919 0.0000
vt 0.2464 0.8960 0.0000
vt 0.2534 0.9037 0.0000
vt 0.2822 0.8971 0.0000
vt 0.2812 0.8898 0.0000
vt 0.2694 0.8898 0.0000
vt 0.2722 0.8977 0.0000
vt 0.3017 0.9007 0.0000
vt 0.3030 0.8950 0.0000
vt 0.2924 0.8915 0.0000
vt 0.2921 0.8981 0.0000
vt 0.3192 0.9104 0.0000
vt 0.3224 0.9062 0.0000
vt 0.3131 0.8999 0.0000
vt 0.3108 0.9049 0.0000
vt 0.3318 0.9257 0.0000
vt 0.3362 0.9233 0.0000
vt 0.3303 0.9141 0.0000
vt 0.3263 0.9175 0.0000
vt 0.3365 0.9446 0.0000
vt 0.3414 0.9445 0.0000
vt 0.3401 0.9336 0.0000
vt 0.3353 0.9349 0.0000
vt 0.3318 0.9635 0.0000
vt 0.3362 0.9656 0.0000
vt 0.3402 0.9554 0.0000
vt 0.3354 0.9544 0.0000
vt 0.3300 0.9747 0.0000
vt 0.3263 0.9717 0.0000
vt 0.3191 0.9787 0.0000
vt 0.3222 0.9825 0.0000
vt 0.3130 0.9888 0.0000
vt 0.3108 0.9843 0.0000
vt 0.3017 0.9885 0.0000
vt 0.3030 0.9934 0.0000
vt 0.2927 0.9962 0.0000
vt 0.2921 0.9910 0.0000
vt 0.2823 0.9921 0.0000
vt 0.2819 0.9977 0.0000
vt 0.2705 0.9974 0.0000
vt 0.2723 0.9915 0.0000
vt 0.2625 0.9894 0.0000
vt 0.2590 0.9952 0.0000
vt 0.2479 0.9911 0.0000
vt 0.2533 0.9855 0.0000
vt 0.2450 0.9800 0.0000
vt 0.2376 0.9851 0.0000
vt 0.2286 0.9771 0.0000
vt 0.2377 0.9729 0.0000
vt 0.2323 0.9643 0.0000
vt 0.2217 0.9673 0.0000
vt 0.2172 0.9561 0.0000
vt 0.2289 0.9546 0.0000
vt 0.2278 0.9444 0.0000
vt 0.2156 0.9441 0.0000
vt 0.2500 0.9448 0.0000
vt 0.2508 0.9395 0.0000
vt 0.2427 0.9373 0.0000
vt 0.2417 0.9448 0.0000
vt 0.2455 0.9303 0.0000
vt 0.2444 0.9299 0.0000
vt 0.2415 0.9371 0.0000
vt 0.2529 0.9343 0.0000
vt 0.2561 0.9297 0.0000
vt 0.2498 0.9241 0.0000
vt 0.2553 0.9189 0.0000
vt 0.2544 0.9180 0.0000
vt 0.2488 0.9234 0.0000
vt 0.2604 0.9256 0.0000
vt 0.2656 0.9223 0.0000
vt 0.2617 0.9147 0.0000
vt 0.2688 0.9117 0.0000
vt 0.2683 0.9105 0.0000
vt 0.2610 0.9136 0.0000
vt 0.2713 0.9199 0.0000
vt 0.2775 0.9183 0.0000
vt 0.2764 0.9098 0.0000
vt 0.2841 0.9091 0.0000
vt 0.2841 0.9077 0.0000
vt 0.2761 0.9085 0.0000
vt 0.2839 0.9177 0.0000
vt 0.2903 0.9181 0.0000
vt 0.2919 0.9096 0.0000
vt 0.2996 0.9113 0.0000
vt 0.3000 0.9101 0.0000
vt 0.2922 0.9082 0.0000
vt 0.2965 0.9194 0.0000
vt 0.3024 0.9218 0.0000
vt 0.3068 0.9143 0.0000
vt 0.3133 0.9185 0.0000
vt 0.3142 0.9175 0.0000
vt 0.3075 0.9132 0.0000
vt 0.3077 0.9250 0.0000
vt 0.3121 0.9291 0.0000
vt 0.3189 0.9238 0.0000
vt 0.3233 0.9301 0.0000
vt 0.3245 0.9296 0.0000
vt 0.3200 0.9230 0.0000
vt 0.3155 0.9339 0.0000
vt 0.3177 0.9391 0.0000
vt 0.3261 0.9372 0.0000
vt 0.3271 0.9448 0.0000
vt 0.3283 0.9448 0.0000
vt 0.3273 0.9370 0.0000
vt 0.3184 0.9447 0.0000
vt 0.3177 0.9503 0.0000
vt 0.3262 0.9524 0.0000
vt 0.3234 0.9595 0.0000
vt 0.3246 0.9600 0.0000
vt 0.3274 0.9526 0.0000
vt 0.3156 0.9555 0.0000
vt 0.3122 0.9603 0.0000
vt 0.3190 0.9658 0.0000
vt 0.3134 0.9711 0.0000
vt 0.3143 0.9721 0.0000
vt 0.3201 0.9666 0.0000
vt 0.3077 0.9644 0.0000
vt 0.3023 0.9676 0.0000
vt 0.3068 0.9753 0.0000
vt 0.2995 0.9783 0.0000
vt 0.3000 0.9796 0.0000
vt 0.3075 0.9765 0.0000
vt 0.2964 0.9701 0.0000
vt 0.2901 0.9715 0.0000
vt 0.2919 0.9801 0.0000
vt 0.2840 0.9807 0.0000
vt 0.2840 0.9821 0.0000
vt 0.2921 0.9815 0.0000
vt 0.2836 0.9720 0.0000
vt 0.2772 0.9714 0.0000
vt 0.2761 0.9800 0.0000
vt 0.2685 0.9781 0.0000
vt 0.2680 0.9794 0.0000
vt 0.2759 0.9813 0.0000
vt 0.2709 0.9699 0.0000
vt 0.2651 0.9675 0.0000
vt 0.2613 0.9751 0.0000
vt 0.2549 0.9709 0.0000
vt 0.2540 0.9718 0.0000
vt 0.2606 0.9762 0.0000
vt 0.2600 0.9641 0.0000
vt 0.2558 0.9601 0.0000
vt 0.2494 0.9656 0.0000
vt 0.2483 0.9663 0.0000
vt 0.2451 0.9593 0.0000
vt 0.2440 0.9597 0.0000
vt 0.2526 0.9554 0.0000
vt 0.2507 0.9502 0.0000
vt 0.2425 0.9522 0.0000
vt 0.2414 0.9524 0.0000
vt 0.2405 0.9448 0.0000
vt 0.2200 0.9204 0.0000
vt 0.2159 0.9319 0.0000
vt 0.2145 0.9441 0.0000
vt 0.2354 0.9014 0.0000
vt 0.2266 0.9100 0.0000
vt 0.2572 0.8909 0.0000
vt 0.2458 0.8951 0.0000
vt 0.2812 0.8887 0.0000
vt 0.2692 0.8888 0.0000
vt 0.3034 0.8940 0.0000
vt 0.2926 0.8904 0.0000
vt 0.3231 0.9055 0.0000
vt 0.3136 0.8991 0.0000
vt 0.3372 0.9229 0.0000
vt 0.3311 0.9135 0.0000
vt 0.3423 0.9445 0.0000
vt 0.3411 0.9334 0.0000
vt 0.3371 0.9660 0.0000
vt 0.3412 0.9556 0.0000
vt 0.3229 0.9832 0.0000
vt 0.3309 0.9753 0.0000
vt 0.3034 0.9943 0.0000
vt 0.3135 0.9896 0.0000
vt 0.2819 0.9988 0.0000
vt 0.2928 0.9973 0.0000
vt 0.2586 0.9962 0.0000
vt 0.2703 0.9984 0.0000
vt 0.2368 0.9859 0.0000
vt 0.2473 0.9921 0.0000
vt 0.2207 0.9677 0.0000
vt 0.2277 0.9777 0.0000
vt 0.2162 0.9563 0.0000
# 2029 texture coords

o Object007
g Object007
usemtl Material__2
s 1
f 1/1/1 2/2/2 3/3/3 
f 3/3/3 4/4/4 1/1/1 
f 5/5/5 6/6/6 7/7/7 
f 7/7/7 8/8/8 5/5/5 
f 9/9/9 10/10/10 11/11/11 
f 11/11/11 12/12/12 9/9/9 
f 13/13/13 14/14/14 15/15/15 
f 15/15/15 16/16/16 13/13/13 
f 15/15/15 14/14/14 17/17/17 
f 17/17/17 18/18/18 15/15/15 
f 19/19/19 20/20/20 18/18/18 
f 18/18/18 17/17/17 19/19/19 
f 20/20/20 21/21/21 22/22/22 
f 22/22/22 23/23/23 20/20/20 
f 21/21/21 24/24/24 25/25/25 
f 25/25/25 26/26/26 21/21/21 
f 27/27/27 28/28/28 29/29/29 
f 29/29/29 30/30/30 27/27/27 
f 31/31/31 32/32/32 33/33/33 
f 33/33/33 34/34/34 31/31/31 
f 35/35/35 36/36/36 28/28/28 
f 28/28/28 37/37/37 35/35/35 
f 29/29/29 38/38/38 39/39/39 
f 39/39/39 40/40/40 29/29/29 
f 41/41/41 31/31/31 40/40/40 
f 40/40/40 39/39/39 41/41/41 
f 42/42/42 43/43/43 12/12/12 
f 12/12/12 44/44/44 42/42/42 
f 45/45/45 46/46/46 47/47/47 
f 47/47/47 43/43/43 45/45/45 
f 48/48/48 49/49/49 50/50/50 
f 50/50/50 51/51/51 48/48/48 
f 49/49/49 36/36/36 35/35/35 
f 35/35/35 50/50/50 49/49/49 
f 52/52/52 53/53/53 54/54/54 
f 54/54/54 55/55/55 52/52/52 
f 53/53/53 39/39/39 38/38/38 
f 38/38/38 54/54/54 53/53/53 
f 8/8/8 56/56/56 5/5/5 
f 57/57/57 58/58/58 7/7/7 
f 7/7/7 6/6/6 57/57/57 
f 11/11/11 10/10/10 59/59/59 
f 59/59/59 60/60/60 11/11/11 
f 16/16/16 15/15/15 61/61/61 
f 61/61/61 62/62/62 16/16/16 
f 15/15/15 18/18/18 63/63/63 
f 63/63/63 61/61/61 15/15/15 
f 18/18/18 20/20/20 23/23/23 
f 23/23/23 63/63/63 18/18/18 
f 24/24/24 21/21/21 20/20/20 
f 20/20/20 19/19/19 24/24/24 
f 21/21/21 26/26/26 64/64/64 
f 64/64/64 22/22/22 21/21/21 
f 41/41/41 39/39/39 53/53/53 
f 53/53/53 65/65/65 41/41/41 
f 65/65/65 53/53/53 52/52/52 
f 52/52/52 66/66/66 65/65/65 
f 31/31/31 41/41/41 67/67/67 
f 67/67/67 32/32/32 31/31/31 
f 41/41/41 65/65/65 68/68/68 
f 68/68/68 67/67/67 41/41/41 
f 65/65/65 66/66/66 69/69/69 
f 69/69/69 68/68/68 65/65/65 
f 70/70/70 71/71/71 72/72/72 
f 72/72/72 73/73/73 70/70/70 
f 55/55/55 54/54/54 49/49/49 
f 49/49/49 48/48/48 55/55/55 
f 54/54/54 38/38/38 36/36/36 
f 36/36/36 49/49/49 54/54/54 
f 38/38/38 29/29/29 28/28/28 
f 28/28/28 36/36/36 38/38/38 
f 17/17/17 35/35/35 37/37/37 
f 37/37/37 19/19/19 17/17/17 
f 43/43/43 47/47/47 9/9/9 
f 9/9/9 12/12/12 43/43/43 
f 51/51/51 50/50/50 14/14/14 
f 14/14/14 13/13/13 51/51/51 
f 50/50/50 35/35/35 17/17/17 
f 17/17/17 14/14/14 50/50/50 
f 25/25/25 24/24/24 74/74/74 
f 74/74/74 75/75/75 25/25/25 
f 76/76/76 77/77/77 34/34/34 
f 34/34/34 78/78/78 76/76/76 
f 79/79/79 78/78/78 34/34/34 
f 34/34/34 33/33/33 79/79/79 
f 31/31/31 34/34/34 77/77/77 
f 77/77/77 40/40/40 31/31/31 
f 80/80/80 27/27/27 30/30/30 
f 30/30/30 81/81/81 80/80/80 
f 80/80/80 75/75/75 74/74/74 
f 74/74/74 27/27/27 80/80/80 
f 76/76/76 81/81/81 30/30/30 
f 30/30/30 77/77/77 76/76/76 
f 30/30/30 29/29/29 40/40/40 
f 40/40/40 77/77/77 30/30/30 
f 37/37/37 74/74/74 24/24/24 
f 24/24/24 19/19/19 37/37/37 
f 28/28/28 27/27/27 74/74/74 
f 74/74/74 37/37/37 28/28/28 
f 82/82/82 83/83/83 84/84/84 
f 84/84/84 85/85/85 82/82/82 
f 86/86/86 87/87/87 88/88/88 
f 86/86/86 89/89/89 90/90/90 
f 90/91/90 89/92/89 91/93/91 
f 91/93/91 92/94/92 90/91/90 
f 80/80/80 81/81/81 93/95/93 
f 93/95/93 94/96/94 80/80/80 
f 88/97/88 87/98/87 94/99/94 
f 94/99/94 93/100/93 88/97/88 
f 85/101/85 84/102/84 64/64/64 
f 64/64/64 26/26/26 85/101/85 
f 95/103/95 82/82/82 85/85/85 
f 85/85/85 96/104/96 95/103/95 
f 26/26/26 25/25/25 96/105/96 
f 96/105/96 85/101/85 26/26/26 
f 91/93/91 89/92/89 88/97/88 
f 88/97/88 93/100/93 91/93/91 
f 94/99/94 87/98/87 95/103/95 
f 95/103/95 96/104/96 94/99/94 
f 82/106/82 86/86/86 97/107/97 
f 97/107/97 83/108/83 82/106/82 
f 86/86/86 82/106/82 95/109/95 
f 89/89/89 86/86/86 88/88/88 
f 87/87/87 86/86/86 95/109/95 
f 80/80/80 94/96/94 75/75/75 
f 76/76/76 78/78/78 91/110/91 
f 78/78/78 79/79/79 92/111/92 
f 92/111/92 91/110/91 78/78/78 
f 10/10/10 16/16/16 62/62/62 
f 62/62/62 59/59/59 10/10/10 
f 16/16/16 10/10/10 9/9/9 
f 9/9/9 13/13/13 16/16/16 
f 13/13/13 9/9/9 47/47/47 
f 47/47/47 51/51/51 13/13/13 
f 51/51/51 47/47/47 46/46/46 
f 46/46/46 48/48/48 51/51/51 
f 48/48/48 46/46/46 98/112/98 
f 98/112/98 55/55/55 48/48/48 
f 55/55/55 98/112/98 99/113/99 
f 99/113/99 52/52/52 55/55/55 
f 52/52/52 99/113/99 100/114/100 
f 100/114/100 66/66/66 52/52/52 
f 66/66/66 100/114/100 101/115/101 
f 101/115/101 69/69/69 66/66/66 
f 45/45/45 102/116/102 98/112/98 
f 98/112/98 46/46/46 45/45/45 
f 98/112/98 102/116/102 103/117/103 
f 103/117/103 99/113/99 98/112/98 
f 99/113/99 103/117/103 104/118/104 
f 104/118/104 100/114/100 99/113/99 
f 100/114/100 104/118/104 105/119/105 
f 105/119/105 101/115/101 100/114/100 
f 106/120/106 11/11/11 60/60/60 
f 60/60/60 107/121/107 106/120/106 
f 11/11/11 106/120/106 44/44/44 
f 44/44/44 12/12/12 11/11/11 
f 43/43/43 42/42/42 108/122/108 
f 108/122/108 45/45/45 43/43/43 
f 108/122/108 109/123/109 102/116/102 
f 102/116/102 45/45/45 108/122/108 
f 102/116/102 109/123/109 110/124/110 
f 110/124/110 103/117/103 102/116/102 
f 110/124/110 111/125/111 104/118/104 
f 104/118/104 103/117/103 110/124/110 
f 104/118/104 111/125/111 112/126/112 
f 112/126/112 105/119/105 104/118/104 
f 6/6/6 106/120/106 107/121/107 
f 107/121/107 57/57/57 6/6/6 
f 106/120/106 6/6/6 5/5/5 
f 5/5/5 44/44/44 106/120/106 
f 44/44/44 5/5/5 4/4/4 
f 4/4/4 42/42/42 44/44/44 
f 42/42/42 4/4/4 3/3/3 
f 3/3/3 108/122/108 42/42/42 
f 108/122/108 3/3/3 113/127/113 
f 113/127/113 109/123/109 108/122/108 
f 109/123/109 113/127/113 114/128/114 
f 114/128/114 110/124/110 109/123/109 
f 110/124/110 114/128/114 71/71/71 
f 71/71/71 111/125/111 110/124/110 
f 111/125/111 71/71/71 70/70/70 
f 70/70/70 112/126/112 111/125/111 
f 115/129/115 116/130/116 117/131/117 
f 118/132/118 119/133/119 120/134/120 
f 120/134/120 121/135/121 118/132/118 
f 122/136/122 123/137/123 124/138/124 
f 124/138/124 125/139/125 122/136/122 
f 124/138/124 126/140/126 127/141/127 
f 127/141/127 125/139/125 124/138/124 
f 128/142/128 127/141/127 126/140/126 
f 126/140/126 129/143/129 128/142/128 
f 130/144/130 129/143/129 131/145/131 
f 131/145/131 132/146/132 130/144/130 
f 130/144/130 133/147/133 134/148/134 
f 134/148/134 135/149/135 130/144/130 
f 136/150/136 137/151/137 138/152/138 
f 138/152/138 139/153/139 136/150/136 
f 140/154/140 141/155/141 33/33/33 
f 33/33/33 32/32/32 140/154/140 
f 142/156/142 143/157/143 139/153/139 
f 139/153/139 144/158/144 142/156/142 
f 138/152/138 145/159/145 146/160/146 
f 146/160/146 147/161/147 138/152/138 
f 148/162/148 146/160/146 145/159/145 
f 145/159/145 140/154/140 148/162/148 
f 149/163/149 150/164/150 151/165/151 
f 151/165/151 152/166/152 149/163/149 
f 153/167/153 154/168/154 155/169/155 
f 155/169/155 156/170/156 153/167/153 
f 157/171/157 158/172/158 159/173/159 
f 159/173/159 160/174/160 157/171/157 
f 160/174/160 159/173/159 142/156/142 
f 142/156/142 144/158/144 160/174/160 
f 161/175/161 162/176/162 163/177/163 
f 163/177/163 164/178/164 161/175/161 
f 164/178/164 163/177/163 147/161/147 
f 147/161/147 146/160/146 164/178/164 
f 119/133/119 165/179/165 166/180/166 
f 166/180/166 120/134/120 119/133/119 
f 121/135/121 167/181/167 168/182/168 
f 168/182/168 118/132/118 121/135/121 
f 124/138/124 123/137/123 169/183/169 
f 169/183/169 170/184/170 124/138/124 
f 126/140/126 124/138/124 170/184/170 
f 170/184/170 171/185/171 126/140/126 
f 129/143/129 126/140/126 171/185/171 
f 171/185/171 131/145/131 129/143/129 
f 135/149/135 128/142/128 129/143/129 
f 129/143/129 130/144/130 135/149/135 
f 133/147/133 130/144/130 132/146/132 
f 132/146/132 172/186/172 133/147/133 
f 173/187/173 174/188/174 175/189/175 
f 148/162/148 176/190/176 164/178/164 
f 164/178/164 146/160/146 148/162/148 
f 176/190/176 177/191/177 161/175/161 
f 161/175/161 164/178/164 176/190/176 
f 178/192/178 173/187/173 175/189/175 
f 175/189/175 179/193/179 178/192/178 
f 140/154/140 32/32/32 67/67/67 
f 67/67/67 148/162/148 140/154/140 
f 148/162/148 67/67/67 68/68/68 
f 68/68/68 176/190/176 148/162/148 
f 176/190/176 68/68/68 69/69/69 
f 69/69/69 177/191/177 176/190/176 
f 179/193/179 70/70/70 73/73/73 
f 73/73/73 178/192/178 179/193/179 
f 162/176/162 157/171/157 160/174/160 
f 160/174/160 163/177/163 162/176/162 
f 163/177/163 160/174/160 144/158/144 
f 144/158/144 147/161/147 163/177/163 
f 147/161/147 144/158/144 139/153/139 
f 139/153/139 138/152/138 147/161/147 
f 127/141/127 128/142/128 143/157/143 
f 143/157/143 142/156/142 127/141/127 
f 158/172/158 122/136/122 125/139/125 
f 125/139/125 159/173/159 158/172/158 
f 159/173/159 125/139/125 127/141/127 
f 127/141/127 142/156/142 159/173/159 
f 134/148/134 180/194/180 181/195/181 
f 181/195/181 135/149/135 134/148/134 
f 182/196/182 183/197/183 141/155/141 
f 141/155/141 184/198/184 182/196/182 
f 79/79/79 33/33/33 141/155/141 
f 141/155/141 183/197/183 79/79/79 
f 140/154/140 145/159/145 184/198/184 
f 184/198/184 141/155/141 140/154/140 
f 185/199/185 186/200/186 137/151/137 
f 137/151/137 136/150/136 185/199/185 
f 185/199/185 136/150/136 181/195/181 
f 181/195/181 180/194/180 185/199/185 
f 182/196/182 184/198/184 137/151/137 
f 137/151/137 186/200/186 182/196/182 
f 137/151/137 184/198/184 145/159/145 
f 145/159/145 138/152/138 137/151/137 
f 143/157/143 128/142/128 135/149/135 
f 135/149/135 181/195/181 143/157/143 
f 139/153/139 143/157/143 181/195/181 
f 181/195/181 136/150/136 139/153/139 
f 187/201/187 188/202/188 189/203/189 
f 189/203/189 190/204/190 187/201/187 
f 86/86/86 191/205/191 192/206/192 
f 86/86/86 90/90/90 193/207/193 
f 193/208/193 90/91/90 92/94/92 
f 92/94/92 194/209/194 193/208/193 
f 186/200/186 185/199/185 195/210/195 
f 195/210/195 196/211/196 186/200/186 
f 192/212/192 191/213/191 196/214/196 
f 196/214/196 195/215/195 192/212/192 
f 189/216/189 133/147/133 172/186/172 
f 172/186/172 190/217/190 189/216/189 
f 188/202/188 197/218/197 198/219/198 
f 198/219/198 189/203/189 188/202/188 
f 134/148/134 133/147/133 189/216/189 
f 189/216/189 198/220/198 134/148/134 
f 196/214/196 191/213/191 193/208/193 
f 193/208/193 194/209/194 196/214/196 
f 198/219/198 197/218/197 192/212/192 
f 192/212/192 195/215/195 198/219/198 
f 86/86/86 188/221/188 187/222/187 
f 187/222/187 97/107/97 86/86/86 
f 86/86/86 197/223/197 188/221/188 
f 191/205/191 86/86/86 193/207/193 
f 197/223/197 86/86/86 192/206/192 
f 134/148/134 198/220/198 180/194/180 
f 182/196/182 186/200/186 196/211/196 
f 79/79/79 183/197/183 194/224/194 
f 194/224/194 92/111/92 79/79/79 
f 169/183/169 123/137/123 199/225/199 
f 199/225/199 200/226/200 169/183/169 
f 123/137/123 122/136/122 201/227/201 
f 153/167/153 202/228/202 122/136/122 
f 122/136/122 158/172/158 153/167/153 
f 158/172/158 157/171/157 154/168/154 
f 154/168/154 153/167/153 158/172/158 
f 157/171/157 162/176/162 203/229/203 
f 203/229/203 154/168/154 157/171/157 
f 162/176/162 161/175/161 204/230/204 
f 204/230/204 203/229/203 162/176/162 
f 161/175/161 177/191/177 205/231/205 
f 205/231/205 204/230/204 161/175/161 
f 177/191/177 69/69/69 101/115/101 
f 101/115/101 205/231/205 177/191/177 
f 155/169/155 154/168/154 203/229/203 
f 203/229/203 206/232/206 155/169/155 
f 203/229/203 204/230/204 207/233/207 
f 207/233/207 206/232/206 203/229/203 
f 204/230/204 205/231/205 208/234/208 
f 208/234/208 207/233/207 204/230/204 
f 205/231/205 101/115/101 105/119/105 
f 105/119/105 208/234/208 205/231/205 
f 209/235/209 155/169/155 210/236/210 
f 210/236/210 150/164/150 209/235/209 
f 210/236/210 155/169/155 206/232/206 
f 206/232/206 211/237/211 210/236/210 
f 206/232/206 207/233/207 212/238/212 
f 212/238/212 211/237/211 206/232/206 
f 212/238/212 207/233/207 208/234/208 
f 208/234/208 213/239/213 212/238/212 
f 208/234/208 105/119/105 112/126/112 
f 112/126/112 213/239/213 208/234/208 
f 214/240/214 118/132/118 168/182/168 
f 168/182/168 215/241/215 214/240/214 
f 214/240/214 151/165/151 119/133/119 
f 119/133/119 118/132/118 214/240/214 
f 151/165/151 150/164/150 165/179/165 
f 165/179/165 119/133/119 151/165/151 
f 150/164/150 210/236/210 216/242/216 
f 216/242/216 165/179/165 150/164/150 
f 210/236/210 211/237/211 117/131/117 
f 117/131/117 216/242/216 210/236/210 
f 211/237/211 212/238/212 175/189/175 
f 175/189/175 117/131/117 211/237/211 
f 212/238/212 213/239/213 179/193/179 
f 179/193/179 175/189/175 212/238/212 
f 213/239/213 112/126/112 70/70/70 
f 70/70/70 179/193/179 213/239/213 
f 75/75/75 96/105/96 25/25/25 
f 75/75/75 94/96/94 96/105/96 
f 180/194/180 195/210/195 185/199/185 
f 180/194/180 198/220/198 195/210/195 
f 76/76/76 93/95/93 81/81/81 
f 76/76/76 91/110/91 93/95/93 
f 182/196/182 194/224/194 183/197/183 
f 182/196/182 196/211/196 194/224/194 
f 217/243/217 152/166/152 151/165/151 
f 151/165/151 214/240/214 217/243/217 
f 218/244/218 217/243/217 214/240/214 
f 214/240/214 215/241/215 218/244/218 
f 149/163/149 219/245/219 209/235/209 
f 209/235/209 150/164/150 149/163/149 
f 156/170/156 209/235/209 219/245/219 
f 220/246/220 153/167/153 156/170/156 
f 202/228/202 153/167/153 220/246/220 
f 123/137/123 201/227/201 199/225/199 
f 155/169/155 209/235/209 156/170/156 
f 122/136/122 202/228/202 201/227/201 
f 221/247/221 222/248/222 200/249/200 
f 200/249/200 199/250/199 221/247/221 
f 223/251/223 221/247/221 199/250/199 
f 199/250/199 201/252/201 223/251/223 
f 224/253/224 223/251/223 201/252/201 
f 201/252/201 202/254/202 224/253/224 
f 225/255/225 224/253/224 202/254/202 
f 202/254/202 220/256/220 225/255/225 
f 226/257/226 225/255/225 220/256/220 
f 220/256/220 156/258/156 226/257/226 
f 227/259/227 226/257/226 156/258/156 
f 156/258/156 219/260/219 227/259/227 
f 228/261/228 227/259/227 219/260/219 
f 219/260/219 149/262/149 228/261/228 
f 229/263/229 228/261/228 149/262/149 
f 149/262/149 152/264/152 229/263/229 
f 230/265/230 229/263/229 152/264/152 
f 152/264/152 217/266/217 230/265/230 
f 231/267/231 230/265/230 217/266/217 
f 217/266/217 218/268/218 231/267/231 
f 232/269/232 233/270/233 234/271/234 
f 234/271/234 235/272/235 232/269/232 
f 236/273/236 237/274/237 232/269/232 
f 232/269/232 238/275/238 236/273/236 
f 239/276/239 240/277/240 241/278/241 
f 241/278/241 242/279/242 239/276/239 
f 242/279/242 241/278/241 243/280/243 
f 243/280/243 244/281/244 242/279/242 
f 244/281/244 243/280/243 245/282/245 
f 245/282/245 246/283/246 244/281/244 
f 246/283/246 245/282/245 247/284/247 
f 247/284/247 248/285/248 246/283/246 
f 238/275/238 232/269/232 235/272/235 
f 235/272/235 249/286/249 238/275/238 
f 249/286/249 235/272/235 239/276/239 
f 239/276/239 250/287/250 249/286/249 
f 250/287/250 239/276/239 242/279/242 
f 242/279/242 251/288/251 250/287/250 
f 251/288/251 242/279/242 244/281/244 
f 244/281/244 252/289/252 251/288/251 
f 252/289/252 244/281/244 246/283/246 
f 246/283/246 253/290/253 252/289/252 
f 253/290/253 246/283/246 248/285/248 
f 248/285/248 254/291/254 253/290/253 
f 255/292/255 256/293/256 257/294/257 
f 257/294/257 258/295/258 255/292/255 
f 259/296/259 260/297/260 261/298/261 
f 261/298/261 262/299/262 259/296/259 
f 260/297/260 263/300/263 264/301/264 
f 264/301/264 261/298/261 260/297/260 
f 265/302/265 266/303/266 259/296/259 
f 259/296/259 262/299/262 265/302/265 
f 267/304/267 268/305/268 269/306/269 
f 269/306/269 270/307/270 267/304/267 
f 263/300/263 271/308/271 258/295/258 
f 258/295/258 264/301/264 263/300/263 
f 272/309/272 273/310/273 274/311/274 
f 274/311/274 275/312/275 272/309/272 
f 276/313/276 277/314/277 278/315/278 
f 278/315/278 279/316/279 276/313/276 
f 280/317/280 281/318/281 276/313/276 
f 276/313/276 279/316/279 280/317/280 
f 277/314/277 272/309/272 275/312/275 
f 275/312/275 278/315/278 277/314/277 
f 282/319/282 283/320/283 284/321/284 
f 284/321/284 285/322/285 282/319/282 
f 286/323/286 287/324/287 283/320/283 
f 283/320/283 282/319/282 286/323/286 
f 288/325/288 289/326/289 287/324/287 
f 287/324/287 286/323/286 288/325/288 
f 290/327/290 291/328/291 289/326/289 
f 289/326/289 288/325/288 290/327/290 
f 292/329/292 293/330/293 291/328/291 
f 291/328/291 290/327/290 292/329/292 
f 273/310/273 272/309/272 293/330/293 
f 293/330/293 292/329/292 273/310/273 
f 294/331/294 295/332/295 296/333/296 
f 296/333/296 215/334/215 294/331/294 
f 297/335/297 298/336/298 299/337/299 
f 300/338/300 301/339/301 302/340/302 
f 302/340/302 303/341/303 300/338/300 
f 304/342/304 305/343/305 306/344/306 
f 306/344/306 307/345/307 304/342/304 
f 308/346/308 307/345/307 309/347/309 
f 309/347/309 310/348/310 308/346/308 
f 307/345/307 306/344/306 311/349/311 
f 311/349/311 309/347/309 307/345/307 
f 309/347/309 311/349/311 277/314/277 
f 277/314/277 276/313/276 309/347/309 
f 311/349/311 293/330/293 272/309/272 
f 272/309/272 277/314/277 311/349/311 
f 306/344/306 291/328/291 293/330/293 
f 293/330/293 311/349/311 306/344/306 
f 305/343/305 289/326/289 291/328/291 
f 291/328/291 306/344/306 305/343/305 
f 298/336/298 287/324/287 289/326/289 
f 289/326/289 305/343/305 298/336/298 
f 312/350/312 283/320/283 287/324/287 
f 287/324/287 298/336/298 312/350/312 
f 294/331/294 284/321/284 283/320/283 
f 283/320/283 312/350/312 294/331/294 
f 294/331/294 215/334/215 168/351/168 
f 168/351/168 284/321/284 294/331/294 
f 313/352/313 187/353/187 190/354/190 
f 190/354/190 314/355/314 313/352/313 
f 315/356/315 316/357/316 317/358/317 
f 317/358/317 318/359/318 315/356/315 
f 315/356/315 318/359/318 319/360/319 
f 319/360/319 320/361/320 315/356/315 
f 319/360/319 131/362/131 171/363/171 
f 171/363/171 321/364/321 319/360/319 
f 321/364/321 322/365/322 323/366/323 
f 323/366/323 324/367/324 321/364/321 
f 323/366/323 322/365/322 325/368/325 
f 325/368/325 326/369/326 323/366/323 
f 327/370/327 326/369/326 325/368/325 
f 325/368/325 328/371/328 327/370/327 
f 329/372/329 330/373/330 331/374/331 
f 332/375/332 333/376/333 334/377/334 
f 334/377/334 316/357/316 332/375/332 
f 329/372/329 335/378/335 336/379/336 
f 335/380/335 337/381/337 338/382/338 
f 338/382/338 336/383/336 335/380/335 
f 310/348/310 281/318/281 339/384/339 
f 339/384/339 340/385/340 310/348/310 
f 340/385/340 339/384/339 341/386/341 
f 341/386/341 342/387/342 340/385/340 
f 342/387/342 341/386/341 343/388/343 
f 343/388/343 344/389/344 342/387/342 
f 345/390/345 346/391/346 347/392/347 
f 347/392/347 348/393/348 345/390/345 
f 349/394/349 350/395/350 351/396/351 
f 332/375/332 352/397/352 333/376/333 
f 351/398/351 331/399/331 330/400/330 
f 330/400/330 333/401/333 351/398/351 
f 349/394/349 352/397/352 353/402/353 
f 353/402/353 354/403/354 349/394/349 
f 348/393/348 354/403/354 355/404/355 
f 355/404/355 345/390/345 348/393/348 
f 356/405/356 357/406/357 358/407/358 
f 358/407/358 359/408/359 356/405/356 
f 360/409/360 344/389/344 345/390/345 
f 345/390/345 355/404/355 360/409/360 
f 357/406/357 356/405/356 361/410/361 
f 361/410/361 362/411/362 357/406/357 
f 362/411/362 361/410/361 363/412/363 
f 363/412/363 364/413/364 362/411/362 
f 364/413/364 363/412/363 301/339/301 
f 301/339/301 300/338/300 364/413/364 
f 344/389/344 360/409/360 365/414/365 
f 365/414/365 342/387/342 344/389/344 
f 342/387/342 365/414/365 366/415/366 
f 366/415/366 340/385/340 342/387/342 
f 310/348/310 340/385/340 366/415/366 
f 366/415/366 308/346/308 310/348/310 
f 267/304/267 266/303/266 265/302/265 
f 265/302/265 268/305/268 267/304/267 
f 240/277/240 239/276/239 235/272/235 
f 235/272/235 234/271/234 240/277/240 
f 233/270/233 232/269/232 237/274/237 
f 237/274/237 367/416/367 233/270/233 
f 249/286/249 264/301/264 258/295/258 
f 258/295/258 238/275/238 249/286/249 
f 258/295/258 257/294/257 236/273/236 
f 236/273/236 238/275/238 258/295/258 
f 256/293/256 255/292/255 368/417/368 
f 368/417/368 369/418/369 256/293/256 
f 370/419/370 346/391/346 343/388/343 
f 343/388/343 371/420/371 370/419/370 
f 284/321/284 168/351/168 167/421/167 
f 167/421/167 285/322/285 284/321/284 
f 321/364/321 171/363/171 170/422/170 
f 170/422/170 322/365/322 321/364/321 
f 322/365/322 170/422/170 169/423/169 
f 169/423/169 325/368/325 322/365/322 
f 356/405/356 324/367/324 323/366/323 
f 323/366/323 361/410/361 356/405/356 
f 361/410/361 323/366/323 326/369/326 
f 326/369/326 363/412/363 361/410/361 
f 327/370/327 372/424/372 301/339/301 
f 301/339/301 363/412/363 326/369/326 
f 327/370/327 301/339/301 326/369/326 
f 301/339/301 372/424/372 302/340/302 
f 360/409/360 357/406/357 362/411/362 
f 362/411/362 365/414/365 360/409/360 
f 362/411/362 364/413/364 366/415/366 
f 366/415/366 365/414/365 362/411/362 
f 364/413/364 300/338/300 308/346/308 
f 308/346/308 366/415/366 364/413/364 
f 300/338/300 304/342/304 307/345/307 
f 307/345/307 308/346/308 300/338/300 
f 281/318/281 280/317/280 373/425/373 
f 373/425/373 339/384/339 281/318/281 
f 339/384/339 373/425/373 374/426/374 
f 374/426/374 341/386/341 339/384/339 
f 341/386/341 374/426/374 371/420/371 
f 371/420/371 343/388/343 341/386/341 
f 310/348/310 309/347/309 276/313/276 
f 276/313/276 281/318/281 310/348/310 
f 314/427/314 190/428/190 172/429/172 
f 172/429/172 317/358/317 314/427/314 
f 375/430/375 313/352/313 314/355/314 
f 314/355/314 334/431/334 375/430/375 
f 317/358/317 172/429/172 132/432/132 
f 132/432/132 318/359/318 317/358/317 
f 318/359/318 132/432/132 131/362/131 
f 131/362/131 319/360/319 318/359/318 
f 316/357/316 334/377/334 314/427/314 
f 314/427/314 317/358/317 316/357/316 
f 324/367/324 320/361/320 319/360/319 
f 319/360/319 321/364/321 324/367/324 
f 359/408/359 320/361/320 324/367/324 
f 324/367/324 356/405/356 359/408/359 
f 346/391/346 370/419/370 376/433/376 
f 376/433/376 347/392/347 346/391/346 
f 376/433/376 377/434/377 378/435/378 
f 378/435/378 347/392/347 376/433/376 
f 346/391/346 345/390/345 344/389/344 
f 344/389/344 343/388/343 346/391/346 
f 337/436/337 378/435/378 377/434/377 
f 377/434/377 338/437/338 337/436/337 
f 348/393/348 350/395/350 349/394/349 
f 349/394/349 354/403/354 348/393/348 
f 331/399/331 351/398/351 337/381/337 
f 337/381/337 335/380/335 331/399/331 
f 330/400/330 375/430/375 334/431/334 
f 334/431/334 333/401/333 330/400/330 
f 329/372/329 97/107/97 187/222/187 
f 187/222/187 313/438/313 329/372/329 
f 329/372/329 313/438/313 375/439/375 
f 331/374/331 335/378/335 329/372/329 
f 375/439/375 330/373/330 329/372/329 
f 332/375/332 316/357/316 315/356/315 
f 315/356/315 379/440/379 332/375/332 
f 359/408/359 379/440/379 315/356/315 
f 315/356/315 320/361/320 359/408/359 
f 354/403/354 353/402/353 358/407/358 
f 358/407/358 355/404/355 354/403/354 
f 355/404/355 358/407/358 357/406/357 
f 357/406/357 360/409/360 355/404/355 
f 352/397/352 332/375/332 379/440/379 
f 379/440/379 353/402/353 352/397/352 
f 353/402/353 379/440/379 359/408/359 
f 359/408/359 358/407/358 353/402/353 
f 348/393/348 347/392/347 378/435/378 
f 378/435/378 350/395/350 348/393/348 
f 259/296/259 290/327/290 288/325/288 
f 288/325/288 260/297/260 259/296/259 
f 266/303/266 292/329/292 290/327/290 
f 290/327/290 259/296/259 266/303/266 
f 267/304/267 273/310/273 292/329/292 
f 292/329/292 266/303/266 267/304/267 
f 270/307/270 274/311/274 273/310/273 
f 273/310/273 267/304/267 270/307/270 
f 271/308/271 282/319/282 285/322/285 
f 285/322/285 380/441/380 271/308/271 
f 263/300/263 286/323/286 282/319/282 
f 282/319/282 271/308/271 263/300/263 
f 260/297/260 288/325/288 286/323/286 
f 286/323/286 263/300/263 260/297/260 
f 381/442/381 380/441/380 285/322/285 
f 285/322/285 167/421/167 381/442/381 
f 261/298/261 264/301/264 249/286/249 
f 249/286/249 250/287/250 261/298/261 
f 251/288/251 262/299/262 261/298/261 
f 261/298/261 250/287/250 251/288/251 
f 252/289/252 265/302/265 262/299/262 
f 262/299/262 251/288/251 252/289/252 
f 253/290/253 268/305/268 265/302/265 
f 265/302/265 252/289/252 253/290/253 
f 254/291/254 269/306/269 268/305/268 
f 268/305/268 253/290/253 254/291/254 
f 258/295/258 271/308/271 380/441/380 
f 380/441/380 255/292/255 258/295/258 
f 382/443/382 383/444/383 384/445/384 
f 384/445/384 385/446/385 382/443/382 
f 385/446/385 386/447/386 387/448/387 
f 387/448/387 388/449/388 385/446/385 
f 389/450/389 390/451/390 391/452/391 
f 391/452/391 392/453/392 389/450/389 
f 393/454/393 394/455/394 390/451/390 
f 390/451/390 389/450/389 393/454/393 
f 395/456/395 396/457/396 394/455/394 
f 394/455/394 393/454/393 395/456/395 
f 248/285/248 247/284/247 396/457/396 
f 396/457/396 395/456/395 248/285/248 
f 397/458/397 382/443/382 385/446/385 
f 385/446/385 388/449/388 397/458/397 
f 398/459/398 392/453/392 382/443/382 
f 382/443/382 397/458/397 398/459/398 
f 399/460/399 389/450/389 392/453/392 
f 392/453/392 398/459/398 399/460/399 
f 400/461/400 393/454/393 389/450/389 
f 389/450/389 399/460/399 400/461/400 
f 401/462/401 395/456/395 393/454/393 
f 393/454/393 400/461/400 401/462/401 
f 254/291/254 248/285/248 395/456/395 
f 395/456/395 401/462/401 254/291/254 
f 402/463/402 403/464/403 404/465/404 
f 404/465/404 405/466/405 402/463/402 
f 406/467/406 407/468/407 408/469/408 
f 408/469/408 409/470/409 406/467/406 
f 409/470/409 408/469/408 410/471/410 
f 410/471/410 411/472/411 409/470/409 
f 412/473/412 407/468/407 406/467/406 
f 406/467/406 413/474/413 412/473/412 
f 414/475/414 270/307/270 269/306/269 
f 269/306/269 415/476/415 414/475/414 
f 411/472/411 410/471/410 402/463/402 
f 402/463/402 416/477/416 411/472/411 
f 417/478/417 275/312/275 274/311/274 
f 274/311/274 418/479/418 417/478/417 
f 419/480/419 279/316/279 278/315/278 
f 278/315/278 420/481/420 419/480/419 
f 280/317/280 279/316/279 419/480/419 
f 419/480/419 421/482/421 280/317/280 
f 420/481/420 278/315/278 275/312/275 
f 275/312/275 417/478/417 420/481/420 
f 422/483/422 423/484/423 424/485/424 
f 424/485/424 425/486/425 422/483/422 
f 426/487/426 422/483/422 425/486/425 
f 425/486/425 427/488/427 426/487/426 
f 428/489/428 426/487/426 427/488/427 
f 427/488/427 429/490/429 428/489/428 
f 430/491/430 428/489/428 429/490/429 
f 429/490/429 431/492/431 430/491/430 
f 432/493/432 430/491/430 431/492/431 
f 431/492/431 433/494/433 432/493/432 
f 418/479/418 432/493/432 433/494/433 
f 433/494/433 417/478/417 418/479/418 
f 434/495/434 435/496/435 436/497/436 
f 436/497/436 437/498/437 434/495/434 
f 435/496/435 107/499/107 60/500/60 
f 60/500/60 436/497/436 435/496/435 
f 437/498/437 438/501/438 439/502/439 
f 439/502/439 434/495/434 437/498/437 
f 440/503/440 441/504/441 442/505/442 
f 442/505/442 438/501/438 440/503/440 
f 438/501/438 442/505/442 443/506/443 
f 443/506/443 439/502/439 438/501/438 
f 442/505/442 444/507/444 445/508/445 
f 445/508/445 443/506/443 442/505/442 
f 446/509/446 447/510/447 448/511/448 
f 448/511/448 444/507/444 446/509/446 
f 444/507/444 448/511/448 449/512/449 
f 449/512/449 445/508/445 444/507/444 
f 448/511/448 419/480/419 420/481/420 
f 420/481/420 449/512/449 448/511/448 
f 449/512/449 420/481/420 417/478/417 
f 417/478/417 433/494/433 449/512/449 
f 445/508/445 449/512/449 433/494/433 
f 433/494/433 431/492/431 445/508/445 
f 443/506/443 445/508/445 431/492/431 
f 431/492/431 429/490/429 443/506/443 
f 439/502/439 443/506/443 429/490/429 
f 429/490/429 427/488/427 439/502/439 
f 434/495/434 439/502/439 427/488/427 
f 427/488/427 425/486/425 434/495/434 
f 435/496/435 434/495/434 425/486/425 
f 425/486/425 424/485/424 435/496/435 
f 424/485/424 57/513/57 107/499/107 
f 107/499/107 435/496/435 424/485/424 
f 84/514/84 83/515/83 450/516/450 
f 450/516/450 451/517/451 84/514/84 
f 452/518/452 453/519/453 454/520/454 
f 454/520/454 455/521/455 452/518/452 
f 452/518/452 456/522/456 457/523/457 
f 457/523/457 453/519/453 452/518/452 
f 458/524/458 63/525/63 23/526/23 
f 23/526/23 457/523/457 458/524/458 
f 458/524/458 459/527/459 460/528/460 
f 460/528/460 461/529/461 458/524/458 
f 460/528/460 462/530/462 463/531/463 
f 463/531/463 461/529/461 460/528/460 
f 462/530/462 464/532/464 465/533/465 
f 465/533/465 463/531/463 462/530/462 
f 329/372/329 466/534/466 467/535/467 
f 468/536/468 455/521/455 469/537/469 
f 469/537/469 470/538/470 468/536/468 
f 329/372/329 336/379/336 471/539/471 
f 472/540/472 471/541/471 336/383/336 
f 336/383/336 338/382/338 472/540/472 
f 447/510/447 473/542/473 474/543/474 
f 474/543/474 421/482/421 447/510/447 
f 473/542/473 475/544/475 476/545/476 
f 476/545/476 474/543/474 473/542/473 
f 475/544/475 477/546/477 478/547/478 
f 478/547/478 476/545/476 475/544/475 
f 479/548/479 480/549/480 481/550/481 
f 481/550/481 482/551/482 479/548/479 
f 483/552/483 484/553/484 472/554/472 
f 485/555/485 486/556/486 487/557/487 
f 466/558/466 487/559/487 470/560/470 
f 470/560/470 467/561/467 466/558/466 
f 485/555/485 488/562/488 489/563/489 
f 489/563/489 486/556/486 485/555/485 
f 480/549/480 479/548/479 490/564/490 
f 490/564/490 488/562/488 480/549/480 
f 491/565/491 492/566/492 493/567/493 
f 493/567/493 494/568/494 491/565/491 
f 495/569/495 490/564/490 479/548/479 
f 479/548/479 477/546/477 495/569/495 
f 494/568/494 496/570/496 497/571/497 
f 497/571/497 491/565/491 494/568/494 
f 496/570/496 498/572/498 499/573/499 
f 499/573/499 497/571/497 496/570/496 
f 498/572/498 441/504/441 440/503/440 
f 440/503/440 499/573/499 498/572/498 
f 477/546/477 475/544/475 500/574/500 
f 500/574/500 495/569/495 477/546/477 
f 475/544/475 473/542/473 501/575/501 
f 501/575/501 500/574/500 475/544/475 
f 447/510/447 446/509/446 501/575/501 
f 501/575/501 473/542/473 447/510/447 
f 414/475/414 415/476/415 412/473/412 
f 412/473/412 413/474/413 414/475/414 
f 383/444/383 382/443/382 392/453/392 
f 392/453/392 391/452/391 383/444/383 
f 384/445/384 502/576/502 386/447/386 
f 386/447/386 385/446/385 384/445/384 
f 397/458/397 388/449/388 402/463/402 
f 402/463/402 410/471/410 397/458/397 
f 388/449/388 387/448/387 403/464/403 
f 403/464/403 402/463/402 388/449/388 
f 405/466/405 404/465/404 503/577/503 
f 503/577/503 504/578/504 405/466/405 
f 464/532/464 437/498/437 436/497/436 
f 436/497/436 465/533/465 464/532/464 
f 370/419/370 371/420/371 478/547/478 
f 478/547/478 482/551/482 370/419/370 
f 423/484/423 58/579/58 57/513/57 
f 57/513/57 424/485/424 423/484/423 
f 461/529/461 61/580/61 63/525/63 
f 63/525/63 458/524/458 461/529/461 
f 463/531/463 62/581/62 61/580/61 
f 61/580/61 461/529/461 463/531/463 
f 465/533/465 59/582/59 62/581/62 
f 62/581/62 463/531/463 465/533/465 
f 436/497/436 60/500/60 59/582/59 
f 59/582/59 465/533/465 436/497/436 
f 491/565/491 497/571/497 460/528/460 
f 460/528/460 459/527/459 491/565/491 
f 497/571/497 499/573/499 462/530/462 
f 462/530/462 460/528/460 497/571/497 
f 499/573/499 440/503/440 464/532/464 
f 464/532/464 462/530/462 499/573/499 
f 440/503/440 438/501/438 437/498/437 
f 437/498/437 464/532/464 440/503/440 
f 495/569/495 500/574/500 496/570/496 
f 496/570/496 494/568/494 495/569/495 
f 496/570/496 500/574/500 501/575/501 
f 501/575/501 498/572/498 496/570/496 
f 498/572/498 501/575/501 446/509/446 
f 446/509/446 441/504/441 498/572/498 
f 441/504/441 446/509/446 444/507/444 
f 444/507/444 442/505/442 441/504/441 
f 421/482/421 474/543/474 373/425/373 
f 373/425/373 280/317/280 421/482/421 
f 474/543/474 476/545/476 374/426/374 
f 374/426/374 373/425/373 474/543/474 
f 476/545/476 478/547/478 371/420/371 
f 371/420/371 374/426/374 476/545/476 
f 447/510/447 421/482/421 419/480/419 
f 419/480/419 448/511/448 447/510/447 
f 454/520/454 64/583/64 84/584/84 
f 84/584/84 451/585/451 454/520/454 
f 451/517/451 450/516/450 505/586/505 
f 505/586/505 469/587/469 451/517/451 
f 453/519/453 22/588/22 64/583/64 
f 64/583/64 454/520/454 453/519/453 
f 457/523/457 23/526/23 22/588/22 
f 22/588/22 453/519/453 457/523/457 
f 455/521/455 454/520/454 451/585/451 
f 451/585/451 469/537/469 455/521/455 
f 459/527/459 458/524/458 457/523/457 
f 457/523/457 456/522/456 459/527/459 
f 492/566/492 491/565/491 459/527/459 
f 459/527/459 456/522/456 492/566/492 
f 482/551/482 481/550/481 376/433/376 
f 376/433/376 370/419/370 482/551/482 
f 376/433/376 481/550/481 483/552/483 
f 483/552/483 377/434/377 376/433/376 
f 482/551/482 478/547/478 477/546/477 
f 477/546/477 479/548/479 482/551/482 
f 338/437/338 377/434/377 483/552/483 
f 483/552/483 472/554/472 338/437/338 
f 480/549/480 488/562/488 485/555/485 
f 485/555/485 484/553/484 480/549/480 
f 487/559/487 466/558/466 471/541/471 
f 471/541/471 472/540/472 487/559/487 
f 467/561/467 470/560/470 469/587/469 
f 469/587/469 505/586/505 467/561/467 
f 83/108/83 97/107/97 329/372/329 
f 329/372/329 450/589/450 83/108/83 
f 329/372/329 505/590/505 450/589/450 
f 471/539/471 466/534/466 329/372/329 
f 467/535/467 505/590/505 329/372/329 
f 468/536/468 506/591/506 452/518/452 
f 452/518/452 455/521/455 468/536/468 
f 492/566/492 456/522/456 452/518/452 
f 452/518/452 506/591/506 492/566/492 
f 488/562/488 490/564/490 493/567/493 
f 493/567/493 489/563/489 488/562/488 
f 490/564/490 495/569/495 494/568/494 
f 494/568/494 493/567/493 490/564/490 
f 486/556/486 489/563/489 506/591/506 
f 506/591/506 468/536/468 486/556/486 
f 489/563/489 493/567/493 492/566/492 
f 492/566/492 506/591/506 489/563/489 
f 480/549/480 484/553/484 483/552/483 
f 483/552/483 481/550/481 480/549/480 
f 406/467/406 409/470/409 428/489/428 
f 428/489/428 430/491/430 406/467/406 
f 413/474/413 406/467/406 430/491/430 
f 430/491/430 432/493/432 413/474/413 
f 414/475/414 413/474/413 432/493/432 
f 432/493/432 418/479/418 414/475/414 
f 270/307/270 414/475/414 418/479/418 
f 418/479/418 274/311/274 270/307/270 
f 416/477/416 507/592/507 423/484/423 
f 423/484/423 422/483/422 416/477/416 
f 411/472/411 416/477/416 422/483/422 
f 422/483/422 426/487/426 411/472/411 
f 409/470/409 411/472/411 426/487/426 
f 426/487/426 428/489/428 409/470/409 
f 508/593/508 507/592/507 509/594/509 
f 408/469/408 398/459/398 397/458/397 
f 397/458/397 410/471/410 408/469/408 
f 399/460/399 398/459/398 408/469/408 
f 408/469/408 407/468/407 399/460/399 
f 400/461/400 399/460/399 407/468/407 
f 407/468/407 412/473/412 400/461/400 
f 401/462/401 400/461/400 412/473/412 
f 412/473/412 415/476/415 401/462/401 
f 254/291/254 401/462/401 415/476/415 
f 415/476/415 269/306/269 254/291/254 
f 402/463/402 405/466/405 507/592/507 
f 507/592/507 416/477/416 402/463/402 
f 509/594/509 507/592/507 405/466/405 
f 405/466/405 504/578/504 509/594/509 
f 484/553/484 485/555/485 487/557/487 
f 484/553/484 487/557/487 472/554/472 
f 486/556/486 470/538/470 487/557/487 
f 486/556/486 468/536/468 470/538/470 
f 350/395/350 378/435/378 337/436/337 
f 350/395/350 337/436/337 351/396/351 
f 352/397/352 349/394/349 351/396/351 
f 352/397/352 351/396/351 333/376/333 
f 300/338/300 303/341/303 510/595/510 
f 510/595/510 304/342/304 300/338/300 
f 511/596/511 304/342/304 510/595/510 
f 299/337/299 305/343/305 511/596/511 
f 512/597/512 312/350/312 297/335/297 
f 295/332/295 294/331/294 513/598/513 
f 218/599/218 215/334/215 296/333/296 
f 200/600/200 328/371/328 325/368/325 
f 325/368/325 169/423/169 200/600/200 
f 299/337/299 298/336/298 305/343/305 
f 297/335/297 312/350/312 298/336/298 
f 294/331/294 312/350/312 513/598/513 
f 312/350/312 512/597/512 513/598/513 
f 305/343/305 304/342/304 511/596/511 
f 514/601/514 231/602/231 218/603/218 
f 218/603/218 296/604/296 514/601/514 
f 515/605/515 514/601/514 296/604/296 
f 296/604/296 295/606/295 515/605/515 
f 516/607/516 515/605/515 295/606/295 
f 295/606/295 513/608/513 516/607/516 
f 517/609/517 516/607/516 513/608/513 
f 513/608/513 512/610/512 517/609/517 
f 518/611/518 517/609/517 512/610/512 
f 512/610/512 297/612/297 518/611/518 
f 519/613/519 518/611/518 297/612/297 
f 297/612/297 299/614/299 519/613/519 
f 520/615/520 519/613/519 299/614/299 
f 299/614/299 511/616/511 520/615/520 
f 521/617/521 520/615/520 511/616/511 
f 511/616/511 510/618/510 521/617/521 
f 522/619/522 521/617/521 510/618/510 
f 510/618/510 303/620/303 522/619/522 
f 523/621/523 522/619/522 303/620/303 
f 303/620/303 302/622/302 523/621/523 
f 524/623/524 523/621/523 302/622/302 
f 302/622/302 372/624/372 524/623/524 
f 525/625/525 524/623/524 372/624/372 
f 372/624/372 327/626/327 525/625/525 
f 526/627/526 525/625/525 327/626/327 
f 327/626/327 328/628/328 526/627/526 
f 222/629/222 526/627/526 328/628/328 
f 328/628/328 200/630/200 222/629/222 
f 234/631/234 233/632/233 527/633/527 
f 527/633/527 528/634/528 234/631/234 
f 241/635/241 240/636/240 529/637/529 
f 529/637/529 530/638/530 241/635/241 
f 243/639/243 241/635/241 530/638/530 
f 530/638/530 531/640/531 243/639/243 
f 245/641/245 243/639/243 531/640/531 
f 531/640/531 532/642/532 245/641/245 
f 247/643/247 245/641/245 532/642/532 
f 532/642/532 533/644/533 247/643/247 
f 240/636/240 234/631/234 528/634/528 
f 528/634/528 529/637/529 240/636/240 
f 233/632/233 367/645/367 534/646/534 
f 534/646/534 527/633/527 233/632/233 
f 384/647/384 383/648/383 535/649/535 
f 535/649/535 536/650/536 384/647/384 
f 391/651/391 390/652/390 537/653/537 
f 537/653/537 538/654/538 391/651/391 
f 390/652/390 394/655/394 539/656/539 
f 539/656/539 537/653/537 390/652/390 
f 394/655/394 396/657/396 540/658/540 
f 540/658/540 539/656/539 394/655/394 
f 396/657/396 247/643/247 533/644/533 
f 533/644/533 540/658/540 396/657/396 
f 383/648/383 391/651/391 538/654/538 
f 538/654/538 535/649/535 383/648/383 
f 502/659/502 384/647/384 536/650/536 
f 536/650/536 541/660/541 502/659/502 
f 165/179/165 216/242/216 542/661/542 
f 542/661/542 166/180/166 165/179/165 
f 216/242/216 117/131/117 116/130/116 
f 116/130/116 542/661/542 216/242/216 
f 175/189/175 174/188/174 117/131/117 
f 117/131/117 174/188/174 115/129/115 
f 71/71/71 114/128/114 543/662/543 
f 543/662/543 72/72/72 71/71/71 
f 113/127/113 544/663/544 545/664/545 
f 545/664/545 114/128/114 113/127/113 
f 546/665/546 544/663/544 113/127/113 
f 3/3/3 2/2/2 546/665/546 
f 546/665/546 113/127/113 3/3/3 
f 5/5/5 56/56/56 1/1/1 
f 1/1/1 4/4/4 5/5/5 
f 545/664/545 543/662/543 114/128/114 
f 380/441/380 547/666/547 368/417/368 
f 368/417/368 255/292/255 380/441/380 
f 380/441/380 381/442/381 547/666/547 
f 507/592/507 508/593/508 58/579/58 
f 58/579/58 423/484/423 507/592/507 
f 528/667/528 527/668/527 548/669/548 
f 530/667/530 529/668/529 548/669/548 
f 531/667/531 530/668/530 548/669/548 
f 532/667/532 531/668/531 548/669/548 
f 533/667/533 532/668/532 548/669/548 
f 529/667/529 528/668/528 548/669/548 
f 527/667/527 534/668/534 548/669/548 
f 536/667/536 535/668/535 548/669/548 
f 538/667/538 537/668/537 548/669/548 
f 537/667/537 539/668/539 548/669/548 
f 539/667/539 540/668/540 548/669/548 
f 540/667/540 533/668/533 548/669/548 
f 535/667/535 538/668/538 548/669/548 
f 541/667/541 536/668/536 548/669/548 
f 549/670/549 550/671/550 369/672/551 
f 369/672/551 551/673/552 549/670/549 
f 549/670/549 552/674/553 553/675/554 
f 553/675/554 550/671/550 549/670/549 
f 554/676/555 555/677/556 556/678/557 
f 556/678/557 557/679/558 554/676/555 
f 558/680/559 559/681/560 560/682/561 
f 560/682/561 561/683/562 558/680/559 
f 562/684/563 563/685/564 564/686/565 
f 564/686/565 565/687/566 562/684/563 
f 556/678/557 555/677/556 566/688/567 
f 566/688/567 567/689/568 556/678/557 
f 552/674/553 568/690/569 569/691/570 
f 569/691/570 553/675/554 552/674/553 
f 568/690/569 570/692/571 571/693/572 
f 571/693/572 569/691/570 568/690/569 
f 572/694/573 573/695/574 574/696/575 
f 574/696/575 575/697/576 572/694/573 
f 576/698/577 577/699/578 578/700/579 
f 578/700/579 579/701/580 576/698/577 
f 572/694/573 580/702/581 581/703/582 
f 581/703/582 573/695/574 572/694/573 
f 577/699/578 558/680/559 561/683/562 
f 561/683/562 578/700/579 577/699/578 
f 582/704/583 566/688/567 576/698/577 
f 576/698/577 580/702/581 582/704/583 
f 549/670/549 551/673/552 381/705/584 
f 381/705/584 583/706/585 549/670/549 
f 584/707/586 585/708/587 568/690/569 
f 568/690/569 552/674/553 584/707/586 
f 584/707/586 552/674/553 549/670/549 
f 549/670/549 583/706/585 584/707/586 
f 586/709/588 587/710/589 588/711/590 
f 588/711/590 589/712/591 586/709/588 
f 590/713/592 591/714/593 592/715/594 
f 592/715/594 593/716/595 590/713/592 
f 584/707/586 594/717/596 595/718/597 
f 595/718/597 585/708/587 584/707/586 
f 596/719/598 597/720/599 598/721/600 
f 598/721/600 599/722/601 596/719/598 
f 593/716/595 600/723/602 601/724/603 
f 601/724/603 590/713/592 593/716/595 
f 564/686/565 563/685/564 597/720/599 
f 597/720/599 596/719/598 564/686/565 
f 602/725/604 603/726/605 604/727/606 
f 604/727/606 605/728/607 602/725/604 
f 606/729/608 565/687/566 564/686/565 
f 564/686/565 607/730/609 606/729/608 
f 608/731/610 609/732/611 610/733/612 
f 610/733/612 174/734/613 608/731/610 
f 611/735/614 608/731/610 174/734/613 
f 174/734/613 173/736/615 611/735/614 
f 612/737/616 589/712/591 588/711/590 
f 588/711/590 613/738/617 612/737/616 
f 588/711/590 600/723/602 614/739/618 
f 614/739/618 613/738/617 588/711/590 
f 593/716/595 592/715/594 615/740/619 
f 615/740/619 616/741/620 593/716/595 
f 617/742/621 618/743/622 619/744/623 
f 619/744/623 620/745/624 617/742/621 
f 611/735/614 617/742/621 620/745/624 
f 620/745/624 621/746/625 611/735/614 
f 618/743/622 617/742/621 178/747/626 
f 178/747/626 73/748/627 618/743/622 
f 178/747/626 617/742/621 611/735/614 
f 611/735/614 173/736/615 178/747/626 
f 622/749/628 608/731/610 611/735/614 
f 611/735/614 621/746/625 622/749/628 
f 608/731/610 622/749/628 623/750/629 
f 623/750/629 624/751/630 608/731/610 
f 624/751/630 625/752/631 609/732/611 
f 609/732/611 608/731/610 624/751/630 
f 626/753/632 166/754/633 542/755/634 
f 542/755/634 627/756/635 626/753/632 
f 616/741/620 624/751/630 623/750/629 
f 623/750/629 628/757/636 616/741/620 
f 616/741/620 615/740/619 625/752/631 
f 625/752/631 624/751/630 616/741/620 
f 629/758/637 166/754/633 626/753/632 
f 626/753/632 630/759/638 629/758/637 
f 623/750/629 631/760/639 632/761/640 
f 632/761/640 628/757/636 623/750/629 
f 614/739/618 633/762/641 634/763/642 
f 634/763/642 613/738/617 614/739/618 
f 628/757/636 632/761/640 633/762/641 
f 633/762/641 614/739/618 628/757/636 
f 613/738/617 634/763/642 635/764/643 
f 635/764/643 612/737/616 613/738/617 
f 636/765/644 559/681/560 558/680/559 
f 558/680/559 554/676/555 636/765/644 
f 637/766/645 638/767/646 575/697/576 
f 575/697/576 574/696/575 637/766/645 
f 572/694/573 575/697/576 603/726/605 
f 603/726/605 602/725/604 572/694/573 
f 555/677/556 577/699/578 576/698/577 
f 576/698/577 566/688/567 555/677/556 
f 580/702/581 572/694/573 602/725/604 
f 602/725/604 582/704/583 580/702/581 
f 554/676/555 558/680/559 577/699/578 
f 577/699/578 555/677/556 554/676/555 
f 580/702/581 576/698/577 579/701/580 
f 579/701/580 581/703/582 580/702/581 
f 639/768/647 591/714/593 640/769/648 
f 640/769/648 570/692/571 639/768/647 
f 641/770/649 592/715/594 591/714/593 
f 591/714/593 639/768/647 641/770/649 
f 609/732/611 642/771/650 116/772/651 
f 116/772/651 610/733/612 609/732/611 
f 643/773/652 615/740/619 592/715/594 
f 592/715/594 641/770/649 643/773/652 
f 642/771/650 609/732/611 625/752/631 
f 625/752/631 644/774/653 642/771/650 
f 644/774/653 625/752/631 615/740/619 
f 615/740/619 643/773/652 644/774/653 
f 587/710/589 601/724/603 600/723/602 
f 600/723/602 588/711/590 587/710/589 
f 628/757/636 614/739/618 600/723/602 
f 616/741/620 628/757/636 600/723/602 
f 616/741/620 600/723/602 593/716/595 
f 630/759/638 595/718/597 594/717/596 
f 629/758/637 630/759/638 594/717/596 
f 629/758/637 594/717/596 645/775/654 
f 557/679/558 556/678/557 606/729/608 
f 557/679/558 606/729/608 607/730/609 
f 646/776/655 557/679/558 607/730/609 
f 567/689/568 647/777/656 565/687/566 
f 567/689/568 565/687/566 606/729/608 
f 556/678/557 567/689/568 606/729/608 
f 605/728/607 604/727/606 562/684/563 
f 605/728/607 562/684/563 565/687/566 
f 647/777/656 605/728/607 565/687/566 
f 636/765/644 554/676/555 557/679/558 
f 557/679/558 646/776/655 636/765/644 
f 647/777/656 567/689/568 566/688/567 
f 566/688/567 582/704/583 647/777/656 
f 602/725/604 605/728/607 647/777/656 
f 647/777/656 582/704/583 602/725/604 
f 648/778/657 509/779/658 503/780/659 
f 503/780/659 649/781/660 648/778/657 
f 650/782/661 648/778/657 649/781/660 
f 649/781/660 651/783/662 650/782/661 
f 599/722/601 652/784/663 653/785/664 
f 653/785/664 654/786/665 599/722/601 
f 655/787/666 656/788/667 657/789/668 
f 657/789/668 658/790/669 655/787/666 
f 559/681/560 659/791/670 660/792/671 
f 660/792/671 560/682/561 559/681/560 
f 564/686/565 661/793/672 662/794/673 
f 662/794/673 663/795/674 564/686/565 
f 657/789/668 664/796/675 665/797/676 
f 665/797/676 658/790/669 657/789/668 
f 650/782/661 651/783/662 666/798/677 
f 666/798/677 667/799/678 650/782/661 
f 667/799/678 666/798/677 668/800/679 
f 668/800/679 669/801/680 667/799/678 
f 670/802/681 671/803/682 668/800/679 
f 668/800/679 672/804/683 670/802/681 
f 673/805/684 674/806/685 675/807/686 
f 675/807/686 676/808/687 673/805/684 
f 677/809/688 676/808/687 678/810/689 
f 678/810/689 679/811/690 677/809/688 
f 680/812/691 675/807/686 674/806/685 
f 674/806/685 681/813/692 680/812/691 
f 682/814/693 683/815/694 684/816/695 
f 684/816/695 685/817/696 682/814/693 
f 677/809/688 679/811/690 686/818/697 
f 686/818/697 687/819/698 677/809/688 
f 659/791/670 682/814/693 685/817/696 
f 685/817/696 660/792/671 659/791/670 
f 688/820/699 687/819/698 683/815/694 
f 683/815/694 665/797/676 688/820/699 
f 689/821/700 7/822/701 58/823/702 
f 58/823/702 508/824/703 689/821/700 
f 690/825/704 691/826/705 692/827/706 
f 692/827/706 693/828/707 690/825/704 
f 694/829/708 650/782/661 667/799/678 
f 667/799/678 695/830/709 694/829/708 
f 7/822/701 689/821/700 694/829/708 
f 694/829/708 8/831/710 7/822/701 
f 586/709/588 589/712/591 696/832/711 
f 696/832/711 697/833/712 586/709/588 
f 691/826/705 698/834/713 699/835/714 
f 699/835/714 692/827/706 691/826/705 
f 694/829/708 695/830/709 700/836/715 
f 700/836/715 8/831/710 694/829/708 
f 701/837/716 702/838/717 703/839/718 
f 703/839/718 681/813/692 701/837/716 
f 704/840/719 705/841/720 691/826/705 
f 691/826/705 690/825/704 704/840/719 
f 596/719/598 599/722/601 654/786/665 
f 654/786/665 706/842/721 596/719/598 
f 680/812/691 670/802/681 672/804/683 
f 672/804/683 707/843/722 680/812/691 
f 704/840/719 708/844/723 654/786/665 
f 654/786/665 653/785/664 704/840/719 
f 698/834/713 691/826/705 705/841/720 
f 705/841/720 709/845/724 698/834/713 
f 564/686/565 596/719/598 706/842/721 
f 706/842/721 661/793/672 564/686/565 
f 652/784/663 586/709/588 697/833/712 
f 697/833/712 653/785/664 652/784/663 
f 708/844/723 702/838/717 706/842/721 
f 706/842/721 654/786/665 708/844/723 
f 710/846/725 711/847/726 712/848/727 
f 712/848/727 673/805/684 710/846/725 
f 564/686/565 663/795/674 713/849/728 
f 713/849/728 607/730/609 564/686/565 
f 661/793/672 701/837/716 714/850/729 
f 714/850/729 712/848/727 662/794/673 
f 661/793/672 714/850/729 662/794/673 
f 715/851/730 716/852/731 545/853/732 
f 545/853/732 544/854/733 715/851/730 
f 716/852/731 717/855/734 543/856/735 
f 543/856/735 545/853/732 716/852/731 
f 696/832/711 589/712/591 612/737/616 
f 612/737/616 718/857/736 696/832/711 
f 709/845/724 696/832/711 718/857/736 
f 718/857/736 719/858/737 709/845/724 
f 698/834/713 720/859/738 721/860/739 
f 721/860/739 699/835/714 698/834/713 
f 618/743/622 722/861/740 723/862/741 
f 723/862/741 619/744/623 618/743/622 
f 722/861/740 717/855/734 724/863/742 
f 724/863/742 723/862/741 722/861/740 
f 618/743/622 73/748/627 72/864/743 
f 72/864/743 722/861/740 618/743/622 
f 722/861/740 72/864/743 543/856/735 
f 543/856/735 717/855/734 722/861/740 
f 717/855/734 716/852/731 725/865/744 
f 725/865/744 724/863/742 717/855/734 
f 716/852/731 726/866/745 727/867/746 
f 727/867/746 725/865/744 716/852/731 
f 726/866/745 716/852/731 715/851/730 
f 715/851/730 728/868/747 726/866/745 
f 2/869/748 1/870/749 729/871/750 
f 729/871/750 730/872/751 2/869/748 
f 720/859/738 731/873/752 727/867/746 
f 727/867/746 726/866/745 720/859/738 
f 720/859/738 726/866/745 728/868/747 
f 728/868/747 721/860/739 720/859/738 
f 56/874/753 732/875/754 729/871/750 
f 729/871/750 1/870/749 56/874/753 
f 731/873/752 733/876/755 734/877/756 
f 734/877/756 727/867/746 731/873/752 
f 718/857/736 735/878/757 736/879/758 
f 736/879/758 719/858/737 718/857/736 
f 719/858/737 736/879/758 733/876/755 
f 733/876/755 731/873/752 719/858/737 
f 612/737/616 635/764/643 735/878/757 
f 735/878/757 718/857/736 612/737/616 
f 636/765/644 655/787/666 659/791/670 
f 659/791/670 559/681/560 636/765/644 
f 703/839/718 737/880/759 671/803/682 
f 671/803/682 670/802/681 703/839/718 
f 676/808/687 675/807/686 738/881/760 
f 738/881/760 678/810/689 676/808/687 
f 677/809/688 710/846/725 673/805/684 
f 673/805/684 676/808/687 677/809/688 
f 675/807/686 680/812/691 707/843/722 
f 707/843/722 738/881/760 675/807/686 
f 658/790/669 665/797/676 683/815/694 
f 683/815/694 682/814/693 658/790/669 
f 687/819/698 688/820/699 710/846/725 
f 710/846/725 677/809/688 687/819/698 
f 655/787/666 658/790/669 682/814/693 
f 682/814/693 659/791/670 655/787/666 
f 687/819/698 686/818/697 684/816/695 
f 684/816/695 683/815/694 687/819/698 
f 681/813/692 703/839/718 670/802/681 
f 670/802/681 680/812/691 681/813/692 
f 693/828/707 692/827/706 739/882/761 
f 739/882/761 669/801/680 693/828/707 
f 692/827/706 699/835/714 740/883/762 
f 740/883/762 739/882/761 692/827/706 
f 715/851/730 544/854/733 546/884/763 
f 546/884/763 741/885/764 715/851/730 
f 699/835/714 721/860/739 742/886/765 
f 742/886/765 740/883/762 699/835/714 
f 728/868/747 715/851/730 741/885/764 
f 741/885/764 743/887/766 728/868/747 
f 721/860/739 728/868/747 743/887/766 
f 743/887/766 742/886/765 721/860/739 
f 737/880/759 690/825/704 693/828/707 
f 693/828/707 671/803/682 737/880/759 
f 661/793/672 706/842/721 702/838/717 
f 702/838/717 701/837/716 661/793/672 
f 653/785/664 697/833/712 705/841/720 
f 705/841/720 704/840/719 653/785/664 
f 690/825/704 737/880/759 708/844/723 
f 708/844/723 704/840/719 690/825/704 
f 697/833/712 696/832/711 709/845/724 
f 709/845/724 705/841/720 697/833/712 
f 737/880/759 703/839/718 702/838/717 
f 702/838/717 708/844/723 737/880/759 
f 719/858/737 731/873/752 720/859/738 
f 709/845/724 719/858/737 720/859/738 
f 709/845/724 720/859/738 698/834/713 
f 8/831/710 700/836/715 732/875/754 
f 732/875/754 56/874/753 8/831/710 
f 713/849/728 657/789/668 656/788/667 
f 607/730/609 713/849/728 656/788/667 
f 646/776/655 607/730/609 656/788/667 
f 663/795/674 744/888/767 664/796/675 
f 713/849/728 663/795/674 664/796/675 
f 657/789/668 713/849/728 664/796/675 
f 662/794/673 712/848/727 711/847/726 
f 663/795/674 662/794/673 711/847/726 
f 744/888/767 663/795/674 711/847/726 
f 681/813/692 674/806/685 714/850/729 
f 714/850/729 701/837/716 681/813/692 
f 636/765/644 646/776/655 656/788/667 
f 656/788/667 655/787/666 636/765/644 
f 744/888/767 688/820/699 665/797/676 
f 665/797/676 664/796/675 744/888/767 
f 710/846/725 688/820/699 744/888/767 
f 744/888/767 711/847/726 710/846/725 
f 674/806/685 673/805/684 712/848/727 
f 712/848/727 714/850/729 674/806/685 
f 745/889/768 631/760/639 623/750/629 
f 623/750/629 622/749/628 745/889/768 
f 746/890/769 621/746/625 620/745/624 
f 620/745/624 747/891/770 746/890/769 
f 745/889/768 622/749/628 621/746/625 
f 621/746/625 746/890/769 745/889/768 
f 747/891/770 620/745/624 619/744/623 
f 619/744/623 748/892/771 747/891/770 
f 734/877/756 749/893/772 725/865/744 
f 725/865/744 727/867/746 734/877/756 
f 750/894/773 723/862/741 724/863/742 
f 724/863/742 751/895/774 750/894/773 
f 751/895/774 724/863/742 725/865/744 
f 725/865/744 749/893/772 751/895/774 
f 748/892/771 619/744/623 723/862/741 
f 723/862/741 750/894/773 748/892/771 
f 634/896/642 752/897/775 753/898/776 
f 753/898/776 635/899/643 634/896/642 
f 635/899/643 753/898/776 754/900/777 
f 754/900/777 735/901/757 635/899/643 
f 735/901/757 754/900/777 755/902/778 
f 755/902/778 736/903/758 735/901/757 
f 736/903/758 755/902/778 756/904/779 
f 756/904/779 733/905/755 736/903/758 
f 733/905/755 756/904/779 757/906/780 
f 757/906/780 734/907/756 733/905/755 
f 734/907/756 757/906/780 758/908/781 
f 758/908/781 749/909/772 734/907/756 
f 749/909/772 758/908/781 759/910/782 
f 759/910/782 751/911/774 749/909/772 
f 751/911/774 759/910/782 760/912/783 
f 760/912/783 750/913/773 751/911/774 
f 748/914/771 750/913/773 760/912/783 
f 760/912/783 761/915/784 748/914/771 
f 748/914/771 761/915/784 762/916/785 
f 762/916/785 747/917/770 748/914/771 
f 747/917/770 762/916/785 763/918/786 
f 763/918/786 746/919/769 747/917/770 
f 745/920/768 746/919/769 763/918/786 
f 763/918/786 764/921/787 745/920/768 
f 745/920/768 764/921/787 765/922/788 
f 765/922/788 631/923/639 745/920/768 
f 631/923/639 765/922/788 766/924/789 
f 766/924/789 632/925/640 631/923/639 
f 632/925/640 766/924/789 767/926/790 
f 767/926/790 633/927/641 632/925/640 
f 633/927/641 767/926/790 752/897/775 
f 752/897/775 634/896/642 633/927/641 
f 768/928/791 561/683/562 560/682/561 
f 560/682/561 769/929/792 768/928/791 
f 569/691/570 571/693/572 770/930/793 
f 770/930/793 771/931/794 569/691/570 
f 772/932/795 574/696/575 573/695/574 
f 573/695/574 773/933/796 772/932/795 
f 579/701/580 578/700/579 774/934/797 
f 774/934/797 775/935/798 579/701/580 
f 573/695/574 581/703/582 776/936/799 
f 776/936/799 773/933/796 573/695/574 
f 774/934/797 578/700/579 561/683/562 
f 561/683/562 768/928/791 774/934/797 
f 770/930/793 777/937/800 778/938/801 
f 778/938/801 771/931/794 770/930/793 
f 637/766/645 574/696/575 772/932/795 
f 772/932/795 779/939/802 637/766/645 
f 778/938/801 777/937/800 637/766/645 
f 637/766/645 779/939/802 778/938/801 
f 581/703/582 579/701/580 775/935/798 
f 775/935/798 776/936/799 581/703/582 
f 769/929/792 560/682/561 660/792/671 
f 660/792/671 780/940/803 769/929/792 
f 781/941/804 672/804/683 668/800/679 
f 668/800/679 666/798/677 781/941/804 
f 782/942/805 679/811/690 678/810/689 
f 678/810/689 783/943/806 782/942/805 
f 685/817/696 684/816/695 784/944/807 
f 784/944/807 785/945/808 685/817/696 
f 686/818/697 679/811/690 782/942/805 
f 782/942/805 786/946/809 686/818/697 
f 660/792/671 685/817/696 785/945/808 
f 785/945/808 780/940/803 660/792/671 
f 707/843/722 672/804/683 781/941/804 
f 781/941/804 787/947/810 707/843/722 
f 678/810/689 738/881/760 788/948/811 
f 788/948/811 783/943/806 678/810/689 
f 738/881/760 707/843/722 787/947/810 
f 787/947/810 788/948/811 738/881/760 
f 784/944/807 684/816/695 686/818/697 
f 686/818/697 786/946/809 784/944/807 
f 585/708/587 639/768/647 570/692/571 
f 570/692/571 568/690/569 585/708/587 
f 595/718/597 641/770/649 639/768/647 
f 639/768/647 585/708/587 595/718/597 
f 630/759/638 643/773/652 641/770/649 
f 641/770/649 595/718/597 630/759/638 
f 627/756/635 642/771/650 644/774/653 
f 644/774/653 626/753/632 627/756/635 
f 644/774/653 643/773/652 630/759/638 
f 630/759/638 626/753/632 644/774/653 
f 669/801/680 739/882/761 695/830/709 
f 695/830/709 667/799/678 669/801/680 
f 739/882/761 740/883/762 700/836/715 
f 700/836/715 695/830/709 739/882/761 
f 740/883/762 742/886/765 732/875/754 
f 732/875/754 700/836/715 740/883/762 
f 743/887/766 741/885/764 730/872/751 
f 730/872/751 729/871/750 743/887/766 
f 742/886/765 743/887/766 729/871/750 
f 729/871/750 732/875/754 742/886/765 
f 789/949/812 571/693/572 570/692/571 
f 570/692/571 640/769/648 789/949/812 
f 669/801/680 668/800/679 671/803/682 
f 671/803/682 693/828/707 669/801/680 
f 584/707/586 583/706/585 121/950/813 
f 121/950/813 645/775/654 594/717/596 
f 584/707/586 121/950/813 594/717/596 
f 583/706/585 381/705/584 167/951/814 
f 167/951/814 121/950/813 583/706/585 
f 648/778/657 650/782/661 694/829/708 
f 694/829/708 689/821/700 648/778/657 
f 648/778/657 689/821/700 508/824/703 
f 508/824/703 509/779/658 648/778/657 
f 790/952/815 791/953/816 792/954/817 
f 792/954/817 793/955/818 790/952/815 
f 793/955/818 792/954/817 794/956/819 
f 794/956/819 795/957/820 793/955/818 
f 795/957/820 794/956/819 796/958/821 
f 796/958/821 797/959/822 795/957/820 
f 797/959/822 796/958/821 798/960/823 
f 798/960/823 799/961/824 797/959/822 
f 799/961/824 798/960/823 800/962/825 
f 800/962/825 801/963/826 799/961/824 
f 801/963/826 800/962/825 802/964/827 
f 802/964/827 803/965/828 801/963/826 
f 803/965/828 802/964/827 804/966/829 
f 804/966/829 805/967/830 803/965/828 
f 805/967/830 804/966/829 806/968/831 
f 806/968/831 807/969/832 805/967/830 
f 807/969/832 806/968/831 808/970/833 
f 808/970/833 809/971/834 807/969/832 
f 809/971/834 808/970/833 810/972/835 
f 810/972/835 811/973/836 809/971/834 
f 811/973/836 810/972/835 812/974/837 
f 812/974/837 813/975/838 811/973/836 
f 813/975/838 812/974/837 814/976/839 
f 814/976/839 815/977/840 813/975/838 
f 815/977/840 814/976/839 816/978/841 
f 816/978/841 817/979/842 815/977/840 
f 817/979/842 816/978/841 818/980/843 
f 818/980/843 819/981/844 817/979/842 
f 819/981/844 818/980/843 820/982/845 
f 820/982/845 821/983/846 819/981/844 
f 821/983/846 820/982/845 791/953/816 
f 791/953/816 790/952/815 821/983/846 
f 822/984/847 587/710/589 586/709/588 
f 586/709/588 652/784/663 822/984/847 
f 823/985/848 824/986/849 825/987/850 
f 825/987/850 826/988/851 823/985/848 
f 826/988/851 825/987/850 827/989/852 
f 827/989/852 828/990/853 826/988/851 
f 828/990/853 827/989/852 829/991/854 
f 829/991/854 830/992/855 828/990/853 
f 830/992/855 829/991/854 831/993/856 
f 831/993/856 832/994/857 830/992/855 
f 832/994/857 831/993/856 833/995/858 
f 833/995/858 834/996/859 832/994/857 
f 834/996/859 833/995/858 835/997/860 
f 835/997/860 836/998/861 834/996/859 
f 836/998/861 835/997/860 837/999/862 
f 837/999/862 838/1000/863 836/998/861 
f 838/1000/863 837/999/862 839/1001/864 
f 839/1001/864 840/1002/865 838/1000/863 
f 840/1002/865 839/1001/864 841/1003/866 
f 841/1003/866 842/1004/867 840/1002/865 
f 842/1004/867 841/1003/866 843/1005/868 
f 843/1005/868 844/1006/869 842/1004/867 
f 844/1006/869 843/1005/868 845/1007/870 
f 845/1007/870 846/1008/871 844/1006/869 
f 846/1008/871 845/1007/870 847/1009/872 
f 847/1009/872 848/1010/873 846/1008/871 
f 848/1010/873 847/1009/872 849/1011/874 
f 849/1011/874 850/1012/875 848/1010/873 
f 850/1012/875 849/1011/874 851/1013/876 
f 851/1013/876 852/1014/877 850/1012/875 
f 852/1014/877 851/1013/876 853/1015/878 
f 853/1015/878 854/1016/879 852/1014/877 
f 854/1016/879 853/1015/878 824/986/849 
f 824/986/849 823/985/848 854/1016/879 
f 603/726/605 575/697/576 638/767/646 
f 790/1017/815 603/726/605 638/767/646 
f 821/1018/846 790/1017/815 638/767/646 
f 819/1019/844 821/1018/846 638/767/646 
f 817/1020/842 819/1019/844 638/767/646 
f 638/767/646 637/766/645 777/937/800 
f 817/1020/842 638/767/646 777/937/800 
f 815/1021/840 817/1020/842 777/937/800 
f 813/1022/838 815/1021/840 777/937/800 
f 777/937/800 770/930/793 813/1022/838 
f 811/1023/836 813/1022/838 770/930/793 
f 811/1023/836 770/930/793 571/693/572 
f 811/1023/836 571/693/572 789/949/812 
f 809/1024/834 811/1023/836 789/949/812 
f 855/1025/880 807/1026/832 809/1024/834 
f 809/1024/834 789/949/812 855/1025/880 
f 805/1027/830 807/1026/832 855/1025/880 
f 855/1025/880 856/1028/881 805/1027/830 
f 803/1029/828 805/1027/830 856/1028/881 
f 597/720/599 801/1030/826 803/1029/828 
f 803/1029/828 598/721/600 597/720/599 
f 563/685/564 799/1031/824 801/1030/826 
f 801/1030/826 597/720/599 563/685/564 
f 797/1032/822 799/1031/824 563/685/564 
f 563/685/564 562/684/563 797/1032/822 
f 604/727/606 795/1033/820 797/1032/822 
f 797/1032/822 562/684/563 604/727/606 
f 793/1034/818 795/1033/820 604/727/606 
f 603/726/605 790/1017/815 793/1034/818 
f 793/1034/818 604/727/606 603/726/605 
f 856/1028/881 823/1035/848 826/1036/851 
f 826/1036/851 598/721/600 856/1028/881 
f 855/1025/880 854/1037/879 823/1035/848 
f 823/1035/848 856/1028/881 855/1025/880 
f 852/1038/877 854/1037/879 855/1025/880 
f 850/1039/875 852/1038/877 855/1025/880 
f 855/1025/880 789/949/812 850/1039/875 
f 640/769/648 848/1040/873 850/1039/875 
f 850/1039/875 789/949/812 640/769/648 
f 846/1041/871 848/1040/873 640/769/648 
f 591/714/593 844/1042/869 846/1041/871 
f 846/1041/871 640/769/648 591/714/593 
f 590/713/592 842/1043/867 844/1042/869 
f 844/1042/869 591/714/593 590/713/592 
f 840/1044/865 842/1043/867 590/713/592 
f 590/713/592 601/724/603 840/1044/865 
f 838/1045/863 840/1044/865 601/724/603 
f 587/710/589 836/1046/861 838/1045/863 
f 838/1045/863 601/724/603 587/710/589 
f 822/984/847 834/1047/859 836/1046/861 
f 836/1046/861 587/710/589 822/984/847 
f 832/1048/857 834/1047/859 822/984/847 
f 822/984/847 652/784/663 832/1048/857 
f 830/1049/855 832/1048/857 652/784/663 
f 652/784/663 599/722/601 830/1049/855 
f 826/1036/851 828/1050/853 598/721/600 
f 598/721/600 828/1050/853 830/1049/855 
f 830/1049/855 599/722/601 598/721/600 
f 546/884/763 2/869/748 730/872/751 
f 730/872/751 741/885/764 546/884/763 
f 642/771/650 627/756/635 542/755/634 
f 542/755/634 116/772/651 642/771/650 
f 598/721/600 803/1029/828 856/1028/881 
f 857/1051/882 858/1052/883 859/1053/884 
f 859/1053/884 860/1054/885 857/1051/882 
f 861/1055/886 862/1056/887 863/1057/888 
f 863/1057/888 864/1058/889 861/1055/886 
f 865/1059/890 866/1060/891 867/1061/892 
f 867/1061/892 868/1062/893 865/1059/890 
f 860/1054/885 859/1053/884 866/1060/891 
f 866/1060/891 865/1059/890 860/1054/885 
f 869/1063/894 236/1064/895 257/1065/896 
f 257/1065/896 870/1066/897 869/1063/894 
f 871/1067/898 872/1068/899 873/1069/900 
f 873/1069/900 874/1070/901 871/1067/898 
f 873/1069/900 869/1063/894 870/1066/897 
f 870/1066/897 874/1070/901 873/1069/900 
f 875/1071/902 876/1072/903 872/1068/899 
f 872/1068/899 871/1067/898 875/1071/902 
f 877/1073/904 863/1057/888 862/1056/887 
f 862/1056/887 878/1074/905 877/1073/904 
f 868/1062/893 867/1061/892 879/1075/906 
f 879/1075/906 880/1076/907 868/1062/893 
f 864/1058/889 863/1057/888 879/1075/906 
f 879/1075/906 881/1077/908 864/1058/889 
f 880/1076/907 879/1075/906 863/1057/888 
f 863/1057/888 877/1073/904 880/1076/907 
f 881/1077/908 879/1075/906 867/1061/892 
f 867/1061/892 876/1072/903 881/1077/908 
f 876/1072/903 867/1061/892 866/1060/891 
f 866/1060/891 872/1068/899 876/1072/903 
f 872/1068/899 866/1060/891 859/1053/884 
f 859/1053/884 873/1069/900 872/1068/899 
f 873/1069/900 859/1053/884 858/1052/883 
f 858/1052/883 869/1063/894 873/1069/900 
f 869/1063/894 858/1052/883 237/1078/909 
f 237/1078/909 236/1064/895 869/1063/894 
f 882/1079/910 870/1066/897 257/1065/896 
f 257/1065/896 256/1080/911 882/1079/910 
f 883/1081/912 874/1070/901 870/1066/897 
f 870/1066/897 882/1079/910 883/1081/912 
f 874/1070/901 883/1081/912 884/1082/913 
f 884/1082/913 871/1067/898 874/1070/901 
f 871/1067/898 884/1082/913 885/1083/914 
f 885/1083/914 875/1071/902 871/1067/898 
f 886/1084/915 887/1085/916 882/1079/910 
f 882/1079/910 256/1080/911 886/1084/915 
f 888/1086/917 889/1087/918 884/1082/913 
f 884/1082/913 883/1081/912 888/1086/917 
f 884/1082/913 889/1087/918 890/1088/919 
f 890/1088/919 885/1083/914 884/1082/913 
f 875/1071/902 891/1089/920 892/1090/921 
f 892/1090/921 876/1072/903 875/1071/902 
f 876/1072/903 892/1090/921 893/1091/922 
f 893/1091/922 881/1077/908 876/1072/903 
f 881/1077/908 893/1091/922 894/1092/923 
f 894/1092/923 864/1058/889 881/1077/908 
f 864/1058/889 894/1092/923 895/1093/924 
f 895/1093/924 861/1055/886 864/1058/889 
f 890/1088/919 896/1094/925 897/1095/926 
f 897/1095/926 885/1083/914 890/1088/919 
f 367/1096/927 237/1078/909 858/1052/883 
f 858/1052/883 857/1051/882 367/1096/927 
f 898/1097/928 899/1098/929 900/1099/930 
f 900/1099/930 901/1100/931 898/1097/928 
f 902/1101/932 898/1097/928 901/1100/931 
f 901/1100/931 903/1102/933 902/1101/932 
f 898/1097/928 902/1101/932 904/1103/934 
f 904/1103/934 905/1104/935 898/1097/928 
f 899/1098/929 898/1097/928 905/1104/935 
f 905/1104/935 906/1105/936 899/1098/929 
f 907/1106/937 908/1107/938 904/1103/934 
f 904/1103/934 902/1101/932 907/1106/937 
f 909/1108/939 907/1106/937 902/1101/932 
f 902/1101/932 903/1102/933 909/1108/939 
f 907/1106/937 909/1108/939 910/1109/940 
f 910/1109/940 911/1110/941 907/1106/937 
f 908/1107/938 907/1106/937 911/1110/941 
f 911/1110/941 912/1111/942 908/1107/938 
f 913/1112/943 914/1113/944 912/1111/942 
f 912/1111/942 911/1110/941 913/1112/943 
f 915/1114/945 913/1112/943 911/1110/941 
f 911/1110/941 910/1109/940 915/1114/945 
f 913/1112/943 915/1114/945 916/1115/946 
f 916/1115/946 917/1116/947 913/1112/943 
f 914/1113/944 913/1112/943 917/1116/947 
f 917/1116/947 918/1117/948 914/1113/944 
f 919/1118/949 920/1119/950 918/1117/948 
f 918/1117/948 917/1116/947 919/1118/949 
f 921/1120/951 919/1118/949 917/1116/947 
f 917/1116/947 916/1115/946 921/1120/951 
f 919/1118/949 921/1120/951 922/1121/952 
f 922/1121/952 923/1122/953 919/1118/949 
f 920/1119/950 919/1118/949 923/1122/953 
f 923/1122/953 924/1123/954 920/1119/950 
f 925/1124/955 926/1125/956 924/1123/954 
f 924/1123/954 923/1122/953 925/1124/955 
f 927/1126/957 925/1124/955 923/1122/953 
f 923/1122/953 922/1121/952 927/1126/957 
f 925/1124/955 927/1126/957 928/1127/958 
f 928/1127/958 929/1128/959 925/1124/955 
f 926/1125/956 925/1124/955 929/1128/959 
f 929/1128/959 930/1129/960 926/1125/956 
f 931/1130/961 932/1131/962 930/1129/960 
f 930/1129/960 929/1128/959 931/1130/961 
f 933/1132/963 931/1130/961 929/1128/959 
f 929/1128/959 928/1127/958 933/1132/963 
f 931/1130/961 933/1132/963 934/1133/964 
f 934/1133/964 935/1134/965 931/1130/961 
f 932/1131/962 931/1130/961 935/1134/965 
f 935/1134/965 936/1135/966 932/1131/962 
f 937/1136/967 938/1137/968 936/1135/966 
f 936/1135/966 935/1134/965 937/1136/967 
f 939/1138/969 937/1136/967 935/1134/965 
f 935/1134/965 934/1133/964 939/1138/969 
f 937/1136/967 939/1138/969 940/1139/970 
f 940/1139/970 941/1140/971 937/1136/967 
f 938/1137/968 937/1136/967 941/1140/971 
f 941/1140/971 942/1141/972 938/1137/968 
f 943/1142/973 944/1143/974 942/1141/972 
f 942/1141/972 941/1140/971 943/1142/973 
f 945/1144/975 943/1142/973 941/1140/971 
f 941/1140/971 940/1139/970 945/1144/975 
f 943/1142/973 945/1144/975 946/1145/976 
f 946/1145/976 947/1146/977 943/1142/973 
f 944/1143/974 943/1142/973 947/1146/977 
f 947/1146/977 948/1147/978 944/1143/974 
f 949/1148/979 950/1149/980 948/1147/978 
f 948/1147/978 947/1146/977 949/1148/979 
f 951/1150/981 949/1148/979 947/1146/977 
f 947/1146/977 946/1145/976 951/1150/981 
f 949/1148/979 951/1150/981 952/1151/982 
f 952/1151/982 953/1152/983 949/1148/979 
f 950/1149/980 949/1148/979 953/1152/983 
f 953/1152/983 954/1153/984 950/1149/980 
f 955/1154/985 956/1155/986 954/1153/984 
f 954/1153/984 953/1152/983 955/1154/985 
f 957/1156/987 955/1154/985 953/1152/983 
f 953/1152/983 952/1151/982 957/1156/987 
f 955/1154/985 957/1156/987 958/1157/988 
f 958/1157/988 959/1158/989 955/1154/985 
f 956/1155/986 955/1154/985 959/1158/989 
f 959/1158/989 960/1159/990 956/1155/986 
f 961/1160/991 962/1161/992 960/1159/990 
f 960/1159/990 959/1158/989 961/1160/991 
f 963/1162/993 961/1160/991 959/1158/989 
f 959/1158/989 958/1157/988 963/1162/993 
f 961/1160/991 963/1162/993 964/1163/994 
f 964/1163/994 965/1164/995 961/1160/991 
f 962/1161/992 961/1160/991 965/1164/995 
f 965/1164/995 966/1165/996 962/1161/992 
f 967/1166/997 968/1167/998 966/1165/996 
f 966/1165/996 965/1164/995 967/1166/997 
f 969/1168/999 967/1166/997 965/1164/995 
f 965/1164/995 964/1163/994 969/1168/999 
f 970/1169/1000 967/1166/997 969/1168/999 
f 968/1167/998 967/1166/997 970/1169/1000 
f 970/1169/1000 971/1170/1001 968/1167/998 
f 971/1170/1001 970/1169/1000 972/1171/1002 
f 973/1172/1003 974/1173/1004 905/1104/935 
f 905/1104/935 904/1103/934 973/1172/1003 
f 975/1174/1005 906/1105/936 905/1104/935 
f 905/1104/935 974/1173/1004 975/1174/1005 
f 976/1175/1006 977/1176/1007 908/1107/938 
f 908/1107/938 912/1111/942 976/1175/1006 
f 977/1176/1007 973/1172/1003 904/1103/934 
f 904/1103/934 908/1107/938 977/1176/1007 
f 978/1177/1008 979/1178/1009 914/1113/944 
f 914/1113/944 918/1117/948 978/1177/1008 
f 979/1178/1009 976/1175/1006 912/1111/942 
f 912/1111/942 914/1113/944 979/1178/1009 
f 980/1179/1010 981/1180/1011 920/1119/950 
f 920/1119/950 924/1123/954 980/1179/1010 
f 981/1180/1011 978/1177/1008 918/1117/948 
f 918/1117/948 920/1119/950 981/1180/1011 
f 982/1181/1012 983/1182/1013 926/1125/956 
f 926/1125/956 930/1129/960 982/1181/1012 
f 983/1182/1013 980/1179/1010 924/1123/954 
f 924/1123/954 926/1125/956 983/1182/1013 
f 984/1183/1014 985/1184/1015 932/1131/962 
f 932/1131/962 936/1135/966 984/1183/1014 
f 985/1184/1015 982/1181/1012 930/1129/960 
f 930/1129/960 932/1131/962 985/1184/1015 
f 986/1185/1016 987/1186/1017 938/1137/968 
f 938/1137/968 942/1141/972 986/1185/1016 
f 987/1186/1017 984/1183/1014 936/1135/966 
f 936/1135/966 938/1137/968 987/1186/1017 
f 988/1187/1018 989/1188/1019 944/1143/974 
f 944/1143/974 948/1147/978 988/1187/1018 
f 989/1188/1019 986/1185/1016 942/1141/972 
f 942/1141/972 944/1143/974 989/1188/1019 
f 990/1189/1020 991/1190/1021 950/1149/980 
f 950/1149/980 954/1153/984 990/1189/1020 
f 991/1190/1021 988/1187/1018 948/1147/978 
f 948/1147/978 950/1149/980 991/1190/1021 
f 992/1191/1022 993/1192/1023 956/1155/986 
f 956/1155/986 960/1159/990 992/1191/1022 
f 993/1192/1023 990/1189/1020 954/1153/984 
f 954/1153/984 956/1155/986 993/1192/1023 
f 994/1193/1024 995/1194/1025 962/1161/992 
f 962/1161/992 966/1165/996 994/1193/1024 
f 995/1194/1025 992/1191/1022 960/1159/990 
f 960/1159/990 962/1161/992 995/1194/1025 
f 996/1195/1026 997/1196/1027 968/1167/998 
f 968/1167/998 971/1170/1001 996/1195/1026 
f 997/1196/1027 994/1193/1024 966/1165/996 
f 966/1165/996 968/1167/998 997/1196/1027 
f 998/1197/1028 999/1198/1029 972/1171/1002 
f 972/1171/1002 1000/1199/1030 998/1197/1028 
f 999/1198/1029 996/1195/1026 971/1170/1001 
f 971/1170/1001 972/1171/1002 999/1198/1029 
f 1001/1200/1031 1002/1201/1032 1003/1202/1033 
f 1003/1202/1033 1004/1203/1034 1001/1200/1031 
f 1001/1200/1031 998/1197/1028 1000/1199/1030 
f 1000/1199/1030 1002/1201/1032 1001/1200/1031 
f 1005/1204/1035 901/1100/931 900/1099/930 
f 900/1099/930 1006/1205/1036 1005/1204/1035 
f 1007/1206/1037 903/1102/933 901/1100/931 
f 901/1100/931 1005/1204/1035 1007/1206/1037 
f 1007/1206/1037 1008/1207/1038 909/1108/939 
f 909/1108/939 903/1102/933 1007/1206/1037 
f 1009/1208/1039 910/1109/940 909/1108/939 
f 909/1108/939 1008/1207/1038 1009/1208/1039 
f 1009/1208/1039 1010/1209/1040 915/1114/945 
f 915/1114/945 910/1109/940 1009/1208/1039 
f 1011/1210/1041 916/1115/946 915/1114/945 
f 915/1114/945 1010/1209/1040 1011/1210/1041 
f 1011/1210/1041 1012/1211/1042 921/1120/951 
f 921/1120/951 916/1115/946 1011/1210/1041 
f 1013/1212/1043 922/1121/952 921/1120/951 
f 921/1120/951 1012/1211/1042 1013/1212/1043 
f 1013/1212/1043 1014/1213/1044 927/1126/957 
f 927/1126/957 922/1121/952 1013/1212/1043 
f 1015/1214/1045 928/1127/958 927/1126/957 
f 927/1126/957 1014/1213/1044 1015/1214/1045 
f 1015/1214/1045 1016/1215/1046 933/1132/963 
f 933/1132/963 928/1127/958 1015/1214/1045 
f 1017/1216/1047 934/1133/964 933/1132/963 
f 933/1132/963 1016/1215/1046 1017/1216/1047 
f 1017/1216/1047 1018/1217/1048 939/1138/969 
f 939/1138/969 934/1133/964 1017/1216/1047 
f 1019/1218/1049 940/1139/970 939/1138/969 
f 939/1138/969 1018/1217/1048 1019/1218/1049 
f 1019/1218/1049 1020/1219/1050 945/1144/975 
f 945/1144/975 940/1139/970 1019/1218/1049 
f 1021/1220/1051 946/1145/976 945/1144/975 
f 945/1144/975 1020/1219/1050 1021/1220/1051 
f 1021/1220/1051 1022/1221/1052 951/1150/981 
f 951/1150/981 946/1145/976 1021/1220/1051 
f 1023/1222/1053 952/1151/982 951/1150/981 
f 951/1150/981 1022/1221/1052 1023/1222/1053 
f 1023/1222/1053 1024/1223/1054 957/1156/987 
f 957/1156/987 952/1151/982 1023/1222/1053 
f 1025/1224/1055 958/1157/988 957/1156/987 
f 957/1156/987 1024/1223/1054 1025/1224/1055 
f 1025/1224/1055 1026/1225/1056 963/1162/993 
f 963/1162/993 958/1157/988 1025/1224/1055 
f 1027/1226/1057 964/1163/994 963/1162/993 
f 963/1162/993 1026/1225/1056 1027/1226/1057 
f 1027/1226/1057 1028/1227/1058 969/1168/999 
f 969/1168/999 964/1163/994 1027/1226/1057 
f 1029/1228/1059 1030/1229/1060 1031/1230/1061 
f 1031/1230/1061 1032/1231/1062 1029/1228/1059 
f 1033/1232/1063 1029/1228/1059 1032/1231/1062 
f 1032/1231/1062 1034/1233/1064 1033/1232/1063 
f 1029/1228/1059 1033/1232/1063 1035/1234/1065 
f 1035/1234/1065 1036/1235/1066 1029/1228/1059 
f 1030/1229/1060 1029/1228/1059 1036/1235/1066 
f 1036/1235/1066 1037/1236/1067 1030/1229/1060 
f 1038/1237/1068 1039/1238/1069 1040/1239/1070 
f 1040/1239/1070 1041/1240/1071 1038/1237/1068 
f 1042/1241/1072 1038/1237/1068 1041/1240/1071 
f 1041/1240/1071 1043/1242/1073 1042/1241/1072 
f 1038/1237/1068 1042/1241/1072 1034/1233/1064 
f 1034/1233/1064 1032/1231/1062 1038/1237/1068 
f 1039/1238/1069 1038/1237/1068 1032/1231/1062 
f 1032/1231/1062 1031/1230/1061 1039/1238/1069 
f 1044/1243/1074 1045/1244/1075 1046/1245/1076 
f 1046/1245/1076 1047/1246/1077 1044/1243/1074 
f 1048/1247/1078 1044/1243/1074 1047/1246/1077 
f 1047/1246/1077 1049/1248/1079 1048/1247/1078 
f 1044/1243/1074 1048/1247/1078 1043/1242/1073 
f 1043/1242/1073 1041/1240/1071 1044/1243/1074 
f 1045/1244/1075 1044/1243/1074 1041/1240/1071 
f 1041/1240/1071 1040/1239/1070 1045/1244/1075 
f 1050/1249/1080 1051/1250/1081 1052/1251/1082 
f 1052/1251/1082 1053/1252/1083 1050/1249/1080 
f 1054/1253/1084 1050/1249/1080 1053/1252/1083 
f 1053/1252/1083 1055/1254/1085 1054/1253/1084 
f 1050/1249/1080 1054/1253/1084 1049/1248/1079 
f 1049/1248/1079 1047/1246/1077 1050/1249/1080 
f 1051/1250/1081 1050/1249/1080 1047/1246/1077 
f 1047/1246/1077 1046/1245/1076 1051/1250/1081 
f 1056/1255/1086 1057/1256/1087 1058/1257/1088 
f 1058/1257/1088 1059/1258/1089 1056/1255/1086 
f 1060/1259/1090 1056/1255/1086 1059/1258/1089 
f 1059/1258/1089 1061/1260/1091 1060/1259/1090 
f 1056/1255/1086 1060/1259/1090 1055/1254/1085 
f 1055/1254/1085 1053/1252/1083 1056/1255/1086 
f 1057/1256/1087 1056/1255/1086 1053/1252/1083 
f 1053/1252/1083 1052/1251/1082 1057/1256/1087 
f 1062/1261/1092 1063/1262/1093 1064/1263/1094 
f 1064/1263/1094 1065/1264/1095 1062/1261/1092 
f 1066/1265/1096 1062/1261/1092 1065/1264/1095 
f 1065/1264/1095 1067/1266/1097 1066/1265/1096 
f 1062/1261/1092 1066/1265/1096 1061/1260/1091 
f 1061/1260/1091 1059/1258/1089 1062/1261/1092 
f 1063/1262/1093 1062/1261/1092 1059/1258/1089 
f 1059/1258/1089 1058/1257/1088 1063/1262/1093 
f 1068/1267/1098 1069/1268/1099 1070/1269/1100 
f 1070/1269/1100 1071/1270/1101 1068/1267/1098 
f 1072/1271/1102 1068/1267/1098 1071/1270/1101 
f 1071/1270/1101 1073/1272/1103 1072/1271/1102 
f 1068/1267/1098 1072/1271/1102 1067/1266/1097 
f 1067/1266/1097 1065/1264/1095 1068/1267/1098 
f 1069/1268/1099 1068/1267/1098 1065/1264/1095 
f 1065/1264/1095 1064/1263/1094 1069/1268/1099 
f 1074/1273/1104 1075/1274/1105 1076/1275/1106 
f 1076/1275/1106 1077/1276/1107 1074/1273/1104 
f 1078/1277/1108 1074/1273/1104 1077/1276/1107 
f 1077/1276/1107 1079/1278/1109 1078/1277/1108 
f 1074/1273/1104 1078/1277/1108 1073/1272/1103 
f 1073/1272/1103 1071/1270/1101 1074/1273/1104 
f 1075/1274/1105 1074/1273/1104 1071/1270/1101 
f 1071/1270/1101 1070/1269/1100 1075/1274/1105 
f 1080/1279/1110 1081/1280/1111 1082/1281/1112 
f 1082/1281/1112 1083/1282/1113 1080/1279/1110 
f 1084/1283/1114 1080/1279/1110 1083/1282/1113 
f 1083/1282/1113 1085/1284/1115 1084/1283/1114 
f 1080/1279/1110 1084/1283/1114 1079/1278/1109 
f 1079/1278/1109 1077/1276/1107 1080/1279/1110 
f 1081/1280/1111 1080/1279/1110 1077/1276/1107 
f 1077/1276/1107 1076/1275/1106 1081/1280/1111 
f 1086/1285/1116 1087/1286/1117 1085/1284/1115 
f 1085/1284/1115 1088/1287/1118 1086/1285/1116 
f 1089/1288/1119 1086/1285/1116 1088/1287/1118 
f 1088/1287/1118 1090/1289/1120 1089/1288/1119 
f 1091/1290/1121 1092/1291/1122 1086/1285/1116 
f 1086/1285/1116 1089/1288/1119 1091/1290/1121 
f 1087/1286/1117 1086/1285/1116 1092/1291/1122 
f 1092/1291/1122 1093/1292/1123 1087/1286/1117 
f 889/1087/918 1094/1293/1124 1095/1294/1125 
f 1095/1294/1125 890/1088/919 889/1087/918 
f 888/1086/917 1096/1295/1126 1094/1293/1124 
f 1094/1293/1124 889/1087/918 888/1086/917 
f 1094/1293/1124 1096/1295/1126 1090/1289/1120 
f 1090/1289/1120 1097/1296/1127 1094/1293/1124 
f 1095/1294/1125 1094/1293/1124 1097/1296/1127 
f 1097/1296/1127 1098/1297/1128 1095/1294/1125 
f 1099/1298/1129 1033/1232/1063 1034/1233/1064 
f 1034/1233/1064 1100/1299/1130 1099/1298/1129 
f 1099/1298/1129 1100/1299/1130 1101/1300/1131 
f 1101/1300/1131 1102/1301/1132 1099/1298/1129 
f 1103/1302/1133 1099/1298/1129 1102/1301/1132 
f 1102/1301/1132 1104/1303/1134 1103/1302/1133 
f 1033/1232/1063 1099/1298/1129 1103/1302/1133 
f 1103/1302/1133 1035/1234/1065 1033/1232/1063 
f 1037/1236/1067 1105/1304/1135 1106/1305/1136 
f 1106/1305/1136 1030/1229/1060 1037/1236/1067 
f 1107/1306/1137 1031/1230/1061 1030/1229/1060 
f 1030/1229/1060 1106/1305/1136 1107/1306/1137 
f 1108/1307/1138 1042/1241/1072 1043/1242/1073 
f 1043/1242/1073 1109/1308/1139 1108/1307/1138 
f 1108/1307/1138 1109/1308/1139 1110/1309/1140 
f 1110/1309/1140 1111/1310/1141 1108/1307/1138 
f 1100/1299/1130 1108/1307/1138 1111/1310/1141 
f 1111/1310/1141 1101/1300/1131 1100/1299/1130 
f 1042/1241/1072 1108/1307/1138 1100/1299/1130 
f 1100/1299/1130 1034/1233/1064 1042/1241/1072 
f 1031/1230/1061 1107/1306/1137 1112/1311/1142 
f 1112/1311/1142 1039/1238/1069 1031/1230/1061 
f 1039/1238/1069 1112/1311/1142 1113/1312/1143 
f 1113/1312/1143 1040/1239/1070 1039/1238/1069 
f 1114/1313/1144 1048/1247/1078 1049/1248/1079 
f 1049/1248/1079 1115/1314/1145 1114/1313/1144 
f 1114/1313/1144 1115/1314/1145 1116/1315/1146 
f 1116/1315/1146 1117/1316/1147 1114/1313/1144 
f 1109/1308/1139 1114/1313/1144 1117/1316/1147 
f 1117/1316/1147 1110/1309/1140 1109/1308/1139 
f 1048/1247/1078 1114/1313/1144 1109/1308/1139 
f 1109/1308/1139 1043/1242/1073 1048/1247/1078 
f 1040/1239/1070 1113/1312/1143 1118/1317/1148 
f 1118/1317/1148 1045/1244/1075 1040/1239/1070 
f 1045/1244/1075 1118/1317/1148 1119/1318/1149 
f 1119/1318/1149 1046/1245/1076 1045/1244/1075 
f 1120/1319/1150 1054/1253/1084 1055/1254/1085 
f 1055/1254/1085 1121/1320/1151 1120/1319/1150 
f 1120/1319/1150 1121/1320/1151 1122/1321/1152 
f 1122/1321/1152 1123/1322/1153 1120/1319/1150 
f 1115/1314/1145 1120/1319/1150 1123/1322/1153 
f 1123/1322/1153 1116/1315/1146 1115/1314/1145 
f 1054/1253/1084 1120/1319/1150 1115/1314/1145 
f 1115/1314/1145 1049/1248/1079 1054/1253/1084 
f 1046/1245/1076 1119/1318/1149 1124/1323/1154 
f 1124/1323/1154 1051/1250/1081 1046/1245/1076 
f 1051/1250/1081 1124/1323/1154 1125/1324/1155 
f 1125/1324/1155 1052/1251/1082 1051/1250/1081 
f 1126/1325/1156 1060/1259/1090 1061/1260/1091 
f 1061/1260/1091 1127/1326/1157 1126/1325/1156 
f 1126/1325/1156 1127/1326/1157 1128/1327/1158 
f 1128/1327/1158 1129/1328/1159 1126/1325/1156 
f 1121/1320/1151 1126/1325/1156 1129/1328/1159 
f 1129/1328/1159 1122/1321/1152 1121/1320/1151 
f 1060/1259/1090 1126/1325/1156 1121/1320/1151 
f 1121/1320/1151 1055/1254/1085 1060/1259/1090 
f 1052/1251/1082 1125/1324/1155 1130/1329/1160 
f 1130/1329/1160 1057/1256/1087 1052/1251/1082 
f 1057/1256/1087 1130/1329/1160 1131/1330/1161 
f 1131/1330/1161 1058/1257/1088 1057/1256/1087 
f 1132/1331/1162 1066/1265/1096 1067/1266/1097 
f 1067/1266/1097 1133/1332/1163 1132/1331/1162 
f 1132/1331/1162 1133/1332/1163 1134/1333/1164 
f 1134/1333/1164 1135/1334/1165 1132/1331/1162 
f 1127/1326/1157 1132/1331/1162 1135/1334/1165 
f 1135/1334/1165 1128/1327/1158 1127/1326/1157 
f 1066/1265/1096 1132/1331/1162 1127/1326/1157 
f 1127/1326/1157 1061/1260/1091 1066/1265/1096 
f 1058/1257/1088 1131/1330/1161 1136/1335/1166 
f 1136/1335/1166 1063/1262/1093 1058/1257/1088 
f 1063/1262/1093 1136/1335/1166 1137/1336/1167 
f 1137/1336/1167 1064/1263/1094 1063/1262/1093 
f 1138/1337/1168 1072/1271/1102 1073/1272/1103 
f 1073/1272/1103 1139/1338/1169 1138/1337/1168 
f 1138/1337/1168 1139/1338/1169 1140/1339/1170 
f 1140/1339/1170 1141/1340/1171 1138/1337/1168 
f 1133/1332/1163 1138/1337/1168 1141/1340/1171 
f 1141/1340/1171 1134/1333/1164 1133/1332/1163 
f 1072/1271/1102 1138/1337/1168 1133/1332/1163 
f 1133/1332/1163 1067/1266/1097 1072/1271/1102 
f 1064/1263/1094 1137/1336/1167 1142/1341/1172 
f 1142/1341/1172 1069/1268/1099 1064/1263/1094 
f 1069/1268/1099 1142/1341/1172 1143/1342/1173 
f 1143/1342/1173 1070/1269/1100 1069/1268/1099 
f 1144/1343/1174 1078/1277/1108 1079/1278/1109 
f 1079/1278/1109 1145/1344/1175 1144/1343/1174 
f 1145/1344/1175 1146/1345/1176 1147/1346/1177 
f 1147/1346/1177 1144/1343/1174 1145/1344/1175 
f 1139/1338/1169 1144/1343/1174 1147/1346/1177 
f 1147/1346/1177 1140/1339/1170 1139/1338/1169 
f 1078/1277/1108 1144/1343/1174 1139/1338/1169 
f 1139/1338/1169 1073/1272/1103 1078/1277/1108 
f 1070/1269/1100 1143/1342/1173 1148/1347/1178 
f 1148/1347/1178 1075/1274/1105 1070/1269/1100 
f 1075/1274/1105 1148/1347/1178 1149/1348/1179 
f 1149/1348/1179 1076/1275/1106 1075/1274/1105 
f 1150/1349/1180 1084/1283/1114 1085/1284/1115 
f 1085/1284/1115 1087/1286/1117 1150/1349/1180 
f 1150/1349/1180 1087/1286/1117 1093/1292/1123 
f 1093/1292/1123 1151/1350/1181 1150/1349/1180 
f 1145/1344/1175 1150/1349/1180 1151/1350/1181 
f 1151/1350/1181 1146/1345/1176 1145/1344/1175 
f 1084/1283/1114 1150/1349/1180 1145/1344/1175 
f 1145/1344/1175 1079/1278/1109 1084/1283/1114 
f 1076/1275/1106 1149/1348/1179 1152/1351/1182 
f 1152/1351/1182 1081/1280/1111 1076/1275/1106 
f 1081/1280/1111 1152/1351/1182 1153/1352/1183 
f 1153/1352/1183 1082/1281/1112 1081/1280/1111 
f 1082/1281/1112 1153/1352/1183 1154/1353/1184 
f 1154/1353/1184 1155/1354/1185 1082/1281/1112 
f 1155/1354/1185 1154/1353/1184 1156/1355/1186 
f 1156/1355/1186 1098/1297/1128 1155/1354/1185 
f 887/1085/916 1157/1356/1187 1096/1295/1126 
f 1096/1295/1126 888/1086/917 887/1085/916 
f 1089/1288/1119 1157/1356/1187 1158/1357/1188 
f 1158/1357/1188 1091/1290/1121 1089/1288/1119 
f 1096/1295/1126 1157/1356/1187 1089/1288/1119 
f 1089/1288/1119 1090/1289/1120 1096/1295/1126 
f 1098/1297/1128 1156/1355/1186 1159/1358/1189 
f 1159/1358/1189 1095/1294/1125 1098/1297/1128 
f 1107/1306/1137 1106/1305/1136 1160/1359/1190 
f 1160/1359/1190 1161/1360/1191 1107/1306/1137 
f 1160/1359/1190 1106/1305/1136 1105/1304/1135 
f 1105/1304/1135 1162/1361/1192 1160/1359/1190 
f 1112/1311/1142 1163/1362/1193 1164/1363/1194 
f 1164/1363/1194 1113/1312/1143 1112/1311/1142 
f 1163/1362/1193 1112/1311/1142 1107/1306/1137 
f 1107/1306/1137 1161/1360/1191 1163/1362/1193 
f 1118/1317/1148 1165/1364/1195 1166/1365/1196 
f 1166/1365/1196 1119/1318/1149 1118/1317/1148 
f 1165/1364/1195 1118/1317/1148 1113/1312/1143 
f 1113/1312/1143 1164/1363/1194 1165/1364/1195 
f 1124/1323/1154 1167/1366/1197 1168/1367/1198 
f 1168/1367/1198 1125/1324/1155 1124/1323/1154 
f 1167/1366/1197 1124/1323/1154 1119/1318/1149 
f 1119/1318/1149 1166/1365/1196 1167/1366/1197 
f 1130/1329/1160 1169/1368/1199 1170/1369/1200 
f 1170/1369/1200 1131/1330/1161 1130/1329/1160 
f 1169/1368/1199 1130/1329/1160 1125/1324/1155 
f 1125/1324/1155 1168/1367/1198 1169/1368/1199 
f 1136/1335/1166 1171/1370/1201 1172/1371/1202 
f 1172/1371/1202 1137/1336/1167 1136/1335/1166 
f 1171/1370/1201 1136/1335/1166 1131/1330/1161 
f 1131/1330/1161 1170/1369/1200 1171/1370/1201 
f 1142/1341/1172 1173/1372/1203 1174/1373/1204 
f 1174/1373/1204 1143/1342/1173 1142/1341/1172 
f 1173/1372/1203 1142/1341/1172 1137/1336/1167 
f 1137/1336/1167 1172/1371/1202 1173/1372/1203 
f 1148/1347/1178 1175/1374/1205 1176/1375/1206 
f 1176/1375/1206 1149/1348/1179 1148/1347/1178 
f 1175/1374/1205 1148/1347/1178 1143/1342/1173 
f 1143/1342/1173 1174/1373/1204 1175/1374/1205 
f 1152/1351/1182 1177/1376/1207 1178/1377/1208 
f 1178/1377/1208 1153/1352/1183 1152/1351/1182 
f 1177/1376/1207 1152/1351/1182 1149/1348/1179 
f 1149/1348/1179 1176/1375/1206 1177/1376/1207 
f 1154/1353/1184 1179/1378/1209 1180/1379/1210 
f 1180/1379/1210 1156/1355/1186 1154/1353/1184 
f 1179/1378/1209 1154/1353/1184 1153/1352/1183 
f 1153/1352/1183 1178/1377/1208 1179/1378/1209 
f 1159/1358/1189 1181/1380/1211 1182/1381/1212 
f 1182/1381/1212 896/1094/925 1159/1358/1189 
f 1181/1380/1211 1159/1358/1189 1156/1355/1186 
f 1156/1355/1186 1180/1379/1210 1181/1380/1211 
f 897/1095/926 1183/1382/1213 1184/1383/1214 
f 1184/1383/1214 891/1089/920 897/1095/926 
f 1183/1382/1213 897/1095/926 896/1094/925 
f 896/1094/925 1182/1381/1212 1183/1382/1213 
f 892/1090/921 1185/1384/1215 1186/1385/1216 
f 1186/1385/1216 893/1091/922 892/1090/921 
f 1185/1384/1215 892/1090/921 891/1089/920 
f 891/1089/920 1184/1383/1214 1185/1384/1215 
f 894/1092/923 1187/1386/1217 1188/1387/1218 
f 1188/1387/1218 895/1093/924 894/1092/923 
f 1187/1386/1217 894/1092/923 893/1091/922 
f 893/1091/922 1186/1385/1216 1187/1386/1217 
f 1189/1388/1219 1088/1287/1118 1085/1284/1115 
f 1085/1284/1115 1083/1282/1113 1189/1388/1219 
f 1155/1354/1185 1189/1388/1219 1083/1282/1113 
f 1083/1282/1113 1082/1281/1112 1155/1354/1185 
f 1189/1388/1219 1155/1354/1185 1098/1297/1128 
f 1098/1297/1128 1097/1296/1127 1189/1388/1219 
f 1088/1287/1118 1189/1388/1219 1097/1296/1127 
f 1097/1296/1127 1090/1289/1120 1088/1287/1118 
f 896/1094/925 890/1088/919 1095/1294/1125 
f 1095/1294/1125 1159/1358/1189 896/1094/925 
f 886/1084/915 1158/1357/1188 1157/1356/1187 
f 1157/1356/1187 887/1085/916 886/1084/915 
f 1190/1389/1220 1191/1390/1221 1192/1391/1222 
f 1192/1391/1222 1193/1392/1223 1190/1389/1220 
f 1194/1393/1224 1195/1394/1225 862/1395/887 
f 862/1395/887 861/1396/886 1194/1393/1224 
f 1196/1397/1226 1197/1398/1227 1198/1399/1228 
f 1198/1399/1228 1199/1400/1229 1196/1397/1226 
f 1197/1398/1227 1196/1397/1226 1191/1390/1221 
f 1191/1390/1221 1190/1389/1220 1197/1398/1227 
f 1200/1401/1230 1201/1402/1231 403/1403/1232 
f 403/1403/1232 387/1404/1233 1200/1401/1230 
f 1202/1405/1234 1203/1406/1235 1204/1407/1236 
f 1204/1407/1236 1205/1408/1237 1202/1405/1234 
f 1205/1408/1237 1204/1407/1236 1201/1402/1231 
f 1201/1402/1231 1200/1401/1230 1205/1408/1237 
f 1206/1409/1238 1207/1410/1239 1203/1406/1235 
f 1203/1406/1235 1202/1405/1234 1206/1409/1238 
f 878/1411/905 862/1395/887 1195/1394/1225 
f 1195/1394/1225 1208/1412/1240 878/1411/905 
f 1209/1413/1241 1210/1414/1242 1199/1400/1229 
f 1199/1400/1229 1198/1399/1228 1209/1413/1241 
f 1211/1415/1243 1210/1414/1242 1195/1394/1225 
f 1195/1394/1225 1194/1393/1224 1211/1415/1243 
f 1208/1412/1240 1195/1394/1225 1210/1414/1242 
f 1210/1414/1242 1209/1413/1241 1208/1412/1240 
f 1206/1409/1238 1199/1400/1229 1210/1414/1242 
f 1210/1414/1242 1211/1415/1243 1206/1409/1238 
f 1202/1405/1234 1196/1397/1226 1199/1400/1229 
f 1199/1400/1229 1206/1409/1238 1202/1405/1234 
f 1205/1408/1237 1191/1390/1221 1196/1397/1226 
f 1196/1397/1226 1202/1405/1234 1205/1408/1237 
f 1200/1401/1230 1192/1391/1222 1191/1390/1221 
f 1191/1390/1221 1205/1408/1237 1200/1401/1230 
f 387/1404/1233 386/1416/1244 1192/1391/1222 
f 1192/1391/1222 1200/1401/1230 387/1404/1233 
f 403/1403/1232 1201/1402/1231 1212/1417/1245 404/1418/1246 
f 1212/1417/1245 1201/1402/1231 1204/1407/1236 1213/1419/1247 
f 1203/1406/1235 1214/1420/1248 1213/1419/1247 1204/1407/1236 
f 1207/1410/1239 1215/1421/1249 1214/1420/1248 1203/1406/1235 
f 1216/1422/1250 404/1418/1246 1212/1417/1245 
f 1212/1417/1245 1217/1423/1251 1216/1422/1250 
f 1218/1424/1252 1213/1419/1247 1214/1420/1248 
f 1214/1420/1248 1219/1425/1253 1218/1424/1252 
f 1215/1421/1249 1220/1426/1254 1219/1425/1253 
f 1219/1425/1253 1214/1420/1248 1215/1421/1249 
f 1221/1427/1255 1207/1410/1239 1206/1409/1238 
f 1206/1409/1238 1222/1428/1256 1221/1427/1255 
f 1222/1428/1256 1206/1409/1238 1211/1415/1243 
f 1211/1415/1243 1223/1429/1257 1222/1428/1256 
f 1223/1429/1257 1211/1415/1243 1194/1393/1224 
f 1194/1393/1224 1224/1430/1258 1223/1429/1257 
f 1224/1430/1258 1194/1393/1224 861/1396/886 
f 861/1396/886 895/1431/924 1224/1430/1258 
f 1215/1421/1249 1225/1432/1259 1226/1433/1260 
f 1226/1433/1260 1220/1426/1254 1215/1421/1249 
f 1193/1392/1223 1192/1391/1222 386/1416/1244 
f 386/1416/1244 502/1434/1261 1193/1392/1223 
f 1227/1435/1262 1228/1436/1263 900/1099/930 
f 900/1099/930 899/1098/929 1227/1435/1262 
f 1229/1437/1264 1230/1438/1265 1228/1436/1263 
f 1228/1436/1263 1227/1435/1262 1229/1437/1264 
f 1227/1435/1262 1231/1439/1266 1232/1440/1267 
f 1232/1440/1267 1229/1437/1264 1227/1435/1262 
f 899/1098/929 906/1105/936 1231/1439/1266 
f 1231/1439/1266 1227/1435/1262 899/1098/929 
f 1233/1441/1268 1229/1437/1264 1232/1440/1267 
f 1232/1440/1267 1234/1442/1269 1233/1441/1268 
f 1235/1443/1270 1230/1438/1265 1229/1437/1264 
f 1229/1437/1264 1233/1441/1268 1235/1443/1270 
f 1233/1441/1268 1236/1444/1271 1237/1445/1272 
f 1237/1445/1272 1235/1443/1270 1233/1441/1268 
f 1234/1442/1269 1238/1446/1273 1236/1444/1271 
f 1236/1444/1271 1233/1441/1268 1234/1442/1269 
f 1239/1447/1274 1236/1444/1271 1238/1446/1273 
f 1238/1446/1273 1240/1448/1275 1239/1447/1274 
f 1241/1449/1276 1237/1445/1272 1236/1444/1271 
f 1236/1444/1271 1239/1447/1274 1241/1449/1276 
f 1239/1447/1274 1242/1450/1277 1243/1451/1278 
f 1243/1451/1278 1241/1449/1276 1239/1447/1274 
f 1240/1448/1275 1244/1452/1279 1242/1450/1277 
f 1242/1450/1277 1239/1447/1274 1240/1448/1275 
f 1245/1453/1280 1242/1450/1277 1244/1452/1279 
f 1244/1452/1279 1246/1454/1281 1245/1453/1280 
f 1247/1455/1282 1243/1451/1278 1242/1450/1277 
f 1242/1450/1277 1245/1453/1280 1247/1455/1282 
f 1245/1453/1280 1248/1456/1283 1249/1457/1284 
f 1249/1457/1284 1247/1455/1282 1245/1453/1280 
f 1246/1454/1281 1250/1458/1285 1248/1456/1283 
f 1248/1456/1283 1245/1453/1280 1246/1454/1281 
f 1251/1459/1286 1248/1456/1283 1250/1458/1285 
f 1250/1458/1285 1252/1460/1287 1251/1459/1286 
f 1253/1461/1288 1249/1457/1284 1248/1456/1283 
f 1248/1456/1283 1251/1459/1286 1253/1461/1288 
f 1251/1459/1286 1254/1462/1289 1255/1463/1290 
f 1255/1463/1290 1253/1461/1288 1251/1459/1286 
f 1252/1460/1287 1256/1464/1291 1254/1462/1289 
f 1254/1462/1289 1251/1459/1286 1252/1460/1287 
f 1257/1465/1292 1254/1462/1289 1256/1464/1291 
f 1256/1464/1291 1258/1466/1293 1257/1465/1292 
f 1259/1467/1294 1255/1463/1290 1254/1462/1289 
f 1254/1462/1289 1257/1465/1292 1259/1467/1294 
f 1257/1465/1292 1260/1468/1295 1261/1469/1296 
f 1261/1469/1296 1259/1467/1294 1257/1465/1292 
f 1258/1466/1293 1262/1470/1297 1260/1468/1295 
f 1260/1468/1295 1257/1465/1292 1258/1466/1293 
f 1263/1471/1298 1260/1468/1295 1262/1470/1297 
f 1262/1470/1297 1264/1472/1299 1263/1471/1298 
f 1265/1473/1300 1261/1469/1296 1260/1468/1295 
f 1260/1468/1295 1263/1471/1298 1265/1473/1300 
f 1263/1471/1298 1266/1474/1301 1267/1475/1302 
f 1267/1475/1302 1265/1473/1300 1263/1471/1298 
f 1264/1472/1299 1268/1476/1303 1266/1474/1301 
f 1266/1474/1301 1263/1471/1298 1264/1472/1299 
f 1269/1477/1304 1266/1474/1301 1268/1476/1303 
f 1268/1476/1303 1270/1478/1305 1269/1477/1304 
f 1271/1479/1306 1267/1475/1302 1266/1474/1301 
f 1266/1474/1301 1269/1477/1304 1271/1479/1306 
f 1269/1477/1304 1272/1480/1307 1273/1481/1308 
f 1273/1481/1308 1271/1479/1306 1269/1477/1304 
f 1270/1478/1305 1274/1482/1309 1272/1480/1307 
f 1272/1480/1307 1269/1477/1304 1270/1478/1305 
f 1275/1483/1310 1272/1480/1307 1274/1482/1309 
f 1274/1482/1309 1276/1484/1311 1275/1483/1310 
f 1277/1485/1312 1273/1481/1308 1272/1480/1307 
f 1272/1480/1307 1275/1483/1310 1277/1485/1312 
f 1275/1483/1310 1278/1486/1313 1279/1487/1314 
f 1279/1487/1314 1277/1485/1312 1275/1483/1310 
f 1276/1484/1311 1280/1488/1315 1278/1486/1313 
f 1278/1486/1313 1275/1483/1310 1276/1484/1311 
f 1281/1489/1316 1278/1486/1313 1280/1488/1315 
f 1280/1488/1315 1282/1490/1317 1281/1489/1316 
f 1283/1491/1318 1279/1487/1314 1278/1486/1313 
f 1278/1486/1313 1281/1489/1316 1283/1491/1318 
f 1281/1489/1316 1284/1492/1319 1285/1493/1320 
f 1285/1493/1320 1283/1491/1318 1281/1489/1316 
f 1282/1490/1317 1286/1494/1321 1284/1492/1319 
f 1284/1492/1319 1281/1489/1316 1282/1490/1317 
f 1287/1495/1322 1284/1492/1319 1286/1494/1321 
f 1286/1494/1321 1288/1496/1323 1287/1495/1322 
f 1289/1497/1324 1285/1493/1320 1284/1492/1319 
f 1284/1492/1319 1287/1495/1322 1289/1497/1324 
f 1287/1495/1322 1290/1498/1325 1291/1499/1326 
f 1291/1499/1326 1289/1497/1324 1287/1495/1322 
f 1288/1496/1323 1292/1500/1327 1290/1498/1325 
f 1290/1498/1325 1287/1495/1322 1288/1496/1323 
f 1293/1501/1328 1290/1498/1325 1292/1500/1327 
f 1292/1500/1327 1294/1502/1329 1293/1501/1328 
f 1295/1503/1330 1291/1499/1326 1290/1498/1325 
f 1290/1498/1325 1293/1501/1328 1295/1503/1330 
f 1295/1503/1330 1293/1501/1328 1296/1504/1331 
f 1294/1502/1329 1297/1505/1332 1296/1504/1331 
f 1296/1504/1331 1293/1501/1328 1294/1502/1329 
f 1297/1505/1332 1298/1506/1333 1296/1504/1331 
f 1231/1439/1266 1299/1507/1334 1300/1508/1335 
f 1300/1508/1335 1232/1440/1267 1231/1439/1266 
f 1231/1439/1266 906/1105/936 975/1174/1005 
f 975/1174/1005 1299/1507/1334 1231/1439/1266 
f 1234/1442/1269 1301/1509/1336 1302/1510/1337 
f 1302/1510/1337 1238/1446/1273 1234/1442/1269 
f 1232/1440/1267 1300/1508/1335 1301/1509/1336 
f 1301/1509/1336 1234/1442/1269 1232/1440/1267 
f 1240/1448/1275 1303/1511/1338 1304/1512/1339 
f 1304/1512/1339 1244/1452/1279 1240/1448/1275 
f 1238/1446/1273 1302/1510/1337 1303/1511/1338 
f 1303/1511/1338 1240/1448/1275 1238/1446/1273 
f 1246/1454/1281 1305/1513/1340 1306/1514/1341 
f 1306/1514/1341 1250/1458/1285 1246/1454/1281 
f 1244/1452/1279 1304/1512/1339 1305/1513/1340 
f 1305/1513/1340 1246/1454/1281 1244/1452/1279 
f 1307/1515/1342 1256/1464/1291 1252/1460/1287 
f 1252/1460/1287 1308/1516/1343 1307/1515/1342 
f 1250/1458/1285 1306/1514/1341 1308/1516/1343 
f 1308/1516/1343 1252/1460/1287 1250/1458/1285 
f 1258/1466/1293 1309/1517/1344 1310/1518/1345 
f 1310/1518/1345 1262/1470/1297 1258/1466/1293 
f 1256/1464/1291 1307/1515/1342 1309/1517/1344 
f 1309/1517/1344 1258/1466/1293 1256/1464/1291 
f 1264/1472/1299 1311/1519/1346 1312/1520/1347 
f 1312/1520/1347 1268/1476/1303 1264/1472/1299 
f 1262/1470/1297 1310/1518/1345 1311/1519/1346 
f 1311/1519/1346 1264/1472/1299 1262/1470/1297 
f 1270/1478/1305 1313/1521/1348 1314/1522/1349 
f 1314/1522/1349 1274/1482/1309 1270/1478/1305 
f 1268/1476/1303 1312/1520/1347 1313/1521/1348 
f 1313/1521/1348 1270/1478/1305 1268/1476/1303 
f 1276/1484/1311 1315/1523/1350 1316/1524/1351 
f 1316/1524/1351 1280/1488/1315 1276/1484/1311 
f 1274/1482/1309 1314/1522/1349 1315/1523/1350 
f 1315/1523/1350 1276/1484/1311 1274/1482/1309 
f 1282/1490/1317 1317/1525/1352 1318/1526/1353 
f 1318/1526/1353 1286/1494/1321 1282/1490/1317 
f 1280/1488/1315 1316/1524/1351 1317/1525/1352 
f 1317/1525/1352 1282/1490/1317 1280/1488/1315 
f 1288/1496/1323 1319/1527/1354 1320/1528/1355 
f 1320/1528/1355 1292/1500/1327 1288/1496/1323 
f 1286/1494/1321 1318/1526/1353 1319/1527/1354 
f 1319/1527/1354 1288/1496/1323 1286/1494/1321 
f 1294/1502/1329 1321/1529/1356 1322/1530/1357 
f 1322/1530/1357 1297/1505/1332 1294/1502/1329 
f 1292/1500/1327 1320/1528/1355 1321/1529/1356 
f 1321/1529/1356 1294/1502/1329 1292/1500/1327 
f 1298/1506/1333 1323/1531/1358 1324/1532/1359 
f 1324/1532/1359 1325/1533/1360 1298/1506/1333 
f 1297/1505/1332 1322/1530/1357 1323/1531/1358 
f 1323/1531/1358 1298/1506/1333 1297/1505/1332 
f 1003/1534/1033 1326/1535/1361 1327/1536/1362 
f 1327/1536/1362 1004/1537/1034 1003/1534/1033 
f 1325/1533/1360 1324/1532/1359 1327/1536/1362 
f 1327/1536/1362 1326/1535/1361 1325/1533/1360 
f 900/1099/930 1228/1436/1263 1328/1538/1363 
f 1328/1538/1363 1006/1205/1036 900/1099/930 
f 1228/1436/1263 1230/1438/1265 1329/1539/1364 
f 1329/1539/1364 1328/1538/1363 1228/1436/1263 
f 1235/1443/1270 1330/1540/1365 1329/1539/1364 
f 1329/1539/1364 1230/1438/1265 1235/1443/1270 
f 1235/1443/1270 1237/1445/1272 1331/1541/1366 
f 1331/1541/1366 1330/1540/1365 1235/1443/1270 
f 1241/1449/1276 1332/1542/1367 1331/1541/1366 
f 1331/1541/1366 1237/1445/1272 1241/1449/1276 
f 1241/1449/1276 1243/1451/1278 1333/1543/1368 
f 1333/1543/1368 1332/1542/1367 1241/1449/1276 
f 1247/1455/1282 1334/1544/1369 1333/1543/1368 
f 1333/1543/1368 1243/1451/1278 1247/1455/1282 
f 1247/1455/1282 1249/1457/1284 1335/1545/1370 
f 1335/1545/1370 1334/1544/1369 1247/1455/1282 
f 1253/1461/1288 1336/1546/1371 1335/1545/1370 
f 1335/1545/1370 1249/1457/1284 1253/1461/1288 
f 1253/1461/1288 1255/1463/1290 1337/1547/1372 
f 1337/1547/1372 1336/1546/1371 1253/1461/1288 
f 1259/1467/1294 1338/1548/1373 1337/1547/1372 
f 1337/1547/1372 1255/1463/1290 1259/1467/1294 
f 1259/1467/1294 1261/1469/1296 1339/1549/1374 
f 1339/1549/1374 1338/1548/1373 1259/1467/1294 
f 1265/1473/1300 1340/1550/1375 1339/1549/1374 
f 1339/1549/1374 1261/1469/1296 1265/1473/1300 
f 1265/1473/1300 1267/1475/1302 1341/1551/1376 
f 1341/1551/1376 1340/1550/1375 1265/1473/1300 
f 1271/1479/1306 1342/1552/1377 1341/1551/1376 
f 1341/1551/1376 1267/1475/1302 1271/1479/1306 
f 1271/1479/1306 1273/1481/1308 1343/1553/1378 
f 1343/1553/1378 1342/1552/1377 1271/1479/1306 
f 1277/1485/1312 1344/1554/1379 1343/1553/1378 
f 1343/1553/1378 1273/1481/1308 1277/1485/1312 
f 1277/1485/1312 1279/1487/1314 1345/1555/1380 
f 1345/1555/1380 1344/1554/1379 1277/1485/1312 
f 1283/1491/1318 1346/1556/1381 1345/1555/1380 
f 1345/1555/1380 1279/1487/1314 1283/1491/1318 
f 1283/1491/1318 1285/1493/1320 1347/1557/1382 
f 1347/1557/1382 1346/1556/1381 1283/1491/1318 
f 1289/1497/1324 1348/1558/1383 1347/1557/1382 
f 1347/1557/1382 1285/1493/1320 1289/1497/1324 
f 1289/1497/1324 1291/1499/1326 1349/1559/1384 
f 1349/1559/1384 1348/1558/1383 1289/1497/1324 
f 1295/1503/1330 1350/1560/1385 1349/1559/1384 
f 1349/1559/1384 1291/1499/1326 1295/1503/1330 
f 1351/1561/1386 1352/1562/1387 1353/1563/1388 
f 1353/1563/1388 1354/1564/1389 1351/1561/1386 
f 1355/1565/1390 1356/1566/1391 1352/1562/1387 
f 1352/1562/1387 1351/1561/1386 1355/1565/1390 
f 1351/1561/1386 1036/1235/1066 1035/1234/1065 
f 1035/1234/1065 1355/1565/1390 1351/1561/1386 
f 1354/1564/1389 1037/1236/1067 1036/1235/1066 
f 1036/1235/1066 1351/1561/1386 1354/1564/1389 
f 1357/1567/1392 1358/1568/1393 1359/1569/1394 
f 1359/1569/1394 1360/1570/1395 1357/1567/1392 
f 1361/1571/1396 1362/1572/1397 1358/1568/1393 
f 1358/1568/1393 1357/1567/1392 1361/1571/1396 
f 1357/1567/1392 1352/1562/1387 1356/1566/1391 
f 1356/1566/1391 1361/1571/1396 1357/1567/1392 
f 1360/1570/1395 1353/1563/1388 1352/1562/1387 
f 1352/1562/1387 1357/1567/1392 1360/1570/1395 
f 1363/1573/1398 1364/1574/1399 1365/1575/1400 
f 1365/1575/1400 1366/1576/1401 1363/1573/1398 
f 1367/1577/1402 1368/1578/1403 1364/1574/1399 
f 1364/1574/1399 1363/1573/1398 1367/1577/1402 
f 1363/1573/1398 1358/1568/1393 1362/1572/1397 
f 1362/1572/1397 1367/1577/1402 1363/1573/1398 
f 1366/1576/1401 1359/1569/1394 1358/1568/1393 
f 1358/1568/1393 1363/1573/1398 1366/1576/1401 
f 1369/1579/1404 1370/1580/1405 1371/1581/1406 
f 1371/1581/1406 1372/1582/1407 1369/1579/1404 
f 1373/1583/1408 1374/1584/1409 1370/1580/1405 
f 1370/1580/1405 1369/1579/1404 1373/1583/1408 
f 1369/1579/1404 1364/1574/1399 1368/1578/1403 
f 1368/1578/1403 1373/1583/1408 1369/1579/1404 
f 1372/1582/1407 1365/1575/1400 1364/1574/1399 
f 1364/1574/1399 1369/1579/1404 1372/1582/1407 
f 1375/1585/1410 1376/1586/1411 1377/1587/1412 
f 1377/1587/1412 1378/1588/1413 1375/1585/1410 
f 1379/1589/1414 1380/1590/1415 1376/1586/1411 
f 1376/1586/1411 1375/1585/1410 1379/1589/1414 
f 1375/1585/1410 1370/1580/1405 1374/1584/1409 
f 1374/1584/1409 1379/1589/1414 1375/1585/1410 
f 1378/1588/1413 1371/1581/1406 1370/1580/1405 
f 1370/1580/1405 1375/1585/1410 1378/1588/1413 
f 1381/1591/1416 1382/1592/1417 1383/1593/1418 
f 1383/1593/1418 1384/1594/1419 1381/1591/1416 
f 1385/1595/1420 1386/1596/1421 1382/1592/1417 
f 1382/1592/1417 1381/1591/1416 1385/1595/1420 
f 1381/1591/1416 1376/1586/1411 1380/1590/1415 
f 1380/1590/1415 1385/1595/1420 1381/1591/1416 
f 1384/1594/1419 1377/1587/1412 1376/1586/1411 
f 1376/1586/1411 1381/1591/1416 1384/1594/1419 
f 1387/1597/1422 1388/1598/1423 1389/1599/1424 
f 1389/1599/1424 1390/1600/1425 1387/1597/1422 
f 1391/1601/1426 1392/1602/1427 1388/1598/1423 
f 1388/1598/1423 1387/1597/1422 1391/1601/1426 
f 1387/1597/1422 1382/1592/1417 1386/1596/1421 
f 1386/1596/1421 1391/1601/1426 1387/1597/1422 
f 1390/1600/1425 1383/1593/1418 1382/1592/1417 
f 1382/1592/1417 1387/1597/1422 1390/1600/1425 
f 1393/1603/1428 1394/1604/1429 1395/1605/1430 
f 1395/1605/1430 1396/1606/1431 1393/1603/1428 
f 1397/1607/1432 1398/1608/1433 1394/1604/1429 
f 1394/1604/1429 1393/1603/1428 1397/1607/1432 
f 1393/1603/1428 1388/1598/1423 1392/1602/1427 
f 1392/1602/1427 1397/1607/1432 1393/1603/1428 
f 1396/1606/1431 1389/1599/1424 1388/1598/1423 
f 1388/1598/1423 1393/1603/1428 1396/1606/1431 
f 1399/1609/1434 1400/1610/1435 1401/1611/1436 
f 1401/1611/1436 1402/1612/1437 1399/1609/1434 
f 1403/1613/1438 1404/1614/1439 1400/1610/1435 
f 1400/1610/1435 1399/1609/1434 1403/1613/1438 
f 1399/1609/1434 1394/1604/1429 1398/1608/1433 
f 1398/1608/1433 1403/1613/1438 1399/1609/1434 
f 1402/1612/1437 1395/1605/1430 1394/1604/1429 
f 1394/1604/1429 1399/1609/1434 1402/1612/1437 
f 1405/1615/1440 1406/1616/1441 1407/1617/1442 
f 1407/1617/1442 1404/1614/1439 1405/1615/1440 
f 1406/1616/1441 1408/1618/1443 1409/1619/1444 
f 1409/1619/1444 1407/1617/1442 1406/1616/1441 
f 1408/1618/1443 1406/1616/1441 1410/1620/1445 
f 1410/1620/1445 1411/1621/1446 1408/1618/1443 
f 1406/1616/1441 1405/1615/1440 1412/1622/1447 
f 1412/1622/1447 1410/1620/1445 1406/1616/1441 
f 1413/1623/1448 1414/1624/1449 1409/1619/1444 
f 1409/1619/1444 1415/1625/1450 1413/1623/1448 
f 1416/1626/1451 1417/1627/1452 1414/1624/1449 
f 1414/1624/1449 1413/1623/1448 1416/1626/1451 
f 1418/1628/1453 1419/1629/1454 1356/1566/1391 
f 1356/1566/1391 1355/1565/1390 1418/1628/1453 
f 1420/1630/1455 1421/1631/1456 1419/1629/1454 
f 1419/1629/1454 1418/1628/1453 1420/1630/1455 
f 1104/1303/1134 1420/1630/1455 1418/1628/1453 
f 1418/1628/1453 1103/1302/1133 1104/1303/1134 
f 1355/1565/1390 1035/1234/1065 1103/1302/1133 
f 1103/1302/1133 1418/1628/1453 1355/1565/1390 
f 1105/1304/1135 1037/1236/1067 1354/1564/1389 
f 1354/1564/1389 1422/1632/1457 1105/1304/1135 
f 1353/1563/1388 1423/1633/1458 1422/1632/1457 
f 1422/1632/1457 1354/1564/1389 1353/1563/1388 
f 1424/1634/1459 1425/1635/1460 1362/1572/1397 
f 1362/1572/1397 1361/1571/1396 1424/1634/1459 
f 1426/1636/1461 1427/1637/1462 1425/1635/1460 
f 1425/1635/1460 1424/1634/1459 1426/1636/1461 
f 1424/1634/1459 1419/1629/1454 1421/1631/1456 
f 1421/1631/1456 1426/1636/1461 1424/1634/1459 
f 1361/1571/1396 1356/1566/1391 1419/1629/1454 
f 1419/1629/1454 1424/1634/1459 1361/1571/1396 
f 1423/1633/1458 1353/1563/1388 1360/1570/1395 
f 1360/1570/1395 1428/1638/1463 1423/1633/1458 
f 1428/1638/1463 1360/1570/1395 1359/1569/1394 
f 1359/1569/1394 1429/1639/1464 1428/1638/1463 
f 1430/1640/1465 1431/1641/1466 1368/1578/1403 
f 1368/1578/1403 1367/1577/1402 1430/1640/1465 
f 1431/1641/1466 1430/1640/1465 1432/1642/1467 
f 1432/1642/1467 1433/1643/1468 1431/1641/1466 
f 1427/1637/1462 1432/1642/1467 1430/1640/1465 
f 1430/1640/1465 1425/1635/1460 1427/1637/1462 
f 1367/1577/1402 1362/1572/1397 1425/1635/1460 
f 1425/1635/1460 1430/1640/1465 1367/1577/1402 
f 1366/1576/1401 1434/1644/1469 1429/1639/1464 
f 1429/1639/1464 1359/1569/1394 1366/1576/1401 
f 1365/1575/1400 1435/1645/1470 1434/1644/1469 
f 1434/1644/1469 1366/1576/1401 1365/1575/1400 
f 1436/1646/1471 1437/1647/1472 1374/1584/1409 
f 1374/1584/1409 1373/1583/1408 1436/1646/1471 
f 1437/1647/1472 1436/1646/1471 1438/1648/1473 
f 1438/1648/1473 1439/1649/1474 1437/1647/1472 
f 1433/1643/1468 1438/1648/1473 1436/1646/1471 
f 1436/1646/1471 1431/1641/1466 1433/1643/1468 
f 1373/1583/1408 1368/1578/1403 1431/1641/1466 
f 1431/1641/1466 1436/1646/1471 1373/1583/1408 
f 1372/1582/1407 1440/1650/1475 1435/1645/1470 
f 1435/1645/1470 1365/1575/1400 1372/1582/1407 
f 1371/1581/1406 1441/1651/1476 1440/1650/1475 
f 1440/1650/1475 1372/1582/1407 1371/1581/1406 
f 1442/1652/1477 1443/1653/1478 1380/1590/1415 
f 1380/1590/1415 1379/1589/1414 1442/1652/1477 
f 1443/1653/1478 1442/1652/1477 1444/1654/1479 
f 1444/1654/1479 1445/1655/1480 1443/1653/1478 
f 1439/1649/1474 1444/1654/1479 1442/1652/1477 
f 1442/1652/1477 1437/1647/1472 1439/1649/1474 
f 1379/1589/1414 1374/1584/1409 1437/1647/1472 
f 1437/1647/1472 1442/1652/1477 1379/1589/1414 
f 1378/1588/1413 1446/1656/1481 1441/1651/1476 
f 1441/1651/1476 1371/1581/1406 1378/1588/1413 
f 1377/1587/1412 1447/1657/1482 1446/1656/1481 
f 1446/1656/1481 1378/1588/1413 1377/1587/1412 
f 1448/1658/1483 1449/1659/1484 1386/1596/1421 
f 1386/1596/1421 1385/1595/1420 1448/1658/1483 
f 1449/1659/1484 1448/1658/1483 1450/1660/1485 
f 1450/1660/1485 1451/1661/1486 1449/1659/1484 
f 1445/1655/1480 1450/1660/1485 1448/1658/1483 
f 1448/1658/1483 1443/1653/1478 1445/1655/1480 
f 1385/1595/1420 1380/1590/1415 1443/1653/1478 
f 1443/1653/1478 1448/1658/1483 1385/1595/1420 
f 1384/1594/1419 1452/1662/1487 1447/1657/1482 
f 1447/1657/1482 1377/1587/1412 1384/1594/1419 
f 1383/1593/1418 1453/1663/1488 1452/1662/1487 
f 1452/1662/1487 1384/1594/1419 1383/1593/1418 
f 1454/1664/1489 1455/1665/1490 1392/1602/1427 
f 1392/1602/1427 1391/1601/1426 1454/1664/1489 
f 1455/1665/1490 1454/1664/1489 1456/1666/1491 
f 1456/1666/1491 1457/1667/1492 1455/1665/1490 
f 1451/1661/1486 1456/1666/1491 1454/1664/1489 
f 1454/1664/1489 1449/1659/1484 1451/1661/1486 
f 1391/1601/1426 1386/1596/1421 1449/1659/1484 
f 1449/1659/1484 1454/1664/1489 1391/1601/1426 
f 1390/1600/1425 1458/1668/1493 1453/1663/1488 
f 1453/1663/1488 1383/1593/1418 1390/1600/1425 
f 1389/1599/1424 1459/1669/1494 1458/1668/1493 
f 1458/1668/1493 1390/1600/1425 1389/1599/1424 
f 1460/1670/1495 1461/1671/1496 1398/1608/1433 
f 1398/1608/1433 1397/1607/1432 1460/1670/1495 
f 1461/1671/1496 1460/1670/1495 1462/1672/1497 
f 1462/1672/1497 1463/1673/1498 1461/1671/1496 
f 1457/1667/1492 1462/1672/1497 1460/1670/1495 
f 1460/1670/1495 1455/1665/1490 1457/1667/1492 
f 1397/1607/1432 1392/1602/1427 1455/1665/1490 
f 1455/1665/1490 1460/1670/1495 1397/1607/1432 
f 1396/1606/1431 1464/1674/1499 1459/1669/1494 
f 1459/1669/1494 1389/1599/1424 1396/1606/1431 
f 1395/1605/1430 1465/1675/1500 1464/1674/1499 
f 1464/1674/1499 1396/1606/1431 1395/1605/1430 
f 1466/1676/1501 1405/1615/1440 1404/1614/1439 
f 1404/1614/1439 1403/1613/1438 1466/1676/1501 
f 1405/1615/1440 1466/1676/1501 1467/1677/1502 
f 1467/1677/1502 1412/1622/1447 1405/1615/1440 
f 1463/1673/1498 1467/1677/1502 1466/1676/1501 
f 1466/1676/1501 1461/1671/1496 1463/1673/1498 
f 1403/1613/1438 1398/1608/1433 1461/1671/1496 
f 1461/1671/1496 1466/1676/1501 1403/1613/1438 
f 1402/1612/1437 1468/1678/1503 1465/1675/1500 
f 1465/1675/1500 1395/1605/1430 1402/1612/1437 
f 1401/1611/1436 1469/1679/1504 1468/1678/1503 
f 1468/1678/1503 1402/1612/1437 1401/1611/1436 
f 1470/1680/1505 1471/1681/1506 1469/1679/1504 
f 1469/1679/1504 1401/1611/1436 1470/1680/1505 
f 1417/1627/1452 1472/1682/1507 1471/1681/1506 
f 1471/1681/1506 1470/1680/1505 1417/1627/1452 
f 1217/1423/1251 1212/1417/1245 1213/1419/1247 
f 1213/1419/1247 1218/1424/1252 1217/1423/1251 
f 1473/1683/1508 1408/1618/1443 1411/1621/1446 
f 1411/1621/1446 1474/1684/1509 1473/1683/1508 
f 1415/1625/1450 1409/1619/1444 1408/1618/1443 
f 1408/1618/1443 1473/1683/1508 1415/1625/1450 
f 1472/1682/1507 1417/1627/1452 1416/1626/1451 
f 1416/1626/1451 1475/1685/1510 1472/1682/1507 
f 1476/1686/1511 1422/1632/1457 1423/1633/1458 
f 1423/1633/1458 1477/1687/1512 1476/1686/1511 
f 1105/1304/1135 1422/1632/1457 1476/1686/1511 
f 1476/1686/1511 1162/1361/1192 1105/1304/1135 
f 1478/1688/1513 1479/1689/1514 1428/1638/1463 
f 1428/1638/1463 1429/1639/1464 1478/1688/1513 
f 1423/1633/1458 1428/1638/1463 1479/1689/1514 
f 1479/1689/1514 1477/1687/1512 1423/1633/1458 
f 1480/1690/1515 1481/1691/1516 1434/1644/1469 
f 1434/1644/1469 1435/1645/1470 1480/1690/1515 
f 1429/1639/1464 1434/1644/1469 1481/1691/1516 
f 1481/1691/1516 1478/1688/1513 1429/1639/1464 
f 1482/1692/1517 1483/1693/1518 1440/1650/1475 
f 1440/1650/1475 1441/1651/1476 1482/1692/1517 
f 1435/1645/1470 1440/1650/1475 1483/1693/1518 
f 1483/1693/1518 1480/1690/1515 1435/1645/1470 
f 1484/1694/1519 1485/1695/1520 1446/1656/1481 
f 1446/1656/1481 1447/1657/1482 1484/1694/1519 
f 1441/1651/1476 1446/1656/1481 1485/1695/1520 
f 1485/1695/1520 1482/1692/1517 1441/1651/1476 
f 1486/1696/1521 1487/1697/1522 1452/1662/1487 
f 1452/1662/1487 1453/1663/1488 1486/1696/1521 
f 1447/1657/1482 1452/1662/1487 1487/1697/1522 
f 1487/1697/1522 1484/1694/1519 1447/1657/1482 
f 1488/1698/1523 1489/1699/1524 1458/1668/1493 
f 1458/1668/1493 1459/1669/1494 1488/1698/1523 
f 1453/1663/1488 1458/1668/1493 1489/1699/1524 
f 1489/1699/1524 1486/1696/1521 1453/1663/1488 
f 1490/1700/1525 1491/1701/1526 1464/1674/1499 
f 1464/1674/1499 1465/1675/1500 1490/1700/1525 
f 1459/1669/1494 1464/1674/1499 1491/1701/1526 
f 1491/1701/1526 1488/1698/1523 1459/1669/1494 
f 1492/1702/1527 1493/1703/1528 1468/1678/1503 
f 1468/1678/1503 1469/1679/1504 1492/1702/1527 
f 1465/1675/1500 1468/1678/1503 1493/1703/1528 
f 1493/1703/1528 1490/1700/1525 1465/1675/1500 
f 1494/1704/1529 1495/1705/1530 1471/1681/1506 
f 1471/1681/1506 1472/1682/1507 1494/1704/1529 
f 1469/1679/1504 1471/1681/1506 1495/1705/1530 
f 1495/1705/1530 1492/1702/1527 1469/1679/1504 
f 1496/1706/1531 1497/1707/1532 1475/1685/1510 
f 1475/1685/1510 1226/1433/1260 1496/1706/1531 
f 1472/1682/1507 1475/1685/1510 1497/1707/1532 
f 1497/1707/1532 1494/1704/1529 1472/1682/1507 
f 1498/1708/1533 1499/1709/1534 1225/1432/1259 
f 1225/1432/1259 1221/1427/1255 1498/1708/1533 
f 1226/1433/1260 1225/1432/1259 1499/1709/1534 
f 1499/1709/1534 1496/1706/1531 1226/1433/1260 
f 1500/1710/1535 1501/1711/1536 1222/1428/1256 
f 1222/1428/1256 1223/1429/1257 1500/1710/1535 
f 1221/1427/1255 1222/1428/1256 1501/1711/1536 
f 1501/1711/1536 1498/1708/1533 1221/1427/1255 
f 1188/1712/1218 1502/1713/1537 1224/1430/1258 
f 1224/1430/1258 895/1431/924 1188/1712/1218 
f 1223/1429/1257 1224/1430/1258 1502/1713/1537 
f 1502/1713/1537 1500/1710/1535 1223/1429/1257 
f 1503/1714/1538 1400/1610/1435 1404/1614/1439 
f 1404/1614/1439 1407/1617/1442 1503/1714/1538 
f 1470/1680/1505 1401/1611/1436 1400/1610/1435 
f 1400/1610/1435 1503/1714/1538 1470/1680/1505 
f 1503/1714/1538 1414/1624/1449 1417/1627/1452 
f 1417/1627/1452 1470/1680/1505 1503/1714/1538 
f 1407/1617/1442 1409/1619/1444 1414/1624/1449 
f 1414/1624/1449 1503/1714/1538 1407/1617/1442 
f 541/1715/1539 1504/1716/1540 1193/1392/1223 
f 541/1715/1539 1193/1392/1223 502/1434/1261 
f 1505/1717/1541 1506/1718/1542 857/1051/882 
f 857/1051/882 860/1054/885 1505/1717/1541 
f 1507/1719/1543 1508/1720/1544 877/1073/904 
f 877/1073/904 878/1074/905 1507/1719/1543 
f 1509/1721/1545 1510/1722/1546 868/1062/893 
f 868/1062/893 880/1076/907 1509/1721/1545 
f 1510/1722/1546 1511/1723/1547 865/1059/890 
f 865/1059/890 868/1062/893 1510/1722/1546 
f 1511/1723/1547 1505/1717/1541 860/1054/885 
f 860/1054/885 865/1059/890 1511/1723/1547 
f 1508/1720/1544 1509/1721/1545 880/1076/907 
f 880/1076/907 877/1073/904 1508/1720/1544 
f 1161/1360/1191 1160/1359/1190 974/1724/1004 
f 974/1724/1004 973/1725/1003 1161/1360/1191 
f 974/1724/1004 1160/1359/1190 1162/1361/1192 
f 1162/1361/1192 975/1726/1005 974/1724/1004 
f 976/1727/1006 1164/1363/1194 1163/1362/1193 
f 1163/1362/1193 977/1728/1007 976/1727/1006 
f 1163/1362/1193 1161/1360/1191 973/1725/1003 
f 973/1725/1003 977/1728/1007 1163/1362/1193 
f 978/1729/1008 1166/1365/1196 1165/1364/1195 
f 1165/1364/1195 979/1730/1009 978/1729/1008 
f 1165/1364/1195 1164/1363/1194 976/1727/1006 
f 976/1727/1006 979/1730/1009 1165/1364/1195 
f 980/1731/1010 1168/1367/1198 1167/1366/1197 
f 1167/1366/1197 981/1732/1011 980/1731/1010 
f 1167/1366/1197 1166/1365/1196 978/1729/1008 
f 978/1729/1008 981/1732/1011 1167/1366/1197 
f 982/1733/1012 1170/1369/1200 1169/1368/1199 
f 1169/1368/1199 983/1734/1013 982/1733/1012 
f 1169/1368/1199 1168/1367/1198 980/1731/1010 
f 980/1731/1010 983/1734/1013 1169/1368/1199 
f 984/1735/1014 1172/1371/1202 1171/1370/1201 
f 1171/1370/1201 985/1736/1015 984/1735/1014 
f 1171/1370/1201 1170/1369/1200 982/1733/1012 
f 982/1733/1012 985/1736/1015 1171/1370/1201 
f 986/1737/1016 1174/1373/1204 1173/1372/1203 
f 1173/1372/1203 987/1738/1017 986/1737/1016 
f 1173/1372/1203 1172/1371/1202 984/1735/1014 
f 984/1735/1014 987/1738/1017 1173/1372/1203 
f 988/1739/1018 1176/1375/1206 1175/1374/1205 
f 1175/1374/1205 989/1740/1019 988/1739/1018 
f 1175/1374/1205 1174/1373/1204 986/1737/1016 
f 986/1737/1016 989/1740/1019 1175/1374/1205 
f 990/1741/1020 1178/1377/1208 1177/1376/1207 
f 1177/1376/1207 991/1742/1021 990/1741/1020 
f 1177/1376/1207 1176/1375/1206 988/1739/1018 
f 988/1739/1018 991/1742/1021 1177/1376/1207 
f 992/1743/1022 1180/1379/1210 1179/1378/1209 
f 1179/1378/1209 993/1744/1023 992/1743/1022 
f 1179/1378/1209 1178/1377/1208 990/1741/1020 
f 990/1741/1020 993/1744/1023 1179/1378/1209 
f 994/1745/1024 1182/1381/1212 1181/1380/1211 
f 1181/1380/1211 995/1746/1025 994/1745/1024 
f 1181/1380/1211 1180/1379/1210 992/1743/1022 
f 992/1743/1022 995/1746/1025 1181/1380/1211 
f 996/1747/1026 1184/1383/1214 1183/1382/1213 
f 1183/1382/1213 997/1748/1027 996/1747/1026 
f 1183/1382/1213 1182/1381/1212 994/1745/1024 
f 994/1745/1024 997/1748/1027 1183/1382/1213 
f 998/1749/1028 1186/1385/1216 1185/1384/1215 
f 1185/1384/1215 999/1750/1029 998/1749/1028 
f 1185/1384/1215 1184/1383/1214 996/1747/1026 
f 996/1747/1026 999/1750/1029 1185/1384/1215 
f 1004/1751/1034 1188/1387/1218 1187/1386/1217 
f 1187/1386/1217 1001/1752/1031 1004/1751/1034 
f 1187/1386/1217 1186/1385/1216 998/1749/1028 
f 998/1749/1028 1001/1752/1031 1187/1386/1217 
f 1006/1753/1036 1104/1303/1134 1102/1301/1132 
f 1102/1301/1132 1005/1754/1035 1006/1753/1036 
f 1005/1754/1035 1102/1301/1132 1101/1300/1131 
f 1101/1300/1131 1007/1755/1037 1005/1754/1035 
f 1007/1755/1037 1101/1300/1131 1111/1310/1141 
f 1111/1310/1141 1008/1756/1038 1007/1755/1037 
f 1008/1756/1038 1111/1310/1141 1110/1309/1140 
f 1110/1309/1140 1009/1757/1039 1008/1756/1038 
f 1009/1757/1039 1110/1309/1140 1117/1316/1147 
f 1117/1316/1147 1010/1758/1040 1009/1757/1039 
f 1010/1758/1040 1117/1316/1147 1116/1315/1146 
f 1116/1315/1146 1011/1759/1041 1010/1758/1040 
f 1011/1759/1041 1116/1315/1146 1123/1322/1153 
f 1123/1322/1153 1012/1760/1042 1011/1759/1041 
f 1012/1760/1042 1123/1322/1153 1122/1321/1152 
f 1122/1321/1152 1013/1761/1043 1012/1760/1042 
f 1013/1761/1043 1122/1321/1152 1129/1328/1159 
f 1129/1328/1159 1014/1762/1044 1013/1761/1043 
f 1014/1762/1044 1129/1328/1159 1128/1327/1158 
f 1128/1327/1158 1015/1763/1045 1014/1762/1044 
f 1015/1763/1045 1128/1327/1158 1135/1334/1165 
f 1135/1334/1165 1016/1764/1046 1015/1763/1045 
f 1016/1764/1046 1135/1334/1165 1134/1333/1164 
f 1134/1333/1164 1017/1765/1047 1016/1764/1046 
f 1017/1765/1047 1134/1333/1164 1141/1340/1171 
f 1141/1340/1171 1018/1766/1048 1017/1765/1047 
f 1018/1766/1048 1141/1340/1171 1140/1339/1170 
f 1140/1339/1170 1019/1767/1049 1018/1766/1048 
f 1147/1346/1177 1020/1768/1050 1019/1767/1049 
f 1019/1767/1049 1140/1339/1170 1147/1346/1177 
f 1021/1769/1051 1020/1768/1050 1147/1346/1177 
f 1147/1346/1177 1146/1345/1176 1021/1769/1051 
f 1151/1350/1181 1022/1770/1052 1021/1769/1051 
f 1021/1769/1051 1146/1345/1176 1151/1350/1181 
f 1022/1770/1052 1151/1350/1181 1093/1292/1123 
f 1093/1292/1123 1023/1771/1053 1022/1770/1052 
f 1023/1771/1053 1093/1292/1123 1092/1291/1122 
f 1092/1291/1122 1024/1772/1054 1023/1771/1053 
f 1024/1772/1054 1092/1291/1122 1091/1290/1121 
f 1091/1290/1121 1025/1773/1055 1024/1772/1054 
f 1025/1773/1055 1091/1290/1121 1158/1357/1188 
f 1158/1357/1188 1026/1774/1056 1025/1773/1055 
f 1026/1774/1056 1158/1357/1188 886/1084/915 
f 886/1084/915 1027/1775/1057 1026/1774/1056 
f 1028/1776/1058 1027/1775/1057 886/1084/915 
f 886/1084/915 256/1080/911 1028/1776/1058 
f 891/1089/920 875/1071/902 885/1083/914 
f 885/1083/914 897/1095/926 891/1089/920 
f 367/1096/927 857/1051/882 1506/1718/1542 
f 534/1777/1548 367/1096/927 1506/1718/1542 
f 1193/1392/1223 1504/1716/1540 1512/1778/1549 
f 1512/1778/1549 1190/1389/1220 1193/1392/1223 
f 1208/1412/1240 1513/1779/1550 1507/1780/1543 
f 1507/1780/1543 878/1411/905 1208/1412/1240 
f 1198/1399/1228 1514/1781/1551 1515/1782/1552 
f 1515/1782/1552 1209/1413/1241 1198/1399/1228 
f 1197/1398/1227 1516/1783/1553 1514/1781/1551 
f 1514/1781/1551 1198/1399/1228 1197/1398/1227 
f 1190/1389/1220 1512/1778/1549 1516/1783/1553 
f 1516/1783/1553 1197/1398/1227 1190/1389/1220 
f 1209/1413/1241 1515/1782/1552 1513/1779/1550 
f 1513/1779/1550 1208/1412/1240 1209/1413/1241 
f 1299/1784/1334 1476/1686/1511 1477/1687/1512 
f 1477/1687/1512 1300/1785/1335 1299/1784/1334 
f 1162/1361/1192 1476/1686/1511 1299/1784/1334 
f 1299/1784/1334 975/1726/1005 1162/1361/1192 
f 1479/1689/1514 1478/1688/1513 1302/1786/1337 
f 1302/1786/1337 1301/1787/1336 1479/1689/1514 
f 1300/1785/1335 1477/1687/1512 1479/1689/1514 
f 1479/1689/1514 1301/1787/1336 1300/1785/1335 
f 1481/1691/1516 1480/1690/1515 1304/1788/1339 
f 1304/1788/1339 1303/1789/1338 1481/1691/1516 
f 1302/1786/1337 1478/1688/1513 1481/1691/1516 
f 1481/1691/1516 1303/1789/1338 1302/1786/1337 
f 1483/1693/1518 1482/1692/1517 1306/1790/1341 
f 1306/1790/1341 1305/1791/1340 1483/1693/1518 
f 1304/1788/1339 1480/1690/1515 1483/1693/1518 
f 1483/1693/1518 1305/1791/1340 1304/1788/1339 
f 1485/1695/1520 1484/1694/1519 1307/1792/1342 
f 1307/1792/1342 1308/1793/1343 1485/1695/1520 
f 1306/1790/1341 1482/1692/1517 1485/1695/1520 
f 1485/1695/1520 1308/1793/1343 1306/1790/1341 
f 1487/1697/1522 1486/1696/1521 1310/1794/1345 
f 1310/1794/1345 1309/1795/1344 1487/1697/1522 
f 1307/1792/1342 1484/1694/1519 1487/1697/1522 
f 1487/1697/1522 1309/1795/1344 1307/1792/1342 
f 1489/1699/1524 1488/1698/1523 1312/1796/1347 
f 1312/1796/1347 1311/1797/1346 1489/1699/1524 
f 1310/1794/1345 1486/1696/1521 1489/1699/1524 
f 1489/1699/1524 1311/1797/1346 1310/1794/1345 
f 1491/1701/1526 1490/1700/1525 1314/1798/1349 
f 1314/1798/1349 1313/1799/1348 1491/1701/1526 
f 1312/1796/1347 1488/1698/1523 1491/1701/1526 
f 1491/1701/1526 1313/1799/1348 1312/1796/1347 
f 1493/1703/1528 1492/1702/1527 1316/1800/1351 
f 1316/1800/1351 1315/1801/1350 1493/1703/1528 
f 1314/1798/1349 1490/1700/1525 1493/1703/1528 
f 1493/1703/1528 1315/1801/1350 1314/1798/1349 
f 1495/1705/1530 1494/1704/1529 1318/1802/1353 
f 1318/1802/1353 1317/1803/1352 1495/1705/1530 
f 1316/1800/1351 1492/1702/1527 1495/1705/1530 
f 1495/1705/1530 1317/1803/1352 1316/1800/1351 
f 1497/1707/1532 1496/1706/1531 1320/1804/1355 
f 1320/1804/1355 1319/1805/1354 1497/1707/1532 
f 1318/1802/1353 1494/1704/1529 1497/1707/1532 
f 1497/1707/1532 1319/1805/1354 1318/1802/1353 
f 1499/1709/1534 1498/1708/1533 1322/1806/1357 
f 1322/1806/1357 1321/1807/1356 1499/1709/1534 
f 1320/1804/1355 1496/1706/1531 1499/1709/1534 
f 1499/1709/1534 1321/1807/1356 1320/1804/1355 
f 1501/1711/1536 1500/1710/1535 1324/1808/1359 
f 1324/1808/1359 1323/1809/1358 1501/1711/1536 
f 1322/1806/1357 1498/1708/1533 1501/1711/1536 
f 1501/1711/1536 1323/1809/1358 1322/1806/1357 
f 1502/1713/1537 1188/1712/1218 1004/1810/1034 
f 1004/1810/1034 1327/1811/1362 1502/1713/1537 
f 1324/1808/1359 1500/1710/1535 1502/1713/1537 
f 1502/1713/1537 1327/1811/1362 1324/1808/1359 
f 1328/1812/1363 1420/1630/1455 1104/1303/1134 
f 1104/1303/1134 1006/1753/1036 1328/1812/1363 
f 1329/1813/1364 1421/1631/1456 1420/1630/1455 
f 1420/1630/1455 1328/1812/1363 1329/1813/1364 
f 1421/1631/1456 1329/1813/1364 1330/1814/1365 
f 1330/1814/1365 1426/1636/1461 1421/1631/1456 
f 1426/1636/1461 1330/1814/1365 1331/1815/1366 
f 1331/1815/1366 1427/1637/1462 1426/1636/1461 
f 1427/1637/1462 1331/1815/1366 1332/1816/1367 
f 1332/1816/1367 1432/1642/1467 1427/1637/1462 
f 1333/1817/1368 1433/1643/1468 1432/1642/1467 
f 1432/1642/1467 1332/1816/1367 1333/1817/1368 
f 1433/1643/1468 1333/1817/1368 1334/1818/1369 
f 1334/1818/1369 1438/1648/1473 1433/1643/1468 
f 1335/1819/1370 1439/1649/1474 1438/1648/1473 
f 1438/1648/1473 1334/1818/1369 1335/1819/1370 
f 1439/1649/1474 1335/1819/1370 1336/1820/1371 
f 1336/1820/1371 1444/1654/1479 1439/1649/1474 
f 1337/1821/1372 1445/1655/1480 1444/1654/1479 
f 1444/1654/1479 1336/1820/1371 1337/1821/1372 
f 1445/1655/1480 1337/1821/1372 1338/1822/1373 
f 1338/1822/1373 1450/1660/1485 1445/1655/1480 
f 1339/1823/1374 1451/1661/1486 1450/1660/1485 
f 1450/1660/1485 1338/1822/1373 1339/1823/1374 
f 1340/1824/1375 1456/1666/1491 1451/1661/1486 
f 1451/1661/1486 1339/1823/1374 1340/1824/1375 
f 1456/1666/1491 1340/1824/1375 1341/1825/1376 
f 1341/1825/1376 1457/1667/1492 1456/1666/1491 
f 1342/1826/1377 1462/1672/1497 1457/1667/1492 
f 1457/1667/1492 1341/1825/1376 1342/1826/1377 
f 1462/1672/1497 1342/1826/1377 1343/1827/1378 
f 1343/1827/1378 1463/1673/1498 1462/1672/1497 
f 1344/1828/1379 1467/1677/1502 1463/1673/1498 
f 1463/1673/1498 1343/1827/1378 1344/1828/1379 
f 1467/1677/1502 1344/1828/1379 1345/1829/1380 
f 1345/1829/1380 1412/1622/1447 1467/1677/1502 
f 1412/1622/1447 1345/1829/1380 1346/1830/1381 
f 1346/1830/1381 1410/1620/1445 1412/1622/1447 
f 1347/1831/1382 1411/1621/1446 1410/1620/1445 
f 1410/1620/1445 1346/1830/1381 1347/1831/1382 
f 1348/1832/1383 1474/1684/1509 1411/1621/1446 
f 1411/1621/1446 1347/1831/1382 1348/1832/1383 
f 1474/1684/1509 1348/1832/1383 1349/1833/1384 
f 1349/1833/1384 1216/1422/1250 1474/1684/1509 
f 1350/1834/1385 404/1418/1246 1216/1422/1250 
f 1216/1422/1250 1349/1833/1384 1350/1834/1385 
f 1207/1410/1239 1221/1427/1255 1225/1432/1259 1215/1421/1249 
f 883/1081/912 882/1079/910 887/1085/916 
f 887/1085/916 888/1086/917 883/1081/912 
f 1475/1685/1510 1416/1626/1451 1220/1426/1254 
f 1220/1426/1254 1226/1433/1260 1475/1685/1510 
f 1413/1623/1448 1219/1425/1253 1220/1426/1254 
f 1220/1426/1254 1416/1626/1451 1413/1623/1448 
f 1219/1425/1253 1413/1623/1448 1415/1625/1450 
f 1415/1625/1450 1218/1424/1252 1219/1425/1253 
f 1218/1424/1252 1415/1625/1450 1473/1683/1508 
f 1473/1683/1508 1217/1423/1251 1218/1424/1252 
f 1474/1684/1509 1216/1422/1250 1217/1423/1251 
f 1217/1423/1251 1473/1683/1508 1474/1684/1509 
f 1504/1835/1540 541/1836/1539 548/1837/1554 
f 1506/1835/1542 1505/1836/1541 548/1837/1554 
f 1508/1835/1544 1507/1836/1543 548/1837/1554 
f 1510/1835/1546 1509/1836/1545 548/1837/1554 
f 1511/1835/1547 1510/1836/1546 548/1837/1554 
f 1505/1835/1541 1511/1836/1547 548/1837/1554 
f 1509/1835/1545 1508/1836/1544 548/1837/1554 
f 534/1835/1548 1506/1836/1542 548/1837/1554 
f 1512/1835/1549 1504/1836/1540 548/1837/1554 
f 1507/1835/1543 1513/1836/1550 548/1837/1554 
f 1515/1835/1552 1514/1836/1551 548/1837/1554 
f 1514/1835/1551 1516/1836/1553 548/1837/1554 
f 1516/1835/1553 1512/1836/1549 548/1837/1554 
f 1513/1835/1550 1515/1836/1552 548/1837/1554 
f 1517/1838/1555 1518/1839/1556 1519/1840/1557 
f 1519/1840/1557 1520/1841/1558 1517/1838/1555 
f 1521/1842/1559 1522/1843/1560 1523/1844/1561 
f 1523/1844/1561 1524/1845/1562 1521/1842/1559 
f 1525/1846/1563 1526/1847/1564 1527/1848/1565 
f 1527/1848/1565 1528/1849/1566 1525/1846/1563 
f 1529/1850/1567 1530/1851/1568 1531/1852/1569 
f 1531/1852/1569 1532/1853/1570 1529/1850/1567 
f 1533/1854/1571 1534/1855/1572 1535/1856/1573 
f 1535/1856/1573 1536/1857/1574 1533/1854/1571 
f 1537/1858/1575 1538/1859/1576 1539/1860/1577 
f 1539/1860/1577 1540/1861/1578 1537/1858/1575 
f 1541/1862/1579 1542/1863/1580 1543/1864/1581 
f 1543/1864/1581 1544/1865/1582 1541/1862/1579 
f 1545/1866/1583 1546/1867/1584 1547/1868/1585 
f 1547/1868/1585 1548/1869/1586 1545/1866/1583 
f 1549/1870/1587 1550/1871/1588 1551/1872/1589 
f 1551/1872/1589 1552/1873/1590 1549/1870/1587 
f 1553/1874/1591 1554/1875/1592 1555/1876/1593 
f 1555/1876/1593 1556/1877/1594 1553/1874/1591 
f 1557/1878/1595 1558/1879/1596 1559/1880/1597 
f 1559/1880/1597 1560/1881/1598 1557/1878/1595 
f 1561/1882/1599 1562/1883/1600 1563/1884/1601 
f 1563/1884/1601 1564/1885/1602 1561/1882/1599 
f 1565/1886/1603 1566/1887/1604 1567/1888/1605 
f 1567/1888/1605 1568/1889/1606 1565/1886/1603 
f 1569/1890/1607 1570/1891/1608 1571/1892/1609 
f 1571/1892/1609 1572/1893/1610 1569/1890/1607 
f 1573/1894/1611 1574/1895/1612 1575/1896/1613 
f 1575/1896/1613 1576/1897/1614 1573/1894/1611 
f 1577/1898/1615 1578/1899/1616 1579/1900/1617 
f 1579/1900/1617 1580/1901/1618 1577/1898/1615 
f 1581/1902/1619 1582/1903/1620 1583/1904/1621 
f 1583/1904/1621 1584/1905/1622 1581/1902/1619 
f 1585/1906/1623 1586/1907/1624 1587/1908/1625 
f 1587/1908/1625 1583/1904/1621 1585/1906/1623 
f 1588/1909/1626 1589/1910/1627 1590/1911/1628 
f 1590/1911/1628 1585/1906/1623 1588/1909/1626 
f 1591/1912/1629 1592/1913/1630 1593/1914/1631 
f 1593/1914/1631 1590/1911/1628 1591/1912/1629 
f 1594/1915/1632 1595/1916/1633 1596/1917/1634 
f 1596/1917/1634 1591/1912/1629 1594/1915/1632 
f 1597/1918/1635 1598/1919/1636 1599/1920/1637 
f 1599/1920/1637 1596/1917/1634 1597/1918/1635 
f 1600/1921/1638 1601/1922/1639 1602/1923/1640 
f 1602/1923/1640 1597/1918/1635 1600/1921/1638 
f 1603/1924/1641 1604/1925/1642 1605/1926/1643 
f 1605/1926/1643 1602/1923/1640 1603/1924/1641 
f 1606/1927/1644 1607/1928/1645 1608/1929/1646 
f 1608/1929/1646 1603/1924/1641 1606/1927/1644 
f 1609/1930/1647 1610/1931/1648 1611/1932/1649 
f 1611/1932/1649 1608/1929/1646 1609/1930/1647 
f 1612/1933/1650 1613/1934/1651 1614/1935/1652 
f 1614/1935/1652 1609/1930/1647 1612/1933/1650 
f 1615/1936/1653 1616/1937/1654 1617/1938/1655 
f 1617/1938/1655 1614/1935/1652 1615/1936/1653 
f 1618/1939/1656 1619/1940/1657 1620/1941/1658 
f 1620/1941/1658 1615/1936/1653 1618/1939/1656 
f 1621/1942/1659 1622/1943/1660 1623/1944/1661 
f 1623/1944/1661 1620/1941/1658 1621/1942/1659 
f 1624/1945/1662 1625/1946/1663 1626/1947/1664 
f 1626/1947/1664 1621/1942/1659 1624/1945/1662 
f 1627/1948/1665 1628/1949/1666 1629/1950/1667 
f 1629/1950/1667 1626/1947/1664 1627/1948/1665 
f 1630/1951/1668 1631/1952/1669 1632/1953/1670 
f 1632/1953/1670 1627/1948/1665 1630/1951/1668 
f 1633/1954/1671 1634/1955/1672 1635/1956/1673 
f 1635/1956/1673 1632/1953/1670 1633/1954/1671 
f 1636/1957/1674 1637/1958/1675 1638/1959/1676 
f 1638/1959/1676 1633/1954/1671 1636/1957/1674 
f 1639/1960/1677 1640/1961/1678 1641/1962/1679 
f 1641/1962/1679 1638/1959/1676 1639/1960/1677 
f 1642/1963/1680 1643/1964/1681 1644/1965/1682 
f 1644/1965/1682 1639/1960/1677 1642/1963/1680 
f 1645/1966/1683 1646/1967/1684 1647/1968/1685 
f 1647/1968/1685 1644/1965/1682 1645/1966/1683 
f 1648/1969/1686 1649/1970/1687 1650/1971/1688 
f 1650/1971/1688 1645/1966/1683 1648/1969/1686 
f 1651/1972/1689 1652/1973/1690 1653/1974/1691 
f 1653/1974/1691 1650/1971/1688 1651/1972/1689 
f 1654/1975/1692 1655/1976/1693 1656/1977/1694 
f 1656/1977/1694 1651/1972/1689 1654/1975/1692 
f 1657/1978/1695 1658/1979/1696 1659/1980/1697 
f 1659/1980/1697 1656/1977/1694 1657/1978/1695 
f 1660/1981/1698 1661/1982/1699 1662/1983/1700 
f 1662/1983/1700 1657/1978/1695 1660/1981/1698 
f 1663/1984/1701 1664/1985/1702 1665/1986/1703 
f 1665/1986/1703 1662/1983/1700 1663/1984/1701 
f 1666/1987/1704 1667/1988/1705 1668/1989/1706 
f 1668/1989/1706 1663/1984/1701 1666/1987/1704 
f 1669/1990/1707 1668/1989/1706 1670/1991/1708 1671/1992/1709 
f 1670/1991/1708 1672/1993/1710 1673/1994/1711 
f 1673/1994/1711 1674/1995/1712 1670/1991/1708 
f 1675/1996/1713 1674/1995/1712 1584/1905/1622 1676/1997/1714 
f 1523/1844/1561 1518/1839/1556 1517/1838/1555 
f 1517/1838/1555 1524/1845/1562 1523/1844/1561 
f 1527/1848/1565 1522/1843/1560 1521/1842/1559 
f 1521/1842/1559 1528/1849/1566 1527/1848/1565 
f 1531/1852/1569 1526/1847/1564 1525/1846/1563 
f 1525/1846/1563 1532/1853/1570 1531/1852/1569 
f 1535/1856/1573 1530/1851/1568 1529/1850/1567 
f 1529/1850/1567 1536/1857/1574 1535/1856/1573 
f 1539/1860/1577 1534/1855/1572 1533/1854/1571 
f 1533/1854/1571 1540/1861/1578 1539/1860/1577 
f 1547/1868/1585 1542/1863/1580 1541/1862/1579 
f 1541/1862/1579 1548/1869/1586 1547/1868/1585 
f 1553/1874/1591 1550/1871/1588 1549/1870/1587 
f 1549/1870/1587 1554/1875/1592 1553/1874/1591 
f 1519/1840/1557 1580/1901/1618 1579/1900/1617 
f 1579/1900/1617 1520/1841/1558 1519/1840/1557 
f 1537/1858/1575 1544/1865/1582 1543/1864/1581 
f 1543/1864/1581 1538/1859/1576 1537/1858/1575 
f 1545/1866/1583 1552/1873/1590 1551/1872/1589 
f 1551/1872/1589 1546/1867/1584 1545/1866/1583 
f 1555/1876/1593 1558/1879/1596 1557/1878/1595 
f 1557/1878/1595 1556/1877/1594 1555/1876/1593 
f 1559/1880/1597 1562/1883/1600 1561/1882/1599 
f 1561/1882/1599 1560/1881/1598 1559/1880/1597 
f 1563/1884/1601 1566/1887/1604 1565/1886/1603 
f 1565/1886/1603 1564/1885/1602 1563/1884/1601 
f 1567/1888/1605 1570/1891/1608 1569/1890/1607 
f 1569/1890/1607 1568/1889/1606 1567/1888/1605 
f 1571/1892/1609 1574/1895/1612 1573/1894/1611 
f 1573/1894/1611 1572/1893/1610 1571/1892/1609 
f 1575/1896/1613 1578/1899/1616 1577/1898/1615 
f 1577/1898/1615 1576/1897/1614 1575/1896/1613 
f 1583/1904/1621 1587/1908/1625 1676/1997/1714 1584/1905/1622 
f 1586/1907/1624 1585/1906/1623 1590/1911/1628 
f 1590/1911/1628 1593/1914/1631 1586/1907/1624 
f 1592/1913/1630 1591/1912/1629 1596/1917/1634 
f 1596/1917/1634 1599/1920/1637 1592/1913/1630 
f 1598/1919/1636 1597/1918/1635 1602/1923/1640 
f 1602/1923/1640 1605/1926/1643 1598/1919/1636 
f 1604/1925/1642 1603/1924/1641 1608/1929/1646 
f 1608/1929/1646 1611/1932/1649 1604/1925/1642 
f 1610/1931/1648 1609/1930/1647 1614/1935/1652 
f 1614/1935/1652 1617/1938/1655 1610/1931/1648 
f 1616/1937/1654 1615/1936/1653 1620/1941/1658 
f 1620/1941/1658 1623/1944/1661 1616/1937/1654 
f 1622/1943/1660 1621/1942/1659 1626/1947/1664 
f 1626/1947/1664 1629/1950/1667 1622/1943/1660 
f 1628/1949/1666 1627/1948/1665 1632/1953/1670 
f 1632/1953/1670 1635/1956/1673 1628/1949/1666 
f 1634/1955/1672 1633/1954/1671 1638/1959/1676 
f 1638/1959/1676 1641/1962/1679 1634/1955/1672 
f 1640/1961/1678 1639/1960/1677 1644/1965/1682 
f 1644/1965/1682 1647/1968/1685 1640/1961/1678 
f 1646/1967/1684 1645/1966/1683 1650/1971/1688 
f 1650/1971/1688 1653/1974/1691 1646/1967/1684 
f 1652/1973/1690 1651/1972/1689 1656/1977/1694 
f 1656/1977/1694 1659/1980/1697 1652/1973/1690 
f 1658/1979/1696 1657/1978/1695 1662/1983/1700 
f 1662/1983/1700 1665/1986/1703 1658/1979/1696 
f 1664/1985/1702 1663/1984/1701 1668/1989/1706 
f 1668/1989/1706 1669/1990/1707 1664/1985/1702 
f 1674/1995/1712 1675/1996/1713 1671/1992/1709 1670/1991/1708 
f 1588/1909/1626 1585/1906/1623 1583/1904/1621 
f 1583/1904/1621 1582/1903/1620 1588/1909/1626 
f 1587/1908/1625 1586/1907/1624 1517/1838/1555 
f 1517/1838/1555 1520/1841/1558 1587/1908/1625 
f 1594/1915/1632 1591/1912/1629 1590/1911/1628 
f 1590/1911/1628 1589/1910/1627 1594/1915/1632 
f 1593/1914/1631 1592/1913/1630 1521/1842/1559 
f 1521/1842/1559 1524/1845/1562 1593/1914/1631 
f 1600/1921/1638 1597/1918/1635 1596/1917/1634 
f 1596/1917/1634 1595/1916/1633 1600/1921/1638 
f 1599/1920/1637 1598/1919/1636 1525/1846/1563 
f 1525/1846/1563 1528/1849/1566 1599/1920/1637 
f 1606/1927/1644 1603/1924/1641 1602/1923/1640 
f 1602/1923/1640 1601/1922/1639 1606/1927/1644 
f 1605/1926/1643 1604/1925/1642 1529/1850/1567 
f 1529/1850/1567 1532/1853/1570 1605/1926/1643 
f 1612/1933/1650 1609/1930/1647 1608/1929/1646 
f 1608/1929/1646 1607/1928/1645 1612/1933/1650 
f 1611/1932/1649 1610/1931/1648 1533/1854/1571 
f 1533/1854/1571 1536/1857/1574 1611/1932/1649 
f 1618/1939/1656 1615/1936/1653 1614/1935/1652 
f 1614/1935/1652 1613/1934/1651 1618/1939/1656 
f 1540/1861/1578 1617/1938/1655 1616/1937/1654 
f 1616/1937/1654 1537/1858/1575 1540/1861/1578 
f 1624/1945/1662 1621/1942/1659 1620/1941/1658 
f 1620/1941/1658 1619/1940/1657 1624/1945/1662 
f 1544/1865/1582 1623/1944/1661 1622/1943/1660 
f 1622/1943/1660 1541/1862/1579 1544/1865/1582 
f 1630/1951/1668 1627/1948/1665 1626/1947/1664 
f 1626/1947/1664 1625/1946/1663 1630/1951/1668 
f 1548/1869/1586 1629/1950/1667 1628/1949/1666 
f 1628/1949/1666 1545/1866/1583 1548/1869/1586 
f 1636/1957/1674 1633/1954/1671 1632/1953/1670 
f 1632/1953/1670 1631/1952/1669 1636/1957/1674 
f 1552/1873/1590 1635/1956/1673 1634/1955/1672 
f 1634/1955/1672 1549/1870/1587 1552/1873/1590 
f 1642/1963/1680 1639/1960/1677 1638/1959/1676 
f 1638/1959/1676 1637/1958/1675 1642/1963/1680 
f 1554/1875/1592 1641/1962/1679 1640/1961/1678 
f 1640/1961/1678 1555/1876/1593 1554/1875/1592 
f 1648/1969/1686 1645/1966/1683 1644/1965/1682 
f 1644/1965/1682 1643/1964/1681 1648/1969/1686 
f 1558/1879/1596 1647/1968/1685 1646/1967/1684 
f 1646/1967/1684 1559/1880/1597 1558/1879/1596 
f 1654/1975/1692 1651/1972/1689 1650/1971/1688 
f 1650/1971/1688 1649/1970/1687 1654/1975/1692 
f 1562/1883/1600 1653/1974/1691 1652/1973/1690 
f 1652/1973/1690 1563/1884/1601 1562/1883/1600 
f 1660/1981/1698 1657/1978/1695 1656/1977/1694 
f 1656/1977/1694 1655/1976/1693 1660/1981/1698 
f 1566/1887/1604 1659/1980/1697 1658/1979/1696 
f 1658/1979/1696 1567/1888/1605 1566/1887/1604 
f 1666/1987/1704 1663/1984/1701 1662/1983/1700 
f 1662/1983/1700 1661/1982/1699 1666/1987/1704 
f 1570/1891/1608 1665/1986/1703 1664/1985/1702 
f 1664/1985/1702 1571/1892/1609 1570/1891/1608 
f 1672/1993/1710 1670/1991/1708 1668/1989/1706 
f 1668/1989/1706 1667/1988/1705 1672/1993/1710 
f 1574/1895/1612 1669/1990/1707 1671/1992/1709 
f 1671/1992/1709 1575/1896/1613 1574/1895/1612 
f 1581/1902/1619 1584/1905/1622 1674/1995/1712 
f 1674/1995/1712 1673/1994/1711 1581/1902/1619 
f 1676/1997/1714 1579/1900/1617 1578/1899/1616 1675/1996/1713 
f 1579/1900/1617 1676/1997/1714 1587/1908/1625 
f 1587/1908/1625 1520/1841/1558 1579/1900/1617 
f 1586/1907/1624 1593/1914/1631 1524/1845/1562 
f 1524/1845/1562 1517/1838/1555 1586/1907/1624 
f 1592/1913/1630 1599/1920/1637 1528/1849/1566 
f 1528/1849/1566 1521/1842/1559 1592/1913/1630 
f 1598/1919/1636 1605/1926/1643 1532/1853/1570 
f 1532/1853/1570 1525/1846/1563 1598/1919/1636 
f 1604/1925/1642 1611/1932/1649 1536/1857/1574 
f 1536/1857/1574 1529/1850/1567 1604/1925/1642 
f 1610/1931/1648 1617/1938/1655 1540/1861/1578 
f 1540/1861/1578 1533/1854/1571 1610/1931/1648 
f 1537/1858/1575 1616/1937/1654 1623/1944/1661 
f 1623/1944/1661 1544/1865/1582 1537/1858/1575 
f 1541/1862/1579 1622/1943/1660 1629/1950/1667 
f 1629/1950/1667 1548/1869/1586 1541/1862/1579 
f 1545/1866/1583 1628/1949/1666 1635/1956/1673 
f 1635/1956/1673 1552/1873/1590 1545/1866/1583 
f 1549/1870/1587 1634/1955/1672 1641/1962/1679 
f 1641/1962/1679 1554/1875/1592 1549/1870/1587 
f 1555/1876/1593 1640/1961/1678 1647/1968/1685 
f 1647/1968/1685 1558/1879/1596 1555/1876/1593 
f 1559/1880/1597 1646/1967/1684 1653/1974/1691 
f 1653/1974/1691 1562/1883/1600 1559/1880/1597 
f 1563/1884/1601 1652/1973/1690 1659/1980/1697 
f 1659/1980/1697 1566/1887/1604 1563/1884/1601 
f 1567/1888/1605 1658/1979/1696 1665/1986/1703 
f 1665/1986/1703 1570/1891/1608 1567/1888/1605 
f 1571/1892/1609 1664/1985/1702 1669/1990/1707 
f 1669/1990/1707 1574/1895/1612 1571/1892/1609 
f 1578/1899/1616 1575/1896/1613 1671/1992/1709 1675/1996/1713 
f 1518/1839/1556 1677/1998/1715 1678/1999/1716 
f 1678/1999/1716 1519/1840/1557 1518/1839/1556 
f 1519/1840/1557 1678/1999/1716 1679/2000/1717 
f 1679/2000/1717 1580/1901/1618 1519/1840/1557 
f 1522/1843/1560 1680/2001/1718 1681/2002/1719 
f 1681/2002/1719 1523/1844/1561 1522/1843/1560 
f 1523/1844/1561 1681/2002/1719 1677/1998/1715 
f 1677/1998/1715 1518/1839/1556 1523/1844/1561 
f 1682/2003/1720 1683/2004/1721 1527/1848/1565 
f 1527/1848/1565 1526/1847/1564 1682/2003/1720 
f 1683/2004/1721 1680/2001/1718 1522/1843/1560 
f 1522/1843/1560 1527/1848/1565 1683/2004/1721 
f 1684/2005/1722 1685/2006/1723 1531/1852/1569 
f 1531/1852/1569 1530/1851/1568 1684/2005/1722 
f 1685/2006/1723 1682/2003/1720 1526/1847/1564 
f 1526/1847/1564 1531/1852/1569 1685/2006/1723 
f 1686/2007/1724 1687/2008/1725 1535/1856/1573 
f 1535/1856/1573 1534/1855/1572 1686/2007/1724 
f 1687/2008/1725 1684/2005/1722 1530/1851/1568 
f 1530/1851/1568 1535/1856/1573 1687/2008/1725 
f 1538/1859/1576 1688/2009/1726 1689/2010/1727 
f 1689/2010/1727 1539/1860/1577 1538/1859/1576 
f 1539/1860/1577 1689/2010/1727 1686/2007/1724 
f 1686/2007/1724 1534/1855/1572 1539/1860/1577 
f 1542/1863/1580 1690/2011/1728 1691/2012/1729 
f 1691/2012/1729 1543/1864/1581 1542/1863/1580 
f 1543/1864/1581 1691/2012/1729 1688/2009/1726 
f 1688/2009/1726 1538/1859/1576 1543/1864/1581 
f 1546/1867/1584 1692/2013/1730 1693/2014/1731 
f 1693/2014/1731 1547/1868/1585 1546/1867/1584 
f 1547/1868/1585 1693/2014/1731 1690/2011/1728 
f 1690/2011/1728 1542/1863/1580 1547/1868/1585 
f 1550/1871/1588 1694/2015/1732 1695/2016/1733 
f 1695/2016/1733 1551/1872/1589 1550/1871/1588 
f 1551/1872/1589 1695/2016/1733 1692/2013/1730 
f 1692/2013/1730 1546/1867/1584 1551/1872/1589 
f 1696/2017/1734 1697/2018/1735 1553/1874/1591 
f 1553/1874/1591 1556/1877/1594 1696/2017/1734 
f 1697/2018/1735 1694/2015/1732 1550/1871/1588 
f 1550/1871/1588 1553/1874/1591 1697/2018/1735 
f 1560/1881/1598 1698/2019/1736 1699/2020/1737 
f 1699/2020/1737 1557/1878/1595 1560/1881/1598 
f 1699/2020/1737 1696/2017/1734 1556/1877/1594 
f 1556/1877/1594 1557/1878/1595 1699/2020/1737 
f 1564/1885/1602 1700/2021/1738 1701/2022/1739 
f 1701/2022/1739 1561/1882/1599 1564/1885/1602 
f 1561/1882/1599 1701/2022/1739 1698/2019/1736 
f 1698/2019/1736 1560/1881/1598 1561/1882/1599 
f 1568/1889/1606 1702/2023/1740 1703/2024/1741 
f 1703/2024/1741 1565/1886/1603 1568/1889/1606 
f 1565/1886/1603 1703/2024/1741 1700/2021/1738 
f 1700/2021/1738 1564/1885/1602 1565/1886/1603 
f 1572/1893/1610 1704/2025/1742 1705/2026/1743 
f 1705/2026/1743 1569/1890/1607 1572/1893/1610 
f 1569/1890/1607 1705/2026/1743 1702/2023/1740 
f 1702/2023/1740 1568/1889/1606 1569/1890/1607 
f 1576/1897/1614 1706/2027/1744 1707/2028/1745 
f 1707/2028/1745 1573/1894/1611 1576/1897/1614 
f 1573/1894/1611 1707/2028/1745 1704/2025/1742 
f 1704/2025/1742 1572/1893/1610 1573/1894/1611 
f 1580/1901/1618 1679/2000/1717 1708/2029/1746 
f 1708/2029/1746 1577/1898/1615 1580/1901/1618 
f 1577/1898/1615 1708/2029/1746 1706/2027/1744 
f 1706/2027/1744 1576/1897/1614 1577/1898/1615 
# 11 polygons - 3217 triangles

