# 3ds Max Wavefront OBJ Exporter v0.97b - (c)2007 guruware
# File Created: 26.12.2024 12:37:36

mtllib yvr_d3_right_controller.mtl

#
# object YVR_d3_right_controller
#

v  -0.0045 0.0088 -0.0037
v  -0.0044 0.0082 -0.0051
v  -0.0059 0.0079 -0.0054
v  -0.0064 0.0086 -0.0038
v  -0.0073 0.0076 -0.0059
v  -0.0081 0.0081 -0.0048
v  -0.0079 0.0090 -0.0031
v  -0.0071 0.0095 -0.0021
v  -0.0057 0.0094 -0.0024
v  -0.0089 0.0085 -0.0040
v  -0.0041 0.0094 -0.0024
v  -0.0150 0.0053 -0.0091
v  -0.0155 0.0059 -0.0079
v  -0.0135 0.0065 -0.0072
v  -0.0127 0.0060 -0.0083
v  -0.0112 0.0054 -0.0093
v  -0.0122 0.0049 -0.0102
v  -0.0129 0.0041 -0.0113
v  -0.0151 0.0044 -0.0106
v  -0.0065 0.0159 0.0161
v  -0.0082 0.0156 0.0142
v  -0.0103 0.0161 0.0160
v  -0.0071 0.0167 0.0191
v  -0.0066 0.0150 0.0126
v  -0.0034 0.0155 0.0150
v  -0.0025 0.0162 0.0187
v  0.0023 0.0068 0.0813
v  0.0009 0.0071 0.0818
v  0.0018 0.0052 0.0832
v  0.0034 0.0056 0.0817
v  0.0048 0.0068 0.0790
v  0.0031 0.0082 0.0788
v  0.0013 0.0091 0.0787
v  -0.0019 0.0106 0.0002
v  -0.0012 0.0105 -0.0005
v  -0.0021 0.0099 -0.0014
v  -0.0034 0.0100 -0.0011
v  -0.0051 0.0099 -0.0012
v  -0.0045 0.0104 -0.0001
v  -0.0044 0.0107 0.0007
v  -0.0025 0.0109 0.0010
v  0.0052 0.0100 -0.0021
v  0.0039 0.0092 -0.0039
v  0.0039 0.0101 -0.0019
v  0.0052 0.0106 -0.0008
v  0.0083 0.0103 -0.0017
v  0.0057 0.0089 -0.0042
v  -0.0029 0.0012 0.0855
v  -0.0035 0.0023 0.0847
v  -0.0043 0.0008 0.0843
v  -0.0032 -0.0002 0.0853
v  -0.0016 -0.0008 0.0860
v  -0.0016 0.0013 0.0858
v  -0.0022 0.0029 0.0852
v  0.0164 -0.0102 -0.0131
v  0.0174 -0.0097 -0.0156
v  0.0188 -0.0076 -0.0128
v  0.0176 -0.0087 -0.0116
v  0.0175 -0.0084 -0.0095
v  0.0156 -0.0104 -0.0103
v  0.0193 -0.0065 -0.0102
v  0.0167 -0.0076 0.0043
v  0.0169 -0.0075 0.0072
v  0.0136 -0.0110 0.0079
v  0.0127 -0.0117 0.0044
v  0.0096 -0.0139 0.0092
v  0.0084 -0.0146 0.0066
v  0.0066 -0.0163 0.0042
v  0.0094 -0.0144 0.0020
v  0.0109 -0.0134 -0.0004
v  0.0137 -0.0107 0.0013
v  0.0167 -0.0075 0.0016
v  -0.0069 -0.0040 0.0781
v  -0.0076 -0.0041 0.0756
v  -0.0068 -0.0061 0.0756
v  -0.0063 -0.0053 0.0787
v  -0.0061 -0.0041 0.0802
v  -0.0070 -0.0027 0.0786
v  -0.0080 -0.0020 0.0757
v  -0.0093 -0.0108 0.0312
v  -0.0061 -0.0130 0.0312
v  -0.0067 -0.0126 0.0348
v  -0.0100 -0.0096 0.0348
v  -0.0116 -0.0077 0.0334
v  -0.0109 -0.0092 0.0307
v  -0.0114 -0.0069 0.0364
v  -0.0123 -0.0062 0.0348
v  -0.0230 -0.0235 0.0040
v  -0.0232 -0.0245 0.0032
v  -0.0213 -0.0252 0.0044
v  -0.0216 -0.0235 0.0051
v  -0.0223 -0.0214 0.0055
v  -0.0239 -0.0223 0.0038
v  -0.0246 -0.0232 0.0024
v  -0.0073 -0.0147 0.0154
v  -0.0028 -0.0157 0.0151
v  -0.0026 -0.0151 0.0186
v  -0.0076 -0.0134 0.0195
v  -0.0119 -0.0119 0.0170
v  -0.0109 -0.0135 0.0146
v  -0.0108 -0.0112 0.0217
v  -0.0132 -0.0100 0.0195
v  0.0045 -0.0093 0.0801
v  0.0057 -0.0100 0.0773
v  0.0070 -0.0083 0.0776
v  0.0051 -0.0081 0.0808
v  0.0031 -0.0100 0.0806
v  0.0040 -0.0113 0.0772
v  0.0033 -0.0084 0.0824
v  -0.0165 0.0071 -0.0059
v  -0.0144 0.0077 -0.0050
v  -0.0140 0.0071 -0.0062
v  -0.0159 0.0065 -0.0070
v  -0.0175 0.0074 -0.0053
v  -0.0165 0.0084 -0.0036
v  -0.0155 0.0084 -0.0039
v  -0.0144 0.0083 -0.0040
v  -0.0067 0.0121 0.0039
v  -0.0065 0.0117 0.0028
v  -0.0084 0.0118 0.0030
v  -0.0091 0.0123 0.0043
v  -0.0096 0.0118 0.0029
v  -0.0103 0.0122 0.0039
v  -0.0115 0.0126 0.0050
v  -0.0110 0.0128 0.0056
v  -0.0084 0.0128 0.0058
v  -0.0064 0.0125 0.0051
v  -0.0100 0.0131 0.0065
v  -0.0201 0.0090 -0.0023
v  -0.0183 0.0089 -0.0026
v  -0.0196 0.0078 -0.0045
v  -0.0208 0.0078 -0.0043
v  -0.0221 0.0077 -0.0043
v  -0.0218 0.0087 -0.0025
v  -0.0214 0.0097 -0.0008
v  -0.0196 0.0098 -0.0008
v  -0.0304 -0.0158 0.0002
v  -0.0331 -0.0116 0.0000
v  -0.0332 -0.0143 -0.0031
v  -0.0288 -0.0202 -0.0045
v  -0.0279 -0.0212 -0.0025
v  -0.0287 -0.0182 0.0007
v  -0.0331 -0.0153 -0.0058
v  -0.0295 -0.0193 -0.0068
v  -0.0169 0.0135 0.0074
v  -0.0167 0.0131 0.0062
v  -0.0184 0.0127 0.0052
v  -0.0200 0.0127 0.0052
v  -0.0218 0.0133 0.0066
v  -0.0195 0.0142 0.0088
v  -0.0139 0.0135 0.0077
v  -0.0144 0.0133 0.0066
v  -0.0174 0.0151 0.0116
v  -0.0147 0.0145 0.0101
v  0.0121 0.0089 -0.0046
v  0.0092 0.0080 -0.0063
v  0.0076 0.0086 -0.0049
v  0.0113 0.0103 -0.0018
v  0.0098 0.0118 0.0021
v  0.0118 0.0119 0.0024
v  0.0150 0.0105 -0.0009
v  0.0157 0.0093 -0.0039
v  0.0149 0.0116 0.0024
v  -0.0269 0.0090 -0.0016
v  -0.0308 0.0098 0.0004
v  -0.0288 0.0113 0.0028
v  -0.0255 0.0106 0.0012
v  -0.0231 0.0105 0.0008
v  -0.0238 0.0093 -0.0013
v  -0.0238 0.0084 -0.0029
v  -0.0259 0.0079 -0.0034
v  -0.0295 0.0076 -0.0036
v  -0.0328 0.0083 -0.0019
v  -0.0279 0.0071 -0.0047
v  -0.0169 0.0021 -0.0143
v  -0.0153 0.0019 -0.0149
v  -0.0166 0.0010 -0.0163
v  -0.0180 0.0015 -0.0153
v  -0.0131 0.0019 -0.0151
v  -0.0133 0.0010 -0.0164
v  -0.0162 0.0006 -0.0170
v  -0.0197 0.0001 -0.0175
v  -0.0199 0.0008 -0.0162
v  -0.0277 -0.0018 -0.0197
v  -0.0232 -0.0011 -0.0190
v  -0.0231 -0.0020 -0.0205
v  -0.0271 -0.0032 -0.0219
v  -0.0257 -0.0005 -0.0176
v  -0.0228 -0.0004 -0.0178
v  -0.0323 -0.0035 -0.0219
v  -0.0337 -0.0023 -0.0198
v  -0.0302 -0.0011 -0.0184
v  -0.0280 -0.0002 -0.0169
v  -0.0309 -0.0048 -0.0241
v  0.0072 0.0145 0.0115
v  0.0098 0.0139 0.0092
v  0.0079 0.0135 0.0078
v  0.0058 0.0140 0.0097
v  0.0023 0.0143 0.0107
v  0.0021 0.0148 0.0124
v  0.0135 0.0137 0.0109
v  0.0025 0.0153 0.0152
v  0.0079 0.0152 0.0151
v  0.0129 0.0147 0.0160
v  0.0081 -0.0168 -0.0203
v  0.0070 -0.0174 -0.0225
v  0.0095 -0.0161 -0.0243
v  0.0117 -0.0148 -0.0210
v  0.0117 -0.0148 -0.0266
v  0.0142 -0.0131 -0.0239
v  0.0168 -0.0109 -0.0209
v  0.0152 -0.0120 -0.0185
v  0.0116 -0.0145 -0.0169
v  0.0087 -0.0163 -0.0170
v  0.0143 -0.0123 -0.0153
v  -0.0241 0.0100 0.0231
v  -0.0228 0.0086 0.0243
v  -0.0225 0.0100 0.0253
v  -0.0244 0.0126 0.0238
v  -0.0247 0.0072 0.0209
v  -0.0228 0.0061 0.0228
v  -0.0264 0.0116 0.0208
v  -0.0158 -0.0171 0.0096
v  -0.0128 -0.0172 0.0105
v  -0.0135 -0.0144 0.0121
v  -0.0173 -0.0134 0.0110
v  -0.0140 -0.0124 0.0140
v  -0.0171 -0.0108 0.0134
v  -0.0211 -0.0099 0.0112
v  -0.0226 -0.0114 0.0093
v  -0.0201 -0.0145 0.0091
v  -0.0186 -0.0176 0.0085
v  -0.0204 -0.0084 0.0131
v  -0.0164 0.0112 0.0392
v  -0.0170 0.0159 0.0390
v  -0.0172 0.0126 0.0375
v  -0.0172 0.0109 0.0365
v  -0.0166 0.0096 0.0381
v  -0.0160 0.0080 0.0391
v  -0.0158 0.0091 0.0405
v  -0.0152 0.0114 0.0440
v  -0.0157 0.0160 0.0437
v  -0.0142 0.0184 0.0431
v  -0.0154 0.0185 0.0382
v  -0.0115 0.0195 0.0421
v  -0.0127 0.0195 0.0371
v  -0.0142 0.0193 0.0322
v  -0.0170 0.0182 0.0335
v  -0.0186 0.0156 0.0345
v  -0.0189 0.0177 0.0292
v  -0.0204 0.0150 0.0305
v  -0.0204 0.0143 0.0306
v  -0.0185 0.0140 0.0344
v  -0.0199 0.0124 0.0307
v  -0.0184 0.0120 0.0340
v  -0.0217 0.0144 0.0281
v  -0.0217 0.0139 0.0282
v  -0.0211 0.0119 0.0285
v  -0.0229 0.0132 0.0261
v  -0.0219 0.0111 0.0268
v  -0.0229 0.0138 0.0259
v  -0.0244 0.0132 0.0236
v  -0.0218 0.0165 0.0238
v  -0.0234 0.0157 0.0213
v  -0.0255 0.0148 0.0182
v  -0.0265 0.0121 0.0205
v  -0.0277 0.0136 0.0153
v  -0.0288 0.0109 0.0174
v  -0.0288 0.0103 0.0176
v  -0.0311 0.0095 0.0145
v  -0.0311 0.0089 0.0147
v  -0.0295 0.0053 0.0144
v  -0.0274 0.0064 0.0173
v  -0.0278 0.0016 0.0140
v  -0.0260 0.0027 0.0165
v  -0.0242 0.0033 0.0191
v  -0.0244 -0.0008 0.0157
v  -0.0230 -0.0002 0.0179
v  -0.0219 0.0001 0.0198
v  -0.0224 0.0030 0.0212
v  -0.0222 -0.0017 0.0176
v  -0.0212 -0.0015 0.0191
v  -0.0202 -0.0032 0.0188
v  -0.0213 -0.0032 0.0173
v  -0.0193 -0.0056 0.0172
v  -0.0189 -0.0047 0.0191
v  -0.0171 -0.0075 0.0177
v  -0.0172 -0.0061 0.0198
v  -0.0151 -0.0088 0.0185
v  -0.0157 -0.0072 0.0208
v  -0.0144 -0.0080 0.0218
v  -0.0134 -0.0086 0.0231
v  -0.0124 -0.0091 0.0243
v  -0.0094 -0.0115 0.0242
v  -0.0118 -0.0095 0.0256
v  -0.0089 -0.0116 0.0262
v  -0.0111 -0.0097 0.0270
v  -0.0088 -0.0115 0.0281
v  -0.0108 -0.0097 0.0284
v  -0.0057 -0.0134 0.0277
v  -0.0019 -0.0148 0.0272
v  -0.0022 -0.0148 0.0310
v  -0.0058 -0.0135 0.0255
v  -0.0019 -0.0148 0.0248
v  0.0024 -0.0153 0.0242
v  0.0024 -0.0153 0.0269
v  -0.0062 -0.0135 0.0232
v  -0.0021 -0.0148 0.0223
v  0.0023 -0.0153 0.0217
v  0.0068 -0.0148 0.0210
v  0.0068 -0.0148 0.0238
v  0.0020 -0.0155 0.0179
v  0.0065 -0.0149 0.0169
v  0.0108 -0.0133 0.0161
v  0.0110 -0.0133 0.0204
v  0.0060 -0.0153 0.0131
v  0.0102 -0.0136 0.0119
v  0.0141 -0.0108 0.0109
v  0.0144 -0.0107 0.0154
v  0.0172 -0.0074 0.0103
v  0.0174 -0.0073 0.0150
v  0.0194 -0.0034 0.0099
v  0.0195 -0.0033 0.0146
v  0.0209 0.0009 0.0094
v  0.0209 0.0013 0.0142
v  0.0193 -0.0036 0.0068
v  0.0209 0.0006 0.0062
v  0.0220 0.0047 0.0054
v  0.0219 0.0054 0.0086
v  0.0192 -0.0038 0.0038
v  0.0209 0.0000 0.0032
v  0.0221 0.0038 0.0022
v  0.0222 0.0044 0.0021
v  0.0220 0.0053 0.0051
v  0.0209 -0.0007 0.0002
v  0.0222 0.0027 -0.0009
v  0.0223 0.0033 -0.0010
v  0.0211 0.0062 -0.0022
v  0.0209 0.0075 0.0010
v  0.0223 0.0016 -0.0039
v  0.0224 0.0021 -0.0041
v  0.0213 0.0048 -0.0052
v  0.0193 0.0069 -0.0063
v  0.0189 0.0085 -0.0032
v  0.0224 0.0007 -0.0071
v  0.0215 0.0033 -0.0083
v  0.0197 0.0052 -0.0094
v  0.0172 0.0062 -0.0098
v  0.0165 0.0078 -0.0068
v  0.0216 0.0015 -0.0114
v  0.0199 0.0033 -0.0124
v  0.0176 0.0043 -0.0129
v  0.0150 0.0046 -0.0130
v  0.0144 0.0062 -0.0100
v  0.0199 0.0014 -0.0154
v  0.0176 0.0025 -0.0158
v  0.0152 0.0030 -0.0157
v  0.0127 0.0030 -0.0157
v  0.0126 0.0044 -0.0132
v  0.0172 0.0007 -0.0188
v  0.0148 0.0013 -0.0184
v  0.0125 0.0015 -0.0181
v  0.0107 0.0015 -0.0180
v  0.0108 0.0028 -0.0157
v  0.0140 -0.0004 -0.0211
v  0.0118 0.0001 -0.0205
v  0.0101 0.0003 -0.0198
v  0.0090 0.0006 -0.0195
v  0.0095 0.0017 -0.0177
v  0.0107 -0.0013 -0.0227
v  0.0090 -0.0009 -0.0217
v  0.0080 -0.0005 -0.0212
v  0.0076 -0.0000 -0.0210
v  0.0084 0.0009 -0.0195
v  0.0078 -0.0020 -0.0234
v  0.0067 -0.0014 -0.0226
v  0.0063 -0.0010 -0.0224
v  0.0061 -0.0006 -0.0222
v  0.0072 0.0002 -0.0209
v  0.0052 -0.0023 -0.0238
v  0.0048 -0.0017 -0.0234
v  0.0047 -0.0012 -0.0232
v  0.0045 -0.0003 -0.0234
v  0.0058 0.0003 -0.0223
v  0.0033 -0.0023 -0.0241
v  0.0032 -0.0017 -0.0240
v  0.0030 -0.0007 -0.0241
v  0.0029 -0.0001 -0.0241
v  0.0043 0.0003 -0.0235
v  0.0016 -0.0021 -0.0244
v  0.0014 -0.0011 -0.0244
v  0.0014 -0.0003 -0.0245
v  0.0012 0.0001 -0.0238
v  0.0025 0.0003 -0.0234
v  -0.0001 -0.0013 -0.0247
v  -0.0001 -0.0004 -0.0247
v  -0.0001 0.0000 -0.0239
v  -0.0013 -0.0004 -0.0247
v  -0.0012 0.0001 -0.0238
v  -0.0010 -0.0011 -0.0229
v  0.0001 -0.0011 -0.0229
v  -0.0022 0.0002 -0.0237
v  -0.0021 -0.0011 -0.0227
v  -0.0031 0.0003 -0.0234
v  -0.0030 -0.0010 -0.0225
v  -0.0077 0.0017 -0.0176
v  -0.0075 0.0013 -0.0183
v  -0.0076 0.0029 -0.0192
v  -0.0077 0.0033 -0.0185
v  -0.0078 0.0021 -0.0169
v  -0.0078 0.0037 -0.0178
v  0.0071 0.0042 -0.0170
v  0.0066 0.0032 -0.0164
v  0.0064 0.0039 -0.0152
v  0.0068 0.0049 -0.0157
v  0.0066 0.0024 -0.0177
v  0.0070 0.0034 -0.0183
v  0.0025 -0.0006 -0.0224
v  0.0037 -0.0002 -0.0218
v  0.0038 0.0007 -0.0228
v  0.0013 -0.0009 -0.0227
v  0.0050 0.0012 -0.0219
v  0.0047 0.0004 -0.0210
v  0.0056 0.0008 -0.0225
v  0.0059 0.0018 -0.0209
v  0.0067 0.0015 -0.0213
v  0.0069 0.0011 -0.0212
v  0.0075 0.0023 -0.0199
v  0.0077 0.0019 -0.0198
v  0.0080 0.0011 -0.0195
v  0.0082 0.0028 -0.0182
v  0.0085 0.0021 -0.0178
v  0.0089 0.0019 -0.0179
v  0.0085 0.0031 -0.0161
v  0.0090 0.0030 -0.0160
v  0.0096 0.0028 -0.0158
v  0.0086 0.0040 -0.0143
v  0.0092 0.0039 -0.0139
v  0.0106 0.0041 -0.0136
v  0.0086 0.0050 -0.0120
v  0.0098 0.0053 -0.0115
v  0.0117 0.0059 -0.0107
v  0.0088 0.0063 -0.0095
v  0.0106 0.0070 -0.0084
v  0.0134 0.0077 -0.0073
v  0.0075 0.0071 -0.0079
v  0.0064 0.0066 -0.0090
v  0.0053 0.0070 -0.0081
v  0.0061 0.0077 -0.0067
v  0.0077 0.0058 -0.0104
v  0.0070 0.0057 -0.0110
v  0.0060 0.0062 -0.0099
v  0.0079 0.0049 -0.0125
v  0.0075 0.0049 -0.0130
v  0.0066 0.0055 -0.0116
v  0.0082 0.0040 -0.0145
v  0.0078 0.0046 -0.0150
v  0.0071 0.0054 -0.0136
v  0.0082 0.0037 -0.0166
v  0.0080 0.0042 -0.0169
v  0.0077 0.0051 -0.0154
v  0.0079 0.0033 -0.0184
v  0.0066 0.0025 -0.0197
v  0.0062 0.0016 -0.0190
v  0.0056 0.0010 -0.0201
v  0.0059 0.0046 -0.0141
v  0.0062 0.0056 -0.0145
v  0.0070 0.0059 -0.0140
v  0.0054 0.0062 -0.0134
v  0.0061 0.0066 -0.0128
v  0.0063 0.0062 -0.0123
v  0.0051 0.0072 -0.0120
v  0.0052 0.0066 -0.0113
v  0.0056 0.0061 -0.0104
v  0.0041 0.0070 -0.0106
v  0.0044 0.0064 -0.0097
v  0.0049 0.0065 -0.0092
v  0.0033 0.0068 -0.0091
v  0.0037 0.0067 -0.0085
v  0.0040 0.0074 -0.0073
v  0.0024 0.0069 -0.0082
v  0.0026 0.0076 -0.0068
v  0.0030 0.0082 -0.0056
v  0.0045 0.0079 -0.0061
v  0.0013 0.0077 -0.0065
v  0.0016 0.0082 -0.0053
v  0.0019 0.0088 -0.0042
v  0.0000 0.0078 -0.0062
v  0.0001 0.0083 -0.0052
v  0.0002 0.0088 -0.0040
v  -0.0014 0.0083 -0.0050
v  -0.0014 0.0089 -0.0038
v  -0.0012 0.0094 -0.0028
v  0.0005 0.0094 -0.0030
v  0.0021 0.0094 -0.0031
v  -0.0007 0.0098 -0.0018
v  0.0009 0.0098 -0.0021
v  0.0024 0.0098 -0.0023
v  -0.0002 0.0102 -0.0009
v  0.0010 0.0101 -0.0013
v  0.0026 0.0102 -0.0013
v  0.0038 0.0103 -0.0009
v  0.0048 0.0107 -0.0003
v  0.0055 0.0111 0.0006
v  0.0061 0.0110 0.0002
v  0.0062 0.0119 0.0027
v  0.0073 0.0119 0.0027
v  0.0069 0.0116 0.0014
v  0.0061 0.0115 0.0018
v  0.0084 0.0117 0.0019
v  0.0068 0.0108 -0.0005
v  0.0082 0.0125 0.0042
v  0.0094 0.0126 0.0047
v  0.0076 0.0130 0.0057
v  0.0117 0.0129 0.0055
v  0.0145 0.0125 0.0059
v  0.0173 0.0126 0.0119
v  0.0178 0.0117 0.0068
v  0.0181 0.0107 0.0034
v  0.0204 0.0092 0.0076
v  0.0207 0.0085 0.0042
v  0.0185 0.0097 0.0000
v  0.0219 0.0060 0.0084
v  0.0202 0.0102 0.0127
v  0.0217 0.0069 0.0135
v  0.0217 0.0063 0.0136
v  0.0215 0.0068 0.0186
v  0.0207 0.0011 0.0191
v  0.0194 -0.0035 0.0193
v  0.0205 0.0005 0.0223
v  0.0192 -0.0037 0.0226
v  0.0172 -0.0076 0.0227
v  0.0174 -0.0075 0.0197
v  0.0145 -0.0108 0.0230
v  0.0145 -0.0108 0.0200
v  0.0109 -0.0133 0.0233
v  0.0143 -0.0109 0.0261
v  0.0108 -0.0134 0.0262
v  0.0067 -0.0149 0.0265
v  0.0104 -0.0135 0.0306
v  0.0064 -0.0150 0.0307
v  0.0021 -0.0154 0.0308
v  0.0017 -0.0154 0.0349
v  -0.0027 -0.0147 0.0349
v  0.0011 -0.0155 0.0392
v  -0.0030 -0.0146 0.0393
v  -0.0069 -0.0123 0.0398
v  -0.0097 -0.0088 0.0407
v  -0.0119 -0.0045 0.0422
v  -0.0127 -0.0020 0.0429
v  -0.0135 -0.0019 0.0392
v  -0.0125 -0.0046 0.0379
v  -0.0137 0.0015 0.0434
v  -0.0146 0.0031 0.0410
v  -0.0140 0.0005 0.0401
v  -0.0149 0.0033 0.0395
v  -0.0145 0.0008 0.0383
v  -0.0140 -0.0017 0.0371
v  -0.0145 0.0062 0.0443
v  -0.0127 0.0007 0.0483
v  -0.0136 0.0058 0.0491
v  -0.0140 0.0108 0.0494
v  -0.0143 0.0154 0.0498
v  -0.0129 0.0177 0.0495
v  -0.0104 0.0188 0.0488
v  -0.0076 0.0189 0.0480
v  -0.0085 0.0193 0.0412
v  -0.0051 0.0187 0.0402
v  -0.0060 0.0187 0.0350
v  -0.0095 0.0194 0.0360
v  -0.0075 0.0185 0.0298
v  -0.0110 0.0192 0.0310
v  -0.0095 0.0180 0.0245
v  -0.0130 0.0187 0.0259
v  -0.0161 0.0188 0.0275
v  -0.0146 0.0182 0.0227
v  -0.0176 0.0183 0.0245
v  -0.0203 0.0172 0.0264
v  -0.0193 0.0177 0.0217
v  -0.0164 0.0176 0.0196
v  -0.0183 0.0168 0.0166
v  -0.0211 0.0170 0.0188
v  -0.0203 0.0159 0.0136
v  -0.0232 0.0161 0.0159
v  -0.0224 0.0149 0.0107
v  -0.0253 0.0151 0.0129
v  -0.0246 0.0139 0.0081
v  -0.0275 0.0140 0.0102
v  -0.0298 0.0124 0.0125
v  -0.0297 0.0126 0.0075
v  -0.0320 0.0111 0.0098
v  -0.0332 0.0082 0.0119
v  -0.0341 0.0096 0.0072
v  -0.0353 0.0068 0.0092
v  -0.0353 0.0063 0.0094
v  -0.0332 0.0077 0.0121
v  -0.0331 0.0026 0.0093
v  -0.0314 0.0041 0.0119
v  -0.0308 -0.0010 0.0093
v  -0.0293 0.0004 0.0117
v  -0.0282 -0.0047 0.0093
v  -0.0269 -0.0033 0.0114
v  -0.0257 -0.0020 0.0135
v  -0.0242 -0.0068 0.0112
v  -0.0232 -0.0053 0.0131
v  -0.0223 -0.0041 0.0152
v  -0.0198 -0.0068 0.0152
v  -0.0171 -0.0091 0.0155
v  -0.0145 -0.0106 0.0162
v  -0.0254 -0.0081 0.0093
v  -0.0296 -0.0061 0.0072
v  -0.0270 -0.0096 0.0074
v  -0.0246 -0.0128 0.0074
v  -0.0286 -0.0112 0.0053
v  -0.0264 -0.0143 0.0055
v  -0.0247 -0.0170 0.0056
v  -0.0226 -0.0157 0.0074
v  -0.0234 -0.0194 0.0056
v  -0.0212 -0.0183 0.0072
v  -0.0202 -0.0209 0.0069
v  -0.0177 -0.0204 0.0080
v  -0.0149 -0.0203 0.0087
v  -0.0195 -0.0233 0.0064
v  -0.0171 -0.0232 0.0073
v  -0.0144 -0.0232 0.0078
v  -0.0117 -0.0232 0.0081
v  -0.0122 -0.0202 0.0091
v  -0.0168 -0.0260 0.0062
v  -0.0143 -0.0263 0.0067
v  -0.0115 -0.0262 0.0068
v  -0.0087 -0.0259 0.0068
v  -0.0089 -0.0229 0.0081
v  -0.0142 -0.0292 0.0054
v  -0.0113 -0.0294 0.0055
v  -0.0082 -0.0289 0.0053
v  -0.0054 -0.0280 0.0046
v  -0.0058 -0.0253 0.0063
v  -0.0114 -0.0286 0.0027
v  -0.0090 -0.0283 0.0024
v  -0.0063 -0.0276 0.0018
v  -0.0042 -0.0265 0.0009
v  -0.0028 -0.0267 0.0036
v  -0.0005 -0.0251 0.0024
v  -0.0004 -0.0231 0.0042
v  -0.0030 -0.0244 0.0054
v  -0.0022 -0.0253 -0.0002
v  -0.0005 -0.0240 -0.0016
v  0.0014 -0.0235 0.0007
v  0.0030 -0.0220 -0.0011
v  0.0041 -0.0203 0.0006
v  0.0020 -0.0218 0.0025
v  0.0008 -0.0229 -0.0032
v  0.0019 -0.0217 -0.0050
v  0.0043 -0.0207 -0.0030
v  0.0052 -0.0195 -0.0050
v  0.0069 -0.0177 -0.0037
v  0.0057 -0.0189 -0.0016
v  0.0027 -0.0209 -0.0066
v  0.0032 -0.0202 -0.0082
v  0.0059 -0.0187 -0.0071
v  0.0063 -0.0181 -0.0093
v  0.0084 -0.0164 -0.0086
v  0.0078 -0.0169 -0.0061
v  0.0035 -0.0196 -0.0099
v  0.0036 -0.0192 -0.0119
v  0.0064 -0.0177 -0.0117
v  0.0060 -0.0177 -0.0141
v  0.0088 -0.0161 -0.0140
v  0.0087 -0.0161 -0.0111
v  0.0035 -0.0190 -0.0139
v  0.0031 -0.0189 -0.0160
v  0.0056 -0.0178 -0.0167
v  0.0049 -0.0182 -0.0191
v  0.0024 -0.0190 -0.0180
v  0.0016 -0.0193 -0.0196
v  0.0040 -0.0185 -0.0209
v  0.0008 -0.0197 -0.0211
v  0.0028 -0.0191 -0.0227
v  0.0053 -0.0181 -0.0246
v  0.0075 -0.0172 -0.0266
v  0.0014 -0.0196 -0.0244
v  0.0034 -0.0190 -0.0265
v  0.0051 -0.0182 -0.0286
v  0.0065 -0.0173 -0.0308
v  0.0092 -0.0161 -0.0288
v  0.0012 -0.0198 -0.0281
v  0.0025 -0.0191 -0.0303
v  0.0035 -0.0183 -0.0325
v  0.0044 -0.0171 -0.0348
v  0.0077 -0.0161 -0.0332
v  -0.0004 -0.0199 -0.0316
v  0.0003 -0.0192 -0.0338
v  0.0009 -0.0180 -0.0360
v  0.0009 -0.0175 -0.0363
v  0.0045 -0.0166 -0.0352
v  -0.0030 -0.0198 -0.0347
v  -0.0027 -0.0187 -0.0368
v  -0.0027 -0.0182 -0.0372
v  -0.0029 -0.0153 -0.0377
v  0.0007 -0.0147 -0.0369
v  -0.0064 -0.0192 -0.0373
v  -0.0064 -0.0187 -0.0377
v  -0.0065 -0.0157 -0.0383
v  -0.0068 -0.0129 -0.0375
v  -0.0033 -0.0126 -0.0372
v  -0.0102 -0.0190 -0.0377
v  -0.0102 -0.0160 -0.0382
v  -0.0102 -0.0130 -0.0375
v  -0.0101 -0.0106 -0.0356
v  -0.0070 -0.0106 -0.0357
v  -0.0139 -0.0159 -0.0379
v  -0.0137 -0.0129 -0.0372
v  -0.0133 -0.0104 -0.0351
v  -0.0127 -0.0087 -0.0324
v  -0.0099 -0.0087 -0.0329
v  -0.0171 -0.0126 -0.0365
v  -0.0163 -0.0102 -0.0344
v  -0.0154 -0.0083 -0.0316
v  -0.0142 -0.0065 -0.0289
v  -0.0118 -0.0069 -0.0297
v  -0.0192 -0.0097 -0.0333
v  -0.0179 -0.0078 -0.0306
v  -0.0163 -0.0060 -0.0278
v  -0.0139 -0.0044 -0.0255
v  -0.0121 -0.0050 -0.0264
v  -0.0203 -0.0072 -0.0292
v  -0.0183 -0.0054 -0.0266
v  -0.0155 -0.0039 -0.0243
v  -0.0128 -0.0028 -0.0229
v  -0.0115 -0.0034 -0.0238
v  -0.0201 -0.0046 -0.0251
v  -0.0169 -0.0032 -0.0231
v  -0.0140 -0.0023 -0.0218
v  -0.0116 -0.0015 -0.0208
v  -0.0107 -0.0020 -0.0218
v  -0.0180 -0.0026 -0.0218
v  -0.0149 -0.0017 -0.0207
v  -0.0123 -0.0010 -0.0199
v  -0.0103 -0.0005 -0.0193
v  -0.0098 -0.0010 -0.0202
v  -0.0156 -0.0010 -0.0195
v  -0.0129 -0.0004 -0.0188
v  -0.0107 -0.0001 -0.0183
v  -0.0093 0.0013 -0.0188
v  -0.0089 0.0008 -0.0195
v  -0.0132 0.0003 -0.0176
v  -0.0110 0.0005 -0.0173
v  -0.0094 0.0018 -0.0179
v  -0.0087 0.0032 -0.0187
v  -0.0085 0.0026 -0.0194
v  -0.0110 0.0012 -0.0163
v  -0.0096 0.0023 -0.0170
v  -0.0088 0.0037 -0.0178
v  -0.0095 0.0029 -0.0162
v  -0.0088 0.0041 -0.0170
v  -0.0078 0.0041 -0.0171
v  -0.0078 0.0025 -0.0162
v  -0.0087 0.0046 -0.0163
v  -0.0078 0.0045 -0.0164
v  -0.0077 0.0038 -0.0160
v  -0.0077 0.0029 -0.0155
v  -0.0076 0.0049 -0.0157
v  -0.0075 0.0033 -0.0148
v  -0.0073 0.0053 -0.0151
v  -0.0072 0.0037 -0.0142
v  -0.0069 0.0056 -0.0145
v  -0.0069 0.0042 -0.0135
v  -0.0065 0.0060 -0.0138
v  -0.0064 0.0045 -0.0130
v  -0.0060 0.0063 -0.0132
v  -0.0059 0.0049 -0.0124
v  -0.0055 0.0066 -0.0127
v  -0.0053 0.0052 -0.0119
v  -0.0048 0.0070 -0.0123
v  -0.0047 0.0055 -0.0115
v  -0.0041 0.0072 -0.0120
v  -0.0040 0.0057 -0.0111
v  -0.0034 0.0074 -0.0116
v  -0.0033 0.0060 -0.0108
v  -0.0026 0.0075 -0.0114
v  -0.0025 0.0061 -0.0107
v  -0.0018 0.0077 -0.0111
v  -0.0017 0.0063 -0.0105
v  -0.0010 0.0077 -0.0111
v  -0.0009 0.0063 -0.0105
v  -0.0001 0.0077 -0.0110
v  -0.0001 0.0063 -0.0105
v  0.0008 0.0077 -0.0111
v  0.0007 0.0063 -0.0107
v  0.0017 0.0076 -0.0113
v  0.0015 0.0063 -0.0108
v  0.0027 0.0074 -0.0116
v  0.0026 0.0061 -0.0111
v  0.0036 0.0071 -0.0121
v  0.0035 0.0058 -0.0117
v  0.0046 0.0067 -0.0125
v  0.0044 0.0055 -0.0123
v  0.0052 0.0050 -0.0131
v  0.0040 0.0076 -0.0113
v  0.0030 0.0078 -0.0109
v  0.0030 0.0073 -0.0102
v  0.0019 0.0080 -0.0105
v  0.0020 0.0075 -0.0098
v  0.0021 0.0070 -0.0087
v  0.0009 0.0075 -0.0095
v  0.0010 0.0070 -0.0084
v  0.0012 0.0070 -0.0079
v  -0.0001 0.0071 -0.0083
v  0.0000 0.0071 -0.0077
v  -0.0012 0.0070 -0.0082
v  -0.0013 0.0071 -0.0075
v  -0.0014 0.0077 -0.0062
v  -0.0025 0.0069 -0.0077
v  -0.0027 0.0077 -0.0062
v  -0.0029 0.0082 -0.0050
v  -0.0040 0.0076 -0.0063
v  -0.0029 0.0088 -0.0037
v  -0.0027 0.0094 -0.0025
v  -0.0036 0.0067 -0.0079
v  -0.0047 0.0069 -0.0078
v  -0.0053 0.0073 -0.0066
v  -0.0058 0.0066 -0.0081
v  -0.0065 0.0070 -0.0071
v  -0.0068 0.0063 -0.0086
v  -0.0077 0.0066 -0.0075
v  -0.0087 0.0071 -0.0064
v  -0.0089 0.0063 -0.0081
v  -0.0100 0.0067 -0.0071
v  -0.0108 0.0072 -0.0061
v  -0.0095 0.0077 -0.0055
v  -0.0115 0.0077 -0.0053
v  -0.0102 0.0081 -0.0046
v  -0.0120 0.0082 -0.0044
v  -0.0108 0.0085 -0.0039
v  -0.0098 0.0089 -0.0033
v  -0.0114 0.0089 -0.0032
v  -0.0106 0.0093 -0.0026
v  -0.0100 0.0097 -0.0019
v  -0.0090 0.0093 -0.0025
v  -0.0096 0.0100 -0.0011
v  -0.0084 0.0097 -0.0017
v  -0.0093 0.0103 -0.0005
v  -0.0081 0.0101 -0.0009
v  -0.0067 0.0100 -0.0011
v  -0.0079 0.0105 0.0000
v  -0.0064 0.0104 -0.0001
v  -0.0079 0.0109 0.0010
v  -0.0063 0.0108 0.0008
v  -0.0080 0.0113 0.0020
v  -0.0063 0.0112 0.0018
v  -0.0045 0.0111 0.0017
v  -0.0046 0.0115 0.0026
v  -0.0030 0.0116 0.0024
v  -0.0028 0.0113 0.0017
v  0.0052 0.0129 0.0059
v  0.0040 0.0132 0.0069
v  0.0046 0.0135 0.0076
v  0.0059 0.0132 0.0064
v  0.0067 0.0128 0.0052
v  0.0059 0.0126 0.0048
v  -0.0029 0.0122 0.0041
v  -0.0031 0.0118 0.0033
v  -0.0046 0.0119 0.0035
v  -0.0045 0.0122 0.0046
v  -0.0041 0.0126 0.0056
v  -0.0027 0.0124 0.0049
v  -0.0058 0.0129 0.0063
v  -0.0047 0.0133 0.0074
v  -0.0033 0.0129 0.0064
v  -0.0022 0.0128 0.0057
v  -0.0033 0.0136 0.0083
v  -0.0023 0.0132 0.0073
v  -0.0015 0.0130 0.0065
v  -0.0013 0.0139 0.0093
v  -0.0011 0.0135 0.0080
v  -0.0006 0.0132 0.0070
v  0.0009 0.0141 0.0096
v  0.0008 0.0137 0.0085
v  0.0009 0.0134 0.0075
v  0.0026 0.0136 0.0082
v  0.0025 0.0140 0.0094
v  0.0052 0.0137 0.0083
v  0.0025 0.0134 0.0075
v  0.0067 0.0134 0.0069
v  -0.0044 0.0140 0.0097
v  -0.0056 0.0146 0.0112
v  -0.0023 0.0148 0.0125
v  -0.0016 0.0141 0.0103
v  -0.0075 0.0141 0.0096
v  -0.0089 0.0145 0.0107
v  -0.0061 0.0137 0.0085
v  -0.0074 0.0132 0.0071
v  -0.0089 0.0136 0.0080
v  -0.0105 0.0139 0.0087
v  -0.0118 0.0134 0.0073
v  -0.0124 0.0142 0.0094
v  -0.0124 0.0132 0.0064
v  -0.0130 0.0128 0.0056
v  -0.0147 0.0129 0.0058
v  -0.0091 0.0110 0.0011
v  -0.0092 0.0114 0.0020
v  -0.0091 0.0107 0.0003
v  -0.0198 0.0111 0.0018
v  -0.0208 0.0111 0.0019
v  -0.0203 0.0116 0.0030
v  -0.0195 0.0116 0.0028
v  -0.0193 0.0123 0.0043
v  -0.0189 0.0121 0.0038
v  -0.0218 0.0117 0.0033
v  -0.0238 0.0120 0.0040
v  -0.0268 0.0127 0.0055
v  -0.0319 0.0113 0.0049
v  -0.0340 0.0097 0.0024
v  -0.0362 0.0080 0.0045
v  -0.0359 0.0081 -0.0003
v  -0.0379 0.0063 0.0018
v  -0.0390 0.0036 0.0037
v  -0.0373 0.0054 0.0065
v  -0.0389 0.0031 0.0038
v  -0.0372 0.0048 0.0067
v  -0.0363 -0.0004 0.0044
v  -0.0348 0.0012 0.0068
v  -0.0337 -0.0040 0.0046
v  -0.0322 -0.0025 0.0071
v  -0.0311 -0.0077 0.0050
v  -0.0351 -0.0058 0.0022
v  -0.0324 -0.0094 0.0027
v  -0.0299 -0.0130 0.0030
v  -0.0279 -0.0161 0.0034
v  -0.0273 -0.0201 0.0013
v  -0.0263 -0.0184 0.0037
v  -0.0260 -0.0217 0.0018
v  -0.0250 -0.0205 0.0039
v  -0.0270 -0.0221 -0.0011
v  -0.0259 -0.0231 0.0002
v  -0.0247 -0.0242 0.0014
v  -0.0240 -0.0237 -0.0020
v  -0.0229 -0.0246 -0.0010
v  -0.0217 -0.0255 -0.0001
v  -0.0232 -0.0253 0.0025
v  -0.0215 -0.0265 0.0035
v  -0.0201 -0.0264 0.0008
v  -0.0184 -0.0273 0.0015
v  -0.0194 -0.0276 0.0044
v  -0.0170 -0.0286 0.0051
v  -0.0192 -0.0256 0.0055
v  -0.0161 -0.0280 0.0022
v  -0.0139 -0.0285 0.0026
v  -0.0249 -0.0229 -0.0032
v  -0.0256 -0.0221 -0.0043
v  -0.0263 -0.0213 -0.0057
v  -0.0271 -0.0204 -0.0079
v  -0.0300 -0.0185 -0.0095
v  -0.0275 -0.0197 -0.0099
v  -0.0302 -0.0182 -0.0119
v  -0.0276 -0.0193 -0.0120
v  -0.0301 -0.0180 -0.0143
v  -0.0275 -0.0190 -0.0140
v  -0.0297 -0.0181 -0.0167
v  -0.0272 -0.0190 -0.0158
v  -0.0287 -0.0184 -0.0189
v  -0.0265 -0.0191 -0.0179
v  -0.0274 -0.0190 -0.0211
v  -0.0255 -0.0193 -0.0199
v  -0.0258 -0.0196 -0.0232
v  -0.0243 -0.0199 -0.0218
v  -0.0238 -0.0204 -0.0251
v  -0.0227 -0.0205 -0.0237
v  -0.0216 -0.0211 -0.0267
v  -0.0207 -0.0212 -0.0254
v  -0.0190 -0.0218 -0.0281
v  -0.0184 -0.0219 -0.0267
v  -0.0162 -0.0224 -0.0291
v  -0.0159 -0.0224 -0.0277
v  -0.0132 -0.0227 -0.0296
v  -0.0131 -0.0227 -0.0282
v  -0.0102 -0.0226 -0.0297
v  -0.0104 -0.0228 -0.0283
v  -0.0073 -0.0223 -0.0292
v  -0.0077 -0.0224 -0.0276
v  -0.0047 -0.0216 -0.0283
v  -0.0055 -0.0218 -0.0266
v  -0.0024 -0.0210 -0.0271
v  -0.0035 -0.0213 -0.0255
v  -0.0003 -0.0204 -0.0259
v  -0.0018 -0.0207 -0.0241
v  -0.0003 -0.0201 -0.0226
v  -0.0013 -0.0206 -0.0293
v  -0.0040 -0.0213 -0.0304
v  -0.0034 -0.0207 -0.0326
v  -0.0069 -0.0218 -0.0312
v  -0.0067 -0.0213 -0.0332
v  -0.0065 -0.0204 -0.0353
v  -0.0101 -0.0215 -0.0335
v  -0.0101 -0.0206 -0.0355
v  -0.0101 -0.0195 -0.0374
v  -0.0137 -0.0207 -0.0353
v  -0.0139 -0.0195 -0.0371
v  -0.0139 -0.0190 -0.0374
v  -0.0176 -0.0193 -0.0364
v  -0.0177 -0.0188 -0.0368
v  -0.0175 -0.0156 -0.0373
v  -0.0214 -0.0184 -0.0357
v  -0.0211 -0.0152 -0.0363
v  -0.0204 -0.0122 -0.0355
v  -0.0246 -0.0145 -0.0348
v  -0.0235 -0.0115 -0.0341
v  -0.0220 -0.0091 -0.0319
v  -0.0265 -0.0105 -0.0324
v  -0.0246 -0.0082 -0.0304
v  -0.0225 -0.0064 -0.0277
v  -0.0270 -0.0072 -0.0285
v  -0.0245 -0.0054 -0.0260
v  -0.0215 -0.0038 -0.0236
v  -0.0261 -0.0044 -0.0241
v  -0.0226 -0.0029 -0.0220
v  -0.0189 -0.0019 -0.0206
v  -0.0194 -0.0011 -0.0193
v  -0.0160 -0.0003 -0.0183
v  -0.0195 -0.0003 -0.0181
v  -0.0291 -0.0061 -0.0265
v  -0.0293 -0.0095 -0.0304
v  -0.0318 -0.0082 -0.0282
v  -0.0339 -0.0068 -0.0258
v  -0.0336 -0.0112 -0.0285
v  -0.0359 -0.0098 -0.0259
v  -0.0379 -0.0081 -0.0230
v  -0.0357 -0.0054 -0.0231
v  -0.0394 -0.0065 -0.0201
v  -0.0372 -0.0039 -0.0205
v  -0.0405 -0.0048 -0.0170
v  -0.0383 -0.0024 -0.0178
v  -0.0350 -0.0011 -0.0175
v  -0.0318 -0.0003 -0.0167
v  -0.0390 -0.0007 -0.0148
v  -0.0359 0.0003 -0.0151
v  -0.0327 0.0009 -0.0147
v  -0.0305 0.0014 -0.0141
v  -0.0295 0.0005 -0.0158
v  -0.0363 0.0019 -0.0124
v  -0.0333 0.0022 -0.0124
v  -0.0309 0.0025 -0.0122
v  -0.0289 0.0028 -0.0119
v  -0.0284 0.0020 -0.0134
v  -0.0332 0.0036 -0.0100
v  -0.0310 0.0037 -0.0102
v  -0.0290 0.0037 -0.0103
v  -0.0305 0.0049 -0.0081
v  -0.0287 0.0047 -0.0086
v  -0.0274 0.0046 -0.0091
v  -0.0276 0.0039 -0.0103
v  -0.0278 0.0057 -0.0071
v  -0.0267 0.0054 -0.0079
v  -0.0266 0.0065 -0.0059
v  -0.0257 0.0059 -0.0069
v  -0.0269 0.0025 -0.0127
v  -0.0274 0.0031 -0.0116
v  -0.0262 0.0020 -0.0136
v  -0.0275 0.0013 -0.0145
v  -0.0263 0.0009 -0.0154
v  -0.0245 0.0006 -0.0160
v  -0.0228 0.0005 -0.0163
v  -0.0230 0.0012 -0.0151
v  -0.0220 0.0012 -0.0153
v  -0.0210 0.0014 -0.0152
v  -0.0201 0.0015 -0.0150
v  -0.0189 0.0020 -0.0144
v  -0.0180 0.0024 -0.0136
v  -0.0173 0.0030 -0.0127
v  -0.0162 0.0027 -0.0132
v  -0.0169 0.0036 -0.0117
v  -0.0155 0.0036 -0.0120
v  -0.0168 0.0043 -0.0106
v  -0.0169 0.0050 -0.0096
v  -0.0172 0.0053 -0.0087
v  -0.0177 0.0057 -0.0081
v  -0.0183 0.0061 -0.0074
v  -0.0189 0.0064 -0.0069
v  -0.0196 0.0065 -0.0065
v  -0.0185 0.0076 -0.0048
v  -0.0205 0.0067 -0.0062
v  -0.0174 0.0086 -0.0033
v  -0.0213 0.0068 -0.0060
v  -0.0224 0.0068 -0.0059
v  -0.0234 0.0067 -0.0060
v  -0.0237 0.0074 -0.0045
v  -0.0252 0.0071 -0.0050
v  -0.0295 0.0061 -0.0063
v  -0.0326 0.0050 -0.0077
v  -0.0314 0.0064 -0.0054
v  -0.0356 0.0051 -0.0070
v  -0.0344 0.0067 -0.0043
v  -0.0385 0.0046 -0.0059
v  -0.0374 0.0064 -0.0030
v  -0.0405 0.0026 -0.0043
v  -0.0394 0.0045 -0.0012
v  -0.0415 -0.0001 -0.0025
v  -0.0404 0.0019 0.0006
v  -0.0414 -0.0006 -0.0022
v  -0.0403 0.0013 0.0009
v  -0.0388 -0.0040 -0.0013
v  -0.0377 -0.0021 0.0016
v  -0.0360 -0.0076 -0.0005
v  -0.0394 -0.0057 -0.0043
v  -0.0365 -0.0095 -0.0033
v  -0.0397 -0.0074 -0.0073
v  -0.0365 -0.0109 -0.0059
v  -0.0396 -0.0090 -0.0102
v  -0.0366 -0.0120 -0.0086
v  -0.0334 -0.0156 -0.0088
v  -0.0365 -0.0129 -0.0118
v  -0.0334 -0.0157 -0.0117
v  -0.0360 -0.0140 -0.0151
v  -0.0332 -0.0162 -0.0146
v  -0.0349 -0.0153 -0.0184
v  -0.0324 -0.0167 -0.0175
v  -0.0332 -0.0164 -0.0214
v  -0.0311 -0.0175 -0.0201
v  -0.0313 -0.0174 -0.0241
v  -0.0294 -0.0182 -0.0226
v  -0.0290 -0.0184 -0.0264
v  -0.0274 -0.0191 -0.0248
v  -0.0264 -0.0194 -0.0285
v  -0.0251 -0.0200 -0.0268
v  -0.0235 -0.0202 -0.0304
v  -0.0226 -0.0207 -0.0285
v  -0.0204 -0.0209 -0.0318
v  -0.0198 -0.0214 -0.0299
v  -0.0170 -0.0214 -0.0328
v  -0.0166 -0.0219 -0.0309
v  -0.0135 -0.0216 -0.0334
v  -0.0134 -0.0222 -0.0315
v  -0.0101 -0.0221 -0.0316
v  -0.0173 -0.0204 -0.0346
v  -0.0209 -0.0200 -0.0336
v  -0.0213 -0.0189 -0.0354
v  -0.0242 -0.0194 -0.0321
v  -0.0249 -0.0183 -0.0340
v  -0.0250 -0.0178 -0.0343
v  -0.0283 -0.0174 -0.0321
v  -0.0284 -0.0169 -0.0325
v  -0.0278 -0.0135 -0.0331
v  -0.0315 -0.0158 -0.0302
v  -0.0308 -0.0124 -0.0309
v  -0.0343 -0.0145 -0.0277
v  -0.0314 -0.0162 -0.0299
v  -0.0342 -0.0150 -0.0274
v  -0.0367 -0.0135 -0.0246
v  -0.0368 -0.0130 -0.0249
v  -0.0387 -0.0118 -0.0217
v  -0.0388 -0.0114 -0.0219
v  -0.0403 -0.0101 -0.0185
v  -0.0404 -0.0096 -0.0188
v  -0.0415 -0.0083 -0.0153
v  -0.0415 -0.0077 -0.0156
v  -0.0421 -0.0064 -0.0120
v  -0.0422 -0.0058 -0.0123
v  -0.0412 -0.0030 -0.0138
v  -0.0424 -0.0039 -0.0090
v  -0.0414 -0.0012 -0.0106
v  -0.0393 0.0009 -0.0118
v  -0.0412 0.0007 -0.0074
v  -0.0391 0.0027 -0.0089
v  -0.0362 0.0035 -0.0097
v  -0.0422 -0.0020 -0.0057
v  -0.0423 -0.0045 -0.0087
v  -0.0421 -0.0026 -0.0054
v  -0.0391 -0.0106 -0.0134
v  -0.0382 -0.0122 -0.0167
v  -0.0368 -0.0136 -0.0198
v  -0.0351 -0.0150 -0.0228
v  -0.0329 -0.0163 -0.0257
v  -0.0303 -0.0174 -0.0282
v  -0.0274 -0.0184 -0.0303
v  -0.0246 0.0064 -0.0063
v  -0.0135 0.0034 -0.0125
v  -0.0144 0.0026 -0.0136
v  -0.0118 0.0033 -0.0130
v  -0.0124 0.0026 -0.0140
v  -0.0112 0.0039 -0.0121
v  -0.0097 0.0036 -0.0127
v  -0.0101 0.0030 -0.0135
v  -0.0105 0.0044 -0.0112
v  -0.0091 0.0042 -0.0120
v  -0.0083 0.0050 -0.0131
v  -0.0087 0.0045 -0.0138
v  -0.0097 0.0050 -0.0104
v  -0.0085 0.0046 -0.0112
v  -0.0077 0.0054 -0.0124
v  -0.0073 0.0063 -0.0133
v  -0.0078 0.0059 -0.0140
v  -0.0078 0.0051 -0.0107
v  -0.0072 0.0059 -0.0118
v  -0.0067 0.0066 -0.0127
v  -0.0064 0.0062 -0.0112
v  -0.0061 0.0071 -0.0122
v  -0.0057 0.0066 -0.0107
v  -0.0054 0.0074 -0.0116
v  -0.0048 0.0069 -0.0103
v  -0.0046 0.0076 -0.0112
v  -0.0040 0.0071 -0.0099
v  -0.0038 0.0078 -0.0109
v  -0.0031 0.0073 -0.0097
v  -0.0029 0.0080 -0.0106
v  -0.0022 0.0075 -0.0094
v  -0.0021 0.0081 -0.0103
v  -0.0012 0.0076 -0.0095
v  -0.0011 0.0082 -0.0103
v  -0.0001 0.0076 -0.0094
v  -0.0001 0.0082 -0.0102
v  0.0009 0.0081 -0.0103
v  -0.0023 0.0070 -0.0083
v  -0.0033 0.0067 -0.0085
v  -0.0043 0.0065 -0.0087
v  -0.0052 0.0062 -0.0091
v  -0.0061 0.0059 -0.0095
v  -0.0070 0.0055 -0.0100
v  -0.0079 0.0058 -0.0091
v  -0.0088 0.0055 -0.0097
v  -0.0101 0.0058 -0.0087
v  -0.0113 0.0063 -0.0077
v  -0.0122 0.0069 -0.0067
v  -0.0128 0.0074 -0.0058
v  -0.0132 0.0080 -0.0048
v  -0.0134 0.0085 -0.0040
v  -0.0124 0.0086 -0.0037
v  -0.0082 0.0055 -0.0147
v  -0.0084 0.0050 -0.0155
v  -0.0091 0.0040 -0.0145
v  -0.0094 0.0035 -0.0154
v  -0.0106 0.0024 -0.0144
v  -0.0109 0.0018 -0.0153
v  -0.0252 0.0015 -0.0144
v  -0.0240 0.0013 -0.0150
v  -0.0210 0.0106 0.0008
v  -0.0199 0.0106 0.0008
v  -0.0179 0.0126 0.0048
v  -0.0165 0.0129 0.0055
v  -0.0127 0.0155 0.0130
v  -0.0105 0.0149 0.0117
v  -0.0154 0.0161 0.0147
v  -0.0133 0.0168 0.0178
v  -0.0113 0.0175 0.0209
v  -0.0055 0.0174 0.0235
v  -0.0036 0.0178 0.0288
v  0.0005 0.0172 0.0282
v  -0.0011 0.0167 0.0226
v  0.0049 0.0168 0.0279
v  0.0040 0.0164 0.0222
v  0.0033 0.0158 0.0184
v  0.0087 0.0161 0.0226
v  0.0084 0.0156 0.0188
v  0.0130 0.0154 0.0232
v  0.0129 0.0150 0.0196
v  0.0168 0.0137 0.0242
v  0.0168 0.0137 0.0205
v  0.0169 0.0134 0.0170
v  0.0197 0.0110 0.0214
v  0.0199 0.0107 0.0178
v  0.0216 0.0074 0.0185
v  0.0214 0.0075 0.0219
v  0.0211 0.0049 0.0221
v  0.0212 0.0076 0.0253
v  0.0209 0.0041 0.0255
v  0.0202 0.0001 0.0256
v  0.0205 0.0035 0.0305
v  0.0198 -0.0004 0.0305
v  0.0185 -0.0043 0.0305
v  0.0190 -0.0040 0.0257
v  0.0165 -0.0080 0.0306
v  0.0170 -0.0077 0.0259
v  0.0138 -0.0111 0.0305
v  0.0132 -0.0114 0.0351
v  0.0098 -0.0138 0.0350
v  0.0059 -0.0152 0.0350
v  0.0091 -0.0139 0.0395
v  0.0053 -0.0153 0.0393
v  0.0043 -0.0153 0.0452
v  0.0004 -0.0155 0.0451
v  -0.0035 -0.0143 0.0453
v  -0.0068 -0.0119 0.0458
v  -0.0094 -0.0084 0.0465
v  -0.0113 -0.0041 0.0474
v  -0.0109 -0.0039 0.0527
v  -0.0120 0.0006 0.0534
v  -0.0127 0.0052 0.0542
v  -0.0130 0.0098 0.0550
v  -0.0131 0.0142 0.0556
v  -0.0118 0.0164 0.0556
v  -0.0096 0.0177 0.0553
v  -0.0070 0.0180 0.0545
v  -0.0039 0.0176 0.0537
v  -0.0044 0.0183 0.0472
v  -0.0009 0.0177 0.0465
v  -0.0015 0.0180 0.0396
v  0.0027 0.0171 0.0461
v  0.0022 0.0175 0.0391
v  0.0016 0.0175 0.0337
v  -0.0023 0.0180 0.0342
v  0.0056 0.0171 0.0336
v  0.0096 0.0165 0.0339
v  0.0092 0.0164 0.0282
v  0.0132 0.0155 0.0289
v  0.0168 0.0137 0.0296
v  0.0194 0.0108 0.0303
v  0.0196 0.0110 0.0249
v  0.0209 0.0073 0.0305
v  0.0205 0.0069 0.0357
v  0.0201 0.0031 0.0355
v  0.0193 -0.0008 0.0354
v  0.0179 -0.0047 0.0353
v  0.0159 -0.0083 0.0352
v  0.0173 -0.0052 0.0400
v  0.0152 -0.0087 0.0398
v  0.0125 -0.0116 0.0396
v  0.0142 -0.0092 0.0458
v  0.0114 -0.0120 0.0456
v  0.0081 -0.0141 0.0453
v  0.0070 -0.0143 0.0513
v  0.0034 -0.0153 0.0511
v  -0.0004 -0.0153 0.0511
v  -0.0040 -0.0139 0.0513
v  -0.0070 -0.0113 0.0516
v  -0.0093 -0.0079 0.0520
v  -0.0090 -0.0075 0.0576
v  -0.0104 -0.0038 0.0581
v  -0.0113 0.0002 0.0586
v  -0.0119 0.0044 0.0595
v  -0.0121 0.0086 0.0604
v  -0.0121 0.0126 0.0614
v  -0.0109 0.0147 0.0617
v  -0.0089 0.0161 0.0615
v  -0.0063 0.0165 0.0608
v  -0.0035 0.0165 0.0600
v  -0.0002 0.0160 0.0593
v  -0.0004 0.0171 0.0530
v  0.0031 0.0165 0.0527
v  0.0067 0.0159 0.0529
v  0.0064 0.0167 0.0461
v  0.0100 0.0159 0.0465
v  0.0098 0.0164 0.0394
v  0.0060 0.0170 0.0390
v  0.0134 0.0151 0.0399
v  0.0134 0.0154 0.0344
v  0.0165 0.0128 0.0405
v  0.0167 0.0134 0.0351
v  0.0187 0.0097 0.0408
v  0.0191 0.0104 0.0356
v  0.0200 0.0063 0.0408
v  0.0195 0.0024 0.0405
v  0.0186 -0.0014 0.0402
v  0.0176 -0.0022 0.0465
v  0.0162 -0.0059 0.0461
v  0.0150 -0.0066 0.0522
v  0.0130 -0.0097 0.0519
v  0.0103 -0.0124 0.0516
v  0.0090 -0.0125 0.0575
v  0.0059 -0.0143 0.0572
v  0.0025 -0.0151 0.0571
v  -0.0011 -0.0149 0.0571
v  -0.0043 -0.0133 0.0571
v  -0.0070 -0.0108 0.0573
v  -0.0068 -0.0102 0.0629
v  -0.0085 -0.0072 0.0632
v  -0.0097 -0.0038 0.0634
v  -0.0105 -0.0002 0.0640
v  -0.0110 0.0034 0.0648
v  -0.0111 0.0070 0.0658
v  -0.0111 0.0105 0.0670
v  -0.0099 0.0125 0.0674
v  -0.0081 0.0139 0.0674
v  -0.0057 0.0146 0.0669
v  -0.0030 0.0149 0.0661
v  -0.0001 0.0146 0.0653
v  0.0029 0.0140 0.0651
v  0.0032 0.0154 0.0590
v  0.0066 0.0146 0.0595
v  0.0097 0.0133 0.0601
v  0.0101 0.0148 0.0534
v  0.0131 0.0130 0.0538
v  0.0134 0.0142 0.0470
v  0.0155 0.0105 0.0541
v  0.0162 0.0118 0.0474
v  0.0180 0.0086 0.0477
v  0.0190 0.0051 0.0475
v  0.0185 0.0014 0.0470
v  0.0177 0.0038 0.0539
v  0.0173 0.0003 0.0533
v  0.0164 -0.0032 0.0527
v  0.0150 -0.0042 0.0588
v  0.0136 -0.0073 0.0582
v  0.0116 -0.0101 0.0578
v  0.0101 -0.0104 0.0638
v  0.0076 -0.0125 0.0635
v  0.0048 -0.0140 0.0632
v  0.0016 -0.0146 0.0631
v  -0.0017 -0.0142 0.0629
v  -0.0046 -0.0126 0.0629
v  -0.0046 -0.0120 0.0673
v  -0.0066 -0.0097 0.0672
v  -0.0081 -0.0069 0.0673
v  -0.0062 -0.0091 0.0715
v  -0.0075 -0.0066 0.0715
v  -0.0084 -0.0041 0.0715
v  -0.0092 -0.0040 0.0675
v  -0.0090 -0.0013 0.0719
v  -0.0098 -0.0008 0.0680
v  -0.0093 0.0013 0.0726
v  -0.0102 0.0024 0.0687
v  -0.0093 0.0039 0.0735
v  -0.0103 0.0055 0.0698
v  -0.0092 0.0065 0.0748
v  -0.0102 0.0086 0.0710
v  -0.0082 0.0083 0.0754
v  -0.0091 0.0106 0.0715
v  -0.0067 0.0098 0.0756
v  -0.0074 0.0120 0.0716
v  -0.0048 0.0110 0.0754
v  -0.0052 0.0129 0.0712
v  -0.0026 0.0115 0.0750
v  -0.0027 0.0134 0.0706
v  -0.0003 0.0115 0.0745
v  -0.0001 0.0133 0.0698
v  0.0019 0.0110 0.0743
v  0.0024 0.0128 0.0698
v  0.0051 0.0117 0.0703
v  0.0059 0.0130 0.0658
v  0.0086 0.0116 0.0665
v  0.0109 0.0094 0.0669
v  0.0124 0.0114 0.0606
v  0.0143 0.0088 0.0609
v  0.0155 0.0057 0.0607
v  0.0170 0.0073 0.0542
v  0.0162 0.0024 0.0601
v  0.0158 -0.0009 0.0594
v  0.0140 -0.0021 0.0654
v  0.0133 -0.0050 0.0647
v  0.0120 -0.0078 0.0642
v  0.0106 -0.0082 0.0687
v  0.0088 -0.0105 0.0682
v  0.0065 -0.0124 0.0679
v  0.0073 -0.0104 0.0728
v  0.0053 -0.0120 0.0724
v  0.0029 -0.0131 0.0722
v  0.0038 -0.0137 0.0676
v  0.0003 -0.0134 0.0720
v  0.0009 -0.0141 0.0675
v  -0.0023 -0.0128 0.0719
v  -0.0020 -0.0136 0.0674
v  -0.0045 -0.0112 0.0717
v  -0.0044 -0.0101 0.0761
v  -0.0058 -0.0082 0.0758
v  -0.0082 0.0001 0.0763
v  -0.0082 0.0020 0.0771
v  -0.0080 0.0039 0.0782
v  -0.0072 0.0058 0.0790
v  -0.0060 0.0074 0.0794
v  -0.0043 0.0086 0.0795
v  -0.0025 0.0093 0.0793
v  -0.0006 0.0094 0.0790
v  0.0042 0.0100 0.0746
v  0.0063 0.0084 0.0750
v  0.0075 0.0101 0.0709
v  0.0081 0.0064 0.0753
v  0.0096 0.0079 0.0713
v  0.0111 0.0054 0.0713
v  0.0126 0.0069 0.0669
v  0.0136 0.0039 0.0666
v  0.0143 0.0009 0.0661
v  0.0127 -0.0003 0.0705
v  0.0124 -0.0030 0.0698
v  0.0118 -0.0057 0.0692
v  0.0105 -0.0038 0.0741
v  0.0100 -0.0061 0.0736
v  0.0089 -0.0084 0.0731
v  0.0020 -0.0121 0.0770
v  -0.0003 -0.0121 0.0768
v  -0.0025 -0.0115 0.0765
v  -0.0005 -0.0109 0.0801
v  -0.0026 -0.0102 0.0797
v  -0.0043 -0.0087 0.0793
v  -0.0026 -0.0084 0.0825
v  -0.0041 -0.0070 0.0817
v  -0.0053 -0.0054 0.0811
v  -0.0055 -0.0070 0.0789
v  -0.0040 -0.0053 0.0833
v  -0.0051 -0.0039 0.0823
v  -0.0061 -0.0026 0.0811
v  -0.0051 -0.0024 0.0831
v  -0.0061 -0.0011 0.0817
v  -0.0072 0.0004 0.0795
v  -0.0072 -0.0012 0.0790
v  -0.0061 0.0004 0.0823
v  -0.0071 0.0022 0.0804
v  -0.0054 0.0022 0.0829
v  -0.0064 0.0039 0.0812
v  -0.0043 0.0037 0.0836
v  -0.0052 0.0055 0.0818
v  -0.0030 0.0046 0.0840
v  -0.0037 0.0067 0.0820
v  -0.0014 0.0051 0.0841
v  -0.0021 0.0072 0.0821
v  0.0003 0.0051 0.0839
v  -0.0005 0.0073 0.0819
v  -0.0006 0.0032 0.0852
v  0.0012 0.0033 0.0847
v  0.0029 0.0035 0.0837
v  0.0019 0.0012 0.0851
v  0.0038 0.0014 0.0837
v  0.0057 0.0019 0.0815
v  0.0047 0.0040 0.0816
v  0.0074 0.0027 0.0790
v  0.0063 0.0049 0.0791
v  0.0093 0.0039 0.0752
v  0.0102 0.0013 0.0750
v  0.0120 0.0025 0.0709
v  0.0107 -0.0013 0.0747
v  0.0085 -0.0023 0.0786
v  0.0083 -0.0044 0.0783
v  0.0078 -0.0065 0.0780
v  0.0064 -0.0049 0.0810
v  0.0059 -0.0066 0.0808
v  0.0042 -0.0051 0.0833
v  0.0038 -0.0069 0.0831
v  0.0020 -0.0053 0.0848
v  0.0017 -0.0071 0.0843
v  0.0015 -0.0089 0.0830
v  -0.0004 -0.0072 0.0847
v  -0.0006 -0.0091 0.0830
v  0.0015 -0.0108 0.0803
v  -0.0025 -0.0065 0.0842
v  -0.0002 -0.0052 0.0856
v  -0.0022 -0.0046 0.0852
v  -0.0038 -0.0035 0.0843
v  -0.0019 -0.0028 0.0857
v  -0.0036 -0.0019 0.0849
v  -0.0049 -0.0008 0.0837
v  0.0002 -0.0034 0.0859
v  0.0003 -0.0011 0.0861
v  0.0000 0.0012 0.0858
v  0.0022 -0.0035 0.0851
v  0.0023 -0.0011 0.0853
v  0.0044 -0.0034 0.0835
v  0.0043 -0.0009 0.0837
v  0.0066 -0.0029 0.0811
v  0.0064 -0.0004 0.0814
v  0.0081 0.0002 0.0789
v  -0.0073 0.0024 -0.0199
v  -0.0072 0.0009 -0.0190
v  -0.0082 0.0022 -0.0201
v  -0.0070 0.0020 -0.0205
v  -0.0078 0.0018 -0.0209
v  -0.0085 0.0004 -0.0203
v  -0.0073 0.0014 -0.0215
v  -0.0080 0.0000 -0.0211
v  -0.0091 -0.0014 -0.0210
v  -0.0074 -0.0003 -0.0218
v  -0.0084 -0.0018 -0.0218
v  -0.0098 -0.0024 -0.0227
v  -0.0075 -0.0021 -0.0226
v  -0.0086 -0.0028 -0.0234
v  -0.0101 -0.0037 -0.0246
v  -0.0074 -0.0031 -0.0241
v  -0.0086 -0.0040 -0.0253
v  -0.0102 -0.0054 -0.0273
v  -0.0070 -0.0042 -0.0259
v  -0.0082 -0.0055 -0.0278
v  -0.0094 -0.0071 -0.0303
v  -0.0062 -0.0056 -0.0281
v  -0.0069 -0.0072 -0.0306
v  -0.0071 -0.0088 -0.0332
v  -0.0044 -0.0071 -0.0307
v  -0.0043 -0.0086 -0.0331
v  -0.0039 -0.0103 -0.0355
v  -0.0015 -0.0082 -0.0328
v  -0.0007 -0.0098 -0.0350
v  0.0001 -0.0120 -0.0365
v  0.0024 -0.0092 -0.0341
v  0.0034 -0.0112 -0.0354
v  0.0041 -0.0138 -0.0358
v  0.0065 -0.0104 -0.0340
v  0.0074 -0.0129 -0.0343
v  0.0078 -0.0155 -0.0335
v  0.0104 -0.0116 -0.0323
v  0.0109 -0.0142 -0.0316
v  0.0108 -0.0147 -0.0313
v  0.0137 -0.0126 -0.0293
v  0.0137 -0.0132 -0.0290
v  0.0164 -0.0110 -0.0266
v  0.0163 -0.0115 -0.0263
v  0.0186 -0.0090 -0.0233
v  0.0185 -0.0094 -0.0231
v  0.0204 -0.0068 -0.0201
v  0.0203 -0.0073 -0.0197
v  0.0188 -0.0086 -0.0178
v  0.0216 -0.0052 -0.0163
v  0.0201 -0.0066 -0.0147
v  0.0222 -0.0033 -0.0130
v  0.0208 -0.0048 -0.0115
v  0.0224 -0.0015 -0.0098
v  0.0210 -0.0035 -0.0086
v  0.0193 -0.0057 -0.0077
v  0.0209 -0.0024 -0.0058
v  0.0192 -0.0051 -0.0048
v  0.0170 -0.0078 -0.0043
v  0.0173 -0.0080 -0.0071
v  0.0148 -0.0101 -0.0045
v  0.0151 -0.0103 -0.0074
v  0.0125 -0.0124 -0.0057
v  0.0131 -0.0123 -0.0087
v  0.0137 -0.0123 -0.0119
v  0.0110 -0.0143 -0.0101
v  0.0114 -0.0142 -0.0133
v  0.0104 -0.0146 -0.0073
v  0.0118 -0.0128 -0.0030
v  0.0096 -0.0151 -0.0047
v  0.0086 -0.0158 -0.0023
v  0.0072 -0.0168 0.0000
v  0.0052 -0.0183 0.0023
v  0.0036 -0.0178 0.0061
v  0.0028 -0.0197 0.0042
v  0.0004 -0.0190 0.0076
v  0.0000 -0.0210 0.0059
v  -0.0030 -0.0197 0.0087
v  -0.0030 -0.0219 0.0070
v  -0.0062 -0.0201 0.0093
v  -0.0060 -0.0226 0.0077
v  -0.0092 -0.0202 0.0094
v  -0.0064 -0.0178 0.0110
v  -0.0096 -0.0175 0.0108
v  -0.0067 -0.0159 0.0130
v  -0.0102 -0.0152 0.0127
v  -0.0028 -0.0164 0.0127
v  -0.0029 -0.0178 0.0106
v  0.0008 -0.0174 0.0096
v  0.0013 -0.0165 0.0118
v  0.0054 -0.0157 0.0106
v  0.0016 -0.0159 0.0142
v  0.0046 -0.0165 0.0082
v  0.0143 -0.0103 -0.0016
v  0.0168 -0.0076 -0.0014
v  0.0191 -0.0045 -0.0019
v  0.0191 -0.0042 0.0010
v  0.0209 -0.0015 -0.0027
v  0.0224 0.0001 -0.0068
v  0.0224 -0.0010 -0.0101
v  0.0223 -0.0028 -0.0133
v  0.0214 -0.0005 -0.0146
v  0.0216 -0.0048 -0.0166
v  0.0208 -0.0025 -0.0179
v  0.0193 -0.0006 -0.0186
v  0.0197 -0.0045 -0.0212
v  0.0182 -0.0025 -0.0218
v  0.0162 -0.0011 -0.0218
v  0.0166 -0.0044 -0.0248
v  0.0148 -0.0029 -0.0245
v  0.0127 -0.0020 -0.0237
v  0.0128 -0.0045 -0.0271
v  0.0110 -0.0035 -0.0260
v  0.0092 -0.0027 -0.0247
v  0.0089 -0.0048 -0.0281
v  0.0074 -0.0038 -0.0264
v  0.0061 -0.0030 -0.0250
v  0.0052 -0.0048 -0.0278
v  0.0043 -0.0037 -0.0260
v  0.0035 -0.0029 -0.0246
v  0.0023 -0.0044 -0.0270
v  0.0018 -0.0034 -0.0253
v  0.0016 -0.0026 -0.0246
v  0.0000 -0.0038 -0.0258
v  -0.0001 -0.0031 -0.0249
v  0.0000 -0.0023 -0.0246
v  -0.0015 -0.0033 -0.0249
v  -0.0015 -0.0025 -0.0245
v  -0.0014 -0.0013 -0.0245
v  -0.0028 -0.0026 -0.0243
v  -0.0026 -0.0013 -0.0243
v  -0.0025 -0.0003 -0.0244
v  -0.0037 -0.0012 -0.0240
v  -0.0035 -0.0001 -0.0242
v  -0.0045 0.0001 -0.0238
v  -0.0040 0.0005 -0.0231
v  -0.0038 -0.0008 -0.0222
v  -0.0047 0.0007 -0.0227
v  -0.0046 -0.0007 -0.0218
v  -0.0054 0.0010 -0.0222
v  -0.0053 -0.0004 -0.0213
v  -0.0060 0.0013 -0.0217
v  -0.0059 -0.0001 -0.0207
v  -0.0065 0.0017 -0.0211
v  -0.0064 0.0002 -0.0202
v  -0.0068 0.0006 -0.0196
v  -0.0068 0.0010 -0.0222
v  -0.0061 0.0007 -0.0228
v  -0.0066 -0.0006 -0.0225
v  -0.0053 0.0004 -0.0233
v  -0.0058 -0.0008 -0.0231
v  -0.0065 -0.0023 -0.0232
v  -0.0048 -0.0011 -0.0236
v  -0.0053 -0.0025 -0.0237
v  -0.0061 -0.0033 -0.0244
v  -0.0041 -0.0026 -0.0240
v  -0.0045 -0.0034 -0.0246
v  -0.0053 -0.0043 -0.0260
v  -0.0031 -0.0033 -0.0248
v  -0.0035 -0.0043 -0.0262
v  -0.0041 -0.0055 -0.0281
v  -0.0017 -0.0041 -0.0261
v  -0.0019 -0.0052 -0.0280
v  -0.0019 -0.0067 -0.0304
v  0.0002 -0.0049 -0.0277
v  0.0006 -0.0063 -0.0299
v  0.0014 -0.0077 -0.0321
v  0.0029 -0.0056 -0.0290
v  0.0040 -0.0068 -0.0310
v  0.0053 -0.0082 -0.0329
v  0.0065 -0.0059 -0.0297
v  0.0080 -0.0072 -0.0313
v  0.0094 -0.0091 -0.0322
v  0.0106 -0.0060 -0.0293
v  0.0121 -0.0078 -0.0301
v  0.0132 -0.0102 -0.0300
v  0.0146 -0.0062 -0.0276
v  0.0158 -0.0085 -0.0274
v  0.0180 -0.0065 -0.0244
v  -0.0190 0.0093 -0.0019
v  -0.0151 0.0060 0.0412
v  -0.0154 0.0057 0.0397
v  -0.0132 -0.0041 0.0359
v  0.0071 0.0124 0.0039
v  0.0062 0.0122 0.0037
v  -0.0274 0.0031 -0.0082
v  -0.0276 0.0024 -0.0095
v  -0.0267 0.0039 -0.0070
v  -0.0257 0.0046 -0.0061
v  -0.0246 0.0049 -0.0055
v  -0.0274 0.0016 -0.0108
v  -0.0269 0.0010 -0.0119
v  -0.0262 0.0005 -0.0128
v  -0.0240 -0.0002 -0.0141
v  -0.0230 -0.0002 -0.0143
v  -0.0220 -0.0002 -0.0144
v  -0.0210 -0.0001 -0.0144
v  -0.0201 0.0000 -0.0141
v  -0.0189 0.0005 -0.0136
v  -0.0180 0.0010 -0.0128
v  -0.0173 0.0016 -0.0119
v  -0.0169 0.0023 -0.0109
v  -0.0168 0.0029 -0.0098
v  -0.0169 0.0035 -0.0087
v  -0.0172 0.0040 -0.0079
v  -0.0177 0.0044 -0.0073
v  -0.0183 0.0046 -0.0066
v  -0.0189 0.0049 -0.0061
v  -0.0196 0.0051 -0.0057
v  -0.0205 0.0052 -0.0053
v  -0.0213 0.0053 -0.0052
v  -0.0224 0.0053 -0.0050
v  -0.0234 0.0052 -0.0052
v  -0.0252 0.0001 -0.0136
v  -0.0165 0.0064 -0.0024
v  -0.0155 0.0064 -0.0028
v  -0.0144 0.0063 -0.0028
v  -0.0096 0.0098 0.0040
v  -0.0103 0.0102 0.0051
v  -0.0115 0.0106 0.0061
v  -0.0114 0.0069 -0.0020
v  -0.0106 0.0073 -0.0014
v  -0.0100 0.0077 -0.0007
v  -0.0096 0.0080 0.0000
v  -0.0093 0.0083 0.0006
v  -0.0130 0.0108 0.0068
v  -0.0147 0.0109 0.0070
v  -0.0165 0.0109 0.0066
v  -0.0179 0.0106 0.0059
v  -0.0092 0.0094 0.0031
v  -0.0091 0.0091 0.0023
v  -0.0091 0.0087 0.0014
v  -0.0195 0.0096 0.0039
v  -0.0198 0.0091 0.0029
v  -0.0189 0.0101 0.0049
v  -0.0183 0.0069 -0.0014
v  -0.0174 0.0066 -0.0021
v  -0.0134 0.0065 -0.0028
v  -0.0124 0.0066 -0.0025
v  -0.0199 0.0086 0.0019
v  -0.0196 0.0078 0.0003
v  -0.0190 0.0073 -0.0008
v  -0.0019 0.0093 0.0010
v  -0.0012 0.0092 0.0003
v  -0.0025 0.0096 0.0017
v  -0.0002 0.0089 -0.0002
v  0.0010 0.0088 -0.0006
v  0.0026 0.0089 -0.0005
v  0.0038 0.0090 -0.0001
v  0.0048 0.0094 0.0005
v  0.0055 0.0098 0.0014
v  0.0061 0.0102 0.0025
v  0.0062 0.0106 0.0035
v  -0.0030 0.0103 0.0032
v  -0.0028 0.0100 0.0024
v  0.0062 0.0109 0.0045
v  0.0059 0.0113 0.0056
v  0.0052 0.0116 0.0067
v  0.0040 0.0119 0.0077
v  0.0025 0.0121 0.0083
v  -0.0006 0.0119 0.0078
v  -0.0015 0.0117 0.0072
v  0.0009 0.0121 0.0083
v  -0.0022 0.0115 0.0064
v  -0.0029 0.0109 0.0048
v  -0.0031 0.0105 0.0041
v  -0.0027 0.0111 0.0057
v  -0.0120 -0.0090 -0.0097
v  -0.0074 0.0047 0.0261
v  0.0012 0.0104 0.0037
v  -0.0142 0.0085 0.0015
v  -0.0218 0.0026 -0.0096
v  0.0010 0.0007 -0.0229
v  0.0021 0.0009 -0.0226
v  0.0025 0.0005 -0.0234
v  0.0012 0.0003 -0.0237
v  -0.0001 0.0002 -0.0239
v  -0.0001 0.0007 -0.0230
v  -0.0012 0.0002 -0.0238
v  -0.0011 0.0007 -0.0230
v  0.0032 0.0013 -0.0221
v  0.0042 0.0017 -0.0214
v  0.0049 0.0014 -0.0219
v  0.0038 0.0008 -0.0228
v  0.0050 0.0023 -0.0205
v  0.0058 0.0020 -0.0209
v  0.0060 0.0035 -0.0183
v  0.0060 0.0042 -0.0171
v  0.0070 0.0043 -0.0170
v  0.0069 0.0035 -0.0184
v  0.0065 0.0027 -0.0197
v  0.0056 0.0029 -0.0194
v  0.0053 0.0056 -0.0150
v  0.0061 0.0058 -0.0146
v  0.0067 0.0050 -0.0157
v  0.0058 0.0049 -0.0160
v  0.0046 0.0061 -0.0140
v  0.0053 0.0064 -0.0135
v  -0.0068 0.0038 -0.0179
v  -0.0067 0.0034 -0.0185
v  -0.0077 0.0034 -0.0186
v  -0.0078 0.0038 -0.0179
v  -0.0077 0.0042 -0.0172
v  -0.0068 0.0041 -0.0173
v  -0.0077 0.0046 -0.0165
v  -0.0067 0.0045 -0.0166
v  0.0030 0.0068 -0.0129
v  0.0035 0.0072 -0.0121
v  0.0044 0.0069 -0.0126
v  0.0039 0.0065 -0.0133
v  0.0022 0.0070 -0.0125
v  0.0026 0.0075 -0.0117
v  -0.0052 0.0062 -0.0139
v  -0.0057 0.0059 -0.0145
v  -0.0065 0.0062 -0.0139
v  -0.0060 0.0065 -0.0134
v  -0.0054 0.0068 -0.0129
v  -0.0047 0.0064 -0.0135
v  -0.0048 0.0071 -0.0124
v  -0.0042 0.0067 -0.0131
v  -0.0041 0.0073 -0.0120
v  -0.0036 0.0068 -0.0128
v  -0.0034 0.0075 -0.0117
v  -0.0030 0.0070 -0.0125
v  -0.0026 0.0076 -0.0115
v  -0.0023 0.0071 -0.0123
v  -0.0019 0.0077 -0.0113
v  -0.0016 0.0072 -0.0121
v  -0.0010 0.0078 -0.0112
v  -0.0002 0.0078 -0.0112
v  -0.0001 0.0073 -0.0120
v  -0.0009 0.0073 -0.0120
v  0.0007 0.0077 -0.0113
v  0.0006 0.0072 -0.0121
v  0.0016 0.0076 -0.0114
v  0.0014 0.0072 -0.0122
v  -0.0060 0.0056 -0.0150
v  -0.0063 0.0053 -0.0155
v  -0.0072 0.0055 -0.0152
v  -0.0069 0.0058 -0.0146
v  -0.0065 0.0048 -0.0161
v  -0.0075 0.0050 -0.0158
v  -0.0066 0.0031 -0.0191
v  -0.0063 0.0028 -0.0196
v  -0.0072 0.0026 -0.0199
v  -0.0075 0.0030 -0.0193
v  -0.0060 0.0025 -0.0201
v  -0.0069 0.0022 -0.0206
v  -0.0019 0.0008 -0.0229
v  -0.0022 0.0003 -0.0236
v  -0.0031 0.0005 -0.0234
v  -0.0027 0.0009 -0.0227
v  -0.0040 0.0006 -0.0231
v  -0.0035 0.0011 -0.0223
v  -0.0057 0.0022 -0.0206
v  -0.0052 0.0019 -0.0212
v  -0.0060 0.0016 -0.0217
v  -0.0065 0.0019 -0.0212
v  -0.0047 0.0016 -0.0216
v  -0.0054 0.0013 -0.0222
v  -0.0041 0.0014 -0.0220
v  -0.0047 0.0009 -0.0226
v  0.0010 -0.0001 -0.0225
v  0.0021 0.0001 -0.0221
v  0.0025 -0.0003 -0.0229
v  0.0012 -0.0005 -0.0233
v  -0.0001 -0.0006 -0.0234
v  -0.0001 -0.0001 -0.0226
v  -0.0012 -0.0006 -0.0234
v  -0.0011 -0.0001 -0.0226
v  0.0032 0.0004 -0.0216
v  0.0042 0.0009 -0.0210
v  0.0049 0.0005 -0.0214
v  0.0038 0.0000 -0.0223
v  0.0050 0.0015 -0.0200
v  0.0058 0.0012 -0.0205
v  0.0060 0.0027 -0.0179
v  0.0060 0.0034 -0.0166
v  0.0070 0.0035 -0.0166
v  0.0069 0.0027 -0.0179
v  0.0065 0.0019 -0.0192
v  0.0056 0.0021 -0.0190
v  0.0058 0.0041 -0.0155
v  0.0053 0.0048 -0.0145
v  0.0061 0.0050 -0.0141
v  0.0067 0.0042 -0.0153
v  0.0046 0.0053 -0.0136
v  0.0053 0.0056 -0.0131
v  -0.0068 0.0030 -0.0174
v  -0.0067 0.0026 -0.0180
v  -0.0077 0.0026 -0.0181
v  -0.0078 0.0030 -0.0174
v  -0.0077 0.0034 -0.0167
v  -0.0068 0.0033 -0.0168
v  -0.0067 0.0037 -0.0161
v  0.0039 0.0057 -0.0129
v  0.0030 0.0060 -0.0125
v  0.0035 0.0064 -0.0117
v  0.0044 0.0061 -0.0122
v  0.0022 0.0062 -0.0120
v  0.0026 0.0067 -0.0112
v  -0.0052 0.0054 -0.0135
v  -0.0057 0.0051 -0.0140
v  -0.0065 0.0054 -0.0135
v  -0.0060 0.0057 -0.0130
v  -0.0054 0.0060 -0.0125
v  -0.0047 0.0056 -0.0131
v  -0.0048 0.0063 -0.0119
v  -0.0042 0.0059 -0.0126
v  -0.0041 0.0065 -0.0116
v  -0.0036 0.0060 -0.0124
v  -0.0034 0.0067 -0.0112
v  -0.0030 0.0062 -0.0120
v  -0.0026 0.0068 -0.0111
v  -0.0023 0.0063 -0.0118
v  -0.0019 0.0069 -0.0108
v  -0.0016 0.0064 -0.0117
v  -0.0010 0.0070 -0.0107
v  -0.0002 0.0070 -0.0107
v  -0.0001 0.0065 -0.0115
v  -0.0009 0.0065 -0.0116
v  0.0007 0.0069 -0.0108
v  0.0006 0.0064 -0.0117
v  0.0016 0.0068 -0.0110
v  0.0014 0.0064 -0.0118
v  -0.0060 0.0048 -0.0145
v  -0.0063 0.0044 -0.0150
v  -0.0072 0.0046 -0.0147
v  -0.0069 0.0050 -0.0141
v  -0.0065 0.0040 -0.0156
v  -0.0075 0.0042 -0.0153
v  -0.0066 0.0023 -0.0186
v  -0.0063 0.0020 -0.0192
v  -0.0072 0.0018 -0.0194
v  -0.0075 0.0022 -0.0188
v  -0.0060 0.0017 -0.0197
v  -0.0069 0.0014 -0.0201
v  -0.0019 -0.0000 -0.0224
v  -0.0022 -0.0005 -0.0232
v  -0.0031 -0.0003 -0.0229
v  -0.0027 0.0001 -0.0222
v  -0.0040 -0.0002 -0.0227
v  -0.0035 0.0003 -0.0219
v  -0.0057 0.0014 -0.0202
v  -0.0052 0.0011 -0.0207
v  -0.0060 0.0008 -0.0212
v  -0.0065 0.0011 -0.0207
v  -0.0047 0.0008 -0.0212
v  -0.0054 0.0004 -0.0217
v  -0.0041 0.0005 -0.0215
v  -0.0047 0.0001 -0.0221
v  -0.0016 0.0036 -0.0167
v  -0.0010 0.0104 -0.0004
v  -0.0018 0.0107 0.0003
v  0.0016 0.0115 0.0033
v  -0.0023 0.0110 0.0010
v  0.0010 0.0101 -0.0011
v  -0.0001 0.0103 -0.0008
v  0.0026 0.0102 -0.0011
v  0.0037 0.0104 -0.0007
v  0.0054 0.0111 0.0008
v  0.0046 0.0107 -0.0001
v  0.0061 0.0119 0.0027
v  0.0059 0.0114 0.0018
v  -0.0026 0.0113 0.0018
v  -0.0028 0.0115 0.0025
v  0.0057 0.0125 0.0048
v  0.0060 0.0122 0.0037
v  0.0039 0.0130 0.0068
v  0.0050 0.0129 0.0059
v  0.0024 0.0133 0.0074
v  -0.0013 0.0129 0.0064
v  -0.0005 0.0131 0.0069
v  0.0009 0.0133 0.0074
v  -0.0021 0.0127 0.0056
v  -0.0029 0.0118 0.0033
v  -0.0028 0.0121 0.0041
v  -0.0025 0.0124 0.0049
v  -0.0011 0.0092 0.0001
v  -0.0018 0.0095 0.0008
v  -0.0024 0.0098 0.0015
v  0.0010 0.0089 -0.0008
v  -0.0001 0.0090 -0.0004
v  0.0026 0.0090 -0.0007
v  0.0038 0.0092 -0.0003
v  0.0055 0.0098 0.0012
v  0.0048 0.0094 0.0003
v  0.0062 0.0106 0.0031
v  0.0060 0.0103 0.0022
v  -0.0027 0.0101 0.0023
v  -0.0029 0.0103 0.0029
v  0.0058 0.0112 0.0053
v  0.0061 0.0109 0.0041
v  0.0040 0.0119 0.0072
v  0.0051 0.0116 0.0063
v  0.0025 0.0120 0.0078
v  -0.0014 0.0117 0.0069
v  -0.0006 0.0119 0.0074
v  0.0009 0.0120 0.0078
v  -0.0021 0.0115 0.0061
v  -0.0030 0.0106 0.0037
v  -0.0029 0.0109 0.0045
v  -0.0026 0.0112 0.0053
v  -0.0003 0.0090 -0.0206
v  -0.0016 0.0072 -0.0244
v  -0.0026 0.0074 -0.0240
v  -0.0035 0.0077 -0.0234
v  -0.0041 0.0081 -0.0227
v  -0.0046 0.0086 -0.0218
v  -0.0048 0.0091 -0.0210
v  -0.0047 0.0097 -0.0200
v  -0.0044 0.0102 -0.0192
v  -0.0039 0.0107 -0.0184
v  -0.0031 0.0111 -0.0177
v  -0.0023 0.0114 -0.0173
v  -0.0013 0.0116 -0.0170
v  -0.0002 0.0116 -0.0170
v  0.0009 0.0115 -0.0170
v  0.0018 0.0113 -0.0174
v  0.0026 0.0109 -0.0179
v  0.0033 0.0105 -0.0186
v  0.0038 0.0100 -0.0194
v  0.0015 0.0073 -0.0241
v  0.0005 0.0071 -0.0244
v  -0.0005 0.0071 -0.0245
v  0.0040 0.0095 -0.0203
v  0.0024 0.0076 -0.0236
v  0.0018 0.0074 -0.0247
v  0.0006 0.0072 -0.0251
v  -0.0006 0.0072 -0.0252
v  -0.0017 0.0073 -0.0250
v  -0.0028 0.0075 -0.0246
v  -0.0038 0.0079 -0.0239
v  -0.0045 0.0083 -0.0232
v  -0.0050 0.0089 -0.0222
v  -0.0053 0.0095 -0.0212
v  -0.0052 0.0101 -0.0201
v  -0.0049 0.0107 -0.0192
v  -0.0043 0.0112 -0.0184
v  -0.0034 0.0116 -0.0177
v  -0.0025 0.0120 -0.0171
v  -0.0014 0.0121 -0.0168
v  -0.0002 0.0122 -0.0167
v  0.0010 0.0121 -0.0169
v  0.0020 0.0119 -0.0172
v  0.0030 0.0115 -0.0179
v  0.0037 0.0111 -0.0186
v  0.0042 0.0106 -0.0195
v  0.0045 0.0099 -0.0205
v  0.0040 0.0090 -0.0212
v  0.0045 0.0093 -0.0215
v  0.0042 0.0087 -0.0225
v  0.0037 0.0085 -0.0221
v  0.0036 0.0082 -0.0234
v  0.0032 0.0080 -0.0230
v  0.0028 0.0078 -0.0241
v  0.0032 0.0074 -0.0245
v  0.0021 0.0070 -0.0251
v  0.0008 0.0068 -0.0255
v  0.0023 0.0064 -0.0253
v  0.0009 0.0062 -0.0257
v  -0.0006 0.0061 -0.0258
v  -0.0006 0.0067 -0.0256
v  -0.0021 0.0062 -0.0256
v  -0.0019 0.0068 -0.0254
v  -0.0034 0.0065 -0.0251
v  -0.0032 0.0071 -0.0250
v  -0.0046 0.0070 -0.0244
v  -0.0043 0.0075 -0.0242
v  -0.0055 0.0076 -0.0234
v  -0.0051 0.0080 -0.0233
v  -0.0061 0.0083 -0.0222
v  -0.0057 0.0086 -0.0223
v  -0.0064 0.0090 -0.0210
v  -0.0059 0.0093 -0.0212
v  -0.0063 0.0097 -0.0197
v  -0.0059 0.0100 -0.0200
v  -0.0059 0.0104 -0.0185
v  -0.0055 0.0107 -0.0189
v  -0.0052 0.0111 -0.0175
v  -0.0048 0.0112 -0.0179
v  -0.0042 0.0117 -0.0166
v  -0.0039 0.0117 -0.0171
v  -0.0030 0.0120 -0.0160
v  -0.0027 0.0121 -0.0165
v  -0.0016 0.0123 -0.0155
v  -0.0015 0.0123 -0.0161
v  -0.0002 0.0123 -0.0154
v  -0.0002 0.0123 -0.0160
v  0.0013 0.0122 -0.0156
v  0.0011 0.0122 -0.0162
v  0.0026 0.0119 -0.0161
v  0.0024 0.0120 -0.0166
v  0.0038 0.0115 -0.0168
v  0.0034 0.0116 -0.0173
v  0.0047 0.0109 -0.0177
v  0.0043 0.0111 -0.0182
v  0.0053 0.0102 -0.0188
v  0.0049 0.0105 -0.0192
v  0.0057 0.0095 -0.0201
v  0.0052 0.0098 -0.0203
v  0.0056 0.0088 -0.0214
v  0.0051 0.0091 -0.0214
v  0.0053 0.0081 -0.0226
v  0.0048 0.0085 -0.0226
v  0.0041 0.0079 -0.0236
v  0.0045 0.0074 -0.0237
v  0.0035 0.0068 -0.0246
v  0.0048 0.0069 -0.0236
v  0.0038 0.0062 -0.0246
v  0.0025 0.0058 -0.0253
v  0.0039 0.0057 -0.0244
v  0.0025 0.0052 -0.0252
v  0.0010 0.0050 -0.0256
v  0.0010 0.0055 -0.0258
v  -0.0006 0.0049 -0.0258
v  -0.0006 0.0055 -0.0259
v  -0.0022 0.0050 -0.0255
v  -0.0022 0.0056 -0.0257
v  -0.0037 0.0053 -0.0250
v  -0.0036 0.0059 -0.0251
v  -0.0050 0.0058 -0.0241
v  -0.0049 0.0064 -0.0244
v  -0.0060 0.0065 -0.0231
v  -0.0058 0.0071 -0.0233
v  -0.0067 0.0072 -0.0219
v  -0.0065 0.0078 -0.0221
v  -0.0070 0.0080 -0.0205
v  -0.0068 0.0086 -0.0208
v  -0.0069 0.0088 -0.0191
v  -0.0067 0.0093 -0.0195
v  -0.0064 0.0096 -0.0178
v  -0.0063 0.0101 -0.0182
v  -0.0056 0.0103 -0.0166
v  -0.0055 0.0107 -0.0170
v  -0.0045 0.0109 -0.0157
v  -0.0044 0.0114 -0.0161
v  -0.0032 0.0113 -0.0150
v  -0.0031 0.0118 -0.0154
v  -0.0017 0.0116 -0.0145
v  -0.0017 0.0120 -0.0150
v  -0.0001 0.0117 -0.0144
v  -0.0001 0.0121 -0.0148
v  0.0014 0.0115 -0.0146
v  0.0014 0.0120 -0.0151
v  0.0029 0.0112 -0.0151
v  0.0028 0.0117 -0.0156
v  0.0041 0.0108 -0.0159
v  0.0040 0.0112 -0.0164
v  0.0051 0.0101 -0.0169
v  0.0050 0.0106 -0.0173
v  0.0059 0.0094 -0.0181
v  0.0057 0.0099 -0.0185
v  0.0062 0.0086 -0.0195
v  0.0060 0.0091 -0.0198
v  0.0062 0.0078 -0.0209
v  0.0060 0.0084 -0.0211
v  0.0058 0.0070 -0.0222
v  0.0056 0.0076 -0.0225
v  0.0050 0.0063 -0.0234
v  0.0057 0.0064 -0.0218
v  0.0050 0.0057 -0.0231
v  0.0039 0.0051 -0.0241
v  0.0048 0.0053 -0.0226
v  0.0037 0.0047 -0.0236
v  0.0024 0.0043 -0.0243
v  0.0025 0.0047 -0.0249
v  0.0009 0.0041 -0.0248
v  0.0010 0.0044 -0.0253
v  -0.0006 0.0040 -0.0249
v  -0.0006 0.0044 -0.0254
v  -0.0022 0.0041 -0.0247
v  -0.0022 0.0045 -0.0252
v  -0.0036 0.0044 -0.0241
v  -0.0037 0.0048 -0.0246
v  -0.0048 0.0049 -0.0234
v  -0.0050 0.0053 -0.0238
v  -0.0058 0.0055 -0.0222
v  -0.0060 0.0059 -0.0227
v  -0.0064 0.0062 -0.0210
v  -0.0067 0.0067 -0.0214
v  -0.0067 0.0071 -0.0198
v  -0.0069 0.0074 -0.0201
v  -0.0066 0.0078 -0.0185
v  -0.0069 0.0083 -0.0188
v  -0.0062 0.0085 -0.0173
v  -0.0064 0.0091 -0.0175
v  -0.0054 0.0092 -0.0161
v  -0.0056 0.0098 -0.0163
v  -0.0044 0.0097 -0.0152
v  -0.0045 0.0103 -0.0153
v  -0.0031 0.0101 -0.0145
v  -0.0032 0.0107 -0.0146
v  -0.0017 0.0104 -0.0141
v  -0.0017 0.0110 -0.0142
v  -0.0002 0.0104 -0.0140
v  -0.0002 0.0110 -0.0141
v  0.0013 0.0103 -0.0141
v  0.0014 0.0109 -0.0143
v  0.0027 0.0100 -0.0147
v  0.0028 0.0106 -0.0148
v  0.0039 0.0096 -0.0154
v  0.0041 0.0102 -0.0156
v  0.0049 0.0090 -0.0164
v  0.0051 0.0096 -0.0166
v  0.0056 0.0083 -0.0176
v  0.0058 0.0089 -0.0178
v  0.0059 0.0076 -0.0189
v  0.0062 0.0081 -0.0191
v  0.0059 0.0068 -0.0202
v  0.0061 0.0072 -0.0205
v  0.0055 0.0060 -0.0215
v  0.0055 0.0064 -0.0199
v  0.0051 0.0057 -0.0211
v  0.0045 0.0051 -0.0222
v  0.0047 0.0056 -0.0208
v  0.0040 0.0050 -0.0217
v  0.0031 0.0044 -0.0225
v  0.0035 0.0045 -0.0230
v  0.0020 0.0040 -0.0232
v  0.0022 0.0041 -0.0237
v  0.0008 0.0038 -0.0236
v  0.0009 0.0038 -0.0242
v  -0.0006 0.0038 -0.0237
v  -0.0006 0.0037 -0.0243
v  -0.0019 0.0039 -0.0235
v  -0.0021 0.0039 -0.0241
v  -0.0031 0.0041 -0.0231
v  -0.0034 0.0042 -0.0235
v  -0.0042 0.0045 -0.0224
v  -0.0045 0.0046 -0.0229
v  -0.0050 0.0052 -0.0215
v  -0.0054 0.0053 -0.0219
v  -0.0055 0.0058 -0.0204
v  -0.0060 0.0059 -0.0207
v  -0.0058 0.0064 -0.0194
v  -0.0063 0.0066 -0.0195
v  -0.0057 0.0070 -0.0183
v  -0.0062 0.0073 -0.0183
v  -0.0053 0.0076 -0.0172
v  -0.0058 0.0080 -0.0171
v  -0.0047 0.0082 -0.0162
v  -0.0051 0.0086 -0.0161
v  -0.0038 0.0088 -0.0154
v  -0.0041 0.0092 -0.0152
v  -0.0027 0.0091 -0.0148
v  -0.0029 0.0096 -0.0146
v  -0.0015 0.0093 -0.0145
v  -0.0016 0.0098 -0.0142
v  -0.0002 0.0094 -0.0144
v  -0.0002 0.0099 -0.0141
v  0.0010 0.0093 -0.0146
v  0.0012 0.0098 -0.0143
v  0.0022 0.0090 -0.0150
v  0.0025 0.0095 -0.0147
v  0.0033 0.0087 -0.0156
v  0.0036 0.0091 -0.0155
v  0.0041 0.0081 -0.0164
v  0.0046 0.0085 -0.0163
v  0.0047 0.0075 -0.0175
v  0.0052 0.0078 -0.0174
v  0.0050 0.0069 -0.0185
v  0.0055 0.0071 -0.0187
v  0.0050 0.0062 -0.0196
v  0.0043 0.0067 -0.0185
v  0.0043 0.0062 -0.0195
v  0.0040 0.0056 -0.0205
v  0.0025 0.0063 -0.0192
v  0.0023 0.0060 -0.0198
v  0.0020 0.0056 -0.0205
v  0.0035 0.0050 -0.0213
v  0.0015 0.0054 -0.0209
v  0.0027 0.0046 -0.0220
v  0.0009 0.0052 -0.0212
v  0.0017 0.0043 -0.0226
v  0.0002 0.0050 -0.0215
v  0.0006 0.0041 -0.0229
v  -0.0005 0.0049 -0.0214
v  -0.0006 0.0040 -0.0230
v  -0.0012 0.0051 -0.0214
v  -0.0017 0.0041 -0.0228
v  -0.0019 0.0052 -0.0211
v  -0.0028 0.0043 -0.0225
v  -0.0025 0.0054 -0.0208
v  -0.0037 0.0047 -0.0219
v  -0.0029 0.0057 -0.0203
v  -0.0044 0.0053 -0.0211
v  -0.0032 0.0060 -0.0198
v  -0.0049 0.0058 -0.0202
v  -0.0033 0.0064 -0.0192
v  -0.0051 0.0063 -0.0192
v  -0.0032 0.0067 -0.0185
v  -0.0050 0.0069 -0.0183
v  -0.0030 0.0071 -0.0179
v  -0.0047 0.0074 -0.0173
v  -0.0027 0.0073 -0.0175
v  -0.0041 0.0079 -0.0166
v  -0.0022 0.0076 -0.0171
v  -0.0033 0.0083 -0.0159
v  -0.0016 0.0078 -0.0167
v  -0.0024 0.0086 -0.0153
v  -0.0010 0.0079 -0.0166
v  -0.0013 0.0088 -0.0150
v  -0.0003 0.0079 -0.0165
v  -0.0002 0.0088 -0.0149
v  0.0004 0.0079 -0.0166
v  0.0009 0.0087 -0.0151
v  0.0010 0.0077 -0.0168
v  0.0019 0.0085 -0.0154
v  0.0015 0.0075 -0.0172
v  0.0028 0.0082 -0.0160
v  0.0020 0.0073 -0.0176
v  0.0035 0.0078 -0.0167
v  0.0023 0.0070 -0.0181
v  0.0040 0.0073 -0.0176
v  0.0025 0.0067 -0.0186
v  0.0019 0.0052 -0.0163
v  0.0023 0.0050 -0.0167
v  0.0025 0.0046 -0.0173
v  0.0025 0.0043 -0.0180
v  0.0024 0.0039 -0.0186
v  0.0021 0.0036 -0.0192
v  0.0016 0.0033 -0.0196
v  0.0010 0.0031 -0.0199
v  0.0003 0.0030 -0.0202
v  -0.0005 0.0029 -0.0203
v  -0.0013 0.0030 -0.0201
v  -0.0020 0.0032 -0.0199
v  -0.0026 0.0034 -0.0194
v  -0.0029 0.0037 -0.0190
v  -0.0032 0.0040 -0.0185
v  -0.0033 0.0043 -0.0179
v  -0.0032 0.0047 -0.0173
v  -0.0030 0.0050 -0.0167
v  -0.0027 0.0053 -0.0162
v  -0.0022 0.0055 -0.0158
v  -0.0016 0.0057 -0.0155
v  -0.0010 0.0058 -0.0154
v  -0.0003 0.0058 -0.0153
v  0.0004 0.0058 -0.0154
v  0.0010 0.0057 -0.0155
v  0.0015 0.0055 -0.0159
v  0.0025 0.0055 -0.0146
v  0.0031 0.0052 -0.0152
v  0.0036 0.0047 -0.0160
v  0.0042 0.0049 -0.0144
v  0.0048 0.0043 -0.0154
v  0.0051 0.0036 -0.0165
v  0.0039 0.0042 -0.0169
v  0.0051 0.0030 -0.0177
v  0.0039 0.0037 -0.0177
v  0.0047 0.0023 -0.0189
v  0.0037 0.0032 -0.0187
v  0.0041 0.0017 -0.0199
v  0.0032 0.0027 -0.0196
v  0.0032 0.0012 -0.0207
v  0.0025 0.0022 -0.0202
v  0.0021 0.0008 -0.0214
v  0.0016 0.0019 -0.0207
v  0.0007 0.0006 -0.0217
v  0.0005 0.0017 -0.0210
v  -0.0006 0.0006 -0.0218
v  -0.0006 0.0017 -0.0211
v  -0.0019 0.0007 -0.0216
v  -0.0017 0.0018 -0.0209
v  -0.0032 0.0009 -0.0212
v  -0.0027 0.0020 -0.0205
v  -0.0043 0.0012 -0.0205
v  -0.0036 0.0023 -0.0199
v  -0.0051 0.0017 -0.0196
v  -0.0042 0.0027 -0.0193
v  -0.0057 0.0023 -0.0186
v  -0.0045 0.0032 -0.0185
v  -0.0059 0.0030 -0.0176
v  -0.0047 0.0036 -0.0177
v  -0.0059 0.0037 -0.0164
v  -0.0046 0.0043 -0.0168
v  -0.0055 0.0043 -0.0153
v  -0.0043 0.0047 -0.0160
v  -0.0049 0.0049 -0.0143
v  -0.0038 0.0052 -0.0152
v  -0.0040 0.0054 -0.0134
v  -0.0031 0.0056 -0.0145
v  -0.0028 0.0058 -0.0128
v  -0.0023 0.0058 -0.0141
v  -0.0016 0.0060 -0.0124
v  -0.0013 0.0060 -0.0138
v  -0.0002 0.0061 -0.0123
v  -0.0003 0.0061 -0.0137
v  0.0011 0.0060 -0.0125
v  0.0008 0.0060 -0.0138
v  0.0023 0.0058 -0.0128
v  0.0017 0.0058 -0.0141
v  0.0034 0.0054 -0.0135
v  0.0043 0.0048 -0.0123
v  0.0054 0.0042 -0.0134
v  0.0061 0.0034 -0.0147
v  0.0064 0.0026 -0.0161
v  0.0063 0.0018 -0.0174
v  0.0058 0.0009 -0.0188
v  0.0050 0.0002 -0.0200
v  0.0039 -0.0004 -0.0210
v  0.0025 -0.0008 -0.0218
v  0.0010 -0.0011 -0.0222
v  -0.0006 -0.0011 -0.0223
v  -0.0021 -0.0010 -0.0222
v  -0.0036 -0.0007 -0.0216
v  -0.0050 -0.0002 -0.0208
v  -0.0060 0.0004 -0.0197
v  -0.0067 0.0011 -0.0185
v  -0.0071 0.0019 -0.0173
v  -0.0071 0.0028 -0.0158
v  -0.0067 0.0036 -0.0144
v  -0.0059 0.0043 -0.0132
v  -0.0048 0.0049 -0.0121
v  -0.0035 0.0055 -0.0113
v  -0.0019 0.0058 -0.0108
v  -0.0003 0.0059 -0.0107
v  0.0014 0.0057 -0.0109
v  0.0030 0.0054 -0.0114
v  -0.0161 -0.0302 -0.0098
v  -0.0177 -0.0313 -0.0082
v  -0.0194 -0.0290 -0.0104
v  -0.0167 -0.0290 -0.0113
v  -0.0138 -0.0292 -0.0116
v  -0.0140 -0.0309 -0.0094
v  -0.0160 -0.0324 -0.0075
v  -0.0086 -0.0308 -0.0093
v  -0.0107 -0.0312 -0.0090
v  -0.0103 -0.0294 -0.0113
v  -0.0075 -0.0294 -0.0107
v  -0.0050 -0.0299 -0.0093
v  -0.0073 -0.0321 -0.0076
v  -0.0093 -0.0331 -0.0070
v  -0.0190 -0.0240 -0.0210
v  -0.0173 -0.0241 -0.0221
v  -0.0168 -0.0249 -0.0197
v  -0.0197 -0.0242 -0.0194
v  -0.0047 -0.0240 -0.0207
v  -0.0038 -0.0243 -0.0189
v  -0.0067 -0.0249 -0.0195
v  -0.0063 -0.0240 -0.0219
v  -0.0092 -0.0242 -0.0230
v  -0.0075 -0.0236 -0.0248
v  -0.0050 -0.0234 -0.0235
v  -0.0030 -0.0233 -0.0217
v  -0.0014 -0.0233 -0.0193
v  -0.0003 -0.0237 -0.0168
v  0.0002 -0.0225 -0.0194
v  0.0014 -0.0229 -0.0165
v  0.0018 -0.0240 -0.0135
v  0.0001 -0.0247 -0.0142
v  0.0015 -0.0256 -0.0110
v  -0.0001 -0.0260 -0.0119
v  0.0006 -0.0277 -0.0088
v  0.0009 -0.0241 -0.0056
v  -0.0010 -0.0261 -0.0033
v  -0.0009 -0.0298 -0.0073
v  -0.0030 -0.0278 -0.0018
v  -0.0030 -0.0321 -0.0060
v  -0.0057 -0.0293 -0.0006
v  -0.0055 -0.0340 -0.0051
v  -0.0115 -0.0307 0.0005
v  -0.0115 -0.0265 0.0034
v  -0.0140 -0.0263 0.0033
v  -0.0144 -0.0305 0.0004
v  -0.0165 -0.0255 0.0031
v  -0.0172 -0.0298 -0.0001
v  -0.0192 -0.0243 0.0021
v  -0.0199 -0.0283 -0.0011
v  -0.0216 -0.0228 0.0007
v  -0.0220 -0.0269 -0.0024
v  -0.0238 -0.0210 -0.0014
v  -0.0240 -0.0251 -0.0042
v  -0.0256 -0.0192 -0.0042
v  -0.0256 -0.0232 -0.0067
v  -0.0270 -0.0176 -0.0077
v  -0.0265 -0.0218 -0.0097
v  -0.0274 -0.0167 -0.0119
v  -0.0267 -0.0207 -0.0130
v  -0.0267 -0.0169 -0.0163
v  -0.0261 -0.0202 -0.0166
v  -0.0250 -0.0178 -0.0202
v  -0.0247 -0.0204 -0.0199
v  -0.0227 -0.0190 -0.0231
v  -0.0224 -0.0209 -0.0229
v  -0.0202 -0.0194 -0.0254
v  -0.0199 -0.0211 -0.0253
v  -0.0168 -0.0198 -0.0273
v  -0.0167 -0.0214 -0.0270
v  -0.0134 -0.0198 -0.0282
v  -0.0134 -0.0215 -0.0279
v  -0.0038 -0.0228 -0.0245
v  -0.0068 -0.0232 -0.0262
v  -0.0066 -0.0214 -0.0268
v  -0.0034 -0.0211 -0.0248
v  -0.0009 -0.0207 -0.0222
v  -0.0016 -0.0225 -0.0222
v  0.0010 -0.0205 -0.0191
v  0.0023 -0.0205 -0.0155
v  0.0022 -0.0224 -0.0084
v  0.0025 -0.0182 -0.0061
v  0.0008 -0.0201 -0.0027
v  -0.0013 -0.0220 -0.0002
v  -0.0037 -0.0237 0.0016
v  -0.0063 -0.0250 0.0028
v  -0.0090 -0.0261 0.0033
v  -0.0086 -0.0304 0.0002
v  0.0027 -0.0211 -0.0118
v  -0.0133 -0.0235 -0.0272
v  -0.0098 -0.0215 -0.0278
v  -0.0099 -0.0235 -0.0271
v  -0.0165 -0.0233 -0.0264
v  -0.0147 -0.0356 -0.0044
v  -0.0115 -0.0359 -0.0043
v  -0.0083 -0.0353 -0.0046
v  -0.0039 -0.0316 -0.0070
v  -0.0022 -0.0298 -0.0082
v  -0.0009 -0.0278 -0.0098
v  -0.0037 -0.0274 -0.0121
v  -0.0030 -0.0253 -0.0155
v  -0.0064 -0.0258 -0.0167
v  -0.0099 -0.0261 -0.0172
v  -0.0098 -0.0250 -0.0201
v  -0.0138 -0.0250 -0.0202
v  -0.0140 -0.0242 -0.0232
v  -0.0131 -0.0238 -0.0256
v  -0.0103 -0.0238 -0.0255
v  -0.0219 -0.0226 -0.0227
v  -0.0195 -0.0230 -0.0248
v  -0.0238 -0.0225 -0.0202
v  -0.0251 -0.0227 -0.0174
v  -0.0257 -0.0235 -0.0146
v  -0.0258 -0.0248 -0.0120
v  -0.0251 -0.0267 -0.0098
v  -0.0241 -0.0286 -0.0080
v  -0.0224 -0.0309 -0.0064
v  -0.0200 -0.0330 -0.0054
v  -0.0176 -0.0346 -0.0047
v  -0.0116 -0.0350 -0.0054
v  -0.0087 -0.0345 -0.0056
v  -0.0061 -0.0333 -0.0062
v  -0.0066 -0.0275 -0.0134
v  -0.0101 -0.0276 -0.0141
v  -0.0138 -0.0275 -0.0141
v  -0.0136 -0.0261 -0.0174
v  -0.0169 -0.0257 -0.0171
v  -0.0185 -0.0235 -0.0239
v  -0.0160 -0.0237 -0.0250
v  -0.0207 -0.0232 -0.0220
v  -0.0193 -0.0323 -0.0067
v  -0.0170 -0.0337 -0.0060
v  -0.0145 -0.0347 -0.0056
v  -0.0116 -0.0334 -0.0069
v  -0.0139 -0.0332 -0.0071
v  -0.0211 -0.0305 -0.0077
v  -0.0225 -0.0288 -0.0090
v  -0.0234 -0.0271 -0.0107
v  -0.0239 -0.0255 -0.0128
v  -0.0239 -0.0244 -0.0150
v  -0.0234 -0.0236 -0.0174
v  -0.0223 -0.0232 -0.0198
v  -0.0205 -0.0252 -0.0164
v  -0.0204 -0.0268 -0.0130
v  -0.0170 -0.0273 -0.0138
v  0.0034 -0.0169 -0.0103
v  0.0031 -0.0168 -0.0149
v  0.0016 -0.0175 -0.0191
v  -0.0007 -0.0187 -0.0224
v  -0.0031 -0.0193 -0.0249
v  -0.0065 -0.0197 -0.0270
v  -0.0100 -0.0199 -0.0280
v  -0.0223 0.0029 0.0220
v  -0.0218 0.0002 0.0207
v  -0.0206 0.0004 0.0218
v  -0.0211 0.0027 0.0229
v  -0.0215 0.0051 0.0242
v  -0.0226 0.0057 0.0234
v  -0.0214 0.0085 0.0264
v  -0.0210 0.0095 0.0276
v  -0.0220 0.0105 0.0272
v  -0.0225 0.0095 0.0257
v  -0.0228 0.0077 0.0244
v  -0.0216 0.0071 0.0252
v  -0.0188 0.0087 0.0300
v  -0.0196 0.0104 0.0305
v  -0.0204 0.0100 0.0290
v  -0.0202 0.0091 0.0284
v  -0.0164 0.0062 0.0378
v  -0.0169 0.0078 0.0367
v  -0.0163 0.0059 0.0354
v  -0.0159 0.0043 0.0376
v  -0.0210 -0.0019 0.0197
v  -0.0209 0.0005 0.0204
v  -0.0200 -0.0015 0.0196
v  -0.0136 -0.0051 0.0289
v  -0.0132 -0.0075 0.0274
v  -0.0129 -0.0073 0.0292
v  -0.0131 -0.0062 0.0316
v  -0.0181 -0.0019 0.0225
v  -0.0200 -0.0015 0.0211
v  -0.0191 -0.0028 0.0209
v  -0.0181 -0.0039 0.0212
v  -0.0169 -0.0004 0.0252
v  -0.0188 0.0003 0.0233
v  -0.0163 -0.0028 0.0241
v  -0.0148 -0.0040 0.0262
v  -0.0153 -0.0014 0.0275
v  -0.0158 0.0012 0.0289
v  -0.0175 0.0024 0.0265
v  -0.0146 -0.0005 0.0319
v  -0.0152 0.0017 0.0331
v  -0.0163 0.0034 0.0301
v  -0.0157 0.0038 0.0343
v  -0.0169 0.0057 0.0312
v  -0.0150 0.0000 0.0357
v  -0.0155 0.0024 0.0368
v  -0.0165 0.0065 0.0389
v  -0.0171 0.0088 0.0379
v  -0.0179 0.0104 0.0362
v  -0.0175 0.0090 0.0353
v  -0.0187 0.0113 0.0344
v  -0.0181 0.0098 0.0337
v  -0.0159 0.0091 0.0378
v  -0.0168 0.0106 0.0361
v  -0.0175 0.0116 0.0342
v  -0.0174 0.0120 0.0320
v  -0.0184 0.0119 0.0323
v  -0.0165 0.0116 0.0339
v  -0.0195 0.0117 0.0325
v  -0.0195 0.0119 0.0303
v  -0.0204 0.0117 0.0307
v  -0.0205 0.0077 0.0242
v  -0.0217 0.0077 0.0242
v  -0.0215 0.0093 0.0253
v  -0.0204 0.0092 0.0252
v  -0.0204 0.0062 0.0233
v  -0.0216 0.0059 0.0233
v  -0.0202 0.0031 0.0218
v  -0.0214 0.0030 0.0217
v  -0.0200 -0.0037 0.0196
v  -0.0191 -0.0031 0.0194
v  -0.0179 -0.0028 0.0194
v  -0.0168 -0.0041 0.0195
v  -0.0180 -0.0046 0.0195
v  -0.0157 -0.0053 0.0198
v  -0.0166 -0.0058 0.0202
v  -0.0139 -0.0065 0.0209
v  -0.0126 -0.0073 0.0219
v  -0.0136 -0.0079 0.0229
v  -0.0151 -0.0069 0.0213
v  -0.0112 -0.0091 0.0268
v  -0.0124 -0.0087 0.0248
v  -0.0110 -0.0083 0.0238
v  -0.0096 -0.0090 0.0261
v  -0.0094 -0.0082 0.0318
v  -0.0109 -0.0083 0.0317
v  -0.0108 -0.0090 0.0293
v  -0.0090 -0.0091 0.0290
v  -0.0111 -0.0050 0.0349
v  -0.0122 -0.0052 0.0348
v  -0.0116 -0.0070 0.0335
v  -0.0102 -0.0067 0.0338
v  -0.0131 0.0015 0.0382
v  -0.0143 0.0016 0.0382
v  -0.0138 -0.0007 0.0370
v  -0.0126 -0.0006 0.0371
v  -0.0135 0.0043 0.0392
v  -0.0147 0.0040 0.0391
v  -0.0153 0.0069 0.0390
v  -0.0142 0.0073 0.0389
v  -0.0149 0.0093 0.0377
v  -0.0159 0.0040 0.0390
v  -0.0144 -0.0030 0.0358
v  -0.0131 -0.0028 0.0360
v  -0.0150 -0.0006 0.0370
v  -0.0135 -0.0054 0.0344
v  -0.0124 -0.0082 0.0314
v  -0.0129 -0.0071 0.0332
v  -0.0127 -0.0090 0.0274
v  -0.0123 -0.0089 0.0293
v  -0.0147 -0.0081 0.0236
v  -0.0134 -0.0088 0.0255
v  -0.0161 -0.0072 0.0218
v  -0.0177 -0.0060 0.0207
v  -0.0187 -0.0051 0.0200
v  -0.0192 0.0025 0.0245
v  -0.0195 0.0041 0.0253
v  -0.0198 0.0059 0.0263
v  -0.0199 0.0077 0.0275
v  -0.0180 0.0047 0.0277
v  -0.0183 0.0068 0.0290
v  -0.0175 0.0078 0.0323
v  -0.0188 0.0102 0.0321
v  -0.0212 0.0113 0.0288
v  -0.0203 0.0114 0.0285
v  -0.0210 0.0106 0.0268
v  -0.0171 -0.0049 0.0218
v  -0.0160 -0.0058 0.0227
v  -0.0149 -0.0066 0.0241
v  -0.0139 -0.0071 0.0257
v  -0.0137 -0.0043 0.0331
v  -0.0144 -0.0021 0.0344
v  -0.0155 0.0016 0.0382
v  -0.0141 -0.0028 0.0305
v  -0.0196 0.0006 0.0205
v  -0.0189 -0.0012 0.0197
v  -0.0156 0.0107 0.0360
v  -0.0185 0.0118 0.0299
v  -0.0120 -0.0026 0.0361
v  -0.0193 0.0114 0.0283
v  -0.0198 0.0105 0.0266
v  -0.0186 0.0045 -0.0134
v  -0.0197 0.0038 -0.0143
v  -0.0207 0.0048 -0.0134
v  -0.0200 0.0052 -0.0128
v  -0.0212 0.0034 -0.0149
v  -0.0216 0.0045 -0.0138
v  -0.0228 0.0034 -0.0150
v  -0.0226 0.0044 -0.0138
v  -0.0243 0.0036 -0.0144
v  -0.0235 0.0046 -0.0135
v  -0.0255 0.0040 -0.0134
v  -0.0242 0.0048 -0.0128
v  -0.0262 0.0047 -0.0122
v  -0.0247 0.0053 -0.0121
v  -0.0263 0.0056 -0.0107
v  -0.0247 0.0058 -0.0112
v  -0.0257 0.0064 -0.0095
v  -0.0244 0.0064 -0.0104
v  -0.0246 0.0070 -0.0084
v  -0.0237 0.0067 -0.0098
v  -0.0232 0.0075 -0.0079
v  -0.0228 0.0070 -0.0095
v  -0.0215 0.0075 -0.0079
v  -0.0218 0.0071 -0.0094
v  -0.0200 0.0074 -0.0084
v  -0.0208 0.0069 -0.0098
v  -0.0188 0.0068 -0.0094
v  -0.0201 0.0066 -0.0104
v  -0.0181 0.0061 -0.0107
v  -0.0197 0.0061 -0.0112
v  -0.0181 0.0053 -0.0121
v  -0.0196 0.0056 -0.0120
v  -0.0222 0.0059 -0.0117
v  -0.0179 0.0040 -0.0136
v  -0.0172 0.0050 -0.0120
v  -0.0170 0.0047 -0.0119
v  -0.0177 0.0037 -0.0136
v  -0.0191 0.0029 -0.0148
v  -0.0192 0.0032 -0.0148
v  -0.0209 0.0023 -0.0156
v  -0.0210 0.0027 -0.0155
v  -0.0230 0.0022 -0.0156
v  -0.0229 0.0026 -0.0156
v  -0.0249 0.0025 -0.0149
v  -0.0248 0.0028 -0.0149
v  -0.0264 0.0031 -0.0137
v  -0.0262 0.0035 -0.0137
v  -0.0273 0.0040 -0.0120
v  -0.0271 0.0043 -0.0122
v  -0.0274 0.0050 -0.0103
v  -0.0272 0.0053 -0.0104
v  -0.0267 0.0061 -0.0086
v  -0.0265 0.0063 -0.0088
v  -0.0253 0.0069 -0.0073
v  -0.0252 0.0071 -0.0077
v  -0.0234 0.0074 -0.0067
v  -0.0234 0.0076 -0.0070
v  -0.0214 0.0076 -0.0067
v  -0.0214 0.0077 -0.0070
v  -0.0194 0.0073 -0.0073
v  -0.0196 0.0075 -0.0077
v  -0.0179 0.0066 -0.0086
v  -0.0181 0.0068 -0.0088
v  -0.0171 0.0058 -0.0102
v  -0.0173 0.0060 -0.0104
v  -0.0177 0.0014 -0.0122
v  -0.0191 0.0005 -0.0135
v  -0.0209 -0.0000 -0.0142
v  -0.0230 -0.0001 -0.0142
v  -0.0249 0.0001 -0.0136
v  -0.0264 0.0007 -0.0123
v  -0.0273 0.0017 -0.0107
v  -0.0274 0.0027 -0.0089
v  -0.0267 0.0038 -0.0073
v  -0.0253 0.0045 -0.0060
v  -0.0234 0.0050 -0.0053
v  -0.0214 0.0052 -0.0053
v  -0.0194 0.0049 -0.0059
v  -0.0179 0.0043 -0.0072
v  -0.0171 0.0035 -0.0088
v  -0.0170 0.0023 -0.0106
v  -0.0121 0.0106 -0.0030
v  -0.0130 0.0115 -0.0021
v  -0.0123 0.0118 -0.0014
v  -0.0110 0.0111 -0.0019
v  -0.0135 0.0104 -0.0037
v  -0.0139 0.0113 -0.0025
v  -0.0152 0.0103 -0.0038
v  -0.0149 0.0113 -0.0025
v  -0.0167 0.0106 -0.0032
v  -0.0158 0.0114 -0.0022
v  -0.0179 0.0111 -0.0022
v  -0.0166 0.0118 -0.0016
v  -0.0186 0.0117 -0.0010
v  -0.0170 0.0121 -0.0008
v  -0.0186 0.0124 0.0006
v  -0.0171 0.0126 0.0001
v  -0.0181 0.0131 0.0019
v  -0.0167 0.0131 0.0010
v  -0.0170 0.0136 0.0030
v  -0.0160 0.0133 0.0017
v  -0.0155 0.0139 0.0036
v  -0.0151 0.0135 0.0020
v  -0.0139 0.0139 0.0036
v  -0.0141 0.0135 0.0021
v  -0.0123 0.0136 0.0032
v  -0.0132 0.0134 0.0018
v  -0.0111 0.0132 0.0022
v  -0.0124 0.0130 0.0011
v  -0.0105 0.0125 0.0009
v  -0.0120 0.0127 0.0003
v  -0.0104 0.0118 -0.0006
v  -0.0120 0.0122 -0.0006
v  -0.0145 0.0125 -0.0003
v  -0.0100 0.0103 -0.0021
v  -0.0102 0.0106 -0.0022
v  -0.0095 0.0114 -0.0006
v  -0.0093 0.0112 -0.0004
v  -0.0114 0.0096 -0.0035
v  -0.0115 0.0100 -0.0036
v  -0.0133 0.0093 -0.0043
v  -0.0133 0.0096 -0.0043
v  -0.0153 0.0093 -0.0045
v  -0.0153 0.0097 -0.0044
v  -0.0172 0.0096 -0.0038
v  -0.0171 0.0099 -0.0038
v  -0.0188 0.0102 -0.0025
v  -0.0186 0.0105 -0.0026
v  -0.0196 0.0111 -0.0008
v  -0.0194 0.0113 -0.0010
v  -0.0197 0.0120 0.0009
v  -0.0195 0.0122 0.0008
v  -0.0190 0.0128 0.0028
v  -0.0188 0.0130 0.0024
v  -0.0176 0.0135 0.0041
v  -0.0175 0.0136 0.0038
v  -0.0158 0.0138 0.0049
v  -0.0157 0.0139 0.0045
v  -0.0137 0.0138 0.0049
v  -0.0137 0.0140 0.0046
v  -0.0118 0.0135 0.0043
v  -0.0119 0.0136 0.0040
v  -0.0103 0.0129 0.0031
v  -0.0104 0.0131 0.0028
v  -0.0094 0.0121 0.0015
v  -0.0096 0.0123 0.0012
v  -0.0114 0.0073 -0.0021
v  -0.0100 0.0080 -0.0008
v  -0.0133 0.0069 -0.0030
v  -0.0153 0.0070 -0.0031
v  -0.0172 0.0072 -0.0025
v  -0.0188 0.0079 -0.0012
v  -0.0196 0.0087 0.0005
v  -0.0197 0.0095 0.0023
v  -0.0190 0.0105 0.0041
v  -0.0176 0.0111 0.0055
v  -0.0158 0.0114 0.0062
v  -0.0137 0.0114 0.0063
v  -0.0118 0.0111 0.0057
v  -0.0103 0.0105 0.0044
v  -0.0094 0.0097 0.0028
v  -0.0093 0.0087 0.0010
# 2920 vertices

vn -0.0674 0.8878 -0.4552
vn -0.0303 0.8919 -0.4512
vn -0.0169 0.8881 -0.4592
vn -0.0042 0.8913 -0.4534
vn -0.0348 0.9161 -0.3995
vn -0.0709 0.8653 -0.4961
vn -0.0532 0.8587 -0.5097
vn -0.0657 0.8564 -0.5121
vn 0.0755 0.9692 -0.2344
vn 0.0659 0.9675 -0.2441
vn 0.0670 0.9710 -0.2297
vn 0.4280 0.6419 0.6362
vn 0.5108 0.6643 0.5457
vn 0.3520 0.7700 0.5322
vn -0.0885 0.9162 -0.3908
vn -0.0094 0.9037 -0.4280
vn -0.0468 0.9340 -0.3542
vn 0.0139 0.9076 -0.4195
vn 0.0110 0.8994 -0.4370
vn -0.0008 0.8860 -0.4637
vn -0.6467 0.1048 0.7555
vn -0.3206 0.0601 0.9453
vn -0.3387 0.2896 0.8952
vn 0.7208 -0.6787 0.1412
vn 0.7062 -0.6933 0.1437
vn 0.7366 -0.6615 0.1408
vn 0.7184 -0.6940 -0.0477
vn 0.5645 -0.8252 -0.0180
vn 0.5984 -0.7938 0.1084
vn 0.6608 -0.7503 0.0213
vn 0.7179 -0.6961 -0.0011
vn -0.9087 -0.3343 0.2500
vn -0.9115 -0.2316 0.3400
vn -0.9407 -0.1947 0.2777
vn -0.6267 -0.7767 0.0638
vn -0.7571 -0.6457 0.0997
vn -0.8075 -0.5539 0.2030
vn -0.5712 -0.4378 0.6943
vn -0.5850 -0.3172 0.7465
vn -0.6892 -0.3979 0.6056
vn -0.2380 -0.9464 0.2183
vn -0.4177 -0.8603 0.2924
vn -0.5087 -0.8242 0.2488
vn 0.6721 -0.5948 0.4410
vn 0.5430 -0.7300 0.4150
vn 0.5689 -0.6295 0.5292
vn -0.0413 0.8569 -0.5138
vn -0.0499 0.8649 -0.4994
vn -0.0247 0.8551 -0.5178
vn 0.0273 0.9372 -0.3477
vn 0.0440 0.9416 -0.3337
vn 0.0077 0.9374 -0.3480
vn 0.0233 0.9374 -0.3476
vn 0.0308 0.9425 -0.3329
vn -0.0619 0.8778 -0.4750
vn -0.0686 0.8717 -0.4853
vn -0.0587 0.8718 -0.4864
vn -0.7408 -0.5667 0.3606
vn -0.8450 -0.4946 0.2032
vn -0.7610 -0.6399 0.1067
vn -0.0245 0.9414 -0.3365
vn 0.0169 0.9229 -0.3847
vn 0.0093 0.9611 -0.2761
vn 0.0385 0.9347 -0.3534
vn -0.0285 0.8993 -0.4363
vn -0.0154 0.8809 -0.4731
vn 0.0138 0.9310 -0.3647
vn 0.0143 0.9172 -0.3982
vn 0.0664 0.9375 -0.3415
vn -0.0603 0.8728 -0.4843
vn -0.0363 0.8720 -0.4882
vn -0.0365 0.8607 -0.5077
vn -0.0842 0.8619 -0.5001
vn -0.0544 0.8584 -0.5101
vn -0.0721 0.8590 -0.5068
vn -0.0465 0.8525 -0.5206
vn -0.0316 0.8426 -0.5376
vn -0.0605 0.8650 -0.4981
vn -0.0487 0.8494 -0.5255
vn -0.0516 0.8550 -0.5161
vn -0.0645 0.8441 -0.5323
vn -0.0435 0.8632 -0.5029
vn -0.0568 0.8434 -0.5343
vn 0.0087 0.9669 -0.2552
vn -0.0012 0.9634 -0.2682
vn 0.1110 0.9833 -0.1445
vn 0.0212 0.9797 -0.1992
vn 0.1194 0.9745 -0.1900
vn 0.4804 -0.8770 0.0143
vn 0.5355 -0.8445 -0.0038
vn 0.6066 -0.7936 0.0473
vn 0.5095 -0.8585 0.0587
vn 0.5867 -0.8054 0.0844
vn -0.7833 -0.2468 0.5706
vn -0.7720 -0.3033 0.5586
vn -0.7655 -0.2723 0.5829
vn -0.3134 -0.4836 0.8173
vn -0.3924 -0.6444 0.6564
vn -0.4199 -0.4540 0.7859
vn -0.3439 -0.3910 0.8537
vn -0.4941 -0.5796 0.6480
vn -0.9324 -0.0985 0.3478
vn -0.9469 -0.1318 0.2934
vn -0.9498 -0.1301 0.2845
vn -0.9608 -0.1228 0.2484
vn -0.9614 -0.0978 0.2573
vn -0.8030 0.5578 0.2098
vn -0.3287 0.9403 0.0877
vn -0.3334 0.9409 0.0594
vn -0.7867 0.5702 0.2368
vn -0.7762 0.5713 0.2666
vn -0.9028 -0.0416 0.4281
vn -0.8937 -0.1779 0.4119
vn -0.8845 0.1187 0.4512
vn -0.8442 -0.2038 0.4958
vn -0.8298 -0.2131 0.5157
vn -0.7988 -0.2348 0.5539
vn -0.8835 0.1579 0.4411
vn -0.8447 0.1878 0.5012
vn -0.7609 0.5627 0.3231
vn -0.7542 0.5673 0.3307
vn -0.8425 0.1645 0.5130
vn -0.7573 0.5625 0.3320
vn -0.8212 0.1799 0.5415
vn -0.8125 0.2045 0.5459
vn -0.6845 -0.3271 0.6515
vn -0.7204 -0.2891 0.6304
vn -0.6670 -0.3864 0.6370
vn -0.7067 -0.3812 0.5961
vn -0.6914 -0.4362 0.5759
vn -0.7366 -0.4178 0.5318
vn -0.7443 -0.3629 0.5606
vn -0.7148 -0.4830 0.5057
vn -0.6920 -0.5586 0.4573
vn -0.6617 -0.6176 0.4252
vn -0.6374 -0.6730 0.3753
vn -0.6318 -0.7062 0.3196
vn -0.6381 -0.7299 0.2450
vn -0.6177 -0.7540 0.2233
vn -0.6240 -0.7634 0.1669
vn -0.5953 -0.7885 0.1543
vn -0.6351 -0.7670 0.0916
vn -0.6808 -0.7263 0.0946
vn -0.5540 -0.8300 0.0646
vn -0.3663 -0.9304 0.0149
vn -0.5231 -0.8509 0.0488
vn -0.3199 -0.9473 0.0185
vn -0.1219 -0.9925 -0.0100
vn -0.2984 -0.9526 0.0589
vn -0.1067 -0.9938 0.0305
vn 0.1138 -0.9935 0.0069
vn -0.0914 -0.9930 0.0754
vn 0.1342 -0.9902 0.0379
vn 0.3422 -0.9396 0.0004
vn 0.3688 -0.9293 0.0210
vn 0.5774 -0.8160 -0.0267
vn 0.7456 -0.6658 -0.0293
vn 0.5708 -0.8203 -0.0351
vn 0.7318 -0.6791 -0.0564
vn 0.8782 -0.4777 -0.0221
vn 0.9509 -0.3095 0.0027
vn 0.8622 -0.5057 -0.0293
vn 0.9398 -0.3414 0.0128
vn 0.9726 -0.2265 0.0524
vn 0.9256 -0.3769 0.0353
vn 0.9621 -0.2610 0.0785
vn 0.9957 -0.0648 0.0660
vn 0.9488 -0.2985 0.1034
vn 0.9864 -0.1424 0.0822
vn 0.9301 0.3563 -0.0890
vn 0.9862 -0.1410 0.0870
vn 0.9341 0.3426 -0.1002
vn 0.7456 0.6256 -0.2295
vn 0.9458 0.3016 -0.1202
vn 0.7628 0.6006 -0.2396
vn 0.3833 0.8401 -0.3837
vn 0.7756 0.5582 -0.2947
vn 0.4170 0.7919 -0.4462
vn 0.0737 0.8690 -0.4894
vn 0.4442 0.7560 -0.4808
vn 0.1170 0.8465 -0.5194
vn -0.0193 0.8571 -0.5148
vn 0.1159 0.8376 -0.5338
vn -0.0028 0.8490 -0.5283
vn -0.0270 0.8571 -0.5145
vn 0.0167 0.8553 -0.5179
vn -0.0313 0.8596 -0.5100
vn 0.0337 0.8492 -0.5271
vn -0.0649 0.8582 -0.5091
vn 0.0583 0.8237 -0.5640
vn 0.3465 0.7017 -0.6226
vn 0.0366 0.8246 -0.5645
vn 0.2782 0.6454 -0.7114
vn 0.3122 0.6379 -0.7040
vn 0.1752 0.6629 -0.7279
vn 0.3994 0.4001 -0.8248
vn 0.5971 0.0439 -0.8010
vn 0.3282 0.3001 -0.8957
vn 0.4346 -0.0250 -0.9003
vn 0.4134 -0.0217 -0.9103
vn 0.2588 -0.0064 -0.9659
vn 0.2662 -0.0692 -0.9614
vn -0.0000 0.8660 -0.5000
vn 0.1357 -0.0861 -0.9870
vn 0.0000 0.8660 -0.5000
vn 0.0447 0.6395 0.7675
vn 0.1786 0.6105 0.7716
vn 0.2661 0.5712 0.7765
vn 0.9825 0.1157 0.1459
vn 0.9923 0.0620 0.1074
vn -0.9115 0.2505 -0.3261
vn -0.9308 0.3252 -0.1667
vn -0.4696 0.6584 0.5882
vn -0.3037 0.6837 0.6636
vn -0.1998 0.6606 0.7236
vn -0.6443 0.6274 0.4374
vn 0.7243 0.0286 -0.6889
vn 0.6135 -0.0195 -0.7895
vn 0.8165 0.1494 -0.5577
vn 0.8326 0.1105 -0.5428
vn 0.7170 0.0822 -0.6922
vn 0.9029 0.1844 -0.3883
vn 0.3247 0.7584 -0.5651
vn 0.2931 0.7357 -0.6106
vn 0.2164 0.8429 -0.4927
vn 0.4485 0.7634 -0.4648
vn 0.3658 0.7426 -0.5610
vn 0.4241 0.8216 -0.3811
vn -0.0456 0.8577 -0.5121
vn -0.0508 0.8635 -0.5018
vn -0.0629 0.8714 -0.4865
vn -0.0114 0.8812 -0.4725
vn -0.0217 0.8712 -0.4904
vn -0.0268 0.9025 -0.4300
vn -0.0004 0.9028 -0.4300
vn 0.0293 0.8842 -0.4662
vn -0.0590 0.8807 -0.4700
vn -0.0072 0.9027 -0.4301
vn -0.0438 0.8936 -0.4467
vn 0.0091 0.8836 -0.4682
vn 0.0994 0.9142 -0.3928
vn -0.0261 0.8839 -0.4670
vn 0.1673 0.9158 -0.3650
vn 0.2360 0.9211 -0.3098
vn 0.2948 0.8786 -0.3758
vn 0.2661 0.8896 -0.3713
vn 0.8076 0.5880 0.0445
vn 0.2086 0.8655 -0.4553
vn 0.8940 0.4445 -0.0559
vn 0.9487 0.3140 0.0378
vn 0.9363 0.3041 -0.1756
vn 0.9221 0.3221 -0.2147
vn 0.8697 0.2637 -0.4173
vn -0.0124 0.8367 -0.5475
vn -0.9111 0.4117 0.0209
vn -0.8408 0.5138 0.1708
vn -0.7408 0.5980 0.3059
vn -0.8752 0.1050 -0.4723
vn 0.8163 0.5196 0.2525
vn 0.8949 0.3814 0.2319
vn 0.6556 0.6522 0.3805
vn 0.6274 0.7345 0.2586
vn 0.7607 0.6312 0.1515
vn 0.4645 0.8188 0.3374
vn 0.1122 0.9658 -0.2338
vn 0.1781 0.9404 -0.2897
vn 0.1572 0.9701 -0.1850
vn -0.0131 0.8862 -0.4632
vn -0.0127 0.9096 -0.4153
vn -0.0241 0.8844 -0.4660
vn 0.0047 0.9170 -0.3989
vn 0.0195 0.9105 -0.4130
vn 0.0324 0.8694 -0.4930
vn -0.0302 0.8971 -0.4407
vn -0.0535 0.9066 -0.4185
vn -0.0896 0.8922 -0.4427
vn 0.0138 0.9021 -0.4313
vn -0.0196 0.9205 -0.3903
vn -0.0204 0.9196 -0.3924
vn -0.0246 0.8882 -0.4588
vn -0.0597 0.8706 -0.4883
vn -0.0430 0.9162 -0.3985
vn -0.0520 0.9200 -0.3886
vn -0.0383 0.9231 -0.3827
vn -0.0603 0.9158 -0.3972
vn -0.0632 0.9434 -0.3257
vn -0.0988 0.9487 -0.3005
vn -0.1153 0.9533 -0.2792
vn -0.0111 0.9572 -0.2893
vn -0.0313 0.9307 -0.3644
vn -0.0186 0.9512 -0.3082
vn -0.0089 0.9335 -0.3586
vn 0.0282 0.9617 -0.2727
vn 0.0032 0.9655 -0.2602
vn 0.0128 0.9536 -0.3009
vn 0.1378 0.9716 -0.1925
vn 0.1265 0.9534 -0.2741
vn 0.2985 0.9419 -0.1544
vn 0.3079 0.9249 -0.2230
vn 0.6862 0.7175 -0.1201
vn 0.6909 0.7077 -0.1478
vn 0.2920 0.9180 -0.2685
vn 0.7225 0.6633 -0.1952
vn 0.2908 0.9073 -0.3038
vn 0.9188 0.3931 -0.0346
vn 0.9274 0.3711 -0.0477
vn 0.9126 0.4071 -0.0370
vn 0.9992 0.0101 0.0383
vn 0.9995 0.0106 0.0282
vn 0.9831 -0.1783 0.0425
vn 0.9888 -0.1422 0.0444
vn 0.9596 -0.2805 0.0206
vn 0.9594 -0.2807 0.0256
vn 0.8904 -0.4538 0.0354
vn 0.8882 -0.4594 -0.0067
vn 0.7626 -0.6468 0.0068
vn 0.7499 -0.6611 -0.0229
vn 0.5767 -0.8169 -0.0088
vn 0.5834 -0.8119 -0.0209
vn 0.5721 -0.8201 0.0103
vn 0.3340 -0.9425 -0.0068
vn 0.3328 -0.9430 -0.0043
vn 0.3359 -0.9419 0.0003
vn 0.0996 -0.9950 -0.0094
vn 0.1055 -0.9942 -0.0211
vn -0.1342 -0.9909 -0.0139
vn -0.1501 -0.9885 -0.0187
vn -0.4388 -0.8986 0.0006
vn -0.1825 -0.9831 -0.0160
vn -0.4950 -0.8689 0.0086
vn -0.7152 -0.6949 0.0742
vn -0.8533 -0.5100 0.1087
vn -0.9135 -0.3763 0.1546
vn -0.9460 -0.2769 0.1685
vn -0.9441 -0.2644 0.1971
vn -0.9343 -0.2879 0.2105
vn -0.9670 -0.1944 0.1646
vn -0.9761 -0.1070 0.1891
vn -0.9741 -0.0860 0.2090
vn -0.8118 0.5363 0.2309
vn -0.3418 0.9268 0.1557
vn 0.0390 0.9970 0.0667
vn 0.1714 0.9850 -0.0181
vn 0.0433 0.9990 0.0057
vn 0.1636 0.9816 -0.0980
vn 0.0107 0.9987 -0.0497
vn 0.1336 0.9816 -0.1361
vn -0.0094 0.9952 -0.0973
vn -0.3465 0.9373 0.0388
vn -0.0371 0.9912 -0.1272
vn -0.3524 0.9352 0.0345
vn -0.7745 0.5609 0.2924
vn -0.3932 0.9194 0.0091
vn -0.7843 0.5453 0.2960
vn -0.0689 0.9837 -0.1662
vn -0.0874 0.9762 -0.1983
vn -0.4309 0.9021 0.0229
vn -0.1000 0.9717 -0.2140
vn -0.4489 0.8927 0.0409
vn -0.1317 0.9630 -0.2351
vn -0.4947 0.8688 0.0240
vn -0.1580 0.9550 -0.2509
vn -0.5129 0.8571 0.0492
vn -0.5423 0.8397 0.0292
vn -0.7533 0.5680 0.3315
vn -0.7525 0.5696 0.3306
vn -0.7704 0.5592 0.3062
vn -0.8173 0.1942 0.5425
vn -0.8093 0.2061 0.5501
vn -0.6417 -0.3760 0.6685
vn -0.6461 -0.3545 0.6759
vn -0.6389 -0.4039 0.6547
vn -0.6504 -0.3868 0.6537
vn -0.6040 -0.4426 0.6628
vn -0.6275 -0.4562 0.6309
vn -0.5875 -0.4928 0.6419
vn -0.6188 -0.5098 0.5977
vn -0.6410 -0.4363 0.6315
vn -0.5907 -0.5562 0.5846
vn -0.6347 -0.5675 0.5245
vn -0.6621 -0.5136 0.5457
vn -0.5433 -0.6142 0.5723
vn -0.6151 -0.6327 0.4704
vn -0.5701 -0.6977 0.4339
vn -0.4923 -0.7007 0.5163
vn -0.5497 -0.7529 0.3619
vn -0.4405 -0.7880 0.4302
vn -0.5450 -0.5273 0.6519
vn -0.5708 -0.4602 0.6800
vn -0.5101 -0.4754 0.7168
vn -0.5581 -0.4148 0.7187
vn -0.4996 -0.3994 0.7687
vn -0.5506 -0.3752 0.7457
vn -0.5164 -0.3258 0.7919
vn -0.4421 -0.3694 0.8173
vn -0.4756 -0.2857 0.8320
vn -0.4011 -0.3146 0.8603
vn -0.4563 -0.2981 0.8384
vn -0.3742 -0.2726 0.8864
vn -0.2574 -0.3005 0.9184
vn -0.3307 -0.2859 0.8994
vn -0.2089 -0.3019 0.9302
vn -0.1138 -0.3293 0.9374
vn -0.2115 -0.3501 0.9125
vn -0.0482 -0.3633 0.9304
vn 0.0497 -0.3895 0.9197
vn -0.0386 -0.3914 0.9194
vn 0.0983 -0.3951 0.9134
vn 0.2830 -0.4158 0.8643
vn 0.1033 -0.9628 -0.2497
vn 0.2267 -0.9420 -0.2475
vn 0.3610 -0.8990 -0.2482
vn 0.6037 -0.5071 0.6151
vn 0.4575 -0.4575 0.7625
vn 0.4344 -0.8662 -0.2469
vn 0.4819 -0.8464 -0.2268
vn 0.7423 -0.6235 0.2453
vn 0.7113 -0.5554 0.4308
vn 0.5183 -0.8294 -0.2087
vn 0.5321 -0.8225 -0.2009
vn 0.7471 -0.6647 0.0094
vn 0.7543 -0.6482 0.1049
vn 0.5450 -0.8190 -0.1792
vn 0.5501 -0.8177 -0.1698
vn 0.6637 -0.7471 -0.0350
vn 0.7070 -0.7070 -0.0166
vn 0.5177 -0.8397 -0.1640
vn 0.4829 -0.8671 -0.1224
vn 0.5421 -0.8395 -0.0365
vn 0.6089 -0.7919 -0.0464
vn 0.4545 -0.8854 -0.0975
vn 0.4099 -0.9103 -0.0585
vn 0.4260 -0.9041 0.0351
vn 0.4784 -0.8781 0.0098
vn 0.3572 -0.9338 -0.0202
vn 0.3161 -0.9486 0.0122
vn 0.3869 -0.9217 0.0275
vn 0.3286 -0.9415 0.0749
vn 0.3763 -0.9260 0.0308
vn 0.4356 -0.9001 0.0082
vn 0.3524 -0.9356 0.0233
vn 0.3994 -0.9168 0.0040
vn 0.4645 -0.8814 -0.0858
vn 0.3599 -0.9316 -0.0500
vn 0.3930 -0.9074 -0.1487
vn 0.4193 -0.8693 -0.2618
vn 0.3414 -0.9201 -0.1922
vn 0.3625 -0.8685 -0.3382
vn 0.3811 -0.5529 -0.7410
vn 0.2659 -0.8689 -0.4175
vn 0.2832 -0.5468 -0.7879
vn 0.2513 -0.1667 -0.9534
vn 0.1919 -0.6238 -0.7577
vn 0.1642 -0.1745 -0.9709
vn 0.0925 0.2329 -0.9681
vn 0.0194 -0.1750 -0.9844
vn -0.0093 0.2470 -0.9690
vn -0.0286 0.6226 -0.7820
vn -0.0791 0.2381 -0.9680
vn -0.0684 0.6436 -0.7623
vn -0.0615 0.8272 -0.5585
vn -0.1042 0.6561 -0.7474
vn -0.0489 0.8393 -0.5415
vn -0.0548 0.8417 -0.5372
vn -0.0547 0.8432 -0.5349
vn -0.0609 0.8463 -0.5292
vn -0.0386 0.8541 -0.5186
vn -0.0629 0.8507 -0.5219
vn -0.0643 0.8583 -0.5091
vn -0.0472 0.8572 -0.5128
vn -0.0355 0.8466 -0.5311
vn -0.0478 0.8603 -0.5075
vn -0.0907 0.8644 -0.4946
vn -0.0604 0.8427 -0.5351
vn -0.0429 0.8527 -0.5206
vn -0.0633 0.8480 -0.5262
vn -0.0328 0.8798 -0.4743
vn -0.6436 0.5243 -0.5576
vn -0.6685 0.5746 -0.4721
vn -0.8861 0.2945 -0.3579
vn -0.6660 0.5938 -0.4516
vn -0.8972 0.2969 -0.3268
vn -0.8996 0.3898 -0.1969
vn 1.0000 0.0000 -0.0000
vn 0.9961 0.0133 -0.0876
vn 0.9923 -0.0620 -0.1074
vn 0.9774 -0.0336 -0.2085
vn 0.9701 -0.1213 -0.2100
vn 0.9351 -0.1303 -0.3296
vn 0.9057 -0.1999 -0.3737
vn 0.8222 -0.2782 -0.4967
vn 0.8128 -0.2489 -0.5267
vn 0.7327 -0.2809 -0.6198
vn 0.6061 -0.3490 -0.7147
vn 0.4959 -0.4087 -0.7662
vn 0.5369 -0.3706 -0.7579
vn 0.2418 -0.4182 -0.8756
vn 0.2901 -0.3794 -0.8786
vn 0.0620 -0.4068 -0.9114
vn 0.0584 -0.4089 -0.9107
vn -0.1810 -0.3341 -0.9250
vn -0.1706 -0.3180 -0.9326
vn -0.3509 -0.3140 -0.8822
vn -0.5195 -0.2494 -0.8173
vn -0.5306 -0.1502 -0.8342
vn -0.7295 -0.0467 -0.6824
vn -0.8079 -0.0083 -0.5892
vn 0.0043 0.8318 -0.5551
vn -0.0122 0.8339 -0.5517
vn 0.4038 0.7213 0.5628
vn 0.5504 0.6838 0.4791
vn 0.3623 0.7626 0.5359
vn 0.3358 0.8754 0.3477
vn 0.3977 0.8468 0.3531
vn 0.0950 0.9054 0.4138
vn 0.0436 0.9981 0.0442
vn 0.1640 0.9855 -0.0428
vn 0.0858 0.9963 -0.0053
vn 0.0128 0.8962 -0.4435
vn -0.0622 0.8984 -0.4349
vn -0.0531 0.9983 -0.0242
vn -0.0714 0.8931 -0.4441
vn -0.0421 0.8786 -0.4758
vn -0.0355 0.9160 -0.3997
vn -0.0657 0.9023 -0.4260
vn -0.0462 0.9108 -0.4102
vn -0.0022 0.8983 -0.4393
vn -0.0639 0.8988 -0.4338
vn -0.0292 0.9181 -0.3952
vn -0.0574 0.9055 -0.4203
vn -0.0579 0.9124 -0.4052
vn -0.0495 0.9147 -0.4011
vn -0.0107 0.9231 -0.3844
vn -0.0830 0.8830 -0.4619
vn -0.0459 0.8753 -0.4815
vn -0.1034 0.9284 -0.3569
vn -0.0256 0.8945 -0.4464
vn -0.1344 0.8961 -0.4229
vn -0.0856 0.8717 -0.4825
vn -0.0336 0.8922 -0.4504
vn -0.0458 0.8711 -0.4890
vn -0.0429 0.8719 -0.4877
vn -0.0482 0.8734 -0.4846
vn -0.0468 0.8732 -0.4851
vn -0.0519 0.8713 -0.4881
vn -0.0061 0.8937 -0.4486
vn 0.0513 0.9050 -0.4222
vn -0.0123 0.8937 -0.4484
vn -0.0201 0.8929 -0.4498
vn 0.0157 0.9079 -0.4190
vn 0.0024 0.9057 -0.4240
vn 0.0105 0.9026 -0.4303
vn 0.0128 0.9111 -0.4119
vn 0.0300 0.9319 -0.3616
vn 0.0218 0.9416 -0.3360
vn 0.0383 0.9280 -0.3705
vn 0.0131 0.9102 -0.4139
vn -0.0602 0.9102 -0.4097
vn -0.0658 0.9080 -0.4137
vn -0.0640 0.9300 -0.3620
vn -0.1099 0.9376 -0.3298
vn -0.0581 0.9350 -0.3497
vn -0.0490 0.9539 -0.2961
vn 0.0504 0.9472 -0.3165
vn -0.0062 0.9327 -0.3606
vn -0.0695 0.9359 -0.3454
vn 0.0082 0.9472 -0.3204
vn -0.0134 0.9611 -0.2758
vn -0.0179 0.9469 -0.3211
vn -0.0350 0.9456 -0.3235
vn -0.0158 0.9495 -0.3134
vn 0.0000 0.9473 -0.3204
vn -0.0099 0.9654 -0.2607
vn -0.0549 0.9364 -0.3466
vn 0.0033 0.9723 -0.2338
vn 0.0182 0.9736 -0.2277
vn -0.0217 0.9625 -0.2705
vn 0.0374 0.9753 -0.2177
vn 0.0308 0.9546 -0.2964
vn 0.0036 0.9565 -0.2917
vn 0.0000 0.9614 -0.2750
vn 0.0348 0.9672 -0.2516
vn 0.0185 0.9751 -0.2208
vn 0.0270 0.9522 -0.3041
vn 0.0249 0.9499 -0.3115
vn 0.0347 0.9471 -0.3190
vn 0.0144 0.9491 -0.3145
vn 0.0236 0.9397 -0.3413
vn 0.0419 0.9507 -0.3072
vn 0.0344 0.9408 -0.3371
vn 0.0252 0.9404 -0.3390
vn -0.0000 0.9415 -0.3370
vn 0.0330 0.9444 -0.3273
vn 0.0110 0.9598 -0.2806
vn 0.0000 0.9245 -0.3812
vn 0.0127 0.9185 -0.3952
vn 0.0539 0.9312 -0.3605
vn 0.0218 0.9134 -0.4065
vn -0.0455 0.8932 -0.4473
vn -0.0809 0.9192 -0.3854
vn -0.0497 0.9104 -0.4108
vn -0.0406 0.9045 -0.4246
vn -0.0233 0.9033 -0.4283
vn -0.0306 0.9041 -0.4262
vn -0.0220 0.9025 -0.4301
vn -0.0204 0.9052 -0.4245
vn -0.2162 0.9284 -0.3022
vn -0.2004 0.9350 -0.2925
vn -0.2540 0.9003 -0.3535
vn -0.6036 0.7973 0.0065
vn -0.5725 0.8196 0.0223
vn -0.6496 0.7599 -0.0224
vn -0.8417 0.4976 0.2095
vn -0.7844 0.5494 0.2879
vn -0.8619 0.0176 0.5067
vn -0.8352 0.1133 0.5381
vn -0.6574 -0.4028 0.6368
vn -0.6356 -0.3907 0.6659
vn -0.6425 -0.4099 0.6474
vn -0.6303 -0.4030 0.6636
vn -0.6258 -0.3962 0.6719
vn -0.6026 -0.4192 0.6791
vn -0.6519 -0.3922 0.6489
vn -0.6354 -0.3944 0.6639
vn -0.5859 -0.3891 0.7109
vn -0.7087 -0.4350 0.5555
vn -0.7289 -0.4157 0.5440
vn -0.6172 -0.3591 0.7000
vn -0.7349 -0.3878 0.5564
vn -0.6030 -0.3257 0.7283
vn -0.7076 -0.4012 0.5817
vn -0.5973 -0.3144 0.7378
vn -0.6873 -0.4220 0.5913
vn -0.5611 -0.3655 0.7427
vn -0.7913 -0.5057 0.3436
vn -0.7661 -0.4828 0.4243
vn -0.5071 -0.8334 -0.2200
vn -0.4731 -0.8541 -0.2160
vn -0.7264 -0.4538 0.5162
vn -0.6211 -0.4146 0.6651
vn -0.4299 -0.8736 -0.2280
vn -0.3718 -0.9009 -0.2239
vn -0.3571 -0.3846 0.8512
vn -0.5078 -0.3955 0.7653
vn -0.2796 -0.9309 -0.2350
vn -0.1698 -0.9552 -0.2426
vn -0.0397 -0.9679 -0.2483
vn -0.3020 -0.3729 0.8774
vn -0.4746 -0.3986 0.7848
vn -0.2108 -0.3897 0.8965
vn -0.5061 -0.8364 -0.2108
vn -0.5073 -0.8341 -0.2165
vn -0.4982 -0.8375 -0.2244
vn -0.4814 -0.8550 -0.1931
vn -0.4525 -0.8743 -0.1754
vn -0.4056 -0.9052 -0.1267
vn -0.3714 -0.9218 -0.1111
vn -0.3448 -0.9373 -0.0498
vn -0.3059 -0.9519 -0.0155
vn -0.2590 -0.9646 0.0499
vn -0.2406 -0.9648 0.1060
vn -0.2547 -0.9607 0.1106
vn -0.2606 -0.9611 0.0912
vn -0.2442 -0.9692 0.0331
vn -0.2165 -0.9762 -0.0126
vn -0.1114 -0.9926 -0.0485
vn 0.0037 -0.9936 -0.1125
vn 0.1427 -0.9857 -0.0900
vn 0.2447 -0.9695 -0.0129
vn 0.2696 -0.9630 0.0039
vn 0.2788 -0.9598 0.0312
vn 0.3313 -0.9400 0.0820
vn 0.3021 -0.9526 0.0343
vn 0.3570 -0.9337 0.0255
vn 0.3110 -0.9502 -0.0211
vn 0.3413 -0.9332 -0.1127
vn 0.2715 -0.9612 -0.0479
vn 0.2938 -0.9410 -0.1680
vn 0.2846 -0.9206 -0.2674
vn 0.2162 -0.9525 -0.2144
vn 0.2139 -0.9152 -0.3417
vn 0.2030 -0.8558 -0.4758
vn 0.0965 -0.9170 -0.3870
vn 0.0914 -0.8584 -0.5047
vn 0.0704 -0.5640 -0.8228
vn -0.0401 -0.8511 -0.5235
vn -0.0795 -0.5047 -0.8597
vn -0.0898 -0.1652 -0.9822
vn -0.1658 -0.5806 -0.7971
vn -0.1710 -0.1493 -0.9739
vn -0.1686 0.2601 -0.9508
vn -0.2939 -0.1329 -0.9466
vn -0.2307 0.2910 -0.9285
vn -0.1399 0.6711 -0.7281
vn -0.3101 0.3223 -0.8944
vn -0.1741 0.7020 -0.6906
vn -0.0800 0.8430 -0.5319
vn -0.1569 0.7160 -0.6803
vn -0.0538 0.8412 -0.5380
vn -0.0576 0.8448 -0.5320
vn -0.0574 0.8454 -0.5311
vn -0.0603 0.8499 -0.5235
vn -0.0667 0.8693 -0.4897
vn -0.0621 0.8555 -0.5140
vn -0.0417 0.8519 -0.5220
vn -0.0499 0.8503 -0.5239
vn -0.0476 0.8575 -0.5123
vn -0.0530 0.8565 -0.5135
vn -0.0671 0.8556 -0.5133
vn -0.0323 0.8299 -0.5570
vn -0.0420 0.8459 -0.5317
vn -0.0552 0.8474 -0.5280
vn -0.0629 0.8428 -0.5345
vn -0.0528 0.8541 -0.5175
vn -0.0660 0.8521 -0.5192
vn -0.0602 0.8501 -0.5231
vn -0.0618 0.8572 -0.5112
vn -0.1933 0.7443 -0.6393
vn -0.2100 0.7734 -0.5981
vn -0.5592 0.4172 -0.7164
vn -0.5989 0.4490 -0.6631
vn -0.2155 0.7878 -0.5770
vn -0.6390 0.4695 -0.6094
vn -0.2218 0.7786 -0.5871
vn -0.7018 0.4844 -0.5223
vn -0.2580 0.7968 -0.5464
vn -0.0848 0.8577 -0.5071
vn -0.2849 0.7909 -0.5415
vn -0.0854 0.8474 -0.5240
vn -0.0642 0.8616 -0.5035
vn -0.0942 0.8539 -0.5118
vn -0.0414 0.8610 -0.5069
vn -0.0905 0.8518 -0.5159
vn -0.0642 0.8541 -0.5162
vn -0.0727 0.8495 -0.5226
vn -0.0511 0.8695 -0.4913
vn -0.0723 0.8690 -0.4895
vn -0.0916 0.8543 -0.5116
vn -0.0479 0.8661 -0.4975
vn -0.0587 0.8546 -0.5160
vn -0.0677 0.8609 -0.5042
vn -0.0484 0.8477 -0.5283
vn -0.0584 0.8517 -0.5208
vn -0.0677 0.8595 -0.5067
vn -0.0419 0.8402 -0.5406
vn -0.0655 0.8613 -0.5039
vn -0.1010 0.8537 -0.5108
vn -0.0726 0.8362 -0.5437
vn -0.0509 0.8530 -0.5194
vn -0.0523 0.8590 -0.5093
vn -0.0465 0.8559 -0.5150
vn -0.0633 0.8697 -0.4895
vn -0.0222 0.8487 -0.5284
vn -0.0412 0.8801 -0.4730
vn -0.0435 0.8547 -0.5173
vn -0.0360 0.8539 -0.5192
vn -0.0258 0.8494 -0.5271
vn -0.1075 0.8698 -0.4815
vn -0.0167 0.8443 -0.5355
vn -0.0479 0.8669 -0.4962
vn -0.0515 0.8659 -0.4975
vn -0.0513 0.8614 -0.5054
vn -0.0830 0.8716 -0.4831
vn -0.0439 0.8791 -0.4746
vn -0.0348 0.8751 -0.4827
vn -0.0561 0.8661 -0.4968
vn -0.0719 0.8723 -0.4836
vn -0.0684 0.8628 -0.5009
vn -0.0647 0.8545 -0.5155
vn -0.0551 0.8566 -0.5130
vn -0.0571 0.8646 -0.4992
vn -0.0977 0.8649 -0.4923
vn -0.0858 0.8726 -0.4809
vn -0.3001 0.8619 -0.4088
vn -0.2659 0.8753 -0.4039
vn -0.7412 0.6581 -0.1320
vn -0.7101 0.7006 -0.0705
vn -0.9137 0.3988 0.0780
vn -0.8779 0.4539 0.1527
vn -0.9403 -0.0124 0.3401
vn -0.9024 -0.0173 0.4306
vn -0.7254 -0.4259 0.5408
vn -0.6915 -0.4155 0.5909
vn -0.7204 -0.4290 0.5449
vn -0.6713 -0.4002 0.6238
vn -0.7583 -0.4755 0.4460
vn -0.7464 -0.4878 0.4528
vn -0.7102 -0.4434 0.5468
vn -0.7728 -0.5360 0.3399
vn -0.7841 -0.5714 0.2422
vn -0.7551 -0.5923 0.2811
vn -0.7490 -0.6283 0.2103
vn -0.7014 -0.7052 0.1031
vn -0.6394 -0.7687 -0.0137
vn -0.6986 -0.7141 0.0455
vn -0.6375 -0.7606 0.1229
vn -0.5674 -0.8233 0.0101
vn -0.5660 -0.8223 0.0600
vn -0.4833 -0.8755 -0.0051
vn -0.4981 -0.8664 0.0346
vn -0.4185 -0.9079 0.0238
vn -0.4420 -0.8970 -0.0045
vn -0.3685 -0.9293 0.0241
vn -0.3912 -0.9203 -0.0069
vn -0.3563 -0.9343 0.0105
vn -0.3791 -0.9251 -0.0236
vn -0.3415 -0.9395 0.0251
vn -0.3293 -0.9398 -0.0911
vn -0.3036 -0.9527 -0.0126
vn -0.2955 -0.9454 -0.1374
vn -0.2746 -0.9598 -0.0579
vn -0.1970 -0.9587 -0.2054
vn -0.2204 -0.9645 -0.1454
vn -0.1284 -0.9528 -0.2752
vn -0.1406 -0.9662 -0.2163
vn 0.0089 -0.9509 -0.3094
vn 0.0232 -0.9744 -0.2234
vn 0.1179 -0.9562 -0.2678
vn 0.1317 -0.9697 -0.2060
vn -0.0099 -0.9104 -0.4137
vn -0.1326 -0.8984 -0.4187
vn -0.1481 -0.8399 -0.5222
vn -0.2323 -0.8858 -0.4016
vn -0.2318 -0.8480 -0.4766
vn -0.2881 -0.5846 -0.7584
vn -0.3161 -0.8619 -0.3964
vn -0.3808 -0.5162 -0.7671
vn -0.3868 -0.1193 -0.9144
vn -0.5067 -0.5584 -0.6568
vn -0.4893 -0.0720 -0.8691
vn -0.3780 0.3496 -0.8573
vn -0.5925 -0.0357 -0.8048
vn -0.4422 0.3662 -0.8188
vn -0.6706 -0.0332 -0.7411
vn -0.4939 0.3876 -0.7783
vn -0.6954 -0.5107 -0.5056
vn -0.7699 -0.4237 -0.4772
vn -0.7471 -0.0030 -0.6647
vn -0.8506 -0.3852 -0.3579
vn -0.8138 0.0421 -0.5797
vn -0.9006 -0.3431 -0.2667
vn -0.8690 0.0753 -0.4891
vn -0.9519 -0.2166 -0.2166
vn -0.9116 0.1329 -0.3891
vn -0.9824 -0.1549 -0.1046
vn -0.9362 0.1744 -0.3052
vn -0.7309 0.5042 -0.4599
vn -0.9530 0.2332 -0.1933
vn -0.7496 0.5502 -0.3679
vn -0.3245 0.8088 -0.4905
vn -0.7582 0.5805 -0.2970
vn -0.3499 0.8051 -0.4790
vn -0.0833 0.8559 -0.5104
vn -0.3330 0.8387 -0.4308
vn -0.0830 0.8630 -0.4983
vn -0.7606 0.6124 -0.2154
vn -0.9530 0.2840 -0.1053
vn -0.9388 0.3445 -0.0058
vn -0.9851 -0.1163 0.1270
vn -0.9698 -0.0485 0.2392
vn -0.7754 -0.5180 0.3612
vn -0.7602 -0.4767 0.4415
vn -0.9851 -0.1681 0.0372
vn -0.7857 -0.5554 0.2723
vn -0.7695 -0.6070 0.1988
vn -0.7393 -0.6646 0.1083
vn -0.7003 -0.7015 0.1322
vn -0.7323 -0.6538 0.1905
vn -0.7052 -0.7086 0.0243
vn -0.6696 -0.7409 0.0525
vn -0.6703 -0.7414 -0.0317
vn -0.6086 -0.7933 -0.0135
vn -0.6103 -0.7817 -0.1285
vn -0.5392 -0.8408 -0.0484
vn -0.5465 -0.8095 -0.2146
vn -0.4822 -0.8684 -0.1157
vn -0.4913 -0.8326 -0.2559
vn -0.4536 -0.8740 -0.1741
vn -0.4135 -0.8572 -0.3069
vn -0.3981 -0.8836 -0.2465
vn -0.6009 -0.5943 -0.5345
vn -0.3336 -0.8849 -0.3249
vn -0.0701 0.8617 -0.5026
vn -0.0564 0.8479 -0.5271
vn -0.0440 0.8745 -0.4831
vn -0.0608 0.8463 -0.5293
vn -0.0434 0.8724 -0.4869
vn -0.0627 0.8433 -0.5337
vn -0.0871 0.8637 -0.4964
vn -0.0844 0.8344 -0.5447
vn -0.0837 0.8668 -0.4916
vn -0.0961 0.8686 -0.4861
vn -0.7133 0.7004 -0.0263
vn -0.1006 0.8723 -0.4785
vn -0.6546 0.7492 0.1010
vn -0.7377 0.6395 0.2164
vn -0.6589 0.7411 0.1290
vn -0.7130 0.6640 0.2254
vn -0.6501 0.6914 0.3151
vn 0.0000 0.8251 -0.5649
vn -0.6134 0.6854 0.3924
vn -0.0117 0.8256 -0.5642
vn -0.4660 0.7373 0.4891
vn -0.4478 0.7506 0.4859
vn -0.3041 0.8132 0.4962
vn -0.2951 0.8185 0.4930
vn -0.0666 0.8244 0.5621
vn -0.0865 0.8082 0.5825
vn 0.1798 0.7955 0.5787
vn 0.1494 0.8165 0.5577
vn -0.0633 0.9084 0.4133
vn 0.1535 0.8981 0.4120
vn -0.0663 0.9093 0.4108
vn -0.3046 0.8603 0.4089
vn -0.2056 0.9760 -0.0717
vn -0.1040 0.9944 0.0190
vn -0.2787 0.8662 0.4147
vn 0.0364 0.9518 -0.3044
vn -0.4441 0.8350 0.3250
vn -0.1168 0.8789 -0.4625
vn -0.4031 0.8457 0.3496
vn -0.0988 0.8992 -0.4262
vn -0.5336 0.8104 0.2419
vn -0.1508 0.8935 -0.4230
vn -0.1045 0.8862 -0.4513
vn -0.0813 0.8874 -0.4537
vn -0.0824 0.8935 -0.4415
vn -0.1207 0.8728 -0.4729
vn -0.0387 0.8644 -0.5014
vn -0.0823 0.8654 -0.4943
vn -0.0427 0.8711 -0.4892
vn -0.0432 0.8712 -0.4891
vn -0.0659 0.8479 -0.5260
vn -0.0748 0.8509 -0.5200
vn -0.0891 0.8585 -0.5050
vn -0.1066 0.8515 -0.5134
vn -0.5774 0.7887 0.2113
vn -0.8256 0.5556 0.0985
vn -0.8590 0.5120 0.0068
vn -0.8424 0.5389 -0.0040
vn -0.7201 0.6844 -0.1141
vn -0.7280 0.6760 -0.1145
vn -0.7244 0.6301 -0.2799
vn -0.0307 0.8508 -0.5245
vn -0.0731 0.8367 -0.5427
vn -0.6920 0.6403 -0.3332
vn -0.0230 0.8481 -0.5294
vn -0.8954 0.4163 -0.1582
vn -0.0789 0.8737 -0.4800
vn -0.0396 0.8580 -0.5122
vn -0.0436 0.8662 -0.4977
vn -0.0661 0.8621 -0.5024
vn -0.0531 0.8545 -0.5167
vn -0.1963 0.7363 -0.6476
vn 0.2426 -0.9619 -0.1262
vn -0.8350 -0.4827 0.2642
vn -0.2431 0.8976 -0.3678
vn -0.0354 0.8791 -0.4753
vn -0.0459 0.8708 -0.4895
vn 0.0288 0.9108 -0.4119
vn 0.0773 0.9186 -0.3876
vn -0.0333 0.9337 -0.3564
vn 0.0466 0.9425 -0.3311
vn 0.0297 0.9545 -0.2968
vn 0.0178 0.9338 -0.3574
vn 0.0534 0.9547 -0.2927
vn 0.0319 0.9515 -0.3058
vn 0.0600 0.9617 -0.2675
vn 0.0275 0.9443 -0.3280
vn 0.0738 0.9661 -0.2473
vn 0.0769 0.9650 -0.2508
vn 0.0485 0.9603 -0.2747
vn 0.0964 0.9766 -0.1923
vn 0.1124 0.9742 -0.1959
vn 0.1390 0.9822 -0.1266
vn 0.1196 0.9858 -0.1177
vn 0.0953 0.9802 -0.1738
vn 0.0680 0.9932 -0.0941
vn 0.0556 0.9871 -0.1503
vn 0.0697 0.9878 -0.1393
vn 0.0405 0.9898 -0.1368
vn 0.0407 0.9813 -0.1881
vn 0.1588 0.9806 -0.1150
vn 0.1345 0.9847 -0.1106
vn 0.3719 0.9266 -0.0550
vn 0.3311 0.9401 -0.0813
vn 0.6764 0.7361 -0.0249
vn 0.6576 0.7517 -0.0495
vn 0.3150 0.9403 -0.1288
vn 0.9027 0.4301 -0.0111
vn 0.8905 0.4540 0.0297
vn 0.9917 -0.1156 0.0563
vn 0.9961 -0.0797 0.0382
vn 0.9944 -0.0944 0.0473
vn 0.9874 -0.1518 0.0457
vn 0.9901 -0.1346 0.0390
vn 0.9830 -0.1731 0.0605
vn 0.9527 -0.2975 0.0622
vn 0.9573 -0.2859 0.0439
vn 0.8783 -0.4743 0.0606
vn 0.8839 -0.4669 0.0277
vn 0.7638 -0.6436 0.0496
vn 0.7727 -0.6342 0.0284
vn 0.5771 -0.8161 0.0292
vn 0.5761 -0.8168 0.0322
vn 0.3356 -0.9420 -0.0031
vn 0.3352 -0.9420 0.0151
vn 0.0550 -0.9984 -0.0151
vn 0.0784 -0.9967 -0.0226
vn 0.0461 -0.9989 -0.0015
vn -0.2468 -0.9690 -0.0064
vn -0.5526 -0.8331 0.0256
vn -0.7797 -0.6222 0.0707
vn -0.8848 -0.4537 0.1066
vn -0.9320 -0.3382 0.1303
vn -0.9550 -0.2769 0.1066
vn -0.9733 -0.1813 0.1406
vn -0.9825 -0.0917 0.1619
vn -0.9819 -0.0638 0.1782
vn -0.8226 0.5062 0.2591
vn -0.4017 0.8861 0.2311
vn -0.0172 0.9869 0.1606
vn 0.1764 0.9781 0.1105
vn 0.1900 0.9813 0.0315
vn 0.1781 0.9835 0.0327
vn 0.1507 0.9880 0.0340
vn 0.1338 0.9908 -0.0194
vn 0.1865 0.9820 -0.0308
vn 0.1253 0.9893 -0.0748
vn 0.1608 0.9830 -0.0888
vn 0.0900 0.9940 -0.0622
vn 0.1170 0.9920 -0.0473
vn 0.1899 0.9803 -0.0550
vn 0.0904 0.9928 -0.0786
vn 0.4330 0.9013 -0.0148
vn 0.7128 0.7005 0.0350
vn 0.9084 0.4135 0.0621
vn 0.8999 0.4349 0.0321
vn 0.6890 0.7248 -0.0024
vn 0.9937 -0.0940 0.0607
vn 0.9920 -0.1059 0.0682
vn 0.9793 -0.1889 0.0724
vn 0.9412 -0.3281 0.0801
vn 0.8745 -0.4793 0.0746
vn 0.8622 -0.5012 0.0734
vn 0.7412 -0.6678 0.0685
vn 0.7519 -0.6570 0.0544
vn 0.5647 -0.8240 0.0471
vn 0.7187 -0.6914 0.0742
vn 0.5468 -0.8352 0.0586
vn 0.3189 -0.9471 0.0354
vn 0.2901 -0.9561 0.0413
vn 0.0238 -0.9994 0.0256
vn -0.3245 -0.9457 0.0180
vn -0.6204 -0.7837 0.0310
vn -0.8120 -0.5820 0.0439
vn -0.9145 -0.3988 0.0679
vn -0.9260 -0.3678 0.0855
vn -0.9643 -0.2434 0.1040
vn -0.9783 -0.1673 0.1222
vn -0.9865 -0.0846 0.1404
vn -0.9868 -0.0427 0.1560
vn -0.8414 0.4700 0.2667
vn -0.4820 0.8286 0.2848
vn -0.0589 0.9681 0.2433
vn 0.1131 0.9755 0.1890
vn 0.1874 0.9691 0.1606
vn 0.1673 0.9820 0.0872
vn 0.1802 0.9796 0.0890
vn 0.1339 0.9858 0.1015
vn 0.1858 0.9814 0.0478
vn 0.1248 0.9915 0.0364
vn 0.1417 0.9898 0.0135
vn 0.1153 0.9933 -0.0048
vn 0.3140 0.9488 0.0339
vn 0.5460 0.8343 0.0766
vn 0.4868 0.8729 0.0320
vn 0.2538 0.9672 -0.0136
vn 0.7840 0.6099 0.1154
vn 0.7519 0.6555 0.0701
vn 0.9232 0.3630 0.1262
vn 0.9164 0.3896 0.0922
vn 0.9883 -0.1219 0.0916
vn 0.9701 -0.2212 0.1001
vn 0.9384 -0.3335 0.0901
vn 0.9320 -0.3441 0.1140
vn 0.8480 -0.5218 0.0927
vn 0.8354 -0.5371 0.1166
vn 0.7001 -0.7087 0.0867
vn 0.5157 -0.8547 0.0597
vn 0.4896 -0.8680 0.0825
vn 0.2477 -0.9672 0.0560
vn -0.0302 -0.9982 0.0521
vn -0.3936 -0.9181 0.0461
vn -0.6627 -0.7469 0.0537
vn -0.8352 -0.5457 0.0681
vn -0.8549 -0.5097 0.0961
vn -0.9297 -0.3509 0.1118
vn -0.9642 -0.2346 0.1238
vn -0.9773 -0.1662 0.1310
vn -0.9849 -0.0781 0.1543
vn -0.9855 -0.0469 0.1632
vn -0.8379 0.4429 0.3189
vn -0.5406 0.7544 0.3724
vn -0.1174 0.9355 0.3333
vn 0.0312 0.9602 0.2775
vn 0.1734 0.9587 0.2254
vn 0.1940 0.9575 0.2137
vn 0.1694 0.9686 0.1821
vn 0.1788 0.9699 0.1654
vn 0.3104 0.9284 0.2041
vn 0.4458 0.8820 0.1531
vn 0.2553 0.9586 0.1264
vn 0.6705 0.7197 0.1801
vn 0.6088 0.7842 0.1201
vn 0.3802 0.9210 0.0847
vn 0.8265 0.5440 0.1450
vn 0.9365 0.3076 0.1685
vn 0.9817 -0.1421 0.1266
vn 0.9623 -0.2468 0.1148
vn 0.9756 -0.1469 0.1631
vn 0.9543 -0.2637 0.1405
vn 0.9166 -0.3782 0.1298
vn 0.8984 -0.4124 0.1512
vn 0.8149 -0.5635 0.1357
vn 0.6818 -0.7226 0.1142
vn 0.6468 -0.7496 0.1403
vn 0.4660 -0.8765 0.1206
vn 0.2037 -0.9743 0.0963
vn -0.0906 -0.9928 0.0781
vn -0.4562 -0.8875 0.0657
vn -0.7067 -0.7036 0.0745
vn -0.7420 -0.6616 0.1082
vn -0.8683 -0.4840 0.1090
vn -0.8703 -0.4690 0.1502
vn -0.9241 -0.3459 0.1628
vn -0.9311 -0.3486 0.1075
vn -0.9594 -0.2200 0.1768
vn -0.9676 -0.2206 0.1229
vn -0.9707 -0.1610 0.1786
vn -0.9746 -0.1639 0.1525
vn -0.9735 -0.0894 0.2107
vn -0.9811 -0.0834 0.1745
vn -0.9718 -0.0672 0.2260
vn -0.9809 -0.0538 0.1868
vn -0.8407 0.3512 0.4121
vn -0.8351 0.4081 0.3689
vn -0.6273 0.6166 0.4757
vn -0.5830 0.6929 0.4243
vn -0.3456 0.8207 0.4549
vn -0.2213 0.8870 0.4054
vn -0.1059 0.9088 0.4035
vn -0.0428 0.9388 0.3419
vn 0.1121 0.9234 0.3671
vn 0.1377 0.9454 0.2953
vn 0.2048 0.9104 0.3596
vn 0.2014 0.9393 0.2778
vn 0.2709 0.9152 0.2985
vn 0.3519 0.8935 0.2789
vn 0.2193 0.9463 0.2377
vn 0.5548 0.7617 0.3346
vn 0.7314 0.6325 0.2550
vn 0.4947 0.8385 0.2286
vn 0.8846 0.3774 0.2739
vn 0.9524 0.2176 0.2136
vn 0.8632 0.4630 0.2014
vn 0.9510 0.1598 0.2648
vn 0.9669 -0.1537 0.2038
vn 0.9461 -0.2720 0.1759
vn 0.9339 -0.2755 0.2279
vn 0.8795 -0.4358 0.1911
vn 0.7909 -0.5898 0.1635
vn 0.7642 -0.6118 0.2040
vn 0.6208 -0.7650 0.1714
vn 0.5946 -0.7734 0.2197
vn 0.4110 -0.8912 0.1918
vn 0.4327 -0.8902 0.1422
vn 0.1058 -0.9810 0.1627
vn 0.1636 -0.9798 0.1146
vn -0.2081 -0.9661 0.1526
vn -0.1506 -0.9829 0.1062
vn -0.5514 -0.8237 0.1323
vn -0.5093 -0.8539 0.1075
vn -0.7665 -0.6269 0.1398
vn -0.7947 -0.5794 0.1811
vn -0.8777 -0.4409 0.1879
vn -0.9209 -0.3390 0.1923
vn -0.9546 -0.2210 0.1999
vn -0.9602 -0.1640 0.2263
vn -0.9635 -0.0951 0.2503
vn -0.9607 -0.0768 0.2666
vn -0.8563 0.2555 0.4488
vn -0.7145 0.4979 0.4915
vn -0.4450 0.7318 0.5162
vn -0.1937 0.8509 0.4883
vn 0.0529 0.8947 0.4436
vn 0.2241 0.8767 0.4256
vn 0.3530 0.8259 0.4396
vn 0.4458 0.7876 0.4254
vn 0.3090 0.8708 0.3823
vn 0.6219 0.6348 0.4586
vn 0.6092 0.6841 0.4011
vn 0.4018 0.8447 0.3537
vn 0.7721 0.4792 0.4174
vn 0.8878 0.2900 0.3573
vn 0.7571 0.5414 0.3656
vn 0.9298 0.1486 0.3368
vn 0.9524 -0.1639 0.2570
vn 0.9373 -0.1757 0.3010
vn 0.9214 -0.2768 0.2728
vn 0.8994 -0.2701 0.3435
vn 0.8335 -0.4675 0.2946
vn 0.8626 -0.4497 0.2317
vn 0.7413 -0.6207 0.2553
vn 0.7219 -0.6171 0.3131
vn 0.5763 -0.7706 0.2722
vn 0.3750 -0.8940 0.2453
vn 0.0290 -0.9720 0.2334
vn -0.2674 -0.9364 0.2271
vn -0.3284 -0.8871 0.3244
vn -0.6376 -0.7119 0.2943
vn -0.5860 -0.7841 0.2046
vn -0.6886 -0.5854 0.4279
vn -0.7996 -0.4508 0.3966
vn -0.8075 -0.5258 0.2674
vn -0.8756 -0.3330 0.3500
vn -0.8862 -0.3925 0.2462
vn -0.8020 -0.3448 0.4878
vn -0.8655 -0.2511 0.4335
vn -0.8656 -0.2182 0.4506
vn -0.9165 -0.1439 0.3734
vn -0.9184 -0.2104 0.3350
vn -0.9450 -0.1190 0.3047
vn -0.9426 -0.1813 0.2803
vn -0.9215 -0.1347 0.3642
vn -0.9422 -0.0928 0.3221
vn -0.8277 0.1031 0.5517
vn -0.8719 0.1544 0.4647
vn -0.7035 0.2647 0.6595
vn -0.7395 0.3718 0.5611
vn -0.5360 0.4605 0.7076
vn -0.5009 0.6153 0.6087
vn -0.2252 0.6369 0.7373
vn -0.2481 0.7600 0.6007
vn 0.0664 0.6909 0.7199
vn 0.0198 0.8101 0.5859
vn 0.2129 0.6768 0.7047
vn 0.2113 0.8042 0.5556
vn 0.1667 0.5107 0.8435
vn 0.3692 0.4851 0.7927
vn 0.5153 0.2827 0.8090
vn 0.6877 0.2932 0.6642
vn 0.5695 0.4963 0.6552
vn 0.7320 0.3337 0.5940
vn 0.6357 0.5208 0.5697
vn 0.7736 0.3729 0.5123
vn 0.6403 0.5747 0.5096
vn 0.8545 0.2359 0.4628
vn 0.7789 0.4090 0.4754
vn 0.8861 0.1309 0.4446
vn 0.9112 0.1598 0.3798
vn 0.8857 0.2428 0.3957
vn 0.9078 -0.1839 0.3769
vn 0.8812 -0.1610 0.4445
vn 0.8690 -0.2739 0.4122
vn 0.8013 -0.2830 0.5271
vn 0.7616 -0.4214 0.4924
vn 0.8141 -0.4558 0.3599
vn 0.7211 -0.2639 0.6405
vn 0.6761 -0.4217 0.6042
vn 0.5255 -0.2846 0.8017
vn 0.4237 -0.5196 0.7420
vn 0.1271 -0.6309 0.7654
vn 0.0427 -0.8331 0.5515
vn 0.3174 -0.7528 0.5767
vn -0.0051 -0.9325 0.3610
vn 0.3164 -0.8598 0.4007
vn -0.3817 -0.5961 0.7064
vn -0.3828 -0.7819 0.4920
vn -0.3018 -0.3910 0.8695
vn -0.6454 -0.2996 0.7026
vn -0.7042 -0.4525 0.5472
vn -0.5449 -0.1916 0.8163
vn -0.7357 -0.1734 0.6548
vn -0.7865 -0.2647 0.5580
vn -0.6768 -0.0101 0.7361
vn -0.7461 0.0543 0.6637
vn -0.8431 -0.1567 0.5143
vn -0.4426 -0.0873 0.8925
vn -0.0919 -0.1062 0.9901
vn -0.1852 -0.1832 0.9655
vn -0.0186 0.1201 0.9926
vn 0.3767 -0.0916 0.9218
vn 0.3590 0.1461 0.9218
vn 0.6083 -0.0599 0.7915
vn 0.5972 0.1402 0.7897
vn 0.7309 -0.0191 0.6822
vn 0.7146 0.1724 0.6780
vn 0.8130 0.0282 0.5816
vn 0.7810 0.2008 0.5913
vn 0.8615 0.0898 0.4998
vn 0.8357 0.2234 0.5017
vn 0.7342 -0.1386 0.6647
vn 0.8132 -0.1398 0.5650
vn 0.5716 -0.1627 0.8042
vn 0.3380 -0.2087 0.9177
vn -0.0471 0.2966 0.9538
vn 0.2887 0.3109 0.9055
vn 0.2444 -0.3735 0.8948
vn -0.1475 0.4667 0.8721
vn -0.4920 0.3335 0.8042
vn -0.6786 0.1849 0.7109
vn 0.4888 0.7340 0.4716
vn 0.0321 0.9519 -0.3046
vn 0.0361 0.9491 -0.3129
vn 0.0395 0.9334 -0.3566
vn 0.0333 0.9448 -0.3260
vn -0.0434 0.9489 -0.3127
vn -0.0255 0.9536 -0.3001
vn 0.0104 0.9089 -0.4170
vn 0.9361 0.2202 0.2744
vn -0.0308 0.8263 -0.5623
vn -0.0354 0.8312 -0.5548
vn -0.8236 0.1921 -0.5336
vn -0.8269 0.2173 -0.5186
vn -0.7647 0.1756 -0.6200
vn -0.6133 0.4573 -0.6440
vn -0.6020 0.5033 -0.6199
vn -0.5675 0.4066 -0.7160
vn -0.0879 0.8776 -0.4712
vn -0.0782 0.8813 -0.4660
vn -0.0809 0.8404 -0.5359
vn -0.0872 0.8228 -0.5616
vn -0.0943 0.8353 -0.5416
vn -0.0971 0.8384 -0.5363
vn -0.0727 0.8484 -0.5243
vn -0.0458 0.8532 -0.5196
vn -0.0688 0.8412 -0.5363
vn -0.0482 0.8595 -0.5089
vn -0.0480 0.8631 -0.5027
vn -0.0468 0.8557 -0.5153
vn -0.0403 0.8509 -0.5237
vn -0.0646 0.8472 -0.5274
vn -0.0371 0.8483 -0.5282
vn -0.0268 0.8104 -0.5853
vn -0.0385 0.8145 -0.5789
vn -0.0430 0.8016 -0.5963
vn 0.0565 0.5886 -0.8065
vn 0.0125 0.6095 -0.7927
vn 0.1111 0.5796 -0.8073
vn 0.2522 0.1978 -0.9472
vn 0.1805 0.2000 -0.9630
vn 0.3576 0.2250 -0.9064
vn 0.4665 -0.1414 -0.8731
vn 0.3340 -0.1543 -0.9298
vn 0.5651 -0.1254 -0.8154
vn 0.5970 -0.4842 -0.6396
vn 0.5061 -0.5585 -0.6573
vn 0.7017 -0.4057 -0.5857
vn 0.5359 -0.8375 -0.1065
vn 0.4889 -0.8560 -0.1680
vn 0.7696 -0.3732 -0.5181
vn 0.5830 -0.8108 -0.0520
vn 0.8575 -0.3802 -0.3467
vn 0.6520 -0.7579 0.0230
vn 0.8946 -0.3724 -0.2470
vn 0.7018 -0.7096 0.0627
vn 0.7395 -0.6619 0.1224
vn 0.7255 -0.6743 0.1380
vn 0.6755 -0.7323 0.0858
vn 0.7819 -0.5953 0.1851
vn 0.7696 -0.6189 0.1574
vn 0.8320 -0.5125 0.2126
vn 0.8093 -0.5570 0.1863
vn 0.8398 -0.5121 0.1804
vn 0.7751 -0.6141 0.1487
vn 0.7578 -0.6294 0.1721
vn 0.7092 -0.6935 0.1264
vn 0.6970 -0.7002 0.1546
vn 0.6726 -0.7321 0.1080
vn 0.6459 -0.7522 0.1305
vn 0.6324 -0.7651 0.1209
vn 0.6303 -0.7709 0.0917
vn 0.6007 -0.7931 0.1002
vn 0.5925 -0.8047 0.0377
vn 0.5424 -0.8372 0.0697
vn 0.6689 -0.7390 0.0800
vn 0.6374 -0.7702 0.0247
vn 0.6844 -0.7250 0.0776
vn 0.6729 -0.7386 0.0409
vn 0.6859 -0.7236 0.0771
vn 0.7129 -0.6990 0.0569
vn 0.6864 -0.7209 0.0957
vn 0.7425 -0.6625 0.0990
vn 0.6728 -0.7142 0.1931
vn 0.7471 -0.6352 0.1956
vn 0.6307 -0.6923 0.3506
vn 0.6975 -0.6242 0.3520
vn 0.5423 -0.6620 0.5174
vn 0.6217 -0.5952 0.5092
vn 0.3912 -0.6081 0.6908
vn 0.4975 -0.5350 0.6829
vn 0.2515 -0.5385 0.8042
vn 0.3433 -0.4717 0.8122
vn 0.1091 -0.4694 0.8762
vn 0.1998 -0.4189 0.8858
vn -0.0143 -0.5394 0.8419
vn -0.1069 -0.4479 0.8877
vn -0.0173 -0.3918 0.9199
vn -0.1521 -0.6891 0.7085
vn -0.2189 -0.5865 0.7798
vn -0.2960 -0.8275 0.4771
vn -0.3362 -0.7253 0.6007
vn -0.1372 -0.9160 0.3769
vn 0.0010 -0.7916 0.6111
vn 0.1410 -0.8847 0.4443
vn 0.1408 -0.6464 0.7499
vn 0.2843 -0.7286 0.6232
vn 0.2045 -0.9667 0.1536
vn 0.0187 -0.9629 0.2691
vn 0.2880 -0.9209 0.2628
vn 0.4493 -0.8897 0.0814
vn 0.4218 -0.7986 0.4294
vn 0.5331 -0.8164 0.2222
vn 0.1585 -0.9840 0.0811
vn -0.0547 -0.9891 0.1368
vn 0.3991 -0.9163 0.0341
vn 0.6874 -0.7219 0.0801
vn 0.6849 -0.7263 0.0588
vn 0.7215 -0.6865 0.0906
vn 0.7232 -0.6889 0.0488
vn 0.8107 -0.5821 0.0622
vn 0.7927 -0.5989 0.1136
vn 0.9038 -0.4235 0.0619
vn 0.8258 -0.5638 0.0142
vn 0.8819 -0.4624 0.0920
vn 0.9298 -0.3451 0.1276
vn 0.8651 -0.4832 0.1343
vn 0.8993 -0.4004 0.1759
vn 0.9964 -0.0676 0.0507
vn 0.8657 -0.4492 0.2209
vn 0.9584 0.2557 -0.1268
vn 0.9957 -0.0920 0.0065
vn 0.9543 0.2351 -0.1843
vn 0.7864 0.5104 -0.3480
vn 0.9397 0.1757 -0.2936
vn 0.7834 0.4534 -0.4251
vn 0.4644 0.7186 -0.5176
vn 0.7546 0.4135 -0.5096
vn 0.4636 0.6751 -0.5739
vn 0.1101 0.8296 -0.5473
vn 0.4291 0.6454 -0.6320
vn 0.1141 0.8084 -0.5775
vn 0.0254 0.8415 -0.5396
vn 0.1259 0.7963 -0.5917
vn -0.0097 0.8395 -0.5432
vn -0.0581 0.8487 -0.5257
vn -0.0245 0.8536 -0.5203
vn -0.0298 0.8528 -0.5214
vn -0.0257 0.8310 -0.5557
vn -0.0348 0.8552 -0.5171
vn -0.0421 0.8531 -0.5201
vn 0.1339 0.6350 -0.7608
vn -0.0450 0.8571 -0.5131
vn 0.0830 0.6619 -0.7450
vn 0.2043 0.2708 -0.9407
vn -0.0073 0.7330 -0.6802
vn 0.0959 0.3010 -0.9488
vn 0.1337 0.0031 -0.9910
vn -0.0886 0.3851 -0.9186
vn -0.0843 0.0012 -0.9964
vn -0.0522 -0.1296 -0.9902
vn -0.1637 0.0502 -0.9852
vn -0.2047 -0.1462 -0.9678
vn -0.2528 -0.1030 -0.9620
vn 0.4238 0.5335 0.7320
vn 0.4635 0.5232 0.7152
vn 0.6486 0.4499 0.6140
vn 0.7047 0.4241 0.5688
vn 0.7910 0.3600 0.4947
vn 0.8389 0.3337 0.4300
vn 0.8917 0.2910 0.3468
vn -0.6532 0.0584 -0.7550
vn -0.7148 0.1388 -0.6854
vn -0.5546 0.0356 -0.8314
vn -0.4692 0.3324 -0.8182
vn -0.5193 0.3918 -0.7595
vn -0.3851 0.2406 -0.8910
vn -0.0775 0.7354 -0.6732
vn -0.1295 0.8260 -0.5487
vn -0.1239 0.6553 -0.7451
vn -0.0319 0.8588 -0.5113
vn -0.0175 0.8393 -0.5433
vn -0.0646 0.8457 -0.5297
vn -0.0519 0.8516 -0.5216
vn -0.0336 0.8401 -0.5413
vn -0.0739 0.8590 -0.5066
vn -0.0804 0.8480 -0.5239
vn -0.0434 0.8519 -0.5219
vn -0.0341 0.8455 -0.5329
vn -0.0244 0.8438 -0.5361
vn -0.0683 0.8428 -0.5339
vn -0.0433 0.8464 -0.5307
vn -0.0072 0.7952 -0.6063
vn 0.0046 0.8039 -0.5947
vn 0.0383 0.8030 -0.5948
vn 0.2457 0.5558 -0.7942
vn 0.1892 0.5672 -0.8016
vn 0.2990 0.5795 -0.7582
vn 0.5355 0.2288 -0.8130
vn 0.4400 0.2345 -0.8668
vn 0.5961 0.2598 -0.7598
vn 0.7252 -0.0600 -0.6859
vn 0.6591 -0.0801 -0.7478
vn 0.6584 0.3130 -0.6845
vn 0.8247 -0.0233 -0.5651
vn 0.7125 0.3670 -0.5980
vn 0.8768 0.0154 -0.4805
vn 0.3809 0.6202 -0.6857
vn 0.3544 0.5985 -0.7185
vn 0.1093 0.7879 -0.6060
vn 0.0582 0.7881 -0.6128
vn -0.0294 0.8426 -0.5378
vn -0.0368 0.8443 -0.5347
vn -0.0464 0.8452 -0.5324
vn -0.0255 0.8418 -0.5391
vn -0.0481 0.8609 -0.5065
vn -0.0526 0.8648 -0.4993
vn -0.0786 0.8047 -0.5884
vn -0.0586 0.8377 -0.5429
vn -0.1233 0.4742 -0.8717
vn -0.1264 0.5872 -0.7995
vn -0.2242 0.0725 -0.9718
vn -0.2826 0.1232 -0.9513
vn -0.3423 -0.0737 -0.9367
vn -0.5159 0.0088 -0.8566
vn 0.9218 0.1033 -0.3736
vn 0.9809 -0.1723 -0.0902
vn 0.9457 -0.2676 -0.1847
vn -0.0170 0.8457 -0.5334
vn 0.4985 -0.8659 -0.0410
vn -0.2099 -0.3762 0.9024
vn -0.4789 -0.2904 0.8285
vn 0.0009 0.9257 -0.3783
vn 0.0264 0.9420 -0.3346
vn 0.6726 0.7339 -0.0947
vn -0.0202 0.8961 -0.4434
vn 0.3386 0.8661 -0.3676
vn 0.8428 -0.5380 -0.0143
vn -0.2919 -0.9514 0.0981
vn -0.5014 -0.8579 0.1124
vn -0.4926 -0.8560 0.1569
vn 0.6426 -0.7581 0.1113
vn -0.0467 0.8676 -0.4951
vn -0.0430 0.8567 -0.5140
vn -0.0023 0.9011 -0.4337
vn 0.0261 0.9235 -0.3826
vn -0.1043 0.8762 -0.4705
vn -0.0648 0.8345 -0.5472
vn -0.9576 -0.1951 0.2122
vn -0.9606 -0.1944 0.1985
vn -0.9545 -0.1732 0.2428
vn -0.9640 -0.1349 0.2289
vn -0.8400 -0.4984 0.2145
vn -0.8656 -0.4844 0.1271
vn -0.9261 -0.1573 0.3429
vn -0.9325 -0.0951 0.3483
vn -0.1728 0.9525 -0.2507
vn -0.0807 0.9104 -0.4058
vn -0.1029 0.8699 -0.4824
vn -0.1176 0.9368 -0.3295
vn -0.0327 0.9235 -0.3823
vn -0.0478 0.9098 -0.4124
vn -0.1239 0.9285 -0.3500
vn 0.0122 0.9528 -0.3034
vn 0.0633 0.9660 -0.2508
vn 0.0041 0.9059 -0.4236
vn -0.0474 0.9069 -0.4187
vn -0.0534 0.9298 -0.3643
vn 0.0065 0.9133 -0.4072
vn -0.0420 0.8480 -0.5283
vn -0.0493 0.8792 -0.4739
vn -0.0451 0.8777 -0.4770
vn 0.9899 -0.0707 -0.1225
vn 0.9062 -0.2114 -0.3662
vn 0.7399 -0.3363 -0.5826
vn 0.5369 -0.4218 -0.7306
vn 0.9912 0.0661 0.1145
vn 0.9333 0.1795 0.3109
vn 0.8192 0.2867 0.4966
vn 0.1961 0.4903 0.8492
vn -0.0995 0.4975 0.8617
vn -0.5039 0.4319 0.7481
vn -0.8437 0.2684 0.4649
vn -0.9487 0.1581 0.2739
vn -0.9971 0.0383 0.0664
vn -0.9965 -0.0415 -0.0719
vn -0.9487 -0.1581 -0.2739
vn -0.8480 -0.2650 -0.4590
vn -0.7593 -0.3254 -0.5636
vn -0.7071 -0.3536 -0.6124
vn -0.4961 -0.4341 -0.7519
vn -0.4061 -0.4569 -0.7914
vn -0.2425 -0.4851 -0.8402
vn -0.0905 -0.4979 -0.8625
vn 0.1961 -0.4903 -0.8492
vn 0.3162 -0.4743 -0.8216
vn 0.4472 0.4472 0.7746
vn 0.6690 0.3716 0.6437
vn 0.0995 0.4975 0.8617
vn -0.3162 0.4743 0.8216
vn -0.7071 0.3536 0.6124
vn 0.2873 0.4789 0.8295
vn 0.0905 0.4979 0.8625
vn -0.8437 -0.2684 -0.4649
vn -0.6757 -0.3686 -0.6384
vn -0.6585 0.3763 0.6518
vn -0.8000 0.3000 0.5196
vn -0.8944 0.2236 0.3873
vn -0.9191 0.1970 0.3411
vn -0.4229 -0.4531 -0.7848
vn -0.1168 -0.4966 -0.8601
vn 0.1644 -0.4932 -0.8542
vn 0.4961 -0.4341 -0.7519
vn -0.9285 -0.1857 -0.3216
vn -0.9939 -0.0552 -0.0956
vn -1.0000 0.0000 -0.0000
vn -0.9762 0.1085 0.1879
vn 0.9648 -0.1316 -0.2279
vn 0.6139 0.3947 0.6836
vn 0.4061 0.4569 0.7914
vn -0.2873 0.4789 0.8295
vn -0.5145 0.4287 0.7426
vn 0.9864 0.0822 0.1424
vn 0.8944 0.2236 0.3873
vn 0.7526 0.3293 0.5703
vn 0.9959 -0.0453 -0.0784
vn 0.8779 -0.2394 -0.4147
vn -0.1219 0.9282 -0.3514
vn -0.0025 0.9438 -0.3305
vn 0.0025 0.9525 -0.3046
vn -0.0136 0.9397 -0.3419
vn -0.0220 0.9816 -0.1897
vn 0.7071 0.3536 0.6124
vn 0.8000 0.3000 0.5196
vn 0.3162 0.4743 0.8216
vn -0.0624 0.4990 0.8643
vn -0.8192 0.2867 0.4966
vn -0.9950 0.0498 0.0862
vn 0.9701 0.1213 0.2100
vn 0.9363 0.1756 0.3041
vn -0.9701 -0.1213 -0.2100
vn -0.6402 -0.3841 -0.6653
vn -0.3714 -0.4642 -0.8041
vn 0.5547 -0.4160 -0.7206
vn -0.0000 -0.5000 -0.8660
vn 0.7526 -0.3293 -0.5703
vn 0.9762 -0.1085 -0.1879
vn 0.8480 -0.2650 -0.4590
vn 0.9939 0.0552 0.0956
vn -0.5735 0.4096 0.7095
vn -0.6918 -0.5194 0.5017
vn -0.6774 -0.4523 0.5800
vn -0.9419 -0.2830 0.1808
vn -0.8914 -0.4079 0.1975
vn -0.9436 -0.2970 0.1464
vn -0.0350 -0.5338 -0.8449
vn -0.0242 -0.5327 -0.8459
vn -0.1027 -0.5474 -0.8306
vn -0.1021 -0.5472 -0.8307
vn -0.2169 -0.5869 -0.7801
vn -0.3153 -0.6263 -0.7130
vn -0.3832 -0.6586 -0.6476
vn -0.4449 -0.6956 -0.5642
vn -0.4861 -0.7265 -0.4857
vn -0.5286 -0.7680 -0.3616
vn -0.5549 -0.8111 -0.1849
vn -0.5518 -0.8308 -0.0723
vn -0.5227 -0.8489 0.0780
vn -0.4700 -0.8560 0.2152
vn -0.4050 -0.8543 0.3257
vn -0.3390 -0.8472 0.4090
vn 0.2157 -0.5850 -0.7818
vn 0.2109 -0.5832 -0.7845
vn 0.1281 -0.5558 -0.8214
vn 0.0830 -0.5432 -0.8355
vn 0.0659 -0.5396 -0.8393
vn 0.0340 -0.5355 -0.8438
vn -0.0016 -0.5334 -0.8459
vn 0.3278 -0.6343 -0.7001
vn 0.3678 -0.6535 -0.6615
vn 0.4151 -0.6795 -0.6050
vn 0.4827 -0.7228 -0.4946
vn 0.5298 -0.7651 -0.3660
vn 0.5574 -0.8090 -0.1867
vn 0.5539 -0.8294 -0.0720
vn 0.5298 -0.8464 0.0547
vn 0.4706 -0.8557 0.2154
vn 0.4160 -0.8546 0.3108
vn 0.3173 -0.8446 0.4312
vn 0.2507 -0.8349 0.4900
vn 0.1575 -0.8206 0.5494
vn 0.1022 -0.8126 0.5738
vn 0.0473 -0.8063 0.5896
vn 0.0239 -0.8045 0.5934
vn 0.0042 -0.8042 0.5943
vn -0.0326 -0.8053 0.5920
vn -0.0530 -0.8069 0.5883
vn -0.1073 -0.8131 0.5722
vn -0.1698 -0.8212 0.5448
vn -0.1861 -0.8238 0.5354
vn -0.3006 -0.8423 0.4474
vn -0.9406 0.1333 -0.3121
vn -0.8799 0.0157 -0.4749
vn -0.2330 -0.5440 0.8061
vn -0.2250 -0.4982 0.8374
vn -0.7073 -0.6530 -0.2709
vn -0.7660 -0.5271 -0.3679
vn -0.4934 -0.8624 0.1130
vn -0.3790 -0.8412 0.3858
vn -0.3169 -0.7763 0.5449
vn -0.2842 -0.7128 0.6412
vn -0.2257 -0.4627 0.8573
vn -0.2259 -0.4619 0.8577
vn -0.2340 -0.4455 0.8642
vn -0.3942 -0.1861 0.9000
vn -0.4553 -0.0994 0.8848
vn -0.5386 0.0008 0.8426
vn -0.5977 0.0617 0.7993
vn -0.7314 0.1840 0.6567
vn -0.7197 0.1753 0.6718
vn -0.8443 0.2460 0.4760
vn -0.8499 0.2482 0.4648
vn -0.9446 0.2561 0.2051
vn -0.9723 0.2153 -0.0915
vn -0.8741 0.0867 -0.4779
vn -0.8729 0.0669 -0.4834
vn -0.8568 -0.1538 -0.4922
vn -0.8273 -0.3193 -0.4622
vn -0.8299 -0.0696 -0.5535
vn -0.5831 -0.8102 -0.0604
vn -0.2967 -0.3383 0.8931
vn -0.8543 -0.0156 -0.5195
vn -0.0697 0.9493 -0.3067
vn 0.0070 0.9234 -0.3839
vn -0.0306 0.9326 -0.3595
vn -0.0713 0.9313 -0.3571
vn 0.0202 0.9434 -0.3310
vn -0.0618 0.9266 -0.3709
vn -0.0352 0.9478 -0.3170
vn 0.0086 0.9221 -0.3867
vn 0.0083 0.9225 -0.3859
vn 0.0619 0.9196 -0.3880
vn -0.0283 0.9336 -0.3572
vn -0.0176 0.9403 -0.3399
vn -0.0515 0.9465 -0.3184
vn -0.0099 0.9415 -0.3370
vn 0.0000 0.9433 -0.3318
vn 0.0370 0.9517 -0.3049
vn -0.0113 0.9224 -0.3861
vn 0.0149 0.9528 -0.3033
vn -0.0261 0.9272 -0.3736
vn -0.0025 0.9538 -0.3005
vn -0.0833 0.9163 -0.3916
vn -0.0391 0.9423 -0.3325
vn -0.0600 0.9553 -0.2895
vn -0.0353 0.9467 -0.3202
vn 0.0040 0.9434 -0.3316
vn -0.0742 0.9025 -0.4242
vn 0.0056 0.8954 -0.4452
vn -0.0655 0.9249 -0.3746
vn -0.0512 0.9203 -0.3878
vn -0.0558 0.8948 -0.4430
vn -0.0673 0.8882 -0.4545
vn -0.0208 0.9251 -0.3791
vn -0.0571 0.8766 -0.4778
vn -0.0167 0.9141 -0.4050
vn 0.0118 0.9118 -0.4104
vn 0.0381 0.9121 -0.4082
vn 0.0172 0.9092 -0.4161
vn -0.0328 0.9055 -0.4230
vn -0.0403 0.9134 -0.4050
vn -0.0411 0.9152 -0.4010
vn -0.0412 0.9188 -0.3926
vn -0.0331 0.8700 -0.4919
vn 0.0056 0.9056 -0.4241
vn -0.0443 0.9046 -0.4239
vn 0.0164 0.8837 -0.4677
vn -0.1059 0.8924 -0.4386
vn -0.0242 0.9033 -0.4283
vn -0.0436 0.8993 -0.4352
vn -0.0128 0.8914 -0.4531
vn -0.0179 0.9006 -0.4343
vn 0.0143 0.8721 -0.4891
vn -0.0095 0.9081 -0.4187
vn 0.0067 0.9062 -0.4228
vn -0.0517 0.8685 -0.4929
vn -0.0627 0.8451 -0.5309
vn -0.0614 0.8464 -0.5290
vn -0.0098 0.8736 -0.4866
vn -0.0517 0.8614 -0.5053
vn -0.0485 0.8555 -0.5155
vn -0.0424 0.8500 -0.5251
vn -0.0988 0.8635 -0.4945
vn -0.0981 0.8546 -0.5099
vn -0.0698 0.8523 -0.5184
vn -0.0328 0.8758 -0.4815
vn -0.0762 0.8333 -0.5476
vn -0.0599 0.8668 -0.4951
vn -0.0599 0.8620 -0.5034
vn -0.0565 0.8551 -0.5154
vn -0.0506 0.8487 -0.5265
vn -0.1077 0.8847 -0.4536
vn -0.0281 0.8513 -0.5240
vn -0.0195 0.8483 -0.5292
vn -0.1069 0.8650 -0.4903
vn -0.0047 0.8565 -0.5162
vn -0.0915 0.8572 -0.5068
vn -0.0752 0.8515 -0.5189
vn -0.0156 0.8499 -0.5267
vn -0.0835 0.8719 -0.4826
vn -0.0018 0.8570 -0.5153
vn -0.0808 0.8478 -0.5241
vn 0.0076 0.8321 -0.5546
vn -0.0074 0.8327 -0.5536
vn 0.0301 0.8319 -0.5542
vn -0.0434 0.8003 -0.5981
vn 0.0188 0.8258 -0.5637
vn 0.0128 0.8214 -0.5701
vn -0.3417 0.4699 0.8139
vn 0.2941 -0.4779 -0.8277
vn 0.1521 -0.4942 -0.8560
vn -0.0905 0.4979 0.8625
vn 0.0000 0.5000 0.8660
vn -0.6247 0.3904 0.6763
vn 0.6727 -0.3700 -0.6408
vn 0.4741 -0.4402 -0.7625
vn -0.4789 0.4389 0.7603
vn -0.8087 0.2941 0.5094
vn 0.8000 -0.3000 -0.5196
vn 0.9981 -0.0312 -0.0540
vn 0.9662 -0.1288 -0.2231
vn -0.9558 0.1470 0.2547
vn 0.8944 -0.2236 -0.3873
vn -0.9231 -0.1923 -0.3331
vn 0.9191 0.1970 0.3411
vn 0.9806 0.0981 0.1698
vn -0.9884 -0.0760 -0.1317
vn 0.8321 0.2773 0.4804
vn 0.9899 0.0707 0.1225
vn -0.9923 -0.0620 -0.1074
vn -0.9923 0.0620 0.1074
vn 1.0000 -0.0000 -0.0000
vn -1.0000 -0.0000 -0.0000
vn -0.4856 -0.4371 -0.7570
vn 0.5547 0.4160 0.7206
vn 0.7433 0.3345 0.5793
vn -0.7526 -0.3293 -0.5703
vn -0.5300 -0.4240 -0.7344
vn 0.4856 0.4371 0.7570
vn 0.7682 -0.3201 -0.5544
vn -0.7682 0.3201 0.5544
vn 0.7071 -0.3536 -0.6124
vn -0.4961 0.4341 0.7519
vn 0.4472 -0.4472 -0.7746
vn -0.2425 0.4851 0.8402
vn 0.2747 -0.4808 -0.8327
vn -0.3939 0.4596 0.7960
vn 0.1240 -0.4961 -0.8593
vn 0.1104 0.4969 0.8607
vn -0.2747 -0.4808 -0.8327
vn 0.2169 0.4881 0.8454
vn -0.1240 -0.4961 -0.8593
vn -0.8682 0.2481 0.4297
vn 0.9615 -0.1374 -0.2379
vn -0.9363 0.1756 0.3041
vn 0.9487 -0.1581 -0.2739
vn -0.9701 0.1213 0.2100
vn -0.3511 -0.4682 -0.8109
vn -0.9191 -0.1970 -0.3411
vn -0.9363 -0.1756 -0.3041
vn 0.2425 0.4851 0.8402
vn -0.1961 -0.4903 -0.8492
vn -0.3162 -0.4743 -0.8216
vn 0.7682 0.3201 0.5544
vn -0.7682 -0.3201 -0.5544
vn -0.8682 -0.2481 -0.4297
vn -0.6508 -0.3796 -0.6575
vn -0.5812 -0.4069 -0.7047
vn 0.6402 0.3841 0.6653
vn -0.1104 0.4969 0.8607
vn 0.1414 -0.4950 -0.8573
vn 0.0263 0.9143 -0.4042
vn 0.0582 0.8755 -0.4796
vn 0.0608 0.8687 -0.4915
vn 0.0615 0.8293 -0.5554
vn 0.0698 0.8545 -0.5148
vn 0.0655 0.8487 -0.5249
vn 0.0204 0.8073 -0.5897
vn -0.1143 0.7838 -0.6104
vn -0.0318 0.7852 -0.6184
vn -0.0680 0.7880 -0.6119
vn -0.1730 0.7980 -0.5774
vn -0.1117 0.7880 -0.6054
vn -0.1231 0.7913 -0.5990
vn -0.1355 0.7960 -0.5900
vn -0.1576 0.8066 -0.5697
vn -0.1725 0.8189 -0.5475
vn -0.1807 0.8283 -0.5304
vn -0.1867 0.8389 -0.5113
vn -0.1900 0.8502 -0.4909
vn -0.1903 0.8618 -0.4701
vn -0.1876 0.8731 -0.4499
vn -0.1821 0.8836 -0.4313
vn -0.2241 0.8245 -0.5195
vn -0.1373 0.9093 -0.3929
vn -0.1454 0.9040 -0.4020
vn -0.2060 0.8682 -0.4515
vn -0.1018 0.9161 -0.3879
vn -0.0776 0.9233 -0.3762
vn -0.1902 0.8910 -0.4124
vn -0.0331 0.9242 -0.3805
vn -0.1515 0.9077 -0.3913
vn -0.0148 0.9190 -0.3940
vn 0.0000 0.9185 -0.3954
vn -0.0894 0.9224 -0.3757
vn 0.0126 0.9121 -0.4098
vn 0.0332 0.9076 -0.4185
vn -0.0235 0.9234 -0.3831
vn 0.0491 0.8948 -0.4437
vn 0.0583 0.8893 -0.4536
vn 0.0146 0.8033 -0.5953
vn 0.0495 0.8195 -0.5710
vn -0.0375 0.7899 -0.6121
vn -0.0477 0.7871 -0.6149
vn 0.0000 0.7944 -0.6074
vn 0.0532 0.9475 -0.3154
vn 0.0791 0.9364 -0.3418
vn 0.0752 0.9482 -0.3087
vn -0.0748 0.9541 -0.2901
vn -0.0815 0.9531 -0.2914
vn -0.1040 0.9439 -0.3133
vn -0.1231 0.9143 -0.3858
vn 0.0416 0.9719 -0.2315
vn 0.0885 0.9300 -0.3566
vn -0.0022 0.9601 -0.2797
vn -0.1243 0.9507 -0.2840
vn -0.1219 0.9341 -0.3354
vn -0.0196 0.9182 -0.3957
vn 0.0452 0.9212 -0.3864
vn 0.0000 0.9169 -0.3990
vn 0.0859 0.9316 -0.3531
vn 0.0750 0.9562 -0.2830
vn 0.0468 0.9134 -0.4043
vn 0.0447 0.9116 -0.4087
vn 0.0713 0.9167 -0.3931
vn -0.0708 0.9555 -0.2864
vn -0.0921 0.9506 -0.2965
vn -0.0805 0.9203 -0.3830
vn -0.1179 0.9369 -0.3291
vn 0.0290 0.9184 -0.3946
vn -0.6856 -0.2394 -0.6875
vn -0.8252 -0.1752 -0.5370
vn -0.3422 -0.2669 -0.9009
vn 0.0534 -0.2837 -0.9574
vn 0.3201 -0.2656 -0.9094
vn 0.7787 -0.1200 -0.6158
vn 0.9755 0.0064 -0.2198
vn -0.9613 -0.0236 -0.2746
vn -0.9341 -0.0606 -0.3517
vn -0.4365 -0.2790 -0.8553
vn 0.9657 0.1505 0.2114
vn 0.6413 0.3206 0.6972
vn 0.3789 0.3581 0.8534
vn -0.5358 0.3437 0.7712
vn 0.0000 0.3625 0.9320
vn -0.7368 0.2710 0.6195
vn -0.9905 0.1098 0.0822
vn -0.9351 0.1927 0.2975
vn -0.8730 0.2073 0.4414
vn -0.9901 0.0362 -0.1353
vn 0.5917 -0.1714 -0.7878
vn 0.9088 -0.0796 -0.4096
vn 0.8450 0.2523 0.4716
vn 0.9927 0.0990 0.0693
vn -0.3312 0.3537 0.8747
vn 0.0254 0.8957 -0.4439
vn 0.0417 0.8908 -0.4525
vn 0.0542 0.8844 -0.4637
vn 0.0605 0.8792 -0.4727
vn 0.0656 0.8706 -0.4875
vn 0.0669 0.8610 -0.5041
vn 0.0645 0.8544 -0.5156
vn 0.0195 0.7989 -0.6011
vn 0.0632 0.8309 -0.5528
vn 0.0474 0.8246 -0.5637
vn 0.0332 0.8211 -0.5699
vn 0.0000 0.8172 -0.5764
vn -0.0082 0.8173 -0.5762
vn -0.0366 0.8213 -0.5693
vn 0.0238 0.8027 -0.5959
vn -0.0525 0.8409 -0.5386
vn -0.0607 0.8471 -0.5280
vn -0.0259 0.8963 -0.4427
vn -0.0068 0.8981 -0.4396
vn 0.0123 0.8977 -0.4404
vn -0.0680 0.8571 -0.5106
vn -0.0391 0.8932 -0.4479
vn -0.2038 0.9754 0.0841
vn -0.0567 0.9870 0.1503
vn 0.1104 0.9850 0.1326
vn 0.2545 0.9580 0.1325
vn 0.3843 0.9205 0.0708
vn 0.5019 0.8631 -0.0551
vn 0.5862 0.7983 -0.1386
vn 0.6391 0.7267 -0.2519
vn 0.6205 0.6506 -0.4379
vn 0.6177 0.5495 -0.5626
vn 0.5524 0.4716 -0.6873
vn 0.4506 0.4131 -0.7914
vn 0.3733 0.3956 -0.8391
vn 0.2039 0.3563 -0.9119
vn 0.0288 0.3172 -0.9479
vn -0.0856 0.3207 -0.9433
vn -0.2653 0.3168 -0.9106
vn -0.3846 0.3698 -0.8458
vn -0.5290 0.4128 -0.7414
vn -0.6445 0.4238 -0.6364
vn -0.6739 0.5265 -0.5184
vn -0.6247 0.6763 -0.3904
vn -0.5849 0.7709 -0.2522
vn -0.0668 0.8739 -0.4814
vn -0.0696 0.8639 -0.4988
vn -0.5436 0.8261 -0.1482
vn -0.0623 0.8795 -0.4718
vn -0.4125 0.9108 -0.0177
vn -0.0462 0.8903 -0.4530
vn -0.3247 0.9458 0.0020
vn 0.1707 0.7084 -0.6849
vn 0.0899 0.6870 -0.7211
vn 0.0429 0.3667 -0.9294
vn 0.0240 0.6661 -0.7455
vn -0.0874 0.3752 -0.9228
vn -0.0513 0.6686 -0.7418
vn -0.2457 0.3818 -0.8910
vn -0.1101 0.6976 -0.7080
vn -0.3456 0.4519 -0.8224
vn -0.1732 0.7162 -0.6761
vn -0.4045 0.5758 -0.7105
vn -0.2313 0.7363 -0.6359
vn -0.5060 0.6023 -0.6174
vn -0.2497 0.7725 -0.5839
vn -0.5982 0.6133 -0.5158
vn -0.2065 0.8043 -0.5571
vn -0.6628 0.6596 -0.3544
vn -0.1521 0.8589 -0.4891
vn -0.6562 0.7286 -0.1962
vn -0.2181 0.8564 -0.4679
vn -0.5245 0.8372 -0.1550
vn -0.2494 0.9051 -0.3443
vn -0.3847 0.9144 -0.1260
vn -0.1924 0.9296 -0.3145
vn -0.2605 0.9646 -0.0412
vn -0.1537 0.9474 -0.2807
vn -0.1706 0.9853 0.0003
vn -0.0838 0.9671 -0.2404
vn -0.0379 0.9992 0.0136
vn -0.0219 0.9695 -0.2442
vn 0.0718 0.9974 0.0045
vn 0.0435 0.9684 -0.2455
vn 0.2027 0.9792 -0.0120
vn 0.1006 0.9609 -0.2580
vn 0.3026 0.9507 -0.0684
vn 0.1693 0.9437 -0.2842
vn 0.4372 0.8903 -0.1272
vn 0.2181 0.9219 -0.3202
vn 0.5852 0.7992 -0.1371
vn 0.2408 0.8943 -0.3773
vn 0.6359 0.7335 -0.2399
vn 0.2073 0.8525 -0.4799
vn 0.5671 0.6744 -0.4729
vn 0.2281 0.8182 -0.5278
vn 0.4874 0.6962 -0.5270
vn 0.3039 0.7845 -0.5406
vn 0.2745 0.7442 -0.6089
vn 0.4319 0.6186 -0.6564
vn 0.4082 0.5030 -0.7618
vn 0.2293 0.7136 -0.6620
vn 0.5681 0.2585 -0.7813
vn 0.4261 0.1976 -0.8828
vn 0.3696 0.3945 -0.8413
vn 0.5162 -0.1952 -0.8340
vn 0.3351 -0.2591 -0.9058
vn 0.2822 0.1524 -0.9472
vn 0.0906 -0.2739 -0.9575
vn 0.0502 0.1542 -0.9868
vn -0.1751 -0.1974 -0.9646
vn -0.1300 0.0969 -0.9868
vn -0.3620 -0.1588 -0.9186
vn -0.3374 0.1025 -0.9358
vn -0.5651 -0.1377 -0.8135
vn -0.4618 0.1632 -0.8718
vn -0.7627 -0.0410 -0.6455
vn -0.6586 0.2155 -0.7210
vn -0.8381 0.0929 -0.5375
vn -0.7364 0.3347 -0.5880
vn -0.9286 0.1912 -0.3179
vn -0.7633 0.4635 -0.4500
vn -0.9454 0.3078 -0.1073
vn -0.7798 0.5663 -0.2669
vn -0.9206 0.3773 0.1011
vn -0.7536 0.6440 -0.1318
vn -0.8304 0.4724 0.2954
vn -0.7162 0.6944 0.0691
vn -0.6821 0.6127 0.3992
vn -0.6368 0.7274 0.2556
vn -0.5241 0.6500 0.5503
vn -0.4484 0.8309 0.3293
vn -0.2866 0.6824 0.6724
vn -0.2474 0.8944 0.3725
vn -0.1178 0.7430 0.6589
vn -0.0817 0.9032 0.4213
vn 0.1864 0.7351 0.6518
vn 0.1332 0.9072 0.3991
vn 0.3620 0.7161 0.5968
vn 0.3374 0.8617 0.3791
vn 0.5633 0.6737 0.4783
vn 0.4870 0.8102 0.3262
vn 0.7369 0.5482 0.3956
vn 0.6610 0.7279 0.1823
vn 0.8445 0.4744 0.2485
vn 0.7171 0.6970 -0.0038
vn 0.9286 0.3709 -0.0066
vn 0.7876 0.6012 -0.1349
vn 0.9487 0.2739 -0.1581
vn 0.8202 0.4806 -0.3102
vn 0.9157 0.1632 -0.3671
vn 0.7876 0.4174 -0.4532
vn 0.8186 0.0032 -0.5744
vn 0.6909 0.2937 -0.6606
vn 0.8805 -0.2933 -0.3725
vn 0.7372 -0.3379 -0.5852
vn 0.7202 -0.0912 -0.6877
vn 0.6669 -0.6746 -0.3164
vn 0.4793 -0.7590 -0.4407
vn 0.5408 -0.4206 -0.7285
vn 0.2798 -0.8234 -0.4937
vn 0.0887 -0.7956 -0.5993
vn 0.0930 -0.5677 -0.8179
vn -0.1428 -0.7865 -0.6009
vn -0.1539 -0.5634 -0.8117
vn -0.3779 -0.7530 -0.5387
vn -0.3965 -0.5235 -0.7542
vn -0.5711 -0.6620 -0.4854
vn -0.6045 -0.5063 -0.6150
vn -0.7209 -0.6213 -0.3072
vn -0.7809 -0.3529 -0.5154
vn -0.8219 -0.5605 -0.1018
vn -0.9001 -0.2442 -0.3608
vn -0.8927 -0.4398 0.0987
vn -0.9839 -0.1500 -0.0966
vn -0.9110 -0.3339 0.2420
vn -0.9965 -0.0496 0.0674
vn -0.8797 -0.2006 0.4311
vn -0.7948 -0.0959 0.5992
vn -0.6691 -0.0099 0.7432
vn -0.4913 0.0978 0.8655
vn -0.5241 0.4258 0.7376
vn -0.3084 0.1668 0.9365
vn -0.0631 0.2001 0.9777
vn -0.0961 0.4412 0.8923
vn 0.1211 0.1896 0.9744
vn 0.1587 0.4213 0.8929
vn 0.3692 0.1288 0.9204
vn 0.3822 0.4382 0.8136
vn 0.5394 0.0415 0.8410
vn 0.5838 0.3693 0.7230
vn 0.6968 -0.0294 0.7166
vn 0.8381 -0.0929 0.5375
vn 0.8791 0.1720 0.4445
vn 0.8902 -0.2473 0.3826
vn 0.9735 0.0555 0.2218
vn 0.9108 -0.3653 0.1923
vn 0.9963 -0.0845 0.0157
vn 0.9094 -0.4156 -0.0179
vn 0.9567 -0.2571 -0.1367
vn 0.7073 -0.6797 0.1944
vn 0.6305 -0.7719 0.0816
vn 0.8211 -0.5421 -0.1786
vn 0.4279 -0.8725 0.2361
vn 0.3662 -0.9034 0.2231
vn 0.5633 -0.8183 -0.1142
vn 0.2857 -0.9566 0.0574
vn 0.3913 -0.8940 -0.2181
vn 0.1811 -0.9834 -0.0131
vn 0.2600 -0.9134 -0.3133
vn 0.0491 -0.9984 0.0281
vn 0.1036 -0.9264 -0.3619
vn -0.0831 -0.9958 0.0374
vn -0.1481 -0.9253 -0.3491
vn -0.2034 -0.9786 0.0311
vn -0.3090 -0.9096 -0.2777
vn -0.3026 -0.9507 0.0684
vn -0.4506 -0.8696 -0.2020
vn -0.4599 -0.8668 0.1930
vn -0.5886 -0.8082 -0.0180
vn -0.4623 -0.8491 0.2553
vn -0.6252 -0.7706 0.1241
vn -0.4943 -0.8034 0.3321
vn -0.7340 -0.6419 0.2218
vn -0.5113 -0.7246 0.4621
vn -0.7771 -0.5163 0.3599
vn -0.4663 -0.6842 0.5607
vn -0.7420 -0.4448 0.5016
vn -0.4279 -0.6407 0.6375
vn -0.6845 -0.3163 0.6568
vn -0.3208 -0.5338 0.7824
vn -0.5322 -0.2971 0.7928
vn -0.2790 -0.5015 0.8189
vn -0.3510 -0.3408 0.8722
vn -0.1811 -0.4804 0.8582
vn -0.2374 -0.3117 0.9201
vn -0.0379 -0.4879 0.8721
vn -0.0485 -0.2627 0.9637
vn 0.0772 -0.4954 0.8652
vn 0.0962 -0.2658 0.9592
vn 0.1761 -0.5424 0.8215
vn 0.2733 -0.2617 0.9257
vn 0.3026 -0.5345 0.7891
vn 0.4411 -0.3230 0.8373
vn 0.3435 -0.5410 0.7677
vn 0.5322 -0.2971 0.7928
vn 0.4263 -0.6607 0.6178
vn 0.7171 -0.3518 0.6017
vn 0.4943 -0.6893 0.5297
vn 0.7633 -0.4635 0.4500
vn 0.5145 -0.7426 0.4287
vn 0.7809 -0.5410 0.3123
vn 0.1414 -0.8573 0.4950
vn 0.1321 -0.8745 0.4667
vn 0.5183 -0.7986 0.3059
vn -0.0000 -0.8660 0.5000
vn -0.0000 -0.8352 0.5500
vn 0.2035 -0.8806 0.4279
vn -0.0405 -0.8459 0.5318
vn 0.1980 -0.9048 0.3769
vn -0.0294 -0.8412 0.5399
vn 0.0792 -0.9165 0.3920
vn -0.0206 -0.8381 0.5451
vn 0.0438 -0.9213 0.3865
vn 0.0508 -0.8480 0.5276
vn 0.0108 -0.9274 0.3739
vn -0.0493 -0.8459 0.5311
vn -0.0230 -0.9266 0.3754
vn 0.0202 -0.8387 0.5442
vn -0.0518 -0.9234 0.3803
vn 0.0330 -0.8422 0.5382
vn -0.0873 -0.9150 0.3939
vn -0.0089 -0.8365 0.5479
vn -0.1617 -0.8652 0.4746
vn -0.1343 -0.8871 0.4417
vn -0.1449 -0.8722 0.4672
vn -0.1414 -0.8514 0.5051
vn -0.1422 -0.8348 0.5319
vn 0.0000 -0.8660 0.5000
vn -0.1237 -0.8218 0.5561
vn -0.1049 -0.7683 0.6314
vn -0.1382 -0.7314 0.6678
vn -0.0854 -0.7136 0.6954
vn -0.0226 -0.6974 0.7163
vn 0.0472 -0.6969 0.7156
vn 0.1072 -0.6995 0.7065
vn 0.1540 -0.7123 0.6848
vn 0.1364 -0.7672 0.6267
vn 0.1238 -0.8267 0.5488
vn 0.1340 -0.8402 0.5255
vn 0.8436 0.2822 0.4569
vn 0.9556 0.1629 0.2455
vn 0.9777 -0.0947 -0.1873
vn 0.9189 -0.1780 -0.3520
vn 0.5547 -0.4260 -0.7148
vn 0.3938 -0.4784 -0.7849
vn 0.0678 -0.5159 -0.8540
vn -0.1972 -0.5045 -0.8406
vn -0.3938 -0.4784 -0.7849
vn -0.5998 -0.4215 -0.6801
vn -0.8436 -0.2822 -0.4569
vn -0.8943 -0.2397 -0.3779
vn -0.9899 -0.0758 -0.1195
vn -0.9899 0.0758 0.1195
vn -0.9558 0.1523 0.2516
vn -0.8779 0.2481 0.4097
vn -0.7068 0.3789 0.5974
vn -0.5038 0.4474 0.7389
vn -0.1414 0.4950 0.8573
vn 0.1414 0.4950 0.8573
vn 0.3845 0.4781 0.7896
vn 0.6244 0.4184 0.6596
vn 0.7432 0.3452 0.5731
vn 0.2878 0.9229 -0.2559
vn 0.3255 0.9032 -0.2799
vn 0.4388 0.8672 -0.2353
vn 0.4879 0.8115 -0.3216
vn 0.3793 0.8512 -0.3626
vn 0.5039 0.7481 -0.4319
vn 0.3939 0.7960 -0.4596
vn 0.4978 0.6842 -0.5330
vn 0.3931 0.7615 -0.5153
vn 0.4613 0.6266 -0.6281
vn 0.3646 0.7068 -0.6062
vn 0.3276 0.5767 -0.7484
vn 0.2778 0.6196 -0.7341
vn 0.2629 0.5819 -0.7696
vn 0.2460 0.5917 -0.7677
vn 0.1204 0.5598 -0.8199
vn 0.1447 0.5529 -0.8206
vn 0.0370 0.5529 -0.8324
vn 0.0497 0.5262 -0.8489
vn -0.0735 0.5541 -0.8292
vn -0.0963 0.5368 -0.8382
vn -0.1631 0.5660 -0.8081
vn -0.1737 0.5597 -0.8103
vn -0.3157 0.5782 -0.7523
vn -0.2810 0.5979 -0.7507
vn -0.4017 0.5893 -0.7010
vn -0.3616 0.6526 -0.6659
vn -0.4571 0.6534 -0.6034
vn -0.4126 0.6933 -0.5908
vn -0.4436 0.7050 -0.5534
vn -0.4441 0.7310 -0.5182
vn -0.4607 0.7599 -0.4585
vn -0.4211 0.7837 -0.4566
vn -0.4594 0.8343 -0.3049
vn -0.3757 0.8578 -0.3507
vn -0.4266 0.8707 -0.2447
vn -0.3551 0.8875 -0.2937
vn -0.3589 0.9192 -0.1624
vn -0.2931 0.9294 -0.2242
vn -0.2564 0.9645 -0.0634
vn -0.1910 0.9664 -0.1721
vn -0.1889 0.9814 -0.0334
vn -0.1314 0.9783 -0.1601
vn -0.0417 0.9991 0.0015
vn -0.0432 0.9883 -0.1464
vn 0.0820 0.9966 -0.0073
vn 0.0624 0.9884 -0.1385
vn 0.1561 0.9873 -0.0293
vn 0.1206 0.9815 -0.1489
vn 0.2898 0.9523 -0.0956
vn 0.2305 0.9516 -0.2034
vn 0.3775 0.9109 -0.1669
vn 0.5155 0.8569 -0.0031
vn 0.5877 0.7979 -0.1339
vn 0.6373 0.7234 -0.2654
vn 0.6579 0.6406 -0.3960
vn 0.6415 0.5288 -0.5558
vn 0.6194 0.4487 -0.6442
vn 0.5047 0.3806 -0.7748
vn 0.3878 0.3421 -0.8559
vn 0.2012 0.3116 -0.9287
vn 0.0465 0.3007 -0.9526
vn -0.0959 0.3010 -0.9488
vn -0.2508 0.3110 -0.9167
vn -0.4220 0.3540 -0.8346
vn -0.5256 0.4207 -0.7394
vn -0.6147 0.4754 -0.6294
vn -0.6511 0.5349 -0.5385
vn -0.6757 0.6384 -0.3686
vn -0.6472 0.7330 -0.2097
vn -0.5935 0.7995 -0.0926
vn -0.5166 0.8559 0.0246
vn -0.3683 0.9268 0.0741
vn -0.2281 0.9672 0.1119
vn -0.0617 0.9878 0.1426
vn 0.1027 0.9843 0.1434
vn 0.2149 0.9671 0.1364
vn 0.4144 0.9078 0.0655
vn -0.1826 -0.7727 -0.6080
vn -0.1076 -0.7846 -0.6106
vn -0.1519 -0.7226 -0.6743
vn 0.1092 -0.7855 -0.6091
vn 0.1754 -0.7459 -0.6426
vn 0.1093 -0.7074 -0.6983
vn -0.2232 -0.9430 -0.2467
vn 0.2438 -0.9248 -0.2921
vn 0.1594 -0.9662 -0.2027
vn 0.2282 -0.9516 -0.2058
vn 0.2913 -0.9207 -0.2598
vn 0.4060 -0.8637 -0.2987
vn 0.4433 -0.8222 -0.3570
vn 0.4646 -0.7746 -0.4291
vn 0.8569 -0.3746 0.3542
vn 0.7565 -0.4636 0.4614
vn 0.5962 -0.5513 0.5837
vn -0.0666 -0.5621 0.8244
vn -0.2695 -0.5379 0.7988
vn -0.4850 -0.4807 0.7305
vn -0.6523 -0.4060 0.6400
vn -0.7808 -0.3284 0.5315
vn -0.8826 -0.2419 0.4032
vn -0.9506 -0.1907 0.2448
vn -0.9865 -0.1595 0.0361
vn -0.9760 -0.1445 -0.1631
vn -0.9153 -0.1429 -0.3765
vn -0.8024 -0.1713 -0.5717
vn -0.6878 -0.1581 -0.7085
vn -0.4792 -0.1338 -0.8674
vn -0.2519 -0.1562 -0.9551
vn 0.5199 -0.2895 -0.8037
vn 0.7061 -0.2763 -0.6520
vn 0.8178 -0.2771 -0.5044
vn 0.9019 -0.2337 -0.3632
vn 0.9220 -0.2202 0.3185
vn 0.8384 -0.2886 0.4623
vn 0.7208 -0.3663 0.5884
vn 0.5554 -0.4628 0.6910
vn 0.3795 -0.5220 0.7639
vn 0.1327 -0.5631 0.8157
vn 0.9367 -0.2962 0.1865
vn 0.9660 -0.2585 0.0033
vn 0.9561 -0.2373 -0.1721
vn 0.0281 -0.3290 -0.9439
vn 0.2855 -0.3269 -0.9009
vn -0.2478 -0.3315 -0.9103
vn -0.0734 -0.6804 0.7292
vn 0.1550 -0.6761 0.7203
vn 0.4124 -0.6202 0.6673
vn 0.3845 -0.7117 -0.5878
vn 0.4061 -0.7182 -0.5651
vn 0.4360 -0.7408 -0.5110
vn 0.3577 -0.8235 -0.4403
vn 0.3477 -0.8585 -0.3769
vn 0.3474 -0.8794 -0.3255
vn 0.2497 -0.9060 -0.3418
vn 0.1206 -0.9288 -0.3505
vn 0.1320 -0.9538 -0.2701
vn 0.0160 -0.9661 -0.2578
vn 0.0155 -0.9839 -0.1783
vn 0.1183 -0.9666 -0.2272
vn 0.2223 -0.9494 -0.2218
vn 0.3333 -0.9107 -0.2440
vn 0.1202 -0.9785 -0.1674
vn 0.0206 -0.9854 -0.1690
vn -0.6651 -0.2988 -0.6844
vn -0.4619 -0.3248 -0.8253
vn -0.7860 -0.2734 -0.5545
vn -0.8772 -0.2728 -0.3951
vn -0.9408 -0.2519 -0.2268
vn -0.9704 -0.2290 -0.0762
vn -0.9543 -0.2749 0.1171
vn -0.9080 -0.3192 0.2713
vn -0.8163 -0.3891 0.4270
vn -0.6779 -0.4912 0.5469
vn -0.5311 -0.5638 0.6325
vn -0.2984 -0.6449 0.7036
vn 0.0942 -0.7714 -0.6293
vn 0.2212 -0.7520 -0.6209
vn 0.3333 -0.7241 -0.6038
vn 0.2831 -0.6873 -0.6690
vn 0.3077 -0.7570 -0.5764
vn 0.3352 -0.7721 -0.5400
vn 0.2434 -0.8634 -0.4419
vn 0.1350 -0.8964 -0.4223
vn -0.0046 -0.9081 -0.4188
vn 0.0120 -0.9332 -0.3592
vn -0.1176 -0.9380 -0.3261
vn -0.1139 -0.9568 -0.2675
vn -0.1356 -0.9707 -0.1982
vn -0.0865 -0.9748 -0.2055
vn -0.1979 -0.9555 -0.2188
vn -0.1003 -0.9770 -0.1884
vn -0.3072 -0.9281 -0.2104
vn -0.3015 -0.7266 -0.6175
vn -0.1873 -0.7748 -0.6038
vn -0.0582 -0.7872 -0.6139
vn 0.0729 -0.6856 -0.7243
vn 0.1400 -0.6725 -0.7268
vn 0.2022 -0.6929 -0.6921
vn -0.0011 -0.7004 -0.7137
vn 0.0743 -0.6975 -0.7127
vn -0.0313 -0.6874 -0.7256
vn -0.1144 -0.6794 -0.7248
vn -0.2103 -0.6701 -0.7119
vn -0.3644 -0.7061 -0.6072
vn -0.4031 -0.7204 -0.5644
vn -0.4396 -0.7302 -0.5231
vn -0.4505 -0.7551 -0.4763
vn -0.4549 -0.7945 -0.4022
vn -0.4493 -0.8220 -0.3499
vn -0.4114 -0.8648 -0.2878
vn -0.3636 -0.8986 -0.2456
vn -0.3284 -0.8853 -0.3294
vn -0.3492 -0.8665 -0.3566
vn -0.3560 -0.8420 -0.4054
vn -0.3369 -0.7857 -0.5188
vn -0.3276 -0.7707 -0.5465
vn -0.3206 -0.7265 -0.6078
vn -0.2524 -0.7314 -0.6335
vn -0.2241 -0.8045 -0.5501
vn -0.1018 -0.8330 -0.5439
vn -0.0031 -0.7877 -0.6160
vn 0.1333 -0.8282 -0.5443
vn 0.2142 -0.8002 -0.5601
vn -0.0132 -0.8419 -0.5394
vn -0.1179 -0.8979 -0.4242
vn -0.2231 -0.8770 -0.4256
vn -0.2204 -0.9178 -0.3304
vn -0.3030 -0.9235 -0.2352
vn -0.2432 -0.9440 -0.2229
vn -0.1167 -0.7134 -0.6910
vn 0.3832 -0.8852 -0.2639
vn 0.9775 -0.1713 0.1228
vn 0.9823 -0.1598 -0.0976
vn 0.9329 -0.1646 -0.3203
vn 0.8400 -0.1468 -0.5224
vn 0.7248 -0.1360 -0.6754
vn 0.5349 -0.1234 -0.8359
vn 0.2940 -0.1004 -0.9505
vn 0.0318 -0.1517 -0.9879
vn -0.5820 -0.4371 0.6857
vn -0.6422 -0.4130 0.6458
vn -0.7089 -0.4435 0.5484
vn -0.6837 -0.3643 0.6324
vn -0.7251 -0.4704 0.5030
vn -0.9619 -0.2733 -0.0036
vn -0.2958 0.2849 -0.9118
vn -0.9397 -0.2818 0.1939
vn -0.9524 -0.3000 0.0549
vn -0.5974 -0.4664 0.6524
vn -0.6410 -0.4107 0.6484
vn -0.7122 -0.4212 0.5615
vn -0.8374 -0.3609 0.4105
vn -0.8286 -0.3839 0.4074
vn -0.9304 -0.3255 0.1688
vn -0.9331 -0.3179 0.1680
vn -0.9802 -0.1943 -0.0393
vn -0.9712 -0.2365 -0.0282
vn -0.9651 -0.2605 0.0266
vn -0.9339 -0.3343 0.1268
vn -0.9027 -0.3941 0.1727
vn -0.0968 0.7002 0.7073
vn -0.1148 0.8779 0.4649
vn -0.0179 0.9802 0.1973
vn -0.1642 0.9844 0.0635
vn -0.0368 0.5727 -0.8189
vn -0.0263 0.4680 -0.8833
vn -0.0037 0.4650 -0.8853
vn -0.1701 0.0012 -0.9854
vn 0.0190 -0.0610 -0.9980
vn -0.0050 -0.4018 -0.9157
vn -0.0186 -0.8356 -0.5490
vn 0.0114 -0.9598 -0.2805
vn 0.0172 -0.9501 0.3114
vn -0.0279 -0.5766 0.8166
vn -0.0352 -0.4641 0.8851
vn 0.0060 -0.3552 0.9348
vn -0.0386 0.4723 0.8806
vn -0.0701 0.0278 0.9972
vn -0.0658 -0.4477 0.8918
vn -0.0999 -0.5005 0.8599
vn -0.1131 -0.8410 0.5291
vn -0.0612 -0.9968 0.0509
vn -0.0833 -0.9419 -0.3253
vn -0.1138 -0.7703 -0.6274
vn -0.6255 -0.3821 0.6802
vn -0.6248 -0.4302 0.6516
vn -0.5845 -0.4998 0.6392
vn -0.6022 -0.4519 0.6582
vn -0.6108 -0.4145 0.6746
vn -0.6567 -0.4301 0.6195
vn -0.7136 -0.4262 0.5560
vn -0.7290 -0.4232 0.5380
vn -0.8491 -0.3772 0.3697
vn -0.8528 -0.4075 0.3267
vn -0.9257 -0.3469 0.1508
vn -0.9280 -0.3590 0.0993
vn -0.9200 -0.3655 0.1412
vn -0.8618 -0.4415 0.2497
vn -0.7475 -0.4728 0.4666
vn -0.7245 -0.4322 0.5370
vn -0.1752 0.9733 -0.1484
vn -0.2106 0.9164 -0.3403
vn -0.7866 -0.5031 0.3579
vn -0.8540 -0.4542 0.2536
vn -0.8371 -0.4393 0.3260
vn -0.8326 -0.3943 0.3889
vn -0.6990 -0.4170 0.5810
vn -0.5903 -0.4548 0.6668
vn -0.6982 -0.4360 0.5678
vn -0.5854 -0.4537 0.6719
vn -0.6814 -0.3106 0.6628
vn -0.7270 -0.3058 0.6147
vn -0.8239 -0.2869 0.4888
vn -0.8425 -0.2867 0.4561
vn -0.9043 -0.2989 0.3047
vn -0.9277 -0.3151 0.2003
vn -0.9384 -0.3376 0.0742
vn -0.9437 -0.3258 -0.0574
vn -0.9576 -0.2823 -0.0573
vn -0.9589 -0.2559 -0.1229
vn -0.9731 -0.1975 -0.1184
vn -0.9821 -0.1657 -0.0896
vn -0.9849 -0.1624 -0.0605
vn -0.7710 -0.3297 0.5448
vn -0.7147 -0.3840 0.5845
vn -0.8397 -0.3082 0.4472
vn -0.9167 -0.3197 0.2397
vn -0.9287 -0.3096 0.2042
vn -0.9712 -0.2368 -0.0274
vn -0.9611 -0.2745 0.0288
vn -0.8390 -0.3212 0.4392
vn -0.9047 -0.3209 0.2804
vn -0.9698 -0.2335 -0.0703
vn -0.9704 -0.2398 -0.0272
vn 0.0319 0.4530 -0.8910
vn -0.6809 -0.3803 0.6259
vn -0.1767 0.8069 -0.5637
vn 0.0239 0.3968 -0.9176
vn -0.0172 0.7580 0.6520
vn 0.0077 0.9058 0.4236
vn -0.1495 0.9520 0.2669
vn -0.0374 0.9985 -0.0395
vn -0.1538 0.5942 -0.7895
vn -0.1692 0.4434 -0.8802
vn -0.2668 0.4197 -0.8675
vn 0.0226 0.1871 -0.9821
vn -0.1877 -0.3494 -0.9180
vn -0.1549 -0.6474 -0.7463
vn -0.0600 -0.8894 -0.4532
vn -0.0725 -0.9882 -0.1350
vn -0.0847 -0.9437 0.3198
vn -0.1328 -0.6185 0.7745
vn -0.0356 -0.4824 0.8752
vn -0.0586 -0.3462 0.9363
vn -0.1029 0.4227 0.9004
vn -0.0082 0.0881 0.9961
vn -0.0356 -0.4467 0.8940
vn -0.0217 -0.4585 0.8884
vn 0.0152 -0.8053 0.5926
vn 0.0122 -0.9999 0.0090
vn 0.0150 -0.9035 -0.4282
vn -0.0153 -0.6900 -0.7236
vn -0.0592 0.9701 -0.2352
vn -0.0293 0.9062 -0.4218
vn -0.3787 0.3477 -0.8577
vn -0.0342 0.7504 -0.6601
vn -0.7120 -0.4867 0.5060
vn -0.6948 -0.4605 0.5524
vn -0.7291 -0.4668 0.5005
vn 0.0846 0.7566 -0.6484
vn 0.0650 0.7389 -0.6706
vn -0.0289 0.7331 -0.6795
vn -0.1140 0.7456 -0.6566
vn -0.2278 0.7687 -0.5977
vn -0.2226 0.7802 -0.5846
vn -0.2496 0.8340 -0.4922
vn -0.2601 0.8443 -0.4685
vn -0.1847 0.9250 -0.3320
vn -0.1742 0.9313 -0.3200
vn -0.0442 0.9535 -0.2980
vn -0.0048 0.9499 -0.3125
vn 0.1273 0.9182 -0.3750
vn 0.1665 0.8895 -0.4254
vn 0.1896 0.8539 -0.4846
vn 0.1798 0.8162 -0.5491
vn -0.0243 0.8010 -0.5982
vn 0.0391 0.8280 -0.5593
vn -0.0990 0.8057 -0.5840
vn -0.0377 0.8033 -0.5944
vn -0.1728 0.8365 -0.5201
vn -0.1394 0.8162 -0.5607
vn -0.1580 0.8551 -0.4937
vn -0.1654 0.8286 -0.5348
vn -0.0828 0.9015 -0.4249
vn -0.1312 0.8814 -0.4538
vn -0.0078 0.9023 -0.4310
vn -0.0648 0.9042 -0.4222
vn 0.0278 0.8792 -0.4756
vn 0.0361 0.8734 -0.4857
vn 0.0390 0.8673 -0.4962
vn 0.0360 0.8574 -0.5135
vn 0.7540 0.3766 -0.5382
vn 0.5774 0.2113 -0.7887
vn 0.3319 0.1523 -0.9310
vn 0.0139 0.0644 -0.9978
vn -0.3049 0.1454 -0.9412
vn -0.5773 0.2113 -0.7887
vn -0.7596 0.2838 -0.5852
vn -0.8313 0.4592 -0.3131
vn -0.7850 0.6161 -0.0638
vn -0.6350 0.7351 0.2376
vn -0.3746 0.7960 0.4754
vn -0.0804 0.8610 0.5022
vn 0.2506 0.8964 0.3657
vn 0.5179 0.8359 0.1819
vn 0.7198 0.6941 0.0070
vn 0.8320 0.4873 -0.2653
vn 0.7311 -0.3412 -0.5909
vn 0.0476 -0.4994 -0.8650
vn -0.3457 -0.4692 -0.8126
vn -0.6823 -0.3655 -0.6331
vn -0.9037 -0.2140 -0.3707
vn -0.9988 -0.0250 -0.0432
vn -0.9439 0.1652 0.2861
vn -0.7311 0.3412 0.5909
vn -0.3881 0.4608 0.7982
vn -0.0499 0.4994 0.8649
vn 0.3304 0.4719 0.8174
vn 0.6823 0.3655 0.6331
vn 0.9138 0.2031 0.3517
vn 0.9989 0.0238 0.0412
vn 0.9383 -0.1729 -0.2994
vn 0.2073 0.6840 -0.6995
vn 0.0945 0.6619 -0.7436
vn -0.0059 0.6257 -0.7801
vn -0.1919 0.6093 -0.7693
vn -0.2739 0.6810 -0.6791
vn -0.3420 0.7306 -0.5910
vn -0.4050 0.7806 -0.4760
vn -0.3954 0.8397 -0.3723
vn -0.2781 0.9200 -0.2762
vn -0.1885 0.9543 -0.2318
vn -0.0598 0.9807 -0.1862
vn 0.0640 0.9812 -0.1822
vn 0.2298 0.9418 -0.2453
vn 0.2520 0.9006 -0.3542
vn 0.2832 0.8208 -0.4962
vn 0.3125 0.7620 -0.5673
vn 0.1955 0.8075 -0.5565
vn 0.1058 0.7878 -0.6068
vn 0.0047 0.7950 -0.6066
vn -0.0444 0.7998 -0.5986
vn -0.1322 0.8087 -0.5732
vn -0.1984 0.8439 -0.4984
vn -0.1916 0.8808 -0.4330
vn -0.1940 0.8987 -0.3932
vn -0.1275 0.9483 -0.2906
vn -0.0792 0.9635 -0.2556
vn 0.0261 0.9711 -0.2371
vn 0.0606 0.9684 -0.2418
vn 0.1517 0.9452 -0.2892
vn 0.1954 0.9187 -0.3433
vn 0.2172 0.8673 -0.4478
vn 0.2042 0.8502 -0.4851
vn 0.0783 0.8900 -0.4493
vn -0.0599 0.9034 -0.4247
vn -0.0621 0.9072 -0.4162
vn -0.0722 0.8778 -0.4735
vn -0.0000 0.9280 -0.3725
vn -0.0479 0.9138 -0.4033
vn 0.0848 0.9239 -0.3732
vn -0.0395 0.9334 -0.3566
vn 0.0781 0.9045 -0.4192
vn 0.0477 0.9232 -0.3815
vn 0.0797 0.8633 -0.4984
vn 0.0921 0.8994 -0.4274
vn 0.7813 0.3568 -0.5121
vn 0.6549 0.1663 -0.7372
vn 0.3906 0.0031 -0.9206
vn 0.0692 0.0642 -0.9955
vn -0.3191 0.1051 -0.9419
vn -0.5572 0.2013 -0.8056
vn -0.7691 0.3366 -0.5432
vn -0.8320 0.4734 -0.2893
vn -0.7301 0.6833 -0.0113
vn -0.5522 0.8202 0.1493
vn -0.2981 0.8891 0.3474
vn -0.0404 0.8981 0.4378
vn 0.2923 0.8745 0.3872
vn 0.5553 0.7714 0.3109
vn 0.7651 0.6387 0.0813
vn 0.8209 0.5352 -0.1993
vn 0.4281 -0.4519 -0.7827
vn 0.0499 -0.4994 -0.8649
vn -0.6585 -0.3763 -0.6518
vn -0.9216 -0.1940 -0.3361
vn -0.4061 0.4569 0.7914
vn -0.0476 0.4994 0.8650
vn 0.3457 0.4692 0.8126
vn 0.2595 0.7447 -0.6148
vn 0.1776 0.6977 -0.6940
vn 0.0404 0.7016 -0.7114
vn -0.1259 0.7095 -0.6933
vn -0.2532 0.7155 -0.6511
vn -0.3261 0.7676 -0.5518
vn -0.3347 0.8362 -0.4345
vn -0.3374 0.8985 -0.2807
vn -0.2958 0.9412 -0.1631
vn -0.1349 0.9869 -0.0888
vn -0.0118 0.9964 -0.0837
vn 0.1411 0.9842 -0.1065
vn 0.2560 0.9574 -0.1339
vn 0.3627 0.8910 -0.2732
vn 0.3607 0.8520 -0.3795
vn 0.3086 0.7899 -0.5300
# 2795 vertex normals

vt 0.2637 0.6821 0.0000
vt 0.2660 0.6912 0.0000
vt 0.2566 0.6951 0.0000
vt 0.2515 0.6853 0.0000
vt 0.2479 0.7008 0.0000
vt 0.2419 0.6940 0.0000
vt 0.2414 0.6818 0.0000
vt 0.2450 0.6740 0.0000
vt 0.2544 0.6744 0.0000
vt 0.2353 0.6891 0.0000
vt 0.2647 0.6726 0.0000
vt 0.2022 0.7348 0.0000
vt 0.1977 0.7269 0.0000
vt 0.2093 0.7186 0.0000
vt 0.2159 0.7254 0.0000
vt 0.2263 0.7317 0.0000
vt 0.2206 0.7391 0.0000
vt 0.2177 0.7484 0.0000
vt 0.2028 0.7462 0.0000
vt 0.2291 0.5506 0.0000
vt 0.2202 0.5645 0.0000
vt 0.2046 0.5548 0.0000
vt 0.2221 0.5316 0.0000
vt 0.2323 0.5737 0.0000
vt 0.2505 0.5548 0.0000
vt 0.2525 0.5302 0.0000
vt 0.2506 0.1188 0.0000
vt 0.2415 0.1163 0.0000
vt 0.2485 0.1029 0.0000
vt 0.2588 0.1122 0.0000
vt 0.2681 0.1301 0.0000
vt 0.2549 0.1356 0.0000
vt 0.2423 0.1385 0.0000
vt 0.2761 0.6520 0.0000
vt 0.2819 0.6557 0.0000
vt 0.2771 0.6633 0.0000
vt 0.2681 0.6632 0.0000
vt 0.2569 0.6655 0.0000
vt 0.2595 0.6571 0.0000
vt 0.2594 0.6511 0.0000
vt 0.2717 0.6473 0.0000
vt 0.3251 0.6594 0.0000
vt 0.3188 0.6731 0.0000
vt 0.3164 0.6595 0.0000
vt 0.3232 0.6510 0.0000
vt 0.3447 0.6534 0.0000
vt 0.3313 0.6743 0.0000
vt 0.2229 0.0710 0.0000
vt 0.2168 0.0782 0.0000
vt 0.2102 0.0700 0.0000
vt 0.2210 0.0622 0.0000
vt 0.2338 0.0590 0.0000
vt 0.2314 0.0714 0.0000
vt 0.2260 0.0819 0.0000
vt 0.5333 0.6454 0.0000
vt 0.5244 0.6604 0.0000
vt 0.5111 0.6404 0.0000
vt 0.5219 0.6337 0.0000
vt 0.5228 0.6200 0.0000
vt 0.5403 0.6270 0.0000
vt 0.5053 0.6226 0.0000
vt 0.5355 0.5300 0.0000
vt 0.5369 0.5108 0.0000
vt 0.5689 0.5109 0.0000
vt 0.5719 0.5340 0.0000
vt 0.6023 0.5069 0.0000
vt 0.6075 0.5246 0.0000
vt 0.6198 0.5429 0.0000
vt 0.5967 0.5539 0.0000
vt 0.5831 0.5675 0.0000
vt 0.5598 0.5533 0.0000
vt 0.5324 0.5477 0.0000
vt 0.7669 0.0659 0.0000
vt 0.7723 0.0821 0.0000
vt 0.7589 0.0849 0.0000
vt 0.7570 0.0643 0.0000
vt 0.7601 0.0517 0.0000
vt 0.7733 0.0599 0.0000
vt 0.7848 0.0773 0.0000
vt 0.7566 0.3761 0.0000
vt 0.7301 0.3750 0.0000
vt 0.7364 0.3508 0.0000
vt 0.7659 0.3521 0.0000
vt 0.7823 0.3614 0.0000
vt 0.7717 0.3794 0.0000
vt 0.7852 0.3399 0.0000
vt 0.7924 0.3509 0.0000
vt 0.7799 0.7277 0.0000
vt 0.7748 0.7347 0.0000
vt 0.7639 0.7226 0.0000
vt 0.7726 0.7145 0.0000
vt 0.7743 0.6131 0.0000
vt 0.7672 0.6041 0.0000
vt 0.7790 0.5967 0.0000
vt 0.7842 0.6115 0.0000
vt 0.7909 0.7322 0.0000
vt 0.7860 0.7434 0.0000
vt 0.7257 0.4818 0.0000
vt 0.6942 0.4801 0.0000
vt 0.6968 0.4562 0.0000
vt 0.7332 0.4533 0.0000
vt 0.7631 0.4730 0.0000
vt 0.7512 0.4892 0.0000
vt 0.7611 0.4408 0.0000
vt 0.7789 0.4558 0.0000
vt 0.6726 0.0570 0.0000
vt 0.6629 0.0733 0.0000
vt 0.6514 0.0666 0.0000
vt 0.6678 0.0485 0.0000
vt 0.6826 0.0573 0.0000
vt 0.6749 0.0787 0.0000
vt 0.6828 0.0423 0.0000
vt 0.1894 0.7129 0.0000
vt 0.2016 0.7036 0.0000
vt 0.2050 0.7115 0.0000
vt 0.1939 0.7201 0.0000
vt 0.1824 0.7099 0.0000
vt 0.1869 0.6960 0.0000
vt 0.1935 0.6967 0.0000
vt 0.2003 0.6961 0.0000
vt 0.2411 0.6318 0.0000
vt 0.2434 0.6390 0.0000
vt 0.2309 0.6397 0.0000
vt 0.2253 0.6317 0.0000
vt 0.2235 0.6418 0.0000
vt 0.2181 0.6356 0.0000
vt 0.2089 0.6295 0.0000
vt 0.2117 0.6245 0.0000
vt 0.2283 0.6212 0.0000
vt 0.2417 0.6232 0.0000
vt 0.2168 0.6174 0.0000
vt 0.1620 0.6910 0.0000
vt 0.1739 0.6905 0.0000
vt 0.1680 0.7061 0.0000
vt 0.1604 0.7064 0.0000
vt 0.1516 0.7081 0.0000
vt 0.1516 0.6946 0.0000
vt 0.1525 0.6820 0.0000
vt 0.1639 0.6794 0.0000
vt 0.8423 0.7732 0.0000
vt 0.8737 0.7807 0.0000
vt 0.8554 0.7999 0.0000
vt 0.8067 0.7974 0.0000
vt 0.8013 0.7830 0.0000
vt 0.8244 0.7653 0.0000
vt 0.8459 0.8165 0.0000
vt 0.8104 0.8140 0.0000
vt 0.1714 0.6185 0.0000
vt 0.1741 0.6273 0.0000
vt 0.1643 0.6361 0.0000
vt 0.1544 0.6368 0.0000
vt 0.1414 0.6296 0.0000
vt 0.1530 0.6120 0.0000
vt 0.1906 0.6140 0.0000
vt 0.1886 0.6221 0.0000
vt 0.1636 0.5907 0.0000
vt 0.1824 0.5981 0.0000
vt 0.3728 0.6704 0.0000
vt 0.3562 0.6852 0.0000
vt 0.3444 0.6768 0.0000
vt 0.3638 0.6512 0.0000
vt 0.3499 0.6264 0.0000
vt 0.3620 0.6224 0.0000
vt 0.3868 0.6415 0.0000
vt 0.3948 0.6615 0.0000
vt 0.3822 0.6198 0.0000
vt 0.1183 0.6938 0.0000
vt 0.0916 0.6850 0.0000
vt 0.1007 0.6645 0.0000
vt 0.1238 0.6715 0.0000
vt 0.1395 0.6717 0.0000
vt 0.1379 0.6882 0.0000
vt 0.1394 0.6995 0.0000
vt 0.1270 0.7063 0.0000
vt 0.1040 0.7122 0.0000
vt 0.0811 0.7043 0.0000
vt 0.1158 0.7180 0.0000
vt 0.1958 0.7764 0.0000
vt 0.2067 0.7793 0.0000
vt 0.2001 0.7908 0.0000
vt 0.1901 0.7851 0.0000
vt 0.2207 0.7779 0.0000
vt 0.2209 0.7882 0.0000
vt 0.2038 0.7958 0.0000
vt 0.1821 0.8037 0.0000
vt 0.1794 0.7939 0.0000
vt 0.1344 0.8303 0.0000
vt 0.1624 0.8191 0.0000
vt 0.1644 0.8307 0.0000
vt 0.1408 0.8466 0.0000
vt 0.1449 0.8123 0.0000
vt 0.1635 0.8096 0.0000
vt 0.1081 0.8521 0.0000
vt 0.0964 0.8383 0.0000
vt 0.1170 0.8232 0.0000
vt 0.1293 0.8096 0.0000
vt 0.1195 0.8674 0.0000
vt 0.3228 0.5669 0.0000
vt 0.3422 0.5795 0.0000
vt 0.3313 0.5909 0.0000
vt 0.3158 0.5808 0.0000
vt 0.2918 0.5772 0.0000
vt 0.2888 0.5668 0.0000
vt 0.3641 0.5657 0.0000
vt 0.2884 0.5478 0.0000
vt 0.3234 0.5430 0.0000
vt 0.3552 0.5336 0.0000
vt 0.5372 0.8630 0.0000
vt 0.5440 0.8786 0.0000
vt 0.5242 0.8879 0.0000
vt 0.5100 0.8652 0.0000
vt 0.5060 0.9009 0.0000
vt 0.4886 0.8819 0.0000
vt 0.5483 0.7177 0.0000
vt 0.5287 0.6955 0.0000
vt 0.5432 0.6809 0.0000
vt 0.5698 0.7012 0.0000
vt 0.5125 0.8385 0.0000
vt 0.5345 0.8414 0.0000
vt 0.5507 0.6616 0.0000
vt 0.5722 0.6744 0.0000
vt 0.9292 0.4184 0.0000
vt 0.9160 0.4122 0.0000
vt 0.9224 0.4025 0.0000
vt 0.9440 0.4100 0.0000
vt 0.9173 0.4378 0.0000
vt 0.9034 0.4253 0.0000
vt 0.9470 0.4323 0.0000
vt 0.7651 0.5406 0.0000
vt 0.7492 0.5286 0.0000
vt 0.7628 0.5118 0.0000
vt 0.7866 0.5240 0.0000
vt 0.7731 0.4967 0.0000
vt 0.7958 0.5026 0.0000
vt 0.8197 0.5227 0.0000
vt 0.8218 0.5414 0.0000
vt 0.7969 0.5461 0.0000
vt 0.7771 0.5563 0.0000
vt 0.8226 0.5057 0.0000
vt 0.9076 0.3064 0.0000
vt 0.9387 0.3034 0.0000
vt 0.9195 0.3163 0.0000
vt 0.9095 0.3240 0.0000
vt 0.8990 0.3158 0.0000
vt 0.8868 0.3108 0.0000
vt 0.8921 0.3009 0.0000
vt 0.9042 0.2751 0.0000
vt 0.9336 0.2733 0.0000
vt 0.1531 0.3820 0.0000
vt 0.1486 0.4151 0.0000
vt 0.1292 0.4102 0.0000
vt 0.1345 0.3774 0.0000
vt 0.1720 0.3864 0.0000
vt 0.1686 0.4199 0.0000
vt 0.1629 0.4528 0.0000
vt 0.1423 0.4472 0.0000
vt 0.1219 0.4413 0.0000
vt 0.1340 0.4779 0.0000
vt 0.1132 0.4702 0.0000
vt 0.9450 0.3603 0.0000
vt 0.9414 0.3605 0.0000
vt 0.9327 0.3347 0.0000
vt 0.9424 0.3324 0.0000
vt 0.9284 0.3617 0.0000
vt 0.9203 0.3398 0.0000
vt 0.9459 0.3774 0.0000
vt 0.9422 0.3775 0.0000
vt 0.9292 0.3778 0.0000
vt 0.9428 0.3931 0.0000
vt 0.9266 0.3911 0.0000
vt 0.9466 0.3933 0.0000
vt 0.9479 0.4098 0.0000
vt 0.0922 0.5217 0.0000
vt 0.0999 0.5043 0.0000
vt 0.1200 0.5160 0.0000
vt 0.1117 0.5354 0.0000
vt 0.1012 0.5580 0.0000
vt 0.0811 0.5454 0.0000
vt 0.9509 0.4325 0.0000
vt 0.0898 0.5812 0.0000
vt 0.0684 0.5704 0.0000
vt 0.9544 0.4571 0.0000
vt 0.9506 0.4576 0.0000
vt 0.9581 0.4805 0.0000
vt 0.9544 0.4813 0.0000
vt 0.9293 0.4884 0.0000
vt 0.9250 0.4654 0.0000
vt 0.9038 0.4954 0.0000
vt 0.9007 0.4751 0.0000
vt 0.8950 0.4552 0.0000
vt 0.8760 0.4832 0.0000
vt 0.8726 0.4662 0.0000
vt 0.8686 0.4528 0.0000
vt 0.8859 0.4401 0.0000
vt 0.8614 0.4693 0.0000
vt 0.8574 0.4582 0.0000
vt 0.8443 0.4608 0.0000
vt 0.8502 0.4723 0.0000
vt 0.8290 0.4731 0.0000
vt 0.8316 0.4586 0.0000
vt 0.8097 0.4694 0.0000
vt 0.8163 0.4537 0.0000
vt 0.7934 0.4634 0.0000
vt 0.8043 0.4472 0.0000
vt 0.7941 0.4394 0.0000
vt 0.7861 0.4313 0.0000
vt 0.7794 0.4226 0.0000
vt 0.7524 0.4226 0.0000
vt 0.7744 0.4142 0.0000
vt 0.7504 0.4097 0.0000
vt 0.7701 0.4046 0.0000
vt 0.7506 0.3966 0.0000
vt 0.7689 0.3951 0.0000
vt 0.7259 0.3978 0.0000
vt 0.6981 0.3990 0.0000
vt 0.7018 0.3743 0.0000
vt 0.7252 0.4131 0.0000
vt 0.6968 0.4153 0.0000
vt 0.6668 0.4163 0.0000
vt 0.6689 0.3992 0.0000
vt 0.7262 0.4287 0.0000
vt 0.6963 0.4317 0.0000
vt 0.6654 0.4332 0.0000
vt 0.6348 0.4338 0.0000
vt 0.6370 0.4162 0.0000
vt 0.6640 0.4580 0.0000
vt 0.6327 0.4598 0.0000
vt 0.6019 0.4613 0.0000
vt 0.6049 0.4337 0.0000
vt 0.6322 0.4852 0.0000
vt 0.6007 0.4889 0.0000
vt 0.5692 0.4911 0.0000
vt 0.5718 0.4619 0.0000
vt 0.5385 0.4910 0.0000
vt 0.5422 0.4612 0.0000
vt 0.5084 0.4896 0.0000
vt 0.5124 0.4595 0.0000
vt 0.4784 0.4885 0.0000
vt 0.4814 0.4577 0.0000
vt 0.5069 0.5094 0.0000
vt 0.4780 0.5090 0.0000
vt 0.4495 0.5102 0.0000
vt 0.4480 0.4890 0.0000
vt 0.5060 0.5288 0.0000
vt 0.4783 0.5291 0.0000
vt 0.4515 0.5312 0.0000
vt 0.4476 0.5316 0.0000
vt 0.4456 0.5107 0.0000
vt 0.4792 0.5489 0.0000
vt 0.4544 0.5518 0.0000
vt 0.4505 0.5523 0.0000
vt 0.4368 0.6517 0.0000
vt 0.4311 0.6293 0.0000
vt 0.4535 0.6246 0.0000
vt 0.4580 0.6476 0.0000
vt 0.4581 0.5721 0.0000
vt 0.4543 0.5728 0.0000
vt 0.4626 0.6707 0.0000
vt 0.4424 0.6741 0.0000
vt 0.4231 0.6778 0.0000
vt 0.4162 0.6560 0.0000
vt 0.4670 0.6944 0.0000
vt 0.4478 0.6972 0.0000
vt 0.4297 0.7002 0.0000
vt 0.4120 0.7031 0.0000
vt 0.4039 0.6818 0.0000
vt 0.4525 0.7213 0.0000
vt 0.4354 0.7234 0.0000
vt 0.4186 0.7254 0.0000
vt 0.4021 0.7275 0.0000
vt 0.3943 0.7072 0.0000
vt 0.4388 0.7475 0.0000
vt 0.4226 0.7480 0.0000
vt 0.4065 0.7486 0.0000
vt 0.3910 0.7505 0.0000
vt 0.3872 0.7322 0.0000
vt 0.4233 0.7711 0.0000
vt 0.4076 0.7699 0.0000
vt 0.3926 0.7695 0.0000
vt 0.3815 0.7707 0.0000
vt 0.3794 0.7532 0.0000
vt 0.4054 0.7914 0.0000
vt 0.3911 0.7884 0.0000
vt 0.3797 0.7858 0.0000
vt 0.3722 0.7843 0.0000
vt 0.3736 0.7700 0.0000
vt 0.3865 0.8071 0.0000
vt 0.3747 0.8020 0.0000
vt 0.3678 0.7987 0.0000
vt 0.3647 0.7967 0.0000
vt 0.3686 0.7839 0.0000
vt 0.3688 0.8169 0.0000
vt 0.3609 0.8120 0.0000
vt 0.3580 0.8095 0.0000
vt 0.3559 0.8068 0.0000
vt 0.3621 0.7958 0.0000
vt 0.3522 0.8232 0.0000
vt 0.3496 0.8193 0.0000
vt 0.3479 0.8161 0.0000
vt 0.3442 0.8119 0.0000
vt 0.3516 0.8035 0.0000
vt 0.3399 0.8268 0.0000
vt 0.3386 0.8237 0.0000
vt 0.3356 0.8186 0.0000
vt 0.3336 0.8150 0.0000
vt 0.3417 0.8089 0.0000
vt 0.3285 0.8294 0.0000
vt 0.3264 0.8234 0.0000
vt 0.3250 0.8192 0.0000
vt 0.0812 0.3645 0.0000
vt 0.0724 0.3624 0.0000
vt 0.0734 0.3564 0.0000
vt 0.0834 0.3587 0.0000
vt 0.3171 0.8265 0.0000
vt 0.3163 0.8217 0.0000
vt 0.0921 0.3626 0.0000
vt 0.0889 0.3678 0.0000
vt 0.0990 0.3672 0.0000
vt 0.0950 0.3719 0.0000
vt 0.8690 0.0262 0.0000
vt 0.8662 0.0287 0.0000
vt 0.8565 0.0180 0.0000
vt 0.8612 0.0144 0.0000
vt 0.8640 0.0313 0.0000
vt 0.8526 0.0221 0.0000
vt 0.8622 0.0339 0.0000
vt 0.8496 0.0263 0.0000
vt 0.8483 0.0656 0.0000
vt 0.8464 0.0616 0.0000
vt 0.8609 0.0558 0.0000
vt 0.8622 0.0582 0.0000
vt 0.8506 0.0693 0.0000
vt 0.8635 0.0606 0.0000
vt 0.9047 0.0323 0.0000
vt 0.9150 0.0251 0.0000
vt 0.9188 0.0320 0.0000
vt 0.9072 0.0370 0.0000
vt 0.9099 0.0190 0.0000
vt 0.9013 0.0282 0.0000
vt 0.8737 0.0091 0.0000
vt 0.8811 0.0081 0.0000
vt 0.8819 0.0214 0.0000
vt 0.8771 0.0223 0.0000
vt 0.8671 0.0113 0.0000
vt 0.8728 0.0239 0.0000
vt 0.8870 0.0215 0.0000
vt 0.8888 0.0086 0.0000
vt 0.0630 0.3620 0.0000
vt 0.0533 0.3636 0.0000
vt 0.0519 0.3576 0.0000
vt 0.0628 0.3559 0.0000
vt 0.0439 0.3671 0.0000
vt 0.0413 0.3616 0.0000
vt 0.3486 0.8012 0.0000
vt 0.3538 0.7919 0.0000
vt 0.3572 0.7935 0.0000
vt 0.3570 0.7815 0.0000
vt 0.3607 0.7823 0.0000
vt 0.3658 0.7833 0.0000
vt 0.3616 0.7703 0.0000
vt 0.3669 0.7702 0.0000
vt 0.3699 0.7702 0.0000
vt 0.3651 0.7571 0.0000
vt 0.3679 0.7562 0.0000
vt 0.3719 0.7550 0.0000
vt 0.3637 0.7432 0.0000
vt 0.3670 0.7407 0.0000
vt 0.3751 0.7371 0.0000
vt 0.3606 0.7269 0.0000
vt 0.3674 0.7218 0.0000
vt 0.3785 0.7142 0.0000
vt 0.3583 0.7089 0.0000
vt 0.3682 0.6986 0.0000
vt 0.3842 0.6878 0.0000
vt 0.3478 0.6986 0.0000
vt 0.3421 0.7067 0.0000
vt 0.3337 0.7016 0.0000
vt 0.3371 0.6917 0.0000
vt 0.3522 0.7159 0.0000
vt 0.3487 0.7207 0.0000
vt 0.3406 0.7135 0.0000
vt 0.3568 0.7306 0.0000
vt 0.3546 0.7339 0.0000
vt 0.3471 0.7247 0.0000
vt 0.3608 0.7449 0.0000
vt 0.3562 0.7474 0.0000
vt 0.3503 0.7376 0.0000
vt 0.3599 0.7585 0.0000
vt 0.3565 0.7594 0.0000
vt 0.3528 0.7492 0.0000
vt 0.3580 0.7705 0.0000
vt 0.0279 0.3799 0.0000
vt 0.0223 0.3886 0.0000
vt 0.0168 0.3860 0.0000
vt 0.0232 0.3760 0.0000
vt 0.0315 0.3678 0.0000
vt 0.0353 0.3726 0.0000
vt 0.8970 0.0249 0.0000
vt 0.9035 0.0141 0.0000
vt 0.8921 0.0227 0.0000
vt 0.8964 0.0106 0.0000
vt 0.9211 0.0392 0.0000
vt 0.9085 0.0419 0.0000
vt 0.0172 0.4078 0.0000
vt 0.0111 0.4079 0.0000
vt 0.0128 0.3968 0.0000
vt 0.0187 0.3981 0.0000
vt 0.0174 0.4170 0.0000
vt 0.0115 0.4183 0.0000
vt 0.3406 0.7331 0.0000
vt 0.3432 0.7295 0.0000
vt 0.3472 0.7403 0.0000
vt 0.3334 0.7276 0.0000
vt 0.3355 0.7235 0.0000
vt 0.3386 0.7175 0.0000
vt 0.3277 0.7194 0.0000
vt 0.3299 0.7129 0.0000
vt 0.3327 0.7092 0.0000
vt 0.3215 0.7097 0.0000
vt 0.3236 0.7061 0.0000
vt 0.3239 0.6973 0.0000
vt 0.3143 0.7045 0.0000
vt 0.3143 0.6952 0.0000
vt 0.3151 0.6868 0.0000
vt 0.3258 0.6881 0.0000
vt 0.3052 0.6942 0.0000
vt 0.3055 0.6864 0.0000
vt 0.3060 0.6778 0.0000
vt 0.2960 0.6941 0.0000
vt 0.2953 0.6865 0.0000
vt 0.2950 0.6787 0.0000
vt 0.2852 0.6874 0.0000
vt 0.2840 0.6794 0.0000
vt 0.2844 0.6715 0.0000
vt 0.2954 0.6712 0.0000
vt 0.3065 0.6704 0.0000
vt 0.2861 0.6640 0.0000
vt 0.2972 0.6642 0.0000
vt 0.3072 0.6638 0.0000
vt 0.2886 0.6581 0.0000
vt 0.2967 0.6590 0.0000
vt 0.3073 0.6569 0.0000
vt 0.3143 0.6532 0.0000
vt 0.3200 0.6477 0.0000
vt 0.3240 0.6408 0.0000
vt 0.3280 0.6431 0.0000
vt 0.3262 0.6262 0.0000
vt 0.3328 0.6254 0.0000
vt 0.3321 0.6338 0.0000
vt 0.3262 0.6329 0.0000
vt 0.3409 0.6295 0.0000
vt 0.3337 0.6469 0.0000
vt 0.3374 0.6142 0.0000
vt 0.3441 0.6094 0.0000
vt 0.3316 0.6048 0.0000
vt 0.3579 0.6023 0.0000
vt 0.3758 0.5975 0.0000
vt 0.3894 0.5570 0.0000
vt 0.3978 0.5900 0.0000
vt 0.4035 0.6125 0.0000
vt 0.4207 0.5843 0.0000
vt 0.4258 0.6069 0.0000
vt 0.4093 0.6344 0.0000
vt 0.4438 0.5789 0.0000
vt 0.4486 0.6017 0.0000
vt 0.4135 0.5505 0.0000
vt 0.4371 0.5447 0.0000
vt 0.4439 0.4571 0.0000
vt 0.4479 0.4568 0.0000
vt 0.4443 0.4895 0.0000
vt 0.4494 0.4246 0.0000
vt 0.4869 0.4268 0.0000
vt 0.5179 0.4292 0.0000
vt 0.4939 0.4063 0.0000
vt 0.5224 0.4091 0.0000
vt 0.5507 0.4117 0.0000
vt 0.5469 0.4314 0.0000
vt 0.5789 0.4138 0.0000
vt 0.5757 0.4330 0.0000
vt 0.6076 0.4153 0.0000
vt 0.5826 0.3947 0.0000
vt 0.6108 0.3969 0.0000
vt 0.6396 0.3984 0.0000
vt 0.6161 0.3692 0.0000
vt 0.6442 0.3717 0.0000
vt 0.6728 0.3735 0.0000
vt 0.6772 0.3473 0.0000
vt 0.7063 0.3490 0.0000
vt 0.6820 0.3199 0.0000
vt 0.7097 0.3207 0.0000
vt 0.7391 0.3187 0.0000
vt 0.7679 0.3123 0.0000
vt 0.7991 0.2998 0.0000
vt 0.8160 0.2934 0.0000
vt 0.8200 0.3179 0.0000
vt 0.8013 0.3286 0.0000
vt 0.8397 0.2882 0.0000
vt 0.8522 0.3024 0.0000
vt 0.8356 0.3099 0.0000
vt 0.8548 0.3123 0.0000
vt 0.8381 0.3214 0.0000
vt 0.8225 0.3310 0.0000
vt 0.8697 0.2783 0.0000
vt 0.8308 0.2558 0.0000
vt 0.8636 0.2470 0.0000
vt 0.8953 0.2399 0.0000
vt 0.9248 0.2343 0.0000
vt 0.1568 0.3385 0.0000
vt 0.1393 0.3348 0.0000
vt 0.1745 0.3423 0.0000
vt 0.1934 0.3461 0.0000
vt 0.1922 0.3904 0.0000
vt 0.2152 0.3937 0.0000
vt 0.2139 0.4280 0.0000
vt 0.1900 0.4243 0.0000
vt 0.2092 0.4628 0.0000
vt 0.1850 0.4582 0.0000
vt 0.2010 0.4983 0.0000
vt 0.1770 0.4920 0.0000
vt 0.1550 0.4851 0.0000
vt 0.1697 0.5145 0.0000
vt 0.1483 0.5060 0.0000
vt 0.1276 0.4971 0.0000
vt 0.1066 0.4878 0.0000
vt 0.1404 0.5264 0.0000
vt 0.1614 0.5364 0.0000
vt 0.1524 0.5581 0.0000
vt 0.1316 0.5473 0.0000
vt 0.1428 0.5803 0.0000
vt 0.1217 0.5694 0.0000
vt 0.1328 0.6020 0.0000
vt 0.1112 0.5915 0.0000
vt 0.1217 0.6222 0.0000
vt 0.1002 0.6130 0.0000
vt 0.0785 0.6038 0.0000
vt 0.0891 0.6344 0.0000
vt 0.0673 0.6259 0.0000
vt 0.0450 0.6172 0.0000
vt 0.0565 0.5944 0.0000
vt 0.0565 0.6477 0.0000
vt 0.0343 0.6402 0.0000
vt 0.9650 0.5257 0.0000
vt 0.9612 0.5264 0.0000
vt 0.9580 0.5039 0.0000
vt 0.9618 0.5031 0.0000
vt 0.9342 0.5310 0.0000
vt 0.9322 0.5098 0.0000
vt 0.9063 0.5348 0.0000
vt 0.9054 0.5151 0.0000
vt 0.8776 0.5375 0.0000
vt 0.8774 0.5192 0.0000
vt 0.8771 0.5012 0.0000
vt 0.8488 0.5220 0.0000
vt 0.8499 0.5050 0.0000
vt 0.8508 0.4883 0.0000
vt 0.8260 0.4890 0.0000
vt 0.8027 0.4859 0.0000
vt 0.7826 0.4803 0.0000
vt 0.8491 0.5395 0.0000
vt 0.8779 0.5563 0.0000
vt 0.8504 0.5582 0.0000
vt 0.8254 0.5615 0.0000
vt 0.8514 0.5781 0.0000
vt 0.8279 0.5813 0.0000
vt 0.8089 0.5856 0.0000
vt 0.8041 0.5663 0.0000
vt 0.7929 0.5909 0.0000
vt 0.7868 0.5733 0.0000
vt 0.7720 0.5819 0.0000
vt 0.7620 0.5679 0.0000
vt 0.7498 0.5558 0.0000
vt 0.7583 0.5918 0.0000
vt 0.7482 0.5807 0.0000
vt 0.7369 0.5708 0.0000
vt 0.7250 0.5625 0.0000
vt 0.7364 0.5458 0.0000
vt 0.7258 0.6745 0.0000
vt 0.7451 0.6851 0.0000
vt 0.7358 0.7011 0.0000
vt 0.7189 0.6934 0.0000
vt 0.7002 0.6886 0.0000
vt 0.7040 0.6676 0.0000
vt 0.6801 0.6861 0.0000
vt 0.6802 0.6659 0.0000
vt 0.7138 0.7123 0.0000
vt 0.6970 0.7084 0.0000
vt 0.6790 0.7068 0.0000
vt 0.6610 0.7075 0.0000
vt 0.6591 0.6880 0.0000
vt 0.6947 0.7255 0.0000
vt 0.6794 0.7241 0.0000
vt 0.6621 0.7255 0.0000
vt 0.6467 0.7301 0.0000
vt 0.6427 0.7113 0.0000
vt 0.6247 0.7182 0.0000
vt 0.6175 0.7024 0.0000
vt 0.6380 0.6934 0.0000
vt 0.6321 0.7366 0.0000
vt 0.6179 0.7456 0.0000
vt 0.6081 0.7278 0.0000
vt 0.5933 0.7393 0.0000
vt 0.5812 0.7272 0.0000
vt 0.5984 0.7140 0.0000
vt 0.6068 0.7553 0.0000
vt 0.5963 0.7665 0.0000
vt 0.5808 0.7518 0.0000
vt 0.5709 0.7649 0.0000
vt 0.5557 0.7557 0.0000
vt 0.5669 0.7412 0.0000
vt 0.5887 0.7771 0.0000
vt 0.5831 0.7873 0.0000
vt 0.5634 0.7787 0.0000
vt 0.5582 0.7928 0.0000
vt 0.5412 0.7862 0.0000
vt 0.5472 0.7706 0.0000
vt 0.5788 0.7988 0.0000
vt 0.5756 0.8112 0.0000
vt 0.5550 0.8081 0.0000
vt 0.5559 0.8240 0.0000
vt 0.5350 0.8214 0.0000
vt 0.5372 0.8030 0.0000
vt 0.5744 0.8243 0.0000
vt 0.5754 0.8384 0.0000
vt 0.5574 0.8411 0.0000
vt 0.5605 0.8571 0.0000
vt 0.5785 0.8521 0.0000
vt 0.5829 0.8630 0.0000
vt 0.5660 0.8701 0.0000
vt 0.5879 0.8729 0.0000
vt 0.5728 0.8821 0.0000
vt 0.5541 0.8933 0.0000
vt 0.5375 0.9042 0.0000
vt 0.5814 0.8942 0.0000
vt 0.5664 0.9064 0.0000
vt 0.5528 0.9189 0.0000
vt 0.5405 0.9324 0.0000
vt 0.5228 0.9174 0.0000
vt 0.5801 0.9182 0.0000
vt 0.5693 0.9317 0.0000
vt 0.5595 0.9457 0.0000
vt 0.5497 0.9604 0.0000
vt 0.5282 0.9473 0.0000
vt 0.5874 0.9427 0.0000
vt 0.5799 0.9569 0.0000
vt 0.5724 0.9714 0.0000
vt 0.5706 0.9748 0.0000
vt 0.5476 0.9636 0.0000
vt 0.6015 0.9659 0.0000
vt 0.5960 0.9804 0.0000
vt 0.5945 0.9839 0.0000
vt 0.3180 0.9569 0.0000
vt 0.3411 0.9468 0.0000
vt 0.3488 0.9640 0.0000
vt 0.3240 0.9751 0.0000
vt 0.6203 0.9872 0.0000
vt 0.6193 0.9909 0.0000
vt 0.2984 0.9834 0.0000
vt 0.2943 0.9641 0.0000
vt 0.2901 0.9456 0.0000
vt 0.3120 0.9394 0.0000
vt 0.2721 0.9886 0.0000
vt 0.2699 0.9685 0.0000
vt 0.2677 0.9492 0.0000
vt 0.2655 0.9293 0.0000
vt 0.2857 0.9268 0.0000
vt 0.2453 0.9702 0.0000
vt 0.2450 0.9502 0.0000
vt 0.2449 0.9295 0.0000
vt 0.2452 0.9080 0.0000
vt 0.2636 0.9087 0.0000
vt 0.2224 0.9486 0.0000
vt 0.2246 0.9273 0.0000
vt 0.2270 0.9051 0.0000
vt 0.2314 0.8832 0.0000
vt 0.2476 0.8872 0.0000
vt 0.2045 0.9229 0.0000
vt 0.2095 0.9003 0.0000
vt 0.2166 0.8775 0.0000
vt 0.2292 0.8575 0.0000
vt 0.2417 0.8633 0.0000
vt 0.1926 0.8932 0.0000
vt 0.2027 0.8707 0.0000
vt 0.2173 0.8511 0.0000
vt 0.2324 0.8367 0.0000
vt 0.2419 0.8429 0.0000
vt 0.1894 0.8616 0.0000
vt 0.2070 0.8433 0.0000
vt 0.2238 0.8301 0.0000
vt 0.2375 0.8205 0.0000
vt 0.2443 0.8267 0.0000
vt 0.1984 0.8353 0.0000
vt 0.2167 0.8229 0.0000
vt 0.2314 0.8139 0.0000
vt 0.2430 0.8075 0.0000
vt 0.2478 0.8138 0.0000
vt 0.2109 0.8149 0.0000
vt 0.2268 0.8064 0.0000
vt 0.2393 0.8008 0.0000
vt 0.2506 0.7963 0.0000
vt 0.2537 0.8020 0.0000
vt 0.2230 0.7978 0.0000
vt 0.2365 0.7932 0.0000
vt 0.2484 0.7899 0.0000
vt 0.2585 0.7873 0.0000
vt 0.2604 0.7926 0.0000
vt 0.2348 0.7853 0.0000
vt 0.2468 0.7836 0.0000
vt 0.2569 0.7820 0.0000
vt 0.1084 0.4330 0.0000
vt 0.1105 0.4281 0.0000
vt 0.1161 0.4306 0.0000
vt 0.1138 0.4362 0.0000
vt 0.2463 0.7768 0.0000
vt 0.2563 0.7764 0.0000
vt 0.1104 0.4412 0.0000
vt 0.1055 0.4375 0.0000
vt 0.8653 0.0627 0.0000
vt 0.8534 0.0729 0.0000
vt 0.1069 0.4461 0.0000
vt 0.1024 0.4419 0.0000
vt 0.8672 0.0647 0.0000
vt 0.8653 0.0667 0.0000
vt 0.8565 0.0761 0.0000
vt 0.8693 0.0664 0.0000
vt 0.8600 0.0790 0.0000
vt 0.8716 0.0679 0.0000
vt 0.8639 0.0814 0.0000
vt 0.8740 0.0691 0.0000
vt 0.8678 0.0833 0.0000
vt 0.8765 0.0700 0.0000
vt 0.8720 0.0848 0.0000
vt 0.8791 0.0707 0.0000
vt 0.8763 0.0858 0.0000
vt 0.8819 0.0711 0.0000
vt 0.8807 0.0862 0.0000
vt 0.8846 0.0713 0.0000
vt 0.8851 0.0863 0.0000
vt 0.8873 0.0709 0.0000
vt 0.8895 0.0857 0.0000
vt 0.8900 0.0706 0.0000
vt 0.8938 0.0848 0.0000
vt 0.8926 0.0696 0.0000
vt 0.8978 0.0834 0.0000
vt 0.8952 0.0687 0.0000
vt 0.9019 0.0815 0.0000
vt 0.8976 0.0671 0.0000
vt 0.9056 0.0791 0.0000
vt 0.9001 0.0655 0.0000
vt 0.9092 0.0762 0.0000
vt 0.9022 0.0633 0.0000
vt 0.9122 0.0730 0.0000
vt 0.9043 0.0609 0.0000
vt 0.9151 0.0695 0.0000
vt 0.9060 0.0580 0.0000
vt 0.9180 0.0643 0.0000
vt 0.9074 0.0547 0.0000
vt 0.9203 0.0587 0.0000
vt 0.9086 0.0511 0.0000
vt 0.9216 0.0526 0.0000
vt 0.9090 0.0467 0.0000
vt 0.9219 0.0463 0.0000
vt 0.0222 0.4320 0.0000
vt 0.0170 0.4354 0.0000
vt 0.0134 0.4277 0.0000
vt 0.0191 0.4253 0.0000
vt 0.0257 0.4380 0.0000
vt 0.0211 0.4420 0.0000
vt 0.3192 0.7220 0.0000
vt 0.3202 0.7168 0.0000
vt 0.3262 0.7243 0.0000
vt 0.3125 0.7206 0.0000
vt 0.3128 0.7151 0.0000
vt 0.3132 0.7079 0.0000
vt 0.3058 0.7147 0.0000
vt 0.3054 0.7071 0.0000
vt 0.3063 0.7035 0.0000
vt 0.2978 0.7074 0.0000
vt 0.2978 0.7038 0.0000
vt 0.2903 0.7085 0.0000
vt 0.2892 0.7045 0.0000
vt 0.2870 0.6951 0.0000
vt 0.2810 0.7069 0.0000
vt 0.2782 0.6969 0.0000
vt 0.2756 0.6888 0.0000
vt 0.2699 0.6996 0.0000
vt 0.2740 0.6803 0.0000
vt 0.2745 0.6718 0.0000
vt 0.2738 0.7099 0.0000
vt 0.2665 0.7103 0.0000
vt 0.2617 0.7032 0.0000
vt 0.2598 0.7143 0.0000
vt 0.2540 0.7079 0.0000
vt 0.2533 0.7191 0.0000
vt 0.2465 0.7132 0.0000
vt 0.2397 0.7070 0.0000
vt 0.2394 0.7190 0.0000
vt 0.2317 0.7132 0.0000
vt 0.2254 0.7073 0.0000
vt 0.2335 0.7010 0.0000
vt 0.2205 0.7016 0.0000
vt 0.2282 0.6958 0.0000
vt 0.2163 0.6959 0.0000
vt 0.2231 0.6908 0.0000
vt 0.2289 0.6849 0.0000
vt 0.2187 0.6865 0.0000
vt 0.2231 0.6813 0.0000
vt 0.2264 0.6754 0.0000
vt 0.2335 0.6786 0.0000
vt 0.2283 0.6699 0.0000
vt 0.2361 0.6722 0.0000
vt 0.2292 0.6648 0.0000
vt 0.2375 0.6659 0.0000
vt 0.2468 0.6664 0.0000
vt 0.2377 0.6594 0.0000
vt 0.2476 0.6593 0.0000
vt 0.2368 0.6531 0.0000
vt 0.2473 0.6527 0.0000
vt 0.2347 0.6465 0.0000
vt 0.2458 0.6460 0.0000
vt 0.2581 0.6450 0.0000
vt 0.2563 0.6385 0.0000
vt 0.2666 0.6377 0.0000
vt 0.2686 0.6425 0.0000
vt 0.3156 0.6058 0.0000
vt 0.3071 0.6006 0.0000
vt 0.3102 0.5955 0.0000
vt 0.3200 0.6023 0.0000
vt 0.3264 0.6089 0.0000
vt 0.3213 0.6124 0.0000
vt 0.2653 0.6266 0.0000
vt 0.2653 0.6323 0.0000
vt 0.2549 0.6321 0.0000
vt 0.2548 0.6251 0.0000
vt 0.2564 0.6186 0.0000
vt 0.2662 0.6209 0.0000
vt 0.2446 0.6149 0.0000
vt 0.2501 0.6065 0.0000
vt 0.2601 0.6116 0.0000
vt 0.2683 0.6153 0.0000
vt 0.2582 0.5988 0.0000
vt 0.2658 0.6052 0.0000
vt 0.2720 0.6091 0.0000
vt 0.2699 0.5906 0.0000
vt 0.2731 0.5984 0.0000
vt 0.2768 0.6043 0.0000
vt 0.2840 0.5861 0.0000
vt 0.2848 0.5935 0.0000
vt 0.2860 0.5997 0.0000
vt 0.2964 0.5933 0.0000
vt 0.2947 0.5856 0.0000
vt 0.3133 0.5902 0.0000
vt 0.2965 0.5982 0.0000
vt 0.3245 0.5972 0.0000
vt 0.2499 0.5911 0.0000
vt 0.2404 0.5820 0.0000
vt 0.2600 0.5706 0.0000
vt 0.2671 0.5839 0.0000
vt 0.2298 0.5948 0.0000
vt 0.2195 0.5888 0.0000
vt 0.2399 0.6006 0.0000
vt 0.2332 0.6109 0.0000
vt 0.2225 0.6068 0.0000
vt 0.2111 0.6034 0.0000
vt 0.2048 0.6145 0.0000
vt 0.1982 0.6006 0.0000
vt 0.2015 0.6212 0.0000
vt 0.1987 0.6267 0.0000
vt 0.1876 0.6271 0.0000
vt 0.2286 0.6535 0.0000
vt 0.2268 0.6477 0.0000
vt 0.2294 0.6593 0.0000
vt 0.1591 0.6609 0.0000
vt 0.1528 0.6612 0.0000
vt 0.1546 0.6531 0.0000
vt 0.1600 0.6534 0.0000
vt 0.1597 0.6426 0.0000
vt 0.1628 0.6461 0.0000
vt 0.1453 0.6526 0.0000
vt 0.1311 0.6497 0.0000
vt 0.1107 0.6430 0.0000
vt 0.0782 0.6557 0.0000
vt 0.0681 0.6770 0.0000
vt 0.0467 0.6704 0.0000
vt 0.0595 0.6988 0.0000
vt 0.0383 0.6939 0.0000
vt 0.0165 0.6891 0.0000
vt 0.0247 0.6641 0.0000
vt 0.9676 0.5731 0.0000
vt 0.9637 0.5732 0.0000
vt 0.9634 0.5494 0.0000
vt 0.9672 0.5490 0.0000
vt 0.9354 0.5739 0.0000
vt 0.9352 0.5522 0.0000
vt 0.9065 0.5750 0.0000
vt 0.9066 0.5545 0.0000
vt 0.8780 0.5762 0.0000
vt 0.9052 0.5965 0.0000
vt 0.8763 0.5970 0.0000
vt 0.8499 0.5987 0.0000
vt 0.8601 0.7539 0.0000
vt 0.8869 0.7622 0.0000
vt 0.8376 0.7464 0.0000
vt 0.8279 0.6013 0.0000
vt 0.8103 0.7576 0.0000
vt 0.8199 0.7404 0.0000
vt 0.8110 0.6043 0.0000
vt 0.7977 0.7510 0.0000
vt 0.8047 0.7358 0.0000
vt 0.7968 0.6079 0.0000
vt 0.7953 0.7719 0.0000
vt 0.7882 0.7613 0.0000
vt 0.7798 0.7507 0.0000
vt 0.7730 0.7734 0.0000
vt 0.7662 0.7649 0.0000
vt 0.7582 0.7565 0.0000
vt 0.7701 0.7407 0.0000
vt 0.7580 0.7316 0.0000
vt 0.7481 0.7487 0.0000
vt 0.7369 0.7421 0.0000
vt 0.7446 0.7241 0.0000
vt 0.7296 0.7179 0.0000
vt 0.7509 0.7109 0.0000
vt 0.7228 0.7363 0.0000
vt 0.7095 0.7296 0.0000
vt 0.7606 0.6987 0.0000
vt 0.7791 0.7827 0.0000
vt 0.7838 0.7913 0.0000
vt 0.7880 0.8016 0.0000
vt 0.7918 0.8173 0.0000
vt 0.8114 0.8324 0.0000
vt 0.7930 0.8317 0.0000
vt 0.8098 0.8487 0.0000
vt 0.7919 0.8453 0.0000
vt 0.8061 0.8643 0.0000
vt 0.7889 0.8580 0.0000
vt 0.8000 0.8786 0.0000
vt 0.7843 0.8697 0.0000
vt 0.7902 0.8916 0.0000
vt 0.7772 0.8815 0.0000
vt 0.7782 0.9036 0.0000
vt 0.7675 0.8931 0.0000
vt 0.7641 0.9143 0.0000
vt 0.7562 0.9035 0.0000
vt 0.7484 0.9236 0.0000
vt 0.7429 0.9131 0.0000
vt 0.7310 0.9310 0.0000
vt 0.7273 0.9211 0.0000
vt 0.7124 0.9361 0.0000
vt 0.7099 0.9266 0.0000
vt 0.6930 0.9386 0.0000
vt 0.6920 0.9289 0.0000
vt 0.6733 0.9400 0.0000
vt 0.6739 0.9309 0.0000
vt 0.6536 0.9383 0.0000
vt 0.6563 0.9295 0.0000
vt 0.6356 0.9326 0.0000
vt 0.6394 0.9232 0.0000
vt 0.6194 0.9248 0.0000
vt 0.6254 0.9150 0.0000
vt 0.6047 0.9157 0.0000
vt 0.6134 0.9057 0.0000
vt 0.5921 0.9054 0.0000
vt 0.6032 0.8950 0.0000
vt 0.5940 0.8837 0.0000
vt 0.5956 0.9288 0.0000
vt 0.6126 0.9380 0.0000
vt 0.6068 0.9517 0.0000
vt 0.6313 0.9452 0.0000
vt 0.6275 0.9586 0.0000
vt 0.6240 0.9726 0.0000
vt 0.6492 0.9632 0.0000
vt 0.6473 0.9769 0.0000
vt 0.6453 0.9915 0.0000
vt 0.6447 0.9953 0.0000
vt 0.6711 0.9786 0.0000
vt 0.6707 0.9928 0.0000
vt 0.6706 0.9966 0.0000
vt 0.2454 0.9906 0.0000
vt 0.6961 0.9918 0.0000
vt 0.6963 0.9956 0.0000
vt 0.2183 0.9895 0.0000
vt 0.2203 0.9690 0.0000
vt 0.1912 0.9857 0.0000
vt 0.1956 0.9648 0.0000
vt 0.1999 0.9443 0.0000
vt 0.1712 0.9578 0.0000
vt 0.1779 0.9375 0.0000
vt 0.1851 0.9161 0.0000
vt 0.1568 0.9280 0.0000
vt 0.1666 0.9069 0.0000
vt 0.1768 0.8843 0.0000
vt 0.1493 0.8957 0.0000
vt 0.1623 0.8734 0.0000
vt 0.1781 0.8518 0.0000
vt 0.1499 0.8611 0.0000
vt 0.1696 0.8416 0.0000
vt 0.1913 0.8268 0.0000
vt 0.1868 0.8179 0.0000
vt 0.2065 0.8060 0.0000
vt 0.1841 0.8082 0.0000
vt 0.1334 0.8825 0.0000
vt 0.1369 0.9160 0.0000
vt 0.1185 0.9018 0.0000
vt 0.1020 0.8858 0.0000
vt 0.1046 0.9196 0.0000
vt 0.0860 0.9021 0.0000
vt 0.0698 0.8829 0.0000
vt 0.0878 0.8687 0.0000
vt 0.0561 0.8622 0.0000
vt 0.0754 0.8507 0.0000
vt 0.0450 0.8402 0.0000
vt 0.0649 0.8317 0.0000
vt 0.0858 0.8226 0.0000
vt 0.1052 0.8126 0.0000
vt 0.0568 0.8111 0.0000
vt 0.0773 0.8053 0.0000
vt 0.0967 0.7987 0.0000
vt 0.1105 0.7915 0.0000
vt 0.1185 0.8024 0.0000
vt 0.0717 0.7859 0.0000
vt 0.0907 0.7821 0.0000
vt 0.1052 0.7779 0.0000
vt 0.1177 0.7733 0.0000
vt 0.1228 0.7830 0.0000
vt 0.0884 0.7643 0.0000
vt 0.1024 0.7633 0.0000
vt 0.1152 0.7614 0.0000
vt 0.1032 0.7472 0.0000
vt 0.1155 0.7486 0.0000
vt 0.1242 0.7499 0.0000
vt 0.1242 0.7596 0.0000
vt 0.1189 0.7363 0.0000
vt 0.1271 0.7401 0.0000
vt 0.1250 0.7256 0.0000
vt 0.1322 0.7321 0.0000
vt 0.1312 0.7765 0.0000
vt 0.1268 0.7691 0.0000
vt 0.1371 0.7824 0.0000
vt 0.1298 0.7909 0.0000
vt 0.1386 0.7962 0.0000
vt 0.1503 0.7986 0.0000
vt 0.1616 0.7983 0.0000
vt 0.1586 0.7903 0.0000
vt 0.1650 0.7896 0.0000
vt 0.1711 0.7879 0.0000
vt 0.1768 0.7850 0.0000
vt 0.1838 0.7794 0.0000
vt 0.1886 0.7727 0.0000
vt 0.1916 0.7652 0.0000
vt 0.1991 0.7677 0.0000
vt 0.1932 0.7571 0.0000
vt 0.2021 0.7572 0.0000
vt 0.1927 0.7484 0.0000
vt 0.1904 0.7405 0.0000
vt 0.1877 0.7352 0.0000
vt 0.1840 0.7304 0.0000
vt 0.1797 0.7267 0.0000
vt 0.1750 0.7236 0.0000
vt 0.1701 0.7214 0.0000
vt 0.1751 0.7076 0.0000
vt 0.1644 0.7199 0.0000
vt 0.1806 0.6941 0.0000
vt 0.1588 0.7196 0.0000
vt 0.1520 0.7202 0.0000
vt 0.1454 0.7222 0.0000
vt 0.1423 0.7115 0.0000
vt 0.1331 0.7171 0.0000
vt 0.1074 0.7317 0.0000
vt 0.0894 0.7464 0.0000
vt 0.0943 0.7285 0.0000
vt 0.0699 0.7452 0.0000
vt 0.0740 0.7245 0.0000
vt 0.0495 0.7440 0.0000
vt 0.0533 0.7212 0.0000
vt 0.0287 0.7430 0.0000
vt 0.0322 0.7182 0.0000
vt 0.0068 0.7423 0.0000
vt 0.0102 0.7152 0.0000
vt 0.9615 0.8152 0.0000
vt 0.9580 0.8134 0.0000
vt 0.9692 0.7912 0.0000
vt 0.9728 0.7928 0.0000
vt 0.9662 0.5978 0.0000
vt 0.9623 0.5977 0.0000
vt 0.9325 0.8019 0.0000
vt 0.9430 0.7809 0.0000
vt 0.9341 0.5967 0.0000
vt 0.9046 0.7907 0.0000
vt 0.9153 0.7714 0.0000
vt 0.9207 0.8217 0.0000
vt 0.8918 0.8087 0.0000
vt 0.9086 0.8400 0.0000
vt 0.8805 0.8249 0.0000
vt 0.8962 0.8577 0.0000
vt 0.8716 0.8418 0.0000
vt 0.8409 0.8350 0.0000
vt 0.8623 0.8607 0.0000
vt 0.8361 0.8536 0.0000
vt 0.8504 0.8801 0.0000
vt 0.8290 0.8713 0.0000
vt 0.8348 0.8985 0.0000
vt 0.8181 0.8884 0.0000
vt 0.8180 0.9146 0.0000
vt 0.8046 0.9032 0.0000
vt 0.8001 0.9285 0.0000
vt 0.7894 0.9161 0.0000
vt 0.7810 0.9401 0.0000
vt 0.7727 0.9271 0.0000
vt 0.7607 0.9495 0.0000
vt 0.7546 0.9363 0.0000
vt 0.7394 0.9568 0.0000
vt 0.7355 0.9436 0.0000
vt 0.7172 0.9617 0.0000
vt 0.7150 0.9486 0.0000
vt 0.6945 0.9643 0.0000
vt 0.6939 0.9512 0.0000
vt 0.6717 0.9650 0.0000
vt 0.6725 0.9520 0.0000
vt 0.6513 0.9501 0.0000
vt 0.6951 0.9778 0.0000
vt 0.7192 0.9751 0.0000
vt 0.7214 0.9888 0.0000
vt 0.7220 0.9926 0.0000
vt 0.7430 0.9701 0.0000
vt 0.7466 0.9839 0.0000
vt 0.7476 0.9875 0.0000
vt 0.1645 0.9785 0.0000
vt 0.7716 0.9765 0.0000
vt 0.7729 0.9801 0.0000
vt 0.1386 0.9679 0.0000
vt 0.1476 0.9477 0.0000
vt 0.1139 0.9541 0.0000
vt 0.1253 0.9349 0.0000
vt 0.0908 0.9375 0.0000
vt 0.7976 0.9703 0.0000
vt 0.7959 0.9668 0.0000
vt 0.8194 0.9551 0.0000
vt 0.8214 0.9584 0.0000
vt 0.8416 0.9417 0.0000
vt 0.8438 0.9448 0.0000
vt 0.0701 0.9183 0.0000
vt 0.8624 0.9269 0.0000
vt 0.8648 0.9299 0.0000
vt 0.0520 0.8970 0.0000
vt 0.8818 0.9108 0.0000
vt 0.8844 0.9135 0.0000
vt 0.0368 0.8739 0.0000
vt 0.8998 0.8933 0.0000
vt 0.9026 0.8959 0.0000
vt 0.0246 0.8492 0.0000
vt 0.9163 0.8749 0.0000
vt 0.9193 0.8773 0.0000
vt 0.0154 0.8234 0.0000
vt 0.0366 0.8171 0.0000
vt 0.0094 0.7969 0.0000
vt 0.0310 0.7929 0.0000
vt 0.0513 0.7894 0.0000
vt 0.0282 0.7681 0.0000
vt 0.0488 0.7668 0.0000
vt 0.0692 0.7657 0.0000
vt 0.0065 0.7698 0.0000
vt 0.9347 0.8576 0.0000
vt 0.9315 0.8555 0.0000
vt 0.9454 0.8350 0.0000
vt 0.9488 0.8369 0.0000
vt 0.8822 0.8761 0.0000
vt 0.8662 0.8942 0.0000
vt 0.8486 0.9112 0.0000
vt 0.8300 0.9271 0.0000
vt 0.8101 0.9413 0.0000
vt 0.7887 0.9532 0.0000
vt 0.7663 0.9628 0.0000
vt 0.1385 0.7261 0.0000
vt 0.2149 0.7584 0.0000
vt 0.2108 0.7687 0.0000
vt 0.2261 0.7600 0.0000
vt 0.2233 0.7685 0.0000
vt 0.2291 0.7518 0.0000
vt 0.2390 0.7547 0.0000
vt 0.2368 0.7619 0.0000
vt 0.2325 0.7441 0.0000
vt 0.2417 0.7480 0.0000
vt 0.2509 0.7516 0.0000
vt 0.2487 0.7575 0.0000
vt 0.2367 0.7372 0.0000
vt 0.2450 0.7415 0.0000
vt 0.2536 0.7459 0.0000
vt 0.2609 0.7496 0.0000
vt 0.2589 0.7546 0.0000
vt 0.2489 0.7356 0.0000
vt 0.2568 0.7406 0.0000
vt 0.2635 0.7447 0.0000
vt 0.0806 0.4564 0.0000
vt 0.0855 0.4544 0.0000
vt 0.0879 0.4601 0.0000
vt 0.0824 0.4623 0.0000
vt 0.2607 0.7355 0.0000
vt 0.2668 0.7402 0.0000
vt 0.0766 0.4637 0.0000
vt 0.0754 0.4577 0.0000
vt 0.2651 0.7307 0.0000
vt 0.2702 0.7358 0.0000
vt 0.0707 0.4648 0.0000
vt 0.0701 0.4587 0.0000
vt 0.2699 0.7265 0.0000
vt 0.2745 0.7322 0.0000
vt 0.0646 0.4648 0.0000
vt 0.0648 0.4587 0.0000
vt 0.2750 0.7228 0.0000
vt 0.2788 0.7286 0.0000
vt 0.0586 0.4647 0.0000
vt 0.0594 0.4586 0.0000
vt 0.2804 0.7201 0.0000
vt 0.2837 0.7261 0.0000
vt 0.0529 0.4634 0.0000
vt 0.0542 0.4574 0.0000
vt 0.2861 0.7177 0.0000
vt 0.2886 0.7236 0.0000
vt 0.0471 0.4620 0.0000
vt 0.0490 0.4561 0.0000
vt 0.2925 0.7160 0.0000
vt 0.2943 0.7221 0.0000
vt 0.2990 0.7149 0.0000
vt 0.3001 0.7207 0.0000
vt 0.0414 0.4592 0.0000
vt 0.0357 0.4564 0.0000
vt 0.0389 0.4511 0.0000
vt 0.0439 0.4536 0.0000
vt 0.3063 0.7205 0.0000
vt 0.0306 0.4522 0.0000
vt 0.0343 0.4473 0.0000
vt 0.0256 0.4478 0.0000
vt 0.0298 0.4432 0.0000
vt 0.2832 0.7103 0.0000
vt 0.2765 0.7129 0.0000
vt 0.2703 0.7160 0.0000
vt 0.2644 0.7199 0.0000
vt 0.2588 0.7245 0.0000
vt 0.2535 0.7298 0.0000
vt 0.2472 0.7247 0.0000
vt 0.2416 0.7308 0.0000
vt 0.2326 0.7253 0.0000
vt 0.2238 0.7194 0.0000
vt 0.2174 0.7131 0.0000
vt 0.2126 0.7067 0.0000
vt 0.2091 0.7002 0.0000
vt 0.2066 0.6944 0.0000
vt 0.2130 0.6910 0.0000
vt 0.0902 0.4520 0.0000
vt 0.0946 0.4491 0.0000
vt 0.0981 0.4542 0.0000
vt 0.0932 0.4573 0.0000
vt 0.2573 0.7599 0.0000
vt 0.0986 0.4456 0.0000
vt 0.1026 0.4502 0.0000
vt 0.2564 0.7653 0.0000
vt 0.2473 0.7638 0.0000
vt 0.2558 0.7708 0.0000
vt 0.2464 0.7703 0.0000
vt 0.2352 0.7695 0.0000
vt 0.2345 0.7771 0.0000
vt 0.1443 0.7870 0.0000
vt 0.1525 0.7896 0.0000
vt 0.1527 0.6696 0.0000
vt 0.1598 0.6683 0.0000
vt 0.1683 0.6378 0.0000
vt 0.1765 0.6313 0.0000
vt 0.1925 0.5765 0.0000
vt 0.2077 0.5830 0.0000
vt 0.1732 0.5682 0.0000
vt 0.1830 0.5457 0.0000
vt 0.1929 0.5227 0.0000
vt 0.2284 0.5020 0.0000
vt 0.2353 0.4659 0.0000
vt 0.2630 0.4666 0.0000
vt 0.2580 0.5039 0.0000
vt 0.2915 0.4643 0.0000
vt 0.2910 0.5015 0.0000
vt 0.2902 0.5263 0.0000
vt 0.3210 0.4951 0.0000
vt 0.3228 0.5192 0.0000
vt 0.3488 0.4868 0.0000
vt 0.3516 0.5104 0.0000
vt 0.3749 0.4781 0.0000
vt 0.3781 0.5014 0.0000
vt 0.3819 0.5243 0.0000
vt 0.4031 0.4938 0.0000
vt 0.4068 0.5167 0.0000
vt 0.4310 0.5106 0.0000
vt 0.4274 0.4874 0.0000
vt 0.4480 0.4025 0.0000
vt 0.4652 0.4036 0.0000
vt 0.4456 0.4245 0.0000
vt 0.4513 0.3804 0.0000
vt 0.4737 0.3828 0.0000
vt 0.4998 0.3859 0.0000
vt 0.4823 0.3513 0.0000
vt 0.5079 0.3552 0.0000
vt 0.5343 0.3591 0.0000
vt 0.5271 0.3891 0.0000
vt 0.5613 0.3628 0.0000
vt 0.5547 0.3920 0.0000
vt 0.5886 0.3662 0.0000
vt 0.5952 0.3379 0.0000
vt 0.6221 0.3415 0.0000
vt 0.6494 0.3447 0.0000
vt 0.6284 0.3137 0.0000
vt 0.6549 0.3171 0.0000
vt 0.6626 0.2798 0.0000
vt 0.6883 0.2819 0.0000
vt 0.7142 0.2818 0.0000
vt 0.7410 0.2790 0.0000
vt 0.7690 0.2733 0.0000
vt 0.7989 0.2652 0.0000
vt 0.7980 0.2307 0.0000
vt 0.8268 0.2227 0.0000
vt 0.8562 0.2138 0.0000
vt 0.8850 0.2049 0.0000
vt 0.9132 0.1966 0.0000
vt 0.1595 0.2961 0.0000
vt 0.1431 0.2930 0.0000
vt 0.1758 0.2994 0.0000
vt 0.1934 0.3031 0.0000
vt 0.2141 0.3066 0.0000
vt 0.2151 0.3493 0.0000
vt 0.2386 0.3511 0.0000
vt 0.2394 0.3955 0.0000
vt 0.2624 0.3505 0.0000
vt 0.2641 0.3954 0.0000
vt 0.2646 0.4303 0.0000
vt 0.2388 0.4301 0.0000
vt 0.2908 0.4279 0.0000
vt 0.3166 0.4226 0.0000
vt 0.3190 0.4587 0.0000
vt 0.3454 0.4510 0.0000
vt 0.3707 0.4427 0.0000
vt 0.3950 0.4353 0.0000
vt 0.3997 0.4705 0.0000
vt 0.4190 0.4292 0.0000
vt 0.4240 0.4642 0.0000
vt 0.4578 0.3473 0.0000
vt 0.4660 0.3143 0.0000
vt 0.4907 0.3196 0.0000
vt 0.5161 0.3246 0.0000
vt 0.5420 0.3293 0.0000
vt 0.5684 0.3338 0.0000
vt 0.5503 0.2999 0.0000
vt 0.5761 0.3050 0.0000
vt 0.6021 0.3096 0.0000
vt 0.5869 0.2669 0.0000
vt 0.6119 0.2721 0.0000
vt 0.6372 0.2764 0.0000
vt 0.6460 0.2393 0.0000
vt 0.6701 0.2425 0.0000
vt 0.6943 0.2440 0.0000
vt 0.7188 0.2436 0.0000
vt 0.7439 0.2414 0.0000
vt 0.7702 0.2371 0.0000
vt 0.7702 0.2014 0.0000
vt 0.7953 0.1958 0.0000
vt 0.8210 0.1883 0.0000
vt 0.8470 0.1795 0.0000
vt 0.8726 0.1696 0.0000
vt 0.8978 0.1594 0.0000
vt 0.1622 0.2538 0.0000
vt 0.1466 0.2509 0.0000
vt 0.1777 0.2571 0.0000
vt 0.1944 0.2611 0.0000
vt 0.2134 0.2654 0.0000
vt 0.2350 0.2680 0.0000
vt 0.2370 0.3086 0.0000
vt 0.2603 0.3076 0.0000
vt 0.2835 0.3038 0.0000
vt 0.2862 0.3473 0.0000
vt 0.3099 0.3420 0.0000
vt 0.3138 0.3874 0.0000
vt 0.2890 0.3926 0.0000
vt 0.3383 0.3804 0.0000
vt 0.3419 0.4153 0.0000
vt 0.3623 0.3728 0.0000
vt 0.3665 0.4075 0.0000
vt 0.3858 0.3653 0.0000
vt 0.3904 0.4001 0.0000
vt 0.4091 0.3591 0.0000
vt 0.4141 0.3941 0.0000
vt 0.4759 0.2818 0.0000
vt 0.5002 0.2884 0.0000
vt 0.5250 0.2943 0.0000
vt 0.5380 0.2545 0.0000
vt 0.5622 0.2610 0.0000
vt 0.5751 0.2229 0.0000
vt 0.5984 0.2293 0.0000
vt 0.6221 0.2348 0.0000
vt 0.6327 0.1979 0.0000
vt 0.6549 0.2024 0.0000
vt 0.6773 0.2054 0.0000
vt 0.6998 0.2068 0.0000
vt 0.7226 0.2066 0.0000
vt 0.7460 0.2048 0.0000
vt 0.7470 0.1686 0.0000
vt 0.7684 0.1656 0.0000
vt 0.7905 0.1606 0.0000
vt 0.8128 0.1536 0.0000
vt 0.8351 0.1447 0.0000
vt 0.8570 0.1344 0.0000
vt 0.8786 0.1232 0.0000
vt 0.1660 0.2118 0.0000
vt 0.1513 0.2087 0.0000
vt 0.1808 0.2156 0.0000
vt 0.1968 0.2200 0.0000
vt 0.2142 0.2249 0.0000
vt 0.2338 0.2287 0.0000
vt 0.2535 0.2278 0.0000
vt 0.2576 0.2671 0.0000
vt 0.2797 0.2619 0.0000
vt 0.3007 0.2547 0.0000
vt 0.3061 0.2979 0.0000
vt 0.3281 0.2908 0.0000
vt 0.3333 0.3351 0.0000
vt 0.3495 0.2832 0.0000
vt 0.3564 0.3276 0.0000
vt 0.3790 0.3198 0.0000
vt 0.4017 0.3135 0.0000
vt 0.4910 0.2395 0.0000
vt 0.5142 0.2473 0.0000
vt 0.5087 0.1981 0.0000
vt 0.5302 0.2072 0.0000
vt 0.5523 0.2154 0.0000
vt 0.5685 0.1772 0.0000
vt 0.5893 0.1852 0.0000
vt 0.6108 0.1922 0.0000
vt 0.6242 0.1554 0.0000
vt 0.6439 0.1613 0.0000
vt 0.6641 0.1659 0.0000
vt 0.6845 0.1689 0.0000
vt 0.7051 0.1703 0.0000
vt 0.7259 0.1702 0.0000
vt 0.7277 0.1429 0.0000
vt 0.7468 0.1415 0.0000
vt 0.7661 0.1387 0.0000
vt 0.7459 0.1143 0.0000
vt 0.7627 0.1119 0.0000
vt 0.7794 0.1081 0.0000
vt 0.7856 0.1342 0.0000
vt 0.7959 0.1023 0.0000
vt 0.8052 0.1276 0.0000
vt 0.8116 0.0942 0.0000
vt 0.8245 0.1190 0.0000
vt 0.8266 0.0846 0.0000
vt 0.8430 0.1086 0.0000
vt 0.8409 0.0734 0.0000
vt 0.8611 0.0971 0.0000
vt 0.1562 0.1762 0.0000
vt 0.1624 0.1443 0.0000
vt 0.1756 0.1492 0.0000
vt 0.1700 0.1803 0.0000
vt 0.1885 0.1548 0.0000
vt 0.1840 0.1850 0.0000
vt 0.2020 0.1600 0.0000
vt 0.1991 0.1899 0.0000
vt 0.2163 0.1649 0.0000
vt 0.2153 0.1949 0.0000
vt 0.2312 0.1680 0.0000
vt 0.2326 0.1987 0.0000
vt 0.2457 0.1678 0.0000
vt 0.2493 0.1981 0.0000
vt 0.2673 0.1920 0.0000
vt 0.2733 0.2213 0.0000
vt 0.2924 0.2131 0.0000
vt 0.3110 0.2048 0.0000
vt 0.3207 0.2469 0.0000
vt 0.3403 0.2392 0.0000
vt 0.3605 0.2315 0.0000
vt 0.3707 0.2752 0.0000
vt 0.3928 0.2683 0.0000
vt 0.3816 0.2246 0.0000
vt 0.5288 0.1584 0.0000
vt 0.5483 0.1681 0.0000
vt 0.5689 0.1300 0.0000
vt 0.5866 0.1396 0.0000
vt 0.6051 0.1481 0.0000
vt 0.6183 0.1206 0.0000
vt 0.6353 0.1280 0.0000
vt 0.6531 0.1342 0.0000
vt 0.6480 0.1010 0.0000
vt 0.6632 0.1070 0.0000
vt 0.6792 0.1114 0.0000
vt 0.6714 0.1388 0.0000
vt 0.6954 0.1141 0.0000
vt 0.6900 0.1417 0.0000
vt 0.7120 0.1154 0.0000
vt 0.7087 0.1430 0.0000
vt 0.7289 0.1155 0.0000
vt 0.7303 0.0874 0.0000
vt 0.7448 0.0865 0.0000
vt 0.7963 0.0704 0.0000
vt 0.8071 0.0619 0.0000
vt 0.8176 0.0522 0.0000
vt 0.1710 0.1125 0.0000
vt 0.1835 0.1189 0.0000
vt 0.1952 0.1251 0.0000
vt 0.2069 0.1305 0.0000
vt 0.2187 0.1349 0.0000
vt 0.2304 0.1378 0.0000
vt 0.2613 0.1636 0.0000
vt 0.2772 0.1564 0.0000
vt 0.2850 0.1838 0.0000
vt 0.2930 0.1481 0.0000
vt 0.3026 0.1753 0.0000
vt 0.3200 0.1670 0.0000
vt 0.3294 0.1970 0.0000
vt 0.3483 0.1895 0.0000
vt 0.3676 0.1820 0.0000
vt 0.5521 0.1197 0.0000
vt 0.5724 0.0912 0.0000
vt 0.5869 0.1019 0.0000
vt 0.6020 0.1119 0.0000
vt 0.6076 0.0748 0.0000
vt 0.6200 0.0845 0.0000
vt 0.6333 0.0933 0.0000
vt 0.6876 0.0830 0.0000
vt 0.7012 0.0858 0.0000
vt 0.7157 0.0873 0.0000
vt 0.7049 0.0651 0.0000
vt 0.7184 0.0668 0.0000
vt 0.7320 0.0671 0.0000
vt 0.7216 0.0473 0.0000
vt 0.7353 0.0484 0.0000
vt 0.7483 0.0492 0.0000
vt 0.7454 0.0662 0.0000
vt 0.7389 0.0345 0.0000
vt 0.7525 0.0377 0.0000
vt 0.7657 0.0429 0.0000
vt 0.7581 0.0282 0.0000
vt 0.7731 0.0356 0.0000
vt 0.7908 0.0475 0.0000
vt 0.7822 0.0545 0.0000
vt 0.7812 0.0281 0.0000
vt 0.7996 0.0393 0.0000
vt 0.1798 0.0910 0.0000
vt 0.1916 0.0727 0.0000
vt 0.2003 0.0821 0.0000
vt 0.1910 0.0990 0.0000
vt 0.2097 0.0893 0.0000
vt 0.2018 0.1057 0.0000
vt 0.2194 0.0941 0.0000
vt 0.2125 0.1108 0.0000
vt 0.2292 0.0970 0.0000
vt 0.2229 0.1142 0.0000
vt 0.2391 0.0992 0.0000
vt 0.2327 0.1162 0.0000
vt 0.2360 0.0845 0.0000
vt 0.2468 0.0878 0.0000
vt 0.2580 0.0942 0.0000
vt 0.2547 0.0766 0.0000
vt 0.2681 0.0845 0.0000
vt 0.2825 0.0977 0.0000
vt 0.2706 0.1065 0.0000
vt 0.2945 0.1136 0.0000
vt 0.2813 0.1227 0.0000
vt 0.3085 0.1392 0.0000
vt 0.3238 0.1300 0.0000
vt 0.3373 0.1589 0.0000
vt 0.3389 0.1206 0.0000
vt 0.3546 0.1507 0.0000
vt 0.5955 0.0642 0.0000
vt 0.6218 0.0397 0.0000
vt 0.6315 0.0496 0.0000
vt 0.6412 0.0586 0.0000
vt 0.6510 0.0343 0.0000
vt 0.6592 0.0423 0.0000
vt 0.6736 0.0227 0.0000
vt 0.6789 0.0323 0.0000
vt 0.6936 0.0181 0.0000
vt 0.6951 0.0299 0.0000
vt 0.6952 0.0431 0.0000
vt 0.7098 0.0307 0.0000
vt 0.7080 0.0456 0.0000
vt 0.6927 0.0617 0.0000
vt 0.7243 0.0322 0.0000
vt 0.7111 0.0177 0.0000
vt 0.7272 0.0196 0.0000
vt 0.7431 0.0231 0.0000
vt 0.7307 0.0083 0.0000
vt 0.7484 0.0131 0.0000
vt 0.7645 0.0195 0.0000
vt 0.2047 0.0598 0.0000
vt 0.2187 0.0510 0.0000
vt 0.2345 0.0459 0.0000
vt 0.2508 0.0453 0.0000
vt 0.2471 0.0595 0.0000
vt 0.7119 0.0057 0.0000
vt 0.2421 0.0728 0.0000
vt 0.2675 0.0499 0.0000
vt 0.2618 0.0638 0.0000
vt 0.2857 0.0592 0.0000
vt 0.2773 0.0727 0.0000
vt 0.3044 0.0748 0.0000
vt 0.2936 0.0869 0.0000
vt 0.3201 0.0927 0.0000
vt 0.3074 0.1035 0.0000
vt 0.6683 0.0130 0.0000
vt 0.6433 0.0247 0.0000
vt 0.6915 0.0070 0.0000
vt 0.8601 0.0533 0.0000
vt 0.8450 0.0575 0.0000
vt 0.1123 0.4231 0.0000
vt 0.1133 0.4180 0.0000
vt 0.1193 0.4192 0.0000
vt 0.1182 0.4250 0.0000
vt 0.1139 0.4127 0.0000
vt 0.1201 0.4133 0.0000
vt 0.2631 0.7974 0.0000
vt 0.2660 0.8020 0.0000
vt 0.2575 0.8075 0.0000
vt 0.2696 0.8062 0.0000
vt 0.2619 0.8124 0.0000
vt 0.2532 0.8194 0.0000
vt 0.2668 0.8167 0.0000
vt 0.2592 0.8246 0.0000
vt 0.2517 0.8325 0.0000
vt 0.2662 0.8287 0.0000
vt 0.2600 0.8368 0.0000
vt 0.2523 0.8477 0.0000
vt 0.2691 0.8403 0.0000
vt 0.2630 0.8509 0.0000
vt 0.2548 0.8670 0.0000
vt 0.2742 0.8529 0.0000
vt 0.2684 0.8689 0.0000
vt 0.2638 0.8888 0.0000
vt 0.2822 0.8687 0.0000
vt 0.2807 0.8882 0.0000
vt 0.2821 0.9072 0.0000
vt 0.2970 0.8855 0.0000
vt 0.3004 0.9039 0.0000
vt 0.3059 0.9219 0.0000
vt 0.3184 0.8981 0.0000
vt 0.3257 0.9144 0.0000
vt 0.3335 0.9306 0.0000
vt 0.3447 0.9043 0.0000
vt 0.3538 0.9191 0.0000
vt 0.3630 0.9340 0.0000
vt 0.3729 0.9050 0.0000
vt 0.3834 0.9185 0.0000
vt 0.3943 0.9330 0.0000
vt 0.3724 0.9500 0.0000
vt 0.4020 0.9003 0.0000
vt 0.4141 0.9133 0.0000
vt 0.5258 0.9503 0.0000
vt 0.5053 0.9349 0.0000
vt 0.5080 0.9322 0.0000
vt 0.4857 0.9176 0.0000
vt 0.4886 0.9152 0.0000
vt 0.4668 0.8978 0.0000
vt 0.4699 0.8955 0.0000
vt 0.5260 0.7328 0.0000
vt 0.5090 0.7099 0.0000
vt 0.5123 0.7079 0.0000
vt 0.5293 0.7308 0.0000
vt 0.4939 0.6857 0.0000
vt 0.4972 0.6838 0.0000
vt 0.5119 0.6730 0.0000
vt 0.4849 0.6596 0.0000
vt 0.4987 0.6507 0.0000
vt 0.4754 0.6361 0.0000
vt 0.4900 0.6290 0.0000
vt 0.4683 0.6136 0.0000
vt 0.4855 0.6086 0.0000
vt 0.5042 0.6051 0.0000
vt 0.4828 0.5888 0.0000
vt 0.5041 0.5861 0.0000
vt 0.5266 0.5854 0.0000
vt 0.5245 0.6039 0.0000
vt 0.5476 0.5901 0.0000
vt 0.5439 0.6088 0.0000
vt 0.5670 0.6006 0.0000
vt 0.5617 0.6192 0.0000
vt 0.5566 0.6394 0.0000
vt 0.5793 0.6306 0.0000
vt 0.5749 0.6504 0.0000
vt 0.5150 0.8148 0.0000
vt 0.5189 0.7951 0.0000
vt 0.5852 0.6129 0.0000
vt 0.5240 0.7772 0.0000
vt 0.5739 0.5831 0.0000
vt 0.5927 0.5970 0.0000
vt 0.5304 0.7607 0.0000
vt 0.6022 0.5827 0.0000
vt 0.5391 0.7453 0.0000
vt 0.6153 0.5700 0.0000
vt 0.5513 0.7305 0.0000
vt 0.6317 0.5588 0.0000
vt 0.5675 0.7154 0.0000
vt 0.6426 0.5346 0.0000
vt 0.6497 0.5508 0.0000
vt 0.5867 0.7008 0.0000
vt 0.6648 0.5300 0.0000
vt 0.6676 0.5469 0.0000
vt 0.6081 0.6875 0.0000
vt 0.6857 0.5289 0.0000
vt 0.6841 0.5472 0.0000
vt 0.6313 0.6763 0.0000
vt 0.7045 0.5318 0.0000
vt 0.6991 0.5499 0.0000
vt 0.6557 0.6689 0.0000
vt 0.7213 0.5376 0.0000
vt 0.7126 0.5553 0.0000
vt 0.7107 0.5145 0.0000
vt 0.7303 0.5204 0.0000
vt 0.7173 0.4980 0.0000
vt 0.7410 0.5039 0.0000
vt 0.6911 0.4957 0.0000
vt 0.6879 0.5119 0.0000
vt 0.6631 0.5134 0.0000
vt 0.6627 0.4976 0.0000
vt 0.6334 0.5018 0.0000
vt 0.6630 0.4819 0.0000
vt 0.6367 0.5180 0.0000
vt 0.5529 0.5713 0.0000
vt 0.5292 0.5665 0.0000
vt 0.5044 0.5668 0.0000
vt 0.5051 0.5477 0.0000
vt 0.4806 0.5687 0.0000
vt 0.4627 0.5926 0.0000
vt 0.4589 0.5935 0.0000
vt 0.4646 0.6147 0.0000
vt 0.4709 0.7189 0.0000
vt 0.4719 0.6375 0.0000
vt 0.4734 0.7457 0.0000
vt 0.4555 0.7468 0.0000
vt 0.4733 0.7744 0.0000
vt 0.4554 0.7735 0.0000
vt 0.4392 0.7725 0.0000
vt 0.4516 0.8012 0.0000
vt 0.4358 0.7980 0.0000
vt 0.4205 0.7946 0.0000
vt 0.4289 0.8234 0.0000
vt 0.4143 0.8178 0.0000
vt 0.3998 0.8125 0.0000
vt 0.4049 0.8397 0.0000
vt 0.3915 0.8324 0.0000
vt 0.3789 0.8246 0.0000
vt 0.3802 0.8501 0.0000
vt 0.3688 0.8398 0.0000
vt 0.3593 0.8303 0.0000
vt 0.3565 0.8530 0.0000
vt 0.3486 0.8411 0.0000
vt 0.3424 0.8314 0.0000
vt 0.3364 0.8506 0.0000
vt 0.3318 0.8391 0.0000
vt 0.3295 0.8329 0.0000
vt 0.3205 0.8450 0.0000
vt 0.3186 0.8377 0.0000
vt 0.3183 0.8331 0.0000
vt 0.3092 0.8405 0.0000
vt 0.3087 0.8352 0.0000
vt 0.3086 0.8280 0.0000
vt 0.3086 0.8224 0.0000
vt 0.2995 0.8360 0.0000
vt 0.3006 0.8282 0.0000
vt 0.3017 0.8221 0.0000
vt 0.0999 0.3763 0.0000
vt 0.1045 0.3722 0.0000
vt 0.2931 0.8275 0.0000
vt 0.2951 0.8211 0.0000
vt 0.1092 0.3776 0.0000
vt 0.1041 0.3810 0.0000
vt 0.1130 0.3833 0.0000
vt 0.1075 0.3860 0.0000
vt 0.8609 0.0367 0.0000
vt 0.8472 0.0305 0.0000
vt 0.8600 0.0396 0.0000
vt 0.8455 0.0350 0.0000
vt 0.8593 0.0424 0.0000
vt 0.8443 0.0397 0.0000
vt 0.8591 0.0452 0.0000
vt 0.8437 0.0442 0.0000
vt 0.8591 0.0480 0.0000
vt 0.8436 0.0488 0.0000
vt 0.8594 0.0507 0.0000
vt 0.8440 0.0532 0.0000
vt 0.1139 0.4074 0.0000
vt 0.1132 0.4021 0.0000
vt 0.1194 0.4014 0.0000
vt 0.1200 0.4074 0.0000
vt 0.1121 0.3967 0.0000
vt 0.1181 0.3954 0.0000
vt 0.2736 0.8101 0.0000
vt 0.2781 0.8136 0.0000
vt 0.2725 0.8205 0.0000
vt 0.2833 0.8166 0.0000
vt 0.2788 0.8236 0.0000
vt 0.2737 0.8322 0.0000
vt 0.2857 0.8261 0.0000
vt 0.2820 0.8346 0.0000
vt 0.2781 0.8416 0.0000
vt 0.2904 0.8355 0.0000
vt 0.2887 0.8417 0.0000
vt 0.2856 0.8532 0.0000
vt 0.2983 0.8414 0.0000
vt 0.2974 0.8522 0.0000
vt 0.2961 0.8665 0.0000
vt 0.3094 0.8493 0.0000
vt 0.3097 0.8630 0.0000
vt 0.3127 0.8809 0.0000
vt 0.3231 0.8579 0.0000
vt 0.3282 0.8740 0.0000
vt 0.3358 0.8895 0.0000
vt 0.3427 0.8647 0.0000
vt 0.3520 0.8787 0.0000
vt 0.3624 0.8918 0.0000
vt 0.3667 0.8656 0.0000
vt 0.3784 0.8768 0.0000
vt 0.3902 0.8883 0.0000
vt 0.3926 0.8595 0.0000
vt 0.4055 0.8692 0.0000
vt 0.4185 0.8794 0.0000
vt 0.4186 0.8474 0.0000
vt 0.4327 0.8556 0.0000
vt 0.4478 0.8645 0.0000
vt 0.4320 0.8906 0.0000
vt 0.4440 0.8291 0.0000
vt 0.4604 0.8353 0.0000
vt 0.4691 0.8047 0.0000
vt 0.2889 0.8192 0.0000
vt 0.1100 0.3913 0.0000
vt 0.1158 0.3893 0.0000
vt 0.4815 0.6613 0.0000
vt 0.1690 0.6862 0.0000
vt 0.8712 0.2988 0.0000
vt 0.8708 0.3097 0.0000
vt 0.8061 0.3414 0.0000
vt 0.3300 0.6168 0.0000
vt 0.3249 0.6198 0.0000
vt 0.9835 0.4702 0.0000
vt 0.9835 0.4605 0.0000
vt 0.9942 0.4605 0.0000
vt 0.9942 0.4702 0.0000
vt 0.9835 0.4503 0.0000
vt 0.9942 0.4503 0.0000
vt 0.9835 0.4408 0.0000
vt 0.9942 0.4408 0.0000
vt 0.9835 0.4321 0.0000
vt 0.9942 0.4321 0.0000
vt 0.9835 0.4800 0.0000
vt 0.9942 0.4800 0.0000
vt 0.9942 0.4886 0.0000
vt 0.9835 0.4886 0.0000
vt 0.9942 0.4970 0.0000
vt 0.9835 0.4970 0.0000
vt 0.9835 0.5142 0.0000
vt 0.9942 0.5142 0.0000
vt 0.9942 0.5204 0.0000
vt 0.9835 0.5204 0.0000
vt 0.9835 0.5269 0.0000
vt 0.9942 0.5269 0.0000
vt 0.9942 0.5334 0.0000
vt 0.9835 0.5334 0.0000
vt 0.9835 0.5398 0.0000
vt 0.9942 0.5398 0.0000
vt 0.9942 0.5489 0.0000
vt 0.9835 0.5489 0.0000
vt 0.9835 0.5571 0.0000
vt 0.9942 0.5571 0.0000
vt 0.9942 0.5651 0.0000
vt 0.9835 0.5651 0.0000
vt 0.9942 0.5733 0.0000
vt 0.9835 0.5733 0.0000
vt 0.9942 0.5819 0.0000
vt 0.9835 0.5819 0.0000
vt 0.9942 0.5901 0.0000
vt 0.9835 0.5901 0.0000
vt 0.9835 0.5961 0.0000
vt 0.9942 0.5961 0.0000
vt 0.9835 0.6022 0.0000
vt 0.9942 0.6022 0.0000
vt 0.9835 0.3876 0.0000
vt 0.9835 0.3819 0.0000
vt 0.9942 0.3819 0.0000
vt 0.9942 0.3876 0.0000
vt 0.9835 0.3933 0.0000
vt 0.9942 0.3933 0.0000
vt 0.9835 0.3987 0.0000
vt 0.9942 0.3987 0.0000
vt 0.9835 0.4047 0.0000
vt 0.9942 0.4047 0.0000
vt 0.9835 0.4104 0.0000
vt 0.9942 0.4103 0.0000
vt 0.9835 0.4172 0.0000
vt 0.9942 0.4172 0.0000
vt 0.9835 0.4242 0.0000
vt 0.9942 0.4242 0.0000
vt 0.9835 0.5056 0.0000
vt 0.9942 0.5056 0.0000
vt 0.4235 0.9789 0.0000
vt 0.4235 0.9938 0.0000
vt 0.4168 0.9938 0.0000
vt 0.4168 0.9789 0.0000
vt 0.4099 0.9938 0.0000
vt 0.4099 0.9789 0.0000
vt 0.5525 0.9789 0.0000
vt 0.5607 0.9789 0.0000
vt 0.5607 0.9938 0.0000
vt 0.5525 0.9938 0.0000
vt 0.5415 0.9789 0.0000
vt 0.5415 0.9938 0.0000
vt 0.3890 0.9789 0.0000
vt 0.3890 0.9938 0.0000
vt 0.3822 0.9938 0.0000
vt 0.3822 0.9789 0.0000
vt 0.3755 0.9789 0.0000
vt 0.3755 0.9938 0.0000
vt 0.3698 0.9789 0.0000
vt 0.3698 0.9938 0.0000
vt 0.3646 0.9789 0.0000
vt 0.3646 0.9938 0.0000
vt 0.5309 0.9789 0.0000
vt 0.5309 0.9938 0.0000
vt 0.5199 0.9789 0.0000
vt 0.5199 0.9938 0.0000
vt 0.5081 0.9938 0.0000
vt 0.5081 0.9789 0.0000
vt 0.4976 0.9938 0.0000
vt 0.4976 0.9789 0.0000
vt 0.3404 0.9789 0.0000
vt 0.3472 0.9789 0.0000
vt 0.3472 0.9938 0.0000
vt 0.3404 0.9938 0.0000
vt 0.3532 0.9789 0.0000
vt 0.3532 0.9938 0.0000
vt 0.3591 0.9789 0.0000
vt 0.3591 0.9938 0.0000
vt 0.4798 0.9789 0.0000
vt 0.4798 0.9938 0.0000
vt 0.4723 0.9938 0.0000
vt 0.4723 0.9789 0.0000
vt 0.4876 0.9938 0.0000
vt 0.4876 0.9789 0.0000
vt 0.4378 0.9789 0.0000
vt 0.4378 0.9938 0.0000
vt 0.4301 0.9938 0.0000
vt 0.4301 0.9789 0.0000
vt 0.4034 0.9938 0.0000
vt 0.4034 0.9789 0.0000
vt 0.3962 0.9938 0.0000
vt 0.3962 0.9789 0.0000
vt 0.4648 0.9789 0.0000
vt 0.4648 0.9938 0.0000
vt 0.4529 0.9938 0.0000
vt 0.4529 0.9789 0.0000
vt 0.4444 0.9938 0.0000
vt 0.4444 0.9789 0.0000
vt 0.9711 0.3090 0.0000
vt 0.9614 0.3090 0.0000
vt 0.9614 0.3021 0.0000
vt 0.9711 0.3022 0.0000
vt 0.9711 0.3154 0.0000
vt 0.9614 0.3154 0.0000
vt 0.9711 0.2951 0.0000
vt 0.9614 0.2950 0.0000
vt 0.9614 0.2870 0.0000
vt 0.9711 0.2871 0.0000
vt 0.9614 0.2764 0.0000
vt 0.9711 0.2765 0.0000
vt 0.9711 0.2686 0.0000
vt 0.9614 0.2685 0.0000
vt 0.9711 0.2526 0.0000
vt 0.9711 0.2606 0.0000
vt 0.9614 0.2605 0.0000
vt 0.9614 0.2525 0.0000
vt 0.9711 0.2375 0.0000
vt 0.9711 0.2443 0.0000
vt 0.9614 0.2442 0.0000
vt 0.9614 0.2374 0.0000
vt 0.9711 0.3263 0.0000
vt 0.9614 0.3263 0.0000
vt 0.9614 0.3210 0.0000
vt 0.9711 0.3210 0.0000
vt 0.9711 0.2228 0.0000
vt 0.9711 0.2310 0.0000
vt 0.9614 0.2309 0.0000
vt 0.9614 0.2227 0.0000
vt 0.9711 0.3947 0.0000
vt 0.9711 0.4044 0.0000
vt 0.9614 0.4044 0.0000
vt 0.9614 0.3946 0.0000
vt 0.9711 0.3839 0.0000
vt 0.9614 0.3838 0.0000
vt 0.9711 0.3632 0.0000
vt 0.9614 0.3632 0.0000
vt 0.9614 0.3564 0.0000
vt 0.9711 0.3565 0.0000
vt 0.9711 0.3734 0.0000
vt 0.9614 0.3734 0.0000
vt 0.9614 0.3492 0.0000
vt 0.9711 0.3493 0.0000
vt 0.9711 0.3376 0.0000
vt 0.9614 0.3375 0.0000
vt 0.9614 0.3318 0.0000
vt 0.9711 0.3319 0.0000
vt 0.9711 0.3434 0.0000
vt 0.9614 0.3433 0.0000
vt 0.9711 0.4130 0.0000
vt 0.9614 0.4129 0.0000
vt 0.9434 0.7715 0.0000
vt 0.9374 0.7721 0.0000
vt 0.9387 0.7271 0.0000
vt 0.9499 0.7694 0.0000
vt 0.9552 0.7661 0.0000
vt 0.9600 0.7621 0.0000
vt 0.9643 0.7573 0.0000
vt 0.9674 0.7526 0.0000
vt 0.9700 0.7473 0.0000
vt 0.9718 0.7426 0.0000
vt 0.9731 0.7382 0.0000
vt 0.9740 0.7336 0.0000
vt 0.9745 0.7287 0.0000
vt 0.9746 0.7235 0.0000
vt 0.9741 0.7181 0.0000
vt 0.9731 0.7127 0.0000
vt 0.9718 0.7085 0.0000
vt 0.9702 0.7045 0.0000
vt 0.9110 0.7562 0.0000
vt 0.9089 0.7526 0.0000
vt 0.9136 0.7598 0.0000
vt 0.9170 0.7634 0.0000
vt 0.9209 0.7666 0.0000
vt 0.9261 0.7695 0.0000
vt 0.9315 0.7714 0.0000
vt 0.9071 0.7487 0.0000
vt 0.9057 0.7452 0.0000
vt 0.9046 0.7411 0.0000
vt 0.9034 0.7349 0.0000
vt 0.9029 0.7293 0.0000
vt 0.9030 0.7239 0.0000
vt 0.9036 0.7189 0.0000
vt 0.9046 0.7141 0.0000
vt 0.9062 0.7091 0.0000
vt 0.9086 0.7038 0.0000
vt 0.9116 0.6988 0.0000
vt 0.9154 0.6939 0.0000
vt 0.9201 0.6894 0.0000
vt 0.9259 0.6857 0.0000
vt 0.9321 0.6832 0.0000
vt 0.9388 0.6821 0.0000
vt 0.9454 0.6825 0.0000
vt 0.9518 0.6848 0.0000
vt 0.9570 0.6879 0.0000
vt 0.9614 0.6916 0.0000
vt 0.9650 0.6958 0.0000
vt 0.9681 0.7003 0.0000
vt 0.8670 0.6701 0.0000
vt 0.8745 0.6782 0.0000
vt 0.8430 0.7005 0.0000
vt 0.8776 0.6851 0.0000
vt 0.8090 0.7256 0.0000
vt 0.8058 0.7202 0.0000
vt 0.8027 0.7110 0.0000
vt 0.8581 0.7393 0.0000
vt 0.8510 0.7408 0.0000
vt 0.8645 0.7362 0.0000
vt 0.8405 0.7408 0.0000
vt 0.8278 0.7382 0.0000
vt 0.8197 0.7346 0.0000
vt 0.8136 0.7303 0.0000
vt 0.8011 0.6988 0.0000
vt 0.8017 0.6874 0.0000
vt 0.8036 0.6811 0.0000
vt 0.8072 0.6751 0.0000
vt 0.8121 0.6708 0.0000
vt 0.8191 0.6665 0.0000
vt 0.8258 0.6642 0.0000
vt 0.8324 0.6628 0.0000
vt 0.8384 0.6623 0.0000
vt 0.8442 0.6624 0.0000
vt 0.8494 0.6629 0.0000
vt 0.8549 0.6640 0.0000
vt 0.8597 0.6657 0.0000
vt 0.8786 0.7140 0.0000
vt 0.8759 0.7236 0.0000
vt 0.8797 0.7043 0.0000
vt 0.8711 0.7308 0.0000
vt 0.8793 0.6938 0.0000
vt 0.1321 0.7562 0.0000
vt 0.1325 0.7500 0.0000
vt 0.1573 0.7530 0.0000
vt 0.1341 0.7445 0.0000
vt 0.1363 0.7690 0.0000
vt 0.1333 0.7625 0.0000
vt 0.1427 0.7761 0.0000
vt 0.1488 0.7797 0.0000
vt 0.1630 0.7813 0.0000
vt 0.1557 0.7815 0.0000
vt 0.1755 0.7762 0.0000
vt 0.1702 0.7793 0.0000
vt 0.1364 0.7399 0.0000
vt 0.1393 0.7361 0.0000
vt 0.1840 0.7660 0.0000
vt 0.1799 0.7722 0.0000
vt 0.1868 0.7497 0.0000
vt 0.1866 0.7586 0.0000
vt 0.1838 0.7405 0.0000
vt 0.1641 0.7270 0.0000
vt 0.1701 0.7284 0.0000
vt 0.1778 0.7333 0.0000
vt 0.1576 0.7270 0.0000
vt 0.1429 0.7326 0.0000
vt 0.1474 0.7299 0.0000
vt 0.1523 0.7280 0.0000
vt 0.2874 0.6520 0.0000
vt 0.2832 0.6499 0.0000
vt 0.2975 0.6317 0.0000
vt 0.2921 0.6533 0.0000
vt 0.3186 0.6172 0.0000
vt 0.3207 0.6227 0.0000
vt 0.3139 0.6108 0.0000
vt 0.3108 0.6491 0.0000
vt 0.3067 0.6516 0.0000
vt 0.3145 0.6460 0.0000
vt 0.3170 0.6428 0.0000
vt 0.3188 0.6396 0.0000
vt 0.3079 0.6064 0.0000
vt 0.3004 0.6039 0.0000
vt 0.2920 0.6040 0.0000
vt 0.2850 0.6063 0.0000
vt 0.3214 0.6275 0.0000
vt 0.3211 0.6318 0.0000
vt 0.3203 0.6359 0.0000
vt 0.2732 0.6194 0.0000
vt 0.2756 0.6147 0.0000
vt 0.2793 0.6105 0.0000
vt 0.2795 0.6470 0.0000
vt 0.2759 0.6429 0.0000
vt 0.2967 0.6538 0.0000
vt 0.3018 0.6532 0.0000
vt 0.2719 0.6330 0.0000
vt 0.2719 0.6245 0.0000
vt 0.2736 0.6388 0.0000
vt 0.2237 0.6655 0.0000
vt 0.2215 0.6733 0.0000
vt 0.1922 0.6619 0.0000
vt 0.2168 0.6805 0.0000
vt 0.2108 0.6858 0.0000
vt 0.2043 0.6891 0.0000
vt 0.2237 0.6573 0.0000
vt 0.2219 0.6503 0.0000
vt 0.2184 0.6442 0.0000
vt 0.2026 0.6328 0.0000
vt 0.2075 0.6348 0.0000
vt 0.1918 0.6318 0.0000
vt 0.1973 0.6319 0.0000
vt 0.1795 0.6357 0.0000
vt 0.1865 0.6328 0.0000
vt 0.1698 0.6452 0.0000
vt 0.1740 0.6399 0.0000
vt 0.1666 0.6513 0.0000
vt 0.1650 0.6584 0.0000
vt 0.1652 0.6652 0.0000
vt 0.1662 0.6702 0.0000
vt 0.1682 0.6749 0.0000
vt 0.1708 0.6789 0.0000
vt 0.1739 0.6825 0.0000
vt 0.1774 0.6855 0.0000
vt 0.1818 0.6880 0.0000
vt 0.1863 0.6896 0.0000
vt 0.1919 0.6907 0.0000
vt 0.1978 0.6906 0.0000
vt 0.2136 0.6388 0.0000
vt 0.5722 0.0234 0.0000
vt 0.5668 0.0179 0.0000
vt 0.5710 0.0132 0.0000
vt 0.5772 0.0196 0.0000
vt 0.5819 0.0266 0.0000
vt 0.5763 0.0294 0.0000
vt 0.5848 0.0333 0.0000
vt 0.5788 0.0352 0.0000
vt 0.5601 0.0132 0.0000
vt 0.5524 0.0098 0.0000
vt 0.5545 0.0039 0.0000
vt 0.5633 0.0078 0.0000
vt 0.5440 0.0081 0.0000
vt 0.5447 0.0018 0.0000
vt 0.5265 0.0100 0.0000
vt 0.5184 0.0137 0.0000
vt 0.5151 0.0083 0.0000
vt 0.5245 0.0040 0.0000
vt 0.5346 0.0018 0.0000
vt 0.5352 0.0081 0.0000
vt 0.5058 0.0252 0.0000
vt 0.5005 0.0218 0.0000
vt 0.5070 0.0144 0.0000
vt 0.5114 0.0189 0.0000
vt 0.5017 0.0320 0.0000
vt 0.4959 0.0298 0.0000
vt 0.5603 0.0857 0.0000
vt 0.5641 0.0831 0.0000
vt 0.5675 0.0883 0.0000
vt 0.5632 0.0913 0.0000
vt 0.5583 0.0934 0.0000
vt 0.5561 0.0876 0.0000
vt 0.5534 0.0954 0.0000
vt 0.5518 0.0893 0.0000
vt 0.4982 0.0451 0.0000
vt 0.4919 0.0450 0.0000
vt 0.4929 0.0376 0.0000
vt 0.4991 0.0388 0.0000
vt 0.4980 0.0510 0.0000
vt 0.4918 0.0518 0.0000
vt 0.5293 0.0898 0.0000
vt 0.5337 0.0906 0.0000
vt 0.5327 0.0968 0.0000
vt 0.5276 0.0958 0.0000
vt 0.5226 0.0941 0.0000
vt 0.5249 0.0883 0.0000
vt 0.5177 0.0921 0.0000
vt 0.5206 0.0866 0.0000
vt 0.5133 0.0893 0.0000
vt 0.5167 0.0841 0.0000
vt 0.5089 0.0864 0.0000
vt 0.5129 0.0816 0.0000
vt 0.5052 0.0826 0.0000
vt 0.5097 0.0783 0.0000
vt 0.5016 0.0789 0.0000
vt 0.5065 0.0750 0.0000
vt 0.4987 0.0742 0.0000
vt 0.4958 0.0694 0.0000
vt 0.5015 0.0666 0.0000
vt 0.5040 0.0708 0.0000
vt 0.4940 0.0639 0.0000
vt 0.4999 0.0617 0.0000
vt 0.4924 0.0583 0.0000
vt 0.4985 0.0567 0.0000
vt 0.5383 0.0910 0.0000
vt 0.5428 0.0909 0.0000
vt 0.5431 0.0972 0.0000
vt 0.5379 0.0972 0.0000
vt 0.5473 0.0903 0.0000
vt 0.5483 0.0964 0.0000
vt 0.5677 0.0803 0.0000
vt 0.5708 0.0770 0.0000
vt 0.5753 0.0813 0.0000
vt 0.5717 0.0851 0.0000
vt 0.5736 0.0735 0.0000
vt 0.5786 0.0774 0.0000
vt 0.5803 0.0406 0.0000
vt 0.5865 0.0396 0.0000
vt 0.5874 0.0457 0.0000
vt 0.5812 0.0460 0.0000
vt 0.5876 0.0518 0.0000
vt 0.5813 0.0512 0.0000
vt 0.5760 0.0696 0.0000
vt 0.5781 0.0654 0.0000
vt 0.5837 0.0682 0.0000
vt 0.5814 0.0729 0.0000
vt 0.5797 0.0610 0.0000
vt 0.5856 0.0632 0.0000
vt 0.5807 0.0562 0.0000
vt 0.5868 0.0576 0.0000
vt 0.9965 0.7600 0.0000
vt 0.9906 0.7600 0.0000
vt 0.9906 0.7523 0.0000
vt 0.9965 0.7523 0.0000
vt 0.9862 0.9785 0.0000
vt 0.9804 0.9785 0.0000
vt 0.9804 0.9695 0.0000
vt 0.9862 0.9695 0.0000
vt 0.9804 0.9611 0.0000
vt 0.9862 0.9611 0.0000
vt 0.9965 0.7673 0.0000
vt 0.9906 0.7673 0.0000
vt 0.9804 0.9539 0.0000
vt 0.9862 0.9538 0.0000
vt 0.9965 0.7736 0.0000
vt 0.9906 0.7736 0.0000
vt 0.9965 0.7442 0.0000
vt 0.9906 0.7442 0.0000
vt 0.9906 0.7357 0.0000
vt 0.9965 0.7357 0.0000
vt 0.9862 0.9878 0.0000
vt 0.9862 0.9975 0.0000
vt 0.9804 0.9975 0.0000
vt 0.9804 0.9879 0.0000
vt 0.9965 0.9973 0.0000
vt 0.9906 0.9972 0.0000
vt 0.9906 0.9886 0.0000
vt 0.9965 0.9886 0.0000
vt 0.9862 0.6967 0.0000
vt 0.9862 0.7066 0.0000
vt 0.9804 0.7066 0.0000
vt 0.9804 0.6966 0.0000
vt 0.9965 0.9709 0.0000
vt 0.9906 0.9709 0.0000
vt 0.9906 0.9620 0.0000
vt 0.9965 0.9620 0.0000
vt 0.9862 0.7270 0.0000
vt 0.9862 0.7374 0.0000
vt 0.9804 0.7374 0.0000
vt 0.9804 0.7270 0.0000
vt 0.9862 0.7167 0.0000
vt 0.9804 0.7167 0.0000
vt 0.9965 0.9798 0.0000
vt 0.9906 0.9798 0.0000
vt 0.9965 0.9533 0.0000
vt 0.9906 0.9533 0.0000
vt 0.9906 0.9448 0.0000
vt 0.9965 0.9448 0.0000
vt 0.9862 0.7475 0.0000
vt 0.9862 0.7574 0.0000
vt 0.9804 0.7574 0.0000
vt 0.9804 0.7475 0.0000
vt 0.9906 0.9369 0.0000
vt 0.9965 0.9369 0.0000
vt 0.9862 0.7666 0.0000
vt 0.9804 0.7666 0.0000
vt 0.9965 0.8273 0.0000
vt 0.9965 0.8319 0.0000
vt 0.9906 0.8319 0.0000
vt 0.9906 0.8273 0.0000
vt 0.9862 0.8919 0.0000
vt 0.9804 0.8920 0.0000
vt 0.9804 0.8867 0.0000
vt 0.9862 0.8867 0.0000
vt 0.9804 0.8814 0.0000
vt 0.9862 0.8814 0.0000
vt 0.9965 0.8366 0.0000
vt 0.9906 0.8366 0.0000
vt 0.9804 0.8761 0.0000
vt 0.9862 0.8761 0.0000
vt 0.9965 0.8412 0.0000
vt 0.9906 0.8412 0.0000
vt 0.9965 0.9297 0.0000
vt 0.9906 0.9297 0.0000
vt 0.9906 0.9233 0.0000
vt 0.9965 0.9233 0.0000
vt 0.9862 0.7750 0.0000
vt 0.9862 0.7824 0.0000
vt 0.9804 0.7824 0.0000
vt 0.9804 0.7750 0.0000
vt 0.9906 0.9173 0.0000
vt 0.9965 0.9173 0.0000
vt 0.9862 0.7893 0.0000
vt 0.9804 0.7892 0.0000
vt 0.9965 0.8594 0.0000
vt 0.9965 0.8640 0.0000
vt 0.9906 0.8639 0.0000
vt 0.9906 0.8594 0.0000
vt 0.9862 0.8552 0.0000
vt 0.9804 0.8552 0.0000
vt 0.9804 0.8500 0.0000
vt 0.9862 0.8500 0.0000
vt 0.9804 0.8447 0.0000
vt 0.9862 0.8447 0.0000
vt 0.9965 0.8686 0.0000
vt 0.9906 0.8686 0.0000
vt 0.9804 0.8395 0.0000
vt 0.9862 0.8395 0.0000
vt 0.9965 0.8732 0.0000
vt 0.9906 0.8732 0.0000
vt 0.9804 0.8342 0.0000
vt 0.9862 0.8342 0.0000
vt 0.9965 0.8778 0.0000
vt 0.9906 0.8778 0.0000
vt 0.9804 0.8289 0.0000
vt 0.9862 0.8289 0.0000
vt 0.9965 0.8824 0.0000
vt 0.9906 0.8824 0.0000
vt 0.9804 0.8237 0.0000
vt 0.9862 0.8237 0.0000
vt 0.9965 0.8870 0.0000
vt 0.9906 0.8870 0.0000
vt 0.9804 0.8185 0.0000
vt 0.9862 0.8185 0.0000
vt 0.9965 0.8916 0.0000
vt 0.9906 0.8916 0.0000
vt 0.9862 0.8129 0.0000
vt 0.9804 0.8129 0.0000
vt 0.9804 0.8074 0.0000
vt 0.9862 0.8074 0.0000
vt 0.9965 0.9013 0.0000
vt 0.9906 0.9013 0.0000
vt 0.9906 0.8964 0.0000
vt 0.9965 0.8965 0.0000
vt 0.9804 0.8016 0.0000
vt 0.9862 0.8016 0.0000
vt 0.9965 0.9065 0.0000
vt 0.9906 0.9065 0.0000
vt 0.9804 0.7957 0.0000
vt 0.9862 0.7957 0.0000
vt 0.9965 0.9117 0.0000
vt 0.9906 0.9117 0.0000
vt 0.9965 0.8503 0.0000
vt 0.9965 0.8549 0.0000
vt 0.9906 0.8549 0.0000
vt 0.9906 0.8503 0.0000
vt 0.9862 0.8656 0.0000
vt 0.9804 0.8656 0.0000
vt 0.9804 0.8604 0.0000
vt 0.9862 0.8604 0.0000
vt 0.9965 0.8458 0.0000
vt 0.9906 0.8458 0.0000
vt 0.9862 0.8708 0.0000
vt 0.9804 0.8708 0.0000
vt 0.9965 0.8183 0.0000
vt 0.9965 0.8228 0.0000
vt 0.9906 0.8228 0.0000
vt 0.9906 0.8183 0.0000
vt 0.9862 0.9024 0.0000
vt 0.9804 0.9024 0.0000
vt 0.9804 0.8972 0.0000
vt 0.9862 0.8972 0.0000
vt 0.9965 0.8138 0.0000
vt 0.9906 0.8138 0.0000
vt 0.9862 0.9076 0.0000
vt 0.9804 0.9076 0.0000
vt 0.9965 0.7792 0.0000
vt 0.9906 0.7792 0.0000
vt 0.9804 0.9473 0.0000
vt 0.9862 0.9473 0.0000
vt 0.9804 0.9411 0.0000
vt 0.9862 0.9411 0.0000
vt 0.9965 0.7846 0.0000
vt 0.9906 0.7846 0.0000
vt 0.9804 0.9350 0.0000
vt 0.9862 0.9350 0.0000
vt 0.9965 0.7899 0.0000
vt 0.9906 0.7899 0.0000
vt 0.9965 0.8046 0.0000
vt 0.9965 0.8092 0.0000
vt 0.9906 0.8092 0.0000
vt 0.9906 0.8046 0.0000
vt 0.9862 0.9181 0.0000
vt 0.9804 0.9181 0.0000
vt 0.9804 0.9129 0.0000
vt 0.9862 0.9128 0.0000
vt 0.9965 0.7998 0.0000
vt 0.9906 0.7998 0.0000
vt 0.9862 0.9235 0.0000
vt 0.9804 0.9235 0.0000
vt 0.9965 0.7949 0.0000
vt 0.9906 0.7949 0.0000
vt 0.9804 0.9292 0.0000
vt 0.9862 0.9292 0.0000
vt 0.8315 0.7339 0.0000
vt 0.8256 0.7315 0.0000
vt 0.8449 0.6994 0.0000
vt 0.8199 0.7279 0.0000
vt 0.8148 0.7232 0.0000
vt 0.8107 0.7174 0.0000
vt 0.8078 0.7108 0.0000
vt 0.8064 0.7039 0.0000
vt 0.8063 0.6970 0.0000
vt 0.8217 0.6713 0.0000
vt 0.8261 0.6689 0.0000
vt 0.8303 0.6672 0.0000
vt 0.8345 0.6661 0.0000
vt 0.8387 0.6657 0.0000
vt 0.8430 0.6655 0.0000
vt 0.8470 0.6661 0.0000
vt 0.8509 0.6671 0.0000
vt 0.8546 0.6684 0.0000
vt 0.8581 0.6702 0.0000
vt 0.8613 0.6722 0.0000
vt 0.8643 0.6748 0.0000
vt 0.8671 0.6776 0.0000
vt 0.8695 0.6808 0.0000
vt 0.8716 0.6841 0.0000
vt 0.8732 0.6879 0.0000
vt 0.8745 0.6917 0.0000
vt 0.8752 0.6955 0.0000
vt 0.8755 0.6994 0.0000
vt 0.8755 0.7033 0.0000
vt 0.8749 0.7072 0.0000
vt 0.8740 0.7111 0.0000
vt 0.8724 0.7147 0.0000
vt 0.8708 0.7182 0.0000
vt 0.8686 0.7212 0.0000
vt 0.8661 0.7244 0.0000
vt 0.8632 0.7269 0.0000
vt 0.8600 0.7295 0.0000
vt 0.8565 0.7313 0.0000
vt 0.8529 0.7331 0.0000
vt 0.8477 0.7344 0.0000
vt 0.8424 0.7350 0.0000
vt 0.8370 0.7350 0.0000
vt 0.8077 0.6902 0.0000
vt 0.8102 0.6841 0.0000
vt 0.8135 0.6789 0.0000
vt 0.8175 0.6745 0.0000
vt 0.0346 0.5243 0.0000
vt 0.0291 0.5208 0.0000
vt 0.0472 0.4975 0.0000
vt 0.0247 0.5164 0.0000
vt 0.0485 0.5273 0.0000
vt 0.0410 0.5264 0.0000
vt 0.0585 0.5252 0.0000
vt 0.0653 0.5213 0.0000
vt 0.0744 0.5092 0.0000
vt 0.0706 0.5160 0.0000
vt 0.0763 0.4951 0.0000
vt 0.0762 0.5014 0.0000
vt 0.0218 0.5116 0.0000
vt 0.0196 0.5070 0.0000
vt 0.0712 0.4813 0.0000
vt 0.0748 0.4885 0.0000
vt 0.0577 0.4703 0.0000
vt 0.0658 0.4753 0.0000
vt 0.0476 0.4684 0.0000
vt 0.0246 0.4792 0.0000
vt 0.0291 0.4747 0.0000
vt 0.0376 0.4698 0.0000
vt 0.0209 0.4851 0.0000
vt 0.0184 0.5017 0.0000
vt 0.0182 0.4962 0.0000
vt 0.0191 0.4904 0.0000
vt 0.5222 0.0715 0.0000
vt 0.5173 0.0777 0.0000
vt 0.5114 0.0719 0.0000
vt 0.5178 0.0669 0.0000
vt 0.5072 0.0652 0.0000
vt 0.5146 0.0617 0.0000
vt 0.5349 0.0773 0.0000
vt 0.5334 0.0855 0.0000
vt 0.5243 0.0826 0.0000
vt 0.5279 0.0748 0.0000
vt 0.5449 0.0776 0.0000
vt 0.5461 0.0854 0.0000
vt 0.5523 0.0752 0.0000
vt 0.5558 0.0829 0.0000
vt 0.5635 0.0657 0.0000
vt 0.5703 0.0703 0.0000
vt 0.5635 0.0775 0.0000
vt 0.5584 0.0714 0.0000
vt 0.5684 0.0528 0.0000
vt 0.5766 0.0538 0.0000
vt 0.5750 0.0615 0.0000
vt 0.5670 0.0587 0.0000
vt 0.5118 0.0516 0.0000
vt 0.5129 0.0565 0.0000
vt 0.5047 0.0588 0.0000
vt 0.5038 0.0524 0.0000
vt 0.5667 0.0385 0.0000
vt 0.5743 0.0355 0.0000
vt 0.5767 0.0453 0.0000
vt 0.5685 0.0462 0.0000
vt 0.5563 0.0250 0.0000
vt 0.5607 0.0185 0.0000
vt 0.5694 0.0266 0.0000
vt 0.5629 0.0316 0.0000
vt 0.5470 0.0210 0.0000
vt 0.5491 0.0128 0.0000
vt 0.5227 0.0263 0.0000
vt 0.5175 0.0196 0.0000
vt 0.5245 0.0154 0.0000
vt 0.5279 0.0230 0.0000
vt 0.5371 0.0201 0.0000
vt 0.5363 0.0123 0.0000
vt 0.5179 0.0311 0.0000
vt 0.5116 0.0261 0.0000
vt 0.5119 0.0464 0.0000
vt 0.5035 0.0456 0.0000
vt 0.5051 0.0388 0.0000
vt 0.5128 0.0410 0.0000
vt 0.5076 0.0319 0.0000
vt 0.5150 0.0358 0.0000
vt 0.3069 0.7719 0.0000
vt 0.2788 0.7682 0.0000
vt 0.2805 0.7614 0.0000
vt 0.2837 0.7553 0.0000
vt 0.2883 0.7502 0.0000
vt 0.2939 0.7462 0.0000
vt 0.3004 0.7438 0.0000
vt 0.3072 0.7430 0.0000
vt 0.3141 0.7439 0.0000
vt 0.3204 0.7464 0.0000
vt 0.3260 0.7503 0.0000
vt 0.3305 0.7554 0.0000
vt 0.3336 0.7613 0.0000
vt 0.3353 0.7681 0.0000
vt 0.3353 0.7748 0.0000
vt 0.3337 0.7813 0.0000
vt 0.3306 0.7872 0.0000
vt 0.3261 0.7924 0.0000
vt 0.3206 0.7963 0.0000
vt 0.2841 0.7879 0.0000
vt 0.2808 0.7820 0.0000
vt 0.2789 0.7753 0.0000
vt 0.3144 0.7988 0.0000
vt 0.2886 0.7930 0.0000
vt 0.2806 0.7904 0.0000
vt 0.2768 0.7835 0.0000
vt 0.2748 0.7757 0.0000
vt 0.2748 0.7677 0.0000
vt 0.2766 0.7600 0.0000
vt 0.2803 0.7530 0.0000
vt 0.2856 0.7471 0.0000
vt 0.2921 0.7426 0.0000
vt 0.2995 0.7399 0.0000
vt 0.3073 0.7390 0.0000
vt 0.3150 0.7400 0.0000
vt 0.3223 0.7428 0.0000
vt 0.3287 0.7472 0.0000
vt 0.3339 0.7530 0.0000
vt 0.3374 0.7599 0.0000
vt 0.3394 0.7674 0.0000
vt 0.3394 0.7752 0.0000
vt 0.3376 0.7827 0.0000
vt 0.3342 0.7896 0.0000
vt 0.3291 0.7955 0.0000
vt 0.3228 0.8000 0.0000
vt 0.3156 0.8030 0.0000
vt 0.3077 0.7998 0.0000
vt 0.3079 0.8041 0.0000
vt 0.3000 0.8033 0.0000
vt 0.3009 0.7991 0.0000
vt 0.2925 0.8007 0.0000
vt 0.2944 0.7969 0.0000
vt 0.2859 0.7963 0.0000
vt 0.2831 0.7997 0.0000
vt 0.2770 0.7930 0.0000
vt 0.2727 0.7851 0.0000
vt 0.2738 0.7953 0.0000
vt 0.2689 0.7865 0.0000
vt 0.2664 0.7768 0.0000
vt 0.2705 0.7763 0.0000
vt 0.2664 0.7667 0.0000
vt 0.2704 0.7672 0.0000
vt 0.2688 0.7570 0.0000
vt 0.2725 0.7584 0.0000
vt 0.2735 0.7481 0.0000
vt 0.2767 0.7504 0.0000
vt 0.2801 0.7407 0.0000
vt 0.2827 0.7437 0.0000
vt 0.2883 0.7352 0.0000
vt 0.2901 0.7387 0.0000
vt 0.2976 0.7317 0.0000
vt 0.2985 0.7356 0.0000
vt 0.3074 0.7306 0.0000
vt 0.3073 0.7346 0.0000
vt 0.3171 0.7318 0.0000
vt 0.3161 0.7357 0.0000
vt 0.3262 0.7354 0.0000
vt 0.3244 0.7389 0.0000
vt 0.3343 0.7409 0.0000
vt 0.3317 0.7439 0.0000
vt 0.3407 0.7482 0.0000
vt 0.3375 0.7505 0.0000
vt 0.3453 0.7568 0.0000
vt 0.3416 0.7583 0.0000
vt 0.3477 0.7663 0.0000
vt 0.3437 0.7668 0.0000
vt 0.3478 0.7760 0.0000
vt 0.3438 0.7756 0.0000
vt 0.3456 0.7855 0.0000
vt 0.3418 0.7842 0.0000
vt 0.3412 0.7941 0.0000
vt 0.3379 0.7920 0.0000
vt 0.3349 0.8016 0.0000
vt 0.3321 0.7987 0.0000
vt 0.3270 0.8073 0.0000
vt 0.3250 0.8039 0.0000
vt 0.3179 0.8110 0.0000
vt 0.3168 0.8072 0.0000
vt 0.3082 0.8124 0.0000
vt 0.3080 0.8085 0.0000
vt 0.2983 0.8115 0.0000
vt 0.2991 0.8076 0.0000
vt 0.2907 0.8046 0.0000
vt 0.2889 0.8082 0.0000
vt 0.2806 0.8027 0.0000
vt 0.4423 0.1990 0.0000
vt 0.4383 0.1990 0.0000
vt 0.4383 0.1890 0.0000
vt 0.4423 0.1890 0.0000
vt 0.4383 0.1788 0.0000
vt 0.4423 0.1788 0.0000
vt 0.4342 0.1890 0.0000
vt 0.4342 0.1788 0.0000
vt 0.4342 0.1688 0.0000
vt 0.4383 0.1688 0.0000
vt 0.4423 0.1688 0.0000
vt 0.4342 0.1578 0.0000
vt 0.4383 0.1578 0.0000
vt 0.4423 0.1578 0.0000
vt 0.4342 0.4180 0.0000
vt 0.4342 0.4069 0.0000
vt 0.4383 0.4069 0.0000
vt 0.4383 0.4180 0.0000
vt 0.4423 0.4069 0.0000
vt 0.4423 0.4180 0.0000
vt 0.4342 0.3969 0.0000
vt 0.4383 0.3969 0.0000
vt 0.4423 0.3969 0.0000
vt 0.4342 0.3869 0.0000
vt 0.4383 0.3869 0.0000
vt 0.4423 0.3869 0.0000
vt 0.4342 0.3768 0.0000
vt 0.4383 0.3768 0.0000
vt 0.4423 0.3768 0.0000
vt 0.4342 0.3669 0.0000
vt 0.4383 0.3669 0.0000
vt 0.4423 0.3669 0.0000
vt 0.4342 0.3569 0.0000
vt 0.4383 0.3569 0.0000
vt 0.4423 0.3569 0.0000
vt 0.4342 0.3470 0.0000
vt 0.4383 0.3470 0.0000
vt 0.4423 0.3470 0.0000
vt 0.4342 0.3372 0.0000
vt 0.4383 0.3372 0.0000
vt 0.4423 0.3372 0.0000
vt 0.4342 0.3273 0.0000
vt 0.4383 0.3273 0.0000
vt 0.4423 0.3273 0.0000
vt 0.4342 0.3175 0.0000
vt 0.4383 0.3175 0.0000
vt 0.4423 0.3175 0.0000
vt 0.4342 0.3077 0.0000
vt 0.4383 0.3077 0.0000
vt 0.4423 0.3077 0.0000
vt 0.4342 0.2978 0.0000
vt 0.4383 0.2978 0.0000
vt 0.4423 0.2978 0.0000
vt 0.4342 0.2880 0.0000
vt 0.4383 0.2880 0.0000
vt 0.4423 0.2880 0.0000
vt 0.4342 0.2782 0.0000
vt 0.4383 0.2782 0.0000
vt 0.4423 0.2782 0.0000
vt 0.4342 0.2684 0.0000
vt 0.4383 0.2684 0.0000
vt 0.4423 0.2684 0.0000
vt 0.4342 0.2586 0.0000
vt 0.4383 0.2586 0.0000
vt 0.4423 0.2586 0.0000
vt 0.4342 0.2488 0.0000
vt 0.4383 0.2488 0.0000
vt 0.4423 0.2488 0.0000
vt 0.4342 0.2389 0.0000
vt 0.4383 0.2389 0.0000
vt 0.4423 0.2389 0.0000
vt 0.4342 0.2290 0.0000
vt 0.4383 0.2290 0.0000
vt 0.4423 0.2290 0.0000
vt 0.4342 0.2191 0.0000
vt 0.4383 0.2191 0.0000
vt 0.4423 0.2191 0.0000
vt 0.4342 0.2091 0.0000
vt 0.4383 0.2091 0.0000
vt 0.4423 0.2091 0.0000
vt 0.4342 0.1990 0.0000
vt 0.4300 0.2091 0.0000
vt 0.4300 0.1990 0.0000
vt 0.4300 0.1890 0.0000
vt 0.4259 0.1990 0.0000
vt 0.4259 0.1890 0.0000
vt 0.4259 0.1788 0.0000
vt 0.4300 0.1788 0.0000
vt 0.4259 0.1688 0.0000
vt 0.4300 0.1688 0.0000
vt 0.4259 0.1578 0.0000
vt 0.4300 0.1578 0.0000
vt 0.4259 0.4180 0.0000
vt 0.4259 0.4069 0.0000
vt 0.4300 0.4069 0.0000
vt 0.4300 0.4180 0.0000
vt 0.4259 0.3969 0.0000
vt 0.4300 0.3969 0.0000
vt 0.4259 0.3869 0.0000
vt 0.4300 0.3869 0.0000
vt 0.4259 0.3768 0.0000
vt 0.4300 0.3768 0.0000
vt 0.4259 0.3669 0.0000
vt 0.4300 0.3669 0.0000
vt 0.4259 0.3569 0.0000
vt 0.4300 0.3569 0.0000
vt 0.4259 0.3470 0.0000
vt 0.4300 0.3470 0.0000
vt 0.4259 0.3372 0.0000
vt 0.4300 0.3372 0.0000
vt 0.4259 0.3273 0.0000
vt 0.4300 0.3273 0.0000
vt 0.4259 0.3175 0.0000
vt 0.4300 0.3175 0.0000
vt 0.4259 0.3077 0.0000
vt 0.4300 0.3077 0.0000
vt 0.4259 0.2978 0.0000
vt 0.4300 0.2978 0.0000
vt 0.4259 0.2880 0.0000
vt 0.4300 0.2880 0.0000
vt 0.4259 0.2782 0.0000
vt 0.4300 0.2782 0.0000
vt 0.4259 0.2684 0.0000
vt 0.4300 0.2684 0.0000
vt 0.4259 0.2586 0.0000
vt 0.4300 0.2586 0.0000
vt 0.4259 0.2488 0.0000
vt 0.4300 0.2488 0.0000
vt 0.4259 0.2389 0.0000
vt 0.4300 0.2389 0.0000
vt 0.4259 0.2290 0.0000
vt 0.4300 0.2290 0.0000
vt 0.4259 0.2191 0.0000
vt 0.4300 0.2191 0.0000
vt 0.4259 0.2091 0.0000
vt 0.4219 0.2191 0.0000
vt 0.4219 0.2091 0.0000
vt 0.4219 0.1990 0.0000
vt 0.9419 0.6293 0.0000
vt 0.9383 0.6309 0.0000
vt 0.9341 0.6234 0.0000
vt 0.9373 0.6210 0.0000
vt 0.9282 0.6171 0.0000
vt 0.9307 0.6140 0.0000
vt 0.4219 0.1890 0.0000
vt 0.9209 0.6124 0.0000
vt 0.9226 0.6088 0.0000
vt 0.4219 0.1788 0.0000
vt 0.9127 0.6096 0.0000
vt 0.9134 0.6058 0.0000
vt 0.4219 0.1688 0.0000
vt 0.9039 0.6090 0.0000
vt 0.9037 0.6051 0.0000
vt 0.4219 0.1578 0.0000
vt 0.8953 0.6105 0.0000
vt 0.8942 0.6068 0.0000
vt 0.4219 0.4069 0.0000
vt 0.4219 0.4180 0.0000
vt 0.8874 0.6142 0.0000
vt 0.8854 0.6108 0.0000
vt 0.4219 0.3969 0.0000
vt 0.8807 0.6196 0.0000
vt 0.8779 0.6167 0.0000
vt 0.4219 0.3869 0.0000
vt 0.8756 0.6264 0.0000
vt 0.8722 0.6243 0.0000
vt 0.4219 0.3768 0.0000
vt 0.8722 0.6342 0.0000
vt 0.8684 0.6330 0.0000
vt 0.4219 0.3669 0.0000
vt 0.8709 0.6424 0.0000
vt 0.8669 0.6422 0.0000
vt 0.4219 0.3569 0.0000
vt 0.8714 0.6508 0.0000
vt 0.8676 0.6515 0.0000
vt 0.4219 0.3470 0.0000
vt 0.8740 0.6587 0.0000
vt 0.8704 0.6603 0.0000
vt 0.4219 0.3372 0.0000
vt 0.8783 0.6658 0.0000
vt 0.8752 0.6682 0.0000
vt 0.4219 0.3273 0.0000
vt 0.8842 0.6717 0.0000
vt 0.8818 0.6748 0.0000
vt 0.4219 0.3175 0.0000
vt 0.8913 0.6760 0.0000
vt 0.8897 0.6796 0.0000
vt 0.4219 0.3077 0.0000
vt 0.8992 0.6785 0.0000
vt 0.8985 0.6824 0.0000
vt 0.4219 0.2978 0.0000
vt 0.9074 0.6791 0.0000
vt 0.9077 0.6831 0.0000
vt 0.4219 0.2880 0.0000
vt 0.9156 0.6778 0.0000
vt 0.9168 0.6815 0.0000
vt 0.4219 0.2782 0.0000
vt 0.9232 0.6746 0.0000
vt 0.9252 0.6779 0.0000
vt 0.4219 0.2684 0.0000
vt 0.9299 0.6696 0.0000
vt 0.9327 0.6724 0.0000
vt 0.4219 0.2586 0.0000
vt 0.9352 0.6632 0.0000
vt 0.9386 0.6653 0.0000
vt 0.4219 0.2488 0.0000
vt 0.9390 0.6557 0.0000
vt 0.9427 0.6569 0.0000
vt 0.4219 0.2389 0.0000
vt 0.9408 0.6475 0.0000
vt 0.9447 0.6478 0.0000
vt 0.4219 0.2290 0.0000
vt 0.9405 0.6391 0.0000
vt 0.9444 0.6384 0.0000
vt 0.9361 0.6471 0.0000
vt 0.9360 0.6398 0.0000
vt 0.9341 0.6327 0.0000
vt 0.9245 0.6418 0.0000
vt 0.9234 0.6373 0.0000
vt 0.9212 0.6332 0.0000
vt 0.9305 0.6262 0.0000
vt 0.9180 0.6297 0.0000
vt 0.9254 0.6207 0.0000
vt 0.9140 0.6271 0.0000
vt 0.9190 0.6166 0.0000
vt 0.9095 0.6256 0.0000
vt 0.9118 0.6142 0.0000
vt 0.9047 0.6253 0.0000
vt 0.9042 0.6136 0.0000
vt 0.9000 0.6262 0.0000
vt 0.8967 0.6149 0.0000
vt 0.8957 0.6282 0.0000
vt 0.8898 0.6181 0.0000
vt 0.8922 0.6311 0.0000
vt 0.8839 0.6228 0.0000
vt 0.8895 0.6348 0.0000
vt 0.8795 0.6288 0.0000
vt 0.8878 0.6389 0.0000
vt 0.8766 0.6356 0.0000
vt 0.8871 0.6433 0.0000
vt 0.8754 0.6427 0.0000
vt 0.8874 0.6478 0.0000
vt 0.8760 0.6499 0.0000
vt 0.8888 0.6520 0.0000
vt 0.8782 0.6568 0.0000
vt 0.8912 0.6558 0.0000
vt 0.8819 0.6630 0.0000
vt 0.8943 0.6589 0.0000
vt 0.8870 0.6680 0.0000
vt 0.8981 0.6612 0.0000
vt 0.8932 0.6718 0.0000
vt 0.9023 0.6625 0.0000
vt 0.9000 0.6740 0.0000
vt 0.9066 0.6628 0.0000
vt 0.9072 0.6745 0.0000
vt 0.9110 0.6621 0.0000
vt 0.9143 0.6734 0.0000
vt 0.9150 0.6604 0.0000
vt 0.9209 0.6706 0.0000
vt 0.9185 0.6579 0.0000
vt 0.9267 0.6663 0.0000
vt 0.9214 0.6546 0.0000
vt 0.9314 0.6608 0.0000
vt 0.9234 0.6507 0.0000
vt 0.9346 0.6542 0.0000
vt 0.9245 0.6464 0.0000
vt 0.9777 0.9115 0.0000
vt 0.9622 0.9115 0.0000
vt 0.9622 0.9072 0.0000
vt 0.9777 0.9072 0.0000
vt 0.9622 0.9027 0.0000
vt 0.9777 0.9027 0.0000
vt 0.9622 0.8981 0.0000
vt 0.9777 0.8981 0.0000
vt 0.9622 0.8935 0.0000
vt 0.9777 0.8935 0.0000
vt 0.9622 0.8887 0.0000
vt 0.9777 0.8887 0.0000
vt 0.9622 0.8840 0.0000
vt 0.9777 0.8840 0.0000
vt 0.9622 0.8793 0.0000
vt 0.9777 0.8793 0.0000
vt 0.9622 0.9922 0.0000
vt 0.9777 0.9922 0.0000
vt 0.9777 0.9972 0.0000
vt 0.9622 0.9972 0.0000
vt 0.9777 0.9871 0.0000
vt 0.9622 0.9871 0.0000
vt 0.9777 0.9821 0.0000
vt 0.9622 0.9821 0.0000
vt 0.9777 0.9772 0.0000
vt 0.9622 0.9772 0.0000
vt 0.9777 0.9726 0.0000
vt 0.9622 0.9726 0.0000
vt 0.9777 0.9683 0.0000
vt 0.9622 0.9683 0.0000
vt 0.9777 0.9639 0.0000
vt 0.9622 0.9639 0.0000
vt 0.9777 0.9595 0.0000
vt 0.9622 0.9595 0.0000
vt 0.9777 0.9551 0.0000
vt 0.9622 0.9551 0.0000
vt 0.9777 0.9507 0.0000
vt 0.9622 0.9506 0.0000
vt 0.9777 0.9463 0.0000
vt 0.9622 0.9462 0.0000
vt 0.9777 0.9419 0.0000
vt 0.9622 0.9418 0.0000
vt 0.9777 0.9375 0.0000
vt 0.9622 0.9374 0.0000
vt 0.9777 0.9331 0.0000
vt 0.9622 0.9330 0.0000
vt 0.9777 0.9287 0.0000
vt 0.9622 0.9287 0.0000
vt 0.9777 0.9243 0.0000
vt 0.9622 0.9243 0.0000
vt 0.9622 0.9200 0.0000
vt 0.9777 0.9200 0.0000
vt 0.9622 0.9158 0.0000
vt 0.9777 0.9158 0.0000
vt 0.8726 0.3784 0.0000
vt 0.8705 0.3749 0.0000
vt 0.8786 0.3690 0.0000
vt 0.8819 0.3745 0.0000
vt 0.8838 0.3809 0.0000
vt 0.8740 0.3823 0.0000
vt 0.8906 0.3716 0.0000
vt 0.8928 0.3803 0.0000
vt 0.8930 0.3891 0.0000
vt 0.8842 0.3875 0.0000
vt 0.8744 0.3866 0.0000
vt 0.8911 0.3978 0.0000
vt 0.8830 0.3941 0.0000
vt 0.8738 0.3909 0.0000
vt 0.8867 0.4061 0.0000
vt 0.8800 0.4006 0.0000
vt 0.8721 0.3951 0.0000
vt 0.8808 0.4130 0.0000
vt 0.8756 0.4061 0.0000
vt 0.8693 0.3989 0.0000
vt 0.8738 0.4182 0.0000
vt 0.8702 0.4103 0.0000
vt 0.8657 0.4018 0.0000
vt 0.8655 0.4214 0.0000
vt 0.8639 0.4129 0.0000
vt 0.8615 0.4037 0.0000
vt 0.8564 0.4223 0.0000
vt 0.8566 0.4139 0.0000
vt 0.8566 0.4045 0.0000
vt 0.8474 0.4212 0.0000
vt 0.8492 0.4130 0.0000
vt 0.8514 0.4039 0.0000
vt 0.8391 0.4181 0.0000
vt 0.8424 0.4103 0.0000
vt 0.8467 0.4019 0.0000
vt 0.8315 0.4131 0.0000
vt 0.8366 0.4060 0.0000
vt 0.8429 0.3988 0.0000
vt 0.8252 0.4064 0.0000
vt 0.8321 0.4007 0.0000
vt 0.8403 0.3953 0.0000
vt 0.8211 0.3988 0.0000
vt 0.8293 0.3949 0.0000
vt 0.8386 0.3915 0.0000
vt 0.8191 0.3908 0.0000
vt 0.8280 0.3888 0.0000
vt 0.8379 0.3874 0.0000
vt 0.8191 0.3821 0.0000
vt 0.8282 0.3823 0.0000
vt 0.8381 0.3833 0.0000
vt 0.8212 0.3735 0.0000
vt 0.8299 0.3760 0.0000
vt 0.8393 0.3792 0.0000
vt 0.8252 0.3655 0.0000
vt 0.8330 0.3701 0.0000
vt 0.8414 0.3755 0.0000
vt 0.8310 0.3587 0.0000
vt 0.8375 0.3651 0.0000
vt 0.8443 0.3723 0.0000
vt 0.8382 0.3535 0.0000
vt 0.8429 0.3613 0.0000
vt 0.8478 0.3700 0.0000
vt 0.8466 0.3502 0.0000
vt 0.8492 0.3589 0.0000
vt 0.8518 0.3685 0.0000
vt 0.8555 0.3489 0.0000
vt 0.8559 0.3580 0.0000
vt 0.8560 0.3680 0.0000
vt 0.8645 0.3498 0.0000
vt 0.8625 0.3587 0.0000
vt 0.8602 0.3685 0.0000
vt 0.8730 0.3527 0.0000
vt 0.8688 0.3609 0.0000
vt 0.8642 0.3699 0.0000
vt 0.8804 0.3575 0.0000
vt 0.8742 0.3643 0.0000
vt 0.8676 0.3720 0.0000
vt 0.8864 0.3640 0.0000
vt 0.8952 0.3587 0.0000
vt 0.9007 0.3690 0.0000
vt 0.9035 0.3802 0.0000
vt 0.9035 0.3919 0.0000
vt 0.9008 0.4030 0.0000
vt 0.8952 0.4135 0.0000
vt 0.8876 0.4220 0.0000
vt 0.8781 0.4284 0.0000
vt 0.8677 0.4323 0.0000
vt 0.8565 0.4337 0.0000
vt 0.8453 0.4325 0.0000
vt 0.8348 0.4287 0.0000
vt 0.8253 0.4224 0.0000
vt 0.8176 0.4141 0.0000
vt 0.8121 0.4043 0.0000
vt 0.8091 0.3937 0.0000
vt 0.8086 0.3823 0.0000
vt 0.8109 0.3711 0.0000
vt 0.8158 0.3607 0.0000
vt 0.8232 0.3516 0.0000
vt 0.8327 0.3446 0.0000
vt 0.8433 0.3401 0.0000
vt 0.8549 0.3384 0.0000
vt 0.8664 0.3394 0.0000
vt 0.8777 0.3434 0.0000
vt 0.8876 0.3501 0.0000
vt 0.7053 0.7862 0.0000
vt 0.7143 0.7725 0.0000
vt 0.7286 0.7911 0.0000
vt 0.7115 0.7982 0.0000
vt 0.6925 0.8017 0.0000
vt 0.6910 0.7841 0.0000
vt 0.7019 0.7660 0.0000
vt 0.6560 0.7879 0.0000
vt 0.6696 0.7831 0.0000
vt 0.6692 0.8024 0.0000
vt 0.6503 0.8014 0.0000
vt 0.6331 0.7939 0.0000
vt 0.6464 0.7744 0.0000
vt 0.6586 0.7657 0.0000
vt 0.7344 0.8673 0.0000
vt 0.7244 0.8757 0.0000
vt 0.7189 0.8590 0.0000
vt 0.7382 0.8569 0.0000
vt 0.6412 0.8775 0.0000
vt 0.6335 0.8664 0.0000
vt 0.6535 0.8659 0.0000
vt 0.6529 0.8833 0.0000
vt 0.6726 0.8867 0.0000
vt 0.6634 0.9010 0.0000
vt 0.6463 0.8955 0.0000
vt 0.6313 0.8863 0.0000
vt 0.6185 0.8742 0.0000
vt 0.6085 0.8592 0.0000
vt 0.6076 0.8781 0.0000
vt 0.5964 0.8610 0.0000
vt 0.5904 0.8417 0.0000
vt 0.6031 0.8421 0.0000
vt 0.5902 0.8225 0.0000
vt 0.6024 0.8246 0.0000
vt 0.4246 0.0869 0.0000
vt 0.4514 0.0703 0.0000
vt 0.4634 0.0901 0.0000
vt 0.4315 0.1054 0.0000
vt 0.4715 0.1078 0.0000
vt 0.4375 0.1265 0.0000
vt 0.4804 0.1269 0.0000
vt 0.4434 0.1470 0.0000
vt 0.0310 0.1723 0.0000
vt 0.0033 0.1542 0.0000
vt 0.0113 0.1402 0.0000
vt 0.0408 0.1561 0.0000
vt 0.0176 0.1239 0.0000
vt 0.0487 0.1393 0.0000
vt 0.0262 0.1058 0.0000
vt 0.0566 0.1202 0.0000
vt 0.0356 0.0871 0.0000
vt 0.0644 0.1032 0.0000
vt 0.0468 0.0673 0.0000
vt 0.0741 0.0849 0.0000
vt 0.0615 0.0470 0.0000
vt 0.0862 0.0660 0.0000
vt 0.0806 0.0281 0.0000
vt 0.1018 0.0496 0.0000
vt 0.1049 0.0137 0.0000
vt 0.1198 0.0362 0.0000
vt 0.1328 0.0067 0.0000
vt 0.1414 0.0270 0.0000
vt 0.1608 0.0056 0.0000
vt 0.1642 0.0219 0.0000
vt 0.1858 0.0083 0.0000
vt 0.1887 0.0200 0.0000
vt 0.2079 0.0071 0.0000
vt 0.2109 0.0178 0.0000
vt 0.2331 0.0059 0.0000
vt 0.2343 0.0167 0.0000
vt 0.2564 0.0054 0.0000
vt 0.2564 0.0163 0.0000
vt 0.3231 0.0290 0.0000
vt 0.3005 0.0294 0.0000
vt 0.3009 0.0169 0.0000
vt 0.3254 0.0182 0.0000
vt 0.3486 0.0190 0.0000
vt 0.3439 0.0308 0.0000
vt 0.3721 0.0224 0.0000
vt 0.3649 0.0347 0.0000
vt 0.3962 0.0277 0.0000
vt 0.3846 0.0420 0.0000
vt 0.4370 0.0531 0.0000
vt 0.4591 0.0313 0.0000
vt 0.4775 0.0516 0.0000
vt 0.4915 0.0723 0.0000
vt 0.5024 0.0919 0.0000
vt 0.5119 0.1101 0.0000
vt 0.5196 0.1282 0.0000
vt 0.4902 0.1452 0.0000
vt 0.5273 0.1428 0.0000
vt 0.4999 0.1615 0.0000
vt 0.4148 0.0687 0.0000
vt 0.4018 0.0538 0.0000
vt 0.4184 0.0382 0.0000
vt 0.2572 0.0300 0.0000
vt 0.2793 0.0159 0.0000
vt 0.2790 0.0297 0.0000
vt 0.2355 0.0303 0.0000
vt 0.0811 0.1770 0.0000
vt 0.0714 0.1958 0.0000
vt 0.4597 0.1854 0.0000
vt 0.4504 0.1663 0.0000
vt 0.6170 0.7695 0.0000
vt 0.6238 0.7758 0.0000
vt 0.6133 0.7905 0.0000
vt 0.6039 0.7861 0.0000
vt 0.6059 0.8071 0.0000
vt 0.5953 0.8032 0.0000
vt 0.6265 0.8187 0.0000
vt 0.6249 0.8451 0.0000
vt 0.6487 0.8473 0.0000
vt 0.6717 0.8469 0.0000
vt 0.6737 0.8668 0.0000
vt 0.6997 0.8644 0.0000
vt 0.7038 0.8840 0.0000
vt 0.6999 0.9008 0.0000
vt 0.6815 0.9028 0.0000
vt 0.6601 0.9104 0.0000
vt 0.6394 0.9035 0.0000
vt 0.6225 0.8924 0.0000
vt 0.6808 0.9128 0.0000
vt 0.7018 0.9106 0.0000
vt 0.1922 0.0317 0.0000
vt 0.2134 0.0304 0.0000
vt 0.1713 0.0352 0.0000
vt 0.1522 0.0416 0.0000
vt 0.1358 0.0518 0.0000
vt 0.1221 0.0650 0.0000
vt 0.1119 0.0813 0.0000
vt 0.1045 0.0985 0.0000
vt 0.0983 0.1182 0.0000
vt 0.0931 0.1396 0.0000
vt 0.0877 0.1583 0.0000
vt 0.6496 0.7455 0.0000
vt 0.6695 0.7394 0.0000
vt 0.6710 0.7486 0.0000
vt 0.6530 0.7537 0.0000
vt 0.6371 0.7631 0.0000
vt 0.6324 0.7558 0.0000
vt 0.6470 0.8231 0.0000
vt 0.6705 0.8239 0.0000
vt 0.6945 0.8214 0.0000
vt 0.6965 0.8451 0.0000
vt 0.7176 0.8417 0.0000
vt 0.7334 0.8865 0.0000
vt 0.7175 0.8954 0.0000
vt 0.7401 0.8930 0.0000
vt 0.7216 0.9037 0.0000
vt 0.7466 0.8743 0.0000
vt 0.7552 0.8792 0.0000
vt 0.7267 0.7496 0.0000
vt 0.7227 0.7597 0.0000
vt 0.7070 0.7524 0.0000
vt 0.7093 0.7421 0.0000
vt 0.6897 0.7485 0.0000
vt 0.6903 0.7386 0.0000
vt 0.6731 0.7625 0.0000
vt 0.6879 0.7627 0.0000
vt 0.7446 0.7612 0.0000
vt 0.7367 0.7698 0.0000
vt 0.7587 0.7753 0.0000
vt 0.7482 0.7820 0.0000
vt 0.7687 0.7904 0.0000
vt 0.7570 0.7961 0.0000
vt 0.7757 0.8077 0.0000
vt 0.7626 0.8115 0.0000
vt 0.7776 0.8261 0.0000
vt 0.7645 0.8278 0.0000
vt 0.7750 0.8447 0.0000
vt 0.7625 0.8443 0.0000
vt 0.7672 0.8626 0.0000
vt 0.7563 0.8601 0.0000
vt 0.7416 0.8364 0.0000
vt 0.7381 0.8123 0.0000
vt 0.7157 0.8177 0.0000
vt 0.4356 0.0143 0.0000
vt 0.4073 0.0054 0.0000
vt 0.3779 0.0033 0.0000
vt 0.3511 0.0059 0.0000
vt 0.3282 0.0066 0.0000
vt 0.3020 0.0058 0.0000
vt 0.2787 0.0054 0.0000
vt 0.0107 0.2710 0.0000
vt 0.0112 0.2512 0.0000
vt 0.0212 0.2542 0.0000
vt 0.0208 0.2711 0.0000
vt 0.0218 0.2887 0.0000
vt 0.0120 0.2920 0.0000
vt 0.0277 0.3143 0.0000
vt 0.0341 0.3227 0.0000
vt 0.0261 0.3291 0.0000
vt 0.0184 0.3197 0.0000
vt 0.0138 0.3063 0.0000
vt 0.0233 0.3036 0.0000
vt 0.0557 0.3226 0.0000
vt 0.0522 0.3351 0.0000
vt 0.0421 0.3296 0.0000
vt 0.0415 0.3219 0.0000
vt 0.1111 0.3282 0.0000
vt 0.0999 0.3351 0.0000
vt 0.0982 0.3192 0.0000
vt 0.1156 0.3162 0.0000
vt 0.9785 0.3245 0.0000
vt 0.9785 0.3128 0.0000
vt 0.9883 0.3128 0.0000
vt 0.9883 0.3245 0.0000
vt 0.0939 0.2345 0.0000
vt 0.0916 0.2168 0.0000
vt 0.1021 0.2223 0.0000
vt 0.1128 0.2358 0.0000
vt 0.0384 0.2401 0.0000
vt 0.0233 0.2404 0.0000
vt 0.0284 0.2314 0.0000
vt 0.0356 0.2249 0.0000
vt 0.0538 0.2554 0.0000
vt 0.0364 0.2555 0.0000
vt 0.0553 0.2375 0.0000
vt 0.0735 0.2351 0.0000
vt 0.0735 0.2542 0.0000
vt 0.0741 0.2731 0.0000
vt 0.0536 0.2750 0.0000
vt 0.0980 0.2709 0.0000
vt 0.0981 0.2874 0.0000
vt 0.0748 0.2902 0.0000
vt 0.0980 0.3042 0.0000
vt 0.0742 0.3064 0.0000
vt 0.1177 0.2856 0.0000
vt 0.1171 0.3027 0.0000
vt 0.1165 0.3341 0.0000
vt 0.1034 0.3445 0.0000
vt 0.0885 0.3494 0.0000
vt 0.0878 0.3382 0.0000
vt 0.0740 0.3501 0.0000
vt 0.0757 0.3386 0.0000
vt 0.9785 0.1724 0.0000
vt 0.9883 0.1724 0.0000
vt 0.9883 0.1862 0.0000
vt 0.9785 0.1862 0.0000
vt 0.9883 0.1994 0.0000
vt 0.9785 0.1994 0.0000
vt 0.9972 0.2120 0.0000
vt 0.9883 0.2120 0.0000
vt 0.9972 0.1994 0.0000
vt 0.9785 0.2120 0.0000
vt 0.9883 0.2245 0.0000
vt 0.9785 0.2245 0.0000
vt 0.9972 0.2694 0.0000
vt 0.9883 0.2694 0.0000
vt 0.9883 0.2586 0.0000
vt 0.9972 0.2586 0.0000
vt 0.9972 0.2799 0.0000
vt 0.9883 0.2799 0.0000
vt 0.9972 0.2979 0.0000
vt 0.9883 0.2979 0.0000
vt 0.9785 0.3341 0.0000
vt 0.9883 0.3341 0.0000
vt 0.9972 0.3341 0.0000
vt 0.9972 0.3432 0.0000
vt 0.9883 0.3432 0.0000
vt 0.9972 0.3511 0.0000
vt 0.9883 0.3511 0.0000
vt 0.9972 0.3637 0.0000
vt 0.9972 0.3763 0.0000
vt 0.9883 0.3763 0.0000
vt 0.9883 0.3637 0.0000
vt 0.9883 0.0327 0.0000
vt 0.9883 0.0189 0.0000
vt 0.9972 0.0189 0.0000
vt 0.9972 0.0327 0.0000
vt 0.9972 0.0595 0.0000
vt 0.9883 0.0595 0.0000
vt 0.9883 0.0466 0.0000
vt 0.9972 0.0466 0.0000
vt 0.9972 0.0815 0.0000
vt 0.9883 0.0815 0.0000
vt 0.9883 0.0709 0.0000
vt 0.9972 0.0709 0.0000
vt 0.9972 0.1254 0.0000
vt 0.9883 0.1254 0.0000
vt 0.9883 0.1108 0.0000
vt 0.9972 0.1108 0.0000
vt 0.9972 0.1414 0.0000
vt 0.9883 0.1414 0.0000
vt 0.9883 0.1581 0.0000
vt 0.9972 0.1581 0.0000
vt 0.9972 0.1724 0.0000
vt 0.9785 0.1414 0.0000
vt 0.9785 0.1581 0.0000
vt 0.9785 0.0967 0.0000
vt 0.9883 0.0967 0.0000
vt 0.9785 0.1108 0.0000
vt 0.9785 0.0815 0.0000
vt 0.9785 0.0595 0.0000
vt 0.9785 0.0709 0.0000
vt 0.9785 0.0327 0.0000
vt 0.9785 0.0466 0.0000
vt 0.9785 0.0048 0.0000
vt 0.9883 0.0048 0.0000
vt 0.9785 0.0189 0.0000
vt 0.9785 0.3637 0.0000
vt 0.9785 0.3511 0.0000
vt 0.0290 0.2153 0.0000
vt 0.0194 0.2238 0.0000
vt 0.0128 0.2354 0.0000
vt 0.0369 0.2721 0.0000
vt 0.0374 0.2845 0.0000
vt 0.0376 0.2977 0.0000
vt 0.0406 0.3109 0.0000
vt 0.0541 0.2923 0.0000
vt 0.0555 0.3081 0.0000
vt 0.0738 0.3229 0.0000
vt 0.0632 0.3375 0.0000
vt 0.0481 0.3440 0.0000
vt 0.0361 0.3377 0.0000
vt 0.9883 0.2359 0.0000
vt 0.9785 0.2359 0.0000
vt 0.9883 0.2474 0.0000
vt 0.9785 0.2474 0.0000
vt 0.0608 0.3482 0.0000
vt 0.0378 0.2109 0.0000
vt 0.0438 0.2197 0.0000
vt 0.0519 0.2057 0.0000
vt 0.0547 0.2161 0.0000
vt 0.0677 0.2040 0.0000
vt 0.0671 0.2142 0.0000
vt 0.0835 0.2042 0.0000
vt 0.0796 0.2144 0.0000
vt 0.0963 0.2067 0.0000
vt 0.1081 0.2126 0.0000
vt 0.1181 0.2230 0.0000
vt 0.1245 0.2355 0.0000
vt 0.1270 0.2489 0.0000
vt 0.1158 0.2515 0.0000
vt 0.1273 0.2680 0.0000
vt 0.1170 0.2692 0.0000
vt 0.1273 0.2856 0.0000
vt 0.1270 0.3026 0.0000
vt 0.1248 0.3191 0.0000
vt 0.0965 0.2528 0.0000
vt 0.9972 0.3128 0.0000
vt 0.9785 0.2586 0.0000
vt 0.9972 0.3245 0.0000
vt 0.9972 0.1862 0.0000
vt 0.9972 0.2245 0.0000
vt 0.9785 0.2694 0.0000
vt 0.9785 0.2799 0.0000
vt 0.9785 0.2979 0.0000
vt 0.9785 0.3432 0.0000
vt 0.9785 0.3763 0.0000
vt 0.9785 0.1254 0.0000
vt 0.9972 0.0967 0.0000
vt 0.9972 0.0048 0.0000
vt 0.9972 0.2359 0.0000
vt 0.9972 0.2474 0.0000
vt 0.0907 0.4211 0.0000
vt 0.0844 0.4297 0.0000
vt 0.0774 0.4219 0.0000
vt 0.0812 0.4167 0.0000
vt 0.0754 0.4353 0.0000
vt 0.0718 0.4253 0.0000
vt 0.0649 0.4369 0.0000
vt 0.0654 0.4263 0.0000
vt 0.0546 0.4344 0.0000
vt 0.0591 0.4248 0.0000
vt 0.0460 0.4282 0.0000
vt 0.0539 0.4210 0.0000
vt 0.0405 0.4192 0.0000
vt 0.0505 0.4155 0.0000
vt 0.0388 0.4087 0.0000
vt 0.0495 0.4091 0.0000
vt 0.0413 0.3984 0.0000
vt 0.0510 0.4028 0.0000
vt 0.0475 0.3898 0.0000
vt 0.0548 0.3976 0.0000
vt 0.0566 0.3843 0.0000
vt 0.0604 0.3942 0.0000
vt 0.0671 0.3827 0.0000
vt 0.0668 0.3932 0.0000
vt 0.0774 0.3851 0.0000
vt 0.0731 0.3947 0.0000
vt 0.0860 0.3914 0.0000
vt 0.0783 0.3985 0.0000
vt 0.0915 0.4004 0.0000
vt 0.0817 0.4040 0.0000
vt 0.0931 0.4108 0.0000
vt 0.0827 0.4104 0.0000
vt 0.0662 0.4097 0.0000
vt 0.0961 0.4237 0.0000
vt 0.0991 0.4111 0.0000
vt 0.1015 0.4113 0.0000
vt 0.0983 0.4248 0.0000
vt 0.0900 0.4361 0.0000
vt 0.0884 0.4342 0.0000
vt 0.0781 0.4434 0.0000
vt 0.0774 0.4410 0.0000
vt 0.0643 0.4455 0.0000
vt 0.0645 0.4430 0.0000
vt 0.0508 0.4422 0.0000
vt 0.0519 0.4400 0.0000
vt 0.0395 0.4340 0.0000
vt 0.0414 0.4324 0.0000
vt 0.0323 0.4222 0.0000
vt 0.0347 0.4213 0.0000
vt 0.0301 0.4085 0.0000
vt 0.0326 0.4085 0.0000
vt 0.0333 0.3949 0.0000
vt 0.0357 0.3959 0.0000
vt 0.0415 0.3836 0.0000
vt 0.0433 0.3854 0.0000
vt 0.0534 0.3763 0.0000
vt 0.0544 0.3786 0.0000
vt 0.0672 0.3741 0.0000
vt 0.0672 0.3766 0.0000
vt 0.0808 0.3774 0.0000
vt 0.0798 0.3796 0.0000
vt 0.0921 0.3856 0.0000
vt 0.0903 0.3872 0.0000
vt 0.0994 0.3974 0.0000
vt 0.0971 0.3983 0.0000
vt 0.9727 0.1757 0.0000
vt 0.9727 0.1890 0.0000
vt 0.9551 0.1891 0.0000
vt 0.9551 0.1758 0.0000
vt 0.9727 0.2023 0.0000
vt 0.9551 0.2024 0.0000
vt 0.9727 0.2156 0.0000
vt 0.9551 0.2158 0.0000
vt 0.9727 0.0025 0.0000
vt 0.9727 0.0158 0.0000
vt 0.9551 0.0159 0.0000
vt 0.9551 0.0026 0.0000
vt 0.9727 0.0291 0.0000
vt 0.9551 0.0292 0.0000
vt 0.9727 0.0424 0.0000
vt 0.9551 0.0426 0.0000
vt 0.9727 0.0558 0.0000
vt 0.9551 0.0559 0.0000
vt 0.9727 0.0691 0.0000
vt 0.9551 0.0692 0.0000
vt 0.9727 0.0824 0.0000
vt 0.9551 0.0825 0.0000
vt 0.9727 0.0957 0.0000
vt 0.9551 0.0959 0.0000
vt 0.9727 0.1091 0.0000
vt 0.9551 0.1092 0.0000
vt 0.9727 0.1224 0.0000
vt 0.9551 0.1225 0.0000
vt 0.9727 0.1357 0.0000
vt 0.9551 0.1358 0.0000
vt 0.9727 0.1490 0.0000
vt 0.9551 0.1492 0.0000
vt 0.9727 0.1624 0.0000
vt 0.9551 0.1625 0.0000
vt 0.3886 0.1063 0.0000
vt 0.3816 0.0986 0.0000
vt 0.3854 0.0934 0.0000
vt 0.3950 0.0978 0.0000
vt 0.3795 0.1117 0.0000
vt 0.3760 0.1019 0.0000
vt 0.3690 0.1133 0.0000
vt 0.3696 0.1029 0.0000
vt 0.3588 0.1107 0.0000
vt 0.3633 0.1013 0.0000
vt 0.3503 0.1043 0.0000
vt 0.3581 0.0974 0.0000
vt 0.3449 0.0952 0.0000
vt 0.3548 0.0918 0.0000
vt 0.3433 0.0847 0.0000
vt 0.3539 0.0854 0.0000
vt 0.3459 0.0744 0.0000
vt 0.3555 0.0791 0.0000
vt 0.3523 0.0659 0.0000
vt 0.3593 0.0739 0.0000
vt 0.3614 0.0604 0.0000
vt 0.3649 0.0706 0.0000
vt 0.3719 0.0589 0.0000
vt 0.3713 0.0696 0.0000
vt 0.3821 0.0615 0.0000
vt 0.3776 0.0712 0.0000
vt 0.3906 0.0678 0.0000
vt 0.3828 0.0751 0.0000
vt 0.3960 0.0770 0.0000
vt 0.3861 0.0807 0.0000
vt 0.3976 0.0875 0.0000
vt 0.3870 0.0871 0.0000
vt 0.3704 0.0863 0.0000
vt 0.4027 0.1011 0.0000
vt 0.4005 0.1002 0.0000
vt 0.4036 0.0876 0.0000
vt 0.4061 0.0876 0.0000
vt 0.3944 0.1124 0.0000
vt 0.3927 0.1107 0.0000
vt 0.3824 0.1196 0.0000
vt 0.3816 0.1173 0.0000
vt 0.3686 0.1216 0.0000
vt 0.3687 0.1192 0.0000
vt 0.3551 0.1181 0.0000
vt 0.3562 0.1160 0.0000
vt 0.3439 0.1098 0.0000
vt 0.3458 0.1082 0.0000
vt 0.3368 0.0977 0.0000
vt 0.3391 0.0970 0.0000
vt 0.3348 0.0839 0.0000
vt 0.3373 0.0842 0.0000
vt 0.3383 0.0704 0.0000
vt 0.3405 0.0716 0.0000
vt 0.3466 0.0592 0.0000
vt 0.3482 0.0612 0.0000
vt 0.3586 0.0521 0.0000
vt 0.3594 0.0545 0.0000
vt 0.3723 0.0501 0.0000
vt 0.3722 0.0527 0.0000
vt 0.3858 0.0535 0.0000
vt 0.3847 0.0558 0.0000
vt 0.3969 0.0618 0.0000
vt 0.3951 0.0636 0.0000
vt 0.4041 0.0738 0.0000
vt 0.4018 0.0748 0.0000
vt 0.9321 0.1098 0.0000
vt 0.9496 0.1097 0.0000
vt 0.9496 0.1231 0.0000
vt 0.9321 0.1231 0.0000
vt 0.9321 0.0964 0.0000
vt 0.9496 0.0964 0.0000
vt 0.9321 0.0831 0.0000
vt 0.9496 0.0831 0.0000
vt 0.9321 0.0698 0.0000
vt 0.9496 0.0698 0.0000
vt 0.9321 0.0565 0.0000
vt 0.9496 0.0565 0.0000
vt 0.9321 0.0431 0.0000
vt 0.9496 0.0431 0.0000
vt 0.9321 0.0298 0.0000
vt 0.9496 0.0298 0.0000
vt 0.9321 0.0165 0.0000
vt 0.9496 0.0165 0.0000
vt 0.9321 0.0032 0.0000
vt 0.9496 0.0032 0.0000
vt 0.9321 0.2163 0.0000
vt 0.9321 0.2030 0.0000
vt 0.9496 0.2030 0.0000
vt 0.9496 0.2163 0.0000
vt 0.9321 0.1897 0.0000
vt 0.9496 0.1897 0.0000
vt 0.9321 0.1764 0.0000
vt 0.9496 0.1764 0.0000
vt 0.9321 0.1630 0.0000
vt 0.9496 0.1630 0.0000
vt 0.9321 0.1497 0.0000
vt 0.9496 0.1497 0.0000
vt 0.9321 0.1364 0.0000
vt 0.9496 0.1364 0.0000
# 3746 texture coords

g YVR_d3_right_controller
usemtl lambert2SG13
s off
f 1/1/1 2/2/1 3/3/1 4/4/1 
f 3/3/2 5/5/2 6/6/2 4/4/2 
f 4/4/3 7/7/3 8/8/3 9/9/3 
f 6/6/4 10/10/4 7/7/4 4/4/4 
f 9/9/5 11/11/5 1/1/5 4/4/5 
f 12/12/6 13/13/6 14/14/6 15/15/6 
f 15/15/7 16/16/7 17/17/7 12/12/7 
f 17/17/8 18/18/8 19/19/8 12/12/8 
f 20/20/9 21/21/9 22/22/9 23/23/9 
f 24/24/10 21/21/10 20/20/10 25/25/10 
f 20/20/11 23/23/11 26/26/11 25/25/11 
f 27/27/12 28/28/12 29/29/12 30/30/12 
f 27/27/13 30/30/13 31/31/13 32/32/13 
f 27/27/14 32/32/14 33/33/14 28/28/14 
f 34/34/15 35/35/15 36/36/15 37/37/15 
f 37/37/16 38/38/16 39/39/16 34/34/16 
f 39/39/17 40/40/17 41/41/17 34/34/17 
f 42/42/18 43/43/18 44/44/18 
f 42/42/19 44/44/19 45/45/19 
f 42/42/20 46/46/20 47/47/20 43/43/20 
f 48/48/21 49/49/21 50/50/21 51/51/21 
f 51/51/22 52/52/22 53/53/22 48/48/22 
f 48/48/23 53/53/23 54/54/23 49/49/23 
f 55/55/24 56/56/24 57/57/24 58/58/24 
f 58/58/25 59/59/25 60/60/25 55/55/25 
f 58/58/26 57/57/26 61/61/26 59/59/26 
f 62/62/27 63/63/27 64/64/27 65/65/27 
f 65/65/28 64/64/28 66/66/28 67/67/28 
f 67/67/29 68/68/29 69/69/29 65/65/29 
f 65/65/30 69/69/30 70/70/30 71/71/30 
f 71/71/31 72/72/31 62/62/31 65/65/31 
f 73/73/32 74/74/32 75/75/32 76/76/32 
f 73/73/33 76/76/33 77/77/33 78/78/33 
f 79/79/34 74/74/34 73/73/34 78/78/34 
f 80/80/35 81/81/35 82/82/35 83/83/35 
f 83/83/36 84/84/36 85/85/36 80/80/36 
f 86/86/37 87/87/37 84/84/37 83/83/37 
f 88/88/38 89/89/38 90/90/38 91/91/38 
f 88/92/39 91/93/39 92/94/39 93/95/39 
f 88/88/40 93/96/40 94/97/40 89/89/40 
f 95/98/41 96/99/41 97/100/41 98/101/41 
f 99/102/42 100/103/42 95/98/42 98/101/42 
f 101/104/43 102/105/43 99/102/43 98/101/43 
f 103/106/44 104/107/44 105/108/44 106/109/44 
f 103/106/45 107/110/45 108/111/45 104/107/45 
f 106/109/46 109/112/46 107/110/46 103/106/46 
f 110/113/47 111/114/47 112/115/47 113/116/47 
f 114/117/48 115/118/48 116/119/48 110/113/48 
f 116/119/49 117/120/49 111/114/49 110/113/49 
f 118/121/50 119/122/50 120/123/50 121/124/50 
f 121/124/51 120/123/51 122/125/51 123/126/51 
f 123/126/52 124/127/52 125/128/52 121/124/52 
f 126/129/53 127/130/53 118/121/53 121/124/53 
f 121/124/54 125/128/54 128/131/54 126/129/54 
f 129/132/55 130/133/55 131/134/55 132/135/55 
f 132/135/56 133/136/56 134/137/56 129/132/56 
f 129/132/57 134/137/57 135/138/57 136/139/57 
f 137/140/58 138/141/58 139/142/58 140/143/58 
f 140/143/59 141/144/59 142/145/59 137/140/59 
f 140/143/60 139/142/60 143/146/60 144/147/60 
f 145/148/61 146/149/61 147/150/61 148/151/61 
f 148/151/62 149/152/62 150/153/62 145/148/62 
f 145/148/63 151/154/63 152/155/63 146/149/63 
f 145/148/64 150/153/64 153/156/64 154/157/64 
f 155/158/65 156/159/65 157/160/65 158/161/65 
f 157/160/66 47/47/66 46/46/66 158/161/66 
f 158/161/67 46/46/67 159/162/67 160/163/67 
f 158/161/68 161/164/68 162/165/68 155/158/68 
f 160/163/69 163/166/69 161/164/69 158/161/69 
f 164/167/70 165/168/70 166/169/70 167/170/70 
f 167/170/71 168/171/71 169/172/71 164/167/71 
f 169/172/72 170/173/72 171/174/72 164/167/72 
f 172/175/73 173/176/73 165/168/73 164/167/73 
f 171/174/74 174/177/74 172/175/74 164/167/74 
f 175/178/75 176/179/75 177/180/75 178/181/75 
f 177/180/76 176/179/76 179/182/76 
f 177/180/77 179/182/77 180/183/77 181/184/77 
f 182/185/78 183/186/78 178/181/78 177/180/78 
f 184/187/79 185/188/79 186/189/79 187/190/79 
f 188/191/80 189/192/80 185/188/80 184/187/80 
f 190/193/81 191/194/81 192/195/81 184/187/81 
f 184/187/82 192/195/82 193/196/82 188/191/82 
f 187/190/83 194/197/83 190/193/83 184/187/83 
f 195/198/84 196/199/84 197/200/84 198/201/84 
f 198/201/85 199/202/85 200/203/85 195/198/85 
f 195/198/86 201/204/86 196/199/86 
f 195/198/87 200/203/87 202/205/87 203/206/87 
f 203/206/88 204/207/88 201/204/88 195/198/88 
f 205/208/89 206/209/89 207/210/89 208/211/89 
f 208/211/90 207/210/90 209/212/90 210/213/90 
f 210/214/91 211/215/91 212/216/91 208/217/91 
f 208/211/92 213/218/92 214/219/92 205/208/92 
f 212/216/93 215/220/93 213/221/93 208/217/93 
f 216/222/94 217/223/94 218/224/94 219/225/94 
f 220/226/95 221/227/95 217/223/95 216/222/95 
f 216/222/96 219/225/96 222/228/96 220/226/96 
f 223/229/97 224/230/97 225/231/97 226/232/97 
f 226/232/98 225/231/98 227/233/98 228/234/98 
f 229/235/99 230/236/99 231/237/99 226/232/99 
f 226/232/100 231/237/100 232/238/100 223/229/100 
f 228/234/101 233/239/101 229/235/101 226/232/101 
f 234/240/102 235/241/102 236/242/102 
f 237/243/103 238/244/103 234/240/103 236/242/103 
f 238/244/104 239/245/104 240/246/104 234/240/104 
f 234/240/105 240/246/105 241/247/105 
f 234/240/106 241/247/106 242/248/106 235/241/106 
f 243/249/107 244/250/107 235/251/107 242/252/107 
f 244/250/108 243/249/108 245/253/108 246/254/108 
f 246/254/109 247/255/109 248/256/109 244/250/109 
f 244/250/110 248/256/110 249/257/110 235/251/110 
f 248/256/111 250/258/111 251/259/111 249/257/111 
f 251/260/112 252/261/112 253/262/112 249/263/112 
f 254/264/113 255/265/113 253/262/113 252/261/113 
f 251/260/114 256/266/114 257/267/114 252/261/114 
f 252/261/115 257/267/115 258/268/115 254/264/115 
f 257/267/116 259/269/116 260/270/116 258/268/116 
f 259/269/117 219/225/117 218/224/117 260/270/117 
f 259/269/118 257/267/118 256/266/118 261/271/118 
f 261/271/119 262/272/119 219/225/119 259/269/119 
f 262/273/120 261/274/120 263/275/120 264/276/120 
f 264/276/121 265/277/121 266/278/121 262/273/121 
f 262/272/122 266/279/122 222/228/122 219/225/122 
f 265/277/123 267/280/123 268/281/123 266/278/123 
f 266/279/124 268/282/124 269/283/124 222/228/124 
f 268/282/125 270/284/125 271/285/125 269/283/125 
f 271/285/126 272/286/126 273/287/126 269/283/126 
f 269/283/127 273/287/127 220/226/127 222/228/127 
f 272/286/128 274/288/128 275/289/128 273/287/128 
f 273/287/129 275/289/129 276/290/129 220/226/129 
f 275/289/130 277/291/130 278/292/130 276/290/130 
f 276/290/131 278/292/131 279/293/131 280/294/131 
f 280/294/132 221/227/132 220/226/132 276/290/132 
f 278/292/133 281/295/133 282/296/133 279/293/133 
f 283/297/134 284/298/134 285/299/134 286/300/134 
f 285/299/135 287/301/135 288/302/135 286/300/135 
f 287/301/136 289/303/136 290/304/136 288/302/136 
f 289/303/137 102/105/137 291/305/137 290/304/137 
f 102/105/138 101/104/138 292/306/138 291/305/138 
f 292/306/139 101/104/139 293/307/139 
f 293/307/140 101/104/140 294/308/140 295/309/140 
f 295/309/141 294/308/141 296/310/141 297/311/141 
f 297/311/142 296/310/142 298/312/142 299/313/142 
f 299/313/143 298/312/143 80/80/143 85/85/143 
f 298/312/144 300/314/144 81/81/144 80/80/144 
f 300/314/145 301/315/145 302/316/145 81/81/145 
f 300/314/146 298/312/146 296/310/146 303/317/146 
f 303/317/147 304/318/147 301/315/147 300/314/147 
f 304/318/148 305/319/148 306/320/148 301/315/148 
f 304/318/149 303/317/149 307/321/149 308/322/149 
f 308/322/150 309/323/150 305/319/150 304/318/150 
f 309/323/151 310/324/151 311/325/151 305/319/151 
f 309/323/152 308/322/152 97/100/152 312/326/152 
f 312/326/153 313/327/153 310/324/153 309/323/153 
f 313/327/154 314/328/154 315/329/154 310/324/154 
f 314/328/155 313/327/155 316/330/155 317/331/155 
f 317/331/156 318/332/156 319/333/156 314/328/156 
f 318/332/157 320/334/157 321/335/157 319/333/157 
f 318/332/158 317/331/158 66/66/158 64/64/158 
f 64/64/159 63/63/159 320/334/159 318/332/159 
f 320/334/160 322/336/160 323/337/160 321/335/160 
f 322/336/161 324/338/161 325/339/161 323/337/161 
f 322/336/162 320/334/162 63/63/162 326/340/162 
f 326/340/163 327/341/163 324/338/163 322/336/163 
f 327/341/164 328/342/164 329/343/164 324/338/164 
f 327/341/165 326/340/165 330/344/165 331/345/165 
f 331/345/166 332/346/166 328/342/166 327/341/166 
f 332/346/167 333/347/167 334/348/167 328/342/167 
f 331/345/168 335/349/168 336/350/168 332/346/168 
f 336/350/169 337/351/169 333/347/169 332/346/169 
f 338/352/170 339/353/170 333/354/170 337/355/170 
f 336/350/171 340/356/171 341/357/171 337/351/171 
f 337/355/172 341/358/172 342/359/172 338/352/172 
f 343/360/173 344/361/173 338/352/173 342/359/173 
f 341/358/174 345/362/174 346/363/174 342/359/174 
f 342/359/175 346/363/175 347/364/175 343/360/175 
f 348/365/176 349/366/176 343/360/176 347/364/176 
f 346/363/177 350/367/177 351/368/177 347/364/177 
f 347/364/178 351/368/178 352/369/178 348/365/178 
f 353/370/179 354/371/179 348/365/179 352/369/179 
f 351/368/180 355/372/180 356/373/180 352/369/180 
f 352/369/181 356/373/181 357/374/181 353/370/181 
f 357/374/182 358/375/182 359/376/182 353/370/182 
f 356/373/183 360/377/183 361/378/183 357/374/183 
f 357/374/184 361/378/184 362/379/184 358/375/184 
f 362/379/185 363/380/185 364/381/185 358/375/185 
f 361/378/186 365/382/186 366/383/186 362/379/186 
f 366/383/187 367/384/187 363/380/187 362/379/187 
f 368/385/188 369/386/188 363/380/188 367/384/188 
f 366/383/189 370/387/189 371/388/189 367/384/189 
f 367/384/190 371/388/190 372/389/190 368/385/190 
f 373/390/191 374/391/191 368/385/191 372/389/191 
f 371/388/192 375/392/192 376/393/192 372/389/192 
f 372/389/193 376/393/193 377/394/193 373/390/193 
f 378/395/194 379/396/194 373/390/194 377/394/194 
f 376/393/195 380/397/195 381/398/195 377/394/195 
f 377/394/196 381/398/196 382/399/196 378/395/196 
f 383/400/197 384/401/197 378/395/197 382/399/197 
f 381/398/198 385/402/198 386/403/198 382/399/198 
f 382/399/199 386/403/199 387/404/199 383/400/199 
f 388/405/200 389/406/200 383/400/200 387/404/200 
f 386/403/201 390/407/201 391/408/201 387/404/201 
f 387/404/202 391/408/202 392/409/202 388/405/202 
f 393/410/203 394/411/203 388/412/203 392/413/203 
f 391/408/204 395/414/204 396/415/204 392/409/204 
f 392/413/205 396/416/205 397/417/205 393/410/205 
f 396/416/205 398/418/205 399/419/205 397/417/205 
f 397/420/206 399/421/206 400/422/206 401/423/206 
f 399/421/207 402/424/207 403/425/207 400/422/207 
f 402/424/208 404/426/208 405/427/208 403/425/208 
f 406/428/209 407/429/209 408/430/209 409/431/209 
f 410/432/210 406/428/210 409/431/210 411/433/210 
f 412/434/211 413/435/211 414/436/211 415/437/211 
f 416/438/212 413/435/212 412/434/212 417/439/212 
f 418/440/213 419/441/213 420/442/213 394/443/213 
f 421/444/214 418/440/214 394/443/214 393/445/214 
f 401/423/215 421/444/215 393/445/215 397/420/215 
f 422/446/216 420/442/216 419/441/216 423/447/216 
f 420/448/205 422/449/205 424/450/205 389/451/205 
f 389/451/203 388/412/203 394/411/203 420/448/203 
f 422/449/203 425/452/203 426/453/203 424/450/203 
f 424/454/217 426/455/217 427/456/217 384/401/217 
f 384/401/218 383/400/218 389/406/218 424/454/218 
f 426/455/219 428/457/219 429/458/219 427/456/219 
f 427/456/220 429/458/220 430/459/220 379/396/220 
f 379/396/221 378/395/221 384/401/221 427/456/221 
f 429/458/222 431/460/222 432/461/222 430/459/222 
f 432/461/223 433/462/223 374/391/223 430/459/223 
f 430/459/224 374/391/224 373/390/224 379/396/224 
f 432/461/225 434/463/225 435/464/225 433/462/225 
f 435/464/226 436/465/226 369/386/226 433/462/226 
f 433/462/227 369/386/227 368/385/227 374/391/227 
f 436/465/228 435/464/228 437/466/228 438/467/228 
f 438/467/205 439/468/205 364/381/205 436/465/205 
f 364/381/205 363/380/205 369/386/205 436/465/205 
f 439/468/203 438/467/203 440/469/203 441/470/203 
f 441/470/229 442/471/229 359/376/229 439/468/229 
f 439/468/230 359/376/230 358/375/230 364/381/230 
f 442/471/231 441/470/231 443/472/231 444/473/231 
f 444/473/232 445/474/232 354/371/232 442/471/232 
f 354/371/233 353/370/233 359/376/233 442/471/233 
f 445/474/234 444/473/234 156/159/234 155/158/234 
f 445/474/235 155/158/235 162/165/235 349/366/235 
f 349/366/236 348/365/236 354/371/236 445/474/236 
f 444/473/237 443/472/237 446/475/237 156/159/237 
f 446/475/238 447/476/238 448/477/238 449/478/238 
f 449/478/239 157/160/239 156/159/239 446/475/239 
f 443/472/240 450/479/240 447/476/240 446/475/240 
f 450/479/241 451/480/241 452/481/241 447/476/241 
f 450/479/242 443/472/242 441/470/242 440/469/242 
f 440/469/243 453/482/243 451/480/243 450/479/243 
f 453/482/244 454/483/244 455/484/244 451/480/244 
f 453/482/245 440/469/245 438/467/245 437/466/245 
f 437/466/246 456/485/246 454/483/246 453/482/246 
f 456/485/247 457/486/247 458/487/247 454/483/247 
f 456/485/248 437/466/248 435/464/248 434/463/248 
f 434/463/249 459/488/249 457/486/249 456/485/249 
f 459/488/250 460/489/250 461/490/250 457/486/250 
f 434/463/251 432/461/251 431/460/251 459/488/251 
f 431/460/252 462/491/252 460/489/252 459/488/252 
f 417/492/205 412/493/205 460/494/205 462/495/205 
f 431/460/253 429/458/253 428/457/253 462/491/253 
f 462/495/254 428/496/254 463/497/254 417/492/254 
f 417/439/255 463/498/255 464/499/255 416/438/255 
f 428/496/203 426/453/203 425/452/203 463/497/203 
f 463/498/256 425/500/256 465/501/256 464/499/256 
f 425/500/257 422/446/257 423/447/257 465/501/257 
f 415/437/258 414/436/258 466/502/258 467/503/258 
f 467/504/203 468/505/203 461/506/203 415/507/203 
f 415/507/205 461/506/205 460/494/205 412/493/205 
f 468/505/205 467/504/205 469/508/205 470/509/205 
f 470/510/259 471/511/259 458/487/259 468/512/259 
f 468/512/260 458/487/260 457/486/260 461/490/260 
f 471/511/261 470/510/261 472/513/261 473/514/261 
f 473/514/262 474/515/262 455/484/262 471/511/262 
f 471/511/263 455/484/263 454/483/263 458/487/263 
f 474/515/264 473/514/264 475/516/264 476/517/264 
f 474/515/265 476/517/265 477/518/265 452/481/265 
f 474/515/266 452/481/266 451/480/266 455/484/266 
f 476/517/267 478/519/267 479/520/267 477/518/267 
f 479/520/268 480/521/268 448/477/268 477/518/268 
f 477/518/269 448/477/269 447/476/269 452/481/269 
f 480/521/270 479/520/270 481/522/270 482/523/270 
f 482/523/271 483/524/271 484/525/271 480/521/271 
f 480/521/272 484/525/272 449/478/272 448/477/272 
f 484/525/273 483/524/273 43/43/273 47/47/273 
f 47/47/274 157/160/274 449/478/274 484/525/274 
f 482/523/275 485/526/275 486/527/275 483/524/275 
f 483/524/276 486/527/276 487/528/276 43/43/276 
f 486/527/277 485/526/277 488/529/277 489/530/277 
f 486/527/278 489/530/278 490/531/278 487/528/278 
f 490/531/279 489/530/279 491/532/279 492/533/279 
f 490/531/280 492/533/280 493/534/280 494/535/280 
f 494/535/281 495/536/281 487/528/281 490/531/281 
f 494/535/282 493/534/282 496/537/282 497/538/282 
f 497/538/283 498/539/283 495/536/283 494/535/283 
f 497/538/284 496/537/284 499/540/284 500/541/284 
f 500/541/285 501/542/285 498/539/285 497/538/285 
f 501/542/286 502/543/286 44/44/286 498/539/286 
f 503/544/287 504/545/287 505/546/287 45/45/287 
f 506/547/288 507/548/288 508/549/288 509/550/288 
f 508/549/289 507/548/289 510/551/289 
f 511/552/290 505/546/290 508/549/290 510/551/290 
f 512/553/291 513/554/291 159/162/291 510/551/291 
f 510/551/292 159/162/292 46/46/292 511/552/292 
f 513/554/293 512/553/293 514/555/293 197/200/293 
f 197/200/294 196/199/294 515/556/294 513/554/294 
f 513/554/295 515/556/295 160/163/295 159/162/295 
f 515/556/296 196/199/296 201/204/296 516/557/296 
f 516/557/297 163/166/297 160/163/297 515/556/297 
f 201/204/298 517/558/298 518/559/298 516/557/298 
f 516/557/299 518/559/299 519/560/299 163/166/299 
f 518/559/300 520/561/300 521/562/300 519/560/300 
f 519/560/301 521/562/301 339/353/301 522/563/301 
f 522/563/302 161/164/302 163/166/302 519/560/302 
f 339/353/303 338/352/303 344/361/303 522/563/303 
f 522/563/304 344/361/304 162/165/304 161/164/304 
f 520/561/305 523/564/305 334/565/305 521/562/305 
f 521/562/306 334/565/306 333/354/306 339/353/306 
f 523/564/307 520/561/307 524/566/307 525/567/307 
f 525/568/308 526/569/308 329/343/308 523/570/308 
f 523/570/309 329/343/309 328/342/309 334/348/309 
f 526/569/310 325/339/310 324/338/310 329/343/310 
f 325/339/311 526/569/311 527/571/311 528/572/311 
f 528/572/312 529/573/312 323/337/312 325/339/312 
f 529/573/313 528/572/313 530/574/313 531/575/313 
f 531/575/314 532/576/314 533/577/314 529/573/314 
f 529/573/315 533/577/315 321/335/315 323/337/315 
f 532/576/316 534/578/316 535/579/316 533/577/316 
f 533/577/317 535/579/317 319/333/317 321/335/317 
f 534/578/318 536/580/318 315/329/318 535/579/318 
f 535/579/319 315/329/319 314/328/319 319/333/319 
f 536/580/320 534/578/320 537/581/320 538/582/320 
f 538/582/321 539/583/321 311/325/321 536/580/321 
f 536/580/322 311/325/322 310/324/322 315/329/322 
f 539/583/323 538/582/323 540/584/323 541/585/323 
f 541/585/324 542/586/324 306/320/324 539/583/324 
f 539/583/325 306/320/325 305/319/325 311/325/325 
f 542/586/326 302/316/326 301/315/326 306/320/326 
f 302/316/327 542/586/327 543/587/327 544/588/327 
f 544/588/328 82/82/328 81/81/328 302/316/328 
f 544/588/329 543/587/329 545/589/329 546/590/329 
f 546/590/330 547/591/330 82/82/330 544/588/330 
f 547/591/331 548/592/331 83/83/331 82/82/331 
f 548/592/332 86/86/332 83/83/332 
f 549/593/333 550/594/333 551/595/333 552/596/333 
f 553/597/334 554/598/334 555/599/334 
f 555/599/335 554/598/335 556/600/335 557/601/335 
f 557/601/336 558/602/336 551/595/336 555/599/336 
f 559/603/337 553/597/337 560/604/337 561/605/337 
f 559/603/338 561/605/338 562/606/338 241/247/338 
f 563/607/339 242/248/339 241/247/339 562/606/339 
f 564/608/340 243/249/340 242/252/340 563/609/340 
f 565/610/341 245/253/341 243/249/341 564/608/341 
f 245/253/342 565/610/342 566/611/342 567/612/342 
f 568/613/343 569/614/343 570/615/343 567/612/343 
f 567/612/344 570/615/344 246/254/344 245/253/344 
f 569/614/345 571/616/345 572/617/345 570/615/345 
f 570/615/346 572/617/346 247/255/346 246/254/346 
f 571/616/347 573/618/347 574/619/347 572/617/347 
f 572/617/348 574/619/348 575/620/348 247/255/348 
f 250/258/349 248/256/349 247/255/349 575/620/349 
f 574/619/350 576/621/350 577/622/350 575/620/350 
f 575/620/351 577/622/351 578/623/351 250/258/351 
f 256/624/352 251/259/352 250/258/352 578/623/352 
f 577/622/353 579/625/353 263/275/353 578/623/353 
f 578/623/354 263/275/354 261/274/354 256/624/354 
f 579/625/355 577/622/355 576/621/355 580/626/355 
f 580/626/356 581/627/356 582/628/356 579/625/356 
f 579/625/357 582/628/357 264/276/357 263/275/357 
f 581/627/358 583/629/358 584/630/358 582/628/358 
f 582/628/359 584/630/359 265/277/359 264/276/359 
f 583/629/360 585/631/360 586/632/360 584/630/360 
f 584/630/361 586/632/361 267/280/361 265/277/361 
f 586/632/362 585/631/362 587/633/362 588/634/362 
f 588/634/363 589/635/363 267/280/363 586/632/363 
f 589/635/364 588/634/364 590/636/364 591/637/364 
f 591/637/365 592/638/365 270/639/365 589/635/365 
f 589/635/366 270/639/366 268/281/366 267/280/366 
f 592/638/367 591/637/367 593/640/367 594/641/367 
f 594/642/368 595/643/368 596/644/368 592/645/368 
f 592/645/369 596/644/369 271/285/369 270/284/369 
f 595/643/370 597/646/370 598/647/370 596/644/370 
f 596/644/371 598/647/371 272/286/371 271/285/371 
f 597/646/372 599/648/372 600/649/372 598/647/372 
f 598/647/373 600/649/373 274/288/373 272/286/373 
f 599/648/374 601/650/374 602/651/374 600/649/374 
f 600/649/375 602/651/375 603/652/375 274/288/375 
f 602/651/376 604/653/376 605/654/376 603/652/376 
f 603/652/377 605/654/377 606/655/377 277/291/377 
f 277/291/378 275/289/378 274/288/378 603/652/378 
f 605/654/379 233/239/379 607/656/379 606/655/379 
f 606/655/380 607/656/380 285/299/380 284/298/380 
f 606/655/381 284/298/381 281/295/381 277/291/381 
f 233/239/382 228/234/382 608/657/382 607/656/382 
f 607/656/383 608/657/383 287/301/383 285/299/383 
f 608/657/384 609/658/384 289/303/384 287/301/384 
f 228/234/385 227/233/385 609/658/385 608/657/385 
f 609/658/386 99/102/386 102/105/386 289/303/386 
f 227/233/387 100/103/387 99/102/387 609/658/387 
f 604/653/388 229/235/388 233/239/388 605/654/388 
f 604/653/389 602/651/389 601/650/389 610/659/389 
f 610/659/390 230/236/390 229/235/390 604/653/390 
f 610/659/391 601/650/391 611/660/391 612/661/391 
f 612/661/392 613/662/392 230/236/392 610/659/392 
f 613/662/393 612/661/393 614/663/393 615/664/393 
f 615/664/394 616/665/394 617/666/394 613/662/394 
f 617/666/395 231/237/395 230/236/395 613/662/395 
f 616/665/396 618/667/396 619/668/396 617/666/396 
f 619/668/397 232/238/397 231/237/397 617/666/397 
f 618/667/398 92/94/398 620/669/398 619/668/398 
f 620/669/399 621/670/399 232/238/399 619/668/399 
f 621/670/400 622/671/400 223/229/400 232/238/400 
f 621/670/401 620/669/401 623/672/401 624/673/401 
f 624/673/402 625/674/402 622/671/402 621/670/402 
f 625/674/403 626/675/403 627/676/403 622/671/403 
f 625/677/404 624/678/404 628/679/404 629/680/404 
f 629/680/405 630/681/405 626/682/405 625/677/405 
f 631/683/406 632/684/406 626/682/406 630/681/406 
f 630/681/407 629/680/407 633/685/407 634/686/407 
f 634/686/408 635/687/408 631/683/408 630/681/408 
f 636/688/409 637/689/409 631/683/409 635/687/409 
f 634/686/410 638/690/410 639/691/410 635/687/410 
f 639/691/411 640/692/411 636/688/411 635/687/411 
f 640/692/412 641/693/412 642/694/412 636/688/412 
f 643/695/413 644/696/413 645/697/413 642/694/413 
f 642/694/414 645/697/414 637/689/414 636/688/414 
f 641/693/415 646/698/415 643/695/415 642/694/415 
f 647/699/416 648/700/416 643/695/416 646/698/416 
f 649/701/417 650/702/417 651/703/417 648/700/417 
f 648/700/418 651/703/418 644/696/418 643/695/418 
f 648/700/419 647/699/419 652/704/419 649/701/419 
f 653/705/420 654/706/420 649/701/420 652/704/420 
f 655/707/421 656/708/421 657/709/421 654/706/421 
f 654/706/422 657/709/422 650/702/422 649/701/422 
f 654/706/423 653/705/423 658/710/423 655/707/423 
f 659/711/424 660/712/424 655/707/424 658/710/424 
f 660/712/425 661/713/425 662/714/425 663/715/425 
f 660/712/426 663/715/426 656/708/426 655/707/426 
f 660/712/427 659/711/427 664/716/427 661/713/427 
f 665/717/428 666/718/428 661/713/428 664/716/428 
f 666/718/429 667/719/429 668/720/429 669/721/429 
f 669/721/430 662/714/430 661/713/430 666/718/430 
f 665/717/431 670/722/431 667/719/431 666/718/431 
f 670/722/432 671/723/432 672/724/432 667/719/432 
f 672/724/433 673/725/433 205/208/433 214/219/433 
f 214/219/434 668/720/434 667/719/434 672/724/434 
f 672/724/435 671/723/435 674/726/435 673/725/435 
f 674/726/436 675/727/436 676/728/436 673/725/436 
f 206/209/437 205/208/437 673/725/437 676/728/437 
f 675/727/438 677/729/438 678/730/438 676/728/438 
f 676/728/439 678/730/439 679/731/439 206/209/439 
f 680/732/440 207/210/440 206/209/440 679/731/440 
f 678/730/441 681/733/441 682/734/441 679/731/441 
f 679/731/442 682/734/442 683/735/442 680/732/442 
f 684/736/443 685/737/443 680/732/443 683/735/443 
f 682/734/444 686/738/444 687/739/444 683/735/444 
f 683/735/445 687/739/445 688/740/445 684/736/445 
f 689/741/446 690/742/446 684/736/446 688/740/446 
f 687/739/447 691/743/447 692/744/447 688/740/447 
f 688/740/448 692/744/448 693/745/448 689/741/448 
f 694/746/449 695/747/449 689/741/449 693/745/449 
f 692/744/450 696/748/450 697/749/450 693/745/450 
f 693/745/451 697/749/451 698/750/451 694/746/451 
f 699/751/452 700/752/452 694/753/452 698/754/452 
f 697/749/453 701/755/453 702/756/453 698/750/453 
f 698/754/454 702/757/454 703/758/454 699/751/454 
f 704/759/455 705/760/455 699/751/455 703/758/455 
f 702/757/456 706/761/456 707/762/456 703/758/456 
f 703/758/457 707/762/457 708/763/457 704/759/457 
f 708/763/458 709/764/458 710/765/458 704/759/458 
f 707/762/459 711/766/459 712/767/459 708/763/459 
f 712/767/460 713/768/460 709/764/460 708/763/460 
f 713/768/461 714/769/461 715/770/461 709/764/461 
f 713/768/462 712/767/462 716/771/462 717/772/462 
f 717/772/463 718/773/463 714/769/463 713/768/463 
f 718/773/464 719/774/464 720/775/464 714/769/464 
f 718/773/465 717/772/465 721/776/465 722/777/465 
f 722/777/466 723/778/466 719/774/466 718/773/466 
f 724/779/467 725/780/467 719/774/467 723/778/467 
f 723/778/468 722/777/468 726/781/468 727/782/468 
f 723/778/469 727/782/469 728/783/469 724/779/469 
f 729/784/470 730/785/470 724/779/470 728/783/470 
f 727/782/471 731/786/471 732/787/471 728/783/471 
f 728/783/472 732/787/472 733/788/472 729/784/472 
f 734/789/473 735/790/473 729/784/473 733/788/473 
f 732/787/48 736/791/48 737/792/48 733/788/48 
f 733/788/474 737/792/474 738/793/474 734/789/474 
f 739/794/475 740/795/475 734/789/475 738/793/475 
f 737/792/476 741/796/476 742/797/476 738/793/476 
f 738/793/477 742/797/477 743/798/477 739/794/477 
f 744/799/478 745/800/478 739/794/478 743/798/478 
f 742/797/205 746/801/205 747/802/205 743/798/205 
f 743/798/479 747/802/479 748/803/479 744/799/479 
f 749/804/480 750/805/480 744/799/480 748/803/480 
f 747/802/481 751/806/481 752/807/481 748/803/481 
f 748/803/482 752/807/482 753/808/482 749/804/482 
f 411/809/205 409/810/205 749/811/205 753/812/205 
f 752/807/483 754/813/483 755/814/483 753/808/483 
f 755/815/205 756/816/205 411/809/205 753/812/205 
f 411/433/484 756/817/484 757/818/484 410/432/484 
f 755/815/205 758/819/205 759/820/205 756/816/205 
f 756/817/485 759/821/485 760/822/485 761/823/485 
f 756/817/486 761/823/486 757/818/486 
f 760/822/487 759/821/487 762/824/487 763/825/487 
f 760/822/488 763/825/488 761/823/488 
f 763/825/489 762/824/489 764/826/489 765/827/489 
f 765/827/490 764/826/490 766/828/490 767/829/490 
f 767/829/491 766/828/491 768/830/491 769/831/491 
f 769/831/492 768/830/492 770/832/492 771/833/492 
f 771/833/493 770/832/493 772/834/493 773/835/493 
f 773/835/494 772/834/494 774/836/494 775/837/494 
f 775/837/495 774/836/495 776/838/495 777/839/495 
f 777/839/496 776/838/496 778/840/496 779/841/496 
f 779/841/497 778/840/497 780/842/497 781/843/497 
f 781/843/498 780/842/498 782/844/498 783/845/498 
f 783/845/499 782/844/499 784/846/499 785/847/499 
f 784/846/500 786/848/500 787/849/500 785/847/500 
f 786/848/501 788/850/501 789/851/501 787/849/501 
f 788/850/502 790/852/502 791/853/502 789/851/502 
f 790/852/503 792/854/503 793/855/503 791/853/503 
f 793/855/504 792/854/504 794/856/504 795/857/504 
f 795/857/505 794/856/505 796/858/505 797/859/505 
f 797/859/506 796/858/506 469/860/506 798/861/506 
f 798/861/507 469/860/507 467/503/507 466/502/507 
f 794/862/508 799/863/508 472/864/508 796/865/508 
f 796/865/509 472/864/509 470/509/509 469/508/509 
f 799/863/205 794/862/205 792/866/205 800/867/205 
f 800/868/510 801/869/510 475/516/510 799/870/510 
f 799/870/511 475/516/511 473/514/511 472/513/511 
f 801/869/512 800/868/512 802/871/512 803/872/512 
f 803/872/513 804/873/513 478/519/513 801/869/513 
f 801/869/514 478/519/514 476/517/514 475/516/514 
f 804/873/515 803/872/515 805/874/515 806/875/515 
f 804/873/516 806/875/516 807/876/516 481/522/516 
f 481/522/517 479/520/517 478/519/517 804/873/517 
f 806/875/518 808/877/518 809/878/518 807/876/518 
f 809/878/519 488/529/519 485/526/519 807/876/519 
f 807/876/520 485/526/520 482/523/520 481/522/520 
f 809/878/521 808/877/521 810/879/521 811/880/521 
f 811/880/522 812/881/522 488/529/522 809/878/522 
f 811/880/523 813/882/523 814/883/523 812/881/523 
f 814/883/524 815/884/524 491/532/524 812/881/524 
f 812/881/525 491/532/525 489/530/525 488/529/525 
f 815/884/526 814/883/526 816/885/526 2/2/526 
f 2/2/527 1/1/527 817/886/527 815/884/527 
f 815/884/528 817/886/528 492/533/528 491/532/528 
f 817/886/529 1/1/529 11/11/529 818/887/529 
f 818/887/530 493/534/530 492/533/530 817/886/530 
f 818/887/531 11/11/531 37/37/531 36/36/531 
f 36/36/532 496/537/532 493/534/532 818/887/532 
f 816/885/533 819/888/533 820/889/533 821/890/533 
f 821/890/534 3/3/534 2/2/534 816/885/534 
f 816/885/535 814/883/535 813/882/535 819/888/535 
f 821/890/536 820/889/536 822/891/536 823/892/536 
f 823/892/537 5/5/537 3/3/537 821/890/537 
f 823/892/538 822/891/538 824/893/538 825/894/538 
f 825/894/539 826/895/539 5/5/539 823/892/539 
f 826/895/540 825/894/540 827/896/540 828/897/540 
f 828/897/541 829/898/541 830/899/541 826/895/541 
f 826/895/542 830/899/542 6/6/542 5/5/542 
f 829/898/543 831/900/543 832/901/543 830/899/543 
f 830/899/544 832/901/544 10/10/544 6/6/544 
f 831/900/205 833/902/205 834/903/205 832/901/205 
f 832/901/545 834/903/545 835/904/545 10/10/545 
f 834/903/203 836/905/203 837/906/203 835/904/203 
f 835/904/203 837/906/203 838/907/203 839/908/203 
f 839/908/546 7/7/546 10/10/546 835/904/546 
f 838/907/547 840/909/547 841/910/547 839/908/547 
f 841/910/548 8/8/548 7/7/548 839/908/548 
f 840/909/205 842/911/205 843/912/205 841/910/205 
f 843/912/549 844/913/549 8/8/549 841/910/549 
f 844/913/550 843/912/550 845/914/550 846/915/550 
f 846/915/551 39/39/551 38/38/551 844/913/551 
f 844/913/552 38/38/552 9/9/552 8/8/552 
f 845/914/553 847/916/553 848/917/553 846/915/553 
f 848/917/554 40/40/554 39/39/554 846/915/554 
f 847/916/555 849/918/555 850/919/555 848/917/555 
f 848/917/556 850/919/556 851/920/556 40/40/556 
f 850/919/557 119/122/557 852/921/557 851/920/557 
f 851/920/558 852/921/558 853/922/558 854/923/558 
f 854/923/559 41/41/559 40/40/559 851/920/559 
f 855/924/560 856/925/560 857/926/560 858/927/560 
f 858/927/561 859/928/561 860/929/561 855/924/561 
f 861/930/562 862/931/562 863/932/562 864/933/562 
f 864/933/563 865/934/563 866/935/563 861/930/563 
f 864/933/564 127/130/564 867/936/564 865/934/564 
f 865/934/565 867/936/565 868/937/565 869/938/565 
f 869/938/566 870/939/566 866/935/566 865/934/566 
f 869/938/567 868/937/567 871/940/567 872/941/567 
f 872/941/568 873/942/568 870/939/568 869/938/568 
f 871/940/569 874/943/569 875/944/569 872/941/569 
f 875/944/570 876/945/570 873/942/570 872/941/570 
f 874/943/571 877/946/571 878/947/571 875/944/571 
f 879/948/572 876/945/572 875/944/572 878/947/572 
f 880/949/573 881/950/573 882/951/573 857/926/573 
f 880/949/574 857/926/574 856/925/574 883/952/574 
f 881/950/575 199/202/575 198/201/575 882/951/575 
f 882/951/576 198/201/576 197/200/576 884/953/576 
f 882/951/577 884/953/577 858/927/577 857/926/577 
f 881/950/578 877/946/578 199/202/578 
f 885/954/579 886/955/579 887/956/579 888/957/579 
f 888/957/580 887/956/580 200/203/580 199/202/580 
f 888/957/581 874/943/581 871/940/581 885/954/581 
f 887/956/582 886/955/582 24/24/582 25/25/582 
f 887/956/583 25/25/583 202/205/583 200/203/583 
f 889/958/584 890/959/584 24/24/584 886/955/584 
f 886/955/585 885/954/585 891/960/585 889/958/585 
f 892/961/586 893/962/586 889/958/586 891/960/586 
f 885/954/587 871/940/587 868/937/587 891/960/587 
f 891/960/588 868/937/588 867/936/588 892/961/588 
f 893/962/589 894/963/589 890/959/589 889/958/589 
f 893/962/590 892/961/590 126/129/590 128/131/590 
f 128/131/591 895/964/591 894/963/591 893/962/591 
f 895/964/592 151/154/592 896/965/592 894/963/592 
f 895/964/593 128/131/593 125/128/593 897/966/593 
f 897/966/594 152/155/594 151/154/594 895/964/594 
f 897/966/595 125/128/595 124/127/595 898/967/595 
f 898/967/596 899/968/596 152/155/596 897/966/596 
f 900/969/597 901/970/597 849/918/597 847/916/597 
f 847/916/598 845/914/598 902/971/598 900/969/598 
f 903/972/599 904/973/599 905/974/599 906/975/599 
f 905/974/600 907/976/600 908/977/600 906/975/600 
f 904/973/601 168/171/601 909/978/601 905/974/601 
f 905/974/602 909/978/602 148/151/602 907/976/602 
f 168/171/603 167/170/603 910/979/603 909/978/603 
f 909/978/604 910/979/604 149/152/604 148/151/604 
f 167/170/605 166/169/605 911/980/605 910/979/605 
f 910/979/606 911/980/606 587/633/606 149/152/606 
f 166/169/607 912/981/607 590/636/607 911/980/607 
f 911/980/608 590/636/608 588/634/608 587/633/608 
f 912/981/609 166/169/609 165/168/609 913/982/609 
f 913/982/610 914/983/610 593/640/610 912/981/610 
f 912/981/611 593/640/611 591/637/611 590/636/611 
f 914/983/612 913/982/612 915/984/612 916/985/612 
f 916/985/613 917/986/613 918/987/613 914/983/613 
f 914/983/614 918/987/614 594/641/614 593/640/614 
f 917/988/615 919/989/615 920/990/615 918/991/615 
f 918/991/616 920/990/616 595/643/616 594/642/616 
f 919/989/617 921/992/617 922/993/617 920/990/617 
f 920/990/618 922/993/618 597/646/618 595/643/618 
f 921/992/619 923/994/619 924/995/619 922/993/619 
f 922/993/620 924/995/620 599/648/620 597/646/620 
f 923/994/621 925/996/621 611/660/621 924/995/621 
f 924/995/622 611/660/622 601/650/622 599/648/622 
f 925/996/623 923/994/623 926/997/623 927/998/623 
f 927/998/624 928/999/624 614/663/624 925/996/624 
f 925/996/625 614/663/625 612/661/625 611/660/625 
f 928/1000/626 927/1001/626 138/141/626 137/140/626 
f 137/140/627 142/145/627 929/1002/627 928/1000/627 
f 928/999/628 929/1003/628 615/664/628 614/663/628 
f 142/145/629 930/1004/629 931/1005/629 929/1002/629 
f 929/1003/630 931/1006/630 616/665/630 615/664/630 
f 930/1004/631 932/1007/631 933/1008/631 931/1005/631 
f 931/1006/632 933/1009/632 618/667/632 616/665/632 
f 932/1007/633 94/97/633 93/96/633 933/1008/633 
f 933/1009/634 93/95/634 92/94/634 618/667/634 
f 932/1007/635 930/1004/635 934/1010/635 935/1011/635 
f 935/1011/636 936/1012/636 94/97/636 932/1007/636 
f 936/1012/637 935/1011/637 937/1013/637 938/1014/637 
f 936/1012/638 938/1014/638 939/1015/638 940/1016/638 
f 936/1012/639 940/1016/639 89/89/639 94/97/639 
f 941/1017/640 90/90/640 89/89/640 940/1016/640 
f 939/1015/641 942/1018/641 941/1017/641 940/1016/641 
f 943/1019/642 944/1020/642 941/1017/642 942/1018/642 
f 944/1020/643 945/1021/643 628/679/643 946/1022/643 
f 944/1020/644 946/1022/644 90/90/644 941/1017/644 
f 944/1020/645 943/1019/645 947/1023/645 945/1021/645 
f 947/1023/646 948/1024/646 633/685/646 945/1021/646 
f 948/1024/647 638/690/647 634/686/647 633/685/647 
f 946/1022/648 628/679/648 624/678/648 623/1025/648 
f 946/1022/649 623/1025/649 91/91/649 90/90/649 
f 945/1021/650 633/685/650 629/680/650 628/679/650 
f 935/1011/651 934/1010/651 949/1026/651 937/1013/651 
f 934/1010/652 141/144/652 950/1027/652 949/1026/652 
f 141/144/653 140/143/653 951/1028/653 950/1027/653 
f 140/143/654 144/147/654 952/1029/654 951/1028/654 
f 144/147/655 953/1030/655 954/1031/655 952/1029/655 
f 953/1030/656 955/1032/656 956/1033/656 954/1031/656 
f 955/1032/657 957/1034/657 958/1035/657 956/1033/657 
f 957/1034/658 959/1036/658 960/1037/658 958/1035/658 
f 960/1037/659 959/1036/659 961/1038/659 962/1039/659 
f 962/1039/660 961/1038/660 963/1040/660 964/1041/660 
f 964/1041/661 963/1040/661 965/1042/661 966/1043/661 
f 965/1042/662 967/1044/662 968/1045/662 966/1043/662 
f 967/1044/663 969/1046/663 970/1047/663 968/1045/663 
f 970/1047/664 969/1046/664 971/1048/664 972/1049/664 
f 972/1049/665 971/1048/665 973/1050/665 974/1051/665 
f 973/1050/666 975/1052/666 976/1053/666 974/1051/666 
f 975/1052/667 977/1054/667 978/1055/667 976/1053/667 
f 977/1054/668 979/1056/668 980/1057/668 978/1055/668 
f 979/1056/669 981/1058/669 982/1059/669 980/1057/669 
f 981/1058/670 983/1060/670 984/1061/670 982/1059/670 
f 983/1060/671 985/1062/671 986/1063/671 984/1061/671 
f 985/1062/672 681/733/672 987/1064/672 986/1063/672 
f 987/1064/673 681/733/673 678/730/673 677/729/673 
f 686/738/674 682/734/674 681/733/674 985/1062/674 
f 985/1062/675 983/1060/675 988/1065/675 686/738/675 
f 691/743/676 687/739/676 686/738/676 988/1065/676 
f 983/1060/677 981/1058/677 989/1066/677 988/1065/677 
f 988/1065/678 989/1066/678 990/1067/678 691/743/678 
f 696/748/679 692/744/679 691/743/679 990/1067/679 
f 989/1066/680 991/1068/680 992/1069/680 990/1067/680 
f 990/1067/681 992/1069/681 993/1070/681 696/748/681 
f 701/755/682 697/749/682 696/748/682 993/1070/682 
f 992/1069/683 994/1071/683 995/1072/683 993/1070/683 
f 993/1070/684 995/1072/684 996/1073/684 701/755/684 
f 706/1074/685 702/756/685 701/755/685 996/1073/685 
f 995/1072/686 997/1075/686 998/1076/686 996/1073/686 
f 996/1073/687 998/1076/687 999/1077/687 706/1074/687 
f 711/766/688 707/762/688 706/761/688 999/1078/688 
f 998/1076/689 1000/1079/689 1001/1080/689 999/1077/689 
f 1001/1081/690 1002/1082/690 711/766/690 999/1078/690 
f 1002/1082/691 716/771/691 712/767/691 711/766/691 
f 1002/1082/692 1001/1081/692 1003/1083/692 1004/1084/692 
f 1004/1084/693 1005/1085/693 716/771/693 1002/1082/693 
f 1005/1085/694 721/776/694 717/772/694 716/771/694 
f 1005/1085/695 1004/1084/695 1006/1086/695 1007/1087/695 
f 1007/1087/696 1008/1088/696 721/776/696 1005/1085/696 
f 1008/1088/697 726/781/697 722/777/697 721/776/697 
f 1008/1088/698 1007/1087/698 1009/1089/698 1010/1090/698 
f 1010/1090/699 1011/1091/699 726/781/699 1008/1088/699 
f 1011/1091/700 731/786/700 727/782/700 726/781/700 
f 1011/1091/701 1010/1090/701 1012/1092/701 1013/1093/701 
f 1013/1093/702 1014/1094/702 731/786/702 1011/1091/702 
f 736/791/703 732/787/703 731/786/703 1014/1094/703 
f 1014/1094/704 1013/1093/704 1015/1095/704 1016/1096/704 
f 1014/1094/705 1016/1096/705 1017/1097/705 736/791/705 
f 741/796/706 737/792/706 736/791/706 1017/1097/706 
f 1017/1097/707 1016/1096/707 186/189/707 1018/1098/707 
f 1018/1098/708 1019/1099/708 741/796/708 1017/1097/708 
f 1019/1099/709 746/801/709 742/797/709 741/796/709 
f 1019/1099/710 1018/1098/710 1020/1100/710 181/184/710 
f 181/184/711 180/183/711 746/801/711 1019/1099/711 
f 1018/1098/712 186/189/712 185/188/712 1020/1100/712 
f 1020/1100/713 185/188/713 189/192/713 182/185/713 
f 182/185/714 177/180/714 181/184/714 1020/1100/714 
f 1016/1096/715 1015/1095/715 187/190/715 186/189/715 
f 1013/1093/716 1012/1092/716 1021/1101/716 1015/1095/716 
f 1015/1095/717 1021/1101/717 194/197/717 187/190/717 
f 1012/1092/718 1022/1102/718 1023/1103/718 1021/1101/718 
f 1021/1101/719 1023/1103/719 1024/1104/719 194/197/719 
f 1023/1103/720 1025/1105/720 1026/1106/720 1024/1104/720 
f 1024/1104/721 1026/1106/721 1027/1107/721 1028/1108/721 
f 1028/1108/722 190/193/722 194/197/722 1024/1104/722 
f 1028/1108/723 1027/1107/723 1029/1109/723 1030/1110/723 
f 1028/1108/724 1030/1110/724 191/194/724 190/193/724 
f 1029/1109/725 1031/1111/725 1032/1112/725 1030/1110/725 
f 1030/1110/726 1032/1112/726 1033/1113/726 191/194/726 
f 1034/1114/727 192/195/727 191/194/727 1033/1113/727 
f 1032/1112/728 1035/1115/728 1036/1116/728 1033/1113/728 
f 1033/1113/729 1036/1116/729 1037/1117/729 1034/1114/729 
f 1038/1118/730 1039/1119/730 1034/1114/730 1037/1117/730 
f 1036/1116/731 1040/1120/731 1041/1121/731 1037/1117/731 
f 1041/1121/732 1042/1122/732 1038/1118/732 1037/1117/732 
f 1042/1122/733 1043/1123/733 1044/1124/733 1038/1118/733 
f 1042/1122/734 1041/1121/734 1045/1125/734 1046/1126/734 
f 1046/1126/735 1047/1127/735 1043/1123/735 1042/1122/735 
f 1047/1127/736 1046/1126/736 1048/1128/736 1049/1129/736 
f 1049/1129/737 1050/1130/737 1051/1131/737 1047/1127/737 
f 1049/1129/738 1052/1132/738 1053/1133/738 1050/1130/738 
f 1052/1132/739 1054/1134/739 1055/1135/739 1053/1133/739 
f 1056/1136/740 1044/1124/740 1043/1123/740 1057/1137/740 
f 1057/1137/741 1043/1123/741 1047/1127/741 1051/1131/741 
f 1056/1136/742 1058/1138/742 1059/1139/742 1044/1124/742 
f 1059/1139/743 1060/1140/743 193/196/743 1039/1119/743 
f 1059/1139/744 1039/1119/744 1038/1118/744 1044/1124/744 
f 1060/1140/745 1061/1141/745 188/191/745 193/196/745 
f 1061/1141/746 1062/1142/746 189/192/746 188/191/746 
f 1062/1142/747 1063/1143/747 1064/1144/747 
f 1065/1145/748 183/186/748 1062/1142/748 1064/1144/748 
f 1066/1146/749 1067/1147/749 178/181/749 183/186/749 
f 175/178/750 1068/1148/750 1069/1149/750 1070/1150/750 
f 1071/1151/751 1072/1152/751 1070/1150/751 1069/1149/751 
f 1072/1152/752 1071/1151/752 1073/1153/752 19/19/752 
f 1074/1154/753 12/12/753 19/19/753 1073/1153/753 
f 1075/1155/754 13/13/754 12/12/754 1074/1154/754 
f 1076/1156/755 113/116/755 13/13/755 1075/1155/755 
f 1077/1157/756 110/113/756 113/116/756 1076/1156/756 
f 1077/1157/757 1078/1158/757 114/117/757 110/113/757 
f 1078/1158/758 1079/1159/758 1080/1160/758 114/117/758 
f 1079/1159/759 1081/1161/759 131/134/759 1080/1160/759 
f 1080/1160/760 131/134/760 130/133/760 1082/1162/760 
f 1082/1162/761 115/118/761 114/117/761 1080/1160/761 
f 1081/1161/762 1083/1163/762 132/135/762 131/134/762 
f 1083/1163/763 1084/1164/763 133/136/763 132/135/763 
f 1084/1164/764 1085/1165/764 1086/1166/764 133/136/764 
f 1086/1166/765 1087/1167/765 171/174/765 170/173/765 
f 170/173/766 134/137/766 133/136/766 1086/1166/766 
f 1087/1167/767 1054/1134/767 174/177/767 171/174/767 
f 1052/1132/768 1088/1168/768 174/177/768 1054/1134/768 
f 1088/1168/769 1052/1132/769 1049/1129/769 1048/1128/769 
f 1048/1128/770 1089/1169/770 1090/1170/770 1088/1168/770 
f 1088/1168/771 1090/1170/771 172/175/771 174/177/771 
f 1089/1169/772 1091/1171/772 1092/1172/772 1090/1170/772 
f 1090/1170/773 1092/1172/773 173/176/773 172/175/773 
f 1091/1171/774 1093/1173/774 1094/1174/774 1092/1172/774 
f 1092/1172/775 1094/1174/775 915/984/775 173/176/775 
f 1093/1173/776 1095/1175/776 1096/1176/776 1094/1174/776 
f 1094/1174/777 1096/1176/777 916/985/777 915/984/777 
f 1095/1175/778 1097/1177/778 1098/1178/778 1096/1176/778 
f 1096/1176/779 1098/1178/779 917/986/779 916/985/779 
f 1097/1179/780 1099/1180/780 1100/1181/780 1098/1182/780 
f 1098/1183/781 1100/1184/781 919/989/781 917/988/781 
f 1099/1180/782 1101/1185/782 1102/1186/782 1100/1181/782 
f 1100/1184/783 1102/1187/783 921/992/783 919/989/783 
f 1101/1185/784 1103/1188/784 926/1189/784 1102/1186/784 
f 1102/1187/785 926/997/785 923/994/785 921/992/785 
f 1103/1188/786 1101/1185/786 1104/1190/786 1105/1191/786 
f 1105/1191/787 139/142/787 138/141/787 1103/1188/787 
f 1103/1188/788 138/141/788 927/1001/788 926/1189/788 
f 1105/1191/789 1104/1190/789 1106/1192/789 1107/1193/789 
f 1107/1193/790 143/146/790 139/142/790 1105/1191/790 
f 1107/1193/791 1106/1192/791 1108/1194/791 1109/1195/791 
f 1109/1195/792 1110/1196/792 143/146/792 1107/1193/792 
f 1110/1196/793 1109/1195/793 1111/1197/793 1112/1198/793 
f 1112/1198/794 955/1032/794 953/1030/794 1110/1196/794 
f 1110/1196/795 953/1030/795 144/147/795 143/146/795 
f 1112/1198/796 1111/1197/796 1113/1199/796 1114/1200/796 
f 1114/1200/797 957/1034/797 955/1032/797 1112/1198/797 
f 1114/1200/798 1113/1199/798 1115/1201/798 1116/1202/798 
f 1116/1202/799 959/1036/799 957/1034/799 1114/1200/799 
f 1116/1202/800 1115/1201/800 1117/1203/800 1118/1204/800 
f 1118/1204/801 961/1038/801 959/1036/801 1116/1202/801 
f 1118/1204/802 1117/1203/802 1119/1205/802 1120/1206/802 
f 1120/1206/803 963/1040/803 961/1038/803 1118/1204/803 
f 1120/1206/804 1119/1205/804 1121/1207/804 1122/1208/804 
f 1122/1208/805 965/1042/805 963/1040/805 1120/1206/805 
f 1122/1208/806 1121/1207/806 1123/1209/806 1124/1210/806 
f 1124/1210/807 967/1044/807 965/1042/807 1122/1208/807 
f 1124/1210/808 1123/1209/808 1125/1211/808 1126/1212/808 
f 1126/1212/809 969/1046/809 967/1044/809 1124/1210/809 
f 1125/1211/810 1127/1213/810 1128/1214/810 1126/1212/810 
f 1128/1214/811 971/1048/811 969/1046/811 1126/1212/811 
f 1127/1213/812 1129/1215/812 1130/1216/812 1128/1214/812 
f 1130/1216/813 973/1050/813 971/1048/813 1128/1214/813 
f 1129/1215/814 1131/1217/814 1132/1218/814 1130/1216/814 
f 1132/1218/815 975/1052/815 973/1050/815 1130/1216/815 
f 1131/1217/816 994/1071/816 1133/1219/816 1132/1218/816 
f 1132/1218/817 1133/1219/817 977/1054/817 975/1052/817 
f 994/1071/818 992/1069/818 991/1068/818 1133/1219/818 
f 991/1068/819 979/1056/819 977/1054/819 1133/1219/819 
f 997/1075/820 995/1072/820 994/1071/820 1131/1217/820 
f 1129/1215/821 1134/1220/821 997/1075/821 1131/1217/821 
f 1000/1079/822 998/1076/822 997/1075/822 1134/1220/822 
f 1129/1215/823 1127/1213/823 1135/1221/823 1134/1220/823 
f 1135/1221/824 1136/1222/824 1000/1079/824 1134/1220/824 
f 1003/1223/825 1001/1080/825 1000/1079/825 1136/1222/825 
f 1136/1222/826 1135/1221/826 1137/1224/826 1138/1225/826 
f 1138/1225/827 1139/1226/827 1003/1223/827 1136/1222/827 
f 1139/1227/828 1006/1086/828 1004/1084/828 1003/1083/828 
f 1139/1226/829 1138/1225/829 1140/1228/829 1141/1229/829 
f 1141/1230/830 1142/1231/830 1006/1086/830 1139/1227/830 
f 1142/1231/831 1009/1089/831 1007/1087/831 1006/1086/831 
f 1142/1231/832 1141/1230/832 1143/1232/832 1144/1233/832 
f 1144/1233/833 1022/1102/833 1009/1089/833 1142/1231/833 
f 1144/1233/834 1143/1232/834 1145/1234/834 1025/1105/834 
f 1025/1105/835 1023/1103/835 1022/1102/835 1144/1233/835 
f 1143/1235/836 1146/1236/836 1147/1237/836 1145/1238/836 
f 1145/1238/837 1147/1237/837 1148/1239/837 1149/1240/837 
f 1149/1241/838 1026/1106/838 1025/1105/838 1145/1234/838 
f 1149/1240/839 1148/1239/839 1150/1242/839 1151/1243/839 
f 1151/1244/840 1027/1107/840 1026/1106/840 1149/1241/840 
f 1151/1243/841 1150/1242/841 1152/1245/841 1153/1246/841 
f 1153/1247/842 1029/1109/842 1027/1107/842 1151/1244/842 
f 1153/1246/843 1152/1245/843 1154/1248/843 1155/1249/843 
f 1155/1250/844 1031/1111/844 1029/1109/844 1153/1247/844 
f 1155/1249/845 1154/1248/845 1156/1251/845 1157/1252/845 
f 1157/1253/846 1158/1254/846 1031/1111/846 1155/1250/846 
f 1035/1115/847 1032/1112/847 1031/1111/847 1158/1254/847 
f 1158/1254/848 1157/1253/848 1159/1255/848 1160/1256/848 
f 1158/1254/849 1160/1256/849 1161/1257/849 1035/1115/849 
f 1040/1120/850 1036/1116/850 1035/1115/850 1161/1257/850 
f 1161/1257/851 1160/1256/851 1162/1258/851 1163/1259/851 
f 1163/1259/852 1164/1260/852 1040/1120/852 1161/1257/852 
f 1164/1260/853 1045/1125/853 1041/1121/853 1040/1120/853 
f 1164/1260/854 1163/1259/854 1093/1173/854 1091/1171/854 
f 1091/1171/855 1089/1169/855 1045/1125/855 1164/1260/855 
f 1163/1259/856 1162/1258/856 1095/1175/856 1093/1173/856 
f 1160/1256/857 1159/1255/857 1165/1261/857 1162/1258/857 
f 1162/1258/858 1165/1261/858 1097/1177/858 1095/1175/858 
f 1159/1262/859 1166/1263/859 1167/1264/859 1165/1265/859 
f 1165/1265/860 1167/1264/860 1099/1180/860 1097/1179/860 
f 1166/1263/861 1106/1192/861 1104/1190/861 1167/1264/861 
f 1167/1264/862 1104/1190/862 1101/1185/862 1099/1180/862 
f 1166/1263/863 1159/1262/863 1157/1252/863 1156/1251/863 
f 1166/1263/864 1156/1251/864 1108/1194/864 1106/1192/864 
f 1156/1251/865 1154/1248/865 1168/1266/865 1108/1194/865 
f 1154/1248/866 1152/1245/866 1169/1267/866 1168/1266/866 
f 1168/1266/867 1169/1267/867 1113/1199/867 1111/1197/867 
f 1111/1197/868 1109/1195/868 1108/1194/868 1168/1266/868 
f 1169/1267/869 1152/1245/869 1150/1242/869 1170/1268/869 
f 1170/1268/870 1115/1201/870 1113/1199/870 1169/1267/870 
f 1170/1268/871 1150/1242/871 1148/1239/871 1171/1269/871 
f 1171/1269/872 1117/1203/872 1115/1201/872 1170/1268/872 
f 1171/1269/873 1148/1239/873 1147/1237/873 1172/1270/873 
f 1172/1270/874 1119/1205/874 1117/1203/874 1171/1269/874 
f 1172/1270/875 1147/1237/875 1146/1236/875 1173/1271/875 
f 1173/1271/876 1121/1207/876 1119/1205/876 1172/1270/876 
f 1173/1271/877 1146/1236/877 1140/1228/877 1174/1272/877 
f 1174/1272/878 1123/1209/878 1121/1207/878 1173/1271/878 
f 1174/1272/879 1140/1228/879 1138/1225/879 1137/1224/879 
f 1137/1224/880 1125/1211/880 1123/1209/880 1174/1272/880 
f 1146/1236/881 1143/1235/881 1141/1229/881 1140/1228/881 
f 1135/1221/882 1127/1213/882 1125/1211/882 1137/1224/882 
f 1089/1169/883 1048/1128/883 1046/1126/883 1045/1125/883 
f 1175/1273/884 1055/1135/884 1054/1134/884 1087/1167/884 
f 1087/1167/885 1086/1166/885 1085/1165/885 1175/1273/885 
f 1072/1152/886 1176/1274/886 1177/1275/886 1070/1150/886 
f 19/19/887 18/18/887 1176/1274/887 1072/1152/887 
f 1176/1274/888 1178/1276/888 1179/1277/888 1177/1275/888 
f 18/18/889 1180/1278/889 1178/1276/889 1176/1274/889 
f 1180/1278/890 1181/1279/890 1182/1280/890 1178/1276/890 
f 1180/1278/891 18/18/891 17/17/891 1183/1281/891 
f 1183/1281/892 1184/1282/892 1181/1279/892 1180/1278/892 
f 1184/1282/893 1185/1283/893 1186/1284/893 1181/1279/893 
f 1184/1282/894 1183/1281/894 1187/1285/894 1188/1286/894 
f 1188/1286/895 1189/1287/895 1185/1283/895 1184/1282/895 
f 1190/1288/896 1191/1289/896 1185/1283/896 1189/1287/896 
f 1189/1287/897 1188/1286/897 1192/1290/897 1193/1291/897 
f 1189/1287/898 1193/1291/898 1194/1292/898 1190/1288/898 
f 770/1293/205 768/1294/205 1190/1295/205 1194/1296/205 
f 1194/1292/899 1193/1291/899 1195/1297/899 1196/1298/899 
f 1196/1299/900 772/1300/900 770/1293/900 1194/1296/900 
f 1195/1297/901 1197/1301/901 1198/1302/901 1196/1298/901 
f 1196/1299/902 1198/1303/902 774/1304/902 772/1300/902 
f 1197/1301/903 1199/1305/903 1200/1306/903 1198/1302/903 
f 1200/1307/203 776/1308/203 774/1304/203 1198/1303/203 
f 1199/1305/904 1201/1309/904 1202/1310/904 1200/1306/904 
f 1200/1307/203 1202/1311/203 778/1312/203 776/1308/203 
f 1202/1310/905 1201/1309/905 1203/1313/905 1204/1314/905 
f 1204/1315/205 780/1316/205 778/1312/205 1202/1311/205 
f 1204/1314/906 1203/1313/906 1205/1317/906 1206/1318/906 
f 1204/1315/203 1206/1319/203 782/1320/203 780/1316/203 
f 1206/1318/907 1205/1317/907 1207/1321/907 1208/1322/907 
f 1208/1322/908 1207/1321/908 1209/1323/908 1210/1324/908 
f 1208/1325/203 1210/1326/203 786/1327/203 784/1328/203 
f 1210/1324/909 1209/1323/909 805/874/909 1211/1329/909 
f 1211/1330/203 788/1331/203 786/1327/203 1210/1326/203 
f 1211/1329/910 805/874/910 803/872/910 802/871/910 
f 802/1332/205 790/1333/205 788/1331/205 1211/1330/205 
f 1207/1321/911 810/879/911 808/877/911 1209/1323/911 
f 1209/1323/912 808/877/912 806/875/912 805/874/912 
f 1205/1317/913 1212/1334/913 810/879/913 1207/1321/913 
f 1212/1334/914 1205/1317/914 1203/1313/914 1213/1335/914 
f 1213/1335/915 819/888/915 813/882/915 1212/1334/915 
f 1212/1334/916 813/882/916 811/880/916 810/879/916 
f 1213/1335/917 1203/1313/917 1201/1309/917 1214/1336/917 
f 1214/1336/918 820/889/918 819/888/918 1213/1335/918 
f 1214/1336/919 1201/1309/919 1199/1305/919 1215/1337/919 
f 1215/1337/920 822/891/920 820/889/920 1214/1336/920 
f 1215/1337/921 1199/1305/921 1197/1301/921 1216/1338/921 
f 1216/1338/922 824/893/922 822/891/922 1215/1337/922 
f 1216/1338/923 1197/1301/923 1195/1297/923 1217/1339/923 
f 1217/1339/924 1218/1340/924 824/893/924 1216/1338/924 
f 1218/1340/925 1217/1339/925 1192/1290/925 1219/1341/925 
f 1219/1341/926 1220/1342/926 827/896/926 1218/1340/926 
f 1218/1340/927 827/896/927 825/894/927 824/893/927 
f 1220/1342/928 1219/1341/928 1187/1285/928 16/16/928 
f 16/16/929 15/15/929 1221/1343/929 1220/1342/929 
f 1220/1342/930 1221/1343/930 828/897/930 827/896/930 
f 15/15/931 14/14/931 1222/1344/931 1221/1343/931 
f 1221/1343/932 1222/1344/932 829/898/932 828/897/932 
f 14/14/933 112/115/933 1223/1345/933 1222/1344/933 
f 1222/1344/203 1223/1345/203 831/900/203 829/898/203 
f 1223/1345/934 112/115/934 111/114/934 1224/1346/934 
f 1223/1345/203 1224/1346/203 833/902/203 831/900/203 
f 1224/1346/935 111/114/935 117/120/935 1225/1347/935 
f 1225/1347/203 1226/1348/203 833/902/203 1224/1346/203 
f 836/905/203 834/903/203 833/902/203 1226/1348/203 
f 1219/1341/936 1192/1290/936 1188/1286/936 1187/1285/936 
f 1217/1339/937 1195/1297/937 1193/1291/937 1192/1290/937 
f 766/1349/205 764/1350/205 1227/1351/205 1191/1352/205 
f 1227/1353/938 1186/1284/938 1185/1283/938 1191/1289/938 
f 1191/1352/203 1190/1295/203 768/1294/203 766/1349/203 
f 764/1350/205 762/1354/205 1228/1355/205 1227/1351/205 
f 1227/1353/939 1228/1356/939 1229/1357/939 1186/1284/939 
f 1228/1356/940 758/1358/940 1230/1359/940 1229/1357/940 
f 1230/1359/941 1231/1360/941 1182/1280/941 1229/1357/941 
f 1229/1357/942 1182/1280/942 1181/1279/942 1186/1284/942 
f 1231/1360/943 1230/1359/943 754/813/943 1232/1361/943 
f 1232/1361/944 179/182/944 1179/1277/944 1231/1360/944 
f 1231/1360/945 1179/1277/945 1178/1276/945 1182/1280/945 
f 1232/1361/946 754/813/946 752/807/946 751/806/946 
f 751/806/947 180/183/947 179/182/947 1232/1361/947 
f 758/1358/948 755/814/948 754/813/948 1230/1359/948 
f 762/1354/203 759/820/203 758/819/203 1228/1355/203 
f 1183/1281/949 17/17/949 16/16/949 1187/1285/949 
f 1061/1141/950 1060/1140/950 1233/1362/950 1234/1363/950 
f 1060/1140/951 1059/1139/951 1058/1138/951 1233/1362/951 
f 1062/1142/952 183/186/952 182/185/952 189/192/952 
f 1039/1119/953 193/196/953 192/195/953 1034/1114/953 
f 1022/1102/954 1012/1092/954 1010/1090/954 1009/1089/954 
f 991/1068/955 989/1066/955 981/1058/955 979/1056/955 
f 930/1004/956 142/145/956 141/144/956 934/1010/956 
f 913/982/957 165/168/957 173/176/957 915/984/957 
f 1235/1364/958 1236/1365/958 136/139/958 135/138/958 
f 135/138/959 169/172/959 168/171/959 1235/1364/959 
f 845/914/960 843/912/960 842/911/960 902/971/960 
f 901/970/961 122/125/961 120/123/961 849/918/961 
f 1237/1366/962 147/150/962 146/149/962 1238/1367/962 
f 896/965/963 154/157/963 1239/1368/963 1240/1369/963 
f 1240/1369/964 890/959/964 894/963/964 896/965/964 
f 151/154/965 145/148/965 154/157/965 896/965/965 
f 1240/1369/966 1239/1368/966 22/22/966 21/21/966 
f 21/21/967 24/24/967 890/959/967 1240/1369/967 
f 1239/1368/968 1241/1370/968 1242/1371/968 22/22/968 
f 154/157/969 153/156/969 1241/1370/969 1239/1368/969 
f 580/626/970 576/621/970 1243/1372/970 1242/1371/970 
f 1243/1372/971 23/23/971 22/22/971 1242/1371/971 
f 1242/1371/972 1241/1370/972 581/627/972 580/626/972 
f 1243/1372/973 576/621/973 574/619/973 573/618/973 
f 573/618/974 1244/1373/974 23/23/974 1243/1372/974 
f 1244/1373/975 573/618/975 571/616/975 1245/1374/975 
f 1245/1374/976 1246/1375/976 1247/1376/976 1244/1373/976 
f 1244/1373/977 1247/1376/977 26/26/977 23/23/977 
f 1246/1375/978 1248/1377/978 1249/1378/978 1247/1376/978 
f 1247/1376/979 1249/1378/979 1250/1379/979 26/26/979 
f 1249/1378/980 1251/1380/980 1252/1381/980 1250/1379/980 
f 1250/1379/981 1252/1381/981 203/206/981 202/205/981 
f 202/205/982 25/25/982 26/26/982 1250/1379/982 
f 1251/1380/983 1253/1382/983 1254/1383/983 1252/1381/983 
f 1252/1381/984 1254/1383/984 204/207/984 203/206/984 
f 1253/1382/985 1255/1384/985 1256/1385/985 1254/1383/985 
f 1254/1383/986 1256/1385/986 1257/1386/986 204/207/986 
f 1256/1385/987 1258/1387/987 1259/1388/987 1257/1386/987 
f 1257/1386/988 1259/1388/988 524/566/988 517/558/988 
f 517/558/989 201/204/989 204/207/989 1257/1386/989 
f 1259/1388/990 1260/1389/990 525/567/990 524/566/990 
f 1260/1389/991 1259/1388/991 1258/1387/991 1261/1390/991 
f 1261/1391/992 1262/1392/992 527/571/992 1260/1393/992 
f 1260/1393/993 527/571/993 526/569/993 525/568/993 
f 1262/1392/994 1261/1391/994 1263/1394/994 1264/1395/994 
f 1264/1395/995 1265/1396/995 530/574/995 1262/1392/995 
f 1262/1392/996 530/574/996 528/572/996 527/571/996 
f 1265/1396/997 1264/1395/997 1266/1397/997 1267/1398/997 
f 1267/1398/998 1268/1399/998 1269/1400/998 1265/1396/998 
f 1265/1396/999 1269/1400/999 531/575/999 530/574/999 
f 1268/1399/1000 1270/1401/1000 1271/1402/1000 1269/1400/1000 
f 1269/1400/1001 1271/1402/1001 532/576/1001 531/575/1001 
f 1270/1401/1002 1272/1403/1002 537/581/1002 1271/1402/1002 
f 1271/1402/1003 537/581/1003 534/578/1003 532/576/1003 
f 1272/1403/1004 540/584/1004 538/582/1004 537/581/1004 
f 540/584/1005 1272/1403/1005 1273/1404/1005 1274/1405/1005 
f 1274/1405/1006 1275/1406/1006 541/585/1006 540/584/1006 
f 1275/1406/1007 1274/1405/1007 1276/1407/1007 1277/1408/1007 
f 1277/1408/1008 545/589/1008 543/587/1008 1275/1406/1008 
f 1275/1406/1009 543/587/1009 542/586/1009 541/585/1009 
f 545/589/1010 1277/1408/1010 1278/1409/1010 1279/1410/1010 
f 1279/1410/1011 1280/1411/1011 546/590/1011 545/589/1011 
f 1280/1411/1012 1281/1412/1012 547/591/1012 546/590/1012 
f 1281/1412/1013 1282/1413/1013 548/592/1013 547/591/1013 
f 1282/1413/1014 1283/1414/1014 549/593/1014 548/592/1014 
f 1283/1414/1015 550/594/1015 549/593/1015 
f 560/604/1016 1283/1414/1016 1284/1415/1016 1285/1416/1016 
f 1285/1416/1017 1286/1417/1017 561/605/1017 560/604/1017 
f 1287/1418/1018 562/606/1018 561/605/1018 1286/1417/1018 
f 1288/1419/1019 563/607/1019 562/606/1019 1287/1418/1019 
f 1289/1420/1020 564/608/1020 563/609/1020 1288/1421/1020 
f 1290/1422/1021 565/610/1021 564/608/1021 1289/1420/1021 
f 1291/1423/1022 566/611/1022 565/610/1022 1290/1422/1022 
f 566/611/1023 1291/1423/1023 1292/1424/1023 1293/1425/1023 
f 1294/1426/1024 1295/1427/1024 568/613/1024 1293/1425/1024 
f 1293/1425/1025 568/613/1025 567/612/1025 566/611/1025 
f 1295/1427/1026 1294/1426/1026 1296/1428/1026 1297/1429/1026 
f 1297/1429/1027 1298/1430/1027 1299/1431/1027 1295/1427/1027 
f 1295/1427/1028 1299/1431/1028 569/614/1028 568/613/1028 
f 1299/1431/1029 1298/1430/1029 1246/1375/1029 1245/1374/1029 
f 1245/1374/1030 571/616/1030 569/614/1030 1299/1431/1030 
f 1298/1430/1031 1300/1432/1031 1248/1377/1031 1246/1375/1031 
f 1300/1432/1032 1301/1433/1032 1302/1434/1032 1248/1377/1032 
f 1302/1434/1033 1303/1435/1033 1253/1382/1033 1251/1380/1033 
f 1251/1380/1034 1249/1378/1034 1248/1377/1034 1302/1434/1034 
f 1303/1435/1035 1304/1436/1035 1255/1384/1035 1253/1382/1035 
f 1304/1436/1036 1305/1437/1036 1306/1438/1036 1255/1384/1036 
f 1305/1437/1037 1307/1439/1037 1263/1440/1037 1306/1438/1037 
f 1306/1438/1038 1263/1440/1038 1261/1390/1038 1258/1387/1038 
f 1258/1387/1039 1256/1385/1039 1255/1384/1039 1306/1438/1039 
f 1307/1441/1040 1266/1397/1040 1264/1395/1040 1263/1394/1040 
f 1266/1397/1041 1307/1441/1041 1308/1442/1041 1309/1443/1041 
f 1309/1443/1042 1310/1444/1042 1267/1398/1042 1266/1397/1042 
f 1310/1444/1043 1311/1445/1043 1268/1399/1043 1267/1398/1043 
f 1311/1445/1044 1312/1446/1044 1270/1401/1044 1268/1399/1044 
f 1312/1446/1045 1311/1445/1045 1313/1447/1045 1314/1448/1045 
f 1314/1448/1046 1315/1449/1046 1273/1404/1046 1312/1446/1046 
f 1312/1446/1047 1273/1404/1047 1272/1403/1047 1270/1401/1047 
f 1315/1449/1048 1276/1407/1048 1274/1405/1048 1273/1404/1048 
f 1315/1449/1049 1314/1448/1049 1316/1450/1049 1317/1451/1049 
f 1317/1451/1050 1318/1452/1050 1276/1407/1050 1315/1449/1050 
f 1318/1452/1051 1278/1409/1051 1277/1408/1051 1276/1407/1051 
f 1278/1409/1052 1318/1452/1052 1319/1453/1052 1320/1454/1052 
f 1320/1454/1053 1321/1455/1053 1279/1410/1053 1278/1409/1053 
f 1321/1455/1054 1322/1456/1054 1280/1411/1054 1279/1410/1054 
f 1322/1456/1055 1323/1457/1055 1281/1412/1055 1280/1411/1055 
f 1323/1457/1056 1324/1458/1056 1282/1413/1056 1281/1412/1056 
f 1324/1458/1057 1284/1415/1057 1283/1414/1057 1282/1413/1057 
f 1284/1415/1058 1324/1458/1058 1325/1459/1058 1326/1460/1058 
f 1326/1460/1059 1327/1461/1059 1285/1416/1059 1284/1415/1059 
f 1327/1461/1060 1328/1462/1060 1286/1417/1060 1285/1416/1060 
f 1329/1463/1061 1287/1418/1061 1286/1417/1061 1328/1462/1061 
f 1330/1464/1062 1288/1419/1062 1287/1418/1062 1329/1463/1062 
f 1331/1465/1063 1289/1420/1063 1288/1421/1063 1330/1466/1063 
f 1332/1467/1064 1290/1422/1064 1289/1420/1064 1331/1465/1064 
f 1333/1468/1065 1291/1423/1065 1290/1422/1065 1332/1467/1065 
f 1334/1469/1066 1292/1424/1066 1291/1423/1066 1333/1468/1066 
f 1292/1424/1067 1334/1469/1067 1335/1470/1067 1336/1471/1067 
f 1337/1472/1068 1296/1428/1068 1294/1426/1068 1336/1471/1068 
f 1336/1471/1069 1294/1426/1069 1293/1425/1069 1292/1424/1069 
f 1337/1472/1070 1338/1473/1070 1339/1474/1070 1296/1428/1070 
f 1339/1474/1071 1340/1475/1071 1341/1476/1071 1342/1477/1071 
f 1342/1477/1072 1297/1429/1072 1296/1428/1072 1339/1474/1072 
f 1342/1477/1073 1341/1476/1073 1301/1433/1073 1300/1432/1073 
f 1300/1432/1074 1298/1430/1074 1297/1429/1074 1342/1477/1074 
f 1341/1476/1075 1343/1478/1075 1344/1479/1075 1301/1433/1075 
f 1343/1478/1076 1345/1480/1076 1346/1481/1076 1344/1479/1076 
f 1344/1479/1077 1346/1481/1077 1304/1436/1077 1303/1435/1077 
f 1303/1435/1078 1302/1434/1078 1301/1433/1078 1344/1479/1078 
f 1345/1480/1079 1347/1482/1079 1348/1483/1079 1346/1481/1079 
f 1346/1481/1080 1348/1483/1080 1305/1437/1080 1304/1436/1080 
f 1347/1482/1081 1349/1484/1081 1308/1485/1081 1348/1483/1081 
f 1348/1483/1082 1308/1485/1082 1307/1439/1082 1305/1437/1082 
f 1349/1486/1083 1350/1487/1083 1309/1443/1083 1308/1442/1083 
f 1350/1487/1084 1351/1488/1084 1310/1444/1084 1309/1443/1084 
f 1351/1488/1085 1313/1447/1085 1311/1445/1085 1310/1444/1085 
f 1313/1447/1086 1351/1488/1086 1352/1489/1086 1353/1490/1086 
f 1353/1490/1087 1316/1450/1087 1314/1448/1087 1313/1447/1087 
f 1316/1450/1088 1353/1490/1088 1354/1491/1088 1355/1492/1088 
f 1355/1492/1089 1356/1493/1089 1317/1451/1089 1316/1450/1089 
f 1356/1493/1090 1319/1453/1090 1318/1452/1090 1317/1451/1090 
f 1319/1453/1091 1356/1493/1091 1357/1494/1091 1358/1495/1091 
f 1358/1495/1092 1359/1496/1092 1320/1454/1092 1319/1453/1092 
f 1359/1496/1093 1360/1497/1093 1321/1455/1093 1320/1454/1093 
f 1360/1497/1094 1361/1498/1094 1322/1456/1094 1321/1455/1094 
f 1361/1498/1095 1362/1499/1095 1323/1457/1095 1322/1456/1095 
f 1362/1499/1096 1325/1459/1096 1324/1458/1096 1323/1457/1096 
f 1325/1459/1097 1362/1499/1097 1363/1500/1097 1364/1501/1097 
f 1364/1501/1098 1365/1502/1098 1326/1460/1098 1325/1459/1098 
f 1365/1502/1099 1366/1503/1099 1327/1461/1099 1326/1460/1099 
f 1366/1503/1100 1367/1504/1100 1328/1462/1100 1327/1461/1100 
f 1368/1505/1101 1329/1463/1101 1328/1462/1101 1367/1504/1101 
f 1369/1506/1102 1330/1464/1102 1329/1463/1102 1368/1505/1102 
f 1370/1507/1103 1331/1465/1103 1330/1466/1103 1369/1508/1103 
f 1371/1509/1104 1332/1467/1104 1331/1465/1104 1370/1507/1104 
f 1372/1510/1105 1333/1468/1105 1332/1467/1105 1371/1509/1105 
f 1373/1511/1106 1334/1469/1106 1333/1468/1106 1372/1510/1106 
f 1374/1512/1107 1335/1470/1107 1334/1469/1107 1373/1511/1107 
f 1335/1470/1108 1374/1512/1108 1375/1513/1108 1376/1514/1108 
f 1376/1514/1109 1377/1515/1109 1338/1473/1109 1337/1472/1109 
f 1376/1514/1110 1337/1472/1110 1336/1471/1110 1335/1470/1110 
f 1377/1515/1111 1378/1516/1111 1379/1517/1111 1338/1473/1111 
f 1379/1517/1112 1380/1518/1112 1381/1519/1112 1340/1475/1112 
f 1340/1475/1113 1339/1474/1113 1338/1473/1113 1379/1517/1113 
f 1380/1518/1114 1382/1520/1114 1383/1521/1114 1381/1519/1114 
f 1381/1519/1115 1383/1521/1115 1345/1480/1115 1343/1478/1115 
f 1343/1478/1116 1341/1476/1116 1340/1475/1116 1381/1519/1116 
f 1383/1521/1117 1384/1522/1117 1347/1482/1117 1345/1480/1117 
f 1384/1522/1118 1385/1523/1118 1349/1484/1118 1347/1482/1118 
f 1385/1524/1119 1386/1525/1119 1350/1487/1119 1349/1486/1119 
f 1386/1525/1120 1352/1489/1120 1351/1488/1120 1350/1487/1120 
f 1386/1525/1121 1385/1524/1121 1387/1526/1121 1388/1527/1121 
f 1388/1527/1122 1389/1528/1122 1352/1489/1122 1386/1525/1122 
f 1389/1528/1123 1354/1491/1123 1353/1490/1123 1352/1489/1123 
f 1354/1491/1124 1389/1528/1124 1390/1529/1124 1391/1530/1124 
f 1391/1530/1125 1392/1531/1125 1355/1492/1125 1354/1491/1125 
f 1392/1531/1126 1357/1494/1126 1356/1493/1126 1355/1492/1126 
f 1357/1494/1127 1392/1531/1127 1393/1532/1127 1394/1533/1127 
f 1394/1533/1128 1395/1534/1128 1358/1495/1128 1357/1494/1128 
f 1395/1534/1129 1396/1535/1129 1359/1496/1129 1358/1495/1129 
f 1396/1535/1130 1397/1536/1130 1360/1497/1130 1359/1496/1130 
f 1397/1536/1131 1398/1537/1131 1361/1498/1131 1360/1497/1131 
f 1398/1537/1132 1363/1500/1132 1362/1499/1132 1361/1498/1132 
f 1363/1500/1133 1398/1537/1133 1399/1538/1133 1400/1539/1133 
f 1400/1539/1134 1401/1540/1134 1364/1501/1134 1363/1500/1134 
f 1401/1540/1135 1400/1539/1135 1402/1541/1135 1403/1542/1135 
f 1403/1542/1136 1404/1543/1136 1405/1544/1136 1401/1540/1136 
f 1401/1540/1137 1405/1544/1137 1365/1502/1137 1364/1501/1137 
f 1404/1543/1138 1406/1545/1138 1407/1546/1138 1405/1544/1138 
f 1405/1544/1139 1407/1546/1139 1366/1503/1139 1365/1502/1139 
f 1406/1545/1140 1408/1547/1140 1409/1548/1140 1407/1546/1140 
f 1407/1546/1141 1409/1548/1141 1367/1504/1141 1366/1503/1141 
f 1409/1548/1142 1408/1547/1142 1410/1549/1142 1411/1550/1142 
f 1409/1548/1143 1411/1550/1143 1368/1505/1143 1367/1504/1143 
f 1411/1550/1144 1410/1549/1144 1412/1551/1144 1413/1552/1144 
f 1413/1552/1145 1369/1506/1145 1368/1505/1145 1411/1550/1145 
f 1413/1553/1146 1412/1554/1146 1414/1555/1146 1415/1556/1146 
f 1415/1556/1147 1370/1507/1147 1369/1508/1147 1413/1553/1147 
f 1415/1556/1148 1414/1555/1148 1416/1557/1148 1417/1558/1148 
f 1417/1558/1149 1371/1509/1149 1370/1507/1149 1415/1556/1149 
f 1417/1558/1150 1416/1557/1150 1418/1559/1150 1419/1560/1150 
f 1419/1560/1151 1372/1510/1151 1371/1509/1151 1417/1558/1151 
f 1419/1560/1152 1418/1559/1152 1420/1561/1152 1421/1562/1152 
f 1421/1562/1153 1373/1511/1153 1372/1510/1153 1419/1560/1153 
f 1421/1562/1154 1420/1561/1154 1422/1563/1154 1423/1564/1154 
f 1423/1564/1155 1374/1512/1155 1373/1511/1155 1421/1562/1155 
f 1423/1564/1156 1422/1563/1156 1424/1565/1156 1425/1566/1156 
f 1425/1566/1157 1375/1513/1157 1374/1512/1157 1423/1564/1157 
f 1425/1566/1158 1426/1567/1158 1427/1568/1158 1375/1513/1158 
f 1427/1568/1159 1428/1569/1159 1378/1516/1159 1377/1515/1159 
f 1377/1515/1160 1376/1514/1160 1375/1513/1160 1427/1568/1160 
f 1428/1569/1161 1429/1570/1161 1430/1571/1161 1378/1516/1161 
f 1430/1571/1162 1431/1572/1162 1382/1520/1162 1380/1518/1162 
f 1380/1518/1163 1379/1517/1163 1378/1516/1163 1430/1571/1163 
f 1431/1572/1164 1432/1573/1164 1433/1574/1164 1382/1520/1164 
f 1433/1574/1165 1387/1575/1165 1385/1523/1165 1384/1522/1165 
f 1384/1522/1166 1383/1521/1166 1382/1520/1166 1433/1574/1166 
f 1387/1575/1167 1433/1574/1167 1432/1573/1167 1434/1576/1167 
f 1434/1577/1168 1435/1578/1168 1388/1527/1168 1387/1526/1168 
f 1435/1578/1169 1390/1529/1169 1389/1528/1169 1388/1527/1169 
f 1390/1529/1170 1435/1578/1170 1436/1579/1170 1437/1580/1170 
f 1437/1580/1171 1438/1581/1171 1391/1530/1171 1390/1529/1171 
f 1438/1581/1172 1393/1532/1172 1392/1531/1172 1391/1530/1172 
f 1393/1532/1173 1438/1581/1173 1439/1582/1173 1440/1583/1173 
f 1440/1583/1174 1441/1584/1174 1394/1533/1174 1393/1532/1174 
f 1441/1584/1175 1440/1583/1175 1442/1585/1175 1443/1586/1175 
f 1443/1586/1176 1444/1587/1176 1445/1588/1176 1441/1584/1176 
f 1441/1584/1177 1445/1588/1177 1395/1534/1177 1394/1533/1177 
f 1444/1587/1178 1446/1589/1178 1447/1590/1178 1445/1588/1178 
f 1445/1588/1179 1447/1590/1179 1396/1535/1179 1395/1534/1179 
f 1446/1589/1180 1448/1591/1180 1449/1592/1180 1447/1590/1180 
f 1447/1590/1181 1449/1592/1181 1397/1536/1181 1396/1535/1181 
f 1448/1591/1182 1450/1593/1182 1399/1538/1182 1449/1592/1182 
f 1449/1592/1183 1399/1538/1183 1398/1537/1183 1397/1536/1183 
f 1450/1593/1184 1402/1541/1184 1400/1539/1184 1399/1538/1184 
f 1402/1541/1185 1450/1593/1185 1451/1594/1185 1452/1595/1185 
f 1452/1595/1186 75/75/1186 1403/1542/1186 1402/1541/1186 
f 75/75/1187 74/74/1187 1404/1543/1187 1403/1542/1187 
f 74/74/1188 79/79/1188 1406/1545/1188 1404/1543/1188 
f 1406/1545/1189 79/79/1189 1453/1596/1189 1408/1547/1189 
f 1408/1547/1190 1453/1596/1190 1454/1597/1190 1410/1549/1190 
f 1410/1549/1191 1454/1597/1191 1455/1598/1191 1412/1551/1191 
f 1412/1554/1192 1455/1599/1192 1456/1600/1192 1414/1555/1192 
f 1414/1555/1193 1456/1600/1193 1457/1601/1193 1416/1557/1193 
f 1416/1557/1194 1457/1601/1194 1458/1602/1194 1418/1559/1194 
f 1418/1559/1195 1458/1602/1195 1459/1603/1195 1420/1561/1195 
f 1420/1561/1196 1459/1603/1196 1460/1604/1196 1422/1563/1196 
f 1422/1563/1197 1460/1604/1197 33/33/1197 1424/1565/1197 
f 33/33/1198 32/32/1198 1461/1605/1198 1424/1565/1198 
f 1461/1605/1199 1462/1606/1199 1463/1607/1199 1426/1567/1199 
f 1426/1567/1200 1425/1566/1200 1424/1565/1200 1461/1605/1200 
f 1462/1606/1201 1464/1608/1201 1465/1609/1201 1463/1607/1201 
f 1463/1607/1202 1465/1609/1202 1429/1570/1202 1428/1569/1202 
f 1428/1569/1203 1427/1568/1203 1426/1567/1203 1463/1607/1203 
f 1465/1609/1204 1466/1610/1204 1467/1611/1204 1429/1570/1204 
f 1467/1611/1205 1468/1612/1205 1432/1573/1205 1431/1572/1205 
f 1431/1572/1206 1430/1571/1206 1429/1570/1206 1467/1611/1206 
f 1468/1612/1207 1469/1613/1207 1434/1576/1207 1432/1573/1207 
f 1469/1614/1208 1436/1579/1208 1435/1578/1208 1434/1577/1208 
f 1436/1579/1209 1469/1614/1209 1470/1615/1209 1471/1616/1209 
f 1471/1616/1210 1472/1617/1210 1437/1580/1210 1436/1579/1210 
f 1472/1617/1211 1471/1616/1211 1473/1618/1211 1474/1619/1211 
f 1474/1619/1212 1475/1620/1212 1439/1582/1212 1472/1617/1212 
f 1472/1617/1213 1439/1582/1213 1438/1581/1213 1437/1580/1213 
f 1475/1620/1214 1442/1585/1214 1440/1583/1214 1439/1582/1214 
f 1442/1585/1215 1475/1620/1215 105/108/1215 104/107/1215 
f 104/107/1216 108/111/1216 1443/1586/1216 1442/1585/1216 
f 108/111/1217 1476/1621/1217 1444/1587/1217 1443/1586/1217 
f 1476/1621/1218 1477/1622/1218 1446/1589/1218 1444/1587/1218 
f 1477/1622/1219 1478/1623/1219 1448/1591/1219 1446/1589/1219 
f 1478/1623/1220 1477/1622/1220 1479/1624/1220 1480/1625/1220 
f 1480/1625/1221 1481/1626/1221 1451/1594/1221 1478/1623/1221 
f 1478/1623/1222 1451/1594/1222 1450/1593/1222 1448/1591/1222 
f 1481/1626/1223 1480/1625/1223 1482/1627/1223 1483/1628/1223 
f 1483/1628/1224 1484/1629/1224 1485/1630/1224 1481/1626/1224 
f 1481/1626/1225 1485/1630/1225 1452/1595/1225 1451/1594/1225 
f 1484/1629/1226 77/77/1226 76/76/1226 1485/1630/1226 
f 1485/1630/1227 76/76/1227 75/75/1227 1452/1595/1227 
f 1484/1629/1228 1483/1628/1228 1486/1631/1228 1487/1632/1228 
f 1487/1632/1229 1488/1633/1229 77/77/1229 1484/1629/1229 
f 1488/1633/1230 1487/1632/1230 1489/1634/1230 1490/1635/1230 
f 1490/1635/1231 1491/1636/1231 1492/1637/1231 1488/1633/1231 
f 1488/1633/1232 1492/1637/1232 78/78/1232 77/77/1232 
f 1491/1636/1233 1454/1597/1233 1453/1596/1233 1492/1637/1233 
f 1492/1637/1234 1453/1596/1234 79/79/1234 78/78/1234 
f 1491/1636/1235 1490/1635/1235 1493/1638/1235 1494/1639/1235 
f 1494/1639/1236 1455/1598/1236 1454/1597/1236 1491/1636/1236 
f 1494/1640/1237 1493/1641/1237 1495/1642/1237 1496/1643/1237 
f 1496/1643/1238 1456/1600/1238 1455/1599/1238 1494/1640/1238 
f 1496/1643/1239 1495/1642/1239 1497/1644/1239 1498/1645/1239 
f 1498/1645/1240 1457/1601/1240 1456/1600/1240 1496/1643/1240 
f 1498/1645/1241 1497/1644/1241 1499/1646/1241 1500/1647/1241 
f 1500/1647/1242 1458/1602/1242 1457/1601/1242 1498/1645/1242 
f 1499/1646/1243 1501/1648/1243 1502/1649/1243 1500/1647/1243 
f 1502/1649/1244 1459/1603/1244 1458/1602/1244 1500/1647/1244 
f 1501/1648/1245 1503/1650/1245 1504/1651/1245 1502/1649/1245 
f 1504/1651/1246 1460/1604/1246 1459/1603/1246 1502/1649/1246 
f 1503/1650/1247 29/29/1247 28/28/1247 1504/1651/1247 
f 28/28/1248 33/33/1248 1460/1604/1248 1504/1651/1248 
f 1503/1650/1249 1501/1648/1249 1505/1652/1249 1506/1653/1249 
f 1506/1653/1250 1507/1654/1250 29/29/1250 1503/1650/1250 
f 1507/1654/1251 1506/1653/1251 1508/1655/1251 1509/1656/1251 
f 1509/1656/1252 1510/1657/1252 1511/1658/1252 1507/1654/1252 
f 1507/1654/1253 1511/1658/1253 30/30/1253 29/29/1253 
f 1510/1657/1254 1512/1659/1254 1513/1660/1254 1511/1658/1254 
f 1511/1658/1255 1513/1660/1255 31/31/1255 30/30/1255 
f 1513/1660/1256 1512/1659/1256 1514/1661/1256 1464/1608/1256 
f 1464/1608/1257 1462/1606/1257 31/31/1257 1513/1660/1257 
f 1514/1661/1258 1515/1662/1258 1516/1663/1258 1466/1610/1258 
f 1466/1610/1259 1465/1609/1259 1464/1608/1259 1514/1661/1259 
f 1515/1662/1260 1517/1664/1260 1470/1665/1260 1516/1663/1260 
f 1516/1663/1261 1470/1665/1261 1469/1613/1261 1468/1612/1261 
f 1468/1612/1262 1467/1611/1262 1466/1610/1262 1516/1663/1262 
f 1517/1666/1263 1473/1618/1263 1471/1616/1263 1470/1615/1263 
f 1473/1618/1264 1517/1666/1264 1518/1667/1264 1519/1668/1264 
f 1519/1668/1265 1520/1669/1265 1474/1619/1265 1473/1618/1265 
f 1520/1669/1266 1519/1668/1266 1521/1670/1266 1522/1671/1266 
f 1522/1671/1267 106/109/1267 105/108/1267 1520/1669/1267 
f 1520/1669/1268 105/108/1268 1475/1620/1268 1474/1619/1268 
f 1522/1671/1269 1521/1670/1269 1523/1672/1269 1524/1673/1269 
f 1524/1673/1270 109/112/1270 106/109/1270 1522/1671/1270 
f 1524/1673/1271 1523/1672/1271 1525/1674/1271 1526/1675/1271 
f 1526/1675/1272 1527/1676/1272 109/112/1272 1524/1673/1272 
f 1527/1676/1273 1526/1675/1273 1528/1677/1273 1529/1678/1273 
f 1529/1678/1274 1479/1624/1274 1530/1679/1274 1527/1676/1274 
f 1527/1676/1275 1530/1679/1275 107/110/1275 109/112/1275 
f 1479/1624/1276 1477/1622/1276 1476/1621/1276 1530/1679/1276 
f 1530/1679/1277 1476/1621/1277 108/111/1277 107/110/1277 
f 1528/1677/1278 1531/1680/1278 1482/1627/1278 1529/1678/1278 
f 1529/1678/1279 1482/1627/1279 1480/1625/1279 1479/1624/1279 
f 1531/1680/1280 1528/1677/1280 1532/1681/1280 1533/1682/1280 
f 1533/1682/1281 1534/1683/1281 1486/1631/1281 1531/1680/1281 
f 1531/1680/1282 1486/1631/1282 1483/1628/1282 1482/1627/1282 
f 1534/1683/1283 1533/1682/1283 1535/1684/1283 1536/1685/1283 
f 1536/1685/1284 1537/1686/1284 1489/1634/1284 1534/1683/1284 
f 1534/1683/1285 1489/1634/1285 1487/1632/1285 1486/1631/1285 
f 1537/1687/1286 1536/1688/1286 51/51/1286 50/50/1286 
f 50/50/1287 1495/1642/1287 1493/1641/1287 1537/1687/1287 
f 1537/1686/1288 1493/1638/1288 1490/1635/1288 1489/1634/1288 
f 1536/1688/1289 1535/1689/1289 52/52/1289 51/51/1289 
f 1535/1689/1290 1538/1690/1290 1539/1691/1290 52/52/1290 
f 1533/1682/1291 1532/1681/1291 1538/1692/1291 1535/1684/1291 
f 1540/1693/1292 53/53/1292 52/52/1292 1539/1691/1292 
f 1538/1690/1293 1541/1694/1293 1542/1695/1293 1539/1691/1293 
f 1539/1691/1294 1542/1695/1294 1508/1655/1294 1540/1693/1294 
f 1542/1695/1295 1541/1694/1295 1543/1696/1295 1544/1697/1295 
f 1542/1695/1296 1544/1697/1296 1509/1656/1296 1508/1655/1296 
f 1544/1697/1297 1543/1696/1297 1545/1698/1297 1546/1699/1297 
f 1544/1697/1298 1546/1699/1298 1510/1657/1298 1509/1656/1298 
f 1546/1699/1299 1545/1698/1299 1518/1700/1299 1547/1701/1299 
f 1547/1701/1300 1512/1659/1300 1510/1657/1300 1546/1699/1300 
f 1547/1701/1301 1518/1700/1301 1517/1664/1301 1515/1662/1301 
f 1515/1662/1302 1514/1661/1302 1512/1659/1302 1547/1701/1302 
f 1543/1702/1303 1523/1672/1303 1521/1670/1303 1545/1703/1303 
f 1545/1703/1304 1521/1670/1304 1519/1668/1304 1518/1667/1304 
f 1541/1704/1305 1525/1674/1305 1523/1672/1305 1543/1702/1305 
f 1538/1692/1306 1532/1681/1306 1525/1674/1306 1541/1704/1306 
f 1505/1652/1307 54/54/1307 53/53/1307 1540/1693/1307 
f 1540/1693/1308 1508/1655/1308 1506/1653/1308 1505/1652/1308 
f 1532/1681/1309 1528/1677/1309 1526/1675/1309 1525/1674/1309 
f 1501/1648/1310 1499/1646/1310 54/54/1310 1505/1652/1310 
f 1499/1646/1311 1497/1644/1311 49/49/1311 54/54/1311 
f 1495/1642/1312 50/50/1312 49/49/1312 1497/1644/1312 
f 1462/1606/1313 1461/1605/1313 32/32/1313 31/31/1313 
f 1241/1370/1314 153/156/1314 583/629/1314 581/627/1314 
f 892/961/1315 867/936/1315 127/130/1315 126/129/1315 
f 864/933/1316 863/932/1316 118/121/1316 127/130/1316 
f 863/932/1317 852/921/1317 119/122/1317 118/121/1317 
f 862/931/1318 853/922/1318 852/921/1318 863/932/1318 
f 858/927/1319 884/953/1319 514/555/1319 859/928/1319 
f 849/918/1320 120/123/1320 119/122/1320 850/919/1320 
f 800/867/203 792/866/203 790/1333/203 802/1332/203 
f 1548/1705/1321 408/430/1321 407/429/1321 1549/1706/1321 
f 408/1707/1322 1548/1708/1322 1550/1709/1322 750/1710/1322 
f 750/1710/1323 749/811/1323 409/810/1323 408/1707/1323 
f 1548/1708/203 1551/1711/203 1552/1712/203 1550/1709/203 
f 1550/1713/1324 1552/1714/1324 1553/1715/1324 745/800/1324 
f 745/800/1325 744/799/1325 750/805/1325 1550/1713/1325 
f 1552/1714/1326 1554/1716/1326 1555/1717/1326 1553/1715/1326 
f 1553/1715/1327 1555/1717/1327 1556/1718/1327 740/795/1327 
f 740/795/1328 739/794/1328 745/800/1328 1553/1715/1328 
f 1555/1717/1329 1557/1719/1329 1558/1720/1329 1556/1718/1329 
f 1556/1718/1330 1558/1720/1330 1559/1721/1330 735/790/1330 
f 735/790/1331 734/789/1331 740/795/1331 1556/1718/1331 
f 1558/1720/1332 1560/1722/1332 1561/1723/1332 1559/1721/1332 
f 1559/1721/1333 1561/1723/1333 1562/1724/1333 730/785/1333 
f 730/785/1334 729/784/1334 735/790/1334 1559/1721/1334 
f 1561/1723/1335 1563/1725/1335 1564/1726/1335 1562/1724/1335 
f 1562/1724/1336 1564/1726/1336 1565/1727/1336 725/780/1336 
f 725/780/1337 724/779/1337 730/785/1337 1562/1724/1337 
f 1564/1726/1338 1566/1728/1338 1567/1729/1338 1565/1727/1338 
f 1565/1727/1339 1567/1729/1339 1568/1730/1339 720/775/1339 
f 720/775/1340 719/774/1340 725/780/1340 1565/1727/1340 
f 1567/1729/1341 1569/1731/1341 1570/1732/1341 1568/1730/1341 
f 1568/1730/1342 1570/1732/1342 1571/1733/1342 715/770/1342 
f 715/770/1343 714/769/1343 720/775/1343 1568/1730/1343 
f 1570/1732/1344 1572/1734/1344 1573/1735/1344 1571/1733/1344 
f 1573/1735/1345 1574/1736/1345 710/765/1345 1571/1733/1345 
f 1571/1733/1346 710/765/1346 709/764/1346 715/770/1346 
f 1574/1736/1347 1573/1735/1347 1575/1737/1347 1576/1738/1347 
f 1576/1738/1348 1577/1739/1348 705/760/1348 1574/1736/1348 
f 1574/1736/1349 705/760/1349 704/759/1349 710/765/1349 
f 1576/1738/1350 1578/1740/1350 1579/1741/1350 1577/1739/1350 
f 1577/1739/1351 1579/1741/1351 1580/1742/1351 700/752/1351 
f 700/752/1352 699/751/1352 705/760/1352 1577/1739/1352 
f 1579/1741/1353 1581/1743/1353 1582/1744/1353 1580/1742/1353 
f 1580/1742/1354 1582/1744/1354 1583/1745/1354 695/1746/1354 
f 695/1746/1355 694/753/1355 700/752/1355 1580/1742/1355 
f 1582/1744/1356 1584/1747/1356 1585/1748/1356 1583/1745/1356 
f 1583/1749/1357 1585/1750/1357 1586/1751/1357 690/742/1357 
f 690/742/1358 689/741/1358 695/747/1358 1583/1749/1358 
f 1585/1750/1359 1587/1752/1359 1588/1753/1359 1586/1751/1359 
f 1586/1751/1360 1588/1753/1360 209/212/1360 685/737/1360 
f 685/737/1361 684/736/1361 690/742/1361 1586/1751/1361 
f 1587/1752/1362 1589/1754/1362 1590/1755/1362 1588/1753/1362 
f 1588/1753/1363 1590/1755/1363 210/213/1363 209/212/1363 
f 1589/1756/1364 1591/1757/1364 1592/1758/1364 1590/1759/1364 
f 1590/1759/1365 1592/1758/1365 211/215/1365 210/214/1365 
f 1591/1757/1366 1593/1760/1366 1594/1761/1366 1592/1758/1366 
f 1594/1761/1367 1595/1762/1367 211/215/1367 1592/1758/1367 
f 1595/1762/1368 1594/1761/1368 1596/1763/1368 1597/1764/1368 
f 1597/1764/1369 57/57/1369 56/56/1369 1595/1762/1369 
f 1595/1762/1370 56/56/1370 212/216/1370 211/215/1370 
f 1597/1764/1371 1596/1763/1371 1598/1765/1371 1599/1766/1371 
f 1599/1766/1372 61/61/1372 57/57/1372 1597/1764/1372 
f 1599/1766/1373 1598/1765/1373 1600/1767/1373 1601/1768/1373 
f 1601/1768/1374 1602/1769/1374 61/61/1374 1599/1766/1374 
f 1602/1769/1375 1601/1768/1375 1603/1770/1375 1604/1771/1375 
f 1604/1771/1376 1605/1772/1376 1606/1773/1376 1602/1769/1376 
f 1602/1769/1377 1606/1773/1377 59/59/1377 61/61/1377 
f 1606/1773/1378 1605/1772/1378 1607/1774/1378 1608/1775/1378 
f 1608/1775/1379 60/60/1379 59/59/1379 1606/1773/1379 
f 1608/1775/1380 1607/1774/1380 1609/1776/1380 1610/1777/1380 
f 1610/1777/1381 1611/1778/1381 60/60/1381 1608/1775/1381 
f 1611/1778/1382 215/220/1382 55/55/1382 60/60/1382 
f 1611/1778/1383 1610/1777/1383 1612/1779/1383 1613/1780/1383 
f 1613/1780/1384 213/221/1384 215/220/1384 1611/1778/1384 
f 1613/1781/1385 1612/1782/1385 669/721/1385 668/720/1385 
f 668/720/1386 214/219/1386 213/218/1386 1613/1781/1386 
f 1610/1777/1387 1609/1776/1387 1614/1783/1387 1612/1779/1387 
f 1612/1782/1388 1614/1784/1388 662/714/1388 669/721/1388 
f 1609/1776/1389 1615/1785/1389 1616/1786/1389 1614/1783/1389 
f 1614/1784/1390 1616/1787/1390 663/715/1390 662/714/1390 
f 1615/1785/1391 70/70/1391 1617/1788/1391 1616/1786/1391 
f 1616/1787/1392 1617/1789/1392 656/708/1392 663/715/1392 
f 1617/1788/1393 70/70/1393 69/69/1393 1618/1790/1393 
f 1618/1791/1394 657/709/1394 656/708/1394 1617/1789/1394 
f 1618/1790/1395 69/69/1395 68/68/1395 1619/1792/1395 
f 1619/1793/1396 650/702/1396 657/709/1396 1618/1791/1396 
f 1619/1792/1397 68/68/1397 1620/1794/1397 1621/1795/1397 
f 1621/1796/1398 651/703/1398 650/702/1398 1619/1793/1398 
f 1621/1795/1399 1620/1794/1399 1622/1797/1399 1623/1798/1399 
f 1623/1799/1400 644/696/1400 651/703/1400 1621/1796/1400 
f 1623/1798/1401 1622/1797/1401 1624/1800/1401 1625/1801/1401 
f 1625/1802/1402 645/697/1402 644/696/1402 1623/1799/1402 
f 1624/1800/1403 1626/1803/1403 1627/1804/1403 1625/1801/1403 
f 1627/1805/1404 637/689/1404 645/697/1404 1625/1802/1404 
f 1626/1803/1405 1628/1806/1405 632/1807/1405 1627/1804/1405 
f 632/684/1406 631/683/1406 637/689/1406 1627/1805/1406 
f 1628/1806/1407 1626/1803/1407 1629/1808/1407 1630/1809/1407 
f 1630/1809/1408 224/230/1408 627/676/1408 1628/1806/1408 
f 1628/1806/1409 627/676/1409 626/675/1409 632/1807/1409 
f 1630/1809/1410 1629/1808/1410 1631/1810/1410 1632/1811/1410 
f 1632/1811/1411 225/231/1411 224/230/1411 1630/1809/1411 
f 1632/1811/1412 1631/1810/1412 95/98/1412 100/103/1412 
f 100/103/1413 227/233/1413 225/231/1413 1632/1811/1413 
f 1631/1810/1414 1633/1812/1414 96/99/1414 95/98/1414 
f 1629/1808/1415 1634/1813/1415 1633/1812/1415 1631/1810/1415 
f 1634/1813/1416 1635/1814/1416 1636/1815/1416 1633/1812/1416 
f 1634/1813/1417 1629/1808/1417 1626/1803/1417 1624/1800/1417 
f 1624/1800/1418 1622/1797/1418 1635/1814/1418 1634/1813/1418 
f 1636/1815/1419 1637/1816/1419 316/330/1419 1638/1817/1419 
f 1638/1817/1420 96/99/1420 1633/1812/1420 1636/1815/1420 
f 1636/1815/1421 1635/1814/1421 1639/1818/1421 1637/1816/1421 
f 67/67/1422 66/66/1422 1637/1816/1422 1639/1818/1422 
f 1635/1814/1423 1622/1797/1423 1620/1794/1423 1639/1818/1423 
f 1639/1818/1424 1620/1794/1424 68/68/1424 67/67/1424 
f 1638/1817/1425 316/330/1425 313/327/1425 312/326/1425 
f 312/326/1426 97/100/1426 96/99/1426 1638/1817/1426 
f 1637/1816/1427 66/66/1427 317/331/1427 316/330/1427 
f 1615/1785/1428 1609/1776/1428 1607/1774/1428 1640/1819/1428 
f 1640/1819/1429 71/71/1429 70/70/1429 1615/1785/1429 
f 1607/1774/1430 1605/1772/1430 1641/1820/1430 1640/1819/1430 
f 1640/1819/1431 1641/1820/1431 72/72/1431 71/71/1431 
f 1641/1820/1432 1642/1821/1432 1643/1822/1432 72/72/1432 
f 1605/1772/1433 1604/1771/1433 1642/1821/1433 1641/1820/1433 
f 1643/1822/1434 335/349/1434 331/345/1434 330/344/1434 
f 330/344/1435 62/62/1435 72/72/1435 1643/1822/1435 
f 1642/1821/1436 1644/1823/1436 335/349/1436 1643/1822/1436 
f 340/356/1437 336/350/1437 335/349/1437 1644/1823/1437 
f 1644/1823/1438 1642/1821/1438 1604/1771/1438 1603/1770/1438 
f 1644/1823/1439 1603/1770/1439 1645/1824/1439 340/356/1439 
f 345/1825/1440 341/357/1440 340/356/1440 1645/1824/1440 
f 1645/1824/1441 1603/1770/1441 1601/1768/1441 1600/1767/1441 
f 1600/1767/484 1646/1826/484 345/1825/484 1645/1824/484 
f 350/367/1442 346/363/1442 345/362/1442 1646/1827/1442 
f 1646/1826/1443 1600/1767/1443 1598/1765/1443 1647/1828/1443 
f 1646/1827/1444 1647/1829/1444 1648/1830/1444 350/367/1444 
f 355/372/1445 351/368/1445 350/367/1445 1648/1830/1445 
f 1648/1830/1446 1647/1829/1446 1649/1831/1446 1650/1832/1446 
f 1648/1830/1447 1650/1832/1447 1651/1833/1447 355/372/1447 
f 360/377/1448 356/373/1448 355/372/1448 1651/1833/1448 
f 1650/1832/1449 1652/1834/1449 1653/1835/1449 1651/1833/1449 
f 1651/1833/1450 1653/1835/1450 1654/1836/1450 360/377/1450 
f 365/382/1451 361/378/1451 360/377/1451 1654/1836/1451 
f 1653/1835/1452 1655/1837/1452 1656/1838/1452 1654/1836/1452 
f 1654/1836/1453 1656/1838/1453 1657/1839/1453 365/382/1453 
f 370/387/1454 366/383/1454 365/382/1454 1657/1839/1454 
f 1656/1838/1455 1658/1840/1455 1659/1841/1455 1657/1839/1455 
f 1657/1839/1456 1659/1841/1456 1660/1842/1456 370/387/1456 
f 375/392/1457 371/388/1457 370/387/1457 1660/1842/1457 
f 1659/1841/1458 1661/1843/1458 1662/1844/1458 1660/1842/1458 
f 1660/1842/1459 1662/1844/1459 1663/1845/1459 375/392/1459 
f 380/397/1460 376/393/1460 375/392/1460 1663/1845/1460 
f 1662/1844/1461 1664/1846/1461 1665/1847/1461 1663/1845/1461 
f 1663/1845/1462 1665/1847/1462 1666/1848/1462 380/397/1462 
f 385/402/1463 381/398/1463 380/397/1463 1666/1848/1463 
f 1665/1847/1464 1667/1849/1464 1668/1850/1464 1666/1848/1464 
f 1666/1848/1465 1668/1850/1465 1669/1851/1465 385/402/1465 
f 390/407/1466 386/403/1466 385/402/1466 1669/1851/1466 
f 1668/1850/1467 1670/1852/1467 1671/1853/1467 1669/1851/1467 
f 1669/1851/1468 1671/1853/1468 1672/1854/1468 390/407/1468 
f 395/414/1469 391/408/1469 390/407/1469 1672/1854/1469 
f 1671/1853/1470 1673/1855/1470 1674/1856/1470 1672/1854/1470 
f 1672/1854/1471 1674/1856/1471 1675/1857/1471 395/414/1471 
f 398/1858/1472 396/415/1472 395/414/1472 1675/1857/1472 
f 1674/1856/1473 1676/1859/1473 1677/1860/1473 1675/1857/1473 
f 1675/1857/1474 1677/1860/1474 1678/1861/1474 398/1858/1474 
f 402/1862/205 399/419/205 398/418/205 1678/1863/205 
f 1677/1860/1475 1679/1864/1475 1680/1865/1475 1678/1861/1475 
f 1678/1863/205 1680/1866/205 404/1867/205 402/1862/205 
f 1680/1866/205 1681/1868/205 1682/1869/205 404/1867/205 
f 404/426/1476 1682/1870/1476 1683/1871/1476 405/427/1476 
f 1682/1870/1477 1684/1872/1477 1685/1873/1477 1683/1871/1477 
f 1684/1872/1478 1686/1874/1478 1687/1875/1478 1685/1873/1478 
f 1686/1874/1479 1688/1876/1479 1689/1877/1479 1687/1875/1479 
f 1688/1876/1480 1690/1878/1480 1691/1879/1480 1689/1877/1480 
f 1690/1878/1481 1551/1880/1481 1692/1881/1481 1691/1879/1481 
f 1551/1880/1482 1548/1705/1482 1549/1706/1482 1692/1881/1482 
f 1690/1882/203 1688/1883/203 1693/1884/203 1554/1885/203 
f 1554/1885/205 1552/1712/205 1551/1711/205 1690/1882/205 
f 1688/1883/203 1686/1886/203 1694/1887/203 1693/1884/203 
f 1693/1888/1483 1694/1889/1483 1695/1890/1483 1557/1719/1483 
f 1557/1719/1484 1555/1717/1484 1554/1716/1484 1693/1888/1484 
f 1694/1889/1485 1696/1891/1485 1697/1892/1485 1695/1890/1485 
f 1695/1890/1486 1697/1892/1486 1698/1893/1486 1560/1722/1486 
f 1560/1722/1487 1558/1720/1487 1557/1719/1487 1695/1890/1487 
f 1697/1892/1488 1699/1894/1488 1700/1895/1488 1698/1893/1488 
f 1698/1893/1489 1700/1895/1489 1701/1896/1489 1563/1725/1489 
f 1563/1725/1490 1561/1723/1490 1560/1722/1490 1698/1893/1490 
f 1700/1895/1491 1702/1897/1491 1703/1898/1491 1701/1896/1491 
f 1701/1896/1492 1703/1898/1492 1704/1899/1492 1566/1728/1492 
f 1566/1728/1493 1564/1726/1493 1563/1725/1493 1701/1896/1493 
f 1703/1898/1494 1705/1900/1494 1706/1901/1494 1704/1899/1494 
f 1704/1899/1495 1706/1901/1495 1707/1902/1495 1569/1731/1495 
f 1569/1731/1496 1567/1729/1496 1566/1728/1496 1704/1899/1496 
f 1706/1901/1497 1708/1903/1497 1709/1904/1497 1707/1902/1497 
f 1707/1902/1498 1709/1904/1498 1710/1905/1498 1572/1734/1498 
f 1572/1734/1499 1570/1732/1499 1569/1731/1499 1707/1902/1499 
f 1709/1904/1500 1711/1906/1500 1712/1907/1500 1710/1905/1500 
f 1710/1905/1501 1712/1907/1501 1713/1908/1501 1575/1737/1501 
f 1575/1737/1502 1573/1735/1502 1572/1734/1502 1710/1905/1502 
f 1712/1907/1503 1714/1909/1503 1715/1910/1503 1713/1908/1503 
f 1713/1908/1504 1715/1910/1504 1716/1911/1504 1578/1740/1504 
f 1578/1740/1505 1576/1738/1505 1575/1737/1505 1713/1908/1505 
f 1715/1910/1506 1717/1912/1506 1718/1913/1506 1716/1911/1506 
f 1716/1911/1507 1718/1913/1507 1719/1914/1507 1581/1743/1507 
f 1581/1743/1508 1579/1741/1508 1578/1740/1508 1716/1911/1508 
f 1718/1913/1509 1720/1915/1509 1721/1916/1509 1719/1914/1509 
f 1719/1914/1510 1721/1916/1510 1722/1917/1510 1584/1747/1510 
f 1584/1747/1511 1582/1744/1511 1581/1743/1511 1719/1914/1511 
f 1721/1916/1512 1723/1918/1512 1724/1919/1512 1722/1917/1512 
f 1722/1917/1513 1724/1919/1513 1589/1920/1513 1587/1921/1513 
f 1587/1921/1514 1585/1748/1514 1584/1747/1514 1722/1917/1514 
f 1723/1918/1515 1655/1837/1515 1725/1922/1515 1724/1919/1515 
f 1724/1919/1516 1725/1922/1516 1591/1923/1516 1589/1920/1516 
f 1655/1837/1517 1653/1835/1517 1652/1834/1517 1725/1922/1517 
f 1725/1922/1518 1652/1834/1518 1593/1924/1518 1591/1923/1518 
f 1658/1840/1519 1656/1838/1519 1655/1837/1519 1723/1918/1519 
f 1723/1918/1520 1721/1916/1520 1720/1915/1520 1658/1840/1520 
f 1661/1843/1521 1659/1841/1521 1658/1840/1521 1720/1915/1521 
f 1720/1915/1522 1718/1913/1522 1717/1912/1522 1661/1843/1522 
f 1664/1846/1523 1662/1844/1523 1661/1843/1523 1717/1912/1523 
f 1717/1912/1524 1715/1910/1524 1714/1909/1524 1664/1846/1524 
f 1667/1849/1525 1665/1847/1525 1664/1846/1525 1714/1909/1525 
f 1714/1909/1526 1712/1907/1526 1711/1906/1526 1667/1849/1526 
f 1670/1852/1527 1668/1850/1527 1667/1849/1527 1711/1906/1527 
f 1711/1906/1528 1709/1904/1528 1708/1903/1528 1670/1852/1528 
f 1673/1855/1529 1671/1853/1529 1670/1852/1529 1708/1903/1529 
f 1708/1903/1530 1706/1901/1530 1705/1900/1530 1673/1855/1530 
f 1676/1859/1531 1674/1856/1531 1673/1855/1531 1705/1900/1531 
f 1705/1900/1532 1703/1898/1532 1702/1897/1532 1676/1859/1532 
f 1679/1864/1533 1677/1860/1533 1676/1859/1533 1702/1897/1533 
f 1702/1897/1534 1700/1895/1534 1699/1894/1534 1679/1864/1534 
f 1681/1925/1535 1680/1865/1535 1679/1864/1535 1699/1894/1535 
f 1699/1894/1536 1697/1892/1536 1696/1891/1536 1681/1925/1536 
f 1684/1926/203 1682/1869/203 1681/1868/203 1696/1927/203 
f 1696/1927/205 1694/1887/205 1686/1886/205 1684/1926/205 
f 1650/1832/1537 1649/1831/1537 1593/1924/1537 1652/1834/1537 
f 1647/1828/1538 1598/1765/1538 1596/1763/1538 1649/1928/1538 
f 1649/1928/1539 1596/1763/1539 1594/1761/1539 1593/1760/1539 
f 747/802/1540 746/801/1540 180/183/1540 751/806/1540 
f 685/737/1541 209/212/1541 207/210/1541 680/732/1541 
f 224/230/1542 223/229/1542 622/671/1542 627/676/1542 
f 623/672/1543 620/669/1543 92/94/1543 91/93/1543 
f 585/631/1544 150/153/1544 149/152/1544 587/633/1544 
f 585/631/1545 583/629/1545 153/156/1545 150/153/1545 
f 520/561/1546 518/559/1546 517/558/1546 524/566/1546 
f 496/537/1547 36/36/1547 35/35/1547 499/540/1547 
f 349/366/1548 162/165/1548 344/361/1548 343/360/1548 
f 326/340/1549 63/63/1549 62/62/1549 330/344/1549 
f 307/321/1550 98/101/1550 97/100/1550 308/322/1550 
f 303/317/1551 296/310/1551 294/308/1551 307/321/1551 
f 294/308/1552 101/104/1552 98/101/1552 307/321/1552 
f 215/220/1553 212/216/1553 56/56/1553 55/55/1553 
f 169/172/1554 135/138/1554 134/137/1554 170/173/1554 
f 14/14/1555 13/13/1555 113/116/1555 112/115/1555 
f 38/38/1556 37/37/1556 11/11/1556 9/9/1556 
f 899/968/1557 1238/1367/1557 146/149/1557 152/155/1557 
f 1208/1325/205 784/1328/205 782/1320/205 1206/1319/205 
f 1726/1929/1558 129/132/1558 136/139/1558 
f 130/133/1559 129/132/1559 1726/1929/1559 
f 559/603/1560 1727/1930/1560 554/598/1560 553/597/1560 
f 554/598/1561 1727/1930/1561 1728/1931/1561 556/600/1561 
f 239/245/1562 1728/1931/1562 1727/1930/1562 240/246/1562 
f 240/246/1563 1727/1930/1563 559/603/1563 241/247/1563 
f 86/86/1564 552/596/1564 1729/1932/1564 87/87/1564 
f 548/592/1565 549/593/1565 552/596/1565 86/86/1565 
f 236/242/1566 253/262/1566 255/265/1566 237/243/1566 
f 249/263/1567 253/262/1567 236/242/1567 235/241/1567 
f 502/543/1568 503/544/1568 45/45/1568 44/44/1568 
f 43/43/1569 495/536/1569 498/539/1569 44/44/1569 
f 43/43/1570 487/528/1570 495/536/1570 
f 509/550/1571 508/549/1571 505/546/1571 504/545/1571 
f 511/552/1572 42/42/1572 45/45/1572 505/546/1572 
f 46/46/1573 42/42/1573 511/552/1573 
f 1730/1933/1574 1731/1934/1574 860/929/1574 859/928/1574 
f 512/553/1575 1730/1933/1575 859/928/1575 514/555/1575 
f 514/555/1576 884/953/1576 197/200/1576 
f 1236/1365/1577 1235/1364/1577 904/973/1577 903/972/1577 
f 904/973/1578 1235/1364/1578 168/171/1578 
f 1237/1366/1579 908/977/1579 907/976/1579 147/150/1579 
f 148/151/1580 147/150/1580 907/976/1580 
f 1061/1141/1581 1234/1363/1581 1063/1143/1581 1062/1142/1581 
f 1066/1146/205 183/186/205 1065/1145/205 
f 1068/1148/48 175/178/48 178/181/48 1067/1147/48 
f 1070/1150/1582 1177/1275/1582 176/179/1582 175/178/1582 
f 1177/1275/1583 1179/1277/1583 179/182/1583 176/179/1583 
f 1051/1935/1584 1050/1936/1584 1732/1937/1584 1733/1938/1584 
f 1050/1936/1585 1053/1939/1585 1734/1940/1585 1732/1937/1585 
f 1053/1939/1586 1055/1941/1586 1735/1942/1586 1734/1940/1586 
f 1055/1941/1587 1175/1943/1587 1736/1944/1587 1735/1942/1587 
f 1057/1945/1588 1051/1935/1588 1733/1938/1588 1737/1946/1588 
f 1057/1945/1589 1737/1946/1589 1738/1947/1589 1056/1948/1589 
f 1056/1948/1590 1738/1947/1590 1739/1949/1590 1058/1950/1590 
f 1234/1951/1591 1740/1952/1591 1741/1953/1591 1063/1954/1591 
f 1064/1955/1592 1742/1956/1592 1743/1957/1592 1065/1958/1592 
f 1066/1959/1593 1744/1960/1593 1745/1961/1593 1067/1962/1593 
f 1068/1963/1594 1746/1964/1594 1747/1965/1594 1069/1966/1594 
f 1069/1966/1595 1747/1965/1595 1748/1967/1595 1071/1968/1595 
f 1071/1968/1596 1748/1967/1596 1749/1969/1596 1073/1970/1596 
f 1073/1970/1597 1749/1969/1597 1750/1971/1597 1074/1972/1597 
f 1075/1973/1598 1074/1972/1598 1750/1971/1598 1751/1974/1598 
f 1076/1975/1599 1075/1973/1599 1751/1974/1599 1752/1976/1599 
f 1077/1977/1600 1076/1978/1600 1752/1979/1600 1753/1980/1600 
f 1078/1981/1601 1077/1977/1601 1753/1980/1601 1754/1982/1601 
f 1079/1983/1602 1078/1981/1602 1754/1982/1602 1755/1984/1602 
f 1081/1985/1603 1079/1983/1603 1755/1984/1603 1756/1986/1603 
f 1083/1987/1604 1081/1985/1604 1756/1986/1604 1757/1988/1604 
f 1084/1989/1605 1083/1987/1605 1757/1988/1605 1758/1990/1605 
f 1085/1991/1606 1084/1989/1606 1758/1990/1606 1759/1992/1606 
f 1175/1943/1607 1085/1991/1607 1759/1992/1607 1736/1944/1607 
f 1233/1993/1608 1760/1994/1608 1740/1952/1608 1234/1951/1608 
f 1058/1950/1609 1739/1949/1609 1760/1994/1609 1233/1993/1609 
f 1063/1954/1610 1741/1953/1610 1742/1956/1610 1064/1955/1610 
f 1065/1958/1611 1743/1957/1611 1744/1960/1611 1066/1959/1611 
f 1067/1962/1612 1745/1961/1612 1746/1964/1612 1068/1963/1612 
f 115/1995/1613 1761/1996/1613 1762/1997/1613 116/1998/1613 
f 116/1998/1614 1762/1997/1614 1763/1999/1614 117/2000/1614 
f 123/2001/1615 122/2002/1615 1764/2003/1615 1765/2004/1615 
f 124/2005/1616 123/2001/1616 1765/2004/1616 1766/2006/1616 
f 836/2007/1617 1767/2008/1617 1768/2009/1617 837/2010/1617 
f 838/2011/1618 837/2010/1618 1768/2009/1618 1769/2012/1618 
f 840/2013/1619 838/2011/1619 1769/2012/1619 1770/2014/1619 
f 842/2015/1620 840/2013/1620 1770/2014/1620 1771/2016/1620 
f 898/2017/1621 124/2005/1621 1766/2006/1621 1772/2018/1621 
f 899/2019/1622 898/2017/1622 1772/2018/1622 1773/2020/1622 
f 899/2019/1623 1773/2020/1623 1774/2021/1623 1238/2022/1623 
f 1238/2022/1624 1774/2021/1624 1775/2023/1624 1237/2024/1624 
f 122/2025/1625 901/2026/1625 1776/2027/1625 1764/2028/1625 
f 901/2026/1626 900/2029/1626 1777/2030/1626 1776/2027/1626 
f 900/2029/1627 902/2031/1627 1778/2032/1627 1777/2030/1627 
f 902/2031/1628 842/2015/1628 1771/2016/1628 1778/2032/1628 
f 906/2033/1629 1779/2034/1629 1780/2035/1629 903/2036/1629 
f 1237/2024/1586 1775/2023/1586 1781/2037/1586 908/2038/1586 
f 130/2039/1630 1782/2040/1630 1783/2041/1630 1082/2042/1630 
f 1082/2042/1631 1783/2041/1631 1761/1996/1631 115/1995/1631 
f 117/2000/1592 1763/1999/1592 1784/2043/1592 1225/2044/1592 
f 1225/2044/1632 1784/2043/1632 1785/2045/1632 1226/2046/1632 
f 1226/2046/1633 1785/2045/1633 1767/2008/1633 836/2007/1633 
f 1236/2047/1634 1786/2048/1634 1787/2049/1634 136/2050/1634 
f 136/2050/1635 1787/2049/1635 1788/2051/1635 1726/2052/1635 
f 1726/2052/1636 1788/2051/1636 1782/2040/1636 130/2039/1636 
f 903/2036/1637 1780/2035/1637 1786/2048/1637 1236/2047/1637 
f 908/2038/1638 1781/2037/1638 1779/2034/1638 906/2033/1638 
f 1731/1934/1639 1730/1933/1639 507/548/1639 506/547/1639 
f 507/548/1640 1730/1933/1640 512/553/1640 510/551/1640 
f 881/950/1641 880/949/1641 878/947/1641 877/946/1641 
f 880/949/1642 883/952/1642 879/948/1642 878/947/1642 
f 877/946/1643 874/943/1643 888/957/1643 199/202/1643 
f 34/2053/1644 1789/2054/1644 1790/2055/1644 35/2056/1644 
f 41/2057/1645 1791/2058/1645 1789/2054/1645 34/2053/1645 
f 499/2059/1646 1792/2060/1646 1793/2061/1646 500/2062/1646 
f 500/2062/1647 1793/2061/1647 1794/2063/1647 501/2064/1647 
f 502/2065/1611 501/2064/1611 1794/2063/1611 1795/2066/1611 
f 504/2067/1648 503/2068/1648 1796/2069/1648 1797/2070/1648 
f 506/2071/1649 509/2072/1649 1798/2073/1649 1799/2074/1649 
f 853/2075/1650 1800/2076/1650 1801/2077/1650 854/2078/1650 
f 854/2078/1651 1801/2077/1651 1791/2058/1651 41/2057/1651 
f 35/2056/1608 1790/2055/1608 1792/2060/1608 499/2059/1608 
f 860/2079/1652 1731/2080/1652 1802/2081/1652 1803/2082/1652 
f 856/2083/1653 855/2084/1653 1804/2085/1653 1805/2086/1653 
f 883/2087/1654 856/2083/1654 1805/2086/1654 1806/2088/1654 
f 876/2089/1655 1807/2090/1655 1808/2091/1655 873/2092/1655 
f 879/2093/1656 883/2087/1656 1806/2088/1656 1809/2094/1656 
f 873/2092/1657 1808/2091/1657 1810/2095/1657 870/2096/1657 
f 861/2097/488 1811/2098/488 1812/2099/488 862/2100/488 
f 866/2101/1658 1813/2102/1658 1811/2098/1658 861/2097/1658 
f 870/2096/1659 1810/2095/1659 1813/2102/1659 866/2101/1659 
f 862/2100/1660 1812/2099/1660 1800/2076/1660 853/2075/1660 
f 503/2068/1661 502/2065/1661 1795/2066/1661 1796/2069/1661 
f 509/2072/1619 504/2067/1619 1797/2070/1619 1798/2073/1619 
f 855/2084/1615 860/2103/1615 1803/2104/1615 1804/2085/1615 
f 1731/2080/1627 506/2071/1627 1799/2074/1627 1802/2081/1627 
f 879/2093/1607 1809/2094/1607 1807/2090/1607 876/2089/1607 
f 284/298/1662 283/297/1662 282/296/1662 281/295/1662 
f 281/295/1663 278/292/1663 277/291/1663 
f 550/594/1664 553/597/1664 555/599/1664 551/595/1664 
f 558/602/1665 1729/1932/1665 552/596/1665 551/595/1665 
f 560/604/1666 553/597/1666 550/594/1666 1283/1414/1666 
f 639/2105/1667 638/2106/1667 1814/2107/1667 
f 640/2108/1668 639/2105/1668 1814/2107/1668 
f 641/2109/1669 640/2108/1669 1814/2107/1669 
f 646/2110/1670 641/2109/1670 1814/2107/1670 
f 647/2111/1671 646/2110/1671 1814/2107/1671 
f 652/2112/1672 647/2111/1672 1814/2107/1672 
f 653/2113/1673 652/2112/1673 1814/2107/1673 
f 658/2114/1674 653/2113/1674 1814/2107/1674 
f 659/2115/1675 658/2114/1675 1814/2107/1675 
f 664/2116/1676 659/2115/1676 1814/2107/1676 
f 665/2117/1677 664/2116/1677 1814/2107/1677 
f 670/2118/1678 665/2117/1678 1814/2107/1678 
f 671/2119/1679 670/2118/1679 1814/2107/1679 
f 674/2120/1680 671/2119/1680 1814/2107/1680 
f 675/2121/1681 674/2120/1681 1814/2107/1681 
f 677/2122/1682 675/2121/1682 1814/2107/1682 
f 938/2123/1683 937/2124/1683 1814/2107/1683 
f 939/2125/1684 938/2123/1684 1814/2107/1684 
f 942/2126/1685 939/2125/1685 1814/2107/1685 
f 943/2127/1686 942/2126/1686 1814/2107/1686 
f 947/2128/1687 943/2127/1687 1814/2107/1687 
f 948/2129/1688 947/2128/1688 1814/2107/1688 
f 638/2106/1689 948/2129/1689 1814/2107/1689 
f 937/2124/1690 949/2130/1690 1814/2107/1690 
f 949/2130/1691 950/2131/1691 1814/2107/1691 
f 950/2131/1692 951/2132/1692 1814/2107/1692 
f 951/2132/1693 952/2133/1693 1814/2107/1693 
f 952/2133/1694 954/2134/1694 1814/2107/1694 
f 954/2134/1695 956/2135/1695 1814/2107/1695 
f 956/2135/1696 958/2136/1696 1814/2107/1696 
f 958/2136/1697 960/2137/1697 1814/2107/1697 
f 960/2137/1698 962/2138/1698 1814/2107/1698 
f 962/2138/1699 964/2139/1699 1814/2107/1699 
f 964/2139/1700 966/2140/1700 1814/2107/1700 
f 966/2140/1701 968/2141/1701 1814/2107/1701 
f 968/2141/1702 970/2142/1702 1814/2107/1702 
f 970/2142/1703 972/2143/1703 1814/2107/1703 
f 972/2143/1704 974/2144/1704 1814/2107/1704 
f 974/2144/1705 976/2145/1705 1814/2107/1705 
f 976/2145/1706 978/2146/1706 1814/2107/1706 
f 978/2146/1707 980/2147/1707 1814/2107/1707 
f 980/2147/1708 982/2148/1708 1814/2107/1708 
f 982/2148/1709 984/2149/1709 1814/2107/1709 
f 984/2149/1710 986/2150/1710 1814/2107/1710 
f 986/2150/1711 987/2151/1711 1814/2107/1711 
f 987/2151/1712 677/2122/1712 1814/2107/1712 
f 85/2152/1713 84/2153/1713 1815/2154/1713 
f 84/2153/1714 87/2155/1714 1815/2154/1714 
f 218/2156/1715 217/2157/1715 1815/2154/1715 
f 217/2157/1716 221/2158/1716 1815/2154/1716 
f 238/2159/1717 237/2160/1717 1815/2154/1717 
f 239/2161/1718 238/2159/1718 1815/2154/1718 
f 255/2162/1719 254/2163/1719 1815/2154/1719 
f 254/2163/1720 258/2164/1720 1815/2154/1720 
f 258/2164/1721 260/2165/1721 1815/2154/1721 
f 260/2165/1722 218/2156/1722 1815/2154/1722 
f 280/2166/1723 279/2167/1723 1815/2154/1723 
f 221/2158/1724 280/2166/1724 1815/2154/1724 
f 279/2167/1725 282/2168/1725 1815/2154/1725 
f 283/2169/1726 286/2170/1726 1815/2154/1726 
f 286/2170/1727 288/2171/1727 1815/2154/1727 
f 288/2171/1728 290/2172/1728 1815/2154/1728 
f 290/2172/1729 291/2173/1729 1815/2154/1729 
f 291/2173/1730 292/2174/1730 1815/2154/1730 
f 292/2174/1731 293/2175/1731 1815/2154/1731 
f 293/2175/1732 295/2176/1732 1815/2154/1732 
f 295/2176/1733 297/2177/1733 1815/2154/1733 
f 297/2177/1734 299/2178/1734 1815/2154/1734 
f 299/2178/1735 85/2152/1735 1815/2154/1735 
f 557/2179/1736 556/2180/1736 1815/2154/1736 
f 558/2181/1737 557/2179/1737 1815/2154/1737 
f 556/2180/1738 1728/2182/1738 1815/2154/1738 
f 1728/2182/1739 239/2161/1739 1815/2154/1739 
f 87/2155/1740 1729/2183/1740 1815/2154/1740 
f 237/2160/1741 255/2162/1741 1815/2154/1741 
f 282/2168/1742 283/2169/1742 1815/2154/1742 
f 1729/2183/1743 558/2181/1743 1815/2154/1743 
f 1790/2184/1744 1789/2185/1744 1816/2186/1744 
f 1789/2185/1745 1791/2187/1745 1816/2186/1745 
f 1793/2188/1746 1792/2189/1746 1816/2186/1746 
f 1794/2190/1747 1793/2188/1747 1816/2186/1747 
f 1795/2191/1748 1794/2190/1748 1816/2186/1748 
f 1797/2192/1749 1796/2193/1749 1816/2186/1749 
f 1799/2194/1750 1798/2195/1750 1816/2186/1750 
f 1801/2196/1751 1800/2197/1751 1816/2186/1751 
f 1791/2187/1752 1801/2196/1752 1816/2186/1752 
f 1792/2189/1753 1790/2184/1753 1816/2186/1753 
f 1803/2198/1754 1802/2199/1754 1816/2186/1754 
f 1805/2200/1755 1804/2201/1755 1816/2186/1755 
f 1806/2202/1756 1805/2200/1756 1816/2186/1756 
f 1808/2203/1757 1807/2204/1757 1816/2186/1757 
f 1809/2205/1758 1806/2202/1758 1816/2186/1758 
f 1810/2206/1759 1808/2203/1759 1816/2186/1759 
f 1812/2207/1760 1811/2208/1760 1816/2186/1760 
f 1811/2208/1761 1813/2209/1761 1816/2186/1761 
f 1813/2209/1762 1810/2206/1762 1816/2186/1762 
f 1800/2197/1763 1812/2207/1763 1816/2186/1763 
f 1796/2193/1764 1795/2191/1764 1816/2186/1764 
f 1798/2195/1765 1797/2192/1765 1816/2186/1765 
f 1804/2201/1766 1803/2198/1766 1816/2186/1766 
f 1802/2199/1767 1799/2194/1767 1816/2186/1767 
f 1807/2204/1768 1809/2205/1768 1816/2186/1768 
f 1762/2210/1769 1761/2211/1769 1817/2212/1769 
f 1763/2213/1770 1762/2210/1770 1817/2212/1770 
f 1765/2214/1771 1764/2215/1771 1817/2212/1771 
f 1766/2216/1772 1765/2214/1772 1817/2212/1772 
f 1768/2217/1773 1767/2218/1773 1817/2212/1773 
f 1769/2219/1774 1768/2217/1774 1817/2212/1774 
f 1770/2220/1775 1769/2219/1775 1817/2212/1775 
f 1771/2221/1776 1770/2220/1776 1817/2212/1776 
f 1772/2222/1777 1766/2216/1777 1817/2212/1777 
f 1773/2223/1778 1772/2222/1778 1817/2212/1778 
f 1774/2224/1779 1773/2223/1779 1817/2212/1779 
f 1775/2225/1780 1774/2224/1780 1817/2212/1780 
f 1764/2215/1781 1776/2226/1781 1817/2212/1781 
f 1776/2226/1782 1777/2227/1782 1817/2212/1782 
f 1777/2227/1783 1778/2228/1783 1817/2212/1783 
f 1778/2228/1784 1771/2221/1784 1817/2212/1784 
f 1780/2229/1785 1779/2230/1785 1817/2212/1785 
f 1781/2231/1786 1775/2225/1786 1817/2212/1786 
f 1783/2232/1787 1782/2233/1787 1817/2212/1787 
f 1761/2211/1788 1783/2232/1788 1817/2212/1788 
f 1784/2234/1789 1763/2213/1789 1817/2212/1789 
f 1785/2235/1790 1784/2234/1790 1817/2212/1790 
f 1767/2218/1791 1785/2235/1791 1817/2212/1791 
f 1787/2236/1792 1786/2237/1792 1817/2212/1792 
f 1788/2238/1793 1787/2236/1793 1817/2212/1793 
f 1782/2233/1794 1788/2238/1794 1817/2212/1794 
f 1786/2237/1795 1780/2229/1795 1817/2212/1795 
f 1779/2230/1796 1781/2231/1796 1817/2212/1796 
f 1733/2239/1797 1732/2240/1797 1818/2241/1797 
f 1732/2240/1798 1734/2242/1798 1818/2241/1798 
f 1734/2242/1799 1735/2243/1799 1818/2241/1799 
f 1735/2243/1800 1736/2244/1800 1818/2241/1800 
f 1737/2245/1801 1733/2239/1801 1818/2241/1801 
f 1738/2246/1802 1737/2245/1802 1818/2241/1802 
f 1739/2247/1803 1738/2246/1803 1818/2241/1803 
f 1741/2248/1804 1740/2249/1804 1818/2241/1804 
f 1743/2250/1805 1742/2251/1805 1818/2241/1805 
f 1745/2252/1806 1744/2253/1806 1818/2241/1806 
f 1747/2254/1807 1746/2255/1807 1818/2241/1807 
f 1748/2256/1808 1747/2254/1808 1818/2241/1808 
f 1749/2257/1809 1748/2256/1809 1818/2241/1809 
f 1750/2258/1810 1749/2257/1810 1818/2241/1810 
f 1751/2259/1811 1750/2258/1811 1818/2241/1811 
f 1752/2260/1812 1751/2259/1812 1818/2241/1812 
f 1753/2261/1813 1752/2260/1813 1818/2241/1813 
f 1754/2262/1814 1753/2261/1814 1818/2241/1814 
f 1755/2263/1815 1754/2262/1815 1818/2241/1815 
f 1756/2264/1816 1755/2263/1816 1818/2241/1816 
f 1757/2265/1817 1756/2264/1817 1818/2241/1817 
f 1758/2266/1818 1757/2265/1818 1818/2241/1818 
f 1759/2267/203 1758/2266/203 1818/2241/203 
f 1736/2244/1819 1759/2267/1819 1818/2241/1819 
f 1740/2249/1820 1760/2268/1820 1818/2241/1820 
f 1760/2268/1821 1739/2247/1821 1818/2241/1821 
f 1742/2251/1822 1741/2248/1822 1818/2241/1822 
f 1744/2253/205 1743/2250/205 1818/2241/205 
f 1746/2255/1823 1745/2252/1823 1818/2241/1823 
f 1819/2269/205 1820/2270/205 1821/2271/205 1822/2272/205 
f 1822/2272/203 1823/2273/203 1824/2274/203 1819/2269/203 
f 1823/2273/205 1825/2275/205 1826/2276/205 1824/2274/205 
f 1827/2277/1824 1828/2278/1824 1829/2279/1824 1830/2280/1824 
f 1830/2280/1825 1821/2271/1825 1820/2270/1825 1827/2277/1825 
f 1828/2278/203 1831/2281/203 1832/2282/203 1829/2279/203 
f 1833/2283/205 1834/2284/205 1835/2285/205 1836/2286/205 
f 1836/2286/205 1837/2287/205 1838/2288/205 1833/2283/205 
f 1837/2287/203 1832/2282/203 1831/2281/203 1838/2288/203 
f 1839/2289/1826 1840/2290/1826 1841/2291/1826 1842/2292/1826 
f 1842/2292/203 1841/2291/203 1835/2285/203 1834/2284/203 
f 1840/2290/203 1839/2289/203 1843/2293/203 1844/2294/203 
f 1845/2295/205 1846/2296/205 1847/2297/205 1848/2298/205 
f 1849/2299/205 1850/2300/205 1845/2295/205 1848/2298/205 
f 1849/2299/205 1851/2301/205 1852/2302/205 1850/2300/205 
f 1853/2303/203 1854/2304/203 1855/2305/203 1856/2306/203 
f 1856/2306/205 1855/2305/205 1844/2294/205 1843/2293/205 
f 1854/2304/205 1853/2303/205 1857/2307/205 1858/2308/205 
f 1859/2309/203 1860/2310/203 1861/2311/203 1862/2312/203 
f 1863/2313/205 1864/2314/205 1859/2309/205 1862/2312/205 
f 1863/2313/203 1865/2315/203 1866/2316/203 1864/2314/203 
f 1867/2317/205 1868/2318/205 1866/2316/205 1865/2315/205 
f 1867/2317/205 1869/2319/205 1870/2320/205 1868/2318/205 
f 1871/2321/203 1872/2322/203 1870/2320/203 1869/2319/203 
f 1871/2321/203 1873/2323/203 1874/2324/203 1872/2322/203 
f 1875/2325/205 1876/2326/205 1877/2327/205 1878/2328/205 
f 1879/2329/203 1880/2330/203 1877/2327/203 1876/2326/203 
f 1881/2331/205 1882/2332/205 1880/2330/205 1879/2329/205 
f 1883/2333/203 1884/2334/203 1885/2335/203 1886/2336/203 
f 1886/2336/203 1861/2311/203 1860/2310/203 1883/2333/203 
f 1884/2334/1827 1887/2337/1827 1888/2338/1827 1885/2335/1827 
f 1888/2338/205 1887/2337/205 1852/2302/205 1851/2301/205 
f 1858/2308/205 1857/2307/205 1882/2332/205 1881/2331/205 
f 1889/2339/205 1890/2340/205 1891/2341/205 1892/2342/205 
f 1892/2342/205 1847/2297/205 1846/2296/205 1889/2339/205 
f 1890/2340/203 1893/2343/203 1894/2344/203 1891/2341/203 
f 1895/2345/205 1826/2276/205 1825/2275/205 1896/2346/205 
f 1896/2346/203 1897/2347/203 1898/2348/203 1895/2345/203 
f 1897/2347/205 1899/2349/205 1900/2350/205 1898/2348/205 
f 1901/2351/203 1902/2352/203 1903/2353/203 1904/2354/203 
f 1904/2354/203 1894/2344/203 1893/2343/203 1901/2351/203 
f 1902/2352/205 1905/2355/205 1906/2356/205 1903/2353/205 
f 1907/2357/1828 1900/2350/1828 1899/2349/1828 1908/2358/1828 
f 1908/2358/1829 1906/2356/1829 1905/2355/1829 1907/2357/1829 
f 1875/2325/205 1878/2328/205 1874/2324/205 1873/2323/205 
f 1819/2359/1830 1909/2360/1830 1910/2361/1830 1820/2362/1830 
f 1821/2363/1831 1911/2364/1831 1912/2365/1831 1822/2366/1831 
f 1822/2366/1832 1912/2365/1832 1913/2367/1832 1823/2368/1832 
f 1824/2369/1833 1914/2370/1833 1909/2360/1833 1819/2359/1833 
f 1823/2368/1605 1913/2367/1605 1915/2371/1605 1825/2372/1605 
f 1826/2373/1834 1916/2374/1834 1914/2370/1834 1824/2369/1834 
f 1827/2375/1835 1917/2376/1835 1918/2377/1835 1828/2378/1835 
f 1830/2379/1836 1829/2380/1836 1919/2381/1836 1920/2382/1836 
f 1821/2363/1837 1830/2379/1837 1920/2382/1837 1911/2364/1837 
f 1820/2362/1838 1910/2361/1838 1917/2376/1838 1827/2375/1838 
f 1828/2383/1839 1918/2384/1839 1921/2385/1839 1831/2386/1839 
f 1829/2387/1840 1832/2388/1840 1922/2389/1840 1919/2390/1840 
f 1833/2391/1627 1923/2392/1627 1924/2393/1627 1834/2394/1627 
f 1836/2395/1841 1835/2396/1841 1925/2397/1841 1926/2398/1841 
f 1837/2399/1842 1836/2395/1842 1926/2398/1842 1927/2400/1842 
f 1838/2401/1843 1928/2402/1843 1923/2392/1843 1833/2391/1843 
f 1832/2388/1844 1837/2399/1844 1927/2400/1844 1922/2389/1844 
f 1831/2386/1619 1921/2385/1619 1928/2402/1619 1838/2401/1619 
f 1842/2403/1845 1929/2404/1845 1930/2405/1845 1839/2406/1845 
f 1841/2407/1846 1840/2408/1846 1931/2409/1846 1932/2410/1846 
f 1835/2396/1847 1841/2407/1847 1932/2410/1847 1925/2397/1847 
f 1834/2394/1848 1924/2393/1848 1929/2404/1848 1842/2403/1848 
f 1839/2406/1615 1930/2405/1615 1933/2411/1615 1843/2412/1615 
f 1840/2408/1849 1844/2413/1849 1934/2414/1849 1931/2409/1849 
f 1846/2415/1850 1845/2416/1850 1935/2417/1850 1936/2418/1850 
f 1847/2419/1851 1937/2420/1851 1938/2421/1851 1848/2422/1851 
f 1848/2422/1852 1938/2421/1852 1939/2423/1852 1849/2424/1852 
f 1845/2416/1853 1850/2425/1853 1940/2426/1853 1935/2417/1853 
f 1849/2424/1854 1939/2423/1854 760/2427/1854 1851/2428/1854 
f 1850/2425/486 1852/2429/486 1941/2430/486 1940/2426/486 
f 1856/2431/1855 1942/2432/1855 1943/2433/1855 1853/2434/1855 
f 1855/2435/1856 1854/2436/1856 1944/2437/1856 1945/2438/1856 
f 1844/2413/1857 1855/2435/1857 1945/2438/1857 1934/2414/1857 
f 1843/2412/1858 1933/2411/1858 1942/2432/1858 1856/2431/1858 
f 1853/2434/1859 1943/2433/1859 1946/2439/1859 1857/2440/1859 
f 1854/2436/1860 1858/2441/1860 1947/2442/1860 1944/2437/1860 
f 1860/2443/1861 1859/2444/1861 1948/2445/1861 1949/2446/1861 
f 1861/2447/1862 1950/2448/1862 1951/2449/1862 1862/2450/1862 
f 1862/2450/1612 1951/2449/1612 1952/2451/1612 1863/2452/1612 
f 1859/2444/1863 1864/2453/1863 1953/2454/1863 1948/2445/1863 
f 1863/2452/1612 1952/2451/1612 1954/2455/1612 1865/2456/1612 
f 1864/2453/1863 1866/2457/1863 1955/2458/1863 1953/2454/1863 
f 1865/2456/1864 1954/2455/1864 1956/2459/1864 1867/2460/1864 
f 1866/2457/1865 1868/2461/1865 1957/2462/1865 1955/2458/1865 
f 1867/2460/1864 1956/2459/1864 1958/2463/1864 1869/2464/1864 
f 1868/2461/1655 1870/2465/1655 1959/2466/1655 1957/2462/1655 
f 1869/2464/1866 1958/2463/1866 1960/2467/1866 1871/2468/1866 
f 1872/2469/1867 1961/2470/1867 1959/2466/1867 1870/2465/1867 
f 1871/2468/1868 1960/2467/1868 1962/2471/1868 1873/2472/1868 
f 1874/2473/1867 1963/2474/1867 1961/2470/1867 1872/2469/1867 
f 1875/2475/1834 1964/2476/1834 1965/2477/1834 1876/2478/1834 
f 1877/2479/1869 1966/2480/1869 1967/2481/1869 1878/2482/1869 
f 1876/2478/1870 1965/2477/1870 1968/2483/1870 1879/2484/1870 
f 1880/2485/1871 1969/2486/1871 1966/2480/1871 1877/2479/1871 
f 1879/2484/1872 1968/2483/1872 1970/2487/1872 1881/2488/1872 
f 1882/2489/1873 1971/2490/1873 1969/2486/1873 1880/2485/1873 
f 1884/2491/1844 1883/2492/1844 1972/2493/1844 1973/2494/1844 
f 1885/2495/1620 1974/2496/1620 1975/2497/1620 1886/2498/1620 
f 1886/2498/1874 1975/2497/1874 1950/2448/1874 1861/2447/1874 
f 1883/2492/1844 1860/2443/1844 1949/2446/1844 1972/2493/1844 
f 1887/2499/1875 1884/2491/1875 1973/2494/1875 1976/2500/1875 
f 1888/2501/1876 1977/2502/1876 1974/2496/1876 1885/2495/1876 
f 1852/2429/1877 1887/2499/1877 1976/2500/1877 1941/2430/1877 
f 1851/2428/1878 760/2427/1878 1977/2502/1878 1888/2501/1878 
f 1881/2488/1613 1970/2487/1613 1947/2442/1613 1858/2441/1613 
f 1857/2440/1879 1946/2439/1879 1971/2490/1879 1882/2489/1879 
f 1890/2503/1635 1889/2504/1635 1978/2505/1635 1979/2506/1635 
f 1891/2507/1880 1980/2508/1880 1981/2509/1880 1892/2510/1880 
f 1892/2510/1652 1981/2509/1652 1937/2420/1652 1847/2419/1652 
f 1889/2504/1850 1846/2415/1850 1936/2418/1850 1978/2505/1850 
f 1893/2511/1635 1890/2503/1635 1979/2506/1635 1982/2512/1635 
f 1894/2513/1881 1983/2514/1881 1980/2508/1881 1891/2507/1881 
f 1895/2515/1882 1984/2516/1882 1916/2374/1882 1826/2373/1882 
f 1825/2372/1883 1915/2371/1883 1985/2517/1883 1896/2518/1883 
f 1896/2518/1884 1985/2517/1884 1986/2519/1884 1897/2520/1884 
f 1898/2521/1882 1987/2522/1882 1984/2516/1882 1895/2515/1882 
f 1897/2520/1884 1986/2519/1884 1988/2523/1884 1899/2524/1884 
f 1898/2521/1608 1900/2525/1608 1989/2526/1608 1987/2522/1608 
f 1902/2527/1885 1901/2528/1885 1990/2529/1885 1991/2530/1885 
f 1903/2531/1886 1992/2532/1886 1993/2533/1886 1904/2534/1886 
f 1904/2534/1887 1993/2533/1887 1983/2514/1887 1894/2513/1887 
f 1901/2528/1635 1893/2511/1635 1982/2512/1635 1990/2529/1635 
f 1905/2535/1644 1902/2527/1644 1991/2530/1644 1994/2536/1644 
f 1906/2537/1601 1995/2538/1601 1992/2532/1601 1903/2531/1601 
f 1900/2525/1856 1907/2539/1856 1996/2540/1856 1989/2526/1856 
f 1899/2524/1888 1988/2523/1888 1997/2541/1888 1908/2542/1888 
f 1908/2542/1889 1997/2541/1889 1995/2538/1889 1906/2537/1889 
f 1907/2539/1890 1905/2535/1890 1994/2536/1890 1996/2540/1890 
f 1873/2472/1891 1962/2471/1891 1964/2476/1891 1875/2475/1891 
f 1878/2482/1892 1967/2481/1892 1963/2474/1892 1874/2473/1892 
f 798/2543/1893 466/2544/1893 1998/2545/1893 
f 466/2544/1894 414/2546/1894 1998/2545/1894 
f 414/2546/1895 413/2547/1895 1998/2545/1895 
f 413/2547/1896 416/2548/1896 1998/2545/1896 
f 416/2548/1897 464/2549/1897 1998/2545/1897 
f 464/2549/1898 465/2550/1898 1998/2545/1898 
f 465/2550/1899 423/2551/1899 1998/2545/1899 
f 400/2552/1900 403/2553/1900 1998/2545/1900 
f 403/2553/1901 405/2554/1901 1998/2545/1901 
f 405/2554/1902 1683/2555/1902 1998/2545/1902 
f 1683/2555/1903 1685/2556/1903 1998/2545/1903 
f 1685/2556/1904 1687/2557/1904 1998/2545/1904 
f 1687/2557/1905 1689/2558/1905 1998/2545/1905 
f 1689/2558/1906 1691/2559/1906 1998/2545/1906 
f 1691/2559/1907 1692/2560/1907 1998/2545/1907 
f 1692/2560/1907 1549/2561/1907 1998/2545/1907 
f 1549/2561/1908 407/2562/1908 1998/2545/1908 
f 407/2562/1909 406/2563/1909 1998/2545/1909 
f 406/2563/1910 410/2564/1910 1998/2545/1910 
f 410/2564/1911 757/2565/1911 1998/2545/1911 
f 757/2565/1912 761/2566/1912 1998/2545/1912 
f 761/2566/1913 763/2567/1913 1998/2545/1913 
f 763/2567/1914 765/2568/1914 1998/2545/1914 
f 765/2568/1915 767/2569/1915 1998/2545/1915 
f 767/2569/1916 769/2570/1916 1998/2545/1916 
f 769/2570/1917 771/2571/1917 1998/2545/1917 
f 771/2571/1918 773/2572/1918 1998/2545/1918 
f 773/2572/1919 775/2573/1919 1998/2545/1919 
f 775/2573/1920 777/2574/1920 1998/2545/1920 
f 777/2574/1921 779/2575/1921 1998/2545/1921 
f 779/2575/1922 781/2576/1922 1998/2545/1922 
f 781/2576/1923 783/2577/1923 1998/2545/1923 
f 783/2577/1924 785/2578/1924 1998/2545/1924 
f 785/2578/1925 787/2579/1925 1998/2545/1925 
f 787/2579/1926 789/2580/1926 1998/2545/1926 
f 789/2580/1927 791/2581/1927 1998/2545/1927 
f 791/2581/1928 793/2582/1928 1998/2545/1928 
f 793/2582/1929 795/2583/1929 1998/2545/1929 
f 795/2583/1930 797/2584/1930 1998/2545/1930 
f 797/2584/1931 798/2543/1931 1998/2545/1931 
f 423/2551/1932 419/2585/1932 1998/2545/1932 
f 419/2585/1933 418/2586/1933 1998/2545/1933 
f 418/2586/1934 421/2587/1934 1998/2545/1934 
f 421/2587/1935 401/2588/1935 1998/2545/1935 
f 401/2588/1936 400/2552/1936 1998/2545/1936 
f 1999/2589/1937 2000/2590/1937 2001/2591/1937 
f 2000/2590/1938 2002/2592/1938 2001/2591/1938 
f 2003/2593/1939 2004/2594/1939 2001/2591/1939 
f 2005/2595/1940 2003/2593/1940 2001/2591/1940 
f 2006/2596/1941 2005/2595/1941 2001/2591/1941 
f 2007/2597/1942 2008/2598/1942 2001/2591/1942 
f 2009/2599/1943 2010/2600/1943 2001/2591/1943 
f 2011/2601/1944 2012/2602/1944 2001/2591/1944 
f 2002/2592/1945 2011/2601/1945 2001/2591/1945 
f 2004/2594/1946 1999/2589/1946 2001/2591/1946 
f 2013/2603/1947 2014/2604/1947 2001/2591/1947 
f 2015/2605/1948 2016/2606/1948 2001/2591/1948 
f 2017/2607/1949 2015/2605/1949 2001/2591/1949 
f 2018/2608/1950 2019/2609/1950 2001/2591/1950 
f 2020/2610/1951 2017/2607/1951 2001/2591/1951 
f 2021/2611/1952 2018/2608/1952 2001/2591/1952 
f 2022/2612/1953 2023/2613/1953 2001/2591/1953 
f 2023/2613/1954 2024/2614/1954 2001/2591/1954 
f 2024/2614/1955 2021/2611/1955 2001/2591/1955 
f 2012/2602/1956 2022/2612/1956 2001/2591/1956 
f 2008/2598/1957 2006/2596/1957 2001/2591/1957 
f 2010/2600/1958 2007/2597/1958 2001/2591/1958 
f 2016/2606/1959 2013/2603/1959 2001/2591/1959 
f 2014/2604/1960 2009/2599/1960 2001/2591/1960 
f 2019/2609/1961 2020/2610/1961 2001/2591/1961 
f 1999/2615/1962 2025/2616/1962 2026/2617/1962 2000/2618/1962 
f 2000/2618/1963 2026/2617/1963 2027/2619/1963 2002/2620/1963 
f 2003/2621/1964 2028/2622/1964 2029/2623/1964 2004/2624/1964 
f 2005/2625/1965 2030/2626/1965 2028/2622/1965 2003/2621/1965 
f 2005/2625/1966 2006/2627/1966 2031/2628/1966 2030/2626/1966 
f 2007/2629/1967 2032/2630/1967 2033/2631/1967 2008/2632/1967 
f 2009/2633/1968 2034/2634/1968 2035/2635/1968 2010/2636/1968 
f 2012/2637/1969 2011/2638/1969 2036/2639/1969 2037/2640/1969 
f 2002/2620/1970 2027/2619/1970 2036/2639/1970 2011/2638/1970 
f 1999/2615/1971 2004/2624/1971 2029/2623/1971 2025/2616/1971 
f 2013/2641/1972 2038/2642/1972 2039/2643/1972 2014/2644/1972 
f 2015/2645/1973 2040/2646/1973 2041/2647/1973 2016/2648/1973 
f 2017/2649/1974 2042/2650/1974 2040/2646/1974 2015/2645/1974 
f 2018/2651/1975 2043/2652/1975 2044/2653/1975 2019/2654/1975 
f 2020/2655/1976 2045/2656/1976 2042/2650/1976 2017/2649/1976 
f 2021/2657/1977 2046/2658/1977 2043/2652/1977 2018/2651/1977 
f 2022/2659/1978 2047/2660/1978 2048/2661/1978 2023/2662/1978 
f 2023/2662/1979 2048/2661/1979 2049/2663/1979 2024/2664/1979 
f 2021/2657/1980 2024/2664/1980 2049/2663/1980 2046/2658/1980 
f 2012/2637/1981 2037/2640/1981 2047/2660/1981 2022/2659/1981 
f 2008/2632/1982 2033/2631/1982 2031/2628/1982 2006/2627/1982 
f 2007/2629/1983 2010/2636/1983 2035/2635/1983 2032/2630/1983 
f 2016/2648/1984 2041/2647/1984 2038/2642/1984 2013/2641/1984 
f 2014/2644/1985 2039/2643/1985 2034/2634/1985 2009/2633/1985 
f 2020/2655/1986 2019/2654/1986 2044/2653/1986 2045/2656/1986 
f 2050/2665/1987 2051/2666/1987 2052/2667/1987 
f 2052/2667/1988 2053/2668/1988 2050/2665/1988 
f 2053/2668/1989 2054/2669/1989 2050/2665/1989 
f 2054/2669/1990 2055/2670/1990 2050/2665/1990 
f 2055/2670/1991 2056/2671/1991 2050/2665/1991 
f 2056/2671/1992 2057/2672/1992 2050/2665/1992 
f 2057/2672/1993 2058/2673/1993 2050/2665/1993 
f 2058/2673/1994 2059/2674/1994 2050/2665/1994 
f 2059/2674/1995 2060/2675/1995 2050/2665/1995 
f 2050/2665/1996 2060/2675/1996 2061/2676/1996 
f 2061/2676/1997 2062/2677/1997 2050/2665/1997 
f 2062/2677/1998 2063/2678/1998 2050/2665/1998 
f 2063/2678/1999 2064/2679/1999 2050/2665/1999 
f 2050/2665/2000 2064/2679/2000 2065/2680/2000 
f 2065/2680/2001 2066/2681/2001 2050/2665/2001 
f 2066/2681/2002 2067/2682/2002 2050/2665/2002 
f 2067/2682/2003 2068/2683/2003 2050/2665/2003 
f 2069/2684/2004 2070/2685/2004 2050/2665/2004 
f 2070/2685/2005 2071/2686/2005 2050/2665/2005 
f 2050/2665/2006 2071/2686/2006 2051/2666/2006 
f 2068/2683/2007 2072/2687/2007 2050/2665/2007 
f 2050/2665/2008 2073/2688/2008 2069/2684/2008 
f 2069/2684/2009 2074/2689/2009 2075/2690/2009 2070/2685/2009 
f 2075/2690/2010 2076/2691/2010 2071/2686/2010 2070/2685/2010 
f 2076/2691/2011 2077/2692/2011 2051/2666/2011 2071/2686/2011 
f 2078/2693/2012 2052/2667/2012 2051/2666/2012 2077/2692/2012 
f 2053/2668/2013 2052/2667/2013 2078/2693/2013 2079/2694/2013 
f 2054/2669/2014 2053/2668/2014 2079/2694/2014 2080/2695/2014 
f 2055/2670/2015 2054/2669/2015 2080/2695/2015 2081/2696/2015 
f 2056/2671/2016 2055/2670/2016 2081/2696/2016 2082/2697/2016 
f 2057/2672/2017 2056/2671/2017 2082/2697/2017 2083/2698/2017 
f 2058/2673/2018 2057/2672/2018 2083/2698/2018 2084/2699/2018 
f 2085/2700/2019 2059/2674/2019 2058/2673/2019 2084/2699/2019 
f 2086/2701/2020 2060/2675/2020 2059/2674/2020 2085/2700/2020 
f 2087/2702/2021 2061/2676/2021 2060/2675/2021 2086/2701/2021 
f 2062/2677/2022 2061/2676/2022 2087/2702/2022 2088/2703/2022 
f 2089/2704/2023 2063/2678/2023 2062/2677/2023 2088/2703/2023 
f 2090/2705/2024 2064/2679/2024 2063/2678/2024 2089/2704/2024 
f 2091/2706/2025 2065/2680/2025 2064/2679/2025 2090/2705/2025 
f 2092/2707/2026 2066/2681/2026 2065/2680/2026 2091/2706/2026 
f 2093/2708/2027 2067/2682/2027 2066/2681/2027 2092/2707/2027 
f 2094/2709/2028 2068/2683/2028 2067/2682/2028 2093/2708/2028 
f 2095/2710/2029 2072/2687/2029 2068/2683/2029 2094/2709/2029 
f 2096/2711/2030 2072/2687/2030 2095/2710/2030 2097/2712/2030 
f 2097/2712/2031 2098/2713/2031 2099/2714/2031 2096/2711/2031 
f 2096/2711/2032 2099/2714/2032 2050/2665/2032 
f 2096/2711/2033 2050/2665/2033 2072/2687/2033 
f 2098/2713/2034 2100/2715/2034 2101/2716/2034 2099/2714/2034 
f 2099/2714/2035 2101/2716/2035 2050/2665/2035 
f 2101/2716/2036 2100/2715/2036 2102/2717/2036 2073/2688/2036 
f 2101/2716/2037 2073/2688/2037 2050/2665/2037 
f 2074/2689/2038 2069/2684/2038 2073/2688/2038 2102/2717/2038 
f 2102/2717/2039 2103/2718/2039 2104/2719/2039 2074/2689/2039 
f 2104/2719/2040 2105/2720/2040 2075/2690/2040 2074/2689/2040 
f 2104/2719/2022 2106/2721/2022 2107/2722/2022 2105/2720/2022 
f 2107/2722/2041 2108/2723/2041 2109/2724/2041 2105/2720/2041 
f 2109/2724/2042 2076/2691/2042 2075/2690/2042 2105/2720/2042 
f 2108/2723/2043 2110/2725/2043 2111/2726/2043 2109/2724/2043 
f 2111/2726/2044 2077/2692/2044 2076/2691/2044 2109/2724/2044 
f 2110/2725/2045 2112/2727/2045 2113/2728/2045 2111/2726/2045 
f 2113/2728/2046 2078/2693/2046 2077/2692/2046 2111/2726/2046 
f 2112/2727/2047 2114/2729/2047 2115/2730/2047 2113/2728/2047 
f 2115/2730/2048 2079/2694/2048 2078/2693/2048 2113/2728/2048 
f 2114/2729/2049 2116/2731/2049 2117/2732/2049 2115/2730/2049 
f 2117/2732/2050 2080/2695/2050 2079/2694/2050 2115/2730/2050 
f 2116/2731/2051 2118/2733/2051 2119/2734/2051 2117/2732/2051 
f 2117/2732/2052 2119/2734/2052 2081/2696/2052 2080/2695/2052 
f 2118/2733/2053 2120/2735/2053 2121/2736/2053 2119/2734/2053 
f 2121/2736/2054 2082/2697/2054 2081/2696/2054 2119/2734/2054 
f 2120/2735/2055 2122/2737/2055 2123/2738/2055 2121/2736/2055 
f 2121/2736/2056 2123/2738/2056 2083/2698/2056 2082/2697/2056 
f 2122/2737/2057 2124/2739/2057 2125/2740/2057 2123/2738/2057 
f 2125/2740/2058 2084/2699/2058 2083/2698/2058 2123/2738/2058 
f 2124/2739/2059 2126/2741/2059 2127/2742/2059 2125/2740/2059 
f 2127/2742/2060 2085/2700/2060 2084/2699/2060 2125/2740/2060 
f 2126/2741/2061 2128/2743/2061 2129/2744/2061 2127/2742/2061 
f 2129/2744/2062 2086/2701/2062 2085/2700/2062 2127/2742/2062 
f 2128/2743/2063 2130/2745/2063 2131/2746/2063 2129/2744/2063 
f 2131/2746/2064 2087/2702/2064 2086/2701/2064 2129/2744/2064 
f 2130/2745/2065 2132/2747/2065 2133/2748/2065 2131/2746/2065 
f 2133/2748/2066 2088/2703/2066 2087/2702/2066 2131/2746/2066 
f 2133/2748/2067 2132/2747/2067 2134/2749/2067 2135/2750/2067 
f 2135/2750/2068 2089/2704/2068 2088/2703/2068 2133/2748/2068 
f 2135/2750/2069 2134/2749/2069 2136/2751/2069 2137/2752/2069 
f 2137/2752/2070 2090/2705/2070 2089/2704/2070 2135/2750/2070 
f 2137/2752/2071 2136/2751/2071 2138/2753/2071 2139/2754/2071 
f 2139/2754/2072 2091/2706/2072 2090/2705/2072 2137/2752/2072 
f 2139/2754/2073 2138/2753/2073 2140/2755/2073 2141/2756/2073 
f 2141/2756/2074 2092/2707/2074 2091/2706/2074 2139/2754/2074 
f 2141/2756/2075 2140/2755/2075 2142/2757/2075 2143/2758/2075 
f 2143/2758/2076 2093/2708/2076 2092/2707/2076 2141/2756/2076 
f 2143/2758/2077 2142/2757/2077 2144/2759/2077 2145/2760/2077 
f 2145/2760/2078 2094/2709/2078 2093/2708/2078 2143/2758/2078 
f 2145/2760/2079 2144/2759/2079 2146/2761/2079 2147/2762/2079 
f 2147/2762/2080 2095/2710/2080 2094/2709/2080 2145/2760/2080 
f 2147/2762/2081 2146/2761/2081 2148/2763/2081 2149/2764/2081 
f 2149/2764/2082 2097/2712/2082 2095/2710/2082 2147/2762/2082 
f 2149/2764/2083 2148/2763/2083 2150/2765/2083 2151/2766/2083 
f 2151/2766/2084 2098/2713/2084 2097/2712/2084 2149/2764/2084 
f 2098/2713/2085 2151/2766/2085 2152/2767/2085 2100/2715/2085 
f 2151/2766/2086 2150/2765/2086 2153/2768/2086 2152/2767/2086 
f 2152/2767/2087 2153/2768/2087 2154/2769/2087 2103/2718/2087 
f 2103/2718/2088 2102/2717/2088 2100/2715/2088 2152/2767/2088 
f 2153/2770/2089 2155/2771/2089 2156/2772/2089 2154/2773/2089 
f 2156/2772/2090 2157/2774/2090 2106/2775/2090 2154/2773/2090 
f 2106/2721/2091 2104/2719/2091 2103/2718/2091 2154/2769/2091 
f 2156/2772/2092 2158/2776/2092 2159/2777/2092 2157/2774/2092 
f 2159/2777/2093 2160/2778/2093 2161/2779/2093 2157/2774/2093 
f 2161/2779/2094 2107/2780/2094 2106/2775/2094 2157/2774/2094 
f 2160/2778/2095 2162/2781/2095 2163/2782/2095 2161/2779/2095 
f 2163/2782/2096 2108/2783/2096 2107/2780/2096 2161/2779/2096 
f 2162/2784/2097 2164/2785/2097 2165/2786/2097 2163/2787/2097 
f 2165/2786/2098 2110/2788/2098 2108/2789/2098 2163/2787/2098 
f 2164/2785/2099 2166/2790/2099 2167/2791/2099 2165/2786/2099 
f 2167/2791/2100 2112/2792/2100 2110/2788/2100 2165/2786/2100 
f 2166/2790/2101 2168/2793/2101 2169/2794/2101 2167/2791/2101 
f 2169/2794/2102 2114/2795/2102 2112/2792/2102 2167/2791/2102 
f 2168/2793/2103 2170/2796/2103 2171/2797/2103 2169/2794/2103 
f 2169/2794/2104 2171/2797/2104 2116/2798/2104 2114/2795/2104 
f 2170/2796/2105 2172/2799/2105 2173/2800/2105 2171/2797/2105 
f 2171/2797/2106 2173/2800/2106 2118/2801/2106 2116/2798/2106 
f 2172/2799/2107 2174/2802/2107 2175/2803/2107 2173/2800/2107 
f 2173/2800/2108 2175/2803/2108 2120/2804/2108 2118/2801/2108 
f 2174/2802/2109 2176/2805/2109 2177/2806/2109 2175/2803/2109 
f 2175/2803/2110 2177/2806/2110 2122/2807/2110 2120/2804/2110 
f 2176/2805/2111 2178/2808/2111 2179/2809/2111 2177/2806/2111 
f 2179/2809/2112 2124/2810/2112 2122/2807/2112 2177/2806/2112 
f 2178/2808/2113 2180/2811/2113 2181/2812/2113 2179/2809/2113 
f 2181/2812/2114 2126/2813/2114 2124/2810/2114 2179/2809/2114 
f 2180/2811/2115 2182/2814/2115 2183/2815/2115 2181/2812/2115 
f 2183/2815/2116 2128/2816/2116 2126/2813/2116 2181/2812/2116 
f 2182/2814/2117 2184/2817/2117 2185/2818/2117 2183/2815/2117 
f 2185/2818/2118 2130/2819/2118 2128/2816/2118 2183/2815/2118 
f 2185/2818/2119 2184/2817/2119 2186/2820/2119 2187/2821/2119 
f 2187/2821/2120 2132/2822/2120 2130/2819/2120 2185/2818/2120 
f 2187/2821/2121 2186/2820/2121 2188/2823/2121 2189/2824/2121 
f 2189/2824/2122 2134/2825/2122 2132/2822/2122 2187/2821/2122 
f 2189/2824/2123 2188/2823/2123 2190/2826/2123 2191/2827/2123 
f 2191/2827/2124 2136/2828/2124 2134/2825/2124 2189/2824/2124 
f 2191/2827/2125 2190/2826/2125 2192/2829/2125 2193/2830/2125 
f 2193/2830/2126 2138/2831/2126 2136/2828/2126 2191/2827/2126 
f 2193/2830/2127 2192/2829/2127 2194/2832/2127 2195/2833/2127 
f 2195/2833/2128 2140/2834/2128 2138/2831/2128 2193/2830/2128 
f 2195/2833/2129 2194/2832/2129 2196/2835/2129 2197/2836/2129 
f 2197/2836/2130 2142/2837/2130 2140/2834/2130 2195/2833/2130 
f 2197/2836/2131 2196/2835/2131 2198/2838/2131 2199/2839/2131 
f 2199/2839/2132 2144/2840/2132 2142/2837/2132 2197/2836/2132 
f 2199/2839/2133 2198/2838/2133 2200/2841/2133 2201/2842/2133 
f 2201/2842/2134 2146/2843/2134 2144/2840/2134 2199/2839/2134 
f 2201/2842/2135 2200/2841/2135 2202/2844/2135 2203/2845/2135 
f 2203/2845/2136 2148/2846/2136 2146/2843/2136 2201/2842/2136 
f 2203/2845/2137 2202/2844/2137 2204/2847/2137 2205/2848/2137 
f 2205/2848/2138 2150/2849/2138 2148/2846/2138 2203/2845/2138 
f 2205/2848/2139 2204/2847/2139 2206/2850/2139 2155/2771/2139 
f 2155/2771/2140 2153/2770/2140 2150/2849/2140 2205/2848/2140 
f 2204/2847/2141 2207/2851/2141 2208/2852/2141 2206/2850/2141 
f 2206/2850/2142 2208/2852/2142 2209/2853/2142 2158/2776/2142 
f 2158/2776/2143 2156/2772/2143 2155/2771/2143 2206/2850/2143 
f 2208/2852/2144 2210/2854/2144 2211/2855/2144 2209/2853/2144 
f 2209/2853/2145 2211/2855/2145 2212/2856/2145 2213/2857/2145 
f 2213/2857/2146 2159/2777/2146 2158/2776/2146 2209/2853/2146 
f 2212/2856/2147 2214/2858/2147 2215/2859/2147 2213/2857/2147 
f 2215/2859/1607 2160/2778/1607 2159/2777/1607 2213/2857/1607 
f 2214/2858/2148 2216/2860/2148 2217/2861/2148 2215/2859/2148 
f 2217/2861/2149 2162/2781/2149 2160/2778/2149 2215/2859/2149 
f 2216/2862/2150 2218/2863/2150 2219/2864/2150 2217/2865/2150 
f 2219/2864/2151 2164/2785/2151 2162/2784/2151 2217/2865/2151 
f 2218/2863/2152 2220/2866/2152 2221/2867/2152 2219/2864/2152 
f 2221/2867/2153 2166/2790/2153 2164/2785/2153 2219/2864/2153 
f 2220/2866/2154 2222/2868/2154 2223/2869/2154 2221/2867/2154 
f 2221/2867/2155 2223/2869/2155 2168/2793/2155 2166/2790/2155 
f 2222/2868/2156 2224/2870/2156 2225/2871/2156 2223/2869/2156 
f 2223/2869/2157 2225/2871/2157 2170/2796/2157 2168/2793/2157 
f 2224/2870/2158 2226/2872/2158 2227/2873/2158 2225/2871/2158 
f 2225/2871/2159 2227/2873/2159 2172/2799/2159 2170/2796/2159 
f 2226/2872/2160 2228/2874/2160 2229/2875/2160 2227/2873/2160 
f 2227/2873/2161 2229/2875/2161 2174/2802/2161 2172/2799/2161 
f 2228/2874/2162 2230/2876/2162 2231/2877/2162 2229/2875/2162 
f 2229/2875/2163 2231/2877/2163 2176/2805/2163 2174/2802/2163 
f 2230/2876/2164 2232/2878/2164 2233/2879/2164 2231/2877/2164 
f 2233/2879/1595 2178/2808/1595 2176/2805/1595 2231/2877/1595 
f 2232/2878/2165 2234/2880/2165 2235/2881/2165 2233/2879/2165 
f 2235/2881/1874 2180/2811/1874 2178/2808/1874 2233/2879/1874 
f 2234/2880/2166 2236/2882/2166 2237/2883/2166 2235/2881/2166 
f 2237/2883/1612 2182/2814/1612 2180/2811/1612 2235/2881/1612 
f 2236/2882/2167 2238/2884/2167 2239/2885/2167 2237/2883/2167 
f 2239/2885/2168 2184/2817/2168 2182/2814/2168 2237/2883/2168 
f 2238/2884/2169 2240/2886/2169 2241/2887/2169 2239/2885/2169 
f 2241/2887/1611 2186/2820/1611 2184/2817/1611 2239/2885/1611 
f 2241/2887/2170 2240/2886/2170 2242/2888/2170 2243/2889/2170 
f 2243/2889/2171 2188/2823/2171 2186/2820/2171 2241/2887/2171 
f 2243/2889/2172 2242/2888/2172 2244/2890/2172 2245/2891/2172 
f 2245/2891/2173 2190/2826/2173 2188/2823/2173 2243/2889/2173 
f 2245/2891/2174 2244/2890/2174 2246/2892/2174 2247/2893/2174 
f 2247/2893/2175 2192/2829/2175 2190/2826/2175 2245/2891/2175 
f 2247/2893/2176 2246/2892/2176 2248/2894/2176 2249/2895/2176 
f 2249/2895/2177 2194/2832/2177 2192/2829/2177 2247/2893/2177 
f 2249/2895/2178 2248/2894/2178 2250/2896/2178 2251/2897/2178 
f 2251/2897/1885 2196/2835/1885 2194/2832/1885 2249/2895/1885 
f 2251/2897/2179 2250/2896/2179 2252/2898/2179 2253/2899/2179 
f 2253/2899/2180 2198/2838/2180 2196/2835/2180 2251/2897/2180 
f 2253/2899/2181 2252/2898/2181 2254/2900/2181 2255/2901/2181 
f 2255/2901/2182 2200/2841/2182 2198/2838/2182 2253/2899/2182 
f 2255/2901/2183 2254/2900/2183 2256/2902/2183 2257/2903/2183 
f 2257/2903/2184 2202/2844/2184 2200/2841/2184 2255/2901/2184 
f 2257/2903/2185 2256/2902/2185 2258/2904/2185 2207/2851/2185 
f 2207/2851/2186 2204/2847/2186 2202/2844/2186 2257/2903/2186 
f 2256/2902/2187 2259/2905/2187 2260/2906/2187 2258/2904/2187 
f 2258/2904/2188 2260/2906/2188 2261/2907/2188 2210/2854/2188 
f 2210/2854/2189 2208/2852/2189 2207/2851/2189 2258/2904/2189 
f 2260/2908/2190 2262/2909/2190 2263/2910/2190 2261/2911/2190 
f 2261/2911/2191 2263/2910/2191 2264/2912/2191 2265/2913/2191 
f 2265/2914/2192 2211/2855/2192 2210/2854/2192 2261/2907/2192 
f 2265/2913/2193 2264/2912/2193 2266/2915/2193 2267/2916/2193 
f 2267/2917/2194 2212/2856/2194 2211/2855/2194 2265/2914/2194 
f 2267/2916/2195 2266/2915/2195 2268/2918/2195 2269/2919/2195 
f 2269/2920/2196 2214/2858/2196 2212/2856/2196 2267/2917/2196 
f 2268/2918/2197 2270/2921/2197 2271/2922/2197 2269/2919/2197 
f 2271/2923/2198 2216/2860/2198 2214/2858/2198 2269/2920/2198 
f 2270/2921/2199 2272/2924/2199 2273/2925/2199 2271/2922/2199 
f 2273/2926/2200 2218/2863/2200 2216/2862/2200 2271/2927/2200 
f 2272/2924/2201 2274/2928/2201 2275/2929/2201 2273/2925/2201 
f 2273/2926/2202 2275/2930/2202 2220/2866/2202 2218/2863/2202 
f 2274/2928/2203 2276/2931/2203 2277/2932/2203 2275/2929/2203 
f 2275/2930/2204 2277/2933/2204 2222/2868/2204 2220/2866/2204 
f 2276/2931/2205 2278/2934/2205 2279/2935/2205 2277/2932/2205 
f 2277/2933/2206 2279/2936/2206 2224/2870/2206 2222/2868/2206 
f 2278/2934/2207 2280/2937/2207 2281/2938/2207 2279/2935/2207 
f 2279/2936/2208 2281/2939/2208 2226/2872/2208 2224/2870/2208 
f 2280/2937/2209 2282/2940/2209 2283/2941/2209 2281/2938/2209 
f 2281/2939/2210 2283/2942/2210 2228/2874/2210 2226/2872/2210 
f 2282/2940/2211 2284/2943/2211 2285/2944/2211 2283/2941/2211 
f 2283/2942/2212 2285/2945/2212 2230/2876/2212 2228/2874/2212 
f 2284/2943/2213 2286/2946/2213 2287/2947/2213 2285/2944/2213 
f 2285/2945/2214 2287/2948/2214 2232/2878/2214 2230/2876/2214 
f 2286/2946/2215 2288/2949/2215 2289/2950/2215 2287/2947/2215 
f 2289/2951/2216 2234/2880/2216 2232/2878/2216 2287/2948/2216 
f 2288/2949/2217 2290/2952/2217 2291/2953/2217 2289/2950/2217 
f 2291/2954/2218 2236/2882/2218 2234/2880/2218 2289/2951/2218 
f 2290/2952/2219 2292/2955/2219 2293/2956/2219 2291/2953/2219 
f 2293/2957/2220 2238/2884/2220 2236/2882/2220 2291/2954/2220 
f 2292/2955/2221 2294/2958/2221 2295/2959/2221 2293/2956/2221 
f 2295/2960/2222 2240/2886/2222 2238/2884/2222 2293/2957/2222 
f 2295/2959/2223 2294/2958/2223 2296/2961/2223 2297/2962/2223 
f 2297/2963/2224 2242/2888/2224 2240/2886/2224 2295/2960/2224 
f 2297/2962/2225 2296/2961/2225 2298/2964/2225 2299/2965/2225 
f 2299/2966/2226 2244/2890/2226 2242/2888/2226 2297/2963/2226 
f 2299/2965/2227 2298/2964/2227 2300/2967/2227 2301/2968/2227 
f 2301/2969/2228 2246/2892/2228 2244/2890/2228 2299/2966/2228 
f 2301/2968/2229 2300/2967/2229 2302/2970/2229 2303/2971/2229 
f 2303/2972/2230 2248/2894/2230 2246/2892/2230 2301/2969/2230 
f 2303/2971/2231 2302/2970/2231 2304/2973/2231 2305/2974/2231 
f 2305/2975/2232 2250/2896/2232 2248/2894/2232 2303/2972/2232 
f 2305/2974/2233 2304/2973/2233 2306/2976/2233 2307/2977/2233 
f 2307/2978/2234 2252/2898/2234 2250/2896/2234 2305/2975/2234 
f 2307/2977/2235 2306/2976/2235 2308/2979/2235 2309/2980/2235 
f 2309/2981/2236 2254/2900/2236 2252/2898/2236 2307/2978/2236 
f 2309/2980/2237 2308/2979/2237 2310/2982/2237 2259/2983/2237 
f 2259/2905/2238 2256/2902/2238 2254/2900/2238 2309/2981/2238 
f 2308/2979/2239 2311/2984/2239 2312/2985/2239 2310/2982/2239 
f 2310/2982/2240 2312/2985/2240 2313/2986/2240 2262/2909/2240 
f 2262/2909/2241 2260/2908/2241 2259/2983/2241 2310/2982/2241 
f 2312/2985/2242 2314/2987/2242 2315/2988/2242 2313/2986/2242 
f 2313/2986/2243 2315/2988/2243 2316/2989/2243 2317/2990/2243 
f 2317/2990/2244 2263/2910/2244 2262/2909/2244 2313/2986/2244 
f 2317/2990/2245 2316/2989/2245 2318/2991/2245 2319/2992/2245 
f 2319/2992/2246 2264/2912/2246 2263/2910/2246 2317/2990/2246 
f 2319/2992/2247 2318/2991/2247 2320/2993/2247 2321/2994/2247 
f 2321/2994/2248 2266/2915/2248 2264/2912/2248 2319/2992/2248 
f 2320/2993/2249 2322/2995/2249 2323/2996/2249 2321/2994/2249 
f 2323/2996/2250 2268/2918/2250 2266/2915/2250 2321/2994/2250 
f 2322/2995/2251 2324/2997/2251 2325/2998/2251 2323/2996/2251 
f 2325/2998/2252 2270/2921/2252 2268/2918/2252 2323/2996/2252 
f 2324/2997/2253 2326/2999/2253 2327/3000/2253 2325/2998/2253 
f 2327/3000/2254 2272/2924/2254 2270/2921/2254 2325/2998/2254 
f 2326/2999/2255 2328/3001/2255 2329/3002/2255 2327/3000/2255 
f 2327/3000/2256 2329/3002/2256 2274/2928/2256 2272/2924/2256 
f 2328/3001/2257 2330/3003/2257 2331/3004/2257 2329/3002/2257 
f 2329/3002/2258 2331/3004/2258 2276/2931/2258 2274/2928/2258 
f 2330/3003/2259 2332/3005/2259 2333/3006/2259 2331/3004/2259 
f 2331/3004/2260 2333/3006/2260 2278/2934/2260 2276/2931/2260 
f 2332/3005/2242 2334/3007/2242 2335/3008/2242 2333/3006/2242 
f 2333/3006/2261 2335/3008/2261 2280/2937/2261 2278/2934/2261 
f 2334/3007/2242 2336/3009/2242 2337/3010/2242 2335/3008/2242 
f 2335/3008/2262 2337/3010/2262 2282/2940/2262 2280/2937/2262 
f 2336/3009/2242 2338/3011/2242 2339/3012/2242 2337/3010/2242 
f 2337/3010/2263 2339/3012/2263 2284/2943/2263 2282/2940/2263 
f 2338/3011/2242 2340/3013/2242 2341/3014/2242 2339/3012/2242 
f 2339/3012/2264 2341/3014/2264 2286/2946/2264 2284/2943/2264 
f 2340/3013/2265 2342/3015/2265 2343/3016/2265 2341/3014/2265 
f 2343/3016/2266 2288/2949/2266 2286/2946/2266 2341/3014/2266 
f 2342/3015/2242 2344/3017/2242 2345/3018/2242 2343/3016/2242 
f 2345/3018/2267 2290/2952/2267 2288/2949/2267 2343/3016/2267 
f 2344/3017/2242 2346/3019/2242 2347/3020/2242 2345/3018/2242 
f 2347/3020/2268 2292/2955/2268 2290/2952/2268 2345/3018/2268 
f 2346/3019/2265 2348/3021/2265 2349/3022/2265 2347/3020/2265 
f 2349/3022/2269 2294/2958/2269 2292/2955/2269 2347/3020/2269 
f 2348/3021/2242 2350/3023/2242 2351/3024/2242 2349/3022/2242 
f 2351/3024/2270 2296/2961/2270 2294/2958/2270 2349/3022/2270 
f 2351/3024/2265 2350/3023/2265 2352/3025/2265 2353/3026/2265 
f 2353/3026/2271 2298/2964/2271 2296/2961/2271 2351/3024/2271 
f 2353/3026/2242 2352/3025/2242 2354/3027/2242 2355/3028/2242 
f 2355/3028/2272 2300/2967/2272 2298/2964/2272 2353/3026/2272 
f 2355/3028/2242 2354/3027/2242 2356/3029/2242 2357/3030/2242 
f 2357/3030/2273 2302/2970/2273 2300/2967/2273 2355/3028/2273 
f 2357/3030/2265 2356/3029/2265 2358/3031/2265 2359/3032/2265 
f 2359/3032/2274 2304/2973/2274 2302/2970/2274 2357/3030/2274 
f 2359/3032/2242 2358/3031/2242 2360/3033/2242 2361/3034/2242 
f 2361/3034/2275 2306/2976/2275 2304/2973/2275 2359/3032/2275 
f 2361/3034/2242 2360/3033/2242 2362/3035/2242 2311/2984/2242 
f 2311/2984/2276 2308/2979/2276 2306/2976/2276 2361/3034/2276 
f 2314/2987/2265 2312/2985/2265 2311/2984/2265 2362/3035/2265 
f 2358/3036/2277 2363/3037/2277 2364/3038/2277 2360/3039/2277 
f 2365/3040/2278 2362/3041/2278 2360/3039/2278 2364/3038/2278 
f 2366/3042/484 2314/3043/484 2362/3041/484 2365/3040/484 
f 2367/3044/2279 2315/3045/2279 2314/3043/2279 2366/3042/2279 
f 2368/3046/2280 2316/3047/2280 2315/3045/2280 2367/3044/2280 
f 2369/3048/1863 2318/3049/1863 2316/3047/1863 2368/3046/1863 
f 2370/3050/2281 2320/3051/2281 2318/3049/2281 2369/3048/2281 
f 2371/3052/2282 2322/3053/2282 2320/3054/2282 2370/3055/2282 
f 2324/3056/2283 2322/3053/2283 2371/3052/2283 2372/3057/2283 
f 2326/3058/2284 2324/3056/2284 2372/3057/2284 2373/3059/2284 
f 2328/3060/2285 2326/3058/2285 2373/3059/2285 2374/3061/2285 
f 2330/3062/2286 2328/3060/2286 2374/3061/2286 2375/3063/2286 
f 2332/3064/2287 2330/3062/2287 2375/3063/2287 2376/3065/2287 
f 2334/3066/2288 2332/3064/2288 2376/3065/2288 2377/3067/2288 
f 2336/3068/2289 2334/3066/2289 2377/3067/2289 2378/3069/2289 
f 2338/3070/2290 2336/3068/2290 2378/3069/2290 2379/3071/2290 
f 2340/3072/2291 2338/3070/2291 2379/3071/2291 2380/3073/2291 
f 2342/3074/2292 2340/3072/2292 2380/3073/2292 2381/3075/2292 
f 2344/3076/2293 2342/3074/2293 2381/3075/2293 2382/3077/2293 
f 2346/3078/2294 2344/3076/2294 2382/3077/2294 2383/3079/2294 
f 2348/3080/1611 2346/3078/1611 2383/3079/1611 2384/3081/1611 
f 2350/3082/2295 2348/3080/2295 2384/3081/2295 2385/3083/2295 
f 2352/3084/2296 2350/3082/2296 2385/3083/2296 2386/3085/2296 
f 2387/3086/2297 2354/3087/2297 2352/3084/2297 2386/3085/2297 
f 2388/3088/2298 2356/3089/2298 2354/3087/2298 2387/3086/2298 
f 2363/3037/2299 2358/3036/2299 2356/3089/2299 2388/3088/2299 
f 2363/3090/2300 2388/3091/2300 2389/3092/2300 2390/3093/2300 
f 2390/3093/2301 2391/3094/2301 2364/3095/2301 2363/3090/2301 
f 2391/3094/2302 2390/3093/2302 2392/3096/2302 2393/3097/2302 
f 2393/3097/2303 2394/3098/2303 2395/3099/2303 2391/3094/2303 
f 2391/3094/2304 2395/3099/2304 2365/3100/2304 2364/3095/2304 
f 2394/3098/2305 2396/3101/2305 2397/3102/2305 2395/3099/2305 
f 2395/3099/2306 2397/3102/2306 2366/3103/2306 2365/3100/2306 
f 2396/3101/2307 2398/3104/2307 2399/3105/2307 2397/3102/2307 
f 2397/3102/2308 2399/3105/2308 2367/3106/2308 2366/3103/2308 
f 2398/3104/2309 2400/3107/2309 2401/3108/2309 2399/3105/2309 
f 2399/3105/2310 2401/3108/2310 2368/3109/2310 2367/3106/2310 
f 2400/3107/2311 2402/3110/2311 2403/3111/2311 2401/3108/2311 
f 2401/3108/2312 2403/3111/2312 2369/3112/2312 2368/3109/2312 
f 2402/3110/2313 2404/3113/2313 2405/3114/2313 2403/3111/2313 
f 2403/3111/2314 2405/3114/2314 2370/3115/2314 2369/3112/2314 
f 2404/3113/2315 2406/3116/2315 2407/3117/2315 2405/3114/2315 
f 2405/3114/2316 2407/3117/2316 2371/3118/2316 2370/3115/2316 
f 2407/3117/2317 2406/3116/2317 2408/3119/2317 2409/3120/2317 
f 2409/3120/2318 2372/3121/2318 2371/3118/2318 2407/3117/2318 
f 2409/3120/2319 2408/3119/2319 2410/3122/2319 2411/3123/2319 
f 2411/3123/2320 2373/3124/2320 2372/3121/2320 2409/3120/2320 
f 2411/3123/2321 2410/3122/2321 2412/3125/2321 2413/3126/2321 
f 2413/3126/2322 2374/3127/2322 2373/3124/2322 2411/3123/2322 
f 2413/3126/2323 2412/3125/2323 2414/3128/2323 2415/3129/2323 
f 2415/3129/2324 2375/3130/2324 2374/3127/2324 2413/3126/2324 
f 2415/3129/2325 2414/3128/2325 2416/3131/2325 2417/3132/2325 
f 2417/3132/2326 2376/3133/2326 2375/3130/2326 2415/3129/2326 
f 2417/3132/2327 2416/3131/2327 2418/3134/2327 2419/3135/2327 
f 2419/3135/2328 2377/3136/2328 2376/3133/2328 2417/3132/2328 
f 2419/3135/2329 2418/3134/2329 2420/3137/2329 2421/3138/2329 
f 2421/3138/2330 2378/3139/2330 2377/3136/2330 2419/3135/2330 
f 2421/3138/2331 2420/3137/2331 2422/3140/2331 2423/3141/2331 
f 2423/3141/2332 2379/3142/2332 2378/3139/2332 2421/3138/2332 
f 2423/3141/2333 2422/3140/2333 2424/3143/2333 2425/3144/2333 
f 2425/3144/2334 2380/3145/2334 2379/3142/2334 2423/3141/2334 
f 2425/3144/2335 2424/3143/2335 2426/3146/2335 2427/3147/2335 
f 2427/3147/2336 2381/3148/2336 2380/3145/2336 2425/3144/2336 
f 2427/3147/2337 2426/3146/2337 2428/3149/2337 2429/3150/2337 
f 2429/3150/2338 2382/3151/2338 2381/3148/2338 2427/3147/2338 
f 2429/3150/2339 2428/3149/2339 2430/3152/2339 2431/3153/2339 
f 2431/3153/2340 2383/3154/2340 2382/3151/2340 2429/3150/2340 
f 2431/3153/2341 2430/3152/2341 2432/3155/2341 2433/3156/2341 
f 2433/3156/2342 2384/3157/2342 2383/3154/2342 2431/3153/2342 
f 2433/3156/2343 2432/3155/2343 2434/3158/2343 2435/3159/2343 
f 2435/3159/2344 2385/3160/2344 2384/3157/2344 2433/3156/2344 
f 2434/3158/2345 2436/3161/2345 2437/3162/2345 2435/3159/2345 
f 2435/3159/2346 2437/3162/2346 2386/3163/2346 2385/3160/2346 
f 2436/3161/2347 2438/3164/2347 2439/3165/2347 2437/3162/2347 
f 2437/3162/2348 2439/3165/2348 2387/3166/2348 2386/3163/2348 
f 2438/3164/2349 2440/3167/2349 2389/3092/2349 2439/3165/2349 
f 2439/3165/2350 2389/3092/2350 2388/3091/2350 2387/3166/2350 
f 2440/3167/2351 2392/3096/2351 2390/3093/2351 2389/3092/2351 
f 2441/3168/2352 2442/3169/2352 2392/3096/2352 2440/3167/2352 
f 2442/3169/2353 2443/3170/2353 2393/3097/2353 2392/3096/2353 
f 2443/3170/2354 2444/3171/2354 2394/3098/2354 2393/3097/2354 
f 2444/3171/2355 2445/3172/2355 2396/3101/2355 2394/3098/2355 
f 2445/3172/2356 2446/3173/2356 2398/3104/2356 2396/3101/2356 
f 2446/3173/2357 2447/3174/2357 2400/3107/2357 2398/3104/2357 
f 2447/3174/2358 2448/3175/2358 2402/3110/2358 2400/3107/2358 
f 2448/3175/2359 2449/3176/2359 2404/3113/2359 2402/3110/2359 
f 2449/3176/2360 2450/3177/2360 2406/3116/2360 2404/3113/2360 
f 2406/3116/2361 2450/3177/2361 2451/3178/2361 2408/3119/2361 
f 2408/3119/2362 2451/3178/2362 2452/3179/2362 2410/3122/2362 
f 2410/3122/2363 2452/3179/2363 2453/3180/2363 2412/3125/2363 
f 2412/3125/2364 2453/3180/2364 2454/3181/2364 2414/3128/2364 
f 2414/3128/2365 2454/3181/2365 2455/3182/2365 2416/3131/2365 
f 2416/3131/2366 2455/3182/2366 2456/3183/2366 2418/3134/2366 
f 2418/3134/2367 2456/3183/2367 2457/3184/2367 2420/3137/2367 
f 2420/3137/2368 2457/3184/2368 2458/3185/2368 2422/3140/2368 
f 2422/3140/2369 2458/3185/2369 2459/3186/2369 2424/3143/2369 
f 2424/3143/2370 2459/3186/2370 2460/3187/2370 2426/3146/2370 
f 2426/3146/2371 2460/3187/2371 2461/3188/2371 2428/3149/2371 
f 2428/3149/2372 2461/3188/2372 2462/3189/2372 2430/3152/2372 
f 2430/3152/2373 2462/3189/2373 2463/3190/2373 2432/3155/2373 
f 2432/3155/2374 2463/3190/2374 2464/3191/2374 2434/3158/2374 
f 2434/3158/2375 2464/3191/2375 2465/3192/2375 2436/3161/2375 
f 2465/3192/2376 2466/3193/2376 2438/3164/2376 2436/3161/2376 
f 2466/3193/2377 2441/3168/2377 2440/3167/2377 2438/3164/2377 
f 2467/3194/2378 2468/3195/2378 2469/3196/2378 2470/3197/2378 
f 2467/3194/2379 2470/3197/2379 2471/3198/2379 2472/3199/2379 
f 2467/3194/2380 2472/3199/2380 2473/3200/2380 2468/3195/2380 
f 2474/3201/2381 2475/3202/2381 2476/3203/2381 2477/3204/2381 
f 2474/3201/2382 2477/3204/2382 2478/3205/2382 2479/3206/2382 
f 2474/3201/2383 2479/3206/2383 2480/3207/2383 2475/3202/2383 
f 2481/3208/2384 2482/3209/2384 2483/3210/2384 2484/3211/2384 
f 2485/3212/2385 2486/3213/2385 2487/3214/2385 2488/3215/2385 
f 2488/3215/2386 2489/3216/2386 2490/3217/2386 2491/3218/2386 
f 2491/3218/2387 2492/3219/2387 2485/3212/2387 2488/3215/2387 
f 2492/3219/2388 2493/3220/2388 2486/3213/2388 2485/3212/2388 
f 2494/3221/2389 2493/3220/2389 2495/3222/2389 2496/3223/2389 
f 2496/3223/2390 2497/3224/2390 2498/3225/2390 2494/3221/2390 
f 2497/3224/2391 2499/3226/2391 2500/3227/2391 2498/3225/2391 
f 2501/3228/2392 2502/3229/2392 2503/3230/2392 2504/3231/2392 
f 2504/3231/2393 2503/3230/2393 2505/3232/2393 2506/3233/2393 
f 2507/3234/2394 2508/3235/2394 2506/3233/2394 2505/3232/2394 
f 2509/3236/2395 2510/3237/2395 2511/3238/2395 2512/3239/2395 
f 2511/3238/2396 2513/3240/2396 2514/3241/2396 2512/3239/2396 
f 2513/3240/2397 2515/3242/2397 2516/3243/2397 2514/3241/2397 
f 2515/3242/2398 2517/3244/2398 2518/3245/2398 2516/3243/2398 
f 2517/3244/2399 2519/3246/2399 2520/3247/2399 2518/3245/2399 
f 2519/3246/2400 2521/3248/2400 2522/3249/2400 2520/3247/2400 
f 2523/3250/2401 2524/3251/2401 2522/3249/2401 2521/3248/2401 
f 2524/3251/2402 2523/3250/2402 2525/3252/2402 2526/3253/2402 
f 2527/3254/2403 2528/3255/2403 2526/3253/2403 2525/3252/2403 
f 2528/3255/2404 2527/3254/2404 2529/3256/2404 2530/3257/2404 
f 2531/3258/2405 2532/3259/2405 2530/3257/2405 2529/3256/2405 
f 2533/3260/2406 2534/3261/2406 2532/3259/2406 2531/3258/2406 
f 2535/3262/2407 2536/3263/2407 2534/3261/2407 2533/3260/2407 
f 2536/3263/2408 2535/3262/2408 2537/3264/2408 2538/3265/2408 
f 2539/3266/2409 2540/3267/2409 2541/3268/2409 2542/3269/2409 
f 2542/3269/2410 2543/3270/2410 2544/3271/2410 2539/3266/2410 
f 2543/3270/2411 2545/3272/2411 2495/3273/2411 2544/3271/2411 
f 2545/3272/2412 2546/3274/2412 2496/3275/2412 2495/3273/2412 
f 2502/3229/2413 2547/3276/2413 2548/3277/2413 2549/3278/2413 
f 2502/3229/2414 2549/3278/2414 2550/3279/2414 2503/3230/2414 
f 2551/3280/2415 2505/3232/2415 2503/3230/2415 2550/3279/2415 
f 2505/3232/2416 2551/3280/2416 2552/3281/2416 2507/3234/2416 
f 2553/3282/2417 2554/3283/2417 2507/3234/2417 2552/3281/2417 
f 2510/3284/2418 2509/3285/2418 2554/3283/2418 2553/3282/2418 
f 2547/3276/2419 2502/3229/2419 2501/3228/2419 2499/3286/2419 
f 2499/3286/2420 2497/3287/2420 2555/3288/2420 2547/3276/2420 
f 2497/3287/2421 2496/3275/2421 2546/3274/2421 2555/3288/2421 
f 2556/3289/2422 2538/3265/2422 2557/3290/2422 2558/3291/2422 
f 2557/3290/2423 2541/3268/2423 2540/3267/2423 2558/3291/2423 
f 2538/3265/2424 2556/3289/2424 2559/3292/2424 2536/3263/2424 
f 2512/3239/2425 2560/3293/2425 2561/3294/2425 2509/3236/2425 
f 2509/3285/2426 2561/3295/2426 2562/3296/2426 2554/3283/2426 
f 2508/3235/2427 2507/3234/2427 2554/3283/2427 2562/3296/2427 
f 2506/3297/2428 2563/3298/2428 2564/3299/2428 2504/3300/2428 
f 2504/3300/2429 2564/3299/2429 2565/3301/2429 2501/3302/2429 
f 2565/3301/2430 2500/3227/2430 2499/3226/2430 2501/3302/2430 
f 2500/3227/2431 2566/3303/2431 2567/3304/2431 2498/3225/2431 
f 2498/3225/2432 2567/3304/2432 2494/3221/2432 
f 2486/3213/2433 2493/3220/2433 2494/3221/2433 2567/3304/2433 
f 2568/3305/2434 2487/3214/2434 2486/3213/2434 2567/3304/2434 
f 2569/3306/2435 2570/3307/2435 2487/3214/2435 2568/3305/2435 
f 2570/3307/2436 2489/3216/2436 2488/3215/2436 2487/3214/2436 
f 2570/3307/2437 2571/3308/2437 2572/3309/2437 2489/3216/2437 
f 2572/3309/2438 2573/3310/2438 2574/3311/2438 2489/3216/2438 
f 2489/3216/2439 2574/3311/2439 2490/3217/2439 
f 2491/3218/2440 2490/3217/2440 2540/3312/2440 2539/3313/2440 
f 2539/3313/2441 2544/3314/2441 2492/3219/2441 2491/3218/2441 
f 2490/3217/2442 2574/3311/2442 2558/3315/2442 2540/3312/2442 
f 2574/3311/2443 2573/3310/2443 2556/3316/2443 2558/3315/2443 
f 2575/3317/2444 2532/3259/2444 2534/3261/2444 2576/3318/2444 
f 2576/3318/2445 2534/3261/2445 2536/3263/2445 2559/3292/2445 
f 2532/3259/2446 2575/3317/2446 2577/3319/2446 2530/3257/2446 
f 2530/3257/2447 2577/3319/2447 2578/3320/2447 2528/3255/2447 
f 2528/3255/2448 2578/3320/2448 2579/3321/2448 2526/3253/2448 
f 2526/3253/2449 2579/3321/2449 2580/3322/2449 2524/3251/2449 
f 2524/3251/2450 2580/3322/2450 2581/3323/2450 2522/3249/2450 
f 2522/3249/2451 2581/3323/2451 2582/3324/2451 2520/3247/2451 
f 2582/3324/2452 2583/3325/2452 2518/3245/2452 2520/3247/2452 
f 2583/3325/2453 2584/3326/2453 2516/3243/2453 2518/3245/2453 
f 2584/3326/2454 2585/3327/2454 2514/3241/2454 2516/3243/2454 
f 2585/3327/2455 2560/3293/2455 2512/3239/2455 2514/3241/2455 
f 2562/3328/2456 2561/3329/2456 2586/3330/2456 2587/3331/2456 
f 2587/3331/2457 2588/3332/2457 2508/3333/2457 2562/3328/2457 
f 2588/3332/2458 2563/3298/2458 2506/3297/2458 2508/3333/2458 
f 2564/3299/2459 2563/3298/2459 2478/3205/2459 
f 2478/3205/2460 2566/3303/2460 2565/3301/2460 2564/3299/2460 
f 2566/3303/2461 2500/3227/2461 2565/3301/2461 
f 2589/3334/2462 2568/3305/2462 2567/3304/2462 2566/3303/2462 
f 2590/3335/2463 2569/3306/2463 2568/3305/2463 2589/3334/2463 
f 2590/3335/2464 2591/3336/2464 2592/3337/2464 2569/3306/2464 
f 2592/3337/2465 2571/3308/2465 2570/3307/2465 2569/3306/2465 
f 2592/3337/2466 2593/3338/2466 2483/3210/2466 2571/3308/2466 
f 2571/3308/2467 2483/3210/2467 2482/3209/2467 2572/3309/2467 
f 2482/3209/2468 2594/3339/2468 2595/3340/2468 2572/3309/2468 
f 2572/3309/2469 2595/3340/2469 2573/3310/2469 
f 2594/3339/2470 2576/3341/2470 2559/3342/2470 2595/3340/2470 
f 2595/3340/2471 2559/3342/2471 2556/3316/2471 2573/3310/2471 
f 2576/3341/2472 2594/3339/2472 2596/3343/2472 2575/3344/2472 
f 2584/3345/2473 2597/3346/2473 2598/3347/2473 2585/3348/2473 
f 2585/3348/2474 2598/3347/2474 2599/3349/2474 2560/3350/2474 
f 2586/3330/2475 2561/3329/2475 2560/3350/2475 2599/3349/2475 
f 2586/3330/2476 2600/3351/2476 2480/3207/2476 2587/3331/2476 
f 2480/3207/2477 2479/3206/2477 2588/3332/2477 2587/3331/2477 
f 2479/3206/2478 2478/3205/2478 2563/3298/2478 2588/3332/2478 
f 2601/3352/2479 2472/3199/2479 2475/3202/2479 2600/3351/2479 
f 2600/3351/2480 2475/3202/2480 2480/3207/2480 
f 2600/3351/2481 2586/3330/2481 2599/3349/2481 2601/3352/2481 
f 2599/3349/2482 2598/3347/2482 2473/3200/2482 2601/3352/2482 
f 2598/3347/2483 2597/3346/2483 2468/3195/2483 2473/3200/2483 
f 2597/3346/2484 2584/3345/2484 2583/3353/2484 2602/3354/2484 
f 2583/3353/2485 2582/3355/2485 2603/3356/2485 2602/3354/2485 
f 2582/3355/2486 2581/3357/2486 2604/3358/2486 2603/3356/2486 
f 2581/3357/2487 2580/3359/2487 2605/3360/2487 2604/3358/2487 
f 2579/3361/2488 2606/3362/2488 2605/3360/2488 2580/3359/2488 
f 2606/3362/2489 2579/3361/2489 2578/3363/2489 2607/3364/2489 
f 2577/3365/2490 2608/3366/2490 2607/3364/2490 2578/3363/2490 
f 2608/3366/2491 2577/3365/2491 2575/3344/2491 2596/3343/2491 
f 2607/3364/2492 2608/3366/2492 2484/3211/2492 2609/3367/2492 
f 2607/3364/2493 2609/3367/2493 2606/3362/2493 
f 2606/3362/2494 2609/3367/2494 2610/3368/2494 2605/3360/2494 
f 2605/3360/2495 2610/3368/2495 2604/3358/2495 
f 2604/3358/2496 2610/3368/2496 2469/3196/2496 2603/3356/2496 
f 2603/3356/2497 2469/3196/2497 2602/3354/2497 
f 2468/3195/2498 2597/3346/2498 2602/3354/2498 2469/3196/2498 
f 2469/3196/2499 2610/3368/2499 2611/3369/2499 2470/3197/2499 
f 2611/3369/2500 2591/3336/2500 2471/3198/2500 2470/3197/2500 
f 2476/3203/2501 2475/3202/2501 2472/3199/2501 2471/3198/2501 
f 2590/3335/2502 2589/3334/2502 2477/3204/2502 2476/3203/2502 
f 2477/3204/2503 2589/3334/2503 2566/3303/2503 2478/3205/2503 
f 2471/3198/2504 2591/3336/2504 2590/3335/2504 2476/3203/2504 
f 2591/3336/2505 2611/3369/2505 2593/3338/2505 2592/3337/2505 
f 2611/3369/2506 2610/3368/2506 2609/3367/2506 2593/3338/2506 
f 2484/3211/2507 2483/3210/2507 2593/3338/2507 2609/3367/2507 
f 2596/3343/2508 2481/3208/2508 2484/3211/2508 2608/3366/2508 
f 2594/3339/2509 2482/3209/2509 2481/3208/2509 2596/3343/2509 
f 2472/3199/2510 2601/3352/2510 2473/3200/2510 
f 2544/3314/2511 2495/3222/2511 2493/3220/2511 2492/3219/2511 
f 2547/3276/2512 2555/3288/2512 2612/3370/2512 2548/3277/2512 
f 2555/3288/2513 2546/3274/2513 2613/3371/2513 2612/3370/2513 
f 2546/3274/2514 2545/3272/2514 2614/3372/2514 2613/3371/2514 
f 2545/3272/2515 2543/3270/2515 2615/3373/2515 2614/3372/2515 
f 2616/3374/2516 2615/3373/2516 2543/3270/2516 2542/3269/2516 
f 2542/3269/2517 2541/3268/2517 2617/3375/2517 2616/3374/2517 
f 2617/3375/2518 2541/3268/2518 2557/3290/2518 2618/3376/2518 
f 2618/3376/2519 2557/3290/2519 2538/3265/2519 2537/3264/2519 
f 2619/3377/2520 2620/3378/2520 2621/3379/2520 2622/3380/2520 
f 2619/3377/2521 2622/3380/2521 2623/3381/2521 2624/3382/2521 
f 2625/3383/2522 2626/3384/2522 2627/3385/2522 2628/3386/2522 
f 2625/3383/2523 2628/3386/2523 2629/3387/2523 2630/3388/2523 
f 2631/3389/2524 2632/3390/2524 2633/3391/2524 2634/3392/2524 
f 2635/3393/2525 2636/3394/2525 2637/3395/2525 2638/3396/2525 
f 2639/3397/2526 2620/3398/2526 2640/3399/2526 2641/3400/2526 
f 2642/3401/2527 2643/3402/2527 2644/3403/2527 
f 2644/3403/2528 2645/3404/2528 2642/3401/2528 
f 2646/3405/2529 2647/3406/2529 2648/3407/2529 
f 2646/3405/2530 2648/3407/2530 2649/3408/2530 
f 2650/3409/2531 2651/3410/2531 2646/3405/2531 2652/3411/2531 
f 2652/3411/2532 2653/3412/2532 2654/3413/2532 2650/3409/2532 
f 2650/3409/2533 2654/3413/2533 2655/3414/2533 2656/3415/2533 
f 2655/3414/2534 2657/3416/2534 2658/3417/2534 2659/3418/2534 
f 2660/3419/2535 2661/3420/2535 2659/3418/2535 2658/3417/2535 
f 2658/3417/2536 2662/3421/2536 2663/3422/2536 2660/3419/2536 
f 2638/3396/2537 2637/3395/2537 2660/3419/2537 2663/3422/2537 
f 2636/3394/2538 2635/3393/2538 2664/3423/2538 2665/3424/2538 
f 2665/3424/2539 2666/3425/2539 2667/3426/2539 2636/3394/2539 
f 2666/3425/2540 2668/3427/2540 2669/3428/2540 2667/3426/2540 
f 2665/3429/2541 2670/3430/2541 2671/3431/2541 2666/3432/2541 
f 2666/3432/2542 2671/3431/2542 2672/3433/2542 2668/3434/2542 
f 2673/3435/2543 2674/3436/2543 2672/3433/2543 2675/3437/2543 
f 2676/3438/2544 2674/3436/2544 2677/3439/2544 2678/3440/2544 
f 2679/3441/2545 2680/3442/2545 2681/3443/2545 2682/3444/2545 
f 2683/3445/2546 2684/3446/2546 2680/3442/2546 2679/3441/2546 
f 2685/3447/2547 2686/3448/2547 2684/3446/2547 2683/3445/2547 
f 2687/3449/2548 2639/3397/2548 2641/3400/2548 2688/3450/2548 
f 2689/3451/2549 2690/3452/2549 2691/3453/2549 2688/3450/2549 
f 2690/3452/2550 2692/3454/2550 2693/3455/2550 2691/3453/2550 
f 2694/3456/2551 2695/3457/2551 2696/3458/2551 2697/3459/2551 
f 2698/3460/2552 2699/3461/2552 2700/3462/2552 2701/3463/2552 
f 2702/3464/2553 2703/3465/2553 2704/3466/2553 2705/3467/2553 
f 2706/3468/2554 2707/3469/2554 2708/3470/2554 2709/3471/2554 
f 2710/3472/2555 2711/3473/2555 2712/3474/2555 2713/3475/2555 
f 2714/3476/2556 2715/3477/2556 2711/3473/2556 2710/3472/2556 
f 2670/3430/2557 2716/3478/2557 2717/3479/2557 2718/3480/2557 
f 2719/3481/2558 2715/3477/2558 2716/3478/2558 2664/3482/2558 
f 2720/3483/2559 2721/3484/2559 2712/3474/2559 2722/3485/2559 
f 2723/3486/2560 2707/3469/2560 2721/3484/2560 2720/3483/2560 
f 2724/3487/2561 2703/3465/2561 2708/3470/2561 2725/3488/2561 
f 2726/3489/2562 2698/3460/2562 2704/3466/2562 2727/3490/2562 
f 2728/3491/2563 2696/3492/2563 2699/3461/2563 2729/3493/2563 
f 2730/3494/2564 2731/3495/2564 2693/3455/2564 2697/3459/2564 
f 2732/3496/2565 2649/3408/2565 2648/3407/2565 2687/3497/2565 
f 2648/3407/2566 2647/3406/2566 2639/3498/2566 2687/3497/2566 
f 2647/3406/2567 2621/3379/2567 2620/3378/2567 2639/3498/2567 
f 2622/3380/2568 2733/3499/2568 2734/3500/2568 2623/3381/2568 
f 2623/3381/2569 2734/3500/2569 2735/3501/2569 2630/3388/2569 
f 2736/3502/2570 2625/3383/2570 2630/3388/2570 2735/3501/2570 
f 2734/3500/2571 2656/3415/2571 2737/3503/2571 2735/3501/2571 
f 2735/3501/2572 2737/3503/2572 2738/3504/2572 2736/3502/2572 
f 2737/3503/2573 2659/3418/2573 2661/3420/2573 2738/3504/2573 
f 2739/3505/2574 2631/3389/2574 2738/3504/2574 2661/3420/2574 
f 2661/3420/2575 2660/3419/2575 2637/3395/2575 2739/3505/2575 
f 2637/3395/2576 2636/3394/2576 2667/3426/2576 
f 2667/3426/2577 2669/3428/2577 2739/3505/2577 2637/3395/2577 
f 2669/3428/2578 2740/3506/2578 2739/3505/2578 
f 2633/3391/2579 2632/3390/2579 2678/3507/2579 2741/3508/2579 
f 2741/3508/2580 2627/3385/2580 2626/3384/2580 2633/3391/2580 
f 2678/3440/2581 2677/3439/2581 2742/3509/2581 2741/3510/2581 
f 2741/3510/2582 2742/3509/2582 2743/3511/2582 2627/3512/2582 
f 2632/3390/2583 2740/3506/2583 2676/3513/2583 2678/3507/2583 
f 2740/3506/2584 2669/3428/2584 2668/3427/2584 2676/3513/2584 
f 2631/3389/2585 2739/3505/2585 2740/3506/2585 2632/3390/2585 
f 2656/3415/2586 2655/3414/2586 2659/3418/2586 2737/3503/2586 
f 2656/3415/2587 2734/3500/2587 2733/3499/2587 
f 2622/3380/2588 2621/3379/2588 2651/3410/2588 2733/3499/2588 
f 2733/3499/2589 2651/3410/2589 2650/3409/2589 2656/3415/2589 
f 2647/3406/2590 2646/3405/2590 2651/3410/2590 2621/3379/2590 
f 2649/3408/2591 2732/3496/2591 2731/3514/2591 2744/3515/2591 
f 2744/3515/2592 2731/3514/2592 2730/3516/2592 2745/3517/2592 
f 2730/3516/2593 2728/3518/2593 2746/3519/2593 2745/3517/2593 
f 2728/3518/2594 2729/3520/2594 2747/3521/2594 2746/3519/2594 
f 2729/3520/2595 2726/3522/2595 2643/3402/2595 2747/3521/2595 
f 2726/3522/2596 2727/3523/2596 2644/3403/2596 2643/3402/2596 
f 2724/3524/2597 2645/3404/2597 2644/3403/2597 2727/3523/2597 
f 2645/3404/2598 2724/3524/2598 2725/3525/2598 
f 2725/3525/2599 2723/3526/2599 2748/3527/2599 2645/3404/2599 
f 2748/3527/2600 2723/3526/2600 2720/3528/2600 2749/3529/2600 
f 2749/3529/2601 2720/3528/2601 2722/3530/2601 2662/3421/2601 
f 2750/3531/2602 2663/3422/2602 2662/3421/2602 2722/3530/2602 
f 2750/3531/2603 2719/3532/2603 2638/3396/2603 2663/3422/2603 
f 2744/3515/2604 2745/3517/2604 2652/3411/2604 
f 2744/3515/2605 2652/3411/2605 2646/3405/2605 2649/3408/2605 
f 2652/3411/2606 2745/3517/2606 2746/3519/2606 2653/3412/2606 
f 2642/3401/2607 2751/3533/2607 2654/3413/2607 2653/3412/2607 
f 2657/3416/2608 2655/3414/2608 2654/3413/2608 2751/3533/2608 
f 2751/3533/2609 2748/3527/2609 2749/3529/2609 2657/3416/2609 
f 2751/3533/2610 2642/3401/2610 2645/3404/2610 2748/3527/2610 
f 2653/3412/2611 2746/3519/2611 2747/3521/2611 
f 2747/3521/2612 2643/3402/2612 2642/3401/2612 2653/3412/2612 
f 2662/3421/2613 2658/3417/2613 2657/3416/2613 2749/3529/2613 
f 2719/3532/2614 2664/3423/2614 2635/3393/2614 2638/3396/2614 
f 2640/3399/2615 2686/3448/2615 2685/3447/2615 2752/3534/2615 
f 2630/3388/2616 2629/3387/2616 2624/3382/2616 2623/3381/2616 
f 2743/3511/2617 2681/3443/2617 2628/3535/2617 2627/3512/2617 
f 2752/3534/2618 2753/3536/2618 2641/3400/2618 2640/3399/2618 
f 2670/3430/2619 2718/3480/2619 2754/3537/2619 2671/3431/2619 
f 2671/3431/2620 2754/3537/2620 2675/3437/2620 2672/3433/2620 
f 2674/3436/2621 2676/3438/2621 2668/3434/2621 2672/3433/2621 
f 2674/3436/2622 2673/3435/2622 2755/3538/2622 2677/3439/2622 
f 2629/3539/2623 2628/3535/2623 2681/3443/2623 2680/3442/2623 
f 2624/3540/2624 2629/3539/2624 2680/3442/2624 2684/3446/2624 
f 2619/3541/2625 2624/3540/2625 2684/3446/2625 2686/3448/2625 
f 2753/3536/2626 2689/3451/2626 2688/3450/2626 2641/3400/2626 
f 2732/3542/2627 2687/3449/2627 2688/3450/2627 2691/3453/2627 
f 2731/3495/2628 2732/3542/2628 2691/3453/2628 2693/3455/2628 
f 2728/3543/2629 2730/3494/2629 2697/3459/2629 2696/3458/2629 
f 2726/3489/2630 2729/3493/2630 2699/3461/2630 2698/3460/2630 
f 2703/3465/2631 2724/3487/2631 2727/3490/2631 2704/3466/2631 
f 2707/3469/2632 2723/3486/2632 2725/3488/2632 2708/3470/2632 
f 2711/3473/2633 2750/3544/2633 2722/3485/2633 2712/3474/2633 
f 2715/3477/2634 2719/3481/2634 2750/3544/2634 2711/3473/2634 
f 2664/3482/2635 2716/3478/2635 2670/3430/2635 2665/3429/2635 
f 2714/3476/2636 2717/3479/2636 2716/3478/2636 2715/3477/2636 
f 2721/3484/2637 2756/3545/2637 2713/3475/2637 2712/3474/2637 
f 2707/3469/2638 2706/3468/2638 2756/3545/2638 2721/3484/2638 
f 2703/3465/2639 2702/3464/2639 2709/3471/2639 2708/3470/2639 
f 2698/3460/2640 2701/3463/2640 2705/3467/2640 2704/3466/2640 
f 2696/3492/2641 2695/3546/2641 2700/3462/2641 2699/3461/2641 
f 2692/3454/2642 2694/3456/2642 2697/3459/2642 2693/3455/2642 
f 2677/3439/2643 2755/3538/2643 2757/3547/2643 2742/3509/2643 
f 2742/3509/2644 2757/3547/2644 2758/3548/2644 2743/3511/2644 
f 2620/3398/2645 2619/3541/2645 2686/3448/2645 2640/3399/2645 
f 2743/3511/2646 2758/3548/2646 2682/3444/2646 2681/3443/2646 
f 2633/3391/2647 2626/3384/2647 2634/3392/2647 
f 2626/3384/2648 2625/3383/2648 2736/3502/2648 2634/3392/2648 
f 2736/3502/2649 2738/3504/2649 2631/3389/2649 2634/3392/2649 
f 2759/3549/2650 2760/3550/2650 2761/3551/2650 2762/3552/2650 
f 2760/3550/2651 2763/3553/2651 2764/3554/2651 2761/3551/2651 
f 2763/3553/2652 2765/3555/2652 2766/3556/2652 2764/3554/2652 
f 2765/3555/2653 2767/3557/2653 2768/3558/2653 2766/3556/2653 
f 2767/3557/2654 2769/3559/2654 2770/3560/2654 2768/3558/2654 
f 2771/3561/2655 2772/3562/2655 2770/3560/2655 2769/3559/2655 
f 2773/3563/2656 2774/3564/2656 2772/3562/2656 2771/3561/2656 
f 2775/3565/2657 2776/3566/2657 2774/3564/2657 2773/3563/2657 
f 2777/3567/2658 2778/3568/2658 2776/3566/2658 2775/3565/2658 
f 2779/3569/2659 2780/3570/2659 2778/3568/2659 2777/3567/2659 
f 2781/3571/2660 2782/3572/2660 2780/3570/2660 2779/3569/2660 
f 2783/3573/2661 2784/3574/2661 2782/3572/2661 2781/3571/2661 
f 2785/3575/2662 2786/3576/2662 2784/3574/2662 2783/3573/2662 
f 2787/3577/2663 2788/3578/2663 2786/3576/2663 2785/3575/2663 
f 2789/3579/2664 2790/3580/2664 2788/3578/2664 2787/3577/2664 
f 2759/3549/2665 2762/3552/2665 2790/3580/2665 2789/3579/2665 
f 2762/3552/2666 2761/3551/2666 2791/3581/2666 
f 2761/3551/2667 2764/3554/2667 2791/3581/2667 
f 2764/3554/2668 2766/3556/2668 2791/3581/2668 
f 2766/3556/2669 2768/3558/2669 2791/3581/2669 
f 2768/3558/2670 2770/3560/2670 2791/3581/2670 
f 2770/3560/2671 2772/3562/2671 2791/3581/2671 
f 2772/3562/2672 2774/3564/2672 2791/3581/2672 
f 2774/3564/2673 2776/3566/2673 2791/3581/2673 
f 2776/3566/2674 2778/3568/2674 2791/3581/2674 
f 2778/3568/2675 2780/3570/2675 2791/3581/2675 
f 2780/3570/2676 2782/3572/2676 2791/3581/2676 
f 2782/3572/2677 2784/3574/2677 2791/3581/2677 
f 2784/3574/2678 2786/3576/2678 2791/3581/2678 
f 2786/3576/2679 2788/3578/2679 2791/3581/2679 
f 2788/3578/2680 2790/3580/2680 2791/3581/2680 
f 2790/3580/2681 2762/3552/2681 2791/3581/2681 
f 2792/3582/2682 2793/3583/2682 2794/3584/2682 2795/3585/2682 
f 2795/3585/2683 2796/3586/2683 2797/3587/2683 2792/3582/2683 
f 2796/3586/2684 2798/3588/2684 2799/3589/2684 2797/3587/2684 
f 2798/3588/2685 2800/3590/2685 2801/3591/2685 2799/3589/2685 
f 2800/3590/2686 2802/3592/2686 2803/3593/2686 2801/3591/2686 
f 2802/3592/2687 2804/3594/2687 2805/3595/2687 2803/3593/2687 
f 2804/3594/2688 2806/3596/2688 2807/3597/2688 2805/3595/2688 
f 2806/3596/2689 2808/3598/2689 2809/3599/2689 2807/3597/2689 
f 2809/3599/2690 2808/3598/2690 2810/3600/2690 2811/3601/2690 
f 2811/3601/2691 2810/3600/2691 2812/3602/2691 2813/3603/2691 
f 2813/3603/2692 2812/3602/2692 2814/3604/2692 2815/3605/2692 
f 2815/3605/2693 2814/3604/2693 2816/3606/2693 2817/3607/2693 
f 2817/3607/2694 2816/3606/2694 2818/3608/2694 2819/3609/2694 
f 2819/3609/2695 2818/3608/2695 2820/3610/2695 2821/3611/2695 
f 2820/3610/2696 2822/3612/2696 2823/3613/2696 2821/3611/2696 
f 2822/3612/2697 2794/3584/2697 2793/3583/2697 2823/3613/2697 
f 2824/3614/2698 2825/3615/2698 2796/3616/2698 2795/3617/2698 
f 2825/3615/1865 2826/3618/1865 2798/3619/1865 2796/3616/1865 
f 2826/3618/2699 2827/3620/2699 2800/3621/2699 2798/3619/2699 
f 2827/3622/2700 2828/3623/2700 2802/3624/2700 2800/3625/2700 
f 2828/3623/2701 2829/3626/2701 2804/3627/2701 2802/3624/2701 
f 2829/3626/2702 2830/3628/2702 2806/3629/2702 2804/3627/2702 
f 2831/3630/2703 2808/3631/2703 2806/3629/2703 2830/3628/2703 
f 2832/3632/2704 2810/3633/2704 2808/3631/2704 2831/3630/2704 
f 2833/3634/2705 2812/3635/2705 2810/3633/2705 2832/3632/2705 
f 2834/3636/2706 2814/3637/2706 2812/3635/2706 2833/3634/2706 
f 2835/3638/2707 2816/3639/2707 2814/3637/2707 2834/3636/2707 
f 2836/3640/2708 2818/3641/2708 2816/3639/2708 2835/3638/2708 
f 2837/3642/2709 2820/3643/2709 2818/3641/2709 2836/3640/2709 
f 2838/3644/2710 2822/3645/2710 2820/3643/2710 2837/3642/2710 
f 2839/3646/2711 2794/3647/2711 2822/3645/2711 2838/3644/2711 
f 2839/3646/2712 2824/3614/2712 2795/3617/2712 2794/3647/2712 
f 2792/3582/2713 2797/3587/2713 2760/3550/2713 2759/3549/2713 
f 2797/3587/2714 2799/3589/2714 2763/3553/2714 2760/3550/2714 
f 2799/3589/2715 2801/3591/2715 2765/3555/2715 2763/3553/2715 
f 2801/3591/2716 2803/3593/2716 2767/3557/2716 2765/3555/2716 
f 2803/3593/2717 2805/3595/2717 2769/3559/2717 2767/3557/2717 
f 2805/3595/2718 2807/3597/2718 2771/3561/2718 2769/3559/2718 
f 2809/3599/2719 2773/3563/2719 2771/3561/2719 2807/3597/2719 
f 2811/3601/2720 2775/3565/2720 2773/3563/2720 2809/3599/2720 
f 2813/3603/2721 2777/3567/2721 2775/3565/2721 2811/3601/2721 
f 2815/3605/2722 2779/3569/2722 2777/3567/2722 2813/3603/2722 
f 2817/3607/2723 2781/3571/2723 2779/3569/2723 2815/3605/2723 
f 2819/3609/2724 2783/3573/2724 2781/3571/2724 2817/3607/2724 
f 2821/3611/2725 2785/3575/2725 2783/3573/2725 2819/3609/2725 
f 2823/3613/2726 2787/3577/2726 2785/3575/2726 2821/3611/2726 
f 2793/3583/2727 2789/3579/2727 2787/3577/2727 2823/3613/2727 
f 2793/3583/2728 2792/3582/2728 2759/3549/2728 2789/3579/2728 
f 2840/3648/2729 2841/3649/2729 2842/3650/2729 2843/3651/2729 
f 2844/3652/2730 2845/3653/2730 2841/3649/2730 2840/3648/2730 
f 2846/3654/2731 2847/3655/2731 2845/3653/2731 2844/3652/2731 
f 2848/3656/2732 2849/3657/2732 2847/3655/2732 2846/3654/2732 
f 2848/3656/2733 2850/3658/2733 2851/3659/2733 2849/3657/2733 
f 2850/3658/2734 2852/3660/2734 2853/3661/2734 2851/3659/2734 
f 2852/3660/2735 2854/3662/2735 2855/3663/2735 2853/3661/2735 
f 2854/3662/2736 2856/3664/2736 2857/3665/2736 2855/3663/2736 
f 2856/3664/2737 2858/3666/2737 2859/3667/2737 2857/3665/2737 
f 2858/3666/2738 2860/3668/2738 2861/3669/2738 2859/3667/2738 
f 2862/3670/2739 2863/3671/2739 2861/3669/2739 2860/3668/2739 
f 2864/3672/2740 2865/3673/2740 2863/3671/2740 2862/3670/2740 
f 2866/3674/2741 2867/3675/2741 2865/3673/2741 2864/3672/2741 
f 2868/3676/2742 2869/3677/2742 2867/3675/2742 2866/3674/2742 
f 2870/3678/2743 2871/3679/2743 2869/3677/2743 2868/3676/2743 
f 2843/3651/2744 2842/3650/2744 2871/3679/2744 2870/3678/2744 
f 2842/3650/2745 2841/3649/2745 2872/3680/2745 
f 2841/3649/203 2845/3653/203 2872/3680/203 
f 2845/3653/205 2847/3655/205 2872/3680/205 
f 2847/3655/203 2849/3657/203 2872/3680/203 
f 2849/3657/205 2851/3659/205 2872/3680/205 
f 2851/3659/2746 2853/3661/2746 2872/3680/2746 
f 2853/3661/2747 2855/3663/2747 2872/3680/2747 
f 2855/3663/2748 2857/3665/2748 2872/3680/2748 
f 2857/3665/2749 2859/3667/2749 2872/3680/2749 
f 2859/3667/2750 2861/3669/2750 2872/3680/2750 
f 2861/3669/2751 2863/3671/2751 2872/3680/2751 
f 2863/3671/2752 2865/3673/2752 2872/3680/2752 
f 2865/3673/2753 2867/3675/2753 2872/3680/2753 
f 2867/3675/2754 2869/3677/2754 2872/3680/2754 
f 2869/3677/2755 2871/3679/2755 2872/3680/2755 
f 2871/3679/2756 2842/3650/2756 2872/3680/2756 
f 2873/3681/2757 2874/3682/2757 2875/3683/2757 2876/3684/2757 
f 2874/3682/2758 2873/3681/2758 2877/3685/2758 2878/3686/2758 
f 2878/3686/2759 2877/3685/2759 2879/3687/2759 2880/3688/2759 
f 2879/3687/2760 2881/3689/2760 2882/3690/2760 2880/3688/2760 
f 2881/3689/2761 2883/3691/2761 2884/3692/2761 2882/3690/2761 
f 2883/3691/2762 2885/3693/2762 2886/3694/2762 2884/3692/2762 
f 2885/3693/2763 2887/3695/2763 2888/3696/2763 2886/3694/2763 
f 2887/3695/2764 2889/3697/2764 2890/3698/2764 2888/3696/2764 
f 2889/3697/2765 2891/3699/2765 2892/3700/2765 2890/3698/2765 
f 2891/3699/2766 2893/3701/2766 2894/3702/2766 2892/3700/2766 
f 2893/3701/2767 2895/3703/2767 2896/3704/2767 2894/3702/2767 
f 2895/3703/2768 2897/3705/2768 2898/3706/2768 2896/3704/2768 
f 2897/3705/2769 2899/3707/2769 2900/3708/2769 2898/3706/2769 
f 2900/3708/2770 2899/3707/2770 2901/3709/2770 2902/3710/2770 
f 2902/3710/2771 2901/3709/2771 2903/3711/2771 2904/3712/2771 
f 2904/3712/2772 2903/3711/2772 2876/3684/2772 2875/3683/2772 
f 2905/3713/2698 2877/3714/2698 2873/3715/2698 2906/3716/2698 
f 2907/3717/2773 2879/3718/2773 2877/3714/2773 2905/3713/2773 
f 2908/3719/2774 2881/3720/2774 2879/3718/2774 2907/3717/2774 
f 2908/3719/2700 2909/3721/2700 2883/3722/2700 2881/3720/2700 
f 2909/3721/2775 2910/3723/2775 2885/3724/2775 2883/3722/2775 
f 2910/3723/2776 2911/3725/2776 2887/3726/2776 2885/3724/2776 
f 2911/3725/2703 2912/3727/2703 2889/3728/2703 2887/3726/2703 
f 2912/3727/2704 2913/3729/2704 2891/3730/2704 2889/3728/2704 
f 2913/3729/2705 2914/3731/2705 2893/3732/2705 2891/3730/2705 
f 2914/3733/2777 2915/3734/2777 2895/3735/2777 2893/3736/2777 
f 2915/3734/2778 2916/3737/2778 2897/3738/2778 2895/3735/2778 
f 2917/3739/2779 2899/3740/2779 2897/3738/2779 2916/3737/2779 
f 2918/3741/2709 2901/3742/2709 2899/3740/2709 2917/3739/2709 
f 2919/3743/1635 2903/3744/1635 2901/3742/1635 2918/3741/1635 
f 2920/3745/2711 2876/3746/2711 2903/3744/2711 2919/3743/2711 
f 2906/3716/2712 2873/3715/2712 2876/3746/2712 2920/3745/2712 
f 2878/3686/2780 2840/3648/2780 2843/3651/2780 2874/3682/2780 
f 2880/3688/2781 2844/3652/2781 2840/3648/2781 2878/3686/2781 
f 2882/3690/2782 2846/3654/2782 2844/3652/2782 2880/3688/2782 
f 2884/3692/2783 2848/3656/2783 2846/3654/2783 2882/3690/2783 
f 2884/3692/2784 2886/3694/2784 2850/3658/2784 2848/3656/2784 
f 2886/3694/2785 2888/3696/2785 2852/3660/2785 2850/3658/2785 
f 2888/3696/2786 2890/3698/2786 2854/3662/2786 2852/3660/2786 
f 2890/3698/2787 2892/3700/2787 2856/3664/2787 2854/3662/2787 
f 2892/3700/2788 2894/3702/2788 2858/3666/2788 2856/3664/2788 
f 2894/3702/2789 2896/3704/2789 2860/3668/2789 2858/3666/2789 
f 2896/3704/2790 2898/3706/2790 2862/3670/2790 2860/3668/2790 
f 2900/3708/2791 2864/3672/2791 2862/3670/2791 2898/3706/2791 
f 2902/3710/2792 2866/3674/2792 2864/3672/2792 2900/3708/2792 
f 2904/3712/2793 2868/3676/2793 2866/3674/2793 2902/3710/2793 
f 2875/3683/2794 2870/3678/2794 2868/3676/2794 2904/3712/2794 
f 2874/3682/2795 2843/3651/2795 2870/3678/2795 2875/3683/2795 
# 2632 polygons - 332 triangles

